<?xml version="1.0" encoding="utf-8"?>
<COLLADA xmlns="http://www.collada.org/2005/11/COLLADASchema" version="1.4.1">
  <asset>
    <contributor>
      <author>Mixamo</author>
      <authoring_tool>COLLADA Mixamo exporter</authoring_tool>
      <comments/>
    </contributor>
    <created>2024-09-26T05:32:45Z</created>
    <modified>2024-09-26T05:32:45Z</modified>
    <revision/>
    <title/>
    <unit meter="0.010000"/>
    <up_axis>Y_UP</up_axis>
  </asset>
  <library_animations>
    <animation id="mixamorig12_Hips-anim" name="mixamorig12_Hips">
      <source id="mixamorig12_Hips-Matrix-animation-input">
        <float_array id="mixamorig12_Hips-Matrix-animation-input-array" count="32">

0.000000 0.033333 0.066667 0.100000 0.133333 0.166667 0.200000 0.233333 0.266667 0.300000 0.333333 0.366667 0.400000 0.433333 0.466667 0.500000
0.533333 0.566667 0.600000 0.633333 0.666667 0.700000 0.733333 0.766667 0.800000 0.833333 0.866667 0.900000 0.933333 0.966667 1.000000 1.033333</float_array>
        <technique_common>
          <accessor source="#mixamorig12_Hips-Matrix-animation-input-array" count="32">
            <param name="TIME" type="float"/>
          </accessor>
        </technique_common>
      </source>
      <source id="mixamorig12_Hips-Matrix-animation-output-transform">
        <float_array id="mixamorig12_Hips-Matrix-animation-output-transform-array" count="512">

0.998602 0.024613 0.046770 -0.125531 -0.023805 0.999559 -0.017751 97.919441 -0.047187 0.016612 0.998748 0.364489 0.000000 0.000000 0.000000 1.000000
0.999408 0.024834 0.023830 -0.237078 -0.024413 0.999544 -0.017796 98.464912 -0.024261 0.017204 0.999558 0.046139 0.000000 0.000000 0.000000 1.000000
0.999564 0.029182 0.004480 -0.313211 -0.029109 0.999454 -0.015612 98.405449 -0.004933 0.015475 0.999868 -0.327825 0.000000 0.000000 0.000000 1.000000
0.999414 0.032952 -0.009316 -0.324941 -0.033063 0.999381 -0.012053 97.872383 0.008913 0.012354 0.999884 -0.461745 0.000000 0.000000 0.000000 1.000000
0.999240 0.033713 -0.019581 -0.325263 -0.033917 0.999373 -0.010167 96.981049 0.019226 0.010824 0.999757 -0.745978 0.000000 0.000000 0.000000 1.000000
0.998996 0.032582 -0.030759 -0.260673 -0.032947 0.999392 -0.011426 95.925339 0.030368 0.012428 0.999462 -1.073180 0.000000 0.000000 0.000000 1.000000
0.998523 0.031612 -0.044177 -0.103761 -0.032235 0.999389 -0.013473 94.830215 0.043724 0.014877 0.998933 -1.282422 0.000000 0.000000 0.000000 1.000000
0.997876 0.031005 -0.057294 0.159639 -0.031811 0.999407 -0.013208 93.591919 0.056851 0.015003 0.998270 -1.091260 0.000000 0.000000 0.000000 1.000000
0.997341 0.028487 -0.067081 0.637694 -0.029374 0.999493 -0.012272 92.233543 0.066697 0.014210 0.997672 -0.323149 0.000000 0.000000 0.000000 1.000000
0.997208 0.021183 -0.071611 1.121371 -0.022375 0.999623 -0.015883 91.469383 0.071248 0.017441 0.997306 0.600478 0.000000 0.000000 0.000000 1.000000
0.997498 0.010788 -0.069865 1.642493 -0.012486 0.999636 -0.023921 91.269936 0.069582 0.024733 0.997270 1.237000 0.000000 0.000000 0.000000 1.000000
0.998055 0.001652 -0.062326 2.117667 -0.003459 0.999576 -0.028897 91.547821 0.062251 0.029057 0.997637 1.392782 0.000000 0.000000 0.000000 1.000000
0.998550 -0.001769 -0.053800 2.611373 0.000356 0.999655 -0.026264 92.752220 0.053828 0.026206 0.998206 1.402588 0.000000 0.000000 0.000000 1.000000
0.998921 0.001691 -0.046417 3.023017 -0.002608 0.999802 -0.019703 94.548790 0.046374 0.019802 0.998728 1.309590 0.000000 0.000000 0.000000 1.000000
0.999352 0.010218 -0.034521 3.281343 -0.010740 0.999830 -0.014970 96.250206 0.034362 0.015332 0.999292 1.023946 0.000000 0.000000 0.000000 1.000000
0.999743 0.019732 -0.011123 3.493480 -0.019900 0.999687 -0.015189 97.723785 0.010820 0.015406 0.999823 0.865719 0.000000 0.000000 0.000000 1.000000
0.999501 0.023094 0.021533 3.634198 -0.022658 0.999537 -0.020291 98.571899 -0.021992 0.019793 0.999562 0.357013 0.000000 0.000000 0.000000 1.000000
0.998443 0.017090 0.053106 3.700965 -0.015673 0.999513 -0.026990 98.674507 -0.053541 0.026116 0.998224 -0.240105 0.000000 0.000000 0.000000 1.000000
0.997148 0.005400 0.075273 3.729544 -0.003041 0.999502 -0.031416 98.101601 -0.075405 0.031098 0.996668 -0.599765 0.000000 0.000000 0.000000 1.000000
0.996102 -0.006152 0.087996 3.769064 0.009048 0.999429 -0.032545 97.001366 -0.087746 0.033214 0.995589 -0.862627 0.000000 0.000000 0.000000 1.000000
0.995115 -0.015007 0.097578 3.759589 0.018227 0.999315 -0.032192 95.726372 -0.097028 0.033813 0.994707 -1.055409 0.000000 0.000000 0.000000 1.000000
0.993744 -0.020888 0.109714 3.700458 0.024591 0.999169 -0.032511 94.253807 -0.108944 0.035006 0.993431 -1.125383 0.000000 0.000000 0.000000 1.000000
0.991881 -0.023384 0.125004 3.534840 0.027889 0.999019 -0.034406 92.832443 -0.124077 0.037612 0.991560 -1.194755 0.000000 0.000000 0.000000 1.000000
0.990087 -0.020289 0.138981 3.129426 0.025837 0.998935 -0.038235 91.576660 -0.138057 0.041447 0.989557 -0.821876 0.000000 0.000000 0.000000 1.000000
0.989434 -0.009626 0.144667 2.612650 0.016269 0.998863 -0.044806 90.966988 -0.144071 0.046686 0.988465 -0.195590 0.000000 0.000000 0.000000 1.000000
0.990321 0.007032 0.138618 2.035541 0.000355 0.998584 -0.053193 90.932365 -0.138796 0.052727 0.988916 0.162031 0.000000 0.000000 0.000000 1.000000
0.991574 0.025593 0.126989 1.503547 -0.018293 0.998130 -0.058327 91.650604 -0.128245 0.055513 0.990188 0.363012 0.000000 0.000000 0.000000 1.000000
0.992235 0.038935 0.118122 0.867538 -0.032625 0.997959 -0.054892 92.834518 -0.120018 0.050612 0.991481 0.374053 0.000000 0.000000 0.000000 1.000000
0.992889 0.042505 0.111198 0.477158 -0.037858 0.998333 -0.043574 94.387810 -0.112864 0.039054 0.992843 0.342248 0.000000 0.000000 0.000000 1.000000
0.994387 0.037950 0.098765 0.216023 -0.035083 0.998915 -0.030611 95.888893 -0.099820 0.026974 0.994640 0.491618 0.000000 0.000000 0.000000 1.000000
0.996593 0.030421 0.076659 0.020210 -0.028848 0.999352 -0.021541 97.085945 -0.077265 0.019256 0.996825 0.591971 0.000000 0.000000 0.000000 1.000000
0.998602 0.024613 0.046770 -0.125530 -0.023805 0.999559 -0.017751 97.919441 -0.047187 0.016612 0.998748 0.364490 0.000000 0.000000 0.000000 1.000000</float_array>
        <technique_common>
          <accessor source="#mixamorig12_Hips-Matrix-animation-output-transform-array" count="32" stride="16">
            <param type="float4x4"/>
          </accessor>
        </technique_common>
      </source>
      <source id="mixamorig12_Hips-Interpolations">
        <Name_array id="mixamorig12_Hips-Interpolations-array" count="32">
 LINEAR LINEAR LINEAR LINEAR LINEAR LINEAR LINEAR LINEAR LINEAR LINEAR LINEAR
LINEAR LINEAR LINEAR LINEAR LINEAR LINEAR LINEAR LINEAR LINEAR LINEAR LINEAR LINEAR
LINEAR LINEAR LINEAR LINEAR LINEAR LINEAR LINEAR LINEAR LINEAR</Name_array>
        <technique_common>
          <accessor source="#mixamorig12_Hips-Interpolations-array" count="32">
            <param type="name"/>
          </accessor>
        </technique_common>
      </source>
      <sampler id="mixamorig12_Hips-Matrix-animation-transform">
        <input semantic="INPUT" source="#mixamorig12_Hips-Matrix-animation-input"/>
        <input semantic="OUTPUT" source="#mixamorig12_Hips-Matrix-animation-output-transform"/>
        <input semantic="INTERPOLATION" source="#mixamorig12_Hips-Interpolations"/>
      </sampler>
      <channel source="#mixamorig12_Hips-Matrix-animation-transform" target="mixamorig12_Hips/matrix"/>
    </animation>
    <animation id="mixamorig12_Spine-anim" name="mixamorig12_Spine">
      <source id="mixamorig12_Spine-Matrix-animation-input">
        <float_array id="mixamorig12_Spine-Matrix-animation-input-array" count="32">

0.000000 0.033333 0.066667 0.100000 0.133333 0.166667 0.200000 0.233333 0.266667 0.300000 0.333333 0.366667 0.400000 0.433333 0.466667 0.500000
0.533333 0.566667 0.600000 0.633333 0.666667 0.700000 0.733333 0.766667 0.800000 0.833333 0.866667 0.900000 0.933333 0.966667 1.000000 1.033333</float_array>
        <technique_common>
          <accessor source="#mixamorig12_Spine-Matrix-animation-input-array" count="32">
            <param name="TIME" type="float"/>
          </accessor>
        </technique_common>
      </source>
      <source id="mixamorig12_Spine-Matrix-animation-output-transform">
        <float_array id="mixamorig12_Spine-Matrix-animation-output-transform-array" count="512">

0.999977 -0.003105 0.006026 0.000000 0.002449 0.994373 0.105909 10.052400 -0.006321 -0.105891 0.994358 -1.105100 0.000000 0.000000 0.000000 1.000000
0.999932 -0.000867 0.011630 0.000000 -0.000366 0.994413 0.105560 10.052400 -0.011657 -0.105557 0.994345 -1.105100 0.000000 0.000000 0.000000 1.000000
0.999866 -0.000170 0.016341 -0.000000 -0.001524 0.994614 0.103635 10.052400 -0.016271 -0.103646 0.994481 -1.105100 0.000000 0.000000 0.000000 1.000000
0.999802 -0.000407 0.019899 0.000000 -0.001639 0.994712 0.102690 10.052400 -0.019835 -0.102702 0.994514 -1.105100 0.000000 0.000000 0.000000 1.000000
0.999736 -0.000031 0.022959 -0.000000 -0.002297 0.994846 0.101370 10.052400 -0.022844 -0.101396 0.994584 -1.105100 0.000000 0.000000 0.000000 1.000000
0.999650 0.001087 0.026437 0.000000 -0.003755 0.994869 0.101104 10.052400 -0.026191 -0.101168 0.994525 -1.105100 0.000000 0.000000 0.000000 1.000000
0.999531 0.002850 0.030482 0.000000 -0.005925 0.994841 0.101275 10.052400 -0.030037 -0.101409 0.994391 -1.105100 0.000000 0.000000 0.000000 1.000000
0.999393 0.004668 0.034512 0.000000 -0.008157 0.994786 0.101653 10.052400 -0.033858 -0.101873 0.994221 -1.105100 0.000000 0.000000 0.000000 1.000000
0.999269 0.006406 0.037702 0.000000 -0.010251 0.994659 0.102708 10.052400 -0.036842 -0.103019 0.993997 -1.105100 0.000000 0.000000 0.000000 1.000000
0.999198 0.008931 0.039044 -0.000000 -0.013046 0.994232 0.106456 10.052400 -0.037868 -0.106880 0.993551 -1.105100 0.000000 0.000000 0.000000 1.000000
0.999196 0.012380 0.038139 0.000000 -0.016572 0.993611 0.111640 10.052400 -0.036514 -0.112182 0.993017 -1.105100 0.000000 0.000000 0.000000 1.000000
0.999279 0.015209 0.034792 0.000000 -0.019076 0.993336 0.113664 10.052400 -0.032832 -0.114246 0.992910 -1.105100 0.000000 0.000000 0.000000 1.000000
0.999428 0.015235 0.030179 0.000000 -0.018530 0.993524 0.112102 10.052400 -0.028276 -0.112597 0.993238 -1.105100 0.000000 0.000000 0.000000 1.000000
0.999587 0.014109 0.025032 0.000000 -0.016775 0.993824 0.109694 10.052400 -0.023330 -0.110068 0.993650 -1.105100 0.000000 0.000000 0.000000 1.000000
0.999760 0.011640 0.018559 0.000000 -0.013576 0.994073 0.107859 10.052400 -0.017193 -0.108085 0.993993 -1.105100 0.000000 0.000000 0.000000 1.000000
0.999917 0.008032 0.010073 0.000000 -0.009068 0.994174 0.107407 10.052400 -0.009151 -0.107490 0.994164 -1.105100 0.000000 0.000000 0.000000 1.000000
0.999983 0.005751 0.000861 0.000000 -0.005810 0.994276 0.106688 10.052400 -0.000243 -0.106691 0.994292 -1.105100 0.000000 0.000000 0.000000 1.000000
0.999962 0.005476 -0.006825 -0.000000 -0.004722 0.994357 0.105983 10.052400 0.007367 -0.105947 0.994344 -1.105100 0.000000 0.000000 0.000000 1.000000
0.999911 0.006205 -0.011810 -0.000000 -0.004927 0.994422 0.105363 10.052400 0.012398 -0.105296 0.994364 -1.105100 0.000000 0.000000 0.000000 1.000000
0.999874 0.005846 -0.014738 -0.000000 -0.004286 0.994594 0.103748 10.052400 0.015264 -0.103672 0.994494 -1.105100 0.000000 0.000000 0.000000 1.000000
0.999837 0.005817 -0.017072 0.000000 -0.004043 0.994761 0.102148 10.052400 0.017577 -0.102062 0.994623 -1.105100 0.000000 0.000000 0.000000 1.000000
0.999785 0.004977 -0.020105 -0.000000 -0.002916 0.994854 0.101276 10.052400 0.020505 -0.101196 0.994655 -1.105100 0.000000 0.000000 0.000000 1.000000
0.999710 0.003278 -0.023869 -0.000000 -0.000847 0.994874 0.101122 10.052400 0.024078 -0.101073 0.994588 -1.105100 0.000000 0.000000 0.000000 1.000000
0.999629 0.001422 -0.027201 0.000000 0.001392 0.994663 0.103163 10.052400 0.027203 -0.103163 0.994292 -1.105100 0.000000 0.000000 0.000000 1.000000
0.999596 -0.001242 -0.028392 0.000000 0.004297 0.994164 0.107795 10.052400 0.028093 -0.107873 0.993768 -1.105100 0.000000 0.000000 0.000000 1.000000
0.999650 -0.003786 -0.026189 0.000000 0.006713 0.993618 0.112597 10.052400 0.025596 -0.112733 0.993296 -1.105100 0.000000 0.000000 0.000000 1.000000
0.999720 -0.007845 -0.022347 0.000000 0.010364 0.993318 0.114941 10.052400 0.021295 -0.115141 0.993121 -1.105100 0.000000 0.000000 0.000000 1.000000
0.999774 -0.010322 -0.018579 0.000000 0.012370 0.993433 0.113747 10.052400 0.017283 -0.113951 0.993336 -1.105100 0.000000 0.000000 0.000000 1.000000
0.999830 -0.011122 -0.014724 0.000000 0.012684 0.993777 0.110664 10.052400 0.013402 -0.110832 0.993749 -1.105100 0.000000 0.000000 0.000000 1.000000
0.999913 -0.009352 -0.009322 0.000000 0.010306 0.994084 0.108122 10.052400 0.008255 -0.108209 0.994094 -1.105100 0.000000 0.000000 0.000000 1.000000
0.999980 -0.006038 -0.002041 0.000000 0.006222 0.994229 0.107102 10.052400 0.001383 -0.107113 0.994246 -1.105100 0.000000 0.000000 0.000000 1.000000
0.999977 -0.003105 0.006026 0.000000 0.002449 0.994373 0.105909 10.052400 -0.006321 -0.105891 0.994358 -1.105100 0.000000 0.000000 0.000000 1.000000</float_array>
        <technique_common>
          <accessor source="#mixamorig12_Spine-Matrix-animation-output-transform-array" count="32" stride="16">
            <param type="float4x4"/>
          </accessor>
        </technique_common>
      </source>
      <source id="mixamorig12_Spine-Interpolations">
        <Name_array id="mixamorig12_Spine-Interpolations-array" count="32">
 LINEAR LINEAR LINEAR LINEAR LINEAR LINEAR LINEAR LINEAR LINEAR LINEAR LINEAR
LINEAR LINEAR LINEAR LINEAR LINEAR LINEAR LINEAR LINEAR LINEAR LINEAR LINEAR LINEAR
LINEAR LINEAR LINEAR LINEAR LINEAR LINEAR LINEAR LINEAR LINEAR</Name_array>
        <technique_common>
          <accessor source="#mixamorig12_Spine-Interpolations-array" count="32">
            <param type="name"/>
          </accessor>
        </technique_common>
      </source>
      <sampler id="mixamorig12_Spine-Matrix-animation-transform">
        <input semantic="INPUT" source="#mixamorig12_Spine-Matrix-animation-input"/>
        <input semantic="OUTPUT" source="#mixamorig12_Spine-Matrix-animation-output-transform"/>
        <input semantic="INTERPOLATION" source="#mixamorig12_Spine-Interpolations"/>
      </sampler>
      <channel source="#mixamorig12_Spine-Matrix-animation-transform" target="mixamorig12_Spine/matrix"/>
    </animation>
    <animation id="mixamorig12_Spine1-anim" name="mixamorig12_Spine1">
      <source id="mixamorig12_Spine1-Matrix-animation-input">
        <float_array id="mixamorig12_Spine1-Matrix-animation-input-array" count="32">

0.000000 0.033333 0.066667 0.100000 0.133333 0.166667 0.200000 0.233333 0.266667 0.300000 0.333333 0.366667 0.400000 0.433333 0.466667 0.500000
0.533333 0.566667 0.600000 0.633333 0.666667 0.700000 0.733333 0.766667 0.800000 0.833333 0.866667 0.900000 0.933333 0.966667 1.000000 1.033333</float_array>
        <technique_common>
          <accessor source="#mixamorig12_Spine1-Matrix-animation-input-array" count="32">
            <param name="TIME" type="float"/>
          </accessor>
        </technique_common>
      </source>
      <source id="mixamorig12_Spine1-Matrix-animation-output-transform">
        <float_array id="mixamorig12_Spine1-Matrix-animation-output-transform-array" count="512">

0.999889 -0.009941 0.011065 0.000000 0.010016 0.999927 -0.006716 11.798400 -0.010997 0.006826 0.999916 -0.000000 0.000000 0.000000 0.000000 1.000000
0.999723 -0.005148 0.022952 -0.000000 0.005319 0.999959 -0.007387 11.798400 -0.022913 0.007507 0.999709 0.000000 0.000000 0.000000 0.000000 1.000000
0.999450 -0.002866 0.033041 0.000000 0.003239 0.999932 -0.011246 11.798400 -0.033007 0.011346 0.999391 0.000000 0.000000 0.000000 0.000000 1.000000
0.999167 -0.002054 0.040764 0.000000 0.002592 0.999910 -0.013150 11.798400 -0.040733 0.013245 0.999082 0.000000 0.000000 0.000000 0.000000 1.000000
0.998865 0.000081 0.047632 -0.000000 0.000674 0.999874 -0.015837 11.798400 -0.047627 0.015851 0.998739 0.000000 0.000000 0.000000 0.000000 1.000000
0.998454 0.003267 0.055488 0.000000 -0.002359 0.999862 -0.016419 11.798400 -0.055534 0.016263 0.998324 0.000000 0.000000 0.000000 0.000000 1.000000
0.997879 0.006665 0.064757 -0.000000 -0.005633 0.999854 -0.016107 11.798400 -0.064855 0.015708 0.997771 0.000000 0.000000 0.000000 0.000000 1.000000
0.997228 0.009370 0.073812 -0.000000 -0.008259 0.999848 -0.015347 11.798400 -0.073945 0.014695 0.997154 -0.000000 0.000000 0.000000 0.000000 1.000000
0.996679 0.011797 0.080570 0.000000 -0.010766 0.999855 -0.013223 11.798400 -0.080715 0.012312 0.996661 -0.000000 0.000000 0.000000 0.000000 1.000000
0.996396 0.015148 0.083454 0.000000 -0.014724 0.999875 -0.005698 11.798400 -0.083530 0.004449 0.996495 -0.000000 0.000000 0.000000 0.000000 1.000000
0.996446 0.021406 0.081471 -0.000000 -0.021853 0.999751 0.004599 11.798400 -0.081352 -0.006363 0.996665 0.000000 0.000000 0.000000 0.000000 1.000000
0.996911 0.026347 0.073984 0.000000 -0.027057 0.999597 0.008604 11.798400 -0.073728 -0.010580 0.997222 -0.000000 0.000000 0.000000 0.000000 1.000000
0.997703 0.025567 0.062726 0.000000 -0.025965 0.999648 0.005532 11.798400 -0.062562 -0.007148 0.998015 -0.000000 0.000000 0.000000 0.000000 1.000000
0.998475 0.022552 0.050380 0.000000 -0.022620 0.999744 0.000775 11.798400 -0.050350 -0.001913 0.998730 0.000000 0.000000 0.000000 0.000000 1.000000
0.999203 0.016739 0.036243 0.000000 -0.016647 0.999857 -0.002832 11.798400 -0.036285 0.002226 0.999339 -0.000000 0.000000 0.000000 0.000000 1.000000
0.999763 0.010297 0.019168 0.000000 -0.010227 0.999941 -0.003731 11.798400 -0.019205 0.003534 0.999809 0.000000 0.000000 0.000000 0.000000 1.000000
0.999973 0.007313 0.001044 -0.000000 -0.007307 0.999960 -0.005199 11.798400 -0.001082 0.005191 0.999986 0.000000 0.000000 0.000000 0.000000 1.000000
0.999868 0.008134 -0.014072 0.000000 -0.008227 0.999944 -0.006607 11.798400 0.014018 0.006722 0.999879 0.000000 0.000000 0.000000 0.000000 1.000000
0.999659 0.010489 -0.023915 0.000000 -0.010679 0.999912 -0.007814 11.798400 0.023831 0.008066 0.999683 0.000000 0.000000 0.000000 0.000000 1.000000
0.999496 0.009799 -0.030189 0.000000 -0.010136 0.999888 -0.011045 11.798400 0.030078 0.011345 0.999483 0.000000 0.000000 0.000000 0.000000 1.000000
0.999319 0.008600 -0.035895 0.000000 -0.009117 0.999857 -0.014270 11.798400 0.035767 0.014587 0.999254 -0.000000 0.000000 0.000000 0.000000 1.000000
0.999040 0.006118 -0.043378 0.000000 -0.006819 0.999848 -0.016041 11.798400 0.043274 0.016321 0.998930 0.000000 0.000000 0.000000 0.000000 1.000000
0.998636 0.002791 -0.052140 0.000000 -0.003650 0.999859 -0.016370 11.798400 0.052087 0.016538 0.998506 0.000000 0.000000 0.000000 0.000000 1.000000
0.998240 -0.000055 -0.059298 0.000000 -0.000674 0.999924 -0.012276 11.798400 0.059294 0.012295 0.998165 0.000000 0.000000 0.000000 0.000000 1.000000
0.998082 -0.004337 -0.061747 0.000000 0.004159 0.999987 -0.003008 11.798400 0.061759 0.002745 0.998087 0.000000 0.000000 0.000000 0.000000 1.000000
0.998264 -0.010087 -0.058035 0.000000 0.010484 0.999924 0.006537 11.798400 0.057965 -0.007134 0.998293 0.000000 0.000000 0.000000 0.000000 1.000000
0.998541 -0.018844 -0.050607 0.000000 0.019431 0.999749 0.011137 11.798400 0.050384 -0.012104 0.998657 0.000000 0.000000 0.000000 0.000000 1.000000
0.998840 -0.023688 -0.041912 0.000000 0.024074 0.999672 0.008725 11.798400 0.041692 -0.009724 0.999083 0.000000 0.000000 0.000000 0.000000 1.000000
0.999166 -0.024648 -0.032549 0.000000 0.024745 0.999690 0.002581 11.798400 0.032475 -0.003384 0.999467 -0.000000 0.000000 0.000000 0.000000 1.000000
0.999563 -0.021110 -0.020670 -0.000000 0.021064 0.999775 -0.002442 11.798400 0.020717 0.002006 0.999783 -0.000000 0.000000 0.000000 0.000000 1.000000
0.999866 -0.015357 -0.005681 0.000000 0.015332 0.999873 -0.004398 11.798400 0.005748 0.004311 0.999974 -0.000000 0.000000 0.000000 0.000000 1.000000
0.999889 -0.009941 0.011065 0.000000 0.010016 0.999927 -0.006716 11.798400 -0.010997 0.006826 0.999916 -0.000000 0.000000 0.000000 0.000000 1.000000</float_array>
        <technique_common>
          <accessor source="#mixamorig12_Spine1-Matrix-animation-output-transform-array" count="32" stride="16">
            <param type="float4x4"/>
          </accessor>
        </technique_common>
      </source>
      <source id="mixamorig12_Spine1-Interpolations">
        <Name_array id="mixamorig12_Spine1-Interpolations-array" count="32">
 LINEAR LINEAR LINEAR LINEAR LINEAR LINEAR LINEAR LINEAR LINEAR LINEAR LINEAR
LINEAR LINEAR LINEAR LINEAR LINEAR LINEAR LINEAR LINEAR LINEAR LINEAR LINEAR LINEAR
LINEAR LINEAR LINEAR LINEAR LINEAR LINEAR LINEAR LINEAR LINEAR</Name_array>
        <technique_common>
          <accessor source="#mixamorig12_Spine1-Interpolations-array" count="32">
            <param type="name"/>
          </accessor>
        </technique_common>
      </source>
      <sampler id="mixamorig12_Spine1-Matrix-animation-transform">
        <input semantic="INPUT" source="#mixamorig12_Spine1-Matrix-animation-input"/>
        <input semantic="OUTPUT" source="#mixamorig12_Spine1-Matrix-animation-output-transform"/>
        <input semantic="INTERPOLATION" source="#mixamorig12_Spine1-Interpolations"/>
      </sampler>
      <channel source="#mixamorig12_Spine1-Matrix-animation-transform" target="mixamorig12_Spine1/matrix"/>
    </animation>
    <animation id="mixamorig12_Spine2-anim" name="mixamorig12_Spine2">
      <source id="mixamorig12_Spine2-Matrix-animation-input">
        <float_array id="mixamorig12_Spine2-Matrix-animation-input-array" count="32">

0.000000 0.033333 0.066667 0.100000 0.133333 0.166667 0.200000 0.233333 0.266667 0.300000 0.333333 0.366667 0.400000 0.433333 0.466667 0.500000
0.533333 0.566667 0.600000 0.633333 0.666667 0.700000 0.733333 0.766667 0.800000 0.833333 0.866667 0.900000 0.933333 0.966667 1.000000 1.033333</float_array>
        <technique_common>
          <accessor source="#mixamorig12_Spine2-Matrix-animation-input-array" count="32">
            <param name="TIME" type="float"/>
          </accessor>
        </technique_common>
      </source>
      <source id="mixamorig12_Spine2-Matrix-animation-output-transform">
        <float_array id="mixamorig12_Spine2-Matrix-animation-output-transform-array" count="512">

0.999889 -0.009941 0.011065 0.000000 0.010016 0.999927 -0.006716 13.483900 -0.010997 0.006826 0.999916 -0.000000 0.000000 0.000000 0.000000 1.000000
0.999723 -0.005148 0.022952 0.000000 0.005319 0.999959 -0.007387 13.483900 -0.022913 0.007507 0.999709 -0.000000 0.000000 0.000000 0.000000 1.000000
0.999450 -0.002866 0.033041 0.000000 0.003239 0.999932 -0.011246 13.483900 -0.033007 0.011346 0.999391 -0.000000 0.000000 0.000000 0.000000 1.000000
0.999167 -0.002054 0.040764 0.000000 0.002592 0.999910 -0.013150 13.483900 -0.040733 0.013245 0.999082 0.000000 0.000000 0.000000 0.000000 1.000000
0.998865 0.000081 0.047632 0.000000 0.000674 0.999874 -0.015837 13.483900 -0.047627 0.015851 0.998739 0.000000 0.000000 0.000000 0.000000 1.000000
0.998454 0.003267 0.055488 0.000000 -0.002359 0.999862 -0.016419 13.483900 -0.055534 0.016263 0.998324 0.000000 0.000000 0.000000 0.000000 1.000000
0.997879 0.006665 0.064757 0.000000 -0.005633 0.999854 -0.016107 13.483900 -0.064855 0.015708 0.997771 0.000000 0.000000 0.000000 0.000000 1.000000
0.997228 0.009370 0.073812 0.000000 -0.008259 0.999848 -0.015347 13.483900 -0.073945 0.014695 0.997154 0.000000 0.000000 0.000000 0.000000 1.000000
0.996679 0.011797 0.080570 0.000000 -0.010766 0.999855 -0.013223 13.483900 -0.080715 0.012312 0.996661 -0.000000 0.000000 0.000000 0.000000 1.000000
0.996396 0.015148 0.083454 0.000000 -0.014724 0.999875 -0.005698 13.483900 -0.083530 0.004449 0.996495 0.000000 0.000000 0.000000 0.000000 1.000000
0.996446 0.021406 0.081471 -0.000000 -0.021853 0.999751 0.004599 13.483900 -0.081352 -0.006363 0.996665 0.000000 0.000000 0.000000 0.000000 1.000000
0.996911 0.026347 0.073984 0.000000 -0.027057 0.999597 0.008604 13.483900 -0.073728 -0.010580 0.997222 0.000000 0.000000 0.000000 0.000000 1.000000
0.997703 0.025567 0.062726 0.000000 -0.025965 0.999648 0.005532 13.483900 -0.062562 -0.007148 0.998015 -0.000000 0.000000 0.000000 0.000000 1.000000
0.998475 0.022552 0.050380 -0.000000 -0.022620 0.999744 0.000775 13.483900 -0.050350 -0.001913 0.998730 0.000000 0.000000 0.000000 0.000000 1.000000
0.999203 0.016739 0.036243 0.000000 -0.016647 0.999857 -0.002832 13.483900 -0.036285 0.002226 0.999339 -0.000000 0.000000 0.000000 0.000000 1.000000
0.999763 0.010297 0.019168 -0.000000 -0.010227 0.999941 -0.003731 13.483900 -0.019205 0.003534 0.999809 0.000000 0.000000 0.000000 0.000000 1.000000
0.999973 0.007313 0.001044 -0.000000 -0.007307 0.999960 -0.005199 13.483900 -0.001082 0.005191 0.999986 0.000000 0.000000 0.000000 0.000000 1.000000
0.999868 0.008134 -0.014072 0.000000 -0.008227 0.999944 -0.006607 13.483900 0.014018 0.006722 0.999879 -0.000000 0.000000 0.000000 0.000000 1.000000
0.999659 0.010489 -0.023915 0.000000 -0.010679 0.999912 -0.007814 13.483900 0.023831 0.008066 0.999683 0.000000 0.000000 0.000000 0.000000 1.000000
0.999496 0.009799 -0.030189 0.000000 -0.010136 0.999888 -0.011045 13.483900 0.030078 0.011345 0.999483 -0.000000 0.000000 0.000000 0.000000 1.000000
0.999319 0.008600 -0.035895 0.000000 -0.009117 0.999857 -0.014270 13.483900 0.035767 0.014587 0.999254 -0.000000 0.000000 0.000000 0.000000 1.000000
0.999040 0.006118 -0.043378 -0.000000 -0.006819 0.999848 -0.016041 13.483900 0.043274 0.016321 0.998930 -0.000000 0.000000 0.000000 0.000000 1.000000
0.998636 0.002791 -0.052140 -0.000000 -0.003650 0.999859 -0.016370 13.483900 0.052087 0.016538 0.998506 0.000000 0.000000 0.000000 0.000000 1.000000
0.998240 -0.000055 -0.059298 0.000000 -0.000674 0.999924 -0.012276 13.483900 0.059294 0.012295 0.998165 0.000000 0.000000 0.000000 0.000000 1.000000
0.998082 -0.004337 -0.061747 0.000000 0.004159 0.999987 -0.003008 13.483900 0.061759 0.002745 0.998087 0.000000 0.000000 0.000000 0.000000 1.000000
0.998264 -0.010087 -0.058035 0.000000 0.010484 0.999924 0.006537 13.483900 0.057965 -0.007134 0.998293 0.000000 0.000000 0.000000 0.000000 1.000000
0.998541 -0.018844 -0.050607 0.000000 0.019431 0.999749 0.011137 13.483900 0.050384 -0.012104 0.998657 0.000000 0.000000 0.000000 0.000000 1.000000
0.998840 -0.023688 -0.041912 -0.000000 0.024074 0.999672 0.008725 13.483900 0.041692 -0.009724 0.999083 -0.000000 0.000000 0.000000 0.000000 1.000000
0.999166 -0.024648 -0.032549 -0.000000 0.024745 0.999690 0.002581 13.483900 0.032475 -0.003384 0.999467 -0.000000 0.000000 0.000000 0.000000 1.000000
0.999563 -0.021110 -0.020670 0.000000 0.021064 0.999775 -0.002442 13.483900 0.020717 0.002006 0.999783 0.000000 0.000000 0.000000 0.000000 1.000000
0.999866 -0.015357 -0.005681 0.000000 0.015332 0.999873 -0.004398 13.483900 0.005748 0.004311 0.999974 0.000000 0.000000 0.000000 0.000000 1.000000
0.999889 -0.009941 0.011065 -0.000000 0.010016 0.999927 -0.006716 13.483900 -0.010997 0.006826 0.999916 -0.000000 0.000000 0.000000 0.000000 1.000000</float_array>
        <technique_common>
          <accessor source="#mixamorig12_Spine2-Matrix-animation-output-transform-array" count="32" stride="16">
            <param type="float4x4"/>
          </accessor>
        </technique_common>
      </source>
      <source id="mixamorig12_Spine2-Interpolations">
        <Name_array id="mixamorig12_Spine2-Interpolations-array" count="32">
 LINEAR LINEAR LINEAR LINEAR LINEAR LINEAR LINEAR LINEAR LINEAR LINEAR LINEAR
LINEAR LINEAR LINEAR LINEAR LINEAR LINEAR LINEAR LINEAR LINEAR LINEAR LINEAR LINEAR
LINEAR LINEAR LINEAR LINEAR LINEAR LINEAR LINEAR LINEAR LINEAR</Name_array>
        <technique_common>
          <accessor source="#mixamorig12_Spine2-Interpolations-array" count="32">
            <param type="name"/>
          </accessor>
        </technique_common>
      </source>
      <sampler id="mixamorig12_Spine2-Matrix-animation-transform">
        <input semantic="INPUT" source="#mixamorig12_Spine2-Matrix-animation-input"/>
        <input semantic="OUTPUT" source="#mixamorig12_Spine2-Matrix-animation-output-transform"/>
        <input semantic="INTERPOLATION" source="#mixamorig12_Spine2-Interpolations"/>
      </sampler>
      <channel source="#mixamorig12_Spine2-Matrix-animation-transform" target="mixamorig12_Spine2/matrix"/>
    </animation>
    <animation id="mixamorig12_Neck-anim" name="mixamorig12_Neck">
      <source id="mixamorig12_Neck-Matrix-animation-input">
        <float_array id="mixamorig12_Neck-Matrix-animation-input-array" count="32">

0.000000 0.033333 0.066667 0.100000 0.133333 0.166667 0.200000 0.233333 0.266667 0.300000 0.333333 0.366667 0.400000 0.433333 0.466667 0.500000
0.533333 0.566667 0.600000 0.633333 0.666667 0.700000 0.733333 0.766667 0.800000 0.833333 0.866667 0.900000 0.933333 0.966667 1.000000 1.033333</float_array>
        <technique_common>
          <accessor source="#mixamorig12_Neck-Matrix-animation-input-array" count="32">
            <param name="TIME" type="float"/>
          </accessor>
        </technique_common>
      </source>
      <source id="mixamorig12_Neck-Matrix-animation-output-transform">
        <float_array id="mixamorig12_Neck-Matrix-animation-output-transform-array" count="512">

0.999972 0.007031 -0.002654 -0.000000 -0.007279 0.993985 -0.109271 15.169400 0.001870 0.109288 0.994008 0.000000 0.000000 0.000000 0.000000 1.000000
0.999990 0.002713 -0.003587 0.000000 -0.003099 0.993658 -0.112402 15.169400 0.003260 0.112412 0.993656 -0.000000 0.000000 0.000000 0.000000 1.000000
0.999983 -0.003004 -0.004965 -0.000000 0.002425 0.993623 -0.112726 15.169400 0.005272 0.112712 0.993614 0.000000 0.000000 0.000000 0.000000 1.000000
0.999959 -0.006954 -0.005845 0.000000 0.006214 0.992971 -0.118196 15.169400 0.006626 0.118154 0.992973 0.000000 0.000000 0.000000 0.000000 1.000000
0.999907 -0.011748 -0.006935 0.000000 0.010822 0.992570 -0.121194 15.169400 0.008308 0.121108 0.992605 0.000000 0.000000 0.000000 0.000000 1.000000
0.999807 -0.017729 -0.008520 0.000000 0.016536 0.992139 -0.124045 15.169400 0.010652 0.123880 0.992240 0.000000 0.000000 0.000000 0.000000 1.000000
0.999653 -0.024153 -0.010514 -0.000000 0.022661 0.991996 -0.124221 15.169400 0.013431 0.123940 0.992199 -0.000000 0.000000 0.000000 0.000000 1.000000
0.999523 -0.028413 -0.012131 0.000000 0.026758 0.992438 -0.119793 15.169400 0.015443 0.119411 0.992725 -0.000000 0.000000 0.000000 0.000000 1.000000
0.999509 -0.028705 -0.012556 -0.000000 0.027122 0.993341 -0.111977 15.169400 0.015687 0.111581 0.993631 -0.000000 0.000000 0.000000 0.000000 1.000000
0.999575 -0.026631 -0.011818 0.000000 0.025138 0.993361 -0.112254 15.169400 0.014729 0.111910 0.993609 -0.000000 0.000000 0.000000 0.000000 1.000000
0.999592 -0.026414 -0.010834 0.000000 0.024969 0.992837 -0.116839 15.169400 0.013842 0.116521 0.993092 0.000000 0.000000 0.000000 0.000000 1.000000
0.999677 -0.023723 -0.009129 0.000000 0.022509 0.993034 -0.115660 15.169400 0.011809 0.115417 0.993247 0.000000 0.000000 0.000000 0.000000 1.000000
0.999850 -0.016174 -0.006248 -0.000000 0.015353 0.993310 -0.114452 15.169400 0.008058 0.114339 0.993409 0.000000 0.000000 0.000000 0.000000 1.000000
0.999926 -0.011474 -0.003959 0.000000 0.010933 0.993070 -0.117019 15.169400 0.005274 0.116967 0.993122 -0.000000 0.000000 0.000000 0.000000 1.000000
0.999971 -0.007448 -0.001836 0.000000 0.007173 0.992699 -0.120403 15.169400 0.002719 0.120386 0.992723 0.000000 0.000000 0.000000 0.000000 1.000000
0.999993 -0.003865 0.000132 0.000000 0.003850 0.991967 -0.126441 15.169400 0.000358 0.126440 0.991974 0.000000 0.000000 0.000000 0.000000 1.000000
0.999996 -0.002498 0.001581 0.000000 0.002680 0.991767 -0.128025 15.169400 -0.001248 0.128028 0.991770 0.000000 0.000000 0.000000 0.000000 1.000000
0.999994 -0.002061 0.002675 0.000000 0.002386 0.991801 -0.127771 15.169400 -0.002390 0.127777 0.991800 0.000000 0.000000 0.000000 0.000000 1.000000
0.999993 -0.001242 0.003535 -0.000000 0.001685 0.991713 -0.128461 15.169400 -0.003346 0.128466 0.991708 0.000000 0.000000 0.000000 0.000000 1.000000
0.999982 0.003600 0.004827 -0.000000 -0.002957 0.991886 -0.127094 15.169400 -0.005245 0.127077 0.991879 0.000000 0.000000 0.000000 0.000000 1.000000
0.999961 0.006977 0.005468 0.000000 -0.006229 0.991939 -0.126566 15.169400 -0.006307 0.126527 0.991943 0.000000 0.000000 0.000000 0.000000 1.000000
0.999919 0.011140 0.006210 0.000000 -0.010286 0.992249 -0.123835 15.169400 -0.007542 0.123761 0.992283 -0.000000 0.000000 0.000000 0.000000 1.000000
0.999850 0.015732 0.007209 0.000000 -0.014782 0.993039 -0.116857 15.169400 -0.008997 0.116733 0.993123 0.000000 0.000000 0.000000 0.000000 1.000000
0.999819 0.017415 0.007596 0.000000 -0.016471 0.993757 -0.110339 15.169400 -0.009471 0.110194 0.993865 0.000000 0.000000 0.000000 0.000000 1.000000
0.999811 0.017974 0.007456 0.000000 -0.017045 0.993787 -0.109983 15.169400 -0.009387 0.109835 0.993906 -0.000000 0.000000 0.000000 0.000000 1.000000
0.999864 0.015270 0.006272 -0.000000 -0.014496 0.993940 -0.108967 15.169400 -0.007898 0.108861 0.994026 -0.000000 0.000000 0.000000 0.000000 1.000000
0.999882 0.014455 0.005177 -0.000000 -0.013827 0.994290 -0.105812 15.169400 -0.006677 0.105728 0.994373 0.000000 0.000000 0.000000 0.000000 1.000000
0.999949 0.009671 0.003041 0.000000 -0.009318 0.994927 -0.100170 15.169400 -0.003994 0.100136 0.994966 0.000000 0.000000 0.000000 0.000000 1.000000
0.999979 0.006390 0.001154 0.000000 -0.006248 0.995244 -0.097214 15.169400 -0.001770 0.097205 0.995263 0.000000 0.000000 0.000000 0.000000 1.000000
0.999993 0.003811 -0.000636 0.000000 -0.003855 0.995030 -0.099497 15.169400 0.000254 0.099498 0.995038 0.000000 0.000000 0.000000 0.000000 1.000000
0.999992 0.003318 -0.002032 0.000000 -0.003514 0.994413 -0.105498 15.169400 0.001670 0.105504 0.994417 0.000000 0.000000 0.000000 0.000000 1.000000
0.999972 0.007031 -0.002654 -0.000000 -0.007279 0.993985 -0.109271 15.169400 0.001870 0.109287 0.994008 0.000000 0.000000 0.000000 0.000000 1.000000</float_array>
        <technique_common>
          <accessor source="#mixamorig12_Neck-Matrix-animation-output-transform-array" count="32" stride="16">
            <param type="float4x4"/>
          </accessor>
        </technique_common>
      </source>
      <source id="mixamorig12_Neck-Interpolations">
        <Name_array id="mixamorig12_Neck-Interpolations-array" count="32">
 LINEAR LINEAR LINEAR LINEAR LINEAR LINEAR LINEAR LINEAR LINEAR LINEAR LINEAR
LINEAR LINEAR LINEAR LINEAR LINEAR LINEAR LINEAR LINEAR LINEAR LINEAR LINEAR LINEAR
LINEAR LINEAR LINEAR LINEAR LINEAR LINEAR LINEAR LINEAR LINEAR</Name_array>
        <technique_common>
          <accessor source="#mixamorig12_Neck-Interpolations-array" count="32">
            <param type="name"/>
          </accessor>
        </technique_common>
      </source>
      <sampler id="mixamorig12_Neck-Matrix-animation-transform">
        <input semantic="INPUT" source="#mixamorig12_Neck-Matrix-animation-input"/>
        <input semantic="OUTPUT" source="#mixamorig12_Neck-Matrix-animation-output-transform"/>
        <input semantic="INTERPOLATION" source="#mixamorig12_Neck-Interpolations"/>
      </sampler>
      <channel source="#mixamorig12_Neck-Matrix-animation-transform" target="mixamorig12_Neck/matrix"/>
    </animation>
    <animation id="mixamorig12_Head-anim" name="mixamorig12_Head">
      <source id="mixamorig12_Head-Matrix-animation-input">
        <float_array id="mixamorig12_Head-Matrix-animation-input-array" count="32">

0.000000 0.033333 0.066667 0.100000 0.133333 0.166667 0.200000 0.233333 0.266667 0.300000 0.333333 0.366667 0.400000 0.433333 0.466667 0.500000
0.533333 0.566667 0.600000 0.633333 0.666667 0.700000 0.733333 0.766667 0.800000 0.833333 0.866667 0.900000 0.933333 0.966667 1.000000 1.033333</float_array>
        <technique_common>
          <accessor source="#mixamorig12_Head-Matrix-animation-input-array" count="32">
            <param name="TIME" type="float"/>
          </accessor>
        </technique_common>
      </source>
      <source id="mixamorig12_Head-Matrix-animation-output-transform">
        <float_array id="mixamorig12_Head-Matrix-animation-output-transform-array" count="512">

0.999972 0.007031 -0.002654 0.000000 -0.007031 0.999975 0.000006 7.383900 0.002654 0.000012 0.999996 2.849900 0.000000 0.000000 0.000000 1.000000
0.999990 0.002713 -0.003588 -0.000000 -0.002724 0.999991 -0.003145 7.383900 0.003579 0.003155 0.999989 2.849900 0.000000 0.000000 0.000000 1.000000
0.999983 -0.003004 -0.004965 0.000000 0.002987 0.999990 -0.003471 7.383900 0.004975 0.003456 0.999982 2.849900 0.000000 0.000000 0.000000 1.000000
0.999959 -0.006954 -0.005845 0.000000 0.006901 0.999936 -0.008978 7.383900 0.005907 0.008937 0.999943 2.849900 0.000000 0.000000 0.000000 1.000000
0.999907 -0.011748 -0.006936 0.000000 0.011665 0.999860 -0.011999 7.383900 0.007076 0.011917 0.999904 2.849900 0.000000 0.000000 0.000000 1.000000
0.999807 -0.017729 -0.008520 0.000000 0.017601 0.999734 -0.014873 7.383900 0.008781 0.014720 0.999853 2.849900 0.000000 0.000000 0.000000 1.000000
0.999653 -0.024153 -0.010514 0.000000 0.023993 0.999599 -0.015052 7.383900 0.010874 0.014794 0.999831 2.849900 0.000000 0.000000 0.000000 1.000000
0.999523 -0.028413 -0.012131 -0.000000 0.028285 0.999544 -0.010592 7.383900 0.012426 0.010244 0.999870 2.849900 0.000000 0.000000 0.000000 1.000000
0.999509 -0.028705 -0.012556 0.000000 0.028673 0.999585 -0.002724 7.383900 0.012629 0.002363 0.999917 2.849900 0.000000 0.000000 0.000000 1.000000
0.999575 -0.026631 -0.011818 0.000000 0.026597 0.999642 -0.003002 7.383900 0.011894 0.002687 0.999926 2.849900 0.000000 0.000000 0.000000 1.000000
0.999592 -0.026414 -0.010834 0.000000 0.026333 0.999624 -0.007616 7.383900 0.011031 0.007328 0.999912 2.849900 0.000000 0.000000 0.000000 1.000000
0.999677 -0.023723 -0.009129 -0.000000 0.023665 0.999699 -0.006427 7.383900 0.009279 0.006209 0.999938 2.849900 0.000000 0.000000 0.000000 1.000000
0.999850 -0.016174 -0.006248 0.000000 0.016142 0.999856 -0.005209 7.383900 0.006332 0.005108 0.999967 2.849900 0.000000 0.000000 0.000000 1.000000
0.999926 -0.011474 -0.003959 0.000000 0.011443 0.999904 -0.007792 7.383900 0.004048 0.007746 0.999962 2.849900 0.000000 0.000000 0.000000 1.000000
0.999971 -0.007448 -0.001836 0.000000 0.007427 0.999910 -0.011199 7.383900 0.001919 0.011185 0.999936 2.849900 0.000000 0.000000 0.000000 1.000000
0.999993 -0.003865 0.000132 0.000000 0.003866 0.999843 -0.017282 7.383900 -0.000065 0.017283 0.999851 2.849900 0.000000 0.000000 0.000000 1.000000
0.999996 -0.002498 0.001581 0.000000 0.002527 0.999819 -0.018880 7.383900 -0.001533 0.018883 0.999821 2.849900 0.000000 0.000000 0.000000 1.000000
0.999994 -0.002061 0.002675 -0.000000 0.002111 0.999824 -0.018624 7.383900 -0.002636 0.018629 0.999823 2.849900 0.000000 0.000000 0.000000 1.000000
0.999993 -0.001242 0.003535 0.000000 0.001310 0.999812 -0.019320 7.383900 -0.003510 0.019324 0.999807 2.849900 0.000000 0.000000 0.000000 1.000000
0.999982 0.003600 0.004827 0.000000 -0.003513 0.999833 -0.017942 7.383900 -0.004891 0.017925 0.999827 2.849900 0.000000 0.000000 0.000000 1.000000
0.999961 0.006977 0.005468 0.000000 -0.006881 0.999825 -0.017410 7.383900 -0.005589 0.017372 0.999833 2.849900 0.000000 0.000000 0.000000 1.000000
0.999919 0.011140 0.006210 0.000000 -0.011048 0.999832 -0.014659 7.383900 -0.006372 0.014589 0.999873 2.849900 0.000000 0.000000 0.000000 1.000000
0.999850 0.015732 0.007209 0.000000 -0.015677 0.999848 -0.007631 7.383900 -0.007328 0.007517 0.999945 2.849900 0.000000 0.000000 0.000000 1.000000
0.999819 0.017415 0.007596 0.000000 -0.017408 0.999848 -0.001071 7.383900 -0.007614 0.000939 0.999971 2.849900 0.000000 0.000000 0.000000 1.000000
0.999811 0.017974 0.007456 0.000000 -0.017969 0.999838 -0.000712 7.383900 -0.007468 0.000578 0.999972 2.849900 0.000000 0.000000 0.000000 1.000000
0.999864 0.015270 0.006272 0.000000 -0.015272 0.999883 0.000311 7.383900 -0.006267 -0.000406 0.999980 2.849900 0.000000 0.000000 0.000000 1.000000
0.999882 0.014455 0.005177 0.000000 -0.014473 0.999889 0.003485 7.383900 -0.005126 -0.003560 0.999981 2.849900 0.000000 0.000000 0.000000 1.000000
0.999949 0.009671 0.003041 0.000000 -0.009699 0.999911 0.009158 7.383900 -0.002952 -0.009187 0.999953 2.849900 0.000000 0.000000 0.000000 1.000000
0.999979 0.006390 0.001154 0.000000 -0.006404 0.999906 0.012129 7.383900 -0.001076 -0.012136 0.999926 2.849900 0.000000 0.000000 0.000000 1.000000
0.999993 0.003811 -0.000636 0.000000 -0.003804 0.999944 0.009835 7.383900 0.000674 -0.009833 0.999951 2.849900 0.000000 0.000000 0.000000 1.000000
0.999992 0.003318 -0.002032 0.000000 -0.003310 0.999987 0.003802 7.383900 0.002044 -0.003795 0.999991 2.849900 0.000000 0.000000 0.000000 1.000000
0.999972 0.007031 -0.002654 -0.000000 -0.007031 0.999975 0.000006 7.383900 0.002654 0.000012 0.999996 2.849900 0.000000 0.000000 0.000000 1.000000</float_array>
        <technique_common>
          <accessor source="#mixamorig12_Head-Matrix-animation-output-transform-array" count="32" stride="16">
            <param type="float4x4"/>
          </accessor>
        </technique_common>
      </source>
      <source id="mixamorig12_Head-Interpolations">
        <Name_array id="mixamorig12_Head-Interpolations-array" count="32">
 LINEAR LINEAR LINEAR LINEAR LINEAR LINEAR LINEAR LINEAR LINEAR LINEAR LINEAR
LINEAR LINEAR LINEAR LINEAR LINEAR LINEAR LINEAR LINEAR LINEAR LINEAR LINEAR LINEAR
LINEAR LINEAR LINEAR LINEAR LINEAR LINEAR LINEAR LINEAR LINEAR</Name_array>
        <technique_common>
          <accessor source="#mixamorig12_Head-Interpolations-array" count="32">
            <param type="name"/>
          </accessor>
        </technique_common>
      </source>
      <sampler id="mixamorig12_Head-Matrix-animation-transform">
        <input semantic="INPUT" source="#mixamorig12_Head-Matrix-animation-input"/>
        <input semantic="OUTPUT" source="#mixamorig12_Head-Matrix-animation-output-transform"/>
        <input semantic="INTERPOLATION" source="#mixamorig12_Head-Interpolations"/>
      </sampler>
      <channel source="#mixamorig12_Head-Matrix-animation-transform" target="mixamorig12_Head/matrix"/>
    </animation>
    <animation id="mixamorig12_LeftShoulder-anim" name="mixamorig12_LeftShoulder">
      <source id="mixamorig12_LeftShoulder-Matrix-animation-input">
        <float_array id="mixamorig12_LeftShoulder-Matrix-animation-input-array" count="32">

0.000000 0.033333 0.066667 0.100000 0.133333 0.166667 0.200000 0.233333 0.266667 0.300000 0.333333 0.366667 0.400000 0.433333 0.466667 0.500000
0.533333 0.566667 0.600000 0.633333 0.666667 0.700000 0.733333 0.766667 0.800000 0.833333 0.866667 0.900000 0.933333 0.966667 1.000000 1.033333</float_array>
        <technique_common>
          <accessor source="#mixamorig12_LeftShoulder-Matrix-animation-input-array" count="32">
            <param name="TIME" type="float"/>
          </accessor>
        </technique_common>
      </source>
      <source id="mixamorig12_LeftShoulder-Matrix-animation-output-transform">
        <float_array id="mixamorig12_LeftShoulder-Matrix-animation-output-transform-array" count="512">

0.189458 0.804164 -0.563406 7.052500 0.022617 -0.577220 -0.816275 13.015400 -0.981628 0.141907 -0.127546 -0.256200 0.000000 0.000000 0.000000 1.000000
0.169987 0.816445 -0.551835 7.052500 0.027391 -0.563682 -0.825537 13.015400 -0.985066 0.125215 -0.118181 -0.256200 0.000000 0.000000 0.000000 1.000000
0.160556 0.817008 -0.553823 7.052500 0.029302 -0.564800 -0.824707 13.015400 -0.986592 0.116184 -0.114622 -0.256200 0.000000 0.000000 0.000000 1.000000
0.145437 0.823259 -0.548719 7.052500 0.032634 -0.558306 -0.828993 13.015400 -0.988829 0.102659 -0.108064 -0.256200 0.000000 0.000000 0.000000 1.000000
0.140267 0.830470 -0.539115 7.052500 0.033976 -0.548214 -0.835647 13.015400 -0.989531 0.098897 -0.105113 -0.256200 0.000000 0.000000 0.000000 1.000000
0.145051 0.832754 -0.534304 7.052500 0.033202 -0.543808 -0.838553 13.015400 -0.988867 0.103893 -0.106529 -0.256200 0.000000 0.000000 0.000000 1.000000
0.141536 0.836765 -0.528953 7.052500 0.034094 -0.538136 -0.842168 13.015400 -0.989346 0.101163 -0.104695 -0.256200 0.000000 0.000000 0.000000 1.000000
0.135289 0.836730 -0.530641 7.052500 0.035305 -0.539295 -0.841376 13.015400 -0.990177 0.095095 -0.102501 -0.256200 0.000000 0.000000 0.000000 1.000000
0.139270 0.828499 -0.542395 7.052500 0.034209 -0.551431 -0.833518 13.015400 -0.989663 0.097529 -0.105140 -0.256200 0.000000 0.000000 0.000000 1.000000
0.155146 0.818153 -0.553675 7.052500 0.030520 -0.564163 -0.825099 13.015400 -0.987420 0.111113 -0.112498 -0.256200 0.000000 0.000000 0.000000 1.000000
0.151281 0.822161 -0.548785 7.052500 0.031565 -0.558909 -0.828628 13.015400 -0.987987 0.108033 -0.110504 -0.256200 0.000000 0.000000 0.000000 1.000000
0.162246 0.816133 -0.554621 7.052500 0.028985 -0.565767 -0.824056 13.015400 -0.986325 0.117624 -0.115449 -0.256200 0.000000 0.000000 0.000000 1.000000
0.198469 0.783832 -0.588402 7.052500 0.018483 -0.603231 -0.797352 13.015400 -0.979933 0.147375 -0.134210 -0.256200 0.000000 0.000000 0.000000 1.000000
0.210074 0.779871 -0.589635 7.052500 0.015472 -0.605669 -0.795566 13.015400 -0.977563 0.158005 -0.139302 -0.256200 0.000000 0.000000 0.000000 1.000000
0.203948 0.786528 -0.582905 7.052500 0.017521 -0.598257 -0.801113 13.015400 -0.978825 0.153172 -0.135794 -0.256200 0.000000 0.000000 0.000000 1.000000
0.201410 0.789987 -0.579098 7.052500 0.018427 -0.594165 -0.804132 13.015400 -0.979334 0.151289 -0.134228 -0.256200 0.000000 0.000000 0.000000 1.000000
0.208969 0.797510 -0.565959 7.052500 0.017750 -0.581734 -0.813185 13.015400 -0.977761 0.159885 -0.135720 -0.256200 0.000000 0.000000 0.000000 1.000000
0.218305 0.802247 -0.555646 7.052500 0.016533 -0.572337 -0.819851 13.015400 -0.975741 0.169791 -0.138208 -0.256200 0.000000 0.000000 0.000000 1.000000
0.214941 0.811177 -0.543867 7.052500 0.018409 -0.560150 -0.828187 13.015400 -0.976454 0.167999 -0.135332 -0.256200 0.000000 0.000000 0.000000 1.000000
0.224109 0.809159 -0.543172 7.052500 0.016460 -0.560412 -0.828050 13.015400 -0.974425 0.176633 -0.138912 -0.256200 0.000000 0.000000 0.000000 1.000000
0.222334 0.809831 -0.542900 7.052500 0.016901 -0.559955 -0.828350 13.015400 -0.974824 0.174995 -0.138184 -0.256200 0.000000 0.000000 0.000000 1.000000
0.221018 0.811125 -0.541505 7.052500 0.017354 -0.558419 -0.829378 13.015400 -0.975115 0.173910 -0.137497 -0.256200 0.000000 0.000000 0.000000 1.000000
0.232025 0.803054 -0.548879 7.052500 0.014113 -0.566998 -0.823598 13.015400 -0.972608 0.183349 -0.142891 -0.256200 0.000000 0.000000 0.000000 1.000000
0.235659 0.801830 -0.549121 7.052500 0.013258 -0.567635 -0.823174 13.015400 -0.971745 0.186709 -0.144399 -0.256200 0.000000 0.000000 0.000000 1.000000
0.243883 0.789258 -0.563553 7.052500 0.009605 -0.583037 -0.812389 13.015400 -0.969757 0.192715 -0.149774 -0.256200 0.000000 0.000000 0.000000 1.000000
0.242697 0.788378 -0.565295 7.052500 0.009672 -0.584655 -0.811225 13.015400 -0.970054 0.191414 -0.149519 -0.256200 0.000000 0.000000 0.000000 1.000000
0.231362 0.795464 -0.560098 7.052500 0.013029 -0.578200 -0.815791 13.015400 -0.972781 0.181445 -0.144138 -0.256200 0.000000 0.000000 0.000000 1.000000
0.223602 0.798186 -0.559375 7.052500 0.014962 -0.576650 -0.816855 13.015400 -0.974566 0.174281 -0.140882 -0.256200 0.000000 0.000000 0.000000 1.000000
0.223639 0.800016 -0.556740 7.052500 0.015258 -0.574011 -0.818705 13.015400 -0.974553 0.174600 -0.140579 -0.256200 0.000000 0.000000 0.000000 1.000000
0.220211 0.796043 -0.563757 7.052500 0.015291 -0.580691 -0.813981 13.015400 -0.975332 0.170627 -0.140047 -0.256200 0.000000 0.000000 0.000000 1.000000
0.203275 0.799946 -0.564594 7.052500 0.019241 -0.579785 -0.814542 13.015400 -0.978933 0.154713 -0.133248 -0.256200 0.000000 0.000000 0.000000 1.000000
0.189457 0.804163 -0.563407 7.052500 0.022617 -0.577221 -0.816275 13.015400 -0.981628 0.141907 -0.127546 -0.256200 0.000000 0.000000 0.000000 1.000000</float_array>
        <technique_common>
          <accessor source="#mixamorig12_LeftShoulder-Matrix-animation-output-transform-array" count="32" stride="16">
            <param type="float4x4"/>
          </accessor>
        </technique_common>
      </source>
      <source id="mixamorig12_LeftShoulder-Interpolations">
        <Name_array id="mixamorig12_LeftShoulder-Interpolations-array" count="32">
 LINEAR LINEAR LINEAR LINEAR LINEAR LINEAR LINEAR LINEAR LINEAR LINEAR LINEAR
LINEAR LINEAR LINEAR LINEAR LINEAR LINEAR LINEAR LINEAR LINEAR LINEAR LINEAR LINEAR
LINEAR LINEAR LINEAR LINEAR LINEAR LINEAR LINEAR LINEAR LINEAR</Name_array>
        <technique_common>
          <accessor source="#mixamorig12_LeftShoulder-Interpolations-array" count="32">
            <param type="name"/>
          </accessor>
        </technique_common>
      </source>
      <sampler id="mixamorig12_LeftShoulder-Matrix-animation-transform">
        <input semantic="INPUT" source="#mixamorig12_LeftShoulder-Matrix-animation-input"/>
        <input semantic="OUTPUT" source="#mixamorig12_LeftShoulder-Matrix-animation-output-transform"/>
        <input semantic="INTERPOLATION" source="#mixamorig12_LeftShoulder-Interpolations"/>
      </sampler>
      <channel source="#mixamorig12_LeftShoulder-Matrix-animation-transform" target="mixamorig12_LeftShoulder/matrix"/>
    </animation>
    <animation id="mixamorig12_LeftArm-anim" name="mixamorig12_LeftArm">
      <source id="mixamorig12_LeftArm-Matrix-animation-input">
        <float_array id="mixamorig12_LeftArm-Matrix-animation-input-array" count="32">

0.000000 0.033333 0.066667 0.100000 0.133333 0.166667 0.200000 0.233333 0.266667 0.300000 0.333333 0.366667 0.400000 0.433333 0.466667 0.500000
0.533333 0.566667 0.600000 0.633333 0.666667 0.700000 0.733333 0.766667 0.800000 0.833333 0.866667 0.900000 0.933333 0.966667 1.000000 1.033333</float_array>
        <technique_common>
          <accessor source="#mixamorig12_LeftArm-Matrix-animation-input-array" count="32">
            <param name="TIME" type="float"/>
          </accessor>
        </technique_common>
      </source>
      <source id="mixamorig12_LeftArm-Matrix-animation-output-transform">
        <float_array id="mixamorig12_LeftArm-Matrix-animation-output-transform-array" count="512">

0.985739 0.051062 -0.160347 0.000000 -0.131131 0.830253 -0.541743 14.673100 0.105466 0.555044 0.825108 0.000000 0.000000 0.000000 0.000000 1.000000
0.974606 0.126925 -0.184480 0.000000 -0.210777 0.798141 -0.564397 14.673100 0.075605 0.588949 0.804626 0.000000 0.000000 0.000000 0.000000 1.000000
0.960387 0.210688 -0.182396 0.000000 -0.277638 0.779714 -0.561216 14.673100 0.023976 0.589624 0.807322 -0.000000 0.000000 0.000000 0.000000 1.000000
0.945351 0.272617 -0.178863 -0.000000 -0.325316 0.751702 -0.573685 14.673100 -0.021944 0.600520 0.799308 0.000000 0.000000 0.000000 0.000000 1.000000
0.927757 0.322688 -0.187456 0.000000 -0.368808 0.716090 -0.592618 14.673100 -0.056995 0.618941 0.783367 -0.000000 0.000000 0.000000 0.000000 1.000000
0.905737 0.371534 -0.203969 -0.000000 -0.415178 0.680939 -0.603282 14.673100 -0.085249 0.631098 0.771005 -0.000000 0.000000 0.000000 0.000000 1.000000
0.887031 0.403633 -0.224180 0.000000 -0.450852 0.652537 -0.609039 14.673100 -0.099543 0.641309 0.760799 0.000000 0.000000 0.000000 0.000000 1.000000
0.862579 0.446296 -0.238280 0.000000 -0.492591 0.633460 -0.596727 14.673100 -0.115376 0.632099 0.766250 0.000000 0.000000 0.000000 0.000000 1.000000
0.832681 0.497324 -0.243540 0.000000 -0.537605 0.620584 -0.570839 14.673100 -0.132755 0.606254 0.784112 0.000000 0.000000 0.000000 0.000000 1.000000
0.812587 0.527450 -0.247990 0.000000 -0.565037 0.608542 -0.557145 14.673100 -0.142953 0.592852 0.792522 0.000000 0.000000 0.000000 0.000000 1.000000
0.814309 0.522673 -0.252418 0.000000 -0.564159 0.610462 -0.555933 14.673100 -0.136479 0.595105 0.791974 0.000000 0.000000 0.000000 0.000000 1.000000
0.817751 0.513820 -0.259370 -0.000000 -0.563419 0.622485 -0.543205 14.673100 -0.117656 0.590340 0.798534 0.000000 0.000000 0.000000 0.000000 1.000000
0.827105 0.498061 -0.260447 -0.000000 -0.555054 0.650956 -0.517852 14.673100 -0.088382 0.572880 0.814860 0.000000 0.000000 0.000000 0.000000 1.000000
0.869516 0.424773 -0.252010 0.000000 -0.490743 0.685384 -0.537978 14.673100 -0.055795 0.591453 0.804407 0.000000 0.000000 0.000000 0.000000 1.000000
0.914358 0.338263 -0.222548 0.000000 -0.403547 0.716285 -0.569285 14.673100 -0.033160 0.610339 0.791446 -0.000000 0.000000 0.000000 0.000000 1.000000
0.943755 0.273004 -0.186535 0.000000 -0.329945 0.740879 -0.585009 14.673100 -0.021510 0.613651 0.789284 0.000000 0.000000 0.000000 0.000000 1.000000
0.960850 0.229891 -0.154653 0.000000 -0.276524 0.760683 -0.587279 14.673100 -0.017368 0.607052 0.794472 0.000000 0.000000 0.000000 0.000000 1.000000
0.970184 0.205107 -0.129130 -0.000000 -0.241844 0.784169 -0.571481 14.673100 -0.015955 0.585671 0.810392 -0.000000 0.000000 0.000000 0.000000 1.000000
0.980984 0.162856 -0.105586 -0.000000 -0.194004 0.806737 -0.558156 14.673100 -0.005719 0.568026 0.822991 -0.000000 0.000000 0.000000 0.000000 1.000000
0.987484 0.123602 -0.097964 -0.000000 -0.157005 0.829316 -0.536269 14.673100 0.014960 0.544938 0.838343 -0.000000 0.000000 0.000000 0.000000 1.000000
0.993842 0.065503 -0.089369 0.000000 -0.102599 0.848604 -0.518984 14.673100 0.041844 0.524958 0.850099 0.000000 0.000000 0.000000 0.000000 1.000000
0.995758 0.011327 -0.091310 0.000000 -0.056321 0.859789 -0.507535 14.673100 0.072758 0.510524 0.856780 0.000000 0.000000 0.000000 0.000000 1.000000
0.993959 -0.018630 -0.108156 0.000000 -0.036551 0.873037 -0.486282 14.673100 0.103483 0.487298 0.867082 -0.000000 0.000000 0.000000 0.000000 1.000000
0.991955 -0.033027 -0.122207 0.000000 -0.029299 0.879257 -0.475446 14.673100 0.123154 0.475202 0.871215 0.000000 0.000000 0.000000 0.000000 1.000000
0.991426 -0.010347 -0.130257 0.000000 -0.049742 0.891919 -0.449451 14.673100 0.120829 0.452076 0.883758 0.000000 0.000000 0.000000 0.000000 1.000000
0.991229 0.001231 -0.132149 0.000000 -0.060419 0.893552 -0.444876 14.673100 0.117534 0.448959 0.885789 0.000000 0.000000 0.000000 0.000000 1.000000
0.992735 -0.021172 -0.118442 -0.000000 -0.036516 0.884950 -0.464251 14.673100 0.114644 0.465204 0.877748 -0.000000 0.000000 0.000000 0.000000 1.000000
0.993547 -0.049316 -0.102137 0.000000 -0.005035 0.880456 -0.474101 14.673100 0.113309 0.471556 0.874526 0.000000 0.000000 0.000000 0.000000 1.000000
0.993865 -0.072680 -0.083365 0.000000 0.021920 0.868255 -0.495634 14.673100 0.108404 0.490766 0.864522 0.000000 0.000000 0.000000 0.000000 1.000000
0.993075 -0.068238 -0.095631 -0.000000 0.010220 0.861108 -0.508319 14.673100 0.117035 0.503822 0.855843 0.000000 0.000000 0.000000 0.000000 1.000000
0.990472 -0.036237 -0.132859 -0.000000 -0.039737 0.848517 -0.527673 14.673100 0.131854 0.527925 0.838993 -0.000000 0.000000 0.000000 0.000000 1.000000
0.985739 0.051063 -0.160347 0.000000 -0.131133 0.830252 -0.541743 14.673100 0.105466 0.555044 0.825108 0.000000 0.000000 0.000000 0.000000 1.000000</float_array>
        <technique_common>
          <accessor source="#mixamorig12_LeftArm-Matrix-animation-output-transform-array" count="32" stride="16">
            <param type="float4x4"/>
          </accessor>
        </technique_common>
      </source>
      <source id="mixamorig12_LeftArm-Interpolations">
        <Name_array id="mixamorig12_LeftArm-Interpolations-array" count="32">
 LINEAR LINEAR LINEAR LINEAR LINEAR LINEAR LINEAR LINEAR LINEAR LINEAR LINEAR
LINEAR LINEAR LINEAR LINEAR LINEAR LINEAR LINEAR LINEAR LINEAR LINEAR LINEAR LINEAR
LINEAR LINEAR LINEAR LINEAR LINEAR LINEAR LINEAR LINEAR LINEAR</Name_array>
        <technique_common>
          <accessor source="#mixamorig12_LeftArm-Interpolations-array" count="32">
            <param type="name"/>
          </accessor>
        </technique_common>
      </source>
      <sampler id="mixamorig12_LeftArm-Matrix-animation-transform">
        <input semantic="INPUT" source="#mixamorig12_LeftArm-Matrix-animation-input"/>
        <input semantic="OUTPUT" source="#mixamorig12_LeftArm-Matrix-animation-output-transform"/>
        <input semantic="INTERPOLATION" source="#mixamorig12_LeftArm-Interpolations"/>
      </sampler>
      <channel source="#mixamorig12_LeftArm-Matrix-animation-transform" target="mixamorig12_LeftArm/matrix"/>
    </animation>
    <animation id="mixamorig12_LeftForeArm-anim" name="mixamorig12_LeftForeArm">
      <source id="mixamorig12_LeftForeArm-Matrix-animation-input">
        <float_array id="mixamorig12_LeftForeArm-Matrix-animation-input-array" count="32">

0.000000 0.033333 0.066667 0.100000 0.133333 0.166667 0.200000 0.233333 0.266667 0.300000 0.333333 0.366667 0.400000 0.433333 0.466667 0.500000
0.533333 0.566667 0.600000 0.633333 0.666667 0.700000 0.733333 0.766667 0.800000 0.833333 0.866667 0.900000 0.933333 0.966667 1.000000 1.033333</float_array>
        <technique_common>
          <accessor source="#mixamorig12_LeftForeArm-Matrix-animation-input-array" count="32">
            <param name="TIME" type="float"/>
          </accessor>
        </technique_common>
      </source>
      <source id="mixamorig12_LeftForeArm-Matrix-animation-output-transform">
        <float_array id="mixamorig12_LeftForeArm-Matrix-animation-output-transform-array" count="512">

0.818920 -0.444830 0.362625 -0.000000 0.517703 0.845280 -0.132235 25.314699 -0.247697 0.296021 0.922506 0.000000 0.000000 0.000000 0.000000 1.000000
0.834804 -0.432884 0.340168 -0.000000 0.495781 0.859748 -0.122614 25.314699 -0.239381 0.271008 0.932337 -0.000000 0.000000 0.000000 0.000000 1.000000
0.826273 -0.441324 0.350009 0.000000 0.505333 0.855292 -0.114515 25.314699 -0.248821 0.271491 0.929721 0.000000 0.000000 0.000000 0.000000 1.000000
0.831419 -0.421370 0.362202 0.000000 0.487152 0.866310 -0.110410 25.314699 -0.267256 0.268245 0.925537 0.000000 0.000000 0.000000 0.000000 1.000000
0.842263 -0.394033 0.367873 0.000000 0.457001 0.883872 -0.099601 25.314699 -0.285907 0.252008 0.924526 -0.000000 0.000000 0.000000 0.000000 1.000000
0.850643 -0.374392 0.369104 -0.000000 0.431765 0.898054 -0.084133 25.314699 -0.299977 0.230934 0.925572 0.000000 0.000000 0.000000 0.000000 1.000000
0.856466 -0.360869 0.369107 0.000000 0.412301 0.908469 -0.068498 25.314699 -0.310604 0.210850 0.926859 -0.000000 0.000000 0.000000 0.000000 1.000000
0.836707 -0.396861 0.377390 0.000000 0.449128 0.891571 -0.058186 25.314699 -0.313378 0.218181 0.924225 -0.000000 0.000000 0.000000 0.000000 1.000000
0.794445 -0.467636 0.387523 -0.000000 0.525473 0.849189 -0.052506 25.314699 -0.304526 0.245346 0.920364 0.000000 0.000000 0.000000 0.000000 1.000000
0.773135 -0.508028 0.379697 0.000000 0.564334 0.824250 -0.046258 25.314699 -0.289465 0.250040 0.923954 0.000000 0.000000 0.000000 0.000000 1.000000
0.768311 -0.520265 0.372858 0.000000 0.577199 0.814929 -0.052268 25.314699 -0.276660 0.255371 0.926415 0.000000 0.000000 0.000000 0.000000 1.000000
0.757126 -0.541942 0.364773 -0.000000 0.599400 0.798344 -0.058023 25.314699 -0.259769 0.262576 0.929287 0.000000 0.000000 0.000000 0.000000 1.000000
0.760556 -0.548910 0.346774 0.000000 0.599582 0.798703 -0.050751 25.314699 -0.249112 0.246519 0.936575 -0.000000 0.000000 0.000000 0.000000 1.000000
0.814342 -0.482039 0.323242 0.000000 0.523915 0.850178 -0.052058 25.314699 -0.249719 0.211744 0.944883 0.000000 0.000000 0.000000 0.000000 1.000000
0.849750 -0.425048 0.311865 0.000000 0.461184 0.885943 -0.049133 25.314699 -0.255411 0.185578 0.948855 0.000000 0.000000 0.000000 0.000000 1.000000
0.852296 -0.418855 0.313292 0.000000 0.454904 0.889206 -0.048724 25.314699 -0.258173 0.184045 0.948406 0.000000 0.000000 0.000000 0.000000 1.000000
0.823553 -0.467224 0.321656 0.000000 0.510077 0.858062 -0.059595 25.314699 -0.248156 0.213149 0.944979 0.000000 0.000000 0.000000 0.000000 1.000000
0.758697 -0.559667 0.333393 0.000000 0.611297 0.788525 -0.067421 25.314699 -0.225155 0.254954 0.940374 0.000000 0.000000 0.000000 0.000000 1.000000
0.689025 -0.641482 0.337261 0.000000 0.698537 0.711819 -0.073209 25.314699 -0.193106 0.286032 0.938560 0.000000 0.000000 0.000000 0.000000 1.000000
0.619724 -0.712500 0.329068 0.000000 0.769313 0.634439 -0.075134 25.314699 -0.155241 0.299719 0.941312 0.000000 0.000000 0.000000 0.000000 1.000000
0.573598 -0.756316 0.314597 0.000000 0.808985 0.583323 -0.072650 25.314699 -0.128565 0.296176 0.946441 -0.000000 0.000000 0.000000 0.000000 1.000000
0.545399 -0.782988 0.299116 0.000000 0.830831 0.552165 -0.069522 25.314699 -0.110727 0.286432 0.951681 0.000000 0.000000 0.000000 0.000000 1.000000
0.529633 -0.797482 0.288984 0.000000 0.842268 0.534761 -0.067933 25.314699 -0.100361 0.279382 0.954921 0.000000 0.000000 0.000000 0.000000 1.000000
0.525494 -0.801416 0.285637 0.000000 0.845366 0.529707 -0.069038 25.314699 -0.095975 0.277747 0.955848 0.000000 0.000000 0.000000 0.000000 1.000000
0.519138 -0.804215 0.289367 0.000000 0.849231 0.523564 -0.068460 25.314699 -0.096446 0.281280 0.954767 0.000000 0.000000 0.000000 0.000000 1.000000
0.543187 -0.782947 0.303220 0.000000 0.832947 0.547921 -0.077347 25.314699 -0.105582 0.294580 0.949776 0.000000 0.000000 0.000000 0.000000 1.000000
0.609153 -0.727527 0.315654 -0.000000 0.782726 0.615568 -0.091739 25.314699 -0.127564 0.302954 0.944429 0.000000 0.000000 0.000000 0.000000 1.000000
0.679723 -0.653196 0.333635 0.000000 0.715946 0.689704 -0.108301 25.314699 -0.159368 0.312479 0.936461 0.000000 0.000000 0.000000 0.000000 1.000000
0.754314 -0.559068 0.344170 0.000000 0.625337 0.771480 -0.117356 25.314699 -0.199910 0.303746 0.931544 0.000000 0.000000 0.000000 0.000000 1.000000
0.805654 -0.475782 0.352921 -0.000000 0.547547 0.825464 -0.137119 25.314699 -0.226085 0.303712 0.925551 -0.000000 0.000000 0.000000 0.000000 1.000000
0.834363 -0.420058 0.356917 -0.000000 0.496757 0.853642 -0.156610 25.314699 -0.238895 0.307971 0.920914 -0.000000 0.000000 0.000000 0.000000 1.000000
0.818920 -0.444830 0.362625 0.000000 0.517703 0.845279 -0.132235 25.314699 -0.247697 0.296022 0.922506 0.000000 0.000000 0.000000 0.000000 1.000000</float_array>
        <technique_common>
          <accessor source="#mixamorig12_LeftForeArm-Matrix-animation-output-transform-array" count="32" stride="16">
            <param type="float4x4"/>
          </accessor>
        </technique_common>
      </source>
      <source id="mixamorig12_LeftForeArm-Interpolations">
        <Name_array id="mixamorig12_LeftForeArm-Interpolations-array" count="32">
 LINEAR LINEAR LINEAR LINEAR LINEAR LINEAR LINEAR LINEAR LINEAR LINEAR LINEAR
LINEAR LINEAR LINEAR LINEAR LINEAR LINEAR LINEAR LINEAR LINEAR LINEAR LINEAR LINEAR
LINEAR LINEAR LINEAR LINEAR LINEAR LINEAR LINEAR LINEAR LINEAR</Name_array>
        <technique_common>
          <accessor source="#mixamorig12_LeftForeArm-Interpolations-array" count="32">
            <param type="name"/>
          </accessor>
        </technique_common>
      </source>
      <sampler id="mixamorig12_LeftForeArm-Matrix-animation-transform">
        <input semantic="INPUT" source="#mixamorig12_LeftForeArm-Matrix-animation-input"/>
        <input semantic="OUTPUT" source="#mixamorig12_LeftForeArm-Matrix-animation-output-transform"/>
        <input semantic="INTERPOLATION" source="#mixamorig12_LeftForeArm-Interpolations"/>
      </sampler>
      <channel source="#mixamorig12_LeftForeArm-Matrix-animation-transform" target="mixamorig12_LeftForeArm/matrix"/>
    </animation>
    <animation id="mixamorig12_LeftHand-anim" name="mixamorig12_LeftHand">
      <source id="mixamorig12_LeftHand-Matrix-animation-input">
        <float_array id="mixamorig12_LeftHand-Matrix-animation-input-array" count="32">

0.000000 0.033333 0.066667 0.100000 0.133333 0.166667 0.200000 0.233333 0.266667 0.300000 0.333333 0.366667 0.400000 0.433333 0.466667 0.500000
0.533333 0.566667 0.600000 0.633333 0.666667 0.700000 0.733333 0.766667 0.800000 0.833333 0.866667 0.900000 0.933333 0.966667 1.000000 1.033333</float_array>
        <technique_common>
          <accessor source="#mixamorig12_LeftHand-Matrix-animation-input-array" count="32">
            <param name="TIME" type="float"/>
          </accessor>
        </technique_common>
      </source>
      <source id="mixamorig12_LeftHand-Matrix-animation-output-transform">
        <float_array id="mixamorig12_LeftHand-Matrix-animation-output-transform-array" count="512">

0.917335 -0.136780 0.373882 0.000000 0.062743 0.977062 0.203503 23.166300 -0.393141 -0.163222 0.904875 -0.000000 0.000000 0.000000 0.000000 1.000000
0.900774 -0.150852 0.407247 0.000000 0.077240 0.978432 0.191585 23.166300 -0.427364 -0.141119 0.892998 0.000000 0.000000 0.000000 0.000000 1.000000
0.910148 -0.143737 0.388550 0.000000 0.073406 0.978995 0.190213 23.166300 -0.407729 -0.144600 0.901581 -0.000000 0.000000 0.000000 0.000000 1.000000
0.912235 -0.152414 0.380260 0.000000 0.083195 0.977797 0.192334 23.166300 -0.401132 -0.143818 0.904660 0.000000 0.000000 0.000000 0.000000 1.000000
0.903704 -0.172503 0.391870 0.000000 0.104371 0.976392 0.189119 23.166300 -0.415242 -0.130007 0.900373 0.000000 0.000000 0.000000 0.000000 1.000000
0.887601 -0.193416 0.418037 -0.000000 0.126789 0.975100 0.181949 23.166300 -0.442819 -0.108495 0.890022 -0.000000 0.000000 0.000000 0.000000 1.000000
0.870790 -0.170590 0.461112 -0.000000 0.112144 0.982069 0.151540 23.166300 -0.478695 -0.080249 0.874306 -0.000000 0.000000 0.000000 0.000000 1.000000
0.866010 -0.061233 0.496263 -0.000000 0.022061 0.996186 0.084419 23.166300 -0.499539 -0.062160 0.864058 0.000000 0.000000 0.000000 0.000000 1.000000
0.865397 0.074476 0.495521 0.000000 -0.093388 0.995539 0.013468 23.166300 -0.492308 -0.057931 0.868491 -0.000000 0.000000 0.000000 0.000000 1.000000
0.862356 0.166370 0.478187 0.000000 -0.172737 0.984480 -0.031006 23.166300 -0.475924 -0.055862 0.877711 -0.000000 0.000000 0.000000 0.000000 1.000000
0.844786 0.244405 0.476028 0.000000 -0.240439 0.968111 -0.070357 23.166300 -0.478044 -0.055019 0.876611 0.000000 0.000000 0.000000 0.000000 1.000000
0.824601 0.307583 0.474791 0.000000 -0.293312 0.950112 -0.106094 23.166300 -0.483737 -0.051777 0.873681 0.000000 0.000000 0.000000 0.000000 1.000000
0.825713 0.321847 0.463263 -0.000000 -0.301990 0.945871 -0.118872 23.166300 -0.476446 -0.041746 0.878212 0.000000 0.000000 0.000000 0.000000 1.000000
0.839099 0.264791 0.475183 -0.000000 -0.250977 0.963449 -0.093685 23.166300 -0.482621 -0.040649 0.874885 -0.000000 0.000000 0.000000 0.000000 1.000000
0.859442 0.198524 0.471113 0.000000 -0.191027 0.979479 -0.064261 23.166300 -0.474202 -0.034766 0.879729 -0.000000 0.000000 0.000000 0.000000 1.000000
0.881712 0.149875 0.447350 0.000000 -0.143727 0.988458 -0.047881 23.166300 -0.449363 -0.022079 0.893076 0.000000 0.000000 0.000000 0.000000 1.000000
0.902855 0.125503 0.411220 0.000000 -0.117851 0.992055 -0.044022 23.166300 -0.413478 -0.008717 0.910472 0.000000 0.000000 0.000000 0.000000 1.000000
0.921579 0.127828 0.366540 0.000000 -0.117338 0.991789 -0.050859 23.166300 -0.370031 0.003861 0.929011 0.000000 0.000000 0.000000 0.000000 1.000000
0.935304 0.133020 0.327890 -0.000000 -0.123070 0.991086 -0.051013 23.166300 -0.331753 0.007359 0.943337 0.000000 0.000000 0.000000 0.000000 1.000000
0.946316 0.133265 0.294494 0.000000 -0.128375 0.991073 -0.035967 23.166300 -0.296658 -0.003769 0.954976 0.000000 0.000000 0.000000 0.000000 1.000000
0.955709 0.117540 0.269822 0.000000 -0.121028 0.992642 -0.003733 23.166300 -0.268276 -0.029088 0.962903 -0.000000 0.000000 0.000000 0.000000 1.000000
0.962377 0.078403 0.260159 0.000000 -0.094570 0.994252 0.050198 23.166300 -0.254728 -0.072913 0.964260 0.000000 0.000000 0.000000 0.000000 1.000000
0.965975 0.018957 0.257939 0.000000 -0.051890 0.991237 0.121474 23.166300 -0.253376 -0.130726 0.958494 0.000000 0.000000 0.000000 0.000000 1.000000
0.964865 -0.041541 0.259443 0.000000 -0.007916 0.982378 0.186737 23.166300 -0.262629 -0.182230 0.947533 0.000000 0.000000 0.000000 0.000000 1.000000
0.963834 -0.084938 0.252607 0.000000 0.024277 0.971894 0.234164 23.166300 -0.265397 -0.219562 0.938806 0.000000 0.000000 0.000000 0.000000 1.000000
0.962035 -0.115993 0.247052 -0.000000 0.048094 0.963078 0.264890 23.166300 -0.268656 -0.242952 0.932094 0.000000 0.000000 0.000000 0.000000 1.000000
0.961004 -0.135952 0.240808 -0.000000 0.065431 0.957867 0.279660 23.166300 -0.268682 -0.252998 0.929409 0.000000 0.000000 0.000000 0.000000 1.000000
0.962899 -0.133987 0.234251 0.000000 0.065532 0.958149 0.278668 23.166300 -0.261785 -0.252978 0.931381 0.000000 0.000000 0.000000 0.000000 1.000000
0.963774 -0.135104 0.229972 0.000000 0.070162 0.960272 0.270103 23.166300 -0.257328 -0.244183 0.934964 0.000000 0.000000 0.000000 0.000000 1.000000
0.954286 -0.134635 0.266855 0.000000 0.065995 0.965681 0.251209 23.166300 -0.291518 -0.222114 0.930421 0.000000 0.000000 0.000000 0.000000 1.000000
0.931408 -0.139013 0.336384 0.000000 0.062129 0.971350 0.229389 23.166300 -0.358635 -0.192755 0.913360 -0.000000 0.000000 0.000000 0.000000 1.000000
0.917335 -0.136780 0.373882 -0.000000 0.062743 0.977062 0.203503 23.166300 -0.393141 -0.163222 0.904875 -0.000000 0.000000 0.000000 0.000000 1.000000</float_array>
        <technique_common>
          <accessor source="#mixamorig12_LeftHand-Matrix-animation-output-transform-array" count="32" stride="16">
            <param type="float4x4"/>
          </accessor>
        </technique_common>
      </source>
      <source id="mixamorig12_LeftHand-Interpolations">
        <Name_array id="mixamorig12_LeftHand-Interpolations-array" count="32">
 LINEAR LINEAR LINEAR LINEAR LINEAR LINEAR LINEAR LINEAR LINEAR LINEAR LINEAR
LINEAR LINEAR LINEAR LINEAR LINEAR LINEAR LINEAR LINEAR LINEAR LINEAR LINEAR LINEAR
LINEAR LINEAR LINEAR LINEAR LINEAR LINEAR LINEAR LINEAR LINEAR</Name_array>
        <technique_common>
          <accessor source="#mixamorig12_LeftHand-Interpolations-array" count="32">
            <param type="name"/>
          </accessor>
        </technique_common>
      </source>
      <sampler id="mixamorig12_LeftHand-Matrix-animation-transform">
        <input semantic="INPUT" source="#mixamorig12_LeftHand-Matrix-animation-input"/>
        <input semantic="OUTPUT" source="#mixamorig12_LeftHand-Matrix-animation-output-transform"/>
        <input semantic="INTERPOLATION" source="#mixamorig12_LeftHand-Interpolations"/>
      </sampler>
      <channel source="#mixamorig12_LeftHand-Matrix-animation-transform" target="mixamorig12_LeftHand/matrix"/>
    </animation>
    <animation id="mixamorig12_LeftHandThumb1-anim" name="mixamorig12_LeftHandThumb1">
      <source id="mixamorig12_LeftHandThumb1-Matrix-animation-input">
        <float_array id="mixamorig12_LeftHandThumb1-Matrix-animation-input-array" count="32">

0.000000 0.033333 0.066667 0.100000 0.133333 0.166667 0.200000 0.233333 0.266667 0.300000 0.333333 0.366667 0.400000 0.433333 0.466667 0.500000
0.533333 0.566667 0.600000 0.633333 0.666667 0.700000 0.733333 0.766667 0.800000 0.833333 0.866667 0.900000 0.933333 0.966667 1.000000 1.033333</float_array>
        <technique_common>
          <accessor source="#mixamorig12_LeftHandThumb1-Matrix-animation-input-array" count="32">
            <param name="TIME" type="float"/>
          </accessor>
        </technique_common>
      </source>
      <source id="mixamorig12_LeftHandThumb1-Matrix-animation-output-transform">
        <float_array id="mixamorig12_LeftHandThumb1-Matrix-animation-output-transform-array" count="512">

0.960737 -0.258472 0.100884 -3.017700 0.272659 0.812121 -0.515864 3.212600 0.051406 0.523117 0.850709 1.474900 0.000000 0.000000 0.000000 1.000000
0.960736 -0.258472 0.100884 -3.017700 0.272659 0.812121 -0.515864 3.212600 0.051407 0.523117 0.850709 1.474900 0.000000 0.000000 0.000000 1.000000
0.960737 -0.258472 0.100884 -3.017700 0.272659 0.812121 -0.515864 3.212600 0.051406 0.523117 0.850709 1.474900 0.000000 0.000000 0.000000 1.000000
0.960736 -0.258472 0.100884 -3.017700 0.272659 0.812121 -0.515865 3.212600 0.051406 0.523117 0.850709 1.474900 0.000000 0.000000 0.000000 1.000000
0.960737 -0.258472 0.100884 -3.017700 0.272659 0.812122 -0.515864 3.212600 0.051406 0.523116 0.850709 1.474900 0.000000 0.000000 0.000000 1.000000
0.960736 -0.258472 0.100884 -3.017700 0.272659 0.812121 -0.515864 3.212600 0.051406 0.523117 0.850709 1.474900 0.000000 0.000000 0.000000 1.000000
0.960737 -0.258472 0.100884 -3.017700 0.272659 0.812121 -0.515864 3.212600 0.051406 0.523117 0.850709 1.474900 0.000000 0.000000 0.000000 1.000000
0.960737 -0.258472 0.100884 -3.017700 0.272659 0.812122 -0.515864 3.212600 0.051406 0.523116 0.850709 1.474900 0.000000 0.000000 0.000000 1.000000
0.960736 -0.258472 0.100884 -3.017700 0.272659 0.812122 -0.515864 3.212600 0.051406 0.523117 0.850709 1.474900 0.000000 0.000000 0.000000 1.000000
0.960736 -0.258472 0.100884 -3.017700 0.272659 0.812121 -0.515864 3.212600 0.051406 0.523117 0.850709 1.474900 0.000000 0.000000 0.000000 1.000000
0.960737 -0.258472 0.100884 -3.017700 0.272659 0.812121 -0.515864 3.212600 0.051406 0.523117 0.850709 1.474900 0.000000 0.000000 0.000000 1.000000
0.960737 -0.258472 0.100884 -3.017700 0.272659 0.812121 -0.515864 3.212600 0.051406 0.523117 0.850709 1.474900 0.000000 0.000000 0.000000 1.000000
0.960736 -0.258472 0.100884 -3.017700 0.272659 0.812122 -0.515864 3.212600 0.051406 0.523116 0.850710 1.474900 0.000000 0.000000 0.000000 1.000000
0.960737 -0.258472 0.100884 -3.017700 0.272659 0.812121 -0.515864 3.212600 0.051406 0.523117 0.850709 1.474900 0.000000 0.000000 0.000000 1.000000
0.960737 -0.258472 0.100884 -3.017700 0.272659 0.812121 -0.515864 3.212600 0.051406 0.523117 0.850709 1.474900 0.000000 0.000000 0.000000 1.000000
0.960736 -0.258472 0.100884 -3.017700 0.272659 0.812121 -0.515865 3.212600 0.051406 0.523117 0.850709 1.474900 0.000000 0.000000 0.000000 1.000000
0.960736 -0.258472 0.100884 -3.017700 0.272659 0.812121 -0.515864 3.212600 0.051406 0.523117 0.850709 1.474900 0.000000 0.000000 0.000000 1.000000
0.960736 -0.258472 0.100884 -3.017700 0.272659 0.812121 -0.515864 3.212600 0.051406 0.523117 0.850709 1.474900 0.000000 0.000000 0.000000 1.000000
0.960736 -0.258472 0.100884 -3.017700 0.272659 0.812121 -0.515864 3.212600 0.051406 0.523117 0.850709 1.474900 0.000000 0.000000 0.000000 1.000000
0.960737 -0.258472 0.100884 -3.017700 0.272659 0.812122 -0.515864 3.212600 0.051406 0.523117 0.850709 1.474900 0.000000 0.000000 0.000000 1.000000
0.960737 -0.258472 0.100884 -3.017700 0.272659 0.812122 -0.515864 3.212600 0.051406 0.523117 0.850709 1.474900 0.000000 0.000000 0.000000 1.000000
0.960737 -0.258472 0.100884 -3.017700 0.272659 0.812122 -0.515864 3.212600 0.051406 0.523117 0.850709 1.474900 0.000000 0.000000 0.000000 1.000000
0.960736 -0.258472 0.100884 -3.017700 0.272659 0.812121 -0.515864 3.212600 0.051406 0.523117 0.850709 1.474900 0.000000 0.000000 0.000000 1.000000
0.960737 -0.258472 0.100884 -3.017700 0.272659 0.812122 -0.515864 3.212600 0.051406 0.523117 0.850709 1.474900 0.000000 0.000000 0.000000 1.000000
0.960736 -0.258472 0.100884 -3.017700 0.272659 0.812121 -0.515864 3.212600 0.051406 0.523117 0.850709 1.474900 0.000000 0.000000 0.000000 1.000000
0.960736 -0.258472 0.100884 -3.017700 0.272659 0.812121 -0.515864 3.212600 0.051406 0.523117 0.850709 1.474900 0.000000 0.000000 0.000000 1.000000
0.960736 -0.258472 0.100884 -3.017700 0.272659 0.812121 -0.515864 3.212600 0.051406 0.523117 0.850709 1.474900 0.000000 0.000000 0.000000 1.000000
0.960737 -0.258472 0.100884 -3.017700 0.272658 0.812122 -0.515864 3.212600 0.051406 0.523116 0.850709 1.474900 0.000000 0.000000 0.000000 1.000000
0.960736 -0.258472 0.100884 -3.017700 0.272659 0.812121 -0.515865 3.212600 0.051406 0.523117 0.850709 1.474900 0.000000 0.000000 0.000000 1.000000
0.960737 -0.258472 0.100884 -3.017700 0.272659 0.812121 -0.515864 3.212600 0.051407 0.523117 0.850709 1.474900 0.000000 0.000000 0.000000 1.000000
0.960737 -0.258472 0.100884 -3.017700 0.272659 0.812121 -0.515864 3.212600 0.051406 0.523117 0.850709 1.474900 0.000000 0.000000 0.000000 1.000000
0.960737 -0.258472 0.100884 -3.017700 0.272659 0.812122 -0.515864 3.212600 0.051406 0.523116 0.850709 1.474900 0.000000 0.000000 0.000000 1.000000</float_array>
        <technique_common>
          <accessor source="#mixamorig12_LeftHandThumb1-Matrix-animation-output-transform-array" count="32" stride="16">
            <param type="float4x4"/>
          </accessor>
        </technique_common>
      </source>
      <source id="mixamorig12_LeftHandThumb1-Interpolations">
        <Name_array id="mixamorig12_LeftHandThumb1-Interpolations-array" count="32">
 LINEAR LINEAR LINEAR LINEAR LINEAR LINEAR LINEAR LINEAR LINEAR LINEAR LINEAR
LINEAR LINEAR LINEAR LINEAR LINEAR LINEAR LINEAR LINEAR LINEAR LINEAR LINEAR LINEAR
LINEAR LINEAR LINEAR LINEAR LINEAR LINEAR LINEAR LINEAR LINEAR</Name_array>
        <technique_common>
          <accessor source="#mixamorig12_LeftHandThumb1-Interpolations-array" count="32">
            <param type="name"/>
          </accessor>
        </technique_common>
      </source>
      <sampler id="mixamorig12_LeftHandThumb1-Matrix-animation-transform">
        <input semantic="INPUT" source="#mixamorig12_LeftHandThumb1-Matrix-animation-input"/>
        <input semantic="OUTPUT" source="#mixamorig12_LeftHandThumb1-Matrix-animation-output-transform"/>
        <input semantic="INTERPOLATION" source="#mixamorig12_LeftHandThumb1-Interpolations"/>
      </sampler>
      <channel source="#mixamorig12_LeftHandThumb1-Matrix-animation-transform" target="mixamorig12_LeftHandThumb1/matrix"/>
    </animation>
    <animation id="mixamorig12_LeftHandThumb2-anim" name="mixamorig12_LeftHandThumb2">
      <source id="mixamorig12_LeftHandThumb2-Matrix-animation-input">
        <float_array id="mixamorig12_LeftHandThumb2-Matrix-animation-input-array" count="32">

0.000000 0.033333 0.066667 0.100000 0.133333 0.166667 0.200000 0.233333 0.266667 0.300000 0.333333 0.366667 0.400000 0.433333 0.466667 0.500000
0.533333 0.566667 0.600000 0.633333 0.666667 0.700000 0.733333 0.766667 0.800000 0.833333 0.866667 0.900000 0.933333 0.966667 1.000000 1.033333</float_array>
        <technique_common>
          <accessor source="#mixamorig12_LeftHandThumb2-Matrix-animation-input-array" count="32">
            <param name="TIME" type="float"/>
          </accessor>
        </technique_common>
      </source>
      <source id="mixamorig12_LeftHandThumb2-Matrix-animation-output-transform">
        <float_array id="mixamorig12_LeftHandThumb2-Matrix-animation-output-transform-array" count="512">

0.995829 -0.090809 -0.008821 -0.690900 0.090964 0.995671 0.019076 3.653500 0.007051 -0.019799 0.999779 0.000000 0.000000 0.000000 0.000000 1.000000
0.995829 -0.090809 -0.008821 -0.690900 0.090963 0.995672 0.019076 3.653500 0.007051 -0.019799 0.999779 0.000000 0.000000 0.000000 0.000000 1.000000
0.995829 -0.090809 -0.008821 -0.690900 0.090964 0.995671 0.019076 3.653500 0.007051 -0.019799 0.999779 0.000000 0.000000 0.000000 0.000000 1.000000
0.995829 -0.090809 -0.008821 -0.690900 0.090964 0.995671 0.019076 3.653500 0.007051 -0.019799 0.999779 0.000000 0.000000 0.000000 0.000000 1.000000
0.995829 -0.090809 -0.008821 -0.690900 0.090964 0.995672 0.019076 3.653500 0.007051 -0.019799 0.999779 0.000000 0.000000 0.000000 0.000000 1.000000
0.995829 -0.090809 -0.008821 -0.690900 0.090963 0.995672 0.019076 3.653500 0.007051 -0.019799 0.999779 -0.000000 0.000000 0.000000 0.000000 1.000000
0.995829 -0.090809 -0.008822 -0.690900 0.090964 0.995671 0.019076 3.653500 0.007051 -0.019799 0.999779 0.000000 0.000000 0.000000 0.000000 1.000000
0.995829 -0.090809 -0.008821 -0.690900 0.090964 0.995671 0.019077 3.653500 0.007051 -0.019799 0.999779 0.000000 0.000000 0.000000 0.000000 1.000000
0.995829 -0.090809 -0.008821 -0.690900 0.090963 0.995672 0.019076 3.653500 0.007051 -0.019799 0.999779 0.000000 0.000000 0.000000 0.000000 1.000000
0.995829 -0.090809 -0.008821 -0.690900 0.090963 0.995672 0.019076 3.653500 0.007051 -0.019799 0.999779 -0.000000 0.000000 0.000000 0.000000 1.000000
0.995829 -0.090809 -0.008821 -0.690900 0.090964 0.995671 0.019076 3.653500 0.007051 -0.019799 0.999779 0.000000 0.000000 0.000000 0.000000 1.000000
0.995829 -0.090809 -0.008821 -0.690900 0.090964 0.995671 0.019076 3.653500 0.007051 -0.019799 0.999779 -0.000000 0.000000 0.000000 0.000000 1.000000
0.995829 -0.090809 -0.008821 -0.690900 0.090963 0.995672 0.019076 3.653500 0.007051 -0.019799 0.999779 0.000000 0.000000 0.000000 0.000000 1.000000
0.995829 -0.090809 -0.008821 -0.690900 0.090964 0.995671 0.019076 3.653500 0.007051 -0.019799 0.999779 0.000000 0.000000 0.000000 0.000000 1.000000
0.995829 -0.090809 -0.008821 -0.690900 0.090964 0.995671 0.019076 3.653500 0.007051 -0.019799 0.999779 0.000000 0.000000 0.000000 0.000000 1.000000
0.995829 -0.090809 -0.008822 -0.690900 0.090964 0.995671 0.019077 3.653500 0.007051 -0.019800 0.999779 0.000000 0.000000 0.000000 0.000000 1.000000
0.995829 -0.090809 -0.008821 -0.690900 0.090963 0.995672 0.019076 3.653500 0.007051 -0.019799 0.999779 0.000000 0.000000 0.000000 0.000000 1.000000
0.995829 -0.090809 -0.008821 -0.690900 0.090964 0.995671 0.019076 3.653500 0.007051 -0.019799 0.999779 0.000000 0.000000 0.000000 0.000000 1.000000
0.995829 -0.090809 -0.008821 -0.690900 0.090963 0.995672 0.019076 3.653500 0.007051 -0.019799 0.999779 0.000000 0.000000 0.000000 0.000000 1.000000
0.995829 -0.090809 -0.008821 -0.690900 0.090964 0.995671 0.019076 3.653500 0.007051 -0.019799 0.999779 -0.000000 0.000000 0.000000 0.000000 1.000000
0.995829 -0.090809 -0.008821 -0.690900 0.090964 0.995671 0.019076 3.653500 0.007051 -0.019799 0.999779 0.000000 0.000000 0.000000 0.000000 1.000000
0.995829 -0.090809 -0.008822 -0.690900 0.090964 0.995671 0.019076 3.653500 0.007051 -0.019799 0.999779 0.000000 0.000000 0.000000 0.000000 1.000000
0.995829 -0.090809 -0.008821 -0.690900 0.090964 0.995671 0.019076 3.653500 0.007051 -0.019799 0.999779 0.000000 0.000000 0.000000 0.000000 1.000000
0.995829 -0.090809 -0.008821 -0.690900 0.090964 0.995671 0.019076 3.653500 0.007051 -0.019799 0.999779 -0.000000 0.000000 0.000000 0.000000 1.000000
0.995829 -0.090809 -0.008821 -0.690900 0.090963 0.995672 0.019076 3.653500 0.007051 -0.019799 0.999779 0.000000 0.000000 0.000000 0.000000 1.000000
0.995829 -0.090809 -0.008821 -0.690900 0.090963 0.995672 0.019076 3.653500 0.007051 -0.019799 0.999779 -0.000000 0.000000 0.000000 0.000000 1.000000
0.995829 -0.090809 -0.008821 -0.690900 0.090964 0.995671 0.019076 3.653500 0.007051 -0.019799 0.999779 0.000000 0.000000 0.000000 0.000000 1.000000
0.995829 -0.090809 -0.008821 -0.690900 0.090964 0.995671 0.019076 3.653500 0.007051 -0.019799 0.999779 0.000000 0.000000 0.000000 0.000000 1.000000
0.995829 -0.090809 -0.008821 -0.690900 0.090964 0.995671 0.019076 3.653500 0.007051 -0.019799 0.999779 -0.000000 0.000000 0.000000 0.000000 1.000000
0.995829 -0.090809 -0.008821 -0.690900 0.090964 0.995671 0.019076 3.653500 0.007051 -0.019799 0.999779 0.000000 0.000000 0.000000 0.000000 1.000000
0.995829 -0.090809 -0.008821 -0.690900 0.090963 0.995672 0.019077 3.653500 0.007051 -0.019799 0.999779 -0.000000 0.000000 0.000000 0.000000 1.000000
0.995829 -0.090809 -0.008821 -0.690900 0.090964 0.995671 0.019076 3.653500 0.007051 -0.019799 0.999779 0.000000 0.000000 0.000000 0.000000 1.000000</float_array>
        <technique_common>
          <accessor source="#mixamorig12_LeftHandThumb2-Matrix-animation-output-transform-array" count="32" stride="16">
            <param type="float4x4"/>
          </accessor>
        </technique_common>
      </source>
      <source id="mixamorig12_LeftHandThumb2-Interpolations">
        <Name_array id="mixamorig12_LeftHandThumb2-Interpolations-array" count="32">
 LINEAR LINEAR LINEAR LINEAR LINEAR LINEAR LINEAR LINEAR LINEAR LINEAR LINEAR
LINEAR LINEAR LINEAR LINEAR LINEAR LINEAR LINEAR LINEAR LINEAR LINEAR LINEAR LINEAR
LINEAR LINEAR LINEAR LINEAR LINEAR LINEAR LINEAR LINEAR LINEAR</Name_array>
        <technique_common>
          <accessor source="#mixamorig12_LeftHandThumb2-Interpolations-array" count="32">
            <param type="name"/>
          </accessor>
        </technique_common>
      </source>
      <sampler id="mixamorig12_LeftHandThumb2-Matrix-animation-transform">
        <input semantic="INPUT" source="#mixamorig12_LeftHandThumb2-Matrix-animation-input"/>
        <input semantic="OUTPUT" source="#mixamorig12_LeftHandThumb2-Matrix-animation-output-transform"/>
        <input semantic="INTERPOLATION" source="#mixamorig12_LeftHandThumb2-Interpolations"/>
      </sampler>
      <channel source="#mixamorig12_LeftHandThumb2-Matrix-animation-transform" target="mixamorig12_LeftHandThumb2/matrix"/>
    </animation>
    <animation id="mixamorig12_LeftHandThumb3-anim" name="mixamorig12_LeftHandThumb3">
      <source id="mixamorig12_LeftHandThumb3-Matrix-animation-input">
        <float_array id="mixamorig12_LeftHandThumb3-Matrix-animation-input-array" count="32">

0.000000 0.033333 0.066667 0.100000 0.133333 0.166667 0.200000 0.233333 0.266667 0.300000 0.333333 0.366667 0.400000 0.433333 0.466667 0.500000
0.533333 0.566667 0.600000 0.633333 0.666667 0.700000 0.733333 0.766667 0.800000 0.833333 0.866667 0.900000 0.933333 0.966667 1.000000 1.033333</float_array>
        <technique_common>
          <accessor source="#mixamorig12_LeftHandThumb3-Matrix-animation-input-array" count="32">
            <param name="TIME" type="float"/>
          </accessor>
        </technique_common>
      </source>
      <source id="mixamorig12_LeftHandThumb3-Matrix-animation-output-transform">
        <float_array id="mixamorig12_LeftHandThumb3-Matrix-animation-output-transform-array" count="512">

0.982193 -0.187580 -0.010521 0.108400 0.187594 0.982247 0.000346 3.292700 0.010269 -0.002314 0.999945 0.000000 0.000000 0.000000 0.000000 1.000000
0.982193 -0.187580 -0.010520 0.108400 0.187594 0.982247 0.000346 3.292700 0.010269 -0.002314 0.999945 -0.000000 0.000000 0.000000 0.000000 1.000000
0.982193 -0.187581 -0.010521 0.108400 0.187594 0.982247 0.000346 3.292700 0.010269 -0.002314 0.999945 0.000000 0.000000 0.000000 0.000000 1.000000
0.982193 -0.187580 -0.010520 0.108400 0.187594 0.982247 0.000346 3.292700 0.010268 -0.002314 0.999945 -0.000000 0.000000 0.000000 0.000000 1.000000
0.982193 -0.187580 -0.010520 0.108400 0.187594 0.982247 0.000346 3.292700 0.010269 -0.002314 0.999945 0.000000 0.000000 0.000000 0.000000 1.000000
0.982193 -0.187581 -0.010520 0.108400 0.187595 0.982246 0.000346 3.292700 0.010269 -0.002314 0.999945 0.000000 0.000000 0.000000 0.000000 1.000000
0.982193 -0.187580 -0.010520 0.108400 0.187594 0.982247 0.000346 3.292700 0.010268 -0.002314 0.999945 0.000000 0.000000 0.000000 0.000000 1.000000
0.982193 -0.187580 -0.010520 0.108400 0.187594 0.982247 0.000346 3.292700 0.010269 -0.002314 0.999945 0.000000 0.000000 0.000000 0.000000 1.000000
0.982193 -0.187580 -0.010520 0.108400 0.187594 0.982247 0.000346 3.292700 0.010269 -0.002314 0.999945 0.000000 0.000000 0.000000 0.000000 1.000000
0.982193 -0.187580 -0.010520 0.108400 0.187594 0.982247 0.000346 3.292700 0.010269 -0.002314 0.999945 -0.000000 0.000000 0.000000 0.000000 1.000000
0.982193 -0.187580 -0.010520 0.108400 0.187594 0.982247 0.000346 3.292700 0.010269 -0.002314 0.999945 -0.000000 0.000000 0.000000 0.000000 1.000000
0.982193 -0.187580 -0.010520 0.108400 0.187594 0.982247 0.000346 3.292700 0.010268 -0.002314 0.999945 0.000000 0.000000 0.000000 0.000000 1.000000
0.982193 -0.187581 -0.010521 0.108400 0.187595 0.982246 0.000346 3.292700 0.010269 -0.002314 0.999945 0.000000 0.000000 0.000000 0.000000 1.000000
0.982193 -0.187580 -0.010521 0.108400 0.187594 0.982247 0.000346 3.292700 0.010269 -0.002314 0.999945 0.000000 0.000000 0.000000 0.000000 1.000000
0.982193 -0.187580 -0.010520 0.108400 0.187594 0.982247 0.000346 3.292700 0.010269 -0.002314 0.999945 -0.000000 0.000000 0.000000 0.000000 1.000000
0.982193 -0.187580 -0.010520 0.108400 0.187594 0.982247 0.000346 3.292700 0.010269 -0.002313 0.999945 0.000000 0.000000 0.000000 0.000000 1.000000
0.982193 -0.187581 -0.010520 0.108400 0.187595 0.982246 0.000346 3.292700 0.010269 -0.002314 0.999945 0.000000 0.000000 0.000000 0.000000 1.000000
0.982193 -0.187580 -0.010520 0.108400 0.187594 0.982247 0.000346 3.292700 0.010269 -0.002314 0.999945 0.000000 0.000000 0.000000 0.000000 1.000000
0.982193 -0.187580 -0.010520 0.108400 0.187594 0.982247 0.000346 3.292700 0.010269 -0.002314 0.999945 0.000000 0.000000 0.000000 0.000000 1.000000
0.982193 -0.187580 -0.010520 0.108400 0.187594 0.982247 0.000346 3.292700 0.010269 -0.002314 0.999945 0.000000 0.000000 0.000000 0.000000 1.000000
0.982193 -0.187580 -0.010520 0.108400 0.187594 0.982247 0.000346 3.292700 0.010269 -0.002314 0.999945 0.000000 0.000000 0.000000 0.000000 1.000000
0.982193 -0.187580 -0.010520 0.108400 0.187594 0.982247 0.000346 3.292700 0.010268 -0.002314 0.999945 -0.000000 0.000000 0.000000 0.000000 1.000000
0.982193 -0.187580 -0.010520 0.108400 0.187594 0.982247 0.000346 3.292700 0.010269 -0.002314 0.999945 0.000000 0.000000 0.000000 0.000000 1.000000
0.982193 -0.187580 -0.010520 0.108400 0.187594 0.982247 0.000346 3.292700 0.010269 -0.002314 0.999945 0.000000 0.000000 0.000000 0.000000 1.000000
0.982193 -0.187581 -0.010521 0.108400 0.187594 0.982246 0.000346 3.292700 0.010269 -0.002314 0.999945 0.000000 0.000000 0.000000 0.000000 1.000000
0.982193 -0.187580 -0.010520 0.108400 0.187594 0.982247 0.000346 3.292700 0.010269 -0.002313 0.999945 0.000000 0.000000 0.000000 0.000000 1.000000
0.982193 -0.187580 -0.010520 0.108400 0.187594 0.982247 0.000346 3.292700 0.010269 -0.002314 0.999945 0.000000 0.000000 0.000000 0.000000 1.000000
0.982193 -0.187580 -0.010521 0.108400 0.187594 0.982247 0.000346 3.292700 0.010269 -0.002314 0.999945 0.000000 0.000000 0.000000 0.000000 1.000000
0.982193 -0.187580 -0.010520 0.108400 0.187594 0.982247 0.000346 3.292700 0.010269 -0.002314 0.999945 0.000000 0.000000 0.000000 0.000000 1.000000
0.982193 -0.187580 -0.010520 0.108400 0.187594 0.982247 0.000346 3.292700 0.010269 -0.002314 0.999945 0.000000 0.000000 0.000000 0.000000 1.000000
0.982193 -0.187580 -0.010520 0.108400 0.187594 0.982247 0.000346 3.292700 0.010269 -0.002314 0.999945 0.000000 0.000000 0.000000 0.000000 1.000000
0.982193 -0.187580 -0.010520 0.108400 0.187594 0.982247 0.000346 3.292700 0.010269 -0.002314 0.999945 0.000000 0.000000 0.000000 0.000000 1.000000</float_array>
        <technique_common>
          <accessor source="#mixamorig12_LeftHandThumb3-Matrix-animation-output-transform-array" count="32" stride="16">
            <param type="float4x4"/>
          </accessor>
        </technique_common>
      </source>
      <source id="mixamorig12_LeftHandThumb3-Interpolations">
        <Name_array id="mixamorig12_LeftHandThumb3-Interpolations-array" count="32">
 LINEAR LINEAR LINEAR LINEAR LINEAR LINEAR LINEAR LINEAR LINEAR LINEAR LINEAR
LINEAR LINEAR LINEAR LINEAR LINEAR LINEAR LINEAR LINEAR LINEAR LINEAR LINEAR LINEAR
LINEAR LINEAR LINEAR LINEAR LINEAR LINEAR LINEAR LINEAR LINEAR</Name_array>
        <technique_common>
          <accessor source="#mixamorig12_LeftHandThumb3-Interpolations-array" count="32">
            <param type="name"/>
          </accessor>
        </technique_common>
      </source>
      <sampler id="mixamorig12_LeftHandThumb3-Matrix-animation-transform">
        <input semantic="INPUT" source="#mixamorig12_LeftHandThumb3-Matrix-animation-input"/>
        <input semantic="OUTPUT" source="#mixamorig12_LeftHandThumb3-Matrix-animation-output-transform"/>
        <input semantic="INTERPOLATION" source="#mixamorig12_LeftHandThumb3-Interpolations"/>
      </sampler>
      <channel source="#mixamorig12_LeftHandThumb3-Matrix-animation-transform" target="mixamorig12_LeftHandThumb3/matrix"/>
    </animation>
    <animation id="mixamorig12_LeftHandIndex1-anim" name="mixamorig12_LeftHandIndex1">
      <source id="mixamorig12_LeftHandIndex1-Matrix-animation-input">
        <float_array id="mixamorig12_LeftHandIndex1-Matrix-animation-input-array" count="32">

0.000000 0.033333 0.066667 0.100000 0.133333 0.166667 0.200000 0.233333 0.266667 0.300000 0.333333 0.366667 0.400000 0.433333 0.466667 0.500000
0.533333 0.566667 0.600000 0.633333 0.666667 0.700000 0.733333 0.766667 0.800000 0.833333 0.866667 0.900000 0.933333 0.966667 1.000000 1.033333</float_array>
        <technique_common>
          <accessor source="#mixamorig12_LeftHandIndex1-Matrix-animation-input-array" count="32">
            <param name="TIME" type="float"/>
          </accessor>
        </technique_common>
      </source>
      <source id="mixamorig12_LeftHandIndex1-Matrix-animation-output-transform">
        <float_array id="mixamorig12_LeftHandIndex1-Matrix-animation-output-transform-array" count="512">

0.987357 -0.132438 0.087101 -3.501100 0.156969 0.740396 -0.653585 9.864400 0.022070 0.658994 0.751824 0.216000 0.000000 0.000000 0.000000 1.000000
0.986873 -0.136654 0.086069 -3.501100 0.160085 0.757338 -0.633097 9.864400 0.021332 0.638565 0.769272 0.216000 0.000000 0.000000 0.000000 1.000000
0.986406 -0.140964 0.084454 -3.501100 0.163073 0.776325 -0.608874 9.864400 0.020266 0.614369 0.788759 0.216000 0.000000 0.000000 0.000000 1.000000
0.985944 -0.145210 0.082630 -3.501100 0.166000 0.795423 -0.582877 9.864400 0.018913 0.588401 0.808348 0.216000 0.000000 0.000000 0.000000 1.000000
0.985474 -0.149273 0.080979 -3.501100 0.168935 0.812956 -0.557283 9.864400 0.017355 0.562868 0.826365 0.216000 0.000000 0.000000 0.000000 1.000000
0.984980 -0.153082 0.079879 -3.501100 0.171953 0.827516 -0.534461 9.864400 0.015715 0.540169 0.841410 0.216000 0.000000 0.000000 0.000000 1.000000
0.984441 -0.156596 0.079706 -3.501100 0.175142 0.837926 -0.516918 9.864400 0.014160 0.522836 0.852316 0.216000 0.000000 0.000000 0.000000 1.000000
0.983836 -0.159789 0.080829 -3.501100 0.178605 0.843115 -0.507205 9.864400 0.012897 0.513443 0.858027 0.216000 0.000000 0.000000 0.000000 1.000000
0.983102 -0.162626 0.084041 -3.501100 0.182645 0.840592 -0.509946 9.864400 0.012286 0.516679 0.856091 0.216000 0.000000 0.000000 0.000000 1.000000
0.982075 -0.164968 0.091187 -3.501100 0.188038 0.823839 -0.534725 9.864400 0.013089 0.542286 0.840092 0.216000 0.000000 0.000000 0.000000 1.000000
0.981046 -0.166570 0.099015 -3.501100 0.193221 0.802205 -0.564918 9.864400 0.014669 0.573342 0.819185 0.216000 0.000000 0.000000 0.000000 1.000000
0.980418 -0.167592 0.103409 -3.501100 0.196307 0.790088 -0.580711 9.864400 0.015621 0.589639 0.807516 0.216000 0.000000 0.000000 0.000000 1.000000
0.980019 -0.168576 0.105566 -3.501100 0.198262 0.785392 -0.586388 9.864400 0.015940 0.595601 0.803122 0.216000 0.000000 0.000000 0.000000 1.000000
0.979703 -0.169629 0.106809 -3.501100 0.199819 0.784012 -0.587705 9.864400 0.015952 0.597119 0.801994 0.216000 0.000000 0.000000 0.000000 1.000000
0.979469 -0.170693 0.107256 -3.501100 0.200981 0.785390 -0.585465 9.864400 0.015698 0.595002 0.803571 0.216000 0.000000 0.000000 0.000000 1.000000
0.979318 -0.171705 0.107025 -3.501100 0.201755 0.788920 -0.580431 9.864400 0.015228 0.590019 0.807246 0.216000 0.000000 0.000000 0.000000 1.000000
0.979247 -0.172595 0.106238 -3.501100 0.202144 0.793981 -0.573351 9.864400 0.014607 0.582928 0.812393 0.216000 0.000000 0.000000 0.000000 1.000000
0.979255 -0.173297 0.105011 -3.501100 0.202153 0.799955 -0.564983 9.864400 0.013906 0.574491 0.818393 0.216000 0.000000 0.000000 0.000000 1.000000
0.979340 -0.173747 0.103465 -3.501100 0.201789 0.806248 -0.556098 9.864400 0.013202 0.565487 0.824651 0.216000 0.000000 0.000000 0.000000 1.000000
0.979498 -0.173886 0.101718 -3.501100 0.201059 0.812298 -0.547492 9.864400 0.012576 0.556719 0.830606 0.216000 0.000000 0.000000 0.000000 1.000000
0.979726 -0.173663 0.099889 -3.501100 0.199975 0.817575 -0.539983 9.864400 0.012108 0.549011 0.835727 0.216000 0.000000 0.000000 0.000000 1.000000
0.980020 -0.173027 0.098098 -3.501100 0.198546 0.821576 -0.534408 9.864400 0.011872 0.543207 0.839515 0.216000 0.000000 0.000000 0.000000 1.000000
0.980375 -0.171932 0.096460 -3.501100 0.196780 0.823814 -0.531610 9.864400 0.011935 0.540158 0.841479 0.216000 0.000000 0.000000 0.000000 1.000000
0.980788 -0.170328 0.095094 -3.501100 0.194684 0.823787 -0.532422 9.864400 0.012349 0.540707 0.841120 0.216000 0.000000 0.000000 0.000000 1.000000
0.981268 -0.168103 0.094094 -3.501100 0.192195 0.820876 -0.537795 9.864400 0.013166 0.545805 0.837809 0.216000 0.000000 0.000000 0.000000 1.000000
0.982021 -0.164215 0.093100 -3.501100 0.188198 0.813330 -0.550524 9.864400 0.014684 0.558147 0.829612 0.216000 0.000000 0.000000 0.000000 1.000000
0.983080 -0.158467 0.091878 -3.501100 0.182412 0.801172 -0.569955 9.864400 0.016709 0.577071 0.816523 0.216000 0.000000 0.000000 0.000000 1.000000
0.984271 -0.151689 0.090559 -3.501100 0.175672 0.786099 -0.592611 9.864400 0.018704 0.599199 0.800382 0.216000 0.000000 0.000000 0.000000 1.000000
0.985432 -0.144753 0.089276 -3.501100 0.168853 0.770071 -0.615206 9.864400 0.020304 0.621318 0.783295 0.216000 0.000000 0.000000 0.000000 1.000000
0.986418 -0.138581 0.088172 -3.501100 0.162858 0.755383 -0.634723 9.864400 0.021357 0.640462 0.767693 0.216000 0.000000 0.000000 0.000000 1.000000
0.987100 -0.134146 0.087396 -3.501100 0.158598 0.744599 -0.648397 9.864400 0.021905 0.653894 0.756269 0.216000 0.000000 0.000000 0.000000 1.000000
0.987357 -0.132438 0.087101 -3.501100 0.156969 0.740397 -0.653585 9.864400 0.022070 0.658994 0.751824 0.216000 0.000000 0.000000 0.000000 1.000000</float_array>
        <technique_common>
          <accessor source="#mixamorig12_LeftHandIndex1-Matrix-animation-output-transform-array" count="32" stride="16">
            <param type="float4x4"/>
          </accessor>
        </technique_common>
      </source>
      <source id="mixamorig12_LeftHandIndex1-Interpolations">
        <Name_array id="mixamorig12_LeftHandIndex1-Interpolations-array" count="32">
 LINEAR LINEAR LINEAR LINEAR LINEAR LINEAR LINEAR LINEAR LINEAR LINEAR LINEAR
LINEAR LINEAR LINEAR LINEAR LINEAR LINEAR LINEAR LINEAR LINEAR LINEAR LINEAR LINEAR
LINEAR LINEAR LINEAR LINEAR LINEAR LINEAR LINEAR LINEAR LINEAR</Name_array>
        <technique_common>
          <accessor source="#mixamorig12_LeftHandIndex1-Interpolations-array" count="32">
            <param type="name"/>
          </accessor>
        </technique_common>
      </source>
      <sampler id="mixamorig12_LeftHandIndex1-Matrix-animation-transform">
        <input semantic="INPUT" source="#mixamorig12_LeftHandIndex1-Matrix-animation-input"/>
        <input semantic="OUTPUT" source="#mixamorig12_LeftHandIndex1-Matrix-animation-output-transform"/>
        <input semantic="INTERPOLATION" source="#mixamorig12_LeftHandIndex1-Interpolations"/>
      </sampler>
      <channel source="#mixamorig12_LeftHandIndex1-Matrix-animation-transform" target="mixamorig12_LeftHandIndex1/matrix"/>
    </animation>
    <animation id="mixamorig12_LeftHandIndex2-anim" name="mixamorig12_LeftHandIndex2">
      <source id="mixamorig12_LeftHandIndex2-Matrix-animation-input">
        <float_array id="mixamorig12_LeftHandIndex2-Matrix-animation-input-array" count="32">

0.000000 0.033333 0.066667 0.100000 0.133333 0.166667 0.200000 0.233333 0.266667 0.300000 0.333333 0.366667 0.400000 0.433333 0.466667 0.500000
0.533333 0.566667 0.600000 0.633333 0.666667 0.700000 0.733333 0.766667 0.800000 0.833333 0.866667 0.900000 0.933333 0.966667 1.000000 1.033333</float_array>
        <technique_common>
          <accessor source="#mixamorig12_LeftHandIndex2-Matrix-animation-input-array" count="32">
            <param name="TIME" type="float"/>
          </accessor>
        </technique_common>
      </source>
      <source id="mixamorig12_LeftHandIndex2-Matrix-animation-output-transform">
        <float_array id="mixamorig12_LeftHandIndex2-Matrix-animation-output-transform-array" count="512">

0.996243 -0.079857 0.033516 0.016400 0.044053 0.134078 -0.989991 3.305100 0.074564 0.987748 0.137092 0.000000 0.000000 0.000000 0.000000 1.000000
0.996659 -0.076292 0.029149 0.016400 0.042969 0.186313 -0.981550 3.305100 0.069454 0.979524 0.188968 0.000000 0.000000 0.000000 0.000000 1.000000
0.997093 -0.072119 0.024581 0.016400 0.041470 0.243025 -0.969133 3.305100 0.063920 0.967335 0.245310 0.000000 0.000000 0.000000 0.000000 1.000000
0.997513 -0.067546 0.020133 0.016400 0.039590 0.300627 -0.952920 3.305100 0.058313 0.951347 0.302553 -0.000000 0.000000 0.000000 0.000000 1.000000
0.997894 -0.062842 0.016070 0.016400 0.037438 0.355684 -0.933856 3.305100 0.052970 0.932491 0.357288 0.000000 0.000000 0.000000 0.000000 1.000000
0.998218 -0.058334 0.012596 0.016400 0.035198 0.405030 -0.913625 3.305100 0.048193 0.912440 0.406362 0.000000 0.000000 0.000000 0.000000 1.000000
0.998471 -0.054384 0.009852 0.016400 0.033109 0.445819 -0.894510 3.305100 0.044255 0.893469 0.446939 -0.000000 0.000000 0.000000 0.000000 1.000000
0.998648 -0.051377 0.007933 0.016400 0.031446 0.475491 -0.879158 3.305100 0.041397 0.878219 0.476464 -0.000000 0.000000 0.000000 0.000000 1.000000
0.998729 -0.049900 0.007041 0.016400 0.030608 0.489643 -0.871385 3.305100 0.040035 0.870494 0.490549 -0.000000 0.000000 0.000000 0.000000 1.000000
0.998666 -0.051048 0.007731 0.016400 0.031260 0.478665 -0.877441 3.305100 0.041091 0.876512 0.479623 -0.000000 0.000000 0.000000 0.000000 1.000000
0.998535 -0.053334 0.009165 0.016400 0.032535 0.456315 -0.889223 3.305100 0.043243 0.888218 0.457382 0.000000 0.000000 0.000000 0.000000 1.000000
0.998444 -0.054824 0.010145 0.016400 0.033347 0.441382 -0.896699 3.305100 0.044683 0.895643 0.442524 -0.000000 0.000000 0.000000 0.000000 1.000000
0.998392 -0.055671 0.010717 0.016400 0.033802 0.432773 -0.900869 3.305100 0.045514 0.899782 0.433959 0.000000 0.000000 0.000000 0.000000 1.000000
0.998351 -0.056309 0.011157 0.016400 0.034141 0.426207 -0.903981 3.305100 0.046148 0.902872 0.427426 0.000000 0.000000 0.000000 0.000000 1.000000
0.998320 -0.056792 0.011494 0.016400 0.034396 0.421209 -0.906311 3.305100 0.046630 0.905184 0.422454 0.000000 0.000000 0.000000 0.000000 1.000000
0.998295 -0.057168 0.011759 0.016400 0.034593 0.417294 -0.908113 3.305100 0.047008 0.906972 0.418560 -0.000000 0.000000 0.000000 0.000000 1.000000
0.998274 -0.057486 0.011985 0.016400 0.034759 0.413973 -0.909625 3.305100 0.047329 0.908472 0.415257 -0.000000 0.000000 0.000000 0.000000 1.000000
0.998254 -0.057793 0.012205 0.016400 0.034919 0.410750 -0.911079 3.305100 0.047641 0.909914 0.412051 0.000000 0.000000 0.000000 0.000000 1.000000
0.998231 -0.058136 0.012453 0.016400 0.035096 0.407126 -0.912697 3.305100 0.047991 0.911520 0.408446 0.000000 0.000000 0.000000 0.000000 1.000000
0.998202 -0.058563 0.012764 0.016400 0.035316 0.402601 -0.914694 3.305100 0.048428 0.913501 0.403945 -0.000000 0.000000 0.000000 0.000000 1.000000
0.998164 -0.059119 0.013174 0.016400 0.035600 0.396663 -0.917274 3.305100 0.049002 0.916059 0.398039 0.000000 0.000000 0.000000 0.000000 1.000000
0.998113 -0.059848 0.013721 0.016400 0.035969 0.388801 -0.920620 3.305100 0.049763 0.919376 0.390220 0.000000 0.000000 0.000000 0.000000 1.000000
0.998046 -0.060794 0.014445 0.016400 0.036441 0.378485 -0.924890 3.305100 0.050761 0.923609 0.379961 0.000000 0.000000 0.000000 0.000000 1.000000
0.997958 -0.061997 0.015390 0.016400 0.037031 0.365177 -0.930201 3.305100 0.052050 0.928871 0.366727 -0.000000 0.000000 0.000000 0.000000 1.000000
0.997842 -0.063516 0.016624 0.016400 0.037759 0.348033 -0.936722 3.305100 0.053711 0.935328 0.349680 0.000000 0.000000 0.000000 0.000000 1.000000
0.997662 -0.065773 0.018545 0.016400 0.038803 0.321840 -0.945999 3.305100 0.056253 0.944507 0.323639 0.000000 0.000000 0.000000 0.000000 1.000000
0.997409 -0.068739 0.021242 0.016400 0.040101 0.286024 -0.957383 3.305100 0.059733 0.955754 0.288039 0.000000 0.000000 0.000000 0.000000 1.000000
0.997110 -0.071947 0.024404 0.016400 0.041403 0.245275 -0.968569 3.305100 0.063700 0.966780 0.247545 0.000000 0.000000 0.000000 0.000000 1.000000
0.996801 -0.074987 0.027662 0.016400 0.042525 0.204529 -0.977936 3.305100 0.067675 0.975984 0.207063 -0.000000 0.000000 0.000000 0.000000 1.000000
0.996522 -0.077508 0.030586 0.016400 0.043361 0.168925 -0.984675 3.305100 0.071154 0.982577 0.171698 0.000000 0.000000 0.000000 0.000000 1.000000
0.996321 -0.079220 0.032700 0.016400 0.043874 0.143698 -0.988649 3.305100 0.073622 0.986446 0.146645 -0.000000 0.000000 0.000000 0.000000 1.000000
0.996243 -0.079857 0.033515 0.016400 0.044053 0.134078 -0.989991 3.305100 0.074564 0.987748 0.137092 0.000000 0.000000 0.000000 0.000000 1.000000</float_array>
        <technique_common>
          <accessor source="#mixamorig12_LeftHandIndex2-Matrix-animation-output-transform-array" count="32" stride="16">
            <param type="float4x4"/>
          </accessor>
        </technique_common>
      </source>
      <source id="mixamorig12_LeftHandIndex2-Interpolations">
        <Name_array id="mixamorig12_LeftHandIndex2-Interpolations-array" count="32">
 LINEAR LINEAR LINEAR LINEAR LINEAR LINEAR LINEAR LINEAR LINEAR LINEAR LINEAR
LINEAR LINEAR LINEAR LINEAR LINEAR LINEAR LINEAR LINEAR LINEAR LINEAR LINEAR LINEAR
LINEAR LINEAR LINEAR LINEAR LINEAR LINEAR LINEAR LINEAR LINEAR</Name_array>
        <technique_common>
          <accessor source="#mixamorig12_LeftHandIndex2-Interpolations-array" count="32">
            <param type="name"/>
          </accessor>
        </technique_common>
      </source>
      <sampler id="mixamorig12_LeftHandIndex2-Matrix-animation-transform">
        <input semantic="INPUT" source="#mixamorig12_LeftHandIndex2-Matrix-animation-input"/>
        <input semantic="OUTPUT" source="#mixamorig12_LeftHandIndex2-Matrix-animation-output-transform"/>
        <input semantic="INTERPOLATION" source="#mixamorig12_LeftHandIndex2-Interpolations"/>
      </sampler>
      <channel source="#mixamorig12_LeftHandIndex2-Matrix-animation-transform" target="mixamorig12_LeftHandIndex2/matrix"/>
    </animation>
    <animation id="mixamorig12_LeftHandIndex3-anim" name="mixamorig12_LeftHandIndex3">
      <source id="mixamorig12_LeftHandIndex3-Matrix-animation-input">
        <float_array id="mixamorig12_LeftHandIndex3-Matrix-animation-input-array" count="32">

0.000000 0.033333 0.066667 0.100000 0.133333 0.166667 0.200000 0.233333 0.266667 0.300000 0.333333 0.366667 0.400000 0.433333 0.466667 0.500000
0.533333 0.566667 0.600000 0.633333 0.666667 0.700000 0.733333 0.766667 0.800000 0.833333 0.866667 0.900000 0.933333 0.966667 1.000000 1.033333</float_array>
        <technique_common>
          <accessor source="#mixamorig12_LeftHandIndex3-Matrix-animation-input-array" count="32">
            <param name="TIME" type="float"/>
          </accessor>
        </technique_common>
      </source>
      <source id="mixamorig12_LeftHandIndex3-Matrix-animation-output-transform">
        <float_array id="mixamorig12_LeftHandIndex3-Matrix-animation-output-transform-array" count="512">

0.999992 -0.004066 0.000187 -0.014600 0.004066 0.999992 0.000001 3.109900 -0.000187 0.000000 1.000000 0.000000 0.000000 0.000000 0.000000 1.000000
0.999992 -0.004066 0.000187 -0.014600 0.004066 0.999992 0.000001 3.109900 -0.000187 -0.000000 1.000000 0.000000 0.000000 0.000000 0.000000 1.000000
0.999992 -0.004066 0.000187 -0.014600 0.004066 0.999992 0.000001 3.109900 -0.000187 -0.000000 1.000000 0.000000 0.000000 0.000000 0.000000 1.000000
0.999992 -0.004066 0.000187 -0.014600 0.004066 0.999992 0.000001 3.109900 -0.000187 -0.000000 1.000000 0.000000 0.000000 0.000000 0.000000 1.000000
0.999992 -0.004066 0.000186 -0.014600 0.004066 0.999992 0.000001 3.109900 -0.000186 0.000000 1.000000 0.000000 0.000000 0.000000 0.000000 1.000000
0.999992 -0.004066 0.000186 -0.014600 0.004066 0.999992 0.000001 3.109900 -0.000187 -0.000000 1.000000 -0.000000 0.000000 0.000000 0.000000 1.000000
0.999992 -0.004066 0.000187 -0.014600 0.004066 0.999992 0.000001 3.109900 -0.000187 -0.000000 1.000000 0.000000 0.000000 0.000000 0.000000 1.000000
0.999992 -0.004066 0.000187 -0.014600 0.004066 0.999992 0.000001 3.109900 -0.000187 0.000000 1.000000 0.000000 0.000000 0.000000 0.000000 1.000000
0.999992 -0.004066 0.000187 -0.014600 0.004066 0.999992 0.000001 3.109900 -0.000187 -0.000000 1.000000 0.000000 0.000000 0.000000 0.000000 1.000000
0.999992 -0.004066 0.000186 -0.014600 0.004066 0.999992 0.000001 3.109900 -0.000186 -0.000000 1.000000 0.000000 0.000000 0.000000 0.000000 1.000000
0.999992 -0.004066 0.000186 -0.014600 0.004066 0.999992 0.000001 3.109900 -0.000186 -0.000000 1.000000 0.000000 0.000000 0.000000 0.000000 1.000000
0.999992 -0.004066 0.000186 -0.014600 0.004066 0.999992 0.000001 3.109900 -0.000186 0.000000 1.000000 0.000000 0.000000 0.000000 0.000000 1.000000
0.999992 -0.004066 0.000187 -0.014600 0.004066 0.999992 0.000001 3.109900 -0.000187 -0.000000 1.000000 0.000000 0.000000 0.000000 0.000000 1.000000
0.999992 -0.004066 0.000187 -0.014600 0.004066 0.999992 0.000001 3.109900 -0.000187 0.000000 1.000000 0.000000 0.000000 0.000000 0.000000 1.000000
0.999992 -0.004066 0.000186 -0.014600 0.004066 0.999992 0.000001 3.109900 -0.000186 0.000000 1.000000 0.000000 0.000000 0.000000 0.000000 1.000000
0.999992 -0.004066 0.000187 -0.014600 0.004066 0.999992 0.000001 3.109900 -0.000187 -0.000000 1.000000 0.000000 0.000000 0.000000 0.000000 1.000000
0.999992 -0.004066 0.000187 -0.014600 0.004066 0.999992 0.000001 3.109900 -0.000187 -0.000000 1.000000 0.000000 0.000000 0.000000 0.000000 1.000000
0.999992 -0.004066 0.000187 -0.014600 0.004066 0.999992 0.000001 3.109900 -0.000187 -0.000000 1.000000 -0.000000 0.000000 0.000000 0.000000 1.000000
0.999992 -0.004066 0.000187 -0.014600 0.004066 0.999992 0.000001 3.109900 -0.000187 -0.000000 1.000000 0.000000 0.000000 0.000000 0.000000 1.000000
0.999992 -0.004066 0.000186 -0.014600 0.004066 0.999992 0.000001 3.109900 -0.000186 0.000000 1.000000 -0.000000 0.000000 0.000000 0.000000 1.000000
0.999992 -0.004066 0.000186 -0.014600 0.004066 0.999992 0.000001 3.109900 -0.000186 0.000000 1.000000 -0.000000 0.000000 0.000000 0.000000 1.000000
0.999992 -0.004066 0.000186 -0.014600 0.004066 0.999992 0.000001 3.109900 -0.000186 -0.000000 1.000000 0.000000 0.000000 0.000000 0.000000 1.000000
0.999992 -0.004066 0.000186 -0.014600 0.004066 0.999992 0.000001 3.109900 -0.000186 -0.000000 1.000000 -0.000000 0.000000 0.000000 0.000000 1.000000
0.999992 -0.004066 0.000187 -0.014600 0.004066 0.999992 0.000001 3.109900 -0.000187 -0.000000 1.000000 0.000000 0.000000 0.000000 0.000000 1.000000
0.999992 -0.004066 0.000186 -0.014600 0.004066 0.999992 0.000001 3.109900 -0.000186 0.000000 1.000000 0.000000 0.000000 0.000000 0.000000 1.000000
0.999992 -0.004066 0.000187 -0.014600 0.004066 0.999992 0.000001 3.109900 -0.000187 -0.000000 1.000000 0.000000 0.000000 0.000000 0.000000 1.000000
0.999992 -0.004066 0.000187 -0.014600 0.004066 0.999992 0.000001 3.109900 -0.000187 -0.000000 1.000000 0.000000 0.000000 0.000000 0.000000 1.000000
0.999992 -0.004066 0.000186 -0.014600 0.004066 0.999992 0.000001 3.109900 -0.000186 -0.000000 1.000000 0.000000 0.000000 0.000000 0.000000 1.000000
0.999992 -0.004066 0.000187 -0.014600 0.004066 0.999992 0.000001 3.109900 -0.000187 -0.000000 1.000000 0.000000 0.000000 0.000000 0.000000 1.000000
0.999992 -0.004066 0.000187 -0.014600 0.004066 0.999992 0.000001 3.109900 -0.000187 -0.000000 1.000000 -0.000000 0.000000 0.000000 0.000000 1.000000
0.999992 -0.004066 0.000186 -0.014600 0.004066 0.999992 0.000001 3.109900 -0.000186 -0.000000 1.000000 -0.000000 0.000000 0.000000 0.000000 1.000000
0.999992 -0.004066 0.000187 -0.014600 0.004066 0.999992 0.000001 3.109900 -0.000187 -0.000000 1.000000 0.000000 0.000000 0.000000 0.000000 1.000000</float_array>
        <technique_common>
          <accessor source="#mixamorig12_LeftHandIndex3-Matrix-animation-output-transform-array" count="32" stride="16">
            <param type="float4x4"/>
          </accessor>
        </technique_common>
      </source>
      <source id="mixamorig12_LeftHandIndex3-Interpolations">
        <Name_array id="mixamorig12_LeftHandIndex3-Interpolations-array" count="32">
 LINEAR LINEAR LINEAR LINEAR LINEAR LINEAR LINEAR LINEAR LINEAR LINEAR LINEAR
LINEAR LINEAR LINEAR LINEAR LINEAR LINEAR LINEAR LINEAR LINEAR LINEAR LINEAR LINEAR
LINEAR LINEAR LINEAR LINEAR LINEAR LINEAR LINEAR LINEAR LINEAR</Name_array>
        <technique_common>
          <accessor source="#mixamorig12_LeftHandIndex3-Interpolations-array" count="32">
            <param type="name"/>
          </accessor>
        </technique_common>
      </source>
      <sampler id="mixamorig12_LeftHandIndex3-Matrix-animation-transform">
        <input semantic="INPUT" source="#mixamorig12_LeftHandIndex3-Matrix-animation-input"/>
        <input semantic="OUTPUT" source="#mixamorig12_LeftHandIndex3-Matrix-animation-output-transform"/>
        <input semantic="INTERPOLATION" source="#mixamorig12_LeftHandIndex3-Interpolations"/>
      </sampler>
      <channel source="#mixamorig12_LeftHandIndex3-Matrix-animation-transform" target="mixamorig12_LeftHandIndex3/matrix"/>
    </animation>
    <animation id="mixamorig12_LeftHandMiddle1-anim" name="mixamorig12_LeftHandMiddle1">
      <source id="mixamorig12_LeftHandMiddle1-Matrix-animation-input">
        <float_array id="mixamorig12_LeftHandMiddle1-Matrix-animation-input-array" count="32">

0.000000 0.033333 0.066667 0.100000 0.133333 0.166667 0.200000 0.233333 0.266667 0.300000 0.333333 0.366667 0.400000 0.433333 0.466667 0.500000
0.533333 0.566667 0.600000 0.633333 0.666667 0.700000 0.733333 0.766667 0.800000 0.833333 0.866667 0.900000 0.933333 0.966667 1.000000 1.033333</float_array>
        <technique_common>
          <accessor source="#mixamorig12_LeftHandMiddle1-Matrix-animation-input-array" count="32">
            <param name="TIME" type="float"/>
          </accessor>
        </technique_common>
      </source>
      <source id="mixamorig12_LeftHandMiddle1-Matrix-animation-output-transform">
        <float_array id="mixamorig12_LeftHandMiddle1-Matrix-animation-output-transform-array" count="512">

0.975337 -0.196019 0.101461 -1.042600 0.181954 0.453845 -0.872306 10.180700 0.124941 0.869253 0.478318 -0.340600 0.000000 0.000000 0.000000 1.000000
0.974927 -0.199131 0.099315 -1.042600 0.184895 0.476571 -0.859473 10.180700 0.123817 0.856287 0.501440 -0.340600 0.000000 0.000000 0.000000 1.000000
0.974567 -0.202326 0.096351 -1.042600 0.187765 0.502543 -0.843916 10.180700 0.122326 0.840544 0.527752 -0.340600 0.000000 0.000000 0.000000 1.000000
0.974240 -0.205405 0.093089 -1.042600 0.190587 0.529265 -0.826774 10.180700 0.120555 0.823217 0.554779 -0.340600 0.000000 0.000000 0.000000 1.000000
0.973924 -0.208234 0.090059 -1.042600 0.193387 0.554400 -0.809470 10.180700 0.118631 0.805779 0.580214 -0.340600 0.000000 0.000000 0.000000 1.000000
0.973592 -0.210743 0.087790 -1.042600 0.196205 0.575792 -0.793705 10.180700 0.116719 0.789969 0.601935 -0.340600 0.000000 0.000000 0.000000 1.000000
0.973207 -0.212912 0.086813 -1.042600 0.199093 0.591442 -0.781382 10.180700 0.115021 0.777730 0.617985 -0.340600 0.000000 0.000000 0.000000 1.000000
0.972729 -0.214746 0.087649 -1.042600 0.202121 0.599435 -0.774483 10.180700 0.113777 0.771078 0.626493 -0.340600 0.000000 0.000000 0.000000 1.000000
0.972064 -0.216192 0.091389 -1.042600 0.205499 0.595778 -0.776414 10.180700 0.113407 0.773505 0.623562 -0.340600 0.000000 0.000000 0.000000 1.000000
0.970991 -0.216953 0.100540 -1.042600 0.209752 0.570922 -0.793758 10.180700 0.114808 0.791820 0.599866 -0.340600 0.000000 0.000000 0.000000 1.000000
0.969864 -0.217029 0.110731 -1.042600 0.213723 0.539605 -0.814339 10.180700 0.116985 0.813464 0.569728 -0.340600 0.000000 0.000000 0.000000 1.000000
0.969185 -0.217096 0.116403 -1.042600 0.216092 0.522441 -0.824839 10.180700 0.118255 0.824575 0.553255 -0.340600 0.000000 0.000000 0.000000 1.000000
0.968780 -0.217438 0.119103 -1.042600 0.217650 0.515880 -0.828551 10.180700 0.118716 0.828606 0.547100 -0.340600 0.000000 0.000000 0.000000 1.000000
0.968481 -0.217954 0.120583 -1.042600 0.218937 0.513989 -0.829387 10.180700 0.118790 0.829645 0.545507 -0.340600 0.000000 0.000000 0.000000 1.000000
0.968283 -0.218600 0.121007 -1.042600 0.219947 0.515966 -0.827891 10.180700 0.118541 0.828247 0.547681 -0.340600 0.000000 0.000000 0.000000 1.000000
0.968180 -0.219310 0.120544 -1.042600 0.220671 0.520975 -0.824554 10.180700 0.118033 0.824917 0.552793 -0.340600 0.000000 0.000000 0.000000 1.000000
0.968166 -0.220016 0.119360 -1.042600 0.221101 0.528172 -0.819847 10.180700 0.117337 0.820139 0.560004 -0.340600 0.000000 0.000000 0.000000 1.000000
0.968235 -0.220650 0.117623 -1.042600 0.221228 0.536712 -0.814247 10.180700 0.116534 0.814404 0.568477 -0.340600 0.000000 0.000000 0.000000 1.000000
0.968375 -0.221152 0.115504 -1.042600 0.221045 0.545766 -0.808257 10.180700 0.115709 0.808227 0.577391 -0.340600 0.000000 0.000000 0.000000 1.000000
0.968580 -0.221463 0.113170 -1.042600 0.220546 0.554527 -0.802409 10.180700 0.114948 0.802156 0.585946 -0.340600 0.000000 0.000000 0.000000 1.000000
0.968836 -0.221547 0.110789 -1.042600 0.219732 0.562206 -0.797272 10.180700 0.114347 0.796769 0.593366 -0.340600 0.000000 0.000000 0.000000 1.000000
0.969135 -0.221352 0.108535 -1.042600 0.218600 0.568040 -0.793438 10.180700 0.113977 0.792675 0.598895 -0.340600 0.000000 0.000000 0.000000 1.000000
0.969468 -0.220848 0.106571 -1.042600 0.217147 0.571271 -0.791516 10.180700 0.113924 0.790491 0.601785 -0.340600 0.000000 0.000000 0.000000 1.000000
0.969826 -0.219996 0.105067 -1.042600 0.215370 0.571135 -0.792099 10.180700 0.114251 0.790827 0.601282 -0.340600 0.000000 0.000000 0.000000 1.000000
0.970213 -0.218713 0.104170 -1.042600 0.213204 0.566726 -0.795842 10.180700 0.115025 0.794346 0.596476 -0.340600 0.000000 0.000000 0.000000 1.000000
0.970800 -0.216369 0.103597 -1.042600 0.209676 0.555516 -0.804636 10.180700 0.116548 0.802862 0.584662 -0.340600 0.000000 0.000000 0.000000 1.000000
0.971639 -0.212827 0.103062 -1.042600 0.204551 0.537792 -0.817886 10.180700 0.118642 0.815772 0.566074 -0.340600 0.000000 0.000000 0.000000 1.000000
0.972615 -0.208565 0.102574 -1.042600 0.198573 0.516308 -0.833064 10.180700 0.120788 0.830618 0.543584 -0.340600 0.000000 0.000000 0.000000 1.000000
0.973603 -0.204118 0.102143 -1.042600 0.192519 0.493981 -0.847891 10.180700 0.122613 0.845174 0.520238 -0.340600 0.000000 0.000000 0.000000 1.000000
0.974475 -0.200091 0.101791 -1.042600 0.187192 0.473933 -0.860434 10.180700 0.123923 0.857526 0.499292 -0.340600 0.000000 0.000000 0.000000 1.000000
0.975098 -0.197157 0.101550 -1.042600 0.183403 0.459444 -0.869065 10.180700 0.124686 0.866049 0.484162 -0.340600 0.000000 0.000000 0.000000 1.000000
0.975337 -0.196020 0.101461 -1.042600 0.181955 0.453845 -0.872306 10.180700 0.124942 0.869253 0.478318 -0.340600 0.000000 0.000000 0.000000 1.000000</float_array>
        <technique_common>
          <accessor source="#mixamorig12_LeftHandMiddle1-Matrix-animation-output-transform-array" count="32" stride="16">
            <param type="float4x4"/>
          </accessor>
        </technique_common>
      </source>
      <source id="mixamorig12_LeftHandMiddle1-Interpolations">
        <Name_array id="mixamorig12_LeftHandMiddle1-Interpolations-array" count="32">
 LINEAR LINEAR LINEAR LINEAR LINEAR LINEAR LINEAR LINEAR LINEAR LINEAR LINEAR
LINEAR LINEAR LINEAR LINEAR LINEAR LINEAR LINEAR LINEAR LINEAR LINEAR LINEAR LINEAR
LINEAR LINEAR LINEAR LINEAR LINEAR LINEAR LINEAR LINEAR LINEAR</Name_array>
        <technique_common>
          <accessor source="#mixamorig12_LeftHandMiddle1-Interpolations-array" count="32">
            <param type="name"/>
          </accessor>
        </technique_common>
      </source>
      <sampler id="mixamorig12_LeftHandMiddle1-Matrix-animation-transform">
        <input semantic="INPUT" source="#mixamorig12_LeftHandMiddle1-Matrix-animation-input"/>
        <input semantic="OUTPUT" source="#mixamorig12_LeftHandMiddle1-Matrix-animation-output-transform"/>
        <input semantic="INTERPOLATION" source="#mixamorig12_LeftHandMiddle1-Interpolations"/>
      </sampler>
      <channel source="#mixamorig12_LeftHandMiddle1-Matrix-animation-transform" target="mixamorig12_LeftHandMiddle1/matrix"/>
    </animation>
    <animation id="mixamorig12_LeftHandMiddle2-anim" name="mixamorig12_LeftHandMiddle2">
      <source id="mixamorig12_LeftHandMiddle2-Matrix-animation-input">
        <float_array id="mixamorig12_LeftHandMiddle2-Matrix-animation-input-array" count="32">

0.000000 0.033333 0.066667 0.100000 0.133333 0.166667 0.200000 0.233333 0.266667 0.300000 0.333333 0.366667 0.400000 0.433333 0.466667 0.500000
0.533333 0.566667 0.600000 0.633333 0.666667 0.700000 0.733333 0.766667 0.800000 0.833333 0.866667 0.900000 0.933333 0.966667 1.000000 1.033333</float_array>
        <technique_common>
          <accessor source="#mixamorig12_LeftHandMiddle2-Matrix-animation-input-array" count="32">
            <param name="TIME" type="float"/>
          </accessor>
        </technique_common>
      </source>
      <source id="mixamorig12_LeftHandMiddle2-Matrix-animation-output-transform">
        <float_array id="mixamorig12_LeftHandMiddle2-Matrix-animation-output-transform-array" count="512">

0.992666 -0.083384 0.087532 0.007600 0.067458 -0.218791 -0.973437 3.497100 0.100321 0.972202 -0.211562 0.000000 0.000000 0.000000 0.000000 1.000000
0.993055 -0.083431 0.082948 0.007600 0.068148 -0.166792 -0.983634 3.497100 0.095900 0.982456 -0.159948 0.000000 0.000000 0.000000 0.000000 1.000000
0.993474 -0.083208 0.078008 0.007600 0.068718 -0.109198 -0.991642 3.497100 0.091031 0.990531 -0.102768 -0.000000 0.000000 0.000000 0.000000 1.000000
0.993910 -0.082670 0.072854 0.007600 0.068924 -0.049440 -0.996396 3.497100 0.085974 0.995350 -0.043441 -0.000000 0.000000 0.000000 0.000000 1.000000
0.994331 -0.081848 0.067870 0.007600 0.068827 0.008927 -0.997589 3.497100 0.081045 0.996605 0.014510 -0.000000 0.000000 0.000000 0.000000 1.000000
0.994711 -0.080841 0.063357 0.007600 0.068486 0.062342 -0.995702 3.497100 0.076544 0.994775 0.067548 -0.000000 0.000000 0.000000 0.000000 1.000000
0.995028 -0.079803 0.059591 0.007600 0.068011 0.107330 -0.991895 3.497100 0.072760 0.991015 0.112224 0.000000 0.000000 0.000000 0.000000 1.000000
0.995260 -0.078923 0.056829 0.007600 0.067547 0.140565 -0.987765 3.497100 0.069969 0.986921 0.145229 0.000000 0.000000 0.000000 0.000000 1.000000
0.995370 -0.078469 0.055516 0.007600 0.067301 0.156573 -0.985371 3.497100 0.068628 0.984544 0.161129 0.000000 0.000000 0.000000 0.000000 1.000000
0.995284 -0.078823 0.056532 0.007600 0.067492 0.144146 -0.987252 3.497100 0.069669 0.986412 0.148787 0.000000 0.000000 0.000000 0.000000 1.000000
0.995110 -0.079504 0.058616 0.007600 0.067859 0.119036 -0.990568 3.497100 0.071777 0.989702 0.123849 0.000000 0.000000 0.000000 0.000000 1.000000
0.994993 -0.079925 0.060002 0.007600 0.068072 0.102397 -0.992412 3.497100 0.073175 0.991528 0.107325 0.000000 0.000000 0.000000 0.000000 1.000000
0.994927 -0.080156 0.060797 0.007600 0.068181 0.092856 -0.993342 3.497100 0.073977 0.992448 0.097850 0.000000 0.000000 0.000000 0.000000 1.000000
0.994875 -0.080326 0.061405 0.007600 0.068262 0.085600 -0.993988 3.497100 0.074587 0.993086 0.090645 0.000000 0.000000 0.000000 0.000000 1.000000
0.994837 -0.080451 0.061865 0.007600 0.068317 0.080092 -0.994444 3.497100 0.075050 0.993536 0.085174 -0.000000 0.000000 0.000000 0.000000 1.000000
0.994807 -0.080548 0.062225 0.007600 0.068359 0.075785 -0.994778 3.497100 0.075412 0.993865 0.080898 0.000000 0.000000 0.000000 0.000000 1.000000
0.994781 -0.080629 0.062532 0.007600 0.068396 0.072138 -0.995047 3.497100 0.075719 0.994130 0.077276 -0.000000 0.000000 0.000000 0.000000 1.000000
0.994756 -0.080707 0.062830 0.007600 0.068430 0.068602 -0.995294 3.497100 0.076017 0.994374 0.073765 0.000000 0.000000 0.000000 0.000000 1.000000
0.994727 -0.080795 0.063164 0.007600 0.068466 0.064634 -0.995558 3.497100 0.076353 0.994633 0.069825 0.000000 0.000000 0.000000 0.000000 1.000000
0.994692 -0.080897 0.063582 0.007600 0.068511 0.059685 -0.995863 3.497100 0.076768 0.994934 0.064910 0.000000 0.000000 0.000000 0.000000 1.000000
0.994646 -0.081032 0.064131 0.007600 0.068568 0.053207 -0.996227 3.497100 0.077314 0.995290 0.058479 -0.000000 0.000000 0.000000 0.000000 1.000000
0.994586 -0.081203 0.064851 0.007600 0.068631 0.044654 -0.996642 3.497100 0.078034 0.995697 0.049985 0.000000 0.000000 0.000000 0.000000 1.000000
0.994506 -0.081416 0.065791 0.007600 0.068701 0.033474 -0.997076 3.497100 0.078975 0.996118 0.038883 0.000000 0.000000 0.000000 0.000000 1.000000
0.994404 -0.081675 0.067006 0.007600 0.068782 0.019120 -0.997449 3.497100 0.080185 0.996476 0.024630 0.000000 0.000000 0.000000 0.000000 1.000000
0.994272 -0.081981 0.068567 0.007600 0.068859 0.000740 -0.997626 3.497100 0.081736 0.996634 0.006381 0.000000 0.000000 0.000000 0.000000 1.000000
0.994072 -0.082390 0.070940 0.007600 0.068921 -0.027100 -0.997254 3.497100 0.084086 0.996232 -0.021261 0.000000 0.000000 0.000000 0.000000 1.000000
0.993800 -0.082837 0.074166 0.007600 0.068900 -0.064714 -0.995522 3.497100 0.087265 0.994460 -0.058605 0.000000 0.000000 0.000000 0.000000 1.000000
0.993491 -0.083193 0.077805 0.007600 0.068729 -0.106889 -0.991893 3.497100 0.090835 0.990784 -0.100475 0.000000 0.000000 0.000000 0.000000 1.000000
0.993191 -0.083389 0.081350 0.007600 0.068345 -0.148424 -0.986559 3.497100 0.094343 0.985402 -0.141714 0.000000 0.000000 0.000000 0.000000 1.000000
0.992927 -0.083442 0.084463 0.007600 0.067928 -0.184212 -0.980536 3.497100 0.097377 0.979338 -0.177241 0.000000 0.000000 0.000000 0.000000 1.000000
0.992738 -0.083412 0.086678 0.007600 0.067589 -0.209289 -0.975515 3.497100 0.099510 0.974290 -0.202131 -0.000000 0.000000 0.000000 0.000000 1.000000
0.992666 -0.083385 0.087524 0.007600 0.067450 -0.218792 -0.973438 3.497100 0.100319 0.972202 -0.211563 0.000000 0.000000 0.000000 0.000000 1.000000</float_array>
        <technique_common>
          <accessor source="#mixamorig12_LeftHandMiddle2-Matrix-animation-output-transform-array" count="32" stride="16">
            <param type="float4x4"/>
          </accessor>
        </technique_common>
      </source>
      <source id="mixamorig12_LeftHandMiddle2-Interpolations">
        <Name_array id="mixamorig12_LeftHandMiddle2-Interpolations-array" count="32">
 LINEAR LINEAR LINEAR LINEAR LINEAR LINEAR LINEAR LINEAR LINEAR LINEAR LINEAR
LINEAR LINEAR LINEAR LINEAR LINEAR LINEAR LINEAR LINEAR LINEAR LINEAR LINEAR LINEAR
LINEAR LINEAR LINEAR LINEAR LINEAR LINEAR LINEAR LINEAR LINEAR</Name_array>
        <technique_common>
          <accessor source="#mixamorig12_LeftHandMiddle2-Interpolations-array" count="32">
            <param type="name"/>
          </accessor>
        </technique_common>
      </source>
      <sampler id="mixamorig12_LeftHandMiddle2-Matrix-animation-transform">
        <input semantic="INPUT" source="#mixamorig12_LeftHandMiddle2-Matrix-animation-input"/>
        <input semantic="OUTPUT" source="#mixamorig12_LeftHandMiddle2-Matrix-animation-output-transform"/>
        <input semantic="INTERPOLATION" source="#mixamorig12_LeftHandMiddle2-Interpolations"/>
      </sampler>
      <channel source="#mixamorig12_LeftHandMiddle2-Matrix-animation-transform" target="mixamorig12_LeftHandMiddle2/matrix"/>
    </animation>
    <animation id="mixamorig12_LeftHandMiddle3-anim" name="mixamorig12_LeftHandMiddle3">
      <source id="mixamorig12_LeftHandMiddle3-Matrix-animation-input">
        <float_array id="mixamorig12_LeftHandMiddle3-Matrix-animation-input-array" count="32">

0.000000 0.033333 0.066667 0.100000 0.133333 0.166667 0.200000 0.233333 0.266667 0.300000 0.333333 0.366667 0.400000 0.433333 0.466667 0.500000
0.533333 0.566667 0.600000 0.633333 0.666667 0.700000 0.733333 0.766667 0.800000 0.833333 0.866667 0.900000 0.933333 0.966667 1.000000 1.033333</float_array>
        <technique_common>
          <accessor source="#mixamorig12_LeftHandMiddle3-Matrix-animation-input-array" count="32">
            <param name="TIME" type="float"/>
          </accessor>
        </technique_common>
      </source>
      <source id="mixamorig12_LeftHandMiddle3-Matrix-animation-output-transform">
        <float_array id="mixamorig12_LeftHandMiddle3-Matrix-animation-output-transform-array" count="512">

0.999989 -0.004605 0.000120 -0.011100 0.004605 0.999989 0.000000 3.263000 -0.000120 0.000000 1.000000 0.000000 0.000000 0.000000 0.000000 1.000000
0.999989 -0.004605 0.000120 -0.011100 0.004605 0.999989 0.000000 3.263000 -0.000120 0.000000 1.000000 0.000000 0.000000 0.000000 0.000000 1.000000
0.999989 -0.004606 0.000120 -0.011100 0.004606 0.999989 0.000000 3.263000 -0.000120 0.000000 1.000000 0.000000 0.000000 0.000000 0.000000 1.000000
0.999989 -0.004605 0.000120 -0.011100 0.004605 0.999989 0.000000 3.263000 -0.000120 0.000000 1.000000 0.000000 0.000000 0.000000 0.000000 1.000000
0.999989 -0.004605 0.000120 -0.011100 0.004605 0.999989 0.000000 3.263000 -0.000120 0.000000 1.000000 0.000000 0.000000 0.000000 0.000000 1.000000
0.999989 -0.004605 0.000120 -0.011100 0.004605 0.999989 0.000000 3.263000 -0.000120 0.000000 1.000000 0.000000 0.000000 0.000000 0.000000 1.000000
0.999989 -0.004605 0.000120 -0.011100 0.004605 0.999989 0.000000 3.263000 -0.000120 0.000000 1.000000 0.000000 0.000000 0.000000 0.000000 1.000000
0.999989 -0.004605 0.000120 -0.011100 0.004605 0.999989 0.000001 3.263000 -0.000120 0.000000 1.000000 0.000000 0.000000 0.000000 0.000000 1.000000
0.999989 -0.004605 0.000120 -0.011100 0.004605 0.999989 0.000000 3.263000 -0.000120 0.000000 1.000000 0.000000 0.000000 0.000000 0.000000 1.000000
0.999989 -0.004605 0.000120 -0.011100 0.004605 0.999989 0.000000 3.263000 -0.000120 0.000000 1.000000 0.000000 0.000000 0.000000 0.000000 1.000000
0.999989 -0.004605 0.000120 -0.011100 0.004605 0.999989 0.000000 3.263000 -0.000120 0.000000 1.000000 -0.000000 0.000000 0.000000 0.000000 1.000000
0.999989 -0.004606 0.000120 -0.011100 0.004606 0.999989 0.000001 3.263000 -0.000120 0.000000 1.000000 0.000000 0.000000 0.000000 0.000000 1.000000
0.999989 -0.004605 0.000120 -0.011100 0.004605 0.999989 0.000000 3.263000 -0.000120 0.000000 1.000000 0.000000 0.000000 0.000000 0.000000 1.000000
0.999989 -0.004605 0.000121 -0.011100 0.004605 0.999989 0.000000 3.263000 -0.000121 0.000000 1.000000 0.000000 0.000000 0.000000 0.000000 1.000000
0.999989 -0.004605 0.000120 -0.011100 0.004605 0.999989 0.000000 3.263000 -0.000120 0.000000 1.000000 0.000000 0.000000 0.000000 0.000000 1.000000
0.999989 -0.004605 0.000120 -0.011100 0.004605 0.999989 0.000000 3.263000 -0.000120 0.000000 1.000000 0.000000 0.000000 0.000000 0.000000 1.000000
0.999989 -0.004606 0.000120 -0.011100 0.004606 0.999989 0.000000 3.263000 -0.000120 0.000000 1.000000 0.000000 0.000000 0.000000 0.000000 1.000000
0.999989 -0.004605 0.000120 -0.011100 0.004605 0.999989 0.000000 3.263000 -0.000120 0.000000 1.000000 0.000000 0.000000 0.000000 0.000000 1.000000
0.999989 -0.004605 0.000120 -0.011100 0.004605 0.999989 0.000001 3.263000 -0.000120 0.000000 1.000000 0.000000 0.000000 0.000000 0.000000 1.000000
0.999989 -0.004605 0.000120 -0.011100 0.004605 0.999989 0.000000 3.263000 -0.000120 0.000000 1.000000 0.000000 0.000000 0.000000 0.000000 1.000000
0.999989 -0.004605 0.000120 -0.011100 0.004605 0.999989 0.000000 3.263000 -0.000120 0.000000 1.000000 0.000000 0.000000 0.000000 0.000000 1.000000
0.999989 -0.004605 0.000120 -0.011100 0.004605 0.999989 0.000000 3.263000 -0.000120 0.000000 1.000000 0.000000 0.000000 0.000000 0.000000 1.000000
0.999989 -0.004605 0.000120 -0.011100 0.004605 0.999989 0.000000 3.263000 -0.000120 0.000000 1.000000 0.000000 0.000000 0.000000 0.000000 1.000000
0.999989 -0.004605 0.000120 -0.011100 0.004605 0.999989 0.000000 3.263000 -0.000120 0.000000 1.000000 0.000000 0.000000 0.000000 0.000000 1.000000
0.999989 -0.004605 0.000120 -0.011100 0.004605 0.999989 0.000000 3.263000 -0.000120 0.000000 1.000000 0.000000 0.000000 0.000000 0.000000 1.000000
0.999989 -0.004605 0.000120 -0.011100 0.004605 0.999989 0.000000 3.263000 -0.000120 0.000000 1.000000 -0.000000 0.000000 0.000000 0.000000 1.000000
0.999989 -0.004605 0.000120 -0.011100 0.004605 0.999989 0.000000 3.263000 -0.000120 0.000000 1.000000 0.000000 0.000000 0.000000 0.000000 1.000000
0.999989 -0.004605 0.000120 -0.011100 0.004605 0.999989 0.000001 3.263000 -0.000120 0.000000 1.000000 0.000000 0.000000 0.000000 0.000000 1.000000
0.999989 -0.004605 0.000120 -0.011100 0.004605 0.999989 0.000000 3.263000 -0.000120 0.000000 1.000000 0.000000 0.000000 0.000000 0.000000 1.000000
0.999989 -0.004605 0.000120 -0.011100 0.004605 0.999989 0.000000 3.263000 -0.000120 0.000000 1.000000 -0.000000 0.000000 0.000000 0.000000 1.000000
0.999989 -0.004605 0.000120 -0.011100 0.004605 0.999989 0.000000 3.263000 -0.000120 0.000000 1.000000 0.000000 0.000000 0.000000 0.000000 1.000000
0.999989 -0.004605 0.000120 -0.011100 0.004605 0.999989 0.000000 3.263000 -0.000120 0.000000 1.000000 -0.000000 0.000000 0.000000 0.000000 1.000000</float_array>
        <technique_common>
          <accessor source="#mixamorig12_LeftHandMiddle3-Matrix-animation-output-transform-array" count="32" stride="16">
            <param type="float4x4"/>
          </accessor>
        </technique_common>
      </source>
      <source id="mixamorig12_LeftHandMiddle3-Interpolations">
        <Name_array id="mixamorig12_LeftHandMiddle3-Interpolations-array" count="32">
 LINEAR LINEAR LINEAR LINEAR LINEAR LINEAR LINEAR LINEAR LINEAR LINEAR LINEAR
LINEAR LINEAR LINEAR LINEAR LINEAR LINEAR LINEAR LINEAR LINEAR LINEAR LINEAR LINEAR
LINEAR LINEAR LINEAR LINEAR LINEAR LINEAR LINEAR LINEAR LINEAR</Name_array>
        <technique_common>
          <accessor source="#mixamorig12_LeftHandMiddle3-Interpolations-array" count="32">
            <param type="name"/>
          </accessor>
        </technique_common>
      </source>
      <sampler id="mixamorig12_LeftHandMiddle3-Matrix-animation-transform">
        <input semantic="INPUT" source="#mixamorig12_LeftHandMiddle3-Matrix-animation-input"/>
        <input semantic="OUTPUT" source="#mixamorig12_LeftHandMiddle3-Matrix-animation-output-transform"/>
        <input semantic="INTERPOLATION" source="#mixamorig12_LeftHandMiddle3-Interpolations"/>
      </sampler>
      <channel source="#mixamorig12_LeftHandMiddle3-Matrix-animation-transform" target="mixamorig12_LeftHandMiddle3/matrix"/>
    </animation>
    <animation id="mixamorig12_LeftHandRing1-anim" name="mixamorig12_LeftHandRing1">
      <source id="mixamorig12_LeftHandRing1-Matrix-animation-input">
        <float_array id="mixamorig12_LeftHandRing1-Matrix-animation-input-array" count="32">

0.000000 0.033333 0.066667 0.100000 0.133333 0.166667 0.200000 0.233333 0.266667 0.300000 0.333333 0.366667 0.400000 0.433333 0.466667 0.500000
0.533333 0.566667 0.600000 0.633333 0.666667 0.700000 0.733333 0.766667 0.800000 0.833333 0.866667 0.900000 0.933333 0.966667 1.000000 1.033333</float_array>
        <technique_common>
          <accessor source="#mixamorig12_LeftHandRing1-Matrix-animation-input-array" count="32">
            <param name="TIME" type="float"/>
          </accessor>
        </technique_common>
      </source>
      <source id="mixamorig12_LeftHandRing1-Matrix-animation-output-transform">
        <float_array id="mixamorig12_LeftHandRing1-Matrix-animation-output-transform-array" count="512">

0.981032 -0.180763 -0.070011 1.076700 0.018222 0.445563 -0.895065 9.905900 0.192989 0.876811 0.440406 -0.219800 0.000000 0.000000 0.000000 1.000000
0.981249 -0.179081 -0.071271 1.076700 0.021431 0.468853 -0.883016 9.905900 0.191547 0.864932 0.463899 -0.219800 0.000000 0.000000 0.000000 1.000000
0.981500 -0.176949 -0.073125 1.076700 0.024635 0.495467 -0.868277 9.905900 0.189872 0.850412 0.490660 -0.219800 0.000000 0.000000 0.000000 1.000000
0.981785 -0.174521 -0.075099 1.076700 0.027776 0.522868 -0.851961 9.905900 0.187951 0.834357 0.518192 -0.219800 0.000000 0.000000 0.000000 1.000000
0.982095 -0.172044 -0.076753 1.076700 0.030823 0.548673 -0.835468 9.905900 0.185849 0.818143 0.544152 -0.219800 0.000000 0.000000 0.000000 1.000000
0.982407 -0.169824 -0.077691 1.076700 0.033765 0.570679 -0.820478 9.905900 0.183674 0.803421 0.566374 -0.219800 0.000000 0.000000 0.000000 1.000000
0.982696 -0.168207 -0.077552 1.076700 0.036614 0.586837 -0.808877 9.905900 0.181569 0.792041 0.582841 -0.219800 0.000000 0.000000 0.000000 1.000000
0.982930 -0.167553 -0.075992 1.076700 0.039403 0.595177 -0.802628 9.905900 0.179712 0.785933 0.591619 -0.219800 0.000000 0.000000 0.000000 1.000000
0.983055 -0.168490 -0.072203 1.076700 0.042265 0.591612 -0.805114 9.905900 0.178370 0.788420 0.588709 -0.219800 0.000000 0.000000 0.000000 1.000000
0.982967 -0.172229 -0.064132 1.076700 0.045555 0.566403 -0.822868 9.905900 0.178046 0.805931 0.564601 -0.219800 0.000000 0.000000 0.000000 1.000000
0.982761 -0.176448 -0.055202 1.076700 0.048591 0.534592 -0.843712 9.905900 0.178382 0.826485 0.533950 -0.219800 0.000000 0.000000 0.000000 1.000000
0.982635 -0.178660 -0.050090 1.076700 0.050480 0.517181 -0.854386 9.905900 0.178550 0.837021 0.517219 -0.219800 0.000000 0.000000 0.000000 1.000000
0.982594 -0.179586 -0.047522 1.076700 0.051805 0.510564 -0.858278 9.905900 0.178397 0.840877 0.510980 -0.219800 0.000000 0.000000 0.000000 1.000000
0.982593 -0.179986 -0.046001 1.076700 0.052952 0.508703 -0.859312 9.905900 0.178065 0.841919 0.509378 -0.219800 0.000000 0.000000 0.000000 1.000000
0.982633 -0.179919 -0.045399 1.076700 0.053882 0.510780 -0.858021 9.905900 0.177563 0.840674 0.511604 -0.219800 0.000000 0.000000 0.000000 1.000000
0.982697 -0.179526 -0.045578 1.076700 0.054606 0.515939 -0.854883 9.905900 0.176990 0.837602 0.516815 -0.219800 0.000000 0.000000 0.000000 1.000000
0.982776 -0.178879 -0.046400 1.076700 0.055104 0.523318 -0.850354 9.905900 0.176392 0.833151 0.524162 -0.219800 0.000000 0.000000 0.000000 1.000000
0.982873 -0.177996 -0.047725 1.076700 0.055329 0.532057 -0.844899 9.905900 0.175781 0.827788 0.532793 -0.219800 0.000000 0.000000 0.000000 1.000000
0.982971 -0.176990 -0.049420 1.076700 0.055284 0.541309 -0.839005 9.905900 0.175247 0.821985 0.541875 -0.219800 0.000000 0.000000 0.000000 1.000000
0.983061 -0.175941 -0.051349 1.076700 0.054958 0.550244 -0.833193 9.905900 0.174847 0.816257 0.550593 -0.219800 0.000000 0.000000 0.000000 1.000000
0.983128 -0.174952 -0.053392 1.076700 0.054341 0.558060 -0.828019 9.905900 0.174659 0.811148 0.558152 -0.219800 0.000000 0.000000 0.000000 1.000000
0.983164 -0.174119 -0.055425 1.076700 0.053423 0.563971 -0.824065 9.905900 0.174743 0.807230 0.563777 -0.219800 0.000000 0.000000 0.000000 1.000000
0.983156 -0.173545 -0.057331 1.076700 0.052192 0.567200 -0.821925 9.905900 0.175159 0.805088 0.566703 -0.219800 0.000000 0.000000 0.000000 1.000000
0.983096 -0.173331 -0.058989 1.076700 0.050629 0.566966 -0.822184 9.905900 0.175954 0.805299 0.566157 -0.219800 0.000000 0.000000 0.000000 1.000000
0.982973 -0.173574 -0.060305 1.076700 0.048656 0.562339 -0.825474 9.905900 0.177193 0.808484 0.561209 -0.219800 0.000000 0.000000 0.000000 1.000000
0.982734 -0.174414 -0.061759 1.076700 0.045355 0.550685 -0.833480 9.905900 0.179380 0.816288 0.549087 -0.219800 0.000000 0.000000 0.000000 1.000000
0.982386 -0.175716 -0.063574 1.076700 0.040490 0.532303 -0.845585 9.905900 0.182424 0.828117 0.530041 -0.219800 0.000000 0.000000 0.000000 1.000000
0.981997 -0.177181 -0.065480 1.076700 0.034722 0.510059 -0.859438 9.905900 0.185675 0.841693 0.507028 -0.219800 0.000000 0.000000 0.000000 1.000000
0.981626 -0.178570 -0.067248 1.076700 0.028786 0.486978 -0.872940 9.905900 0.188629 0.854965 0.483171 -0.219800 0.000000 0.000000 0.000000 1.000000
0.981320 -0.179700 -0.068689 1.076700 0.023487 0.466281 -0.884325 9.905900 0.190941 0.866193 0.461792 -0.219800 0.000000 0.000000 0.000000 1.000000
0.981115 -0.180450 -0.069655 1.076700 0.019673 0.451336 -0.892137 9.905900 0.192424 0.873919 0.446362 -0.219800 0.000000 0.000000 0.000000 1.000000
0.981032 -0.180763 -0.070011 1.076700 0.018222 0.445563 -0.895065 9.905900 0.192989 0.876812 0.440405 -0.219800 0.000000 0.000000 0.000000 1.000000</float_array>
        <technique_common>
          <accessor source="#mixamorig12_LeftHandRing1-Matrix-animation-output-transform-array" count="32" stride="16">
            <param type="float4x4"/>
          </accessor>
        </technique_common>
      </source>
      <source id="mixamorig12_LeftHandRing1-Interpolations">
        <Name_array id="mixamorig12_LeftHandRing1-Interpolations-array" count="32">
 LINEAR LINEAR LINEAR LINEAR LINEAR LINEAR LINEAR LINEAR LINEAR LINEAR LINEAR
LINEAR LINEAR LINEAR LINEAR LINEAR LINEAR LINEAR LINEAR LINEAR LINEAR LINEAR LINEAR
LINEAR LINEAR LINEAR LINEAR LINEAR LINEAR LINEAR LINEAR LINEAR</Name_array>
        <technique_common>
          <accessor source="#mixamorig12_LeftHandRing1-Interpolations-array" count="32">
            <param type="name"/>
          </accessor>
        </technique_common>
      </source>
      <sampler id="mixamorig12_LeftHandRing1-Matrix-animation-transform">
        <input semantic="INPUT" source="#mixamorig12_LeftHandRing1-Matrix-animation-input"/>
        <input semantic="OUTPUT" source="#mixamorig12_LeftHandRing1-Matrix-animation-output-transform"/>
        <input semantic="INTERPOLATION" source="#mixamorig12_LeftHandRing1-Interpolations"/>
      </sampler>
      <channel source="#mixamorig12_LeftHandRing1-Matrix-animation-transform" target="mixamorig12_LeftHandRing1/matrix"/>
    </animation>
    <animation id="mixamorig12_LeftHandRing2-anim" name="mixamorig12_LeftHandRing2">
      <source id="mixamorig12_LeftHandRing2-Matrix-animation-input">
        <float_array id="mixamorig12_LeftHandRing2-Matrix-animation-input-array" count="32">

0.000000 0.033333 0.066667 0.100000 0.133333 0.166667 0.200000 0.233333 0.266667 0.300000 0.333333 0.366667 0.400000 0.433333 0.466667 0.500000
0.533333 0.566667 0.600000 0.633333 0.666667 0.700000 0.733333 0.766667 0.800000 0.833333 0.866667 0.900000 0.933333 0.966667 1.000000 1.033333</float_array>
        <technique_common>
          <accessor source="#mixamorig12_LeftHandRing2-Matrix-animation-input-array" count="32">
            <param name="TIME" type="float"/>
          </accessor>
        </technique_common>
      </source>
      <source id="mixamorig12_LeftHandRing2-Matrix-animation-output-transform">
        <float_array id="mixamorig12_LeftHandRing2-Matrix-animation-output-transform-array" count="512">

0.998410 -0.022174 0.051821 -0.001100 0.044115 -0.264862 -0.963277 3.012300 0.035085 0.964031 -0.263463 -0.000000 0.000000 0.000000 0.000000 1.000000
0.998451 -0.023325 0.050504 -0.001100 0.044381 -0.213408 -0.975955 3.012300 0.033542 0.976685 -0.212042 -0.000000 0.000000 0.000000 0.000000 1.000000
0.998502 -0.024498 0.048917 -0.001100 0.044505 -0.156260 -0.986713 3.012300 0.031816 0.987412 -0.154936 -0.000000 0.000000 0.000000 0.000000 1.000000
0.998553 -0.025616 0.047287 -0.001100 0.044603 -0.096795 -0.994304 3.012300 0.030047 0.994975 -0.095512 0.000000 0.000000 0.000000 0.000000 1.000000
0.998603 -0.026608 0.045642 -0.001100 0.044600 -0.038549 -0.998261 3.012300 0.028321 0.998902 -0.037308 -0.000000 0.000000 0.000000 0.000000 1.000000
0.998651 -0.027432 0.044088 -0.001100 0.044508 0.014897 -0.998898 3.012300 0.026745 0.999513 0.016098 0.000000 0.000000 0.000000 0.000000 1.000000
0.998692 -0.028061 0.042742 -0.001100 0.044365 0.060018 -0.997211 3.012300 0.025418 0.997803 0.061184 0.000000 0.000000 0.000000 0.000000 1.000000
0.998723 -0.028489 0.041726 -0.001100 0.044220 0.093413 -0.994645 3.012300 0.024439 0.995220 0.094553 0.000000 0.000000 0.000000 0.000000 1.000000
0.998738 -0.028680 0.041220 -0.001100 0.044129 0.109517 -0.993005 3.012300 0.023965 0.993571 0.110645 0.000000 0.000000 0.000000 0.000000 1.000000
0.998726 -0.028533 0.041615 -0.001100 0.044202 0.097014 -0.994301 3.012300 0.024333 0.994874 0.098152 -0.000000 0.000000 0.000000 0.000000 1.000000
0.998703 -0.028216 0.042386 -0.001100 0.044317 0.071774 -0.996436 3.012300 0.025073 0.997022 0.072931 0.000000 0.000000 0.000000 0.000000 1.000000
0.998688 -0.027995 0.042889 -0.001100 0.044381 0.055065 -0.997496 3.012300 0.025563 0.998090 0.056235 -0.000000 0.000000 0.000000 0.000000 1.000000
0.998679 -0.027865 0.043177 -0.001100 0.044416 0.045490 -0.997977 3.012300 0.025844 0.998576 0.046667 0.000000 0.000000 0.000000 0.000000 1.000000
0.998672 -0.027765 0.043398 -0.001100 0.044443 0.038211 -0.998281 3.012300 0.026059 0.998884 0.039395 -0.000000 0.000000 0.000000 0.000000 1.000000
0.998667 -0.027688 0.043564 -0.001100 0.044462 0.032688 -0.998476 3.012300 0.026222 0.999082 0.033875 0.000000 0.000000 0.000000 0.000000 1.000000
0.998663 -0.027627 0.043692 -0.001100 0.044475 0.028370 -0.998608 3.012300 0.026349 0.999216 0.029561 0.000000 0.000000 0.000000 0.000000 1.000000
0.998660 -0.027574 0.043798 -0.001100 0.044483 0.024714 -0.998704 3.012300 0.026456 0.999314 0.025907 0.000000 0.000000 0.000000 0.000000 1.000000
0.998657 -0.027522 0.043901 -0.001100 0.044490 0.021171 -0.998785 3.012300 0.026559 0.999397 0.022367 0.000000 0.000000 0.000000 0.000000 1.000000
0.998653 -0.027462 0.044013 -0.001100 0.044495 0.017193 -0.998862 3.012300 0.026674 0.999475 0.018392 0.000000 0.000000 0.000000 0.000000 1.000000
0.998649 -0.027389 0.044157 -0.001100 0.044505 0.012235 -0.998934 3.012300 0.026819 0.999550 0.013438 0.000000 0.000000 0.000000 0.000000 1.000000
0.998643 -0.027294 0.044348 -0.001100 0.044521 0.005747 -0.998992 3.012300 0.027012 0.999611 0.006954 0.000000 0.000000 0.000000 0.000000 1.000000
0.998635 -0.027167 0.044605 -0.001100 0.044544 -0.002816 -0.999003 3.012300 0.027266 0.999627 -0.001602 0.000000 0.000000 0.000000 0.000000 1.000000
0.998625 -0.026997 0.044933 -0.001100 0.044568 -0.014005 -0.998908 3.012300 0.027596 0.999537 -0.012782 0.000000 0.000000 0.000000 0.000000 1.000000
0.998612 -0.026772 0.045349 -0.001100 0.044588 -0.028362 -0.998603 3.012300 0.028020 0.999239 -0.027129 -0.000000 0.000000 0.000000 0.000000 1.000000
0.998596 -0.026475 0.045876 -0.001100 0.044606 -0.046729 -0.997911 3.012300 0.028564 0.998557 -0.045482 0.000000 0.000000 0.000000 0.000000 1.000000
0.998572 -0.026007 0.046664 -0.001100 0.044613 -0.074521 -0.996221 3.012300 0.029386 0.996880 -0.073254 0.000000 0.000000 0.000000 0.000000 1.000000
0.998540 -0.025340 0.047709 -0.001100 0.044588 -0.112010 -0.992706 3.012300 0.030499 0.993384 -0.110716 -0.000000 0.000000 0.000000 0.000000 1.000000
0.998504 -0.024543 0.048857 -0.001100 0.044513 -0.153965 -0.987073 3.012300 0.031748 0.987772 -0.152642 -0.000000 0.000000 0.000000 0.000000 1.000000
0.998467 -0.023711 0.050019 -0.001100 0.044446 -0.195199 -0.979756 3.012300 0.032995 0.980477 -0.193846 -0.000000 0.000000 0.000000 0.000000 1.000000
0.998437 -0.022949 0.050965 -0.001100 0.044315 -0.230660 -0.972025 3.012300 0.034062 0.972764 -0.229283 -0.000000 0.000000 0.000000 0.000000 1.000000
0.998417 -0.022391 0.051596 -0.001100 0.044181 -0.255469 -0.965807 3.012300 0.034807 0.966558 -0.254076 -0.000000 0.000000 0.000000 0.000000 1.000000
0.998410 -0.022174 0.051828 -0.001100 0.044122 -0.264862 -0.963276 3.012300 0.035087 0.964031 -0.263463 0.000000 0.000000 0.000000 0.000000 1.000000</float_array>
        <technique_common>
          <accessor source="#mixamorig12_LeftHandRing2-Matrix-animation-output-transform-array" count="32" stride="16">
            <param type="float4x4"/>
          </accessor>
        </technique_common>
      </source>
      <source id="mixamorig12_LeftHandRing2-Interpolations">
        <Name_array id="mixamorig12_LeftHandRing2-Interpolations-array" count="32">
 LINEAR LINEAR LINEAR LINEAR LINEAR LINEAR LINEAR LINEAR LINEAR LINEAR LINEAR
LINEAR LINEAR LINEAR LINEAR LINEAR LINEAR LINEAR LINEAR LINEAR LINEAR LINEAR LINEAR
LINEAR LINEAR LINEAR LINEAR LINEAR LINEAR LINEAR LINEAR LINEAR</Name_array>
        <technique_common>
          <accessor source="#mixamorig12_LeftHandRing2-Interpolations-array" count="32">
            <param type="name"/>
          </accessor>
        </technique_common>
      </source>
      <sampler id="mixamorig12_LeftHandRing2-Matrix-animation-transform">
        <input semantic="INPUT" source="#mixamorig12_LeftHandRing2-Matrix-animation-input"/>
        <input semantic="OUTPUT" source="#mixamorig12_LeftHandRing2-Matrix-animation-output-transform"/>
        <input semantic="INTERPOLATION" source="#mixamorig12_LeftHandRing2-Interpolations"/>
      </sampler>
      <channel source="#mixamorig12_LeftHandRing2-Matrix-animation-transform" target="mixamorig12_LeftHandRing2/matrix"/>
    </animation>
    <animation id="mixamorig12_LeftHandRing3-anim" name="mixamorig12_LeftHandRing3">
      <source id="mixamorig12_LeftHandRing3-Matrix-animation-input">
        <float_array id="mixamorig12_LeftHandRing3-Matrix-animation-input-array" count="32">

0.000000 0.033333 0.066667 0.100000 0.133333 0.166667 0.200000 0.233333 0.266667 0.300000 0.333333 0.366667 0.400000 0.433333 0.466667 0.500000
0.533333 0.566667 0.600000 0.633333 0.666667 0.700000 0.733333 0.766667 0.800000 0.833333 0.866667 0.900000 0.933333 0.966667 1.000000 1.033333</float_array>
        <technique_common>
          <accessor source="#mixamorig12_LeftHandRing3-Matrix-animation-input-array" count="32">
            <param name="TIME" type="float"/>
          </accessor>
        </technique_common>
      </source>
      <source id="mixamorig12_LeftHandRing3-Matrix-animation-output-transform">
        <float_array id="mixamorig12_LeftHandRing3-Matrix-animation-output-transform-array" count="512">

0.999988 -0.004877 -0.000070 -0.005900 0.004877 0.999988 -0.000000 2.898900 0.000070 -0.000000 1.000000 0.000000 0.000000 0.000000 0.000000 1.000000
0.999988 -0.004877 -0.000070 -0.005900 0.004877 0.999988 -0.000000 2.898900 0.000070 -0.000000 1.000000 0.000000 0.000000 0.000000 0.000000 1.000000
0.999988 -0.004877 -0.000070 -0.005900 0.004877 0.999988 -0.000000 2.898900 0.000070 -0.000000 1.000000 0.000000 0.000000 0.000000 0.000000 1.000000
0.999988 -0.004877 -0.000070 -0.005900 0.004877 0.999988 0.000000 2.898900 0.000070 -0.000000 1.000000 0.000000 0.000000 0.000000 0.000000 1.000000
0.999988 -0.004877 -0.000070 -0.005900 0.004877 0.999988 -0.000000 2.898900 0.000070 -0.000000 1.000000 0.000000 0.000000 0.000000 0.000000 1.000000
0.999988 -0.004877 -0.000070 -0.005900 0.004877 0.999988 -0.000000 2.898900 0.000070 0.000000 1.000000 0.000000 0.000000 0.000000 0.000000 1.000000
0.999988 -0.004877 -0.000070 -0.005900 0.004877 0.999988 -0.000000 2.898900 0.000070 -0.000000 1.000000 0.000000 0.000000 0.000000 0.000000 1.000000
0.999988 -0.004877 -0.000070 -0.005900 0.004877 0.999988 -0.000000 2.898900 0.000070 -0.000000 1.000000 0.000000 0.000000 0.000000 0.000000 1.000000
0.999988 -0.004877 -0.000070 -0.005900 0.004877 0.999988 -0.000000 2.898900 0.000070 -0.000000 1.000000 -0.000000 0.000000 0.000000 0.000000 1.000000
0.999988 -0.004877 -0.000070 -0.005900 0.004877 0.999988 0.000000 2.898900 0.000070 -0.000000 1.000000 -0.000000 0.000000 0.000000 0.000000 1.000000
0.999988 -0.004877 -0.000070 -0.005900 0.004877 0.999988 -0.000000 2.898900 0.000070 0.000000 1.000000 0.000000 0.000000 0.000000 0.000000 1.000000
0.999988 -0.004877 -0.000070 -0.005900 0.004877 0.999988 -0.000000 2.898900 0.000070 -0.000000 1.000000 0.000000 0.000000 0.000000 0.000000 1.000000
0.999988 -0.004877 -0.000070 -0.005900 0.004877 0.999988 -0.000000 2.898900 0.000070 -0.000000 1.000000 0.000000 0.000000 0.000000 0.000000 1.000000
0.999988 -0.004877 -0.000070 -0.005900 0.004877 0.999988 -0.000000 2.898900 0.000070 -0.000000 1.000000 0.000000 0.000000 0.000000 0.000000 1.000000
0.999988 -0.004877 -0.000070 -0.005900 0.004877 0.999988 -0.000000 2.898900 0.000070 -0.000000 1.000000 0.000000 0.000000 0.000000 0.000000 1.000000
0.999988 -0.004877 -0.000070 -0.005900 0.004877 0.999988 -0.000000 2.898900 0.000070 -0.000000 1.000000 -0.000000 0.000000 0.000000 0.000000 1.000000
0.999988 -0.004877 -0.000070 -0.005900 0.004877 0.999988 -0.000000 2.898900 0.000070 -0.000000 1.000000 0.000000 0.000000 0.000000 0.000000 1.000000
0.999988 -0.004877 -0.000070 -0.005900 0.004877 0.999988 -0.000000 2.898900 0.000070 -0.000000 1.000000 0.000000 0.000000 0.000000 0.000000 1.000000
0.999988 -0.004877 -0.000070 -0.005900 0.004877 0.999988 -0.000000 2.898900 0.000070 -0.000000 1.000000 0.000000 0.000000 0.000000 0.000000 1.000000
0.999988 -0.004877 -0.000070 -0.005900 0.004877 0.999988 0.000000 2.898900 0.000070 -0.000000 1.000000 0.000000 0.000000 0.000000 0.000000 1.000000
0.999988 -0.004877 -0.000070 -0.005900 0.004877 0.999988 -0.000000 2.898900 0.000070 -0.000000 1.000000 0.000000 0.000000 0.000000 0.000000 1.000000
0.999988 -0.004877 -0.000070 -0.005900 0.004877 0.999988 -0.000000 2.898900 0.000070 -0.000000 1.000000 0.000000 0.000000 0.000000 0.000000 1.000000
0.999988 -0.004877 -0.000070 -0.005900 0.004877 0.999988 -0.000000 2.898900 0.000070 -0.000000 1.000000 0.000000 0.000000 0.000000 0.000000 1.000000
0.999988 -0.004877 -0.000070 -0.005900 0.004877 0.999988 0.000000 2.898900 0.000070 -0.000000 1.000000 0.000000 0.000000 0.000000 0.000000 1.000000
0.999988 -0.004877 -0.000070 -0.005900 0.004877 0.999988 -0.000000 2.898900 0.000070 -0.000000 1.000000 0.000000 0.000000 0.000000 0.000000 1.000000
0.999988 -0.004877 -0.000070 -0.005900 0.004877 0.999988 -0.000000 2.898900 0.000070 -0.000000 1.000000 0.000000 0.000000 0.000000 0.000000 1.000000
0.999988 -0.004877 -0.000070 -0.005900 0.004877 0.999988 -0.000000 2.898900 0.000070 -0.000000 1.000000 -0.000000 0.000000 0.000000 0.000000 1.000000
0.999988 -0.004877 -0.000070 -0.005900 0.004877 0.999988 -0.000000 2.898900 0.000070 -0.000000 1.000000 0.000000 0.000000 0.000000 0.000000 1.000000
0.999988 -0.004877 -0.000070 -0.005900 0.004877 0.999988 -0.000000 2.898900 0.000070 -0.000000 1.000000 0.000000 0.000000 0.000000 0.000000 1.000000
0.999988 -0.004877 -0.000070 -0.005900 0.004877 0.999988 -0.000000 2.898900 0.000070 -0.000000 1.000000 0.000000 0.000000 0.000000 0.000000 1.000000
0.999988 -0.004877 -0.000070 -0.005900 0.004877 0.999988 0.000000 2.898900 0.000070 -0.000000 1.000000 0.000000 0.000000 0.000000 0.000000 1.000000
0.999988 -0.004877 -0.000070 -0.005900 0.004877 0.999988 -0.000000 2.898900 0.000070 -0.000000 1.000000 -0.000000 0.000000 0.000000 0.000000 1.000000</float_array>
        <technique_common>
          <accessor source="#mixamorig12_LeftHandRing3-Matrix-animation-output-transform-array" count="32" stride="16">
            <param type="float4x4"/>
          </accessor>
        </technique_common>
      </source>
      <source id="mixamorig12_LeftHandRing3-Interpolations">
        <Name_array id="mixamorig12_LeftHandRing3-Interpolations-array" count="32">
 LINEAR LINEAR LINEAR LINEAR LINEAR LINEAR LINEAR LINEAR LINEAR LINEAR LINEAR
LINEAR LINEAR LINEAR LINEAR LINEAR LINEAR LINEAR LINEAR LINEAR LINEAR LINEAR LINEAR
LINEAR LINEAR LINEAR LINEAR LINEAR LINEAR LINEAR LINEAR LINEAR</Name_array>
        <technique_common>
          <accessor source="#mixamorig12_LeftHandRing3-Interpolations-array" count="32">
            <param type="name"/>
          </accessor>
        </technique_common>
      </source>
      <sampler id="mixamorig12_LeftHandRing3-Matrix-animation-transform">
        <input semantic="INPUT" source="#mixamorig12_LeftHandRing3-Matrix-animation-input"/>
        <input semantic="OUTPUT" source="#mixamorig12_LeftHandRing3-Matrix-animation-output-transform"/>
        <input semantic="INTERPOLATION" source="#mixamorig12_LeftHandRing3-Interpolations"/>
      </sampler>
      <channel source="#mixamorig12_LeftHandRing3-Matrix-animation-transform" target="mixamorig12_LeftHandRing3/matrix"/>
    </animation>
    <animation id="mixamorig12_LeftHandPinky1-anim" name="mixamorig12_LeftHandPinky1">
      <source id="mixamorig12_LeftHandPinky1-Matrix-animation-input">
        <float_array id="mixamorig12_LeftHandPinky1-Matrix-animation-input-array" count="32">

0.000000 0.033333 0.066667 0.100000 0.133333 0.166667 0.200000 0.233333 0.266667 0.300000 0.333333 0.366667 0.400000 0.433333 0.466667 0.500000
0.533333 0.566667 0.600000 0.633333 0.666667 0.700000 0.733333 0.766667 0.800000 0.833333 0.866667 0.900000 0.933333 0.966667 1.000000 1.033333</float_array>
        <technique_common>
          <accessor source="#mixamorig12_LeftHandPinky1-Matrix-animation-input-array" count="32">
            <param name="TIME" type="float"/>
          </accessor>
        </technique_common>
      </source>
      <source id="mixamorig12_LeftHandPinky1-Matrix-animation-output-transform">
        <float_array id="mixamorig12_LeftHandPinky1-Matrix-animation-output-transform-array" count="512">

0.966940 -0.224240 -0.121421 3.467000 -0.053882 0.285740 -0.956791 9.302800 0.249246 0.931702 0.264211 0.041400 0.000000 0.000000 0.000000 1.000000
0.967529 -0.220405 -0.123732 3.467000 -0.050626 0.310620 -0.949185 9.302800 0.247638 0.924628 0.289376 0.041400 0.000000 0.000000 0.000000 1.000000
0.968199 -0.215716 -0.126715 3.467000 -0.047384 0.339212 -0.939516 9.302800 0.245652 0.915643 0.318204 0.041400 0.000000 0.000000 0.000000 1.000000
0.968926 -0.210564 -0.129793 3.467000 -0.044216 0.368836 -0.928442 9.302800 0.243369 0.905330 0.348064 0.041400 0.000000 0.000000 0.000000 1.000000
0.969673 -0.205392 -0.132470 3.467000 -0.041191 0.396922 -0.916928 9.302800 0.240910 0.894577 0.376424 0.041400 0.000000 0.000000 0.000000 1.000000
0.970415 -0.200658 -0.134283 3.467000 -0.038347 0.421015 -0.906243 9.302800 0.238380 0.884581 0.400864 0.041400 0.000000 0.000000 0.000000 1.000000
0.971117 -0.196868 -0.134812 3.467000 -0.035695 0.438778 -0.897886 9.302800 0.235918 0.876765 0.419078 0.041400 0.000000 0.000000 0.000000 1.000000
0.971744 -0.194545 -0.133665 3.467000 -0.033217 0.447941 -0.893446 9.302800 0.233689 0.872640 0.428822 0.041400 0.000000 0.000000 0.000000 1.000000
0.972244 -0.194584 -0.129916 3.467000 -0.030825 0.443902 -0.895545 9.302800 0.231929 0.874693 0.425583 0.041400 0.000000 0.000000 0.000000 1.000000
0.972533 -0.198715 -0.121207 3.467000 -0.028290 0.415958 -0.908943 9.302800 0.231038 0.887407 0.398912 0.041400 0.000000 0.000000 0.000000 1.000000
0.972658 -0.203797 -0.111371 3.467000 -0.025993 0.381006 -0.924207 9.302800 0.230784 0.901832 0.365292 0.041400 0.000000 0.000000 0.000000 1.000000
0.972745 -0.206358 -0.105753 3.467000 -0.024514 0.361993 -0.931858 9.302800 0.230579 0.909053 0.347068 0.041400 0.000000 0.000000 0.000000 1.000000
0.972865 -0.207179 -0.103010 3.467000 -0.023413 0.354773 -0.934659 9.302800 0.230187 0.911709 0.340295 0.041400 0.000000 0.000000 0.000000 1.000000
0.973011 -0.207253 -0.101466 3.467000 -0.022420 0.352723 -0.935459 9.302800 0.229666 0.912487 0.338557 0.041400 0.000000 0.000000 0.000000 1.000000
0.973175 -0.206729 -0.100966 3.467000 -0.021567 0.354948 -0.934637 9.302800 0.229054 0.911743 0.340968 0.041400 0.000000 0.000000 0.000000 1.000000
0.973339 -0.205771 -0.101341 3.467000 -0.020872 0.360532 -0.932513 9.302800 0.228421 0.909767 0.346625 0.041400 0.000000 0.000000 0.000000 1.000000
0.973499 -0.204468 -0.102429 3.467000 -0.020380 0.368546 -0.929386 9.302800 0.227779 0.906844 0.354612 0.041400 0.000000 0.000000 0.000000 1.000000
0.973647 -0.202949 -0.104038 3.467000 -0.020096 0.378061 -0.925562 9.302800 0.227175 0.903262 0.364019 0.041400 0.000000 0.000000 0.000000 1.000000
0.973763 -0.201357 -0.106025 3.467000 -0.020055 0.388166 -0.921371 9.302800 0.226680 0.899324 0.373943 0.041400 0.000000 0.000000 0.000000 1.000000
0.973835 -0.199833 -0.108225 3.467000 -0.020268 0.397956 -0.917180 9.302800 0.226352 0.895376 0.383494 0.041400 0.000000 0.000000 0.000000 1.000000
0.973848 -0.198532 -0.110479 3.467000 -0.020741 0.406548 -0.913394 9.302800 0.226253 0.891798 0.391798 0.041400 0.000000 0.000000 0.000000 1.000000
0.973777 -0.197656 -0.112650 3.467000 -0.021479 0.413072 -0.910445 9.302800 0.226487 0.888990 0.397995 0.041400 0.000000 0.000000 0.000000 1.000000
0.973615 -0.197339 -0.114590 3.467000 -0.022508 0.416661 -0.908783 9.302800 0.227084 0.887384 0.401226 0.041400 0.000000 0.000000 0.000000 1.000000
0.973348 -0.197743 -0.116156 3.467000 -0.023854 0.416448 -0.908847 9.302800 0.228091 0.887394 0.400632 0.041400 0.000000 0.000000 0.000000 1.000000
0.972953 -0.199054 -0.117219 3.467000 -0.025596 0.411413 -0.911090 9.302800 0.229582 0.889448 0.395190 0.041400 0.000000 0.000000 0.000000 1.000000
0.972253 -0.201917 -0.118128 3.467000 -0.028566 0.398711 -0.916632 9.302800 0.232182 0.894572 0.381880 0.041400 0.000000 0.000000 0.000000 1.000000
0.971232 -0.206213 -0.119096 3.467000 -0.033000 0.378746 -0.924912 9.302800 0.235836 0.902235 0.361046 0.041400 0.000000 0.000000 0.000000 1.000000
0.970060 -0.211166 -0.119968 3.467000 -0.038318 0.354709 -0.934191 9.302800 0.239824 0.910818 0.335998 0.041400 0.000000 0.000000 0.000000 1.000000
0.968898 -0.216059 -0.120647 3.467000 -0.043855 0.329907 -0.942994 9.302800 0.243545 0.918956 0.310171 0.041400 0.000000 0.000000 0.000000 1.000000
0.967898 -0.220246 -0.121099 3.467000 -0.048850 0.307780 -0.950203 9.302800 0.246550 0.925615 0.287140 0.041400 0.000000 0.000000 0.000000 1.000000
0.967201 -0.223155 -0.121343 3.467000 -0.052475 0.291866 -0.955019 9.302800 0.248533 0.930062 0.270584 0.041400 0.000000 0.000000 0.000000 1.000000
0.966941 -0.224249 -0.121396 3.467000 -0.053855 0.285734 -0.956794 9.302800 0.249247 0.931702 0.264211 0.041400 0.000000 0.000000 0.000000 1.000000</float_array>
        <technique_common>
          <accessor source="#mixamorig12_LeftHandPinky1-Matrix-animation-output-transform-array" count="32" stride="16">
            <param type="float4x4"/>
          </accessor>
        </technique_common>
      </source>
      <source id="mixamorig12_LeftHandPinky1-Interpolations">
        <Name_array id="mixamorig12_LeftHandPinky1-Interpolations-array" count="32">
 LINEAR LINEAR LINEAR LINEAR LINEAR LINEAR LINEAR LINEAR LINEAR LINEAR LINEAR
LINEAR LINEAR LINEAR LINEAR LINEAR LINEAR LINEAR LINEAR LINEAR LINEAR LINEAR LINEAR
LINEAR LINEAR LINEAR LINEAR LINEAR LINEAR LINEAR LINEAR LINEAR</Name_array>
        <technique_common>
          <accessor source="#mixamorig12_LeftHandPinky1-Interpolations-array" count="32">
            <param type="name"/>
          </accessor>
        </technique_common>
      </source>
      <sampler id="mixamorig12_LeftHandPinky1-Matrix-animation-transform">
        <input semantic="INPUT" source="#mixamorig12_LeftHandPinky1-Matrix-animation-input"/>
        <input semantic="OUTPUT" source="#mixamorig12_LeftHandPinky1-Matrix-animation-output-transform"/>
        <input semantic="INTERPOLATION" source="#mixamorig12_LeftHandPinky1-Interpolations"/>
      </sampler>
      <channel source="#mixamorig12_LeftHandPinky1-Matrix-animation-transform" target="mixamorig12_LeftHandPinky1/matrix"/>
    </animation>
    <animation id="mixamorig12_LeftHandPinky2-anim" name="mixamorig12_LeftHandPinky2">
      <source id="mixamorig12_LeftHandPinky2-Matrix-animation-input">
        <float_array id="mixamorig12_LeftHandPinky2-Matrix-animation-input-array" count="32">

0.000000 0.033333 0.066667 0.100000 0.133333 0.166667 0.200000 0.233333 0.266667 0.300000 0.333333 0.366667 0.400000 0.433333 0.466667 0.500000
0.533333 0.566667 0.600000 0.633333 0.666667 0.700000 0.733333 0.766667 0.800000 0.833333 0.866667 0.900000 0.933333 0.966667 1.000000 1.033333</float_array>
        <technique_common>
          <accessor source="#mixamorig12_LeftHandPinky2-Matrix-animation-input-array" count="32">
            <param name="TIME" type="float"/>
          </accessor>
        </technique_common>
      </source>
      <source id="mixamorig12_LeftHandPinky2-Matrix-animation-output-transform">
        <float_array id="mixamorig12_LeftHandPinky2-Matrix-animation-output-transform-array" count="512">

0.996849 0.011940 0.078421 0.005000 0.079248 -0.106574 -0.991142 2.730500 -0.003476 0.994233 -0.107184 0.000000 0.000000 0.000000 0.000000 1.000000
0.996869 0.007439 0.078724 0.005000 0.079011 -0.053941 -0.995413 2.730500 -0.003158 0.998516 -0.054360 0.000000 0.000000 0.000000 0.000000 1.000000
0.996889 0.002489 0.078781 0.005000 0.078771 0.003988 -0.996885 2.730500 -0.002795 0.999989 0.003780 0.000000 0.000000 0.000000 0.000000 1.000000
0.996908 -0.002609 0.078539 0.005000 0.078546 0.063691 -0.994874 2.730500 -0.002407 0.997966 0.063698 -0.000000 0.000000 0.000000 0.000000 1.000000
0.996924 -0.007551 0.078011 0.005000 0.078349 0.121615 -0.989480 2.730500 -0.002016 0.992549 0.121833 -0.000000 0.000000 0.000000 0.000000 1.000000
0.996937 -0.012041 0.077274 0.005000 0.078189 0.174287 -0.981586 2.730500 -0.001649 0.984621 0.174695 0.000000 0.000000 0.000000 0.000000 1.000000
0.996947 -0.015799 0.076466 0.005000 0.078070 0.218402 -0.972731 2.730500 -0.001332 0.975731 0.218969 0.000000 0.000000 0.000000 0.000000 1.000000
0.996954 -0.018560 0.075757 0.005000 0.077990 0.250841 -0.964881 2.730500 -0.001094 0.967850 0.251525 0.000000 0.000000 0.000000 0.000000 1.000000
0.996956 -0.019886 0.075381 0.005000 0.077954 0.266422 -0.960699 2.730500 -0.000978 0.963651 0.267162 0.000000 0.000000 0.000000 0.000000 1.000000
0.996954 -0.018857 0.075675 0.005000 0.077982 0.254330 -0.963968 2.730500 -0.001068 0.966934 0.255026 -0.000000 0.000000 0.000000 0.000000 1.000000
0.996949 -0.016773 0.076227 0.005000 0.078041 0.229842 -0.970094 2.730500 -0.001249 0.973083 0.230450 0.000000 0.000000 0.000000 0.000000 1.000000
0.996946 -0.015388 0.076563 0.005000 0.078082 0.213576 -0.973801 2.730500 -0.001367 0.976805 0.214125 0.000000 0.000000 0.000000 0.000000 1.000000
0.996944 -0.014592 0.076745 0.005000 0.078106 0.204233 -0.975801 2.730500 -0.001435 0.978814 0.204749 0.000000 0.000000 0.000000 0.000000 1.000000
0.996942 -0.013987 0.076878 0.005000 0.078126 0.197123 -0.977261 2.730500 -0.001486 0.980279 0.197613 0.000000 0.000000 0.000000 0.000000 1.000000
0.996941 -0.013526 0.076976 0.005000 0.078140 0.191720 -0.978334 2.730500 -0.001525 0.981356 0.192191 0.000000 0.000000 0.000000 0.000000 1.000000
0.996940 -0.013166 0.077051 0.005000 0.078152 0.187494 -0.979152 2.730500 -0.001555 0.982178 0.187949 -0.000000 0.000000 0.000000 0.000000 1.000000
0.996939 -0.012861 0.077113 0.005000 0.078162 0.183913 -0.979830 2.730500 -0.001580 0.982858 0.184356 -0.000000 0.000000 0.000000 0.000000 1.000000
0.996939 -0.012565 0.077172 0.005000 0.078172 0.180441 -0.980475 2.730500 -0.001605 0.983506 0.180871 0.000000 0.000000 0.000000 0.000000 1.000000
0.996938 -0.012233 0.077237 0.005000 0.078183 0.176541 -0.981183 2.730500 -0.001633 0.984217 0.176956 0.000000 0.000000 0.000000 0.000000 1.000000
0.996937 -0.011818 0.077317 0.005000 0.078197 0.171675 -0.982045 2.730500 -0.001667 0.985083 0.172074 0.000000 0.000000 0.000000 0.000000 1.000000
0.996935 -0.011275 0.077417 0.005000 0.078215 0.165303 -0.983136 2.730500 -0.001712 0.986178 0.165678 0.000000 0.000000 0.000000 0.000000 1.000000
0.996933 -0.010557 0.077544 0.005000 0.078240 0.156881 -0.984514 2.730500 -0.001771 0.987561 0.157226 0.000000 0.000000 0.000000 0.000000 1.000000
0.996930 -0.009618 0.077702 0.005000 0.078273 0.145861 -0.986204 2.730500 -0.001848 0.989258 0.146166 0.000000 0.000000 0.000000 0.000000 1.000000
0.996927 -0.008410 0.077889 0.005000 0.078317 0.131690 -0.988192 2.730500 -0.001946 0.991255 0.131944 -0.000000 0.000000 0.000000 0.000000 1.000000
0.996922 -0.006860 0.078102 0.005000 0.078376 0.113513 -0.990440 2.730500 -0.002071 0.993513 0.113701 0.000000 0.000000 0.000000 0.000000 1.000000
0.996914 -0.004505 0.078371 0.005000 0.078468 0.085905 -0.993208 2.730500 -0.002258 0.996293 0.085994 0.000000 0.000000 0.000000 0.000000 1.000000
0.996903 -0.001310 0.078630 0.005000 0.078601 0.048469 -0.995727 2.730500 -0.002507 0.998824 0.048422 -0.000000 0.000000 0.000000 0.000000 1.000000
0.996890 0.002291 0.078778 0.005000 0.078762 0.006303 -0.996874 2.730500 -0.002780 0.999978 0.006103 0.000000 0.000000 0.000000 0.000000 1.000000
0.996875 0.005856 0.078773 0.005000 0.078932 -0.035425 -0.996250 2.730500 -0.003043 0.999355 -0.035776 0.000000 0.000000 0.000000 0.000000 1.000000
0.996862 0.008943 0.078649 0.005000 0.079089 -0.071537 -0.994297 2.730500 -0.003266 0.997398 -0.072020 0.000000 0.000000 0.000000 0.000000 1.000000
0.996853 0.011115 0.078494 0.005000 0.079203 -0.096931 -0.992135 2.730500 -0.003419 0.995229 -0.097506 0.000000 0.000000 0.000000 0.000000 1.000000
0.996849 0.011940 0.078421 0.005000 0.079248 -0.106574 -0.991142 2.730500 -0.003476 0.994233 -0.107184 0.000000 0.000000 0.000000 0.000000 1.000000</float_array>
        <technique_common>
          <accessor source="#mixamorig12_LeftHandPinky2-Matrix-animation-output-transform-array" count="32" stride="16">
            <param type="float4x4"/>
          </accessor>
        </technique_common>
      </source>
      <source id="mixamorig12_LeftHandPinky2-Interpolations">
        <Name_array id="mixamorig12_LeftHandPinky2-Interpolations-array" count="32">
 LINEAR LINEAR LINEAR LINEAR LINEAR LINEAR LINEAR LINEAR LINEAR LINEAR LINEAR
LINEAR LINEAR LINEAR LINEAR LINEAR LINEAR LINEAR LINEAR LINEAR LINEAR LINEAR LINEAR
LINEAR LINEAR LINEAR LINEAR LINEAR LINEAR LINEAR LINEAR LINEAR</Name_array>
        <technique_common>
          <accessor source="#mixamorig12_LeftHandPinky2-Interpolations-array" count="32">
            <param type="name"/>
          </accessor>
        </technique_common>
      </source>
      <sampler id="mixamorig12_LeftHandPinky2-Matrix-animation-transform">
        <input semantic="INPUT" source="#mixamorig12_LeftHandPinky2-Matrix-animation-input"/>
        <input semantic="OUTPUT" source="#mixamorig12_LeftHandPinky2-Matrix-animation-output-transform"/>
        <input semantic="INTERPOLATION" source="#mixamorig12_LeftHandPinky2-Interpolations"/>
      </sampler>
      <channel source="#mixamorig12_LeftHandPinky2-Matrix-animation-transform" target="mixamorig12_LeftHandPinky2/matrix"/>
    </animation>
    <animation id="mixamorig12_LeftHandPinky3-anim" name="mixamorig12_LeftHandPinky3">
      <source id="mixamorig12_LeftHandPinky3-Matrix-animation-input">
        <float_array id="mixamorig12_LeftHandPinky3-Matrix-animation-input-array" count="32">

0.000000 0.033333 0.066667 0.100000 0.133333 0.166667 0.200000 0.233333 0.266667 0.300000 0.333333 0.366667 0.400000 0.433333 0.466667 0.500000
0.533333 0.566667 0.600000 0.633333 0.666667 0.700000 0.733333 0.766667 0.800000 0.833333 0.866667 0.900000 0.933333 0.966667 1.000000 1.033333</float_array>
        <technique_common>
          <accessor source="#mixamorig12_LeftHandPinky3-Matrix-animation-input-array" count="32">
            <param name="TIME" type="float"/>
          </accessor>
        </technique_common>
      </source>
      <source id="mixamorig12_LeftHandPinky3-Matrix-animation-output-transform">
        <float_array id="mixamorig12_LeftHandPinky3-Matrix-animation-output-transform-array" count="512">

0.999983 -0.005901 0.000184 -0.008500 0.005901 0.999983 0.000001 2.134500 -0.000184 0.000000 1.000000 -0.000000 0.000000 0.000000 0.000000 1.000000
0.999983 -0.005901 0.000184 -0.008500 0.005901 0.999983 0.000001 2.134500 -0.000184 0.000000 1.000000 0.000000 0.000000 0.000000 0.000000 1.000000
0.999983 -0.005901 0.000184 -0.008500 0.005901 0.999983 0.000001 2.134500 -0.000184 0.000000 1.000000 0.000000 0.000000 0.000000 0.000000 1.000000
0.999983 -0.005901 0.000184 -0.008500 0.005901 0.999983 0.000001 2.134500 -0.000184 0.000000 1.000000 -0.000000 0.000000 0.000000 0.000000 1.000000
0.999983 -0.005901 0.000184 -0.008500 0.005901 0.999983 0.000001 2.134500 -0.000184 0.000000 1.000000 0.000000 0.000000 0.000000 0.000000 1.000000
0.999983 -0.005900 0.000184 -0.008500 0.005900 0.999983 0.000001 2.134500 -0.000184 0.000000 1.000000 0.000000 0.000000 0.000000 0.000000 1.000000
0.999983 -0.005901 0.000184 -0.008500 0.005901 0.999983 0.000001 2.134500 -0.000184 0.000000 1.000000 0.000000 0.000000 0.000000 0.000000 1.000000
0.999983 -0.005901 0.000184 -0.008500 0.005901 0.999983 0.000001 2.134500 -0.000184 0.000000 1.000000 0.000000 0.000000 0.000000 0.000000 1.000000
0.999983 -0.005901 0.000184 -0.008500 0.005901 0.999983 0.000001 2.134500 -0.000184 0.000000 1.000000 0.000000 0.000000 0.000000 0.000000 1.000000
0.999983 -0.005901 0.000184 -0.008500 0.005901 0.999983 0.000001 2.134500 -0.000184 0.000000 1.000000 0.000000 0.000000 0.000000 0.000000 1.000000
0.999983 -0.005901 0.000184 -0.008500 0.005901 0.999983 0.000001 2.134500 -0.000184 0.000000 1.000000 0.000000 0.000000 0.000000 0.000000 1.000000
0.999983 -0.005900 0.000184 -0.008500 0.005900 0.999983 0.000001 2.134500 -0.000184 0.000000 1.000000 0.000000 0.000000 0.000000 0.000000 1.000000
0.999983 -0.005901 0.000184 -0.008500 0.005901 0.999983 0.000001 2.134500 -0.000184 0.000000 1.000000 0.000000 0.000000 0.000000 0.000000 1.000000
0.999983 -0.005900 0.000184 -0.008500 0.005900 0.999983 0.000001 2.134500 -0.000184 0.000000 1.000000 0.000000 0.000000 0.000000 0.000000 1.000000
0.999983 -0.005901 0.000184 -0.008500 0.005901 0.999983 0.000001 2.134500 -0.000184 0.000000 1.000000 -0.000000 0.000000 0.000000 0.000000 1.000000
0.999983 -0.005901 0.000184 -0.008500 0.005901 0.999983 0.000001 2.134500 -0.000184 0.000000 1.000000 0.000000 0.000000 0.000000 0.000000 1.000000
0.999983 -0.005901 0.000184 -0.008500 0.005901 0.999983 0.000001 2.134500 -0.000184 0.000001 1.000000 -0.000000 0.000000 0.000000 0.000000 1.000000
0.999983 -0.005901 0.000184 -0.008500 0.005901 0.999983 0.000001 2.134500 -0.000184 0.000000 1.000000 0.000000 0.000000 0.000000 0.000000 1.000000
0.999983 -0.005901 0.000184 -0.008500 0.005901 0.999983 0.000001 2.134500 -0.000184 0.000000 1.000000 -0.000000 0.000000 0.000000 0.000000 1.000000
0.999983 -0.005901 0.000184 -0.008500 0.005901 0.999983 0.000001 2.134500 -0.000184 0.000000 1.000000 0.000000 0.000000 0.000000 0.000000 1.000000
0.999983 -0.005901 0.000184 -0.008500 0.005901 0.999983 0.000001 2.134500 -0.000184 0.000000 1.000000 -0.000000 0.000000 0.000000 0.000000 1.000000
0.999983 -0.005901 0.000184 -0.008500 0.005901 0.999983 0.000001 2.134500 -0.000184 0.000000 1.000000 0.000000 0.000000 0.000000 0.000000 1.000000
0.999983 -0.005901 0.000184 -0.008500 0.005901 0.999983 0.000001 2.134500 -0.000184 0.000000 1.000000 0.000000 0.000000 0.000000 0.000000 1.000000
0.999983 -0.005901 0.000184 -0.008500 0.005901 0.999983 0.000001 2.134500 -0.000184 0.000000 1.000000 0.000000 0.000000 0.000000 0.000000 1.000000
0.999983 -0.005901 0.000184 -0.008500 0.005901 0.999983 0.000001 2.134500 -0.000184 0.000000 1.000000 0.000000 0.000000 0.000000 0.000000 1.000000
0.999983 -0.005901 0.000184 -0.008500 0.005901 0.999983 0.000001 2.134500 -0.000184 0.000000 1.000000 0.000000 0.000000 0.000000 0.000000 1.000000
0.999983 -0.005901 0.000184 -0.008500 0.005901 0.999983 0.000001 2.134500 -0.000184 0.000000 1.000000 0.000000 0.000000 0.000000 0.000000 1.000000
0.999983 -0.005901 0.000184 -0.008500 0.005901 0.999983 0.000001 2.134500 -0.000184 0.000000 1.000000 0.000000 0.000000 0.000000 0.000000 1.000000
0.999983 -0.005901 0.000184 -0.008500 0.005901 0.999983 0.000001 2.134500 -0.000184 0.000000 1.000000 0.000000 0.000000 0.000000 0.000000 1.000000
0.999983 -0.005901 0.000184 -0.008500 0.005901 0.999983 0.000001 2.134500 -0.000184 0.000000 1.000000 0.000000 0.000000 0.000000 0.000000 1.000000
0.999983 -0.005901 0.000184 -0.008500 0.005901 0.999983 0.000001 2.134500 -0.000184 0.000000 1.000000 -0.000000 0.000000 0.000000 0.000000 1.000000
0.999983 -0.005901 0.000184 -0.008500 0.005901 0.999983 0.000001 2.134500 -0.000184 0.000000 1.000000 0.000000 0.000000 0.000000 0.000000 1.000000</float_array>
        <technique_common>
          <accessor source="#mixamorig12_LeftHandPinky3-Matrix-animation-output-transform-array" count="32" stride="16">
            <param type="float4x4"/>
          </accessor>
        </technique_common>
      </source>
      <source id="mixamorig12_LeftHandPinky3-Interpolations">
        <Name_array id="mixamorig12_LeftHandPinky3-Interpolations-array" count="32">
 LINEAR LINEAR LINEAR LINEAR LINEAR LINEAR LINEAR LINEAR LINEAR LINEAR LINEAR
LINEAR LINEAR LINEAR LINEAR LINEAR LINEAR LINEAR LINEAR LINEAR LINEAR LINEAR LINEAR
LINEAR LINEAR LINEAR LINEAR LINEAR LINEAR LINEAR LINEAR LINEAR</Name_array>
        <technique_common>
          <accessor source="#mixamorig12_LeftHandPinky3-Interpolations-array" count="32">
            <param type="name"/>
          </accessor>
        </technique_common>
      </source>
      <sampler id="mixamorig12_LeftHandPinky3-Matrix-animation-transform">
        <input semantic="INPUT" source="#mixamorig12_LeftHandPinky3-Matrix-animation-input"/>
        <input semantic="OUTPUT" source="#mixamorig12_LeftHandPinky3-Matrix-animation-output-transform"/>
        <input semantic="INTERPOLATION" source="#mixamorig12_LeftHandPinky3-Interpolations"/>
      </sampler>
      <channel source="#mixamorig12_LeftHandPinky3-Matrix-animation-transform" target="mixamorig12_LeftHandPinky3/matrix"/>
    </animation>
    <animation id="mixamorig12_RightShoulder-anim" name="mixamorig12_RightShoulder">
      <source id="mixamorig12_RightShoulder-Matrix-animation-input">
        <float_array id="mixamorig12_RightShoulder-Matrix-animation-input-array" count="32">

0.000000 0.033333 0.066667 0.100000 0.133333 0.166667 0.200000 0.233333 0.266667 0.300000 0.333333 0.366667 0.400000 0.433333 0.466667 0.500000
0.533333 0.566667 0.600000 0.633333 0.666667 0.700000 0.733333 0.766667 0.800000 0.833333 0.866667 0.900000 0.933333 0.966667 1.000000 1.033333</float_array>
        <technique_common>
          <accessor source="#mixamorig12_RightShoulder-Matrix-animation-input-array" count="32">
            <param name="TIME" type="float"/>
          </accessor>
        </technique_common>
      </source>
      <source id="mixamorig12_RightShoulder-Matrix-animation-output-transform">
        <float_array id="mixamorig12_RightShoulder-Matrix-animation-output-transform-array" count="512">

0.066157 -0.813606 0.577640 -7.052500 -0.039210 -0.580581 -0.813258 13.011200 0.997039 0.031154 -0.070311 -0.217900 0.000000 0.000000 0.000000 1.000000
0.080568 -0.819564 0.567295 -7.052500 -0.036695 -0.571198 -0.819992 13.011200 0.996073 0.045248 -0.076094 -0.217900 0.000000 0.000000 0.000000 1.000000
0.089886 -0.829941 0.550561 -7.052500 -0.035637 -0.555125 -0.831003 13.011200 0.995314 0.055075 -0.079475 -0.217900 0.000000 0.000000 0.000000 1.000000
0.099431 -0.838238 0.536163 -7.052500 -0.034589 -0.541419 -0.840041 13.011200 0.994443 0.064981 -0.082827 -0.217900 0.000000 0.000000 0.000000 1.000000
0.108629 -0.841486 0.529246 -7.052500 -0.033316 -0.535179 -0.844081 13.011200 0.993524 0.074059 -0.086171 -0.217900 0.000000 0.000000 0.000000 1.000000
0.116399 -0.847462 0.517937 -7.052500 -0.032637 -0.524464 -0.850807 13.011200 0.992666 0.082129 -0.088706 -0.217900 0.000000 0.000000 0.000000 1.000000
0.122298 -0.853371 0.506756 -7.052500 -0.032352 -0.513745 -0.857333 13.011200 0.991966 0.088455 -0.090438 -0.217900 0.000000 0.000000 0.000000 1.000000
0.131558 -0.861959 0.489611 -7.052500 -0.032013 -0.497340 -0.866965 13.011200 0.990791 0.098383 -0.093023 -0.217900 0.000000 0.000000 0.000000 1.000000
0.128731 -0.868756 0.478217 -7.052500 -0.033211 -0.485735 -0.873475 13.011200 0.991123 0.096561 -0.091382 -0.217900 0.000000 0.000000 0.000000 1.000000
0.116780 -0.870495 0.478123 -7.052500 -0.034969 -0.484722 -0.873969 13.011200 0.992542 0.085343 -0.087046 -0.217900 0.000000 0.000000 0.000000 1.000000
0.107642 -0.860056 0.498715 -7.052500 -0.035178 -0.504610 -0.862630 13.011200 0.993567 0.075311 -0.084573 -0.217900 0.000000 0.000000 0.000000 1.000000
0.100941 -0.850843 0.515633 -7.052500 -0.035364 -0.521021 -0.852811 13.011200 0.994264 0.067848 -0.082681 -0.217900 0.000000 0.000000 0.000000 1.000000
0.093062 -0.858944 0.503543 -7.052500 -0.037202 -0.508384 -0.860326 13.011200 0.994965 0.061331 -0.079266 -0.217900 0.000000 0.000000 0.000000 1.000000
0.084535 -0.851540 0.517430 -7.052500 -0.037967 -0.521664 -0.852306 13.011200 0.995697 0.052405 -0.076429 -0.217900 0.000000 0.000000 0.000000 1.000000
0.081909 -0.838287 0.539041 -7.052500 -0.037549 -0.543070 -0.838847 13.011200 0.995932 0.048469 -0.075959 -0.217900 0.000000 0.000000 0.000000 1.000000
0.067550 -0.828733 0.555553 -7.052500 -0.039560 -0.558611 -0.828486 13.011200 0.996931 0.033986 -0.070519 -0.217900 0.000000 0.000000 0.000000 1.000000
0.044402 -0.816637 0.575441 -7.052500 -0.043464 -0.577043 -0.815557 13.011200 0.998068 0.011201 -0.061116 -0.217900 0.000000 0.000000 0.000000 1.000000
0.027162 -0.808506 0.587861 -7.052500 -0.046722 -0.588462 -0.807174 13.011200 0.998539 -0.005541 -0.053759 -0.217900 0.000000 0.000000 0.000000 1.000000
0.026571 -0.792546 0.609233 -7.052500 -0.046740 -0.609767 -0.791201 13.011200 0.998554 -0.007453 -0.053246 -0.217900 0.000000 0.000000 0.000000 1.000000
0.019245 -0.795874 0.605156 -7.052500 -0.048285 -0.605302 -0.794530 13.011200 0.998648 -0.013929 -0.050077 -0.217900 0.000000 0.000000 0.000000 1.000000
0.015046 -0.791200 0.611372 -7.052500 -0.049177 -0.611287 -0.789879 13.011200 0.998677 -0.018181 -0.048106 -0.217900 0.000000 0.000000 0.000000 1.000000
0.013778 -0.794010 0.607748 -7.052500 -0.049413 -0.607604 -0.792701 13.011200 0.998683 -0.019108 -0.047606 -0.217900 0.000000 0.000000 0.000000 1.000000
-0.000477 -0.796076 0.605196 -7.052500 -0.052341 -0.604347 -0.795000 13.011200 0.998629 -0.032056 -0.041379 -0.217900 0.000000 0.000000 0.000000 1.000000
-0.007889 -0.795433 0.605991 -7.052500 -0.053864 -0.604792 -0.794560 13.011200 0.998517 -0.038909 -0.038074 -0.217900 0.000000 0.000000 0.000000 1.000000
-0.016607 -0.797641 0.602904 -7.052500 -0.055553 -0.601319 -0.797075 13.011200 0.998318 -0.046730 -0.034325 -0.217900 0.000000 0.000000 0.000000 1.000000
-0.024371 -0.795328 0.605689 -7.052500 -0.057190 -0.603768 -0.795106 13.011200 0.998066 -0.054017 -0.030770 -0.217900 0.000000 0.000000 0.000000 1.000000
-0.010545 -0.793273 0.608774 -7.052500 -0.054399 -0.607451 -0.792492 13.011200 0.998464 -0.041473 -0.036748 -0.217900 0.000000 0.000000 0.000000 1.000000
0.012701 -0.788546 0.614845 -7.052500 -0.049616 -0.614634 -0.787250 13.011200 0.998688 -0.020507 -0.046932 -0.217900 0.000000 0.000000 0.000000 1.000000
0.028058 -0.785983 0.617611 -7.052500 -0.046358 -0.618212 -0.784643 13.011200 0.998531 -0.006616 -0.053782 -0.217900 0.000000 0.000000 0.000000 1.000000
0.036426 -0.790287 0.611653 -7.052500 -0.044610 -0.612735 -0.789028 13.011200 0.998340 0.001455 -0.057574 -0.217900 0.000000 0.000000 0.000000 1.000000
0.051584 -0.798749 0.599449 -7.052500 -0.041625 -0.601446 -0.797828 13.011200 0.997801 0.016203 -0.064272 -0.217900 0.000000 0.000000 0.000000 1.000000
0.066157 -0.813606 0.577640 -7.052500 -0.039210 -0.580581 -0.813258 13.011200 0.997039 0.031153 -0.070311 -0.217900 0.000000 0.000000 0.000000 1.000000</float_array>
        <technique_common>
          <accessor source="#mixamorig12_RightShoulder-Matrix-animation-output-transform-array" count="32" stride="16">
            <param type="float4x4"/>
          </accessor>
        </technique_common>
      </source>
      <source id="mixamorig12_RightShoulder-Interpolations">
        <Name_array id="mixamorig12_RightShoulder-Interpolations-array" count="32">
 LINEAR LINEAR LINEAR LINEAR LINEAR LINEAR LINEAR LINEAR LINEAR LINEAR LINEAR
LINEAR LINEAR LINEAR LINEAR LINEAR LINEAR LINEAR LINEAR LINEAR LINEAR LINEAR LINEAR
LINEAR LINEAR LINEAR LINEAR LINEAR LINEAR LINEAR LINEAR LINEAR</Name_array>
        <technique_common>
          <accessor source="#mixamorig12_RightShoulder-Interpolations-array" count="32">
            <param type="name"/>
          </accessor>
        </technique_common>
      </source>
      <sampler id="mixamorig12_RightShoulder-Matrix-animation-transform">
        <input semantic="INPUT" source="#mixamorig12_RightShoulder-Matrix-animation-input"/>
        <input semantic="OUTPUT" source="#mixamorig12_RightShoulder-Matrix-animation-output-transform"/>
        <input semantic="INTERPOLATION" source="#mixamorig12_RightShoulder-Interpolations"/>
      </sampler>
      <channel source="#mixamorig12_RightShoulder-Matrix-animation-transform" target="mixamorig12_RightShoulder/matrix"/>
    </animation>
    <animation id="mixamorig12_RightArm-anim" name="mixamorig12_RightArm">
      <source id="mixamorig12_RightArm-Matrix-animation-input">
        <float_array id="mixamorig12_RightArm-Matrix-animation-input-array" count="32">

0.000000 0.033333 0.066667 0.100000 0.133333 0.166667 0.200000 0.233333 0.266667 0.300000 0.333333 0.366667 0.400000 0.433333 0.466667 0.500000
0.533333 0.566667 0.600000 0.633333 0.666667 0.700000 0.733333 0.766667 0.800000 0.833333 0.866667 0.900000 0.933333 0.966667 1.000000 1.033333</float_array>
        <technique_common>
          <accessor source="#mixamorig12_RightArm-Matrix-animation-input-array" count="32">
            <param name="TIME" type="float"/>
          </accessor>
        </technique_common>
      </source>
      <source id="mixamorig12_RightArm-Matrix-animation-output-transform">
        <float_array id="mixamorig12_RightArm-Matrix-animation-output-transform-array" count="512">

0.924744 -0.268864 0.269371 0.000000 0.375812 0.756865 -0.534715 14.673100 -0.060112 0.595708 0.800949 -0.000000 0.000000 0.000000 0.000000 1.000000
0.909763 -0.254557 0.327922 -0.000000 0.398226 0.758263 -0.516190 14.673100 -0.117251 0.600198 0.791211 0.000000 0.000000 0.000000 0.000000 1.000000
0.925372 -0.177576 0.334894 0.000000 0.339971 0.779546 -0.526049 14.673100 -0.167652 0.600645 0.781741 0.000000 0.000000 0.000000 0.000000 1.000000
0.942298 -0.085736 0.323609 0.000000 0.258169 0.801496 -0.539401 14.673100 -0.213126 0.591823 0.777382 0.000000 0.000000 0.000000 0.000000 1.000000
0.957656 0.014338 0.287556 0.000000 0.154216 0.817859 -0.554369 14.673100 -0.243129 0.575241 0.781016 0.000000 0.000000 0.000000 0.000000 1.000000
0.964023 0.110705 0.241671 0.000000 0.050797 0.815676 -0.576275 14.673100 -0.260922 0.567818 0.780706 -0.000000 0.000000 0.000000 0.000000 1.000000
0.962656 0.185759 0.196946 0.000000 -0.033120 0.802807 -0.595318 14.673100 -0.268695 0.566564 0.778979 -0.000000 0.000000 0.000000 0.000000 1.000000
0.963375 0.211212 0.165221 -0.000000 -0.067733 0.787817 -0.612174 14.673100 -0.259463 0.578562 0.773269 -0.000000 0.000000 0.000000 0.000000 1.000000
0.971133 0.191978 0.141583 -0.000000 -0.063130 0.779223 -0.623559 14.673100 -0.230035 0.596621 0.768848 0.000000 0.000000 0.000000 0.000000 1.000000
0.982876 0.139421 0.120486 0.000000 -0.031425 0.771104 -0.635933 14.673100 -0.181570 0.621257 0.762281 0.000000 0.000000 0.000000 0.000000 1.000000
0.993403 0.052395 0.102002 -0.000000 0.024862 0.769943 -0.637628 14.673100 -0.111944 0.635958 0.763561 -0.000000 0.000000 0.000000 0.000000 1.000000
0.995718 -0.036942 0.084743 -0.000000 0.083203 0.757635 -0.647353 14.673100 -0.040290 0.651632 0.757465 0.000000 0.000000 0.000000 0.000000 1.000000
0.993184 -0.093831 0.069153 0.000000 0.115560 0.715067 -0.689438 14.673100 0.015242 0.692730 0.721036 0.000000 0.000000 0.000000 0.000000 1.000000
0.988361 -0.140960 0.057202 0.000000 0.139731 0.692553 -0.707704 14.673100 0.060143 0.707460 0.704189 0.000000 0.000000 0.000000 0.000000 1.000000
0.980923 -0.184747 0.060496 0.000000 0.172423 0.683104 -0.709675 14.673100 0.089785 0.706567 0.701927 0.000000 0.000000 0.000000 0.000000 1.000000
0.976463 -0.202295 0.074814 0.000000 0.195026 0.679980 -0.706818 14.673100 0.092114 0.704773 0.703428 -0.000000 0.000000 0.000000 0.000000 1.000000
0.973582 -0.205903 0.098701 0.000000 0.215848 0.688906 -0.691967 14.673100 0.074483 0.694991 0.715150 0.000000 0.000000 0.000000 0.000000 1.000000
0.968862 -0.217124 0.119008 -0.000000 0.239321 0.697952 -0.674973 14.673100 0.063490 0.682437 0.728182 0.000000 0.000000 0.000000 0.000000 1.000000
0.950642 -0.280551 0.132557 0.000000 0.298021 0.706601 -0.641793 14.673100 0.086390 0.649620 0.755335 0.000000 0.000000 0.000000 0.000000 1.000000
0.942717 -0.308221 0.127609 0.000000 0.317079 0.709035 -0.629866 14.673100 0.103658 0.634248 0.766149 0.000000 0.000000 0.000000 0.000000 1.000000
0.928773 -0.352448 0.114724 -0.000000 0.344382 0.706130 -0.618693 14.673100 0.137047 0.614134 0.777211 0.000000 0.000000 0.000000 0.000000 1.000000
0.910248 -0.401370 0.101734 -0.000000 0.373299 0.689174 -0.621037 14.673100 0.179153 0.603275 0.777151 -0.000000 0.000000 0.000000 0.000000 1.000000
0.885639 -0.455233 0.091687 0.000000 0.409421 0.672292 -0.616764 14.673100 0.219130 0.583769 0.781790 0.000000 0.000000 0.000000 0.000000 1.000000
0.858713 -0.504095 0.092198 0.000000 0.449028 0.653449 -0.609408 14.673100 0.246953 0.564706 0.787478 0.000000 0.000000 0.000000 0.000000 1.000000
0.844813 -0.524850 0.104038 0.000000 0.471068 0.637368 -0.609801 14.673100 0.253743 0.564177 0.785696 -0.000000 0.000000 0.000000 0.000000 1.000000
0.830732 -0.546617 0.105333 0.000000 0.490733 0.629768 -0.602140 14.673100 0.262804 0.551908 0.791411 0.000000 0.000000 0.000000 0.000000 1.000000
0.828118 -0.547124 0.121965 0.000000 0.505407 0.634653 -0.584619 14.673100 0.242453 0.545775 0.802088 0.000000 0.000000 0.000000 0.000000 1.000000
0.835464 -0.525231 0.161653 0.000000 0.515628 0.647478 -0.561160 14.673100 0.190072 0.552182 0.811768 0.000000 0.000000 0.000000 0.000000 1.000000
0.858182 -0.478898 0.184882 -0.000000 0.494268 0.673565 -0.549554 14.673100 0.138650 0.562999 0.814745 0.000000 0.000000 0.000000 0.000000 1.000000
0.892768 -0.415607 0.173887 0.000000 0.436489 0.702375 -0.562270 14.673100 0.111550 0.577876 0.808465 0.000000 0.000000 0.000000 0.000000 1.000000
0.917902 -0.352265 0.182663 0.000000 0.391425 0.728242 -0.562540 14.673100 0.065140 0.587855 0.806339 0.000000 0.000000 0.000000 0.000000 1.000000
0.924744 -0.268864 0.269370 -0.000000 0.375812 0.756865 -0.534715 14.673100 -0.060112 0.595707 0.800949 0.000000 0.000000 0.000000 0.000000 1.000000</float_array>
        <technique_common>
          <accessor source="#mixamorig12_RightArm-Matrix-animation-output-transform-array" count="32" stride="16">
            <param type="float4x4"/>
          </accessor>
        </technique_common>
      </source>
      <source id="mixamorig12_RightArm-Interpolations">
        <Name_array id="mixamorig12_RightArm-Interpolations-array" count="32">
 LINEAR LINEAR LINEAR LINEAR LINEAR LINEAR LINEAR LINEAR LINEAR LINEAR LINEAR
LINEAR LINEAR LINEAR LINEAR LINEAR LINEAR LINEAR LINEAR LINEAR LINEAR LINEAR LINEAR
LINEAR LINEAR LINEAR LINEAR LINEAR LINEAR LINEAR LINEAR LINEAR</Name_array>
        <technique_common>
          <accessor source="#mixamorig12_RightArm-Interpolations-array" count="32">
            <param type="name"/>
          </accessor>
        </technique_common>
      </source>
      <sampler id="mixamorig12_RightArm-Matrix-animation-transform">
        <input semantic="INPUT" source="#mixamorig12_RightArm-Matrix-animation-input"/>
        <input semantic="OUTPUT" source="#mixamorig12_RightArm-Matrix-animation-output-transform"/>
        <input semantic="INTERPOLATION" source="#mixamorig12_RightArm-Interpolations"/>
      </sampler>
      <channel source="#mixamorig12_RightArm-Matrix-animation-transform" target="mixamorig12_RightArm/matrix"/>
    </animation>
    <animation id="mixamorig12_RightForeArm-anim" name="mixamorig12_RightForeArm">
      <source id="mixamorig12_RightForeArm-Matrix-animation-input">
        <float_array id="mixamorig12_RightForeArm-Matrix-animation-input-array" count="32">

0.000000 0.033333 0.066667 0.100000 0.133333 0.166667 0.200000 0.233333 0.266667 0.300000 0.333333 0.366667 0.400000 0.433333 0.466667 0.500000
0.533333 0.566667 0.600000 0.633333 0.666667 0.700000 0.733333 0.766667 0.800000 0.833333 0.866667 0.900000 0.933333 0.966667 1.000000 1.033333</float_array>
        <technique_common>
          <accessor source="#mixamorig12_RightForeArm-Matrix-animation-input-array" count="32">
            <param name="TIME" type="float"/>
          </accessor>
        </technique_common>
      </source>
      <source id="mixamorig12_RightForeArm-Matrix-animation-output-transform">
        <float_array id="mixamorig12_RightForeArm-Matrix-animation-output-transform-array" count="512">

0.900095 0.337319 -0.275762 0.000000 -0.399462 0.891611 -0.213215 25.323500 0.173951 0.302070 0.937281 0.000000 0.000000 0.000000 0.000000 1.000000
0.832728 0.482137 -0.272227 -0.000000 -0.544477 0.802350 -0.244499 25.323500 0.100539 0.351823 0.930652 0.000000 0.000000 0.000000 0.000000 1.000000
0.792381 0.545218 -0.273625 0.000000 -0.606821 0.750399 -0.262049 25.323500 0.062454 0.373684 0.925451 0.000000 0.000000 0.000000 0.000000 1.000000
0.771373 0.579605 -0.262756 -0.000000 -0.635037 0.727909 -0.258605 25.323500 0.041374 0.366341 0.929560 -0.000000 0.000000 0.000000 0.000000 1.000000
0.760375 0.603870 -0.239103 -0.000000 -0.648300 0.727906 -0.223293 25.323500 0.039205 0.324797 0.944971 0.000000 0.000000 0.000000 0.000000 1.000000
0.770107 0.605179 -0.201727 0.000000 -0.636270 0.751397 -0.174823 25.323500 0.045778 0.262985 0.963713 0.000000 0.000000 0.000000 0.000000 1.000000
0.786911 0.594208 -0.166401 0.000000 -0.614649 0.778638 -0.126211 25.323500 0.054570 0.201595 0.977948 -0.000000 0.000000 0.000000 0.000000 1.000000
0.782199 0.605886 -0.145144 -0.000000 -0.620136 0.779567 -0.087789 25.323500 0.059959 0.158677 0.985508 0.000000 0.000000 0.000000 0.000000 1.000000
0.740052 0.656188 -0.147445 0.000000 -0.669102 0.740518 -0.062739 25.323500 0.068017 0.145085 0.987078 0.000000 0.000000 0.000000 0.000000 1.000000
0.684724 0.710589 -0.161913 -0.000000 -0.724119 0.688469 -0.040779 25.323500 0.082495 0.145167 0.985962 0.000000 0.000000 0.000000 0.000000 1.000000
0.617987 0.766488 -0.174895 -0.000000 -0.779671 0.626091 -0.011063 25.323500 0.101020 0.143197 0.984525 0.000000 0.000000 0.000000 0.000000 1.000000
0.565273 0.806008 -0.175550 0.000000 -0.816035 0.577509 0.023894 25.323500 0.120640 0.129748 0.984180 0.000000 0.000000 0.000000 0.000000 1.000000
0.587291 0.791298 -0.170107 0.000000 -0.795957 0.602766 0.055906 25.323500 0.146773 0.102565 0.983838 0.000000 0.000000 0.000000 0.000000 1.000000
0.639472 0.748046 -0.177488 -0.000000 -0.747459 0.658950 0.084203 25.323500 0.179944 0.078820 0.980514 0.000000 0.000000 0.000000 0.000000 1.000000
0.705286 0.681325 -0.195877 -0.000000 -0.677391 0.729169 0.097235 25.323500 0.209077 0.064107 0.975796 0.000000 0.000000 0.000000 0.000000 1.000000
0.790758 0.571200 -0.220074 0.000000 -0.567559 0.818834 0.085953 25.323500 0.229300 0.056937 0.971689 0.000000 0.000000 0.000000 0.000000 1.000000
0.861833 0.449696 -0.234559 0.000000 -0.448772 0.891599 0.060463 25.323500 0.236323 0.053155 0.970220 -0.000000 0.000000 0.000000 0.000000 1.000000
0.909093 0.339544 -0.241368 -0.000000 -0.343370 0.938801 0.027383 25.323500 0.235895 0.057985 0.970047 0.000000 0.000000 0.000000 0.000000 1.000000
0.915032 0.315455 -0.251407 0.000000 -0.325014 0.945702 0.003693 25.323500 0.238921 0.078331 0.967874 0.000000 0.000000 0.000000 0.000000 1.000000
0.929419 0.248363 -0.272940 0.000000 -0.268795 0.962384 -0.039581 25.323500 0.252843 0.110152 0.961216 0.000000 0.000000 0.000000 0.000000 1.000000
0.924366 0.230788 -0.303782 0.000000 -0.257633 0.964902 -0.050888 25.323500 0.281376 0.125303 0.951381 -0.000000 0.000000 0.000000 0.000000 1.000000
0.911474 0.237568 -0.335823 0.000000 -0.268564 0.962048 -0.048351 25.323500 0.311591 0.134260 0.940683 -0.000000 0.000000 0.000000 0.000000 1.000000
0.883045 0.288476 -0.370152 -0.000000 -0.324609 0.945091 -0.037844 25.323500 0.338910 0.153572 0.928200 0.000000 0.000000 0.000000 0.000000 1.000000
0.861362 0.329204 -0.386887 -0.000000 -0.367632 0.929564 -0.027524 25.323500 0.350575 0.165940 0.921716 0.000000 0.000000 0.000000 0.000000 1.000000
0.862526 0.325816 -0.387159 0.000000 -0.360521 0.932570 -0.018370 25.323500 0.355067 0.155423 0.921830 0.000000 0.000000 0.000000 0.000000 1.000000
0.848221 0.359163 -0.389259 -0.000000 -0.392704 0.919637 -0.007192 25.323500 0.355394 0.158964 0.921100 0.000000 0.000000 0.000000 0.000000 1.000000
0.843439 0.375257 -0.384438 0.000000 -0.414012 0.910051 -0.020006 25.323500 0.342350 0.176036 0.922934 0.000000 0.000000 0.000000 0.000000 1.000000
0.847797 0.383392 -0.366401 0.000000 -0.427951 0.902645 -0.045710 25.323500 0.313206 0.195555 0.929333 0.000000 0.000000 0.000000 0.000000 1.000000
0.853239 0.387260 -0.349304 -0.000000 -0.434727 0.898127 -0.066180 25.323500 0.288091 0.208320 0.934669 0.000000 0.000000 0.000000 0.000000 1.000000
0.857629 0.387260 -0.338383 0.000000 -0.435513 0.896848 -0.077414 25.323500 0.273498 0.213763 0.937819 0.000000 0.000000 0.000000 0.000000 1.000000
0.867125 0.381581 -0.320142 0.000000 -0.435434 0.892814 -0.115244 25.323500 0.241852 0.239332 0.940334 0.000000 0.000000 0.000000 0.000000 1.000000
0.900095 0.337319 -0.275762 0.000000 -0.399462 0.891611 -0.213215 25.323500 0.173951 0.302070 0.937280 -0.000000 0.000000 0.000000 0.000000 1.000000</float_array>
        <technique_common>
          <accessor source="#mixamorig12_RightForeArm-Matrix-animation-output-transform-array" count="32" stride="16">
            <param type="float4x4"/>
          </accessor>
        </technique_common>
      </source>
      <source id="mixamorig12_RightForeArm-Interpolations">
        <Name_array id="mixamorig12_RightForeArm-Interpolations-array" count="32">
 LINEAR LINEAR LINEAR LINEAR LINEAR LINEAR LINEAR LINEAR LINEAR LINEAR LINEAR
LINEAR LINEAR LINEAR LINEAR LINEAR LINEAR LINEAR LINEAR LINEAR LINEAR LINEAR LINEAR
LINEAR LINEAR LINEAR LINEAR LINEAR LINEAR LINEAR LINEAR LINEAR</Name_array>
        <technique_common>
          <accessor source="#mixamorig12_RightForeArm-Interpolations-array" count="32">
            <param type="name"/>
          </accessor>
        </technique_common>
      </source>
      <sampler id="mixamorig12_RightForeArm-Matrix-animation-transform">
        <input semantic="INPUT" source="#mixamorig12_RightForeArm-Matrix-animation-input"/>
        <input semantic="OUTPUT" source="#mixamorig12_RightForeArm-Matrix-animation-output-transform"/>
        <input semantic="INTERPOLATION" source="#mixamorig12_RightForeArm-Interpolations"/>
      </sampler>
      <channel source="#mixamorig12_RightForeArm-Matrix-animation-transform" target="mixamorig12_RightForeArm/matrix"/>
    </animation>
    <animation id="mixamorig12_RightHand-anim" name="mixamorig12_RightHand">
      <source id="mixamorig12_RightHand-Matrix-animation-input">
        <float_array id="mixamorig12_RightHand-Matrix-animation-input-array" count="32">

0.000000 0.033333 0.066667 0.100000 0.133333 0.166667 0.200000 0.233333 0.266667 0.300000 0.333333 0.366667 0.400000 0.433333 0.466667 0.500000
0.533333 0.566667 0.600000 0.633333 0.666667 0.700000 0.733333 0.766667 0.800000 0.833333 0.866667 0.900000 0.933333 0.966667 1.000000 1.033333</float_array>
        <technique_common>
          <accessor source="#mixamorig12_RightHand-Matrix-animation-input-array" count="32">
            <param name="TIME" type="float"/>
          </accessor>
        </technique_common>
      </source>
      <source id="mixamorig12_RightHand-Matrix-animation-output-transform">
        <float_array id="mixamorig12_RightHand-Matrix-animation-output-transform-array" count="512">

0.892143 0.009195 -0.451660 0.000000 0.040719 0.994086 0.100668 23.170700 0.449915 -0.108201 0.886493 0.000000 0.000000 0.000000 0.000000 1.000000
0.859160 -0.098318 -0.502173 0.000000 0.144403 0.988066 0.053608 23.170700 0.490909 -0.118573 0.863104 0.000000 0.000000 0.000000 0.000000 1.000000
0.851593 -0.168791 -0.496285 -0.000000 0.218238 0.974953 0.042892 23.170700 0.476614 -0.144834 0.867100 -0.000000 0.000000 0.000000 0.000000 1.000000
0.850276 -0.207392 -0.483755 0.000000 0.263524 0.963346 0.050187 23.170700 0.455615 -0.170154 0.873763 0.000000 0.000000 0.000000 0.000000 1.000000
0.865306 -0.209839 -0.455208 0.000000 0.274200 0.958386 0.079438 23.170700 0.419596 -0.193556 0.886835 0.000000 0.000000 0.000000 0.000000 1.000000
0.886999 -0.165028 -0.431276 0.000000 0.243566 0.960676 0.133335 23.170700 0.392312 -0.223312 0.892313 -0.000000 0.000000 0.000000 0.000000 1.000000
0.908685 -0.087621 -0.408185 0.000000 0.184596 0.961284 0.204591 23.170700 0.374455 -0.261258 0.889678 -0.000000 0.000000 0.000000 0.000000 1.000000
0.923305 -0.007654 -0.383991 -0.000000 0.124062 0.952147 0.279327 23.170700 0.363478 -0.305543 0.880072 0.000000 0.000000 0.000000 0.000000 1.000000
0.929918 0.048871 -0.364505 -0.000000 0.085674 0.935076 0.343939 23.170700 0.357648 -0.351063 0.865357 0.000000 0.000000 0.000000 0.000000 1.000000
0.931844 0.085318 -0.352685 0.000000 0.058298 0.924136 0.377591 23.170700 0.358144 -0.372417 0.856177 0.000000 0.000000 0.000000 0.000000 1.000000
0.935024 0.091506 -0.342575 0.000000 0.048613 0.923924 0.379474 23.170700 0.351238 -0.371471 0.859443 0.000000 0.000000 0.000000 0.000000 1.000000
0.936319 0.100348 -0.336508 0.000000 0.033666 0.928232 0.370475 23.170700 0.349534 -0.358212 0.865743 -0.000000 0.000000 0.000000 0.000000 1.000000
0.935685 0.139576 -0.324056 0.000000 -0.013112 0.931550 0.363376 23.170700 0.352594 -0.335756 0.873468 0.000000 0.000000 0.000000 0.000000 1.000000
0.938617 0.170259 -0.300018 -0.000000 -0.058224 0.935426 0.348695 23.170700 0.340013 -0.309823 0.887919 0.000000 0.000000 0.000000 0.000000 1.000000
0.942248 0.191916 -0.274477 0.000000 -0.095849 0.939781 0.328062 23.170700 0.320909 -0.282807 0.903901 0.000000 0.000000 0.000000 0.000000 1.000000
0.941430 0.218934 -0.256471 0.000000 -0.135495 0.942071 0.306827 23.170700 0.308788 -0.254105 0.916559 0.000000 0.000000 0.000000 0.000000 1.000000
0.939645 0.234485 -0.249166 0.000000 -0.162370 0.946609 0.278509 23.170700 0.301169 -0.221243 0.927550 0.000000 0.000000 0.000000 0.000000 1.000000
0.943884 0.234378 -0.232702 0.000000 -0.174623 0.952177 0.250731 23.170700 0.280339 -0.196026 0.939672 0.000000 0.000000 0.000000 0.000000 1.000000
0.958073 0.197616 -0.207472 0.000000 -0.152891 0.964989 0.213121 23.170700 0.242324 -0.172464 0.954744 0.000000 0.000000 0.000000 0.000000 1.000000
0.964756 0.189444 -0.182637 0.000000 -0.153234 0.968688 0.195353 23.170700 0.213927 -0.160482 0.963577 -0.000000 0.000000 0.000000 0.000000 1.000000
0.973180 0.150651 -0.173851 -0.000000 -0.124512 0.980415 0.152590 23.170700 0.193434 -0.126851 0.972878 0.000000 0.000000 0.000000 0.000000 1.000000
0.978583 0.090929 -0.184683 -0.000000 -0.073662 0.992426 0.098309 23.170700 0.192223 -0.082599 0.977869 0.000000 0.000000 0.000000 0.000000 1.000000
0.978430 -0.000117 -0.206579 0.000000 0.009011 0.999072 0.042116 23.170700 0.206382 -0.043070 0.977523 0.000000 0.000000 0.000000 0.000000 1.000000
0.970814 -0.081586 -0.225533 -0.000000 0.083024 0.996543 -0.003117 23.170700 0.225007 -0.015699 0.974231 -0.000000 0.000000 0.000000 0.000000 1.000000
0.959995 -0.136769 -0.244344 0.000000 0.132441 0.990603 -0.034140 23.170700 0.246718 0.000413 0.969087 0.000000 0.000000 0.000000 0.000000 1.000000
0.948378 -0.201782 -0.244671 0.000000 0.191597 0.979319 -0.064997 23.170700 0.252726 0.014763 0.967425 0.000000 0.000000 0.000000 0.000000 1.000000
0.937366 -0.226417 -0.264728 0.000000 0.214153 0.973939 -0.074705 23.170700 0.274744 0.013333 0.961425 0.000000 0.000000 0.000000 0.000000 1.000000
0.924552 -0.198943 -0.325002 0.000000 0.189674 0.979993 -0.060304 23.170700 0.330497 -0.005890 0.943789 -0.000000 0.000000 0.000000 0.000000 1.000000
0.919114 -0.136095 -0.369740 0.000000 0.137586 0.990235 -0.022471 23.170700 0.369188 -0.030218 0.928864 0.000000 0.000000 0.000000 0.000000 1.000000
0.929240 -0.064698 -0.363769 0.000000 0.081265 0.996229 0.030407 23.170700 0.360430 -0.057817 0.930993 0.000000 0.000000 0.000000 0.000000 1.000000
0.929767 -0.012543 -0.367934 -0.000000 0.044226 0.995987 0.077806 23.170700 0.365481 -0.088614 0.926591 0.000000 0.000000 0.000000 0.000000 1.000000
0.892143 0.009195 -0.451660 0.000000 0.040719 0.994087 0.100667 23.170700 0.449914 -0.108201 0.886493 0.000000 0.000000 0.000000 0.000000 1.000000</float_array>
        <technique_common>
          <accessor source="#mixamorig12_RightHand-Matrix-animation-output-transform-array" count="32" stride="16">
            <param type="float4x4"/>
          </accessor>
        </technique_common>
      </source>
      <source id="mixamorig12_RightHand-Interpolations">
        <Name_array id="mixamorig12_RightHand-Interpolations-array" count="32">
 LINEAR LINEAR LINEAR LINEAR LINEAR LINEAR LINEAR LINEAR LINEAR LINEAR LINEAR
LINEAR LINEAR LINEAR LINEAR LINEAR LINEAR LINEAR LINEAR LINEAR LINEAR LINEAR LINEAR
LINEAR LINEAR LINEAR LINEAR LINEAR LINEAR LINEAR LINEAR LINEAR</Name_array>
        <technique_common>
          <accessor source="#mixamorig12_RightHand-Interpolations-array" count="32">
            <param type="name"/>
          </accessor>
        </technique_common>
      </source>
      <sampler id="mixamorig12_RightHand-Matrix-animation-transform">
        <input semantic="INPUT" source="#mixamorig12_RightHand-Matrix-animation-input"/>
        <input semantic="OUTPUT" source="#mixamorig12_RightHand-Matrix-animation-output-transform"/>
        <input semantic="INTERPOLATION" source="#mixamorig12_RightHand-Interpolations"/>
      </sampler>
      <channel source="#mixamorig12_RightHand-Matrix-animation-transform" target="mixamorig12_RightHand/matrix"/>
    </animation>
    <animation id="mixamorig12_RightHandThumb1-anim" name="mixamorig12_RightHandThumb1">
      <source id="mixamorig12_RightHandThumb1-Matrix-animation-input">
        <float_array id="mixamorig12_RightHandThumb1-Matrix-animation-input-array" count="32">

0.000000 0.033333 0.066667 0.100000 0.133333 0.166667 0.200000 0.233333 0.266667 0.300000 0.333333 0.366667 0.400000 0.433333 0.466667 0.500000
0.533333 0.566667 0.600000 0.633333 0.666667 0.700000 0.733333 0.766667 0.800000 0.833333 0.866667 0.900000 0.933333 0.966667 1.000000 1.033333</float_array>
        <technique_common>
          <accessor source="#mixamorig12_RightHandThumb1-Matrix-animation-input-array" count="32">
            <param name="TIME" type="float"/>
          </accessor>
        </technique_common>
      </source>
      <source id="mixamorig12_RightHandThumb1-Matrix-animation-output-transform">
        <float_array id="mixamorig12_RightHandThumb1-Matrix-animation-output-transform-array" count="512">

0.943678 0.327767 -0.045177 2.969900 -0.322686 0.881556 -0.344575 3.193500 -0.073114 0.339746 0.937671 1.365400 0.000000 0.000000 0.000000 1.000000
0.940184 0.336764 -0.051419 2.969900 -0.332184 0.872797 -0.357601 3.193500 -0.075549 0.353292 0.932458 1.365400 0.000000 0.000000 0.000000 1.000000
0.935315 0.348831 -0.059185 2.969900 -0.344970 0.861907 -0.371634 3.193500 -0.078625 0.368012 0.926491 1.365400 0.000000 0.000000 0.000000 1.000000
0.929645 0.362132 -0.067976 2.969900 -0.359220 0.849734 -0.385892 3.193500 -0.081982 0.383161 0.920036 1.365400 0.000000 0.000000 0.000000 1.000000
0.923850 0.374901 -0.077136 2.969900 -0.373137 0.837266 -0.399693 3.193500 -0.085262 0.398039 0.913398 1.365400 0.000000 0.000000 0.000000 1.000000
0.918717 0.385471 -0.085857 2.969900 -0.384961 0.825628 -0.412485 3.193500 -0.088115 0.412009 0.906909 1.365400 0.000000 0.000000 0.000000 1.000000
0.915119 0.392264 -0.093197 2.969900 -0.392965 0.816057 -0.423828 3.193500 -0.090198 0.424476 0.900935 1.365400 0.000000 0.000000 0.000000 1.000000
0.913959 0.393763 -0.098129 2.969900 -0.395432 0.809834 -0.433362 3.193500 -0.091174 0.434878 0.895862 1.365400 0.000000 0.000000 0.000000 1.000000
0.916071 0.388449 -0.099603 2.969900 -0.390624 0.808194 -0.440722 3.193500 -0.090699 0.442640 0.892101 1.365400 0.000000 0.000000 0.000000 1.000000
0.923890 0.370657 -0.095082 2.969900 -0.372534 0.814459 -0.444832 3.193500 -0.087439 0.446398 0.890552 1.365400 0.000000 0.000000 0.000000 1.000000
0.941234 0.328263 -0.079506 2.969900 -0.328448 0.834702 -0.442034 3.193500 -0.078740 0.442171 0.893468 1.365400 0.000000 0.000000 0.000000 1.000000
0.949330 0.306759 -0.068351 2.969900 -0.304945 0.846459 -0.436481 3.193500 -0.076038 0.435208 0.897113 1.365400 0.000000 0.000000 0.000000 1.000000
0.946439 0.316085 -0.065907 2.969900 -0.312554 0.845655 -0.432640 3.193500 -0.081016 0.430067 0.899155 1.365400 0.000000 0.000000 0.000000 1.000000
0.938662 0.338492 -0.065857 2.969900 -0.332991 0.840094 -0.428205 3.193500 -0.089618 0.423870 0.901279 1.365400 0.000000 0.000000 0.000000 1.000000
0.930462 0.361025 -0.062465 2.969900 -0.352644 0.836187 -0.420041 3.193500 -0.099413 0.412860 0.905353 1.365400 0.000000 0.000000 0.000000 1.000000
0.927043 0.371657 -0.049629 2.969900 -0.358923 0.841305 -0.404202 3.193500 -0.108471 0.392526 0.913322 1.365400 0.000000 0.000000 0.000000 1.000000
0.929263 0.368734 -0.022493 2.969900 -0.349917 0.859051 -0.373615 3.193500 -0.118442 0.355058 0.927311 1.365400 0.000000 0.000000 0.000000 1.000000
0.933044 0.359660 0.008618 2.969900 -0.335944 0.879592 -0.336837 3.193500 -0.128727 0.311388 0.941523 1.365400 0.000000 0.000000 0.000000 1.000000
0.934925 0.353597 0.029729 2.969900 -0.327497 0.892090 -0.311321 3.193500 -0.136603 0.281326 0.949840 1.365400 0.000000 0.000000 0.000000 1.000000
0.932967 0.358455 0.032893 2.969900 -0.331348 0.890917 -0.310605 3.193500 -0.140643 0.278885 0.949970 1.365400 0.000000 0.000000 0.000000 1.000000
0.928052 0.371722 0.023279 2.969900 -0.344083 0.879618 -0.328449 3.193500 -0.142569 0.296808 0.944235 1.365400 0.000000 0.000000 0.000000 1.000000
0.921357 0.388687 0.004977 2.969900 -0.361554 0.861601 -0.356261 3.193500 -0.142762 0.326444 0.934373 1.365400 0.000000 0.000000 0.000000 1.000000
0.914098 0.405092 -0.018038 2.969900 -0.380056 0.840399 -0.386377 3.193500 -0.141359 0.360042 0.922165 1.365400 0.000000 0.000000 0.000000 1.000000
0.907783 0.417453 -0.040791 2.969900 -0.395894 0.820633 -0.412105 3.193500 -0.138560 0.390250 0.910223 1.365400 0.000000 0.000000 0.000000 1.000000
0.904220 0.423177 -0.057509 2.969900 -0.405305 0.807888 -0.427838 3.193500 -0.134590 0.410168 0.902024 1.365400 0.000000 0.000000 0.000000 1.000000
0.905223 0.420087 -0.064015 2.969900 -0.404916 0.807035 -0.429811 3.193500 -0.128896 0.414996 0.900647 1.365400 0.000000 0.000000 0.000000 1.000000
0.910738 0.408031 -0.063769 2.969900 -0.395277 0.816506 -0.420801 3.193500 -0.119632 0.408446 0.904909 1.365400 0.000000 0.000000 0.000000 1.000000
0.918901 0.389925 -0.059831 2.969900 -0.379418 0.832053 -0.404636 3.193500 -0.107995 0.394521 0.912519 1.365400 0.000000 0.000000 0.000000 1.000000
0.927816 0.369024 -0.054571 2.969900 -0.360561 0.849618 -0.384897 3.193500 -0.095672 0.376790 0.921345 1.365400 0.000000 0.000000 0.000000 1.000000
0.935812 0.348969 -0.049756 2.969900 -0.342229 0.865629 -0.365466 3.193500 -0.084466 0.359035 0.929494 1.365400 0.000000 0.000000 0.000000 1.000000
0.941500 0.333801 -0.046428 2.969900 -0.328265 0.877127 -0.350558 3.193500 -0.076293 0.345291 0.935389 1.365400 0.000000 0.000000 0.000000 1.000000
0.943678 0.327767 -0.045177 2.969900 -0.322686 0.881556 -0.344575 3.193500 -0.073114 0.339746 0.937671 1.365400 0.000000 0.000000 0.000000 1.000000</float_array>
        <technique_common>
          <accessor source="#mixamorig12_RightHandThumb1-Matrix-animation-output-transform-array" count="32" stride="16">
            <param type="float4x4"/>
          </accessor>
        </technique_common>
      </source>
      <source id="mixamorig12_RightHandThumb1-Interpolations">
        <Name_array id="mixamorig12_RightHandThumb1-Interpolations-array" count="32">
 LINEAR LINEAR LINEAR LINEAR LINEAR LINEAR LINEAR LINEAR LINEAR LINEAR LINEAR
LINEAR LINEAR LINEAR LINEAR LINEAR LINEAR LINEAR LINEAR LINEAR LINEAR LINEAR LINEAR
LINEAR LINEAR LINEAR LINEAR LINEAR LINEAR LINEAR LINEAR LINEAR</Name_array>
        <technique_common>
          <accessor source="#mixamorig12_RightHandThumb1-Interpolations-array" count="32">
            <param type="name"/>
          </accessor>
        </technique_common>
      </source>
      <sampler id="mixamorig12_RightHandThumb1-Matrix-animation-transform">
        <input semantic="INPUT" source="#mixamorig12_RightHandThumb1-Matrix-animation-input"/>
        <input semantic="OUTPUT" source="#mixamorig12_RightHandThumb1-Matrix-animation-output-transform"/>
        <input semantic="INTERPOLATION" source="#mixamorig12_RightHandThumb1-Interpolations"/>
      </sampler>
      <channel source="#mixamorig12_RightHandThumb1-Matrix-animation-transform" target="mixamorig12_RightHandThumb1/matrix"/>
    </animation>
    <animation id="mixamorig12_RightHandThumb2-anim" name="mixamorig12_RightHandThumb2">
      <source id="mixamorig12_RightHandThumb2-Matrix-animation-input">
        <float_array id="mixamorig12_RightHandThumb2-Matrix-animation-input-array" count="32">

0.000000 0.033333 0.066667 0.100000 0.133333 0.166667 0.200000 0.233333 0.266667 0.300000 0.333333 0.366667 0.400000 0.433333 0.466667 0.500000
0.533333 0.566667 0.600000 0.633333 0.666667 0.700000 0.733333 0.766667 0.800000 0.833333 0.866667 0.900000 0.933333 0.966667 1.000000 1.033333</float_array>
        <technique_common>
          <accessor source="#mixamorig12_RightHandThumb2-Matrix-animation-input-array" count="32">
            <param name="TIME" type="float"/>
          </accessor>
        </technique_common>
      </source>
      <source id="mixamorig12_RightHandThumb2-Matrix-animation-output-transform">
        <float_array id="mixamorig12_RightHandThumb2-Matrix-animation-output-transform-array" count="512">

0.922338 -0.110331 -0.370296 0.624700 0.042101 0.981356 -0.187531 3.602100 0.384083 0.157377 0.909787 0.000000 0.000000 0.000000 0.000000 1.000000
0.928480 -0.103012 -0.356809 0.624700 0.039368 0.982648 -0.181252 3.602100 0.369289 0.154242 0.916425 0.000000 0.000000 0.000000 0.000000 1.000000
0.930576 -0.090231 -0.354804 0.624700 0.029781 0.984596 -0.172288 3.602100 0.364885 0.149760 0.918929 0.000000 0.000000 0.000000 0.000000 1.000000
0.933311 -0.083149 -0.349310 0.624700 0.025243 0.985606 -0.167166 3.602100 0.358182 0.147200 0.921975 0.000000 0.000000 0.000000 0.000000 1.000000
0.940121 -0.084317 -0.330248 0.624700 0.029794 0.985539 -0.166807 3.602100 0.339537 0.146979 0.929038 -0.000000 0.000000 0.000000 0.000000 1.000000
0.946983 -0.086353 -0.309462 0.624700 0.035298 0.985336 -0.166932 3.602100 0.319339 0.147159 0.936145 0.000000 0.000000 0.000000 0.000000 1.000000
0.946513 -0.070537 -0.314863 0.624700 0.021417 0.987395 -0.156818 3.602100 0.321955 0.141686 0.936093 0.000000 0.000000 0.000000 0.000000 1.000000
0.933134 -0.027349 -0.358488 0.624700 -0.020543 0.991418 -0.129109 3.602100 0.358942 0.127840 0.924563 0.000000 0.000000 0.000000 0.000000 1.000000
0.920417 -0.004545 -0.390912 0.624700 -0.043226 0.992618 -0.113317 3.602100 0.388542 0.121196 0.913426 0.000000 0.000000 0.000000 0.000000 1.000000
0.924320 -0.021070 -0.381036 0.624700 -0.028846 0.991761 -0.124814 3.602100 0.380526 0.126360 0.916097 0.000000 0.000000 0.000000 0.000000 1.000000
0.926413 -0.027119 -0.375531 0.624700 -0.023339 0.991348 -0.129165 3.602100 0.375785 0.128425 0.917765 0.000000 0.000000 0.000000 0.000000 1.000000
0.918362 -0.030358 -0.394576 0.624700 -0.024051 0.990929 -0.132218 3.602100 0.395011 0.130914 0.909301 0.000000 0.000000 0.000000 0.000000 1.000000
0.912845 -0.044072 -0.405922 0.624700 -0.015834 0.989589 -0.143051 3.602100 0.408000 0.137011 0.902643 -0.000000 0.000000 0.000000 0.000000 1.000000
0.911416 -0.059723 -0.407130 0.624700 -0.004377 0.987948 -0.154724 3.602100 0.411464 0.142800 0.900170 0.000000 0.000000 0.000000 0.000000 1.000000
0.912452 -0.075853 -0.402091 0.624700 0.008829 0.986088 -0.165988 3.602100 0.409088 0.147906 0.900428 0.000000 0.000000 0.000000 0.000000 1.000000
0.918455 -0.094827 -0.383989 0.624700 0.027033 0.983614 -0.178246 3.602100 0.394600 0.153331 0.905969 -0.000000 0.000000 0.000000 0.000000 1.000000
0.929191 -0.122081 -0.348855 0.624700 0.055720 0.979356 -0.194311 3.602100 0.365375 0.161114 0.916811 0.000000 0.000000 0.000000 0.000000 1.000000
0.932744 -0.140675 -0.331963 0.624700 0.074309 0.975980 -0.204798 3.602100 0.352799 0.166356 0.920792 0.000000 0.000000 0.000000 0.000000 1.000000
0.926929 -0.145376 -0.345930 0.624700 0.074921 0.975040 -0.209006 3.602100 0.367680 0.167817 0.914685 0.000000 0.000000 0.000000 0.000000 1.000000
0.922403 -0.148137 -0.356689 0.624700 0.074481 0.974411 -0.212075 3.602100 0.378978 0.169052 0.909834 0.000000 0.000000 0.000000 0.000000 1.000000
0.919001 -0.149106 -0.364973 0.624700 0.073111 0.974121 -0.213875 3.602100 0.387418 0.169867 0.906119 0.000000 0.000000 0.000000 0.000000 1.000000
0.917245 -0.156501 -0.366291 0.624700 0.078279 0.972473 -0.219475 3.602100 0.390556 0.172640 0.904246 0.000000 0.000000 0.000000 0.000000 1.000000
0.917430 -0.166433 -0.361417 0.624700 0.086941 0.970218 -0.226093 3.602100 0.388282 0.176003 0.904577 0.000000 0.000000 0.000000 0.000000 1.000000
0.916321 -0.172049 -0.361601 0.624700 0.091067 0.968869 -0.230216 3.602100 0.389952 0.178022 0.903463 0.000000 0.000000 0.000000 0.000000 1.000000
0.906076 -0.158326 -0.392377 0.624700 0.072603 0.971774 -0.224462 3.602100 0.416840 0.174892 0.891996 0.000000 0.000000 0.000000 0.000000 1.000000
0.905316 -0.152090 -0.396575 0.624700 0.066663 0.972999 -0.220973 3.602100 0.419475 0.173613 0.891010 0.000000 0.000000 0.000000 0.000000 1.000000
0.919178 -0.164557 -0.357818 0.624700 0.086221 0.970568 -0.224865 3.602100 0.384289 0.175840 0.906312 0.000000 0.000000 0.000000 0.000000 1.000000
0.924781 -0.174018 -0.338375 0.624700 0.098777 0.968598 -0.228169 3.602100 0.367455 0.177583 0.912930 0.000000 0.000000 0.000000 0.000000 1.000000
0.922879 -0.172859 -0.344114 0.624700 0.096555 0.968917 -0.227766 3.602100 0.372789 0.176975 0.910883 0.000000 0.000000 0.000000 0.000000 1.000000
0.919629 -0.151998 -0.362187 0.624700 0.075812 0.973440 -0.216027 3.602100 0.385403 0.171207 0.906727 -0.000000 0.000000 0.000000 0.000000 1.000000
0.918958 -0.130981 -0.371968 0.624700 0.057416 0.977618 -0.202401 3.602100 0.390154 0.164641 0.905910 -0.000000 0.000000 0.000000 0.000000 1.000000
0.922338 -0.110331 -0.370296 0.624700 0.042101 0.981356 -0.187531 3.602100 0.384083 0.157377 0.909787 -0.000000 0.000000 0.000000 0.000000 1.000000</float_array>
        <technique_common>
          <accessor source="#mixamorig12_RightHandThumb2-Matrix-animation-output-transform-array" count="32" stride="16">
            <param type="float4x4"/>
          </accessor>
        </technique_common>
      </source>
      <source id="mixamorig12_RightHandThumb2-Interpolations">
        <Name_array id="mixamorig12_RightHandThumb2-Interpolations-array" count="32">
 LINEAR LINEAR LINEAR LINEAR LINEAR LINEAR LINEAR LINEAR LINEAR LINEAR LINEAR
LINEAR LINEAR LINEAR LINEAR LINEAR LINEAR LINEAR LINEAR LINEAR LINEAR LINEAR LINEAR
LINEAR LINEAR LINEAR LINEAR LINEAR LINEAR LINEAR LINEAR LINEAR</Name_array>
        <technique_common>
          <accessor source="#mixamorig12_RightHandThumb2-Interpolations-array" count="32">
            <param type="name"/>
          </accessor>
        </technique_common>
      </source>
      <sampler id="mixamorig12_RightHandThumb2-Matrix-animation-transform">
        <input semantic="INPUT" source="#mixamorig12_RightHandThumb2-Matrix-animation-input"/>
        <input semantic="OUTPUT" source="#mixamorig12_RightHandThumb2-Matrix-animation-output-transform"/>
        <input semantic="INTERPOLATION" source="#mixamorig12_RightHandThumb2-Interpolations"/>
      </sampler>
      <channel source="#mixamorig12_RightHandThumb2-Matrix-animation-transform" target="mixamorig12_RightHandThumb2/matrix"/>
    </animation>
    <animation id="mixamorig12_RightHandThumb3-anim" name="mixamorig12_RightHandThumb3">
      <source id="mixamorig12_RightHandThumb3-Matrix-animation-input">
        <float_array id="mixamorig12_RightHandThumb3-Matrix-animation-input-array" count="32">

0.000000 0.033333 0.066667 0.100000 0.133333 0.166667 0.200000 0.233333 0.266667 0.300000 0.333333 0.366667 0.400000 0.433333 0.466667 0.500000
0.533333 0.566667 0.600000 0.633333 0.666667 0.700000 0.733333 0.766667 0.800000 0.833333 0.866667 0.900000 0.933333 0.966667 1.000000 1.033333</float_array>
        <technique_common>
          <accessor source="#mixamorig12_RightHandThumb3-Matrix-animation-input-array" count="32">
            <param name="TIME" type="float"/>
          </accessor>
        </technique_common>
      </source>
      <source id="mixamorig12_RightHandThumb3-Matrix-animation-output-transform">
        <float_array id="mixamorig12_RightHandThumb3-Matrix-animation-output-transform-array" count="512">

0.981711 0.190142 0.009466 -0.063800 -0.190152 0.981755 0.000180 3.361700 -0.009259 -0.001976 0.999955 0.000000 0.000000 0.000000 0.000000 1.000000
0.981711 0.190142 0.009466 -0.063800 -0.190152 0.981755 0.000180 3.361700 -0.009259 -0.001976 0.999955 0.000000 0.000000 0.000000 0.000000 1.000000
0.981711 0.190142 0.009466 -0.063800 -0.190152 0.981755 0.000180 3.361700 -0.009259 -0.001976 0.999955 0.000000 0.000000 0.000000 0.000000 1.000000
0.981711 0.190142 0.009466 -0.063800 -0.190152 0.981755 0.000180 3.361700 -0.009259 -0.001976 0.999955 0.000000 0.000000 0.000000 0.000000 1.000000
0.981711 0.190142 0.009466 -0.063800 -0.190152 0.981755 0.000180 3.361700 -0.009260 -0.001976 0.999955 0.000000 0.000000 0.000000 0.000000 1.000000
0.981711 0.190142 0.009466 -0.063800 -0.190152 0.981755 0.000180 3.361700 -0.009259 -0.001976 0.999955 -0.000000 0.000000 0.000000 0.000000 1.000000
0.981711 0.190142 0.009466 -0.063800 -0.190152 0.981755 0.000180 3.361700 -0.009259 -0.001976 0.999955 0.000000 0.000000 0.000000 0.000000 1.000000
0.981711 0.190142 0.009466 -0.063800 -0.190152 0.981755 0.000180 3.361700 -0.009259 -0.001976 0.999955 0.000000 0.000000 0.000000 0.000000 1.000000
0.981711 0.190142 0.009466 -0.063800 -0.190153 0.981755 0.000179 3.361700 -0.009259 -0.001976 0.999955 0.000000 0.000000 0.000000 0.000000 1.000000
0.981711 0.190142 0.009466 -0.063800 -0.190152 0.981755 0.000179 3.361700 -0.009259 -0.001976 0.999955 0.000000 0.000000 0.000000 0.000000 1.000000
0.981711 0.190142 0.009466 -0.063800 -0.190152 0.981755 0.000179 3.361700 -0.009260 -0.001976 0.999955 -0.000000 0.000000 0.000000 0.000000 1.000000
0.981711 0.190142 0.009466 -0.063800 -0.190152 0.981755 0.000180 3.361700 -0.009259 -0.001976 0.999955 0.000000 0.000000 0.000000 0.000000 1.000000
0.981711 0.190142 0.009467 -0.063800 -0.190152 0.981755 0.000179 3.361700 -0.009260 -0.001976 0.999955 0.000000 0.000000 0.000000 0.000000 1.000000
0.981711 0.190142 0.009466 -0.063800 -0.190152 0.981755 0.000180 3.361700 -0.009260 -0.001977 0.999955 0.000000 0.000000 0.000000 0.000000 1.000000
0.981711 0.190142 0.009466 -0.063800 -0.190152 0.981755 0.000180 3.361700 -0.009259 -0.001976 0.999955 0.000000 0.000000 0.000000 0.000000 1.000000
0.981711 0.190142 0.009466 -0.063800 -0.190152 0.981755 0.000180 3.361700 -0.009259 -0.001976 0.999955 0.000000 0.000000 0.000000 0.000000 1.000000
0.981711 0.190142 0.009466 -0.063800 -0.190152 0.981755 0.000180 3.361700 -0.009259 -0.001976 0.999955 0.000000 0.000000 0.000000 0.000000 1.000000
0.981711 0.190142 0.009466 -0.063800 -0.190152 0.981755 0.000180 3.361700 -0.009259 -0.001977 0.999955 0.000000 0.000000 0.000000 0.000000 1.000000
0.981711 0.190142 0.009466 -0.063800 -0.190152 0.981755 0.000180 3.361700 -0.009259 -0.001977 0.999955 0.000000 0.000000 0.000000 0.000000 1.000000
0.981711 0.190142 0.009466 -0.063800 -0.190152 0.981755 0.000180 3.361700 -0.009259 -0.001976 0.999955 -0.000000 0.000000 0.000000 0.000000 1.000000
0.981711 0.190142 0.009466 -0.063800 -0.190152 0.981755 0.000180 3.361700 -0.009259 -0.001976 0.999955 -0.000000 0.000000 0.000000 0.000000 1.000000
0.981711 0.190142 0.009466 -0.063800 -0.190152 0.981755 0.000180 3.361700 -0.009259 -0.001976 0.999955 0.000000 0.000000 0.000000 0.000000 1.000000
0.981711 0.190142 0.009466 -0.063800 -0.190152 0.981755 0.000179 3.361700 -0.009259 -0.001976 0.999955 0.000000 0.000000 0.000000 0.000000 1.000000
0.981711 0.190142 0.009466 -0.063800 -0.190153 0.981755 0.000180 3.361700 -0.009260 -0.001976 0.999955 0.000000 0.000000 0.000000 0.000000 1.000000
0.981711 0.190142 0.009466 -0.063800 -0.190152 0.981755 0.000180 3.361700 -0.009259 -0.001976 0.999955 0.000000 0.000000 0.000000 0.000000 1.000000
0.981711 0.190142 0.009466 -0.063800 -0.190152 0.981755 0.000179 3.361700 -0.009259 -0.001976 0.999955 0.000000 0.000000 0.000000 0.000000 1.000000
0.981711 0.190142 0.009466 -0.063800 -0.190152 0.981755 0.000180 3.361700 -0.009259 -0.001976 0.999955 0.000000 0.000000 0.000000 0.000000 1.000000
0.981711 0.190142 0.009466 -0.063800 -0.190152 0.981755 0.000179 3.361700 -0.009259 -0.001976 0.999955 0.000000 0.000000 0.000000 0.000000 1.000000
0.981711 0.190142 0.009466 -0.063800 -0.190152 0.981755 0.000180 3.361700 -0.009259 -0.001976 0.999955 0.000000 0.000000 0.000000 0.000000 1.000000
0.981711 0.190142 0.009466 -0.063800 -0.190152 0.981755 0.000180 3.361700 -0.009259 -0.001976 0.999955 -0.000000 0.000000 0.000000 0.000000 1.000000
0.981711 0.190142 0.009466 -0.063800 -0.190152 0.981755 0.000180 3.361700 -0.009259 -0.001976 0.999955 -0.000000 0.000000 0.000000 0.000000 1.000000
0.981711 0.190142 0.009466 -0.063800 -0.190152 0.981755 0.000180 3.361700 -0.009259 -0.001976 0.999955 0.000000 0.000000 0.000000 0.000000 1.000000</float_array>
        <technique_common>
          <accessor source="#mixamorig12_RightHandThumb3-Matrix-animation-output-transform-array" count="32" stride="16">
            <param type="float4x4"/>
          </accessor>
        </technique_common>
      </source>
      <source id="mixamorig12_RightHandThumb3-Interpolations">
        <Name_array id="mixamorig12_RightHandThumb3-Interpolations-array" count="32">
 LINEAR LINEAR LINEAR LINEAR LINEAR LINEAR LINEAR LINEAR LINEAR LINEAR LINEAR
LINEAR LINEAR LINEAR LINEAR LINEAR LINEAR LINEAR LINEAR LINEAR LINEAR LINEAR LINEAR
LINEAR LINEAR LINEAR LINEAR LINEAR LINEAR LINEAR LINEAR LINEAR</Name_array>
        <technique_common>
          <accessor source="#mixamorig12_RightHandThumb3-Interpolations-array" count="32">
            <param type="name"/>
          </accessor>
        </technique_common>
      </source>
      <sampler id="mixamorig12_RightHandThumb3-Matrix-animation-transform">
        <input semantic="INPUT" source="#mixamorig12_RightHandThumb3-Matrix-animation-input"/>
        <input semantic="OUTPUT" source="#mixamorig12_RightHandThumb3-Matrix-animation-output-transform"/>
        <input semantic="INTERPOLATION" source="#mixamorig12_RightHandThumb3-Interpolations"/>
      </sampler>
      <channel source="#mixamorig12_RightHandThumb3-Matrix-animation-transform" target="mixamorig12_RightHandThumb3/matrix"/>
    </animation>
    <animation id="mixamorig12_RightHandIndex1-anim" name="mixamorig12_RightHandIndex1">
      <source id="mixamorig12_RightHandIndex1-Matrix-animation-input">
        <float_array id="mixamorig12_RightHandIndex1-Matrix-animation-input-array" count="32">

0.000000 0.033333 0.066667 0.100000 0.133333 0.166667 0.200000 0.233333 0.266667 0.300000 0.333333 0.366667 0.400000 0.433333 0.466667 0.500000
0.533333 0.566667 0.600000 0.633333 0.666667 0.700000 0.733333 0.766667 0.800000 0.833333 0.866667 0.900000 0.933333 0.966667 1.000000 1.033333</float_array>
        <technique_common>
          <accessor source="#mixamorig12_RightHandIndex1-Matrix-animation-input-array" count="32">
            <param name="TIME" type="float"/>
          </accessor>
        </technique_common>
      </source>
      <source id="mixamorig12_RightHandIndex1-Matrix-animation-output-transform">
        <float_array id="mixamorig12_RightHandIndex1-Matrix-animation-output-transform-array" count="512">

0.996221 0.085620 -0.014608 3.641700 -0.076216 0.781063 -0.619784 9.956100 -0.041656 0.618555 0.784637 0.193800 0.000000 0.000000 0.000000 1.000000
0.996155 0.086049 -0.016447 3.641700 -0.076369 0.760933 -0.644320 9.956100 -0.042928 0.643099 0.764579 0.193800 0.000000 0.000000 0.000000 1.000000
0.996061 0.086803 -0.018126 3.641700 -0.077013 0.745470 -0.662075 9.956100 -0.043958 0.660863 0.749218 0.193800 0.000000 0.000000 0.000000 1.000000
0.996085 0.086201 -0.019572 3.641700 -0.076442 0.728830 -0.680414 9.956100 -0.044387 0.679247 0.732567 0.193800 0.000000 0.000000 0.000000 1.000000
0.996217 0.084352 -0.020890 3.641700 -0.074642 0.707503 -0.702758 9.956100 -0.044499 0.701658 0.711123 0.193800 0.000000 0.000000 0.000000 1.000000
0.996303 0.082987 -0.022234 3.641700 -0.073279 0.685740 -0.724148 9.956100 -0.044848 0.723100 0.689286 0.193800 0.000000 0.000000 0.000000 1.000000
0.996162 0.084221 -0.023831 3.641700 -0.074435 0.671916 -0.736878 9.956100 -0.046048 0.735823 0.675606 0.193800 0.000000 0.000000 0.000000 1.000000
0.995807 0.087853 -0.025505 3.641700 -0.078093 0.671170 -0.737178 9.956100 -0.047646 0.736079 0.675217 0.193800 0.000000 0.000000 0.000000 1.000000
0.995756 0.088251 -0.026099 3.641700 -0.078793 0.671003 -0.737256 9.956100 -0.047551 0.736184 0.675109 0.193800 0.000000 0.000000 0.000000 1.000000
0.995934 0.086190 -0.026206 3.641700 -0.076884 0.661607 -0.745899 9.956100 -0.046951 0.744881 0.665544 0.193800 0.000000 0.000000 0.000000 1.000000
0.995946 0.085927 -0.026622 3.641700 -0.076698 0.656477 -0.750437 9.956100 -0.047006 0.749437 0.660405 0.193800 0.000000 0.000000 0.000000 1.000000
0.995785 0.087430 -0.027712 3.641700 -0.078380 0.654301 -0.752162 9.956100 -0.047630 0.751163 0.658396 0.193800 0.000000 0.000000 0.000000 1.000000
0.995511 0.089776 -0.029969 3.641700 -0.080675 0.639318 -0.764699 9.956100 -0.049492 0.763684 0.643691 0.193800 0.000000 0.000000 0.000000 1.000000
0.995203 0.092277 -0.032504 3.641700 -0.083125 0.622343 -0.778319 9.956100 -0.051592 0.777287 0.627028 0.193800 0.000000 0.000000 0.000000 1.000000
0.995001 0.093867 -0.034097 3.641700 -0.084613 0.610996 -0.787099 9.956100 -0.053050 0.786049 0.615883 0.193800 0.000000 0.000000 0.000000 1.000000
0.994968 0.094047 -0.034550 3.641700 -0.084625 0.604214 -0.792315 9.956100 -0.053640 0.791252 0.609133 0.193800 0.000000 0.000000 0.000000 1.000000
0.995066 0.093416 -0.033436 3.641700 -0.083752 0.610124 -0.787867 9.956100 -0.053200 0.786780 0.614937 0.193800 0.000000 0.000000 0.000000 1.000000
0.995246 0.092596 -0.030183 3.641700 -0.082896 0.642744 -0.761583 9.956100 -0.051120 0.760465 0.647364 0.193800 0.000000 0.000000 0.000000 1.000000
0.995788 0.088715 -0.023143 3.641700 -0.079258 0.706070 -0.703692 9.956100 -0.046088 0.702563 0.710128 0.193800 0.000000 0.000000 0.000000 1.000000
0.996620 0.081371 -0.011254 3.641700 -0.072427 0.805780 -0.587769 9.956100 -0.038759 0.586598 0.808950 0.193800 0.000000 0.000000 0.000000 1.000000
0.996989 0.077317 -0.005993 3.641700 -0.068920 0.847976 -0.525535 9.956100 -0.035551 0.524366 0.850751 0.193800 0.000000 0.000000 0.000000 1.000000
0.997061 0.076429 -0.005293 3.641700 -0.068251 0.854741 -0.514548 9.956100 -0.034802 0.513397 0.857445 0.193800 0.000000 0.000000 0.000000 1.000000
0.997006 0.077055 -0.006434 3.641700 -0.068759 0.845449 -0.529612 9.956100 -0.035369 0.528469 0.848216 0.193800 0.000000 0.000000 0.000000 1.000000
0.996822 0.079317 -0.007360 3.641700 -0.070925 0.841689 -0.535285 9.956100 -0.036262 0.534106 0.844640 0.193800 0.000000 0.000000 0.000000 1.000000
0.996635 0.081599 -0.007705 3.641700 -0.073210 0.844003 -0.531319 9.956100 -0.036852 0.530095 0.847137 0.193800 0.000000 0.000000 0.000000 1.000000
0.996548 0.082549 -0.008779 3.641700 -0.073941 0.834564 -0.545926 9.956100 -0.037739 0.544691 0.837788 0.193800 0.000000 0.000000 0.000000 1.000000
0.996670 0.080903 -0.010216 3.641700 -0.072021 0.814577 -0.575566 9.956100 -0.038243 0.574385 0.817691 0.193800 0.000000 0.000000 0.000000 1.000000
0.996764 0.079602 -0.011223 3.641700 -0.070679 0.801259 -0.594128 9.956100 -0.038301 0.592999 0.804292 0.193800 0.000000 0.000000 0.000000 1.000000
0.996617 0.081271 -0.012214 3.641700 -0.072312 0.796542 -0.600243 9.956100 -0.039054 0.599095 0.799725 0.193800 0.000000 0.000000 0.000000 1.000000
0.996336 0.084476 -0.013326 3.641700 -0.075342 0.793294 -0.604159 9.956100 -0.040466 0.602949 0.796753 0.193800 0.000000 0.000000 0.000000 1.000000
0.996133 0.086683 -0.014291 3.641700 -0.077356 0.788322 -0.610381 9.956100 -0.041644 0.609126 0.791979 0.193800 0.000000 0.000000 0.000000 1.000000
0.996221 0.085619 -0.014608 3.641700 -0.076216 0.781063 -0.619784 9.956100 -0.041656 0.618555 0.784637 0.193800 0.000000 0.000000 0.000000 1.000000</float_array>
        <technique_common>
          <accessor source="#mixamorig12_RightHandIndex1-Matrix-animation-output-transform-array" count="32" stride="16">
            <param type="float4x4"/>
          </accessor>
        </technique_common>
      </source>
      <source id="mixamorig12_RightHandIndex1-Interpolations">
        <Name_array id="mixamorig12_RightHandIndex1-Interpolations-array" count="32">
 LINEAR LINEAR LINEAR LINEAR LINEAR LINEAR LINEAR LINEAR LINEAR LINEAR LINEAR
LINEAR LINEAR LINEAR LINEAR LINEAR LINEAR LINEAR LINEAR LINEAR LINEAR LINEAR LINEAR
LINEAR LINEAR LINEAR LINEAR LINEAR LINEAR LINEAR LINEAR LINEAR</Name_array>
        <technique_common>
          <accessor source="#mixamorig12_RightHandIndex1-Interpolations-array" count="32">
            <param type="name"/>
          </accessor>
        </technique_common>
      </source>
      <sampler id="mixamorig12_RightHandIndex1-Matrix-animation-transform">
        <input semantic="INPUT" source="#mixamorig12_RightHandIndex1-Matrix-animation-input"/>
        <input semantic="OUTPUT" source="#mixamorig12_RightHandIndex1-Matrix-animation-output-transform"/>
        <input semantic="INTERPOLATION" source="#mixamorig12_RightHandIndex1-Interpolations"/>
      </sampler>
      <channel source="#mixamorig12_RightHandIndex1-Matrix-animation-transform" target="mixamorig12_RightHandIndex1/matrix"/>
    </animation>
    <animation id="mixamorig12_RightHandIndex2-anim" name="mixamorig12_RightHandIndex2">
      <source id="mixamorig12_RightHandIndex2-Matrix-animation-input">
        <float_array id="mixamorig12_RightHandIndex2-Matrix-animation-input-array" count="32">

0.000000 0.033333 0.066667 0.100000 0.133333 0.166667 0.200000 0.233333 0.266667 0.300000 0.333333 0.366667 0.400000 0.433333 0.466667 0.500000
0.533333 0.566667 0.600000 0.633333 0.666667 0.700000 0.733333 0.766667 0.800000 0.833333 0.866667 0.900000 0.933333 0.966667 1.000000 1.033333</float_array>
        <technique_common>
          <accessor source="#mixamorig12_RightHandIndex2-Matrix-animation-input-array" count="32">
            <param name="TIME" type="float"/>
          </accessor>
        </technique_common>
      </source>
      <source id="mixamorig12_RightHandIndex2-Matrix-animation-output-transform">
        <float_array id="mixamorig12_RightHandIndex2-Matrix-animation-output-transform-array" count="512">

0.997767 0.061358 0.026386 -0.023100 0.000375 0.389894 -0.920860 3.278000 -0.066789 0.918813 0.389000 -0.000000 0.000000 0.000000 0.000000 1.000000
0.997682 0.063248 0.025094 -0.023100 -0.000205 0.371578 -0.928402 3.278000 -0.068044 0.926245 0.370730 -0.000000 0.000000 0.000000 0.000000 1.000000
0.997582 0.065321 0.023740 -0.023100 -0.000864 0.353206 -0.935545 3.278000 -0.069496 0.933262 0.352408 -0.000000 0.000000 0.000000 0.000000 1.000000
0.997465 0.067567 0.022329 -0.023100 -0.001590 0.334868 -0.942264 3.278000 -0.071143 0.939839 0.334127 0.000000 0.000000 0.000000 0.000000 1.000000
0.997345 0.069803 0.020740 -0.023100 -0.002113 0.312436 -0.949936 3.278000 -0.072789 0.947371 0.311754 0.000000 0.000000 0.000000 0.000000 1.000000
0.997191 0.072417 0.019123 -0.023100 -0.002614 0.288817 -0.957381 3.278000 -0.074854 0.954642 0.288195 0.000000 0.000000 0.000000 0.000000 1.000000
0.997045 0.074792 0.017554 -0.023100 -0.003062 0.267002 -0.963691 3.278000 -0.076763 0.960789 0.266442 -0.000000 0.000000 0.000000 0.000000 1.000000
0.996970 0.076058 0.016310 -0.023100 -0.003558 0.254046 -0.967186 3.278000 -0.077706 0.964197 0.253546 0.000000 0.000000 0.000000 0.000000 1.000000
0.996943 0.076606 0.015378 -0.023100 -0.004049 0.247208 -0.968954 3.278000 -0.078030 0.965929 0.246763 0.000000 0.000000 0.000000 0.000000 1.000000
0.996864 0.077805 0.014430 -0.023100 -0.004256 0.234809 -0.972032 3.278000 -0.079017 0.968923 0.234404 -0.000000 0.000000 0.000000 0.000000 1.000000
0.996802 0.078706 0.013808 -0.023100 -0.004322 0.225642 -0.974201 3.278000 -0.079791 0.971026 0.225260 0.000000 0.000000 0.000000 0.000000 1.000000
0.996762 0.079229 0.013746 -0.023100 -0.004179 0.221753 -0.975094 3.278000 -0.080304 0.971879 0.221366 0.000000 0.000000 0.000000 0.000000 1.000000
0.996732 0.079735 0.012955 -0.023100 -0.004576 0.215845 -0.976417 3.278000 -0.080651 0.973167 0.215505 0.000000 0.000000 0.000000 0.000000 1.000000
0.996739 0.079661 0.012870 -0.023100 -0.004771 0.217384 -0.976074 3.278000 -0.080553 0.972830 0.217055 0.000000 0.000000 0.000000 0.000000 1.000000
0.996761 0.079340 0.013139 -0.023100 -0.004790 0.221670 -0.975110 3.278000 -0.080278 0.971889 0.221332 -0.000000 0.000000 0.000000 0.000000 1.000000
0.996814 0.078565 0.013797 -0.023100 -0.004673 0.230193 -0.973134 3.278000 -0.079630 0.969968 0.229826 -0.000000 0.000000 0.000000 0.000000 1.000000
0.996889 0.077431 0.014708 -0.023100 -0.004402 0.241022 -0.970510 3.278000 -0.078693 0.967426 0.240613 0.000000 0.000000 0.000000 0.000000 1.000000
0.997015 0.075507 0.016119 -0.023100 -0.003974 0.258682 -0.965954 3.278000 -0.077106 0.963007 0.258210 0.000000 0.000000 0.000000 0.000000 1.000000
0.997238 0.071920 0.018533 -0.023100 -0.003311 0.292333 -0.956311 3.278000 -0.074196 0.953608 0.291764 0.000000 0.000000 0.000000 0.000000 1.000000
0.997500 0.067213 0.021808 -0.023100 -0.002033 0.335805 -0.941929 3.278000 -0.070633 0.939531 0.335102 0.000000 0.000000 0.000000 0.000000 1.000000
0.997769 0.061781 0.025307 -0.023100 -0.000335 0.383683 -0.923465 3.278000 -0.066762 0.921396 0.382848 0.000000 0.000000 0.000000 0.000000 1.000000
0.998011 0.056213 0.028517 -0.023100 0.001512 0.430938 -0.902380 3.278000 -0.063015 0.900629 0.429996 0.000000 0.000000 0.000000 0.000000 1.000000
0.998178 0.051889 0.030786 -0.023100 0.003078 0.465793 -0.884888 3.278000 -0.060255 0.883371 0.464785 -0.000000 0.000000 0.000000 0.000000 1.000000
0.998253 0.049721 0.031905 -0.023100 0.003933 0.482929 -0.875651 3.278000 -0.058946 0.874247 0.481890 0.000000 0.000000 0.000000 0.000000 1.000000
0.998251 0.049720 0.031973 -0.023100 0.003973 0.483220 -0.875490 3.278000 -0.058979 0.874086 0.482177 -0.000000 0.000000 0.000000 0.000000 1.000000
0.998213 0.050733 0.031573 -0.023100 0.003671 0.475311 -0.879810 3.278000 -0.059643 0.878354 0.474276 -0.000000 0.000000 0.000000 0.000000 1.000000
0.998140 0.052569 0.030860 -0.023100 0.003142 0.461220 -0.887280 3.278000 -0.060876 0.885727 0.460197 0.000000 0.000000 0.000000 0.000000 1.000000
0.998023 0.055328 0.029799 -0.023100 0.002425 0.439917 -0.898035 3.278000 -0.062796 0.896332 0.438913 0.000000 0.000000 0.000000 0.000000 1.000000
0.997937 0.057464 0.028636 -0.023100 0.001669 0.422649 -0.906292 3.278000 -0.064182 0.904470 0.421681 0.000000 0.000000 0.000000 0.000000 1.000000
0.997854 0.059400 0.027536 -0.023100 0.001000 0.406696 -0.913563 3.278000 -0.065464 0.911630 0.405764 0.000000 0.000000 0.000000 0.000000 1.000000
0.997792 0.060800 0.026713 -0.023100 0.000527 0.394989 -0.918686 3.278000 -0.066407 0.916672 0.394085 0.000000 0.000000 0.000000 0.000000 1.000000
0.997767 0.061352 0.026385 -0.023100 0.000377 0.389893 -0.920860 3.278000 -0.066784 0.918814 0.389000 -0.000000 0.000000 0.000000 0.000000 1.000000</float_array>
        <technique_common>
          <accessor source="#mixamorig12_RightHandIndex2-Matrix-animation-output-transform-array" count="32" stride="16">
            <param type="float4x4"/>
          </accessor>
        </technique_common>
      </source>
      <source id="mixamorig12_RightHandIndex2-Interpolations">
        <Name_array id="mixamorig12_RightHandIndex2-Interpolations-array" count="32">
 LINEAR LINEAR LINEAR LINEAR LINEAR LINEAR LINEAR LINEAR LINEAR LINEAR LINEAR
LINEAR LINEAR LINEAR LINEAR LINEAR LINEAR LINEAR LINEAR LINEAR LINEAR LINEAR LINEAR
LINEAR LINEAR LINEAR LINEAR LINEAR LINEAR LINEAR LINEAR LINEAR</Name_array>
        <technique_common>
          <accessor source="#mixamorig12_RightHandIndex2-Interpolations-array" count="32">
            <param type="name"/>
          </accessor>
        </technique_common>
      </source>
      <sampler id="mixamorig12_RightHandIndex2-Matrix-animation-transform">
        <input semantic="INPUT" source="#mixamorig12_RightHandIndex2-Matrix-animation-input"/>
        <input semantic="OUTPUT" source="#mixamorig12_RightHandIndex2-Matrix-animation-output-transform"/>
        <input semantic="INTERPOLATION" source="#mixamorig12_RightHandIndex2-Interpolations"/>
      </sampler>
      <channel source="#mixamorig12_RightHandIndex2-Matrix-animation-transform" target="mixamorig12_RightHandIndex2/matrix"/>
    </animation>
    <animation id="mixamorig12_RightHandIndex3-anim" name="mixamorig12_RightHandIndex3">
      <source id="mixamorig12_RightHandIndex3-Matrix-animation-input">
        <float_array id="mixamorig12_RightHandIndex3-Matrix-animation-input-array" count="32">

0.000000 0.033333 0.066667 0.100000 0.133333 0.166667 0.200000 0.233333 0.266667 0.300000 0.333333 0.366667 0.400000 0.433333 0.466667 0.500000
0.533333 0.566667 0.600000 0.633333 0.666667 0.700000 0.733333 0.766667 0.800000 0.833333 0.866667 0.900000 0.933333 0.966667 1.000000 1.033333</float_array>
        <technique_common>
          <accessor source="#mixamorig12_RightHandIndex3-Matrix-animation-input-array" count="32">
            <param name="TIME" type="float"/>
          </accessor>
        </technique_common>
      </source>
      <source id="mixamorig12_RightHandIndex3-Matrix-animation-output-transform">
        <float_array id="mixamorig12_RightHandIndex3-Matrix-animation-output-transform-array" count="512">

1.000000 0.000669 -0.000032 0.013400 -0.000669 1.000000 0.000000 3.051500 0.000032 -0.000000 1.000000 0.000000 0.000000 0.000000 0.000000 1.000000
1.000000 0.000669 -0.000032 0.013400 -0.000669 1.000000 0.000000 3.051500 0.000032 0.000000 1.000000 0.000000 0.000000 0.000000 0.000000 1.000000
1.000000 0.000669 -0.000032 0.013400 -0.000669 1.000000 0.000000 3.051500 0.000032 -0.000000 1.000000 0.000000 0.000000 0.000000 0.000000 1.000000
1.000000 0.000669 -0.000032 0.013400 -0.000669 1.000000 0.000000 3.051500 0.000032 -0.000000 1.000000 0.000000 0.000000 0.000000 0.000000 1.000000
1.000000 0.000669 -0.000032 0.013400 -0.000669 1.000000 0.000000 3.051500 0.000032 -0.000000 1.000000 0.000000 0.000000 0.000000 0.000000 1.000000
1.000000 0.000669 -0.000032 0.013400 -0.000669 1.000000 0.000000 3.051500 0.000032 -0.000000 1.000000 0.000000 0.000000 0.000000 0.000000 1.000000
1.000000 0.000669 -0.000032 0.013400 -0.000669 1.000000 0.000000 3.051500 0.000032 -0.000000 1.000000 0.000000 0.000000 0.000000 0.000000 1.000000
1.000000 0.000669 -0.000032 0.013400 -0.000669 1.000000 -0.000000 3.051500 0.000032 0.000000 1.000000 -0.000000 0.000000 0.000000 0.000000 1.000000
1.000000 0.000669 -0.000032 0.013400 -0.000669 1.000000 0.000000 3.051500 0.000032 -0.000000 1.000000 0.000000 0.000000 0.000000 0.000000 1.000000
1.000000 0.000669 -0.000032 0.013400 -0.000669 1.000000 0.000000 3.051500 0.000032 -0.000000 1.000000 0.000000 0.000000 0.000000 0.000000 1.000000
1.000000 0.000669 -0.000032 0.013400 -0.000669 1.000000 0.000000 3.051500 0.000032 -0.000000 1.000000 0.000000 0.000000 0.000000 0.000000 1.000000
1.000000 0.000669 -0.000032 0.013400 -0.000669 1.000000 0.000000 3.051500 0.000032 -0.000000 1.000000 -0.000000 0.000000 0.000000 0.000000 1.000000
1.000000 0.000669 -0.000032 0.013400 -0.000669 1.000000 0.000000 3.051500 0.000032 -0.000000 1.000000 0.000000 0.000000 0.000000 0.000000 1.000000
1.000000 0.000669 -0.000032 0.013400 -0.000669 1.000000 0.000000 3.051500 0.000032 -0.000000 1.000000 0.000000 0.000000 0.000000 0.000000 1.000000
1.000000 0.000669 -0.000032 0.013400 -0.000669 1.000000 0.000000 3.051500 0.000032 -0.000000 1.000000 -0.000000 0.000000 0.000000 0.000000 1.000000
1.000000 0.000669 -0.000032 0.013400 -0.000669 1.000000 0.000000 3.051500 0.000032 -0.000000 1.000000 0.000000 0.000000 0.000000 0.000000 1.000000
1.000000 0.000669 -0.000032 0.013400 -0.000669 1.000000 -0.000000 3.051500 0.000032 0.000000 1.000000 0.000000 0.000000 0.000000 0.000000 1.000000
1.000000 0.000669 -0.000032 0.013400 -0.000669 1.000000 0.000000 3.051500 0.000032 -0.000000 1.000000 -0.000000 0.000000 0.000000 0.000000 1.000000
1.000000 0.000669 -0.000032 0.013400 -0.000669 1.000000 0.000000 3.051500 0.000032 -0.000000 1.000000 0.000000 0.000000 0.000000 0.000000 1.000000
1.000000 0.000669 -0.000032 0.013400 -0.000669 1.000000 0.000000 3.051500 0.000032 -0.000000 1.000000 0.000000 0.000000 0.000000 0.000000 1.000000
1.000000 0.000669 -0.000032 0.013400 -0.000669 1.000000 0.000000 3.051500 0.000032 -0.000000 1.000000 0.000000 0.000000 0.000000 0.000000 1.000000
1.000000 0.000669 -0.000032 0.013400 -0.000669 1.000000 0.000000 3.051500 0.000032 -0.000000 1.000000 0.000000 0.000000 0.000000 0.000000 1.000000
1.000000 0.000669 -0.000032 0.013400 -0.000669 1.000000 0.000000 3.051500 0.000032 -0.000000 1.000000 0.000000 0.000000 0.000000 0.000000 1.000000
1.000000 0.000669 -0.000032 0.013400 -0.000669 1.000000 0.000000 3.051500 0.000032 -0.000000 1.000000 0.000000 0.000000 0.000000 0.000000 1.000000
1.000000 0.000669 -0.000032 0.013400 -0.000669 1.000000 0.000000 3.051500 0.000032 -0.000000 1.000000 0.000000 0.000000 0.000000 0.000000 1.000000
1.000000 0.000669 -0.000032 0.013400 -0.000669 1.000000 0.000000 3.051500 0.000032 -0.000000 1.000000 -0.000000 0.000000 0.000000 0.000000 1.000000
1.000000 0.000669 -0.000032 0.013400 -0.000669 1.000000 0.000000 3.051500 0.000032 -0.000000 1.000000 -0.000000 0.000000 0.000000 0.000000 1.000000
1.000000 0.000669 -0.000032 0.013400 -0.000669 1.000000 0.000000 3.051500 0.000032 -0.000000 1.000000 -0.000000 0.000000 0.000000 0.000000 1.000000
1.000000 0.000669 -0.000032 0.013400 -0.000669 1.000000 0.000000 3.051500 0.000032 -0.000000 1.000000 0.000000 0.000000 0.000000 0.000000 1.000000
1.000000 0.000669 -0.000032 0.013400 -0.000669 1.000000 0.000000 3.051500 0.000032 -0.000000 1.000000 0.000000 0.000000 0.000000 0.000000 1.000000
1.000000 0.000669 -0.000032 0.013400 -0.000669 1.000000 -0.000000 3.051500 0.000032 0.000000 1.000000 0.000000 0.000000 0.000000 0.000000 1.000000
1.000000 0.000669 -0.000032 0.013400 -0.000669 1.000000 -0.000000 3.051500 0.000032 0.000000 1.000000 0.000000 0.000000 0.000000 0.000000 1.000000</float_array>
        <technique_common>
          <accessor source="#mixamorig12_RightHandIndex3-Matrix-animation-output-transform-array" count="32" stride="16">
            <param type="float4x4"/>
          </accessor>
        </technique_common>
      </source>
      <source id="mixamorig12_RightHandIndex3-Interpolations">
        <Name_array id="mixamorig12_RightHandIndex3-Interpolations-array" count="32">
 LINEAR LINEAR LINEAR LINEAR LINEAR LINEAR LINEAR LINEAR LINEAR LINEAR LINEAR
LINEAR LINEAR LINEAR LINEAR LINEAR LINEAR LINEAR LINEAR LINEAR LINEAR LINEAR LINEAR
LINEAR LINEAR LINEAR LINEAR LINEAR LINEAR LINEAR LINEAR LINEAR</Name_array>
        <technique_common>
          <accessor source="#mixamorig12_RightHandIndex3-Interpolations-array" count="32">
            <param type="name"/>
          </accessor>
        </technique_common>
      </source>
      <sampler id="mixamorig12_RightHandIndex3-Matrix-animation-transform">
        <input semantic="INPUT" source="#mixamorig12_RightHandIndex3-Matrix-animation-input"/>
        <input semantic="OUTPUT" source="#mixamorig12_RightHandIndex3-Matrix-animation-output-transform"/>
        <input semantic="INTERPOLATION" source="#mixamorig12_RightHandIndex3-Interpolations"/>
      </sampler>
      <channel source="#mixamorig12_RightHandIndex3-Matrix-animation-transform" target="mixamorig12_RightHandIndex3/matrix"/>
    </animation>
    <animation id="mixamorig12_RightHandMiddle1-anim" name="mixamorig12_RightHandMiddle1">
      <source id="mixamorig12_RightHandMiddle1-Matrix-animation-input">
        <float_array id="mixamorig12_RightHandMiddle1-Matrix-animation-input-array" count="32">

0.000000 0.033333 0.066667 0.100000 0.133333 0.166667 0.200000 0.233333 0.266667 0.300000 0.333333 0.366667 0.400000 0.433333 0.466667 0.500000
0.533333 0.566667 0.600000 0.633333 0.666667 0.700000 0.733333 0.766667 0.800000 0.833333 0.866667 0.900000 0.933333 0.966667 1.000000 1.033333</float_array>
        <technique_common>
          <accessor source="#mixamorig12_RightHandMiddle1-Matrix-animation-input-array" count="32">
            <param name="TIME" type="float"/>
          </accessor>
        </technique_common>
      </source>
      <source id="mixamorig12_RightHandMiddle1-Matrix-animation-output-transform">
        <float_array id="mixamorig12_RightHandMiddle1-Matrix-animation-output-transform-array" count="512">

0.993357 0.114895 -0.006473 1.038400 -0.081689 0.664417 -0.742884 9.989300 -0.081053 0.738478 0.669389 -0.247200 0.000000 0.000000 0.000000 1.000000
0.993054 0.117300 -0.009240 1.038400 -0.083262 0.645056 -0.759585 9.989300 -0.083139 0.755078 0.650342 -0.247200 0.000000 0.000000 0.000000 1.000000
0.992878 0.118566 -0.011642 1.038400 -0.084061 0.627959 -0.773694 9.989300 -0.084423 0.769162 0.633453 -0.247200 0.000000 0.000000 0.000000 1.000000
0.992765 0.119263 -0.013934 1.038400 -0.084489 0.611377 -0.786816 9.989300 -0.085319 0.782300 0.617031 -0.247200 0.000000 0.000000 0.000000 1.000000
0.992642 0.119969 -0.016419 1.038400 -0.084742 0.591416 -0.801902 9.989300 -0.086493 0.797393 0.597230 -0.247200 0.000000 0.000000 0.000000 1.000000
0.992536 0.120470 -0.018939 1.038400 -0.084708 0.569345 -0.817723 9.989300 -0.087729 0.813224 0.575301 -0.247200 0.000000 0.000000 0.000000 1.000000
0.992317 0.121855 -0.021423 1.038400 -0.085761 0.552651 -0.828989 9.989300 -0.089177 0.824457 0.558855 -0.247200 0.000000 0.000000 0.000000 1.000000
0.992042 0.123692 -0.023517 1.038400 -0.087742 0.545209 -0.833696 9.989300 -0.090300 0.829124 0.551723 -0.247200 0.000000 0.000000 0.000000 1.000000
0.991898 0.124555 -0.025003 1.038400 -0.088923 0.540157 -0.836853 9.989300 -0.090729 0.832296 0.546856 -0.247200 0.000000 0.000000 0.000000 1.000000
0.992000 0.123589 -0.025740 1.038400 -0.088116 0.531856 -0.842238 9.989300 -0.090401 0.837768 0.538491 -0.247200 0.000000 0.000000 0.000000 1.000000
0.992029 0.123219 -0.026357 1.038400 -0.087860 0.526471 -0.845641 9.989300 -0.090323 0.841217 0.533101 -0.247200 0.000000 0.000000 0.000000 1.000000
0.992020 0.123181 -0.026875 1.038400 -0.088242 0.526105 -0.845829 9.989300 -0.090051 0.841451 0.532777 -0.247200 0.000000 0.000000 0.000000 1.000000
0.991928 0.123665 -0.028041 1.038400 -0.088655 0.518228 -0.850635 9.989300 -0.090662 0.846255 0.525008 -0.247200 0.000000 0.000000 0.000000 1.000000
0.991816 0.124257 -0.029365 1.038400 -0.089016 0.508062 -0.856708 9.989300 -0.091532 0.852310 0.514965 -0.247200 0.000000 0.000000 0.000000 1.000000
0.991718 0.124841 -0.030157 1.038400 -0.089372 0.502183 -0.860131 9.989300 -0.092235 0.855703 0.509181 -0.247200 0.000000 0.000000 0.000000 1.000000
0.991679 0.125095 -0.030396 1.038400 -0.089367 0.499001 -0.861981 9.989300 -0.092662 0.857525 0.506029 -0.247200 0.000000 0.000000 0.000000 1.000000
0.991754 0.124703 -0.029566 1.038400 -0.088809 0.502373 -0.860078 9.989300 -0.092401 0.855611 0.509305 -0.247200 0.000000 0.000000 0.000000 1.000000
0.991946 0.123696 -0.027255 1.038400 -0.088041 0.518631 -0.850453 9.989300 -0.091063 0.846003 0.525344 -0.247200 0.000000 0.000000 0.000000 1.000000
0.992206 0.122392 -0.023402 1.038400 -0.087460 0.550240 -0.830413 9.989300 -0.088759 0.825988 0.556656 -0.247200 0.000000 0.000000 0.000000 1.000000
0.992673 0.119718 -0.016384 1.038400 -0.085597 0.601005 -0.794649 9.989300 -0.085287 0.790229 0.606848 -0.247200 0.000000 0.000000 0.000000 1.000000
0.993207 0.116080 -0.008122 1.038400 -0.083114 0.658831 -0.747686 9.989300 -0.081440 0.743282 0.664003 -0.247200 0.000000 0.000000 0.000000 1.000000
0.993516 0.113647 -0.003222 1.038400 -0.081484 0.692007 -0.717278 9.989300 -0.079287 0.712889 0.696780 -0.247200 0.000000 0.000000 0.000000 1.000000
0.993728 0.111821 0.000189 1.038400 -0.080276 0.714570 -0.694943 9.989300 -0.077844 0.690569 0.719065 -0.247200 0.000000 0.000000 0.000000 1.000000
0.993878 0.110455 0.002505 1.038400 -0.079444 0.730225 -0.678572 9.989300 -0.076781 0.674218 0.734530 -0.247200 0.000000 0.000000 0.000000 1.000000
0.993979 0.109511 0.003619 1.038400 -0.079093 0.739962 -0.667982 9.989300 -0.075829 0.663674 0.744169 -0.247200 0.000000 0.000000 0.000000 1.000000
0.993926 0.110007 0.003173 1.038400 -0.079249 0.735438 -0.672942 9.989300 -0.076362 0.668603 0.739689 -0.247200 0.000000 0.000000 0.000000 1.000000
0.993766 0.111477 0.001306 1.038400 -0.079685 0.718452 -0.690997 9.989300 -0.077969 0.686586 0.722856 -0.247200 0.000000 0.000000 0.000000 1.000000
0.993768 0.111470 -0.000451 1.038400 -0.079341 0.704482 -0.705273 9.989300 -0.078299 0.700914 0.708935 -0.247200 0.000000 0.000000 0.000000 1.000000
0.993731 0.111775 -0.002177 1.038400 -0.079568 0.693454 -0.716094 9.989300 -0.078532 0.711778 0.698001 -0.247200 0.000000 0.000000 0.000000 1.000000
0.993560 0.113231 -0.004067 1.038400 -0.080734 0.682318 -0.726584 9.989300 -0.079497 0.722234 0.687065 -0.247200 0.000000 0.000000 0.000000 1.000000
0.993318 0.115263 -0.005838 1.038400 -0.082262 0.671627 -0.736308 9.989300 -0.080948 0.731869 0.676621 -0.247200 0.000000 0.000000 0.000000 1.000000
0.993356 0.114898 -0.006433 1.038400 -0.081662 0.664417 -0.742887 9.989300 -0.081082 0.738477 0.669386 -0.247200 0.000000 0.000000 0.000000 1.000000</float_array>
        <technique_common>
          <accessor source="#mixamorig12_RightHandMiddle1-Matrix-animation-output-transform-array" count="32" stride="16">
            <param type="float4x4"/>
          </accessor>
        </technique_common>
      </source>
      <source id="mixamorig12_RightHandMiddle1-Interpolations">
        <Name_array id="mixamorig12_RightHandMiddle1-Interpolations-array" count="32">
 LINEAR LINEAR LINEAR LINEAR LINEAR LINEAR LINEAR LINEAR LINEAR LINEAR LINEAR
LINEAR LINEAR LINEAR LINEAR LINEAR LINEAR LINEAR LINEAR LINEAR LINEAR LINEAR LINEAR
LINEAR LINEAR LINEAR LINEAR LINEAR LINEAR LINEAR LINEAR LINEAR</Name_array>
        <technique_common>
          <accessor source="#mixamorig12_RightHandMiddle1-Interpolations-array" count="32">
            <param type="name"/>
          </accessor>
        </technique_common>
      </source>
      <sampler id="mixamorig12_RightHandMiddle1-Matrix-animation-transform">
        <input semantic="INPUT" source="#mixamorig12_RightHandMiddle1-Matrix-animation-input"/>
        <input semantic="OUTPUT" source="#mixamorig12_RightHandMiddle1-Matrix-animation-output-transform"/>
        <input semantic="INTERPOLATION" source="#mixamorig12_RightHandMiddle1-Interpolations"/>
      </sampler>
      <channel source="#mixamorig12_RightHandMiddle1-Matrix-animation-transform" target="mixamorig12_RightHandMiddle1/matrix"/>
    </animation>
    <animation id="mixamorig12_RightHandMiddle2-anim" name="mixamorig12_RightHandMiddle2">
      <source id="mixamorig12_RightHandMiddle2-Matrix-animation-input">
        <float_array id="mixamorig12_RightHandMiddle2-Matrix-animation-input-array" count="32">

0.000000 0.033333 0.066667 0.100000 0.133333 0.166667 0.200000 0.233333 0.266667 0.300000 0.333333 0.366667 0.400000 0.433333 0.466667 0.500000
0.533333 0.566667 0.600000 0.633333 0.666667 0.700000 0.733333 0.766667 0.800000 0.833333 0.866667 0.900000 0.933333 0.966667 1.000000 1.033333</float_array>
        <technique_common>
          <accessor source="#mixamorig12_RightHandMiddle2-Matrix-animation-input-array" count="32">
            <param name="TIME" type="float"/>
          </accessor>
        </technique_common>
      </source>
      <source id="mixamorig12_RightHandMiddle2-Matrix-animation-output-transform">
        <float_array id="mixamorig12_RightHandMiddle2-Matrix-animation-output-transform-array" count="512">

0.995931 0.088164 0.018688 -0.013500 -0.007531 0.288059 -0.957583 3.435300 -0.089808 0.953546 0.287551 0.000000 0.000000 0.000000 0.000000 1.000000
0.995819 0.089762 0.016964 -0.013500 -0.007997 0.270645 -0.962646 3.435300 -0.091001 0.958485 0.270231 0.000000 0.000000 0.000000 0.000000 1.000000
0.995696 0.091438 0.015101 -0.013500 -0.008488 0.252230 -0.967630 3.435300 -0.092287 0.963337 0.251921 0.000000 0.000000 0.000000 0.000000 1.000000
0.995568 0.093118 0.013179 -0.013500 -0.008992 0.233735 -0.972259 3.435300 -0.093615 0.967831 0.233537 -0.000000 0.000000 0.000000 0.000000 1.000000
0.995431 0.094841 0.011067 -0.013500 -0.009422 0.212901 -0.977028 3.435300 -0.095019 0.972460 0.212822 -0.000000 0.000000 0.000000 0.000000 1.000000
0.995259 0.096869 0.008759 -0.013500 -0.009824 0.189714 -0.981790 3.435300 -0.096767 0.977049 0.189766 0.000000 0.000000 0.000000 0.000000 1.000000
0.995113 0.098512 0.006696 -0.013500 -0.010176 0.169776 -0.985430 3.435300 -0.098213 0.980547 0.169948 0.000000 0.000000 0.000000 0.000000 1.000000
0.995070 0.099026 0.005373 -0.013500 -0.010523 0.159304 -0.987174 3.435300 -0.098612 0.982251 0.159560 -0.000000 0.000000 0.000000 0.000000 1.000000
0.995030 0.099479 0.004409 -0.013500 -0.010784 0.151674 -0.988372 3.435300 -0.098991 0.983412 0.151992 0.000000 0.000000 0.000000 0.000000 1.000000
0.994935 0.100474 0.003108 -0.013500 -0.010969 0.139251 -0.990196 3.435300 -0.099922 0.985147 0.139648 0.000000 0.000000 0.000000 0.000000 1.000000
0.994858 0.101260 0.002125 -0.013500 -0.011074 0.129602 -0.991504 3.435300 -0.100675 0.986382 0.130057 0.000000 0.000000 0.000000 0.000000 1.000000
0.994810 0.101739 0.001558 -0.013500 -0.011130 0.124026 -0.992216 3.435300 -0.101140 0.987049 0.124515 0.000000 0.000000 0.000000 0.000000 1.000000
0.994769 0.102141 0.000975 -0.013500 -0.011190 0.118459 -0.992896 3.435300 -0.101531 0.987692 0.118983 0.000000 0.000000 0.000000 0.000000 1.000000
0.994746 0.102369 0.000560 -0.013500 -0.011236 0.114615 -0.993346 3.435300 -0.101752 0.988121 0.115163 -0.000000 0.000000 0.000000 0.000000 1.000000
0.994757 0.102265 0.000797 -0.013500 -0.011215 0.116834 -0.993088 3.435300 -0.101651 0.987872 0.117368 -0.000000 0.000000 0.000000 0.000000 1.000000
0.994802 0.101819 0.001528 -0.013500 -0.011144 0.123771 -0.992248 3.435300 -0.101219 0.987073 0.124263 -0.000000 0.000000 0.000000 0.000000 1.000000
0.994884 0.100986 0.002725 -0.013500 -0.010973 0.134844 -0.990806 3.435300 -0.100425 0.985707 0.135262 0.000000 0.000000 0.000000 0.000000 1.000000
0.995035 0.099409 0.004744 -0.013500 -0.010821 0.155451 -0.987784 3.435300 -0.098932 0.982829 0.155755 0.000000 0.000000 0.000000 0.000000 1.000000
0.995330 0.096170 0.008277 -0.013500 -0.010757 0.195730 -0.980599 3.435300 -0.095924 0.975931 0.195851 0.000000 0.000000 0.000000 0.000000 1.000000
0.995681 0.091929 0.012985 -0.013500 -0.010089 0.246171 -0.969174 3.435300 -0.092292 0.964857 0.246035 -0.000000 0.000000 0.000000 0.000000 1.000000
0.996024 0.087240 0.018015 -0.013500 -0.008912 0.298807 -0.954272 3.435300 -0.088633 0.950318 0.298397 0.000000 0.000000 0.000000 0.000000 1.000000
0.996321 0.082701 0.022485 -0.013500 -0.007512 0.345627 -0.938342 3.435300 -0.085373 0.934721 0.344977 0.000000 0.000000 0.000000 0.000000 1.000000
0.996537 0.079030 0.025859 -0.013500 -0.006289 0.381723 -0.924255 3.435300 -0.082915 0.920892 0.380898 0.000000 0.000000 0.000000 0.000000 1.000000
0.996635 0.077234 0.027462 -0.013500 -0.005620 0.398613 -0.917102 3.435300 -0.081778 0.913861 0.397705 0.000000 0.000000 0.000000 0.000000 1.000000
0.996631 0.077257 0.027531 -0.013500 -0.005528 0.398203 -0.917280 3.435300 -0.081829 0.914038 0.397289 0.000000 0.000000 0.000000 0.000000 1.000000
0.996581 0.078089 0.026991 -0.013500 -0.005627 0.390065 -0.920770 3.435300 -0.082430 0.917470 0.389170 0.000000 0.000000 0.000000 0.000000 1.000000
0.996446 0.080254 0.025591 -0.013500 -0.005874 0.369255 -0.929309 3.435300 -0.084031 0.925856 0.368414 -0.000000 0.000000 0.000000 0.000000 1.000000
0.996275 0.082908 0.023707 -0.013500 -0.006196 0.343046 -0.939298 3.435300 -0.086008 0.935652 0.342282 -0.000000 0.000000 0.000000 0.000000 1.000000
0.996140 0.085010 0.021861 -0.013500 -0.006711 0.322084 -0.946687 3.435300 -0.087519 0.942887 0.321412 0.000000 0.000000 0.000000 0.000000 1.000000
0.996036 0.086606 0.020271 -0.013500 -0.007211 0.305775 -0.952076 3.435300 -0.088654 0.948157 0.305188 -0.000000 0.000000 0.000000 0.000000 1.000000
0.995959 0.087748 0.019104 -0.013500 -0.007492 0.293174 -0.956030 3.435300 -0.089491 0.952024 0.292647 0.000000 0.000000 0.000000 0.000000 1.000000
0.995932 0.088158 0.018643 -0.013500 -0.007573 0.288060 -0.957582 3.435300 -0.089789 0.953546 0.287556 -0.000000 0.000000 0.000000 0.000000 1.000000</float_array>
        <technique_common>
          <accessor source="#mixamorig12_RightHandMiddle2-Matrix-animation-output-transform-array" count="32" stride="16">
            <param type="float4x4"/>
          </accessor>
        </technique_common>
      </source>
      <source id="mixamorig12_RightHandMiddle2-Interpolations">
        <Name_array id="mixamorig12_RightHandMiddle2-Interpolations-array" count="32">
 LINEAR LINEAR LINEAR LINEAR LINEAR LINEAR LINEAR LINEAR LINEAR LINEAR LINEAR
LINEAR LINEAR LINEAR LINEAR LINEAR LINEAR LINEAR LINEAR LINEAR LINEAR LINEAR LINEAR
LINEAR LINEAR LINEAR LINEAR LINEAR LINEAR LINEAR LINEAR LINEAR</Name_array>
        <technique_common>
          <accessor source="#mixamorig12_RightHandMiddle2-Interpolations-array" count="32">
            <param type="name"/>
          </accessor>
        </technique_common>
      </source>
      <sampler id="mixamorig12_RightHandMiddle2-Matrix-animation-transform">
        <input semantic="INPUT" source="#mixamorig12_RightHandMiddle2-Matrix-animation-input"/>
        <input semantic="OUTPUT" source="#mixamorig12_RightHandMiddle2-Matrix-animation-output-transform"/>
        <input semantic="INTERPOLATION" source="#mixamorig12_RightHandMiddle2-Interpolations"/>
      </sampler>
      <channel source="#mixamorig12_RightHandMiddle2-Matrix-animation-transform" target="mixamorig12_RightHandMiddle2/matrix"/>
    </animation>
    <animation id="mixamorig12_RightHandMiddle3-anim" name="mixamorig12_RightHandMiddle3">
      <source id="mixamorig12_RightHandMiddle3-Matrix-animation-input">
        <float_array id="mixamorig12_RightHandMiddle3-Matrix-animation-input-array" count="32">

0.000000 0.033333 0.066667 0.100000 0.133333 0.166667 0.200000 0.233333 0.266667 0.300000 0.333333 0.366667 0.400000 0.433333 0.466667 0.500000
0.533333 0.566667 0.600000 0.633333 0.666667 0.700000 0.733333 0.766667 0.800000 0.833333 0.866667 0.900000 0.933333 0.966667 1.000000 1.033333</float_array>
        <technique_common>
          <accessor source="#mixamorig12_RightHandMiddle3-Matrix-animation-input-array" count="32">
            <param name="TIME" type="float"/>
          </accessor>
        </technique_common>
      </source>
      <source id="mixamorig12_RightHandMiddle3-Matrix-animation-output-transform">
        <float_array id="mixamorig12_RightHandMiddle3-Matrix-animation-output-transform-array" count="512">

0.999965 0.008390 -0.000262 0.020800 -0.008390 0.999965 0.000002 3.475500 0.000262 0.000000 1.000000 0.000000 0.000000 0.000000 0.000000 1.000000
0.999965 0.008390 -0.000263 0.020800 -0.008390 0.999965 0.000002 3.475500 0.000263 0.000000 1.000000 -0.000000 0.000000 0.000000 0.000000 1.000000
0.999965 0.008390 -0.000262 0.020800 -0.008390 0.999965 0.000002 3.475500 0.000262 0.000001 1.000000 -0.000000 0.000000 0.000000 0.000000 1.000000
0.999965 0.008390 -0.000262 0.020800 -0.008390 0.999965 0.000002 3.475500 0.000262 0.000000 1.000000 0.000000 0.000000 0.000000 0.000000 1.000000
0.999965 0.008390 -0.000262 0.020800 -0.008390 0.999965 0.000002 3.475500 0.000262 0.000001 1.000000 -0.000000 0.000000 0.000000 0.000000 1.000000
0.999965 0.008390 -0.000262 0.020800 -0.008390 0.999965 0.000002 3.475500 0.000262 0.000001 1.000000 0.000000 0.000000 0.000000 0.000000 1.000000
0.999965 0.008390 -0.000262 0.020800 -0.008390 0.999965 0.000001 3.475500 0.000262 0.000001 1.000000 0.000000 0.000000 0.000000 0.000000 1.000000
0.999965 0.008390 -0.000262 0.020800 -0.008390 0.999965 0.000002 3.475500 0.000262 0.000001 1.000000 -0.000000 0.000000 0.000000 0.000000 1.000000
0.999965 0.008390 -0.000262 0.020800 -0.008390 0.999965 0.000002 3.475500 0.000262 0.000000 1.000000 0.000000 0.000000 0.000000 0.000000 1.000000
0.999965 0.008390 -0.000262 0.020800 -0.008390 0.999965 0.000002 3.475500 0.000262 0.000001 1.000000 -0.000000 0.000000 0.000000 0.000000 1.000000
0.999965 0.008390 -0.000262 0.020800 -0.008390 0.999965 0.000001 3.475500 0.000262 0.000001 1.000000 -0.000000 0.000000 0.000000 0.000000 1.000000
0.999965 0.008390 -0.000262 0.020800 -0.008390 0.999965 0.000001 3.475500 0.000262 0.000001 1.000000 0.000000 0.000000 0.000000 0.000000 1.000000
0.999965 0.008390 -0.000262 0.020800 -0.008390 0.999965 0.000002 3.475500 0.000262 0.000001 1.000000 0.000000 0.000000 0.000000 0.000000 1.000000
0.999965 0.008390 -0.000262 0.020800 -0.008390 0.999965 0.000002 3.475500 0.000262 0.000001 1.000000 0.000000 0.000000 0.000000 0.000000 1.000000
0.999965 0.008390 -0.000262 0.020800 -0.008390 0.999965 0.000002 3.475500 0.000262 0.000001 1.000000 -0.000000 0.000000 0.000000 0.000000 1.000000
0.999965 0.008390 -0.000262 0.020800 -0.008390 0.999965 0.000002 3.475500 0.000262 0.000001 1.000000 0.000000 0.000000 0.000000 0.000000 1.000000
0.999965 0.008390 -0.000262 0.020800 -0.008390 0.999965 0.000002 3.475500 0.000262 0.000001 1.000000 0.000000 0.000000 0.000000 0.000000 1.000000
0.999965 0.008390 -0.000262 0.020800 -0.008390 0.999965 0.000002 3.475500 0.000262 0.000000 1.000000 0.000000 0.000000 0.000000 0.000000 1.000000
0.999965 0.008390 -0.000262 0.020800 -0.008390 0.999965 0.000002 3.475500 0.000262 0.000001 1.000000 0.000000 0.000000 0.000000 0.000000 1.000000
0.999965 0.008390 -0.000262 0.020800 -0.008390 0.999965 0.000002 3.475500 0.000262 0.000001 1.000000 0.000000 0.000000 0.000000 0.000000 1.000000
0.999965 0.008390 -0.000262 0.020800 -0.008390 0.999965 0.000002 3.475500 0.000262 0.000001 1.000000 0.000000 0.000000 0.000000 0.000000 1.000000
0.999965 0.008390 -0.000262 0.020800 -0.008390 0.999965 0.000002 3.475500 0.000262 0.000001 1.000000 -0.000000 0.000000 0.000000 0.000000 1.000000
0.999965 0.008390 -0.000262 0.020800 -0.008390 0.999965 0.000002 3.475500 0.000262 0.000001 1.000000 0.000000 0.000000 0.000000 0.000000 1.000000
0.999965 0.008390 -0.000262 0.020800 -0.008390 0.999965 0.000002 3.475500 0.000262 0.000001 1.000000 0.000000 0.000000 0.000000 0.000000 1.000000
0.999965 0.008390 -0.000262 0.020800 -0.008390 0.999965 0.000002 3.475500 0.000262 0.000001 1.000000 -0.000000 0.000000 0.000000 0.000000 1.000000
0.999965 0.008390 -0.000262 0.020800 -0.008390 0.999965 0.000002 3.475500 0.000262 0.000001 1.000000 0.000000 0.000000 0.000000 0.000000 1.000000
0.999965 0.008390 -0.000262 0.020800 -0.008390 0.999965 0.000002 3.475500 0.000262 0.000001 1.000000 0.000000 0.000000 0.000000 0.000000 1.000000
0.999965 0.008389 -0.000262 0.020800 -0.008389 0.999965 0.000001 3.475500 0.000262 0.000001 1.000000 0.000000 0.000000 0.000000 0.000000 1.000000
0.999965 0.008390 -0.000262 0.020800 -0.008390 0.999965 0.000001 3.475500 0.000262 0.000001 1.000000 0.000000 0.000000 0.000000 0.000000 1.000000
0.999965 0.008390 -0.000262 0.020800 -0.008390 0.999965 0.000002 3.475500 0.000262 0.000001 1.000000 0.000000 0.000000 0.000000 0.000000 1.000000
0.999965 0.008390 -0.000262 0.020800 -0.008390 0.999965 0.000001 3.475500 0.000262 0.000001 1.000000 0.000000 0.000000 0.000000 0.000000 1.000000
0.999965 0.008390 -0.000262 0.020800 -0.008390 0.999965 0.000002 3.475500 0.000262 0.000001 1.000000 0.000000 0.000000 0.000000 0.000000 1.000000</float_array>
        <technique_common>
          <accessor source="#mixamorig12_RightHandMiddle3-Matrix-animation-output-transform-array" count="32" stride="16">
            <param type="float4x4"/>
          </accessor>
        </technique_common>
      </source>
      <source id="mixamorig12_RightHandMiddle3-Interpolations">
        <Name_array id="mixamorig12_RightHandMiddle3-Interpolations-array" count="32">
 LINEAR LINEAR LINEAR LINEAR LINEAR LINEAR LINEAR LINEAR LINEAR LINEAR LINEAR
LINEAR LINEAR LINEAR LINEAR LINEAR LINEAR LINEAR LINEAR LINEAR LINEAR LINEAR LINEAR
LINEAR LINEAR LINEAR LINEAR LINEAR LINEAR LINEAR LINEAR LINEAR</Name_array>
        <technique_common>
          <accessor source="#mixamorig12_RightHandMiddle3-Interpolations-array" count="32">
            <param type="name"/>
          </accessor>
        </technique_common>
      </source>
      <sampler id="mixamorig12_RightHandMiddle3-Matrix-animation-transform">
        <input semantic="INPUT" source="#mixamorig12_RightHandMiddle3-Matrix-animation-input"/>
        <input semantic="OUTPUT" source="#mixamorig12_RightHandMiddle3-Matrix-animation-output-transform"/>
        <input semantic="INTERPOLATION" source="#mixamorig12_RightHandMiddle3-Interpolations"/>
      </sampler>
      <channel source="#mixamorig12_RightHandMiddle3-Matrix-animation-transform" target="mixamorig12_RightHandMiddle3/matrix"/>
    </animation>
    <animation id="mixamorig12_RightHandRing1-anim" name="mixamorig12_RightHandRing1">
      <source id="mixamorig12_RightHandRing1-Matrix-animation-input">
        <float_array id="mixamorig12_RightHandRing1-Matrix-animation-input-array" count="32">

0.000000 0.033333 0.066667 0.100000 0.133333 0.166667 0.200000 0.233333 0.266667 0.300000 0.333333 0.366667 0.400000 0.433333 0.466667 0.500000
0.533333 0.566667 0.600000 0.633333 0.666667 0.700000 0.733333 0.766667 0.800000 0.833333 0.866667 0.900000 0.933333 0.966667 1.000000 1.033333</float_array>
        <technique_common>
          <accessor source="#mixamorig12_RightHandRing1-Matrix-animation-input-array" count="32">
            <param name="TIME" type="float"/>
          </accessor>
        </technique_common>
      </source>
      <source id="mixamorig12_RightHandRing1-Matrix-animation-output-transform">
        <float_array id="mixamorig12_RightHandRing1-Matrix-animation-output-transform-array" count="512">

0.988584 0.134642 -0.067621 -1.206800 -0.141307 0.672790 -0.726214 10.298900 -0.052284 0.727479 0.684135 -0.178400 0.000000 0.000000 0.000000 1.000000
0.988190 0.135911 -0.070768 -1.206800 -0.143306 0.656201 -0.740854 10.298900 -0.054252 0.742246 0.667928 -0.178400 0.000000 0.000000 0.000000 1.000000
0.987872 0.136584 -0.073847 -1.206800 -0.144957 0.640840 -0.753864 10.298900 -0.055642 0.755426 0.652867 -0.178400 0.000000 0.000000 0.000000 1.000000
0.987586 0.136954 -0.076931 -1.206800 -0.146378 0.624679 -0.767040 10.298900 -0.056992 0.768778 0.636971 -0.178400 0.000000 0.000000 0.000000 1.000000
0.987221 0.137634 -0.080320 -1.206800 -0.148111 0.606504 -0.781163 10.298900 -0.058800 0.783077 0.619139 -0.178400 0.000000 0.000000 0.000000 1.000000
0.986948 0.137813 -0.083319 -1.206800 -0.149176 0.587435 -0.795403 10.298900 -0.060672 0.797450 0.600326 -0.178400 0.000000 0.000000 0.000000 1.000000
0.986626 0.138299 -0.086265 -1.206800 -0.150634 0.571438 -0.806702 10.298900 -0.062271 0.808908 0.584629 -0.178400 0.000000 0.000000 0.000000 1.000000
0.986381 0.138554 -0.088635 -1.206800 -0.151991 0.561861 -0.813149 10.298900 -0.062865 0.815546 0.575268 -0.178400 0.000000 0.000000 0.000000 1.000000
0.986610 0.136464 -0.089324 -1.206800 -0.151002 0.557280 -0.816479 10.298900 -0.061642 0.819034 0.570424 -0.178400 0.000000 0.000000 0.000000 1.000000
0.986809 0.134658 -0.089866 -1.206800 -0.149921 0.550638 -0.821171 10.298900 -0.061094 0.823811 0.563563 -0.178400 0.000000 0.000000 0.000000 1.000000
0.986915 0.133572 -0.090321 -1.206800 -0.149290 0.545292 -0.824845 10.298900 -0.060925 0.827536 0.558097 -0.178400 0.000000 0.000000 0.000000 1.000000
0.987197 0.131719 -0.089953 -1.206800 -0.147877 0.544435 -0.825665 10.298900 -0.059782 0.828396 0.556943 -0.178400 0.000000 0.000000 0.000000 1.000000
0.987174 0.131544 -0.090460 -1.206800 -0.147855 0.539610 -0.828831 10.298900 -0.060214 0.831575 0.552138 -0.178400 0.000000 0.000000 0.000000 1.000000
0.986949 0.132547 -0.091451 -1.206800 -0.148821 0.533798 -0.832413 10.298900 -0.061518 0.835159 0.546557 -0.178400 0.000000 0.000000 0.000000 1.000000
0.986754 0.133665 -0.091923 -1.206800 -0.149683 0.531751 -0.833568 10.298900 -0.062539 0.836286 0.544715 -0.178400 0.000000 0.000000 0.000000 1.000000
0.986497 0.135402 -0.092145 -1.206800 -0.150865 0.532238 -0.833044 10.298900 -0.063753 0.835697 0.545478 -0.178400 0.000000 0.000000 0.000000 1.000000
0.986465 0.136360 -0.091070 -1.206800 -0.150962 0.538412 -0.829050 10.298900 -0.064016 0.831576 0.551709 -0.178400 0.000000 0.000000 0.000000 1.000000
0.986698 0.136434 -0.088388 -1.206800 -0.149917 0.553425 -0.819296 10.298900 -0.062864 0.821649 0.566517 -0.178400 0.000000 0.000000 0.000000 1.000000
0.991450 0.111172 -0.068322 -1.206800 -0.121154 0.589791 -0.798416 10.298900 -0.048466 0.799867 0.598217 -0.178400 0.000000 0.000000 0.000000 1.000000
0.996163 0.077105 -0.041404 -1.206800 -0.081071 0.634769 -0.768438 10.298900 -0.032968 0.768846 0.638584 -0.178400 0.000000 0.000000 0.000000 1.000000
0.995484 0.086019 -0.040151 -1.206800 -0.087887 0.675287 -0.732300 10.298900 -0.035878 0.732521 0.679798 -0.178400 0.000000 0.000000 0.000000 1.000000
0.992646 0.110843 -0.048666 -1.206800 -0.113402 0.710767 -0.694227 10.298900 -0.042360 0.694640 0.718109 -0.178400 0.000000 0.000000 0.000000 1.000000
0.989911 0.130309 -0.055637 -1.206800 -0.134054 0.734185 -0.665584 10.298900 -0.045884 0.666327 0.744246 -0.178400 0.000000 0.000000 0.000000 1.000000
0.989774 0.131694 -0.054806 -1.206800 -0.135337 0.745606 -0.652500 10.298900 -0.045066 0.653245 0.755804 -0.178400 0.000000 0.000000 0.000000 1.000000
0.990078 0.129766 -0.053901 -1.206800 -0.133568 0.750006 -0.647804 10.298900 -0.043637 0.648577 0.759897 -0.178400 0.000000 0.000000 0.000000 1.000000
0.989921 0.130486 -0.055048 -1.206800 -0.134434 0.743520 -0.655062 10.298900 -0.044547 0.655859 0.753568 -0.178400 0.000000 0.000000 0.000000 1.000000
0.989613 0.131826 -0.057348 -1.206800 -0.136025 0.729551 -0.670263 10.298900 -0.046519 0.671102 0.739904 -0.178400 0.000000 0.000000 0.000000 1.000000
0.989588 0.131060 -0.059492 -1.206800 -0.135945 0.715340 -0.685425 10.298900 -0.047275 0.686376 0.725709 -0.178400 0.000000 0.000000 0.000000 1.000000
0.989431 0.131110 -0.061947 -1.206800 -0.136792 0.702167 -0.698748 10.298900 -0.048116 0.699837 0.712680 -0.178400 0.000000 0.000000 0.000000 1.000000
0.989136 0.132089 -0.064516 -1.206800 -0.138311 0.687556 -0.712837 10.298900 -0.049800 0.714016 0.698356 -0.178400 0.000000 0.000000 0.000000 1.000000
0.988908 0.132894 -0.066338 -1.206800 -0.139585 0.678845 -0.720892 10.298900 -0.050769 0.722155 0.689865 -0.178400 0.000000 0.000000 0.000000 1.000000
0.988584 0.134643 -0.067621 -1.206800 -0.141307 0.672789 -0.726214 10.298900 -0.052285 0.727479 0.684135 -0.178400 0.000000 0.000000 0.000000 1.000000</float_array>
        <technique_common>
          <accessor source="#mixamorig12_RightHandRing1-Matrix-animation-output-transform-array" count="32" stride="16">
            <param type="float4x4"/>
          </accessor>
        </technique_common>
      </source>
      <source id="mixamorig12_RightHandRing1-Interpolations">
        <Name_array id="mixamorig12_RightHandRing1-Interpolations-array" count="32">
 LINEAR LINEAR LINEAR LINEAR LINEAR LINEAR LINEAR LINEAR LINEAR LINEAR LINEAR
LINEAR LINEAR LINEAR LINEAR LINEAR LINEAR LINEAR LINEAR LINEAR LINEAR LINEAR LINEAR
LINEAR LINEAR LINEAR LINEAR LINEAR LINEAR LINEAR LINEAR LINEAR</Name_array>
        <technique_common>
          <accessor source="#mixamorig12_RightHandRing1-Interpolations-array" count="32">
            <param type="name"/>
          </accessor>
        </technique_common>
      </source>
      <sampler id="mixamorig12_RightHandRing1-Matrix-animation-transform">
        <input semantic="INPUT" source="#mixamorig12_RightHandRing1-Matrix-animation-input"/>
        <input semantic="OUTPUT" source="#mixamorig12_RightHandRing1-Matrix-animation-output-transform"/>
        <input semantic="INTERPOLATION" source="#mixamorig12_RightHandRing1-Interpolations"/>
      </sampler>
      <channel source="#mixamorig12_RightHandRing1-Matrix-animation-transform" target="mixamorig12_RightHandRing1/matrix"/>
    </animation>
    <animation id="mixamorig12_RightHandRing2-anim" name="mixamorig12_RightHandRing2">
      <source id="mixamorig12_RightHandRing2-Matrix-animation-input">
        <float_array id="mixamorig12_RightHandRing2-Matrix-animation-input-array" count="32">

0.000000 0.033333 0.066667 0.100000 0.133333 0.166667 0.200000 0.233333 0.266667 0.300000 0.333333 0.366667 0.400000 0.433333 0.466667 0.500000
0.533333 0.566667 0.600000 0.633333 0.666667 0.700000 0.733333 0.766667 0.800000 0.833333 0.866667 0.900000 0.933333 0.966667 1.000000 1.033333</float_array>
        <technique_common>
          <accessor source="#mixamorig12_RightHandRing2-Matrix-animation-input-array" count="32">
            <param name="TIME" type="float"/>
          </accessor>
        </technique_common>
      </source>
      <source id="mixamorig12_RightHandRing2-Matrix-animation-output-transform">
        <float_array id="mixamorig12_RightHandRing2-Matrix-animation-output-transform-array" count="512">

0.996034 0.037929 -0.080485 -0.002100 -0.085588 0.161246 -0.983196 2.845300 -0.024314 0.986185 0.163853 0.000000 0.000000 0.000000 0.000000 1.000000
0.995961 0.037585 -0.081546 -0.002100 -0.086056 0.140360 -0.986354 2.845300 -0.025626 0.989387 0.143027 -0.000000 0.000000 0.000000 0.000000 1.000000
0.995890 0.037204 -0.082582 -0.002100 -0.086486 0.119741 -0.989031 2.845300 -0.026907 0.992108 0.122467 0.000000 0.000000 0.000000 0.000000 1.000000
0.995840 0.036739 -0.083384 -0.002100 -0.086690 0.100175 -0.991186 2.845300 -0.028062 0.994291 0.102943 0.000000 0.000000 0.000000 0.000000 1.000000
0.995783 0.036241 -0.084279 -0.002100 -0.086919 0.078794 -0.993094 2.845300 -0.029350 0.996232 0.081611 0.000000 0.000000 0.000000 0.000000 1.000000
0.995711 0.035700 -0.085358 -0.002100 -0.087217 0.054238 -0.994712 2.845300 -0.030882 0.997890 0.057119 0.000000 0.000000 0.000000 0.000000 1.000000
0.995652 0.035192 -0.086250 -0.002100 -0.087421 0.033229 -0.995617 2.845300 -0.032171 0.998828 0.036161 0.000000 0.000000 0.000000 0.000000 1.000000
0.995635 0.034797 -0.086598 -0.002100 -0.087376 0.021493 -0.995944 2.845300 -0.032795 0.999163 0.024440 -0.000000 0.000000 0.000000 0.000000 1.000000
0.995628 0.034459 -0.086818 -0.002100 -0.087284 0.012247 -0.996108 2.845300 -0.033262 0.999331 0.015201 0.000000 0.000000 0.000000 0.000000 1.000000
0.995588 0.034080 -0.087425 -0.002100 -0.087374 -0.002968 -0.996171 2.845300 -0.034209 0.999415 0.000022 0.000000 0.000000 0.000000 0.000000 1.000000
0.995560 0.033812 -0.087851 -0.002100 -0.087428 -0.013797 -0.996075 2.845300 -0.034892 0.999333 -0.010779 -0.000000 0.000000 0.000000 0.000000 1.000000
0.995556 0.033722 -0.087931 -0.002100 -0.087426 -0.016181 -0.996040 2.845300 -0.035011 0.999300 -0.013161 -0.000000 0.000000 0.000000 0.000000 1.000000
0.995540 0.033645 -0.088136 -0.002100 -0.087441 -0.021594 -0.995936 2.845300 -0.035412 0.999201 -0.018555 0.000000 0.000000 0.000000 0.000000 1.000000
0.995527 0.033585 -0.088306 -0.002100 -0.087462 -0.025822 -0.995833 2.845300 -0.035725 0.999102 -0.022769 0.000000 0.000000 0.000000 0.000000 1.000000
0.995533 0.033593 -0.088231 -0.002100 -0.087467 -0.023577 -0.995888 2.845300 -0.035535 0.999157 -0.020533 0.000000 0.000000 0.000000 0.000000 1.000000
0.995561 0.033708 -0.087881 -0.002100 -0.087442 -0.014279 -0.996067 2.845300 -0.034830 0.999330 -0.011268 0.000000 0.000000 0.000000 0.000000 1.000000
0.995600 0.034061 -0.087301 -0.002100 -0.087344 -0.000221 -0.996178 2.845300 -0.033950 0.999420 0.002755 -0.000000 0.000000 0.000000 0.000000 1.000000
0.995676 0.034945 -0.086072 -0.002100 -0.087030 0.026880 -0.995843 2.845300 -0.032486 0.999028 0.029805 0.000000 0.000000 0.000000 0.000000 1.000000
0.995806 0.036395 -0.083939 -0.002100 -0.086395 0.072187 -0.993642 2.845300 -0.030104 0.996727 0.075028 0.000000 0.000000 0.000000 0.000000 1.000000
0.995959 0.037757 -0.081488 -0.002100 -0.085636 0.125829 -0.988349 2.845300 -0.027063 0.991333 0.128554 0.000000 0.000000 0.000000 0.000000 1.000000
0.996125 0.038882 -0.078888 -0.002100 -0.084696 0.182377 -0.979574 2.845300 -0.023700 0.982460 0.184964 0.000000 0.000000 0.000000 0.000000 1.000000
0.996285 0.039761 -0.076388 -0.002100 -0.083637 0.235402 -0.968293 2.845300 -0.020519 0.971084 0.237853 0.000000 0.000000 0.000000 0.000000 1.000000
0.996398 0.040337 -0.074592 -0.002100 -0.082813 0.273568 -0.958281 2.845300 -0.018249 0.961007 0.275923 0.000000 0.000000 0.000000 0.000000 1.000000
0.996441 0.040576 -0.073883 -0.002100 -0.082494 0.289380 -0.953653 2.845300 -0.017315 0.956354 0.291697 0.000000 0.000000 0.000000 0.000000 1.000000
0.996435 0.040517 -0.074002 -0.002100 -0.082559 0.287620 -0.954180 2.845300 -0.017376 0.956887 0.289939 0.000000 0.000000 0.000000 0.000000 1.000000
0.996400 0.040256 -0.074611 -0.002100 -0.082869 0.276796 -0.957349 2.845300 -0.017887 0.960085 0.279136 0.000000 0.000000 0.000000 0.000000 1.000000
0.996314 0.039566 -0.076112 -0.002100 -0.083630 0.250541 -0.964487 2.845300 -0.019092 0.967297 0.252926 -0.000000 0.000000 0.000000 0.000000 1.000000
0.996224 0.038828 -0.077650 -0.002100 -0.084364 0.221897 -0.971413 2.845300 -0.020488 0.974297 0.224335 -0.000000 0.000000 0.000000 0.000000 1.000000
0.996163 0.038432 -0.078626 -0.002100 -0.084780 0.200883 -0.975940 2.845300 -0.021713 0.978861 0.203370 -0.000000 0.000000 0.000000 0.000000 1.000000
0.996103 0.038124 -0.079526 -0.002100 -0.085187 0.182521 -0.979505 2.845300 -0.022827 0.982463 0.185057 0.000000 0.000000 0.000000 0.000000 1.000000
0.996059 0.038001 -0.080140 -0.002100 -0.085475 0.170088 -0.981715 2.845300 -0.023676 0.984696 0.172666 0.000000 0.000000 0.000000 0.000000 1.000000
0.996027 0.038017 -0.080527 -0.002100 -0.085644 0.161243 -0.983192 2.845300 -0.024393 0.986182 0.163858 -0.000000 0.000000 0.000000 0.000000 1.000000</float_array>
        <technique_common>
          <accessor source="#mixamorig12_RightHandRing2-Matrix-animation-output-transform-array" count="32" stride="16">
            <param type="float4x4"/>
          </accessor>
        </technique_common>
      </source>
      <source id="mixamorig12_RightHandRing2-Interpolations">
        <Name_array id="mixamorig12_RightHandRing2-Interpolations-array" count="32">
 LINEAR LINEAR LINEAR LINEAR LINEAR LINEAR LINEAR LINEAR LINEAR LINEAR LINEAR
LINEAR LINEAR LINEAR LINEAR LINEAR LINEAR LINEAR LINEAR LINEAR LINEAR LINEAR LINEAR
LINEAR LINEAR LINEAR LINEAR LINEAR LINEAR LINEAR LINEAR LINEAR</Name_array>
        <technique_common>
          <accessor source="#mixamorig12_RightHandRing2-Interpolations-array" count="32">
            <param type="name"/>
          </accessor>
        </technique_common>
      </source>
      <sampler id="mixamorig12_RightHandRing2-Matrix-animation-transform">
        <input semantic="INPUT" source="#mixamorig12_RightHandRing2-Matrix-animation-input"/>
        <input semantic="OUTPUT" source="#mixamorig12_RightHandRing2-Matrix-animation-output-transform"/>
        <input semantic="INTERPOLATION" source="#mixamorig12_RightHandRing2-Interpolations"/>
      </sampler>
      <channel source="#mixamorig12_RightHandRing2-Matrix-animation-transform" target="mixamorig12_RightHandRing2/matrix"/>
    </animation>
    <animation id="mixamorig12_RightHandRing3-anim" name="mixamorig12_RightHandRing3">
      <source id="mixamorig12_RightHandRing3-Matrix-animation-input">
        <float_array id="mixamorig12_RightHandRing3-Matrix-animation-input-array" count="32">

0.000000 0.033333 0.066667 0.100000 0.133333 0.166667 0.200000 0.233333 0.266667 0.300000 0.333333 0.366667 0.400000 0.433333 0.466667 0.500000
0.533333 0.566667 0.600000 0.633333 0.666667 0.700000 0.733333 0.766667 0.800000 0.833333 0.866667 0.900000 0.933333 0.966667 1.000000 1.033333</float_array>
        <technique_common>
          <accessor source="#mixamorig12_RightHandRing3-Matrix-animation-input-array" count="32">
            <param name="TIME" type="float"/>
          </accessor>
        </technique_common>
      </source>
      <source id="mixamorig12_RightHandRing3-Matrix-animation-output-transform">
        <float_array id="mixamorig12_RightHandRing3-Matrix-animation-output-transform-array" count="512">

0.999942 0.010750 0.000017 0.014900 -0.010750 0.999942 0.000000 2.811500 -0.000017 -0.000000 1.000000 0.000000 0.000000 0.000000 0.000000 1.000000
0.999942 0.010750 0.000017 0.014900 -0.010750 0.999942 -0.000000 2.811500 -0.000017 -0.000000 1.000000 0.000000 0.000000 0.000000 0.000000 1.000000
0.999942 0.010750 0.000017 0.014900 -0.010750 0.999942 -0.000000 2.811500 -0.000017 -0.000000 1.000000 -0.000000 0.000000 0.000000 0.000000 1.000000
0.999942 0.010750 0.000017 0.014900 -0.010750 0.999942 -0.000000 2.811500 -0.000017 -0.000000 1.000000 0.000000 0.000000 0.000000 0.000000 1.000000
0.999942 0.010750 0.000017 0.014900 -0.010750 0.999942 -0.000000 2.811500 -0.000017 -0.000000 1.000000 0.000000 0.000000 0.000000 0.000000 1.000000
0.999942 0.010750 0.000017 0.014900 -0.010750 0.999942 -0.000000 2.811500 -0.000017 0.000000 1.000000 -0.000000 0.000000 0.000000 0.000000 1.000000
0.999942 0.010750 0.000017 0.014900 -0.010750 0.999942 0.000000 2.811500 -0.000017 -0.000000 1.000000 0.000000 0.000000 0.000000 0.000000 1.000000
0.999942 0.010750 0.000017 0.014900 -0.010750 0.999942 -0.000000 2.811500 -0.000017 0.000000 1.000000 0.000000 0.000000 0.000000 0.000000 1.000000
0.999942 0.010750 0.000017 0.014900 -0.010750 0.999942 -0.000000 2.811500 -0.000017 -0.000000 1.000000 0.000000 0.000000 0.000000 0.000000 1.000000
0.999942 0.010749 0.000017 0.014900 -0.010749 0.999942 -0.000000 2.811500 -0.000017 0.000000 1.000000 0.000000 0.000000 0.000000 0.000000 1.000000
0.999942 0.010750 0.000017 0.014900 -0.010750 0.999942 -0.000000 2.811500 -0.000017 -0.000000 1.000000 0.000000 0.000000 0.000000 0.000000 1.000000
0.999942 0.010750 0.000017 0.014900 -0.010750 0.999942 -0.000000 2.811500 -0.000017 -0.000000 1.000000 0.000000 0.000000 0.000000 0.000000 1.000000
0.999942 0.010750 0.000017 0.014900 -0.010750 0.999942 -0.000000 2.811500 -0.000017 -0.000000 1.000000 -0.000000 0.000000 0.000000 0.000000 1.000000
0.999942 0.010750 0.000017 0.014900 -0.010750 0.999942 0.000000 2.811500 -0.000017 -0.000000 1.000000 0.000000 0.000000 0.000000 0.000000 1.000000
0.999942 0.010750 0.000017 0.014900 -0.010750 0.999942 -0.000000 2.811500 -0.000017 -0.000000 1.000000 0.000000 0.000000 0.000000 0.000000 1.000000
0.999942 0.010750 0.000017 0.014900 -0.010750 0.999942 -0.000000 2.811500 -0.000017 -0.000000 1.000000 0.000000 0.000000 0.000000 0.000000 1.000000
0.999942 0.010750 0.000017 0.014900 -0.010750 0.999942 -0.000000 2.811500 -0.000017 0.000000 1.000000 0.000000 0.000000 0.000000 0.000000 1.000000
0.999942 0.010750 0.000017 0.014900 -0.010750 0.999942 0.000000 2.811500 -0.000017 -0.000000 1.000000 0.000000 0.000000 0.000000 0.000000 1.000000
0.999942 0.010750 0.000017 0.014900 -0.010750 0.999942 -0.000000 2.811500 -0.000017 -0.000000 1.000000 0.000000 0.000000 0.000000 0.000000 1.000000
0.999942 0.010749 0.000017 0.014900 -0.010749 0.999942 -0.000000 2.811500 -0.000017 0.000000 1.000000 0.000000 0.000000 0.000000 0.000000 1.000000
0.999942 0.010750 0.000017 0.014900 -0.010750 0.999942 -0.000000 2.811500 -0.000017 -0.000000 1.000000 -0.000000 0.000000 0.000000 0.000000 1.000000
0.999942 0.010750 0.000017 0.014900 -0.010750 0.999942 -0.000000 2.811500 -0.000017 -0.000000 1.000000 0.000000 0.000000 0.000000 0.000000 1.000000
0.999942 0.010750 0.000017 0.014900 -0.010750 0.999942 0.000000 2.811500 -0.000017 -0.000000 1.000000 -0.000000 0.000000 0.000000 0.000000 1.000000
0.999942 0.010750 0.000017 0.014900 -0.010750 0.999942 -0.000000 2.811500 -0.000017 -0.000000 1.000000 -0.000000 0.000000 0.000000 0.000000 1.000000
0.999942 0.010750 0.000017 0.014900 -0.010750 0.999942 -0.000000 2.811500 -0.000017 -0.000000 1.000000 0.000000 0.000000 0.000000 0.000000 1.000000
0.999942 0.010750 0.000017 0.014900 -0.010750 0.999942 0.000000 2.811500 -0.000017 -0.000000 1.000000 -0.000000 0.000000 0.000000 0.000000 1.000000
0.999942 0.010749 0.000017 0.014900 -0.010749 0.999942 -0.000000 2.811500 -0.000017 0.000000 1.000000 -0.000000 0.000000 0.000000 0.000000 1.000000
0.999942 0.010750 0.000017 0.014900 -0.010750 0.999942 -0.000000 2.811500 -0.000017 -0.000000 1.000000 -0.000000 0.000000 0.000000 0.000000 1.000000
0.999942 0.010750 0.000017 0.014900 -0.010750 0.999942 0.000000 2.811500 -0.000017 -0.000000 1.000000 0.000000 0.000000 0.000000 0.000000 1.000000
0.999942 0.010750 0.000017 0.014900 -0.010750 0.999942 -0.000000 2.811500 -0.000017 -0.000000 1.000000 0.000000 0.000000 0.000000 0.000000 1.000000
0.999942 0.010750 0.000017 0.014900 -0.010750 0.999942 -0.000000 2.811500 -0.000017 -0.000000 1.000000 0.000000 0.000000 0.000000 0.000000 1.000000
0.999942 0.010750 0.000017 0.014900 -0.010750 0.999942 -0.000000 2.811500 -0.000017 -0.000000 1.000000 0.000000 0.000000 0.000000 0.000000 1.000000</float_array>
        <technique_common>
          <accessor source="#mixamorig12_RightHandRing3-Matrix-animation-output-transform-array" count="32" stride="16">
            <param type="float4x4"/>
          </accessor>
        </technique_common>
      </source>
      <source id="mixamorig12_RightHandRing3-Interpolations">
        <Name_array id="mixamorig12_RightHandRing3-Interpolations-array" count="32">
 LINEAR LINEAR LINEAR LINEAR LINEAR LINEAR LINEAR LINEAR LINEAR LINEAR LINEAR
LINEAR LINEAR LINEAR LINEAR LINEAR LINEAR LINEAR LINEAR LINEAR LINEAR LINEAR LINEAR
LINEAR LINEAR LINEAR LINEAR LINEAR LINEAR LINEAR LINEAR LINEAR</Name_array>
        <technique_common>
          <accessor source="#mixamorig12_RightHandRing3-Interpolations-array" count="32">
            <param type="name"/>
          </accessor>
        </technique_common>
      </source>
      <sampler id="mixamorig12_RightHandRing3-Matrix-animation-transform">
        <input semantic="INPUT" source="#mixamorig12_RightHandRing3-Matrix-animation-input"/>
        <input semantic="OUTPUT" source="#mixamorig12_RightHandRing3-Matrix-animation-output-transform"/>
        <input semantic="INTERPOLATION" source="#mixamorig12_RightHandRing3-Interpolations"/>
      </sampler>
      <channel source="#mixamorig12_RightHandRing3-Matrix-animation-transform" target="mixamorig12_RightHandRing3/matrix"/>
    </animation>
    <animation id="mixamorig12_RightHandPinky1-anim" name="mixamorig12_RightHandPinky1">
      <source id="mixamorig12_RightHandPinky1-Matrix-animation-input">
        <float_array id="mixamorig12_RightHandPinky1-Matrix-animation-input-array" count="32">

0.000000 0.033333 0.066667 0.100000 0.133333 0.166667 0.200000 0.233333 0.266667 0.300000 0.333333 0.366667 0.400000 0.433333 0.466667 0.500000
0.533333 0.566667 0.600000 0.633333 0.666667 0.700000 0.733333 0.766667 0.800000 0.833333 0.866667 0.900000 0.933333 0.966667 1.000000 1.033333</float_array>
        <technique_common>
          <accessor source="#mixamorig12_RightHandPinky1-Matrix-animation-input-array" count="32">
            <param name="TIME" type="float"/>
          </accessor>
        </technique_common>
      </source>
      <source id="mixamorig12_RightHandPinky1-Matrix-animation-output-transform">
        <float_array id="mixamorig12_RightHandPinky1-Matrix-animation-output-transform-array" count="512">

0.977701 0.184544 -0.100217 -3.473300 -0.202978 0.708080 -0.676330 9.218100 -0.053851 0.681591 0.729749 0.057700 0.000000 0.000000 0.000000 1.000000
0.976932 0.186409 -0.104187 -3.473300 -0.205939 0.693298 -0.690599 9.218100 -0.056502 0.696125 0.715694 0.057700 0.000000 0.000000 0.000000 1.000000
0.976526 0.186458 -0.107847 -3.473300 -0.207471 0.679596 -0.703637 9.218100 -0.057906 0.709495 0.702327 0.057700 0.000000 0.000000 0.000000 1.000000
0.975923 0.187252 -0.111854 -3.473300 -0.209936 0.667271 -0.714616 9.218100 -0.059176 0.720892 0.690516 0.057700 0.000000 0.000000 0.000000 1.000000
0.975088 0.188907 -0.116262 -3.473300 -0.213276 0.654402 -0.725446 9.218100 -0.060960 0.732170 0.678389 0.057700 0.000000 0.000000 0.000000 1.000000
0.974135 0.190902 -0.120901 -3.473300 -0.216890 0.639806 -0.737297 9.218100 -0.063399 0.744449 0.664663 0.057700 0.000000 0.000000 0.000000 1.000000
0.973295 0.192319 -0.125343 -3.473300 -0.219759 0.622759 -0.750918 9.218100 -0.066357 0.758410 0.648392 0.057700 0.000000 0.000000 0.000000 1.000000
0.972889 0.192052 -0.128854 -3.473300 -0.220931 0.607022 -0.763357 9.218100 -0.068387 0.771129 0.632995 0.057700 0.000000 0.000000 0.000000 1.000000
0.973164 0.189580 -0.130426 -3.473300 -0.220126 0.601798 -0.767714 9.218100 -0.067053 0.775821 0.627380 0.057700 0.000000 0.000000 0.000000 1.000000
0.973227 0.188235 -0.131896 -3.473300 -0.220071 0.597584 -0.771013 9.218100 -0.066313 0.779398 0.623010 0.057700 0.000000 0.000000 0.000000 1.000000
0.973489 0.186388 -0.132588 -3.473300 -0.218996 0.592127 -0.775517 9.218100 -0.066038 0.783993 0.617247 0.057700 0.000000 0.000000 0.000000 1.000000
0.974539 0.181572 -0.131551 -3.473300 -0.214846 0.588326 -0.779560 9.218100 -0.064151 0.787975 0.612356 0.057700 0.000000 0.000000 0.000000 1.000000
0.975084 0.178812 -0.131293 -3.473300 -0.212360 0.581257 -0.785521 9.218100 -0.064146 0.793830 0.604747 0.057700 0.000000 0.000000 0.000000 1.000000
0.975628 0.176316 -0.130627 -3.473300 -0.209912 0.576463 -0.789701 9.218100 -0.063935 0.797874 0.599424 0.057700 0.000000 0.000000 0.000000 1.000000
0.976056 0.174714 -0.129578 -3.473300 -0.208138 0.577082 -0.789718 9.218100 -0.063197 0.797779 0.599629 0.057700 0.000000 0.000000 0.000000 1.000000
0.975963 0.175728 -0.128903 -3.473300 -0.208512 0.580852 -0.786851 9.218100 -0.063398 0.794815 0.603531 0.057700 0.000000 0.000000 0.000000 1.000000
0.975436 0.179055 -0.128315 -3.473300 -0.210558 0.586676 -0.781970 9.218100 -0.064736 0.789779 0.609966 0.057700 0.000000 0.000000 0.000000 1.000000
0.975573 0.180333 -0.125450 -3.473300 -0.210182 0.600167 -0.771766 9.218100 -0.063884 0.779282 0.623409 0.057700 0.000000 0.000000 0.000000 1.000000
0.976686 0.178745 -0.118894 -3.473300 -0.206479 0.630598 -0.748140 9.218100 -0.058752 0.755246 0.652803 0.057700 0.000000 0.000000 0.000000 1.000000
0.977663 0.178933 -0.110268 -3.473300 -0.203131 0.669662 -0.714347 9.218100 -0.053977 0.720789 0.691050 0.057700 0.000000 0.000000 0.000000 1.000000
0.978388 0.180447 -0.100970 -3.473300 -0.200588 0.709695 -0.675350 9.218100 -0.050207 0.681008 0.730553 0.057700 0.000000 0.000000 0.000000 1.000000
0.979194 0.180833 -0.092081 -3.473300 -0.197458 0.744425 -0.637841 9.218100 -0.046795 0.642752 0.764643 0.057700 0.000000 0.000000 0.000000 1.000000
0.979953 0.179937 -0.085531 -3.473300 -0.194270 0.767812 -0.610511 9.218100 -0.044182 0.614888 0.787376 0.057700 0.000000 0.000000 0.000000 1.000000
0.980737 0.177098 -0.082414 -3.473300 -0.190625 0.775639 -0.601702 9.218100 -0.042637 0.605822 0.794457 0.057700 0.000000 0.000000 0.000000 1.000000
0.981699 0.172307 -0.081106 -3.473300 -0.186243 0.779705 -0.597808 9.218100 -0.039767 0.601972 0.797526 0.057700 0.000000 0.000000 0.000000 1.000000
0.980935 0.175697 -0.083049 -3.473300 -0.189630 0.771893 -0.606813 9.218100 -0.042511 0.610993 0.790494 0.057700 0.000000 0.000000 0.000000 1.000000
0.980109 0.178860 -0.085995 -3.473300 -0.193343 0.762800 -0.617052 9.218100 -0.044769 0.621405 0.782209 0.057700 0.000000 0.000000 0.000000 1.000000
0.980325 0.176424 -0.088532 -3.473300 -0.192347 0.753060 -0.629209 9.218100 -0.044338 0.633858 0.772178 0.057700 0.000000 0.000000 0.000000 1.000000
0.980566 0.173694 -0.091217 -3.473300 -0.191099 0.740394 -0.644436 9.218100 -0.044398 0.649343 0.759198 0.057700 0.000000 0.000000 0.000000 1.000000
0.979805 0.176007 -0.094886 -3.473300 -0.194197 0.724578 -0.661267 9.218100 -0.047635 0.666339 0.744126 0.057700 0.000000 0.000000 0.000000 1.000000
0.978986 0.178911 -0.097860 -3.473300 -0.197606 0.713735 -0.671963 9.218100 -0.050376 0.677180 0.734091 0.057700 0.000000 0.000000 0.000000 1.000000
0.977701 0.184544 -0.100217 -3.473300 -0.202978 0.708080 -0.676330 9.218100 -0.053851 0.681591 0.729749 0.057700 0.000000 0.000000 0.000000 1.000000</float_array>
        <technique_common>
          <accessor source="#mixamorig12_RightHandPinky1-Matrix-animation-output-transform-array" count="32" stride="16">
            <param type="float4x4"/>
          </accessor>
        </technique_common>
      </source>
      <source id="mixamorig12_RightHandPinky1-Interpolations">
        <Name_array id="mixamorig12_RightHandPinky1-Interpolations-array" count="32">
 LINEAR LINEAR LINEAR LINEAR LINEAR LINEAR LINEAR LINEAR LINEAR LINEAR LINEAR
LINEAR LINEAR LINEAR LINEAR LINEAR LINEAR LINEAR LINEAR LINEAR LINEAR LINEAR LINEAR
LINEAR LINEAR LINEAR LINEAR LINEAR LINEAR LINEAR LINEAR LINEAR</Name_array>
        <technique_common>
          <accessor source="#mixamorig12_RightHandPinky1-Interpolations-array" count="32">
            <param type="name"/>
          </accessor>
        </technique_common>
      </source>
      <sampler id="mixamorig12_RightHandPinky1-Matrix-animation-transform">
        <input semantic="INPUT" source="#mixamorig12_RightHandPinky1-Matrix-animation-input"/>
        <input semantic="OUTPUT" source="#mixamorig12_RightHandPinky1-Matrix-animation-output-transform"/>
        <input semantic="INTERPOLATION" source="#mixamorig12_RightHandPinky1-Interpolations"/>
      </sampler>
      <channel source="#mixamorig12_RightHandPinky1-Matrix-animation-transform" target="mixamorig12_RightHandPinky1/matrix"/>
    </animation>
    <animation id="mixamorig12_RightHandPinky2-anim" name="mixamorig12_RightHandPinky2">
      <source id="mixamorig12_RightHandPinky2-Matrix-animation-input">
        <float_array id="mixamorig12_RightHandPinky2-Matrix-animation-input-array" count="32">

0.000000 0.033333 0.066667 0.100000 0.133333 0.166667 0.200000 0.233333 0.266667 0.300000 0.333333 0.366667 0.400000 0.433333 0.466667 0.500000
0.533333 0.566667 0.600000 0.633333 0.666667 0.700000 0.733333 0.766667 0.800000 0.833333 0.866667 0.900000 0.933333 0.966667 1.000000 1.033333</float_array>
        <technique_common>
          <accessor source="#mixamorig12_RightHandPinky2-Matrix-animation-input-array" count="32">
            <param name="TIME" type="float"/>
          </accessor>
        </technique_common>
      </source>
      <source id="mixamorig12_RightHandPinky2-Matrix-animation-output-transform">
        <float_array id="mixamorig12_RightHandPinky2-Matrix-animation-output-transform-array" count="512">

0.987909 0.034562 -0.151130 -0.012700 -0.152615 0.045333 -0.987246 2.744700 -0.027270 0.998374 0.050059 0.000000 0.000000 0.000000 0.000000 1.000000
0.987809 0.032157 -0.152314 -0.012700 -0.153071 0.022541 -0.987958 2.744700 -0.028336 0.999229 0.027189 0.000000 0.000000 0.000000 0.000000 1.000000
0.987704 0.029502 -0.153527 -0.012700 -0.153535 -0.001996 -0.988141 2.744700 -0.029459 0.999563 0.002558 -0.000000 0.000000 0.000000 0.000000 1.000000
0.987643 0.027275 -0.154328 -0.012700 -0.153719 -0.023190 -0.987842 2.744700 -0.030522 0.999359 -0.018711 0.000000 0.000000 0.000000 0.000000 1.000000
0.987548 0.024530 -0.155392 -0.012700 -0.154094 -0.048080 -0.986886 2.744700 -0.031679 0.998542 -0.043701 -0.000000 0.000000 0.000000 0.000000 1.000000
0.987444 0.021615 -0.156482 -0.012700 -0.154511 -0.073941 -0.985220 2.744700 -0.032866 0.997028 -0.069673 0.000000 0.000000 0.000000 0.000000 1.000000
0.987412 0.019745 -0.156934 -0.012700 -0.154509 -0.091860 -0.983712 2.744700 -0.033840 0.995576 -0.087653 0.000000 0.000000 0.000000 0.000000 1.000000
0.987391 0.018162 -0.157258 -0.012700 -0.154454 -0.107197 -0.982167 2.744700 -0.034695 0.994072 -0.103040 0.000000 0.000000 0.000000 0.000000 1.000000
0.987384 0.016974 -0.157433 -0.012700 -0.154357 -0.118566 -0.980875 2.744700 -0.035316 0.992801 -0.114450 0.000000 0.000000 0.000000 0.000000 1.000000
0.987365 0.015870 -0.157664 -0.012700 -0.154317 -0.129749 -0.979465 2.744700 -0.036001 0.991420 -0.125661 0.000000 0.000000 0.000000 0.000000 1.000000
0.987363 0.015250 -0.157739 -0.012700 -0.154221 -0.136593 -0.978549 2.744700 -0.036469 0.990510 -0.132515 0.000000 0.000000 0.000000 0.000000 1.000000
0.987400 0.015376 -0.157494 -0.012700 -0.153928 -0.137499 -0.978468 2.744700 -0.036700 0.990383 -0.133400 0.000000 0.000000 0.000000 0.000000 1.000000
0.987439 0.015660 -0.157223 -0.012700 -0.153644 -0.136891 -0.978598 2.744700 -0.036847 0.990462 -0.132765 0.000000 0.000000 0.000000 0.000000 1.000000
0.987457 0.015827 -0.157093 -0.012700 -0.153515 -0.136316 -0.978699 2.744700 -0.036904 0.990539 -0.132176 0.000000 0.000000 0.000000 0.000000 1.000000
0.987501 0.016650 -0.156732 -0.012700 -0.153301 -0.129569 -0.979648 2.744700 -0.036618 0.991431 -0.125398 0.000000 0.000000 0.000000 0.000000 1.000000
0.987513 0.017376 -0.156577 -0.012700 -0.153291 -0.123252 -0.980465 2.744700 -0.036335 0.992223 -0.119049 0.000000 0.000000 0.000000 0.000000 1.000000
0.987545 0.018767 -0.156216 -0.012700 -0.153226 -0.110831 -0.981956 2.744700 -0.035742 0.993662 -0.106575 -0.000000 0.000000 0.000000 0.000000 1.000000
0.987642 0.021504 -0.155244 -0.012700 -0.152840 -0.087059 -0.984409 2.744700 -0.034684 0.995971 -0.082697 0.000000 0.000000 0.000000 0.000000 1.000000
0.987819 0.025983 -0.153424 -0.012700 -0.152077 -0.047665 -0.987219 2.744700 -0.032964 0.998525 -0.043133 -0.000000 0.000000 0.000000 0.000000 1.000000
0.987972 0.030959 -0.151505 -0.012700 -0.151585 0.000260 -0.988444 2.744700 -0.030562 0.999521 0.004949 -0.000000 0.000000 0.000000 0.000000 1.000000
0.988174 0.036700 -0.148881 -0.012700 -0.150811 0.057086 -0.986913 2.744700 -0.027721 0.997694 0.061946 -0.000000 0.000000 0.000000 0.000000 1.000000
0.988388 0.042132 -0.145995 -0.012700 -0.149876 0.111985 -0.982342 2.744700 -0.025039 0.992816 0.116999 0.000000 0.000000 0.000000 0.000000 1.000000
0.988507 0.045727 -0.144097 -0.012700 -0.149402 0.149791 -0.977365 2.744700 -0.023108 0.987660 0.154901 0.000000 0.000000 0.000000 0.000000 1.000000
0.988503 0.046877 -0.143753 -0.012700 -0.149572 0.163916 -0.975069 2.744700 -0.022145 0.985360 0.169043 -0.000000 0.000000 0.000000 0.000000 1.000000
0.988493 0.046824 -0.143836 -0.012700 -0.149648 0.164025 -0.975039 2.744700 -0.022063 0.985344 0.169145 0.000000 0.000000 0.000000 0.000000 1.000000
0.988406 0.045561 -0.144839 -0.012700 -0.150162 0.152065 -0.976897 2.744700 -0.022483 0.987320 0.157144 -0.000000 0.000000 0.000000 0.000000 1.000000
0.988264 0.043303 -0.146488 -0.012700 -0.150967 0.130598 -0.979874 2.744700 -0.023301 0.990489 0.135602 0.000000 0.000000 0.000000 0.000000 1.000000
0.988161 0.041134 -0.147806 -0.012700 -0.151484 0.108917 -0.982441 2.744700 -0.024313 0.993199 0.113859 0.000000 0.000000 0.000000 0.000000 1.000000
0.988041 0.038650 -0.149271 -0.012700 -0.152074 0.084264 -0.984771 2.744700 -0.025483 0.995694 0.089134 0.000000 0.000000 0.000000 0.000000 1.000000
0.987990 0.036972 -0.150031 -0.012700 -0.152241 0.066766 -0.986086 2.744700 -0.026441 0.997083 0.071592 -0.000000 0.000000 0.000000 0.000000 1.000000
0.987958 0.035770 -0.150531 -0.012700 -0.152333 0.054552 -0.986823 2.744700 -0.027087 0.997870 0.059344 0.000000 0.000000 0.000000 0.000000 1.000000
0.987910 0.034562 -0.151129 -0.012700 -0.152614 0.045332 -0.987246 2.744700 -0.027270 0.998374 0.050059 0.000000 0.000000 0.000000 0.000000 1.000000</float_array>
        <technique_common>
          <accessor source="#mixamorig12_RightHandPinky2-Matrix-animation-output-transform-array" count="32" stride="16">
            <param type="float4x4"/>
          </accessor>
        </technique_common>
      </source>
      <source id="mixamorig12_RightHandPinky2-Interpolations">
        <Name_array id="mixamorig12_RightHandPinky2-Interpolations-array" count="32">
 LINEAR LINEAR LINEAR LINEAR LINEAR LINEAR LINEAR LINEAR LINEAR LINEAR LINEAR
LINEAR LINEAR LINEAR LINEAR LINEAR LINEAR LINEAR LINEAR LINEAR LINEAR LINEAR LINEAR
LINEAR LINEAR LINEAR LINEAR LINEAR LINEAR LINEAR LINEAR LINEAR</Name_array>
        <technique_common>
          <accessor source="#mixamorig12_RightHandPinky2-Interpolations-array" count="32">
            <param type="name"/>
          </accessor>
        </technique_common>
      </source>
      <sampler id="mixamorig12_RightHandPinky2-Matrix-animation-transform">
        <input semantic="INPUT" source="#mixamorig12_RightHandPinky2-Matrix-animation-input"/>
        <input semantic="OUTPUT" source="#mixamorig12_RightHandPinky2-Matrix-animation-output-transform"/>
        <input semantic="INTERPOLATION" source="#mixamorig12_RightHandPinky2-Interpolations"/>
      </sampler>
      <channel source="#mixamorig12_RightHandPinky2-Matrix-animation-transform" target="mixamorig12_RightHandPinky2/matrix"/>
    </animation>
    <animation id="mixamorig12_RightHandPinky3-anim" name="mixamorig12_RightHandPinky3">
      <source id="mixamorig12_RightHandPinky3-Matrix-animation-input">
        <float_array id="mixamorig12_RightHandPinky3-Matrix-animation-input-array" count="32">

0.000000 0.033333 0.066667 0.100000 0.133333 0.166667 0.200000 0.233333 0.266667 0.300000 0.333333 0.366667 0.400000 0.433333 0.466667 0.500000
0.533333 0.566667 0.600000 0.633333 0.666667 0.700000 0.733333 0.766667 0.800000 0.833333 0.866667 0.900000 0.933333 0.966667 1.000000 1.033333</float_array>
        <technique_common>
          <accessor source="#mixamorig12_RightHandPinky3-Matrix-animation-input-array" count="32">
            <param name="TIME" type="float"/>
          </accessor>
        </technique_common>
      </source>
      <source id="mixamorig12_RightHandPinky3-Matrix-animation-output-transform">
        <float_array id="mixamorig12_RightHandPinky3-Matrix-animation-output-transform-array" count="512">

0.999980 0.006251 -0.000352 0.013400 -0.006251 0.999980 0.000002 2.277600 0.000352 -0.000000 1.000000 0.000000 0.000000 0.000000 0.000000 1.000000
0.999980 0.006251 -0.000352 0.013400 -0.006251 0.999980 0.000002 2.277600 0.000352 0.000000 1.000000 0.000000 0.000000 0.000000 0.000000 1.000000
0.999980 0.006251 -0.000352 0.013400 -0.006251 0.999980 0.000002 2.277600 0.000352 0.000000 1.000000 -0.000000 0.000000 0.000000 0.000000 1.000000
0.999980 0.006251 -0.000352 0.013400 -0.006251 0.999980 0.000002 2.277600 0.000352 0.000000 1.000000 -0.000000 0.000000 0.000000 0.000000 1.000000
0.999980 0.006251 -0.000352 0.013400 -0.006251 0.999980 0.000002 2.277600 0.000352 0.000000 1.000000 0.000000 0.000000 0.000000 0.000000 1.000000
0.999980 0.006251 -0.000352 0.013400 -0.006251 0.999980 0.000002 2.277600 0.000352 0.000000 1.000000 0.000000 0.000000 0.000000 0.000000 1.000000
0.999980 0.006251 -0.000352 0.013400 -0.006251 0.999980 0.000002 2.277600 0.000352 0.000000 1.000000 -0.000000 0.000000 0.000000 0.000000 1.000000
0.999980 0.006251 -0.000352 0.013400 -0.006251 0.999980 0.000002 2.277600 0.000352 -0.000000 1.000000 0.000000 0.000000 0.000000 0.000000 1.000000
0.999980 0.006251 -0.000352 0.013400 -0.006251 0.999980 0.000002 2.277600 0.000352 0.000000 1.000000 0.000000 0.000000 0.000000 0.000000 1.000000
0.999980 0.006251 -0.000352 0.013400 -0.006251 0.999980 0.000002 2.277600 0.000352 -0.000000 1.000000 0.000000 0.000000 0.000000 0.000000 1.000000
0.999980 0.006251 -0.000352 0.013400 -0.006251 0.999980 0.000002 2.277600 0.000352 -0.000000 1.000000 0.000000 0.000000 0.000000 0.000000 1.000000
0.999980 0.006251 -0.000352 0.013400 -0.006251 0.999980 0.000002 2.277600 0.000352 0.000000 1.000000 0.000000 0.000000 0.000000 0.000000 1.000000
0.999980 0.006251 -0.000352 0.013400 -0.006251 0.999980 0.000002 2.277600 0.000352 0.000000 1.000000 0.000000 0.000000 0.000000 0.000000 1.000000
0.999980 0.006251 -0.000352 0.013400 -0.006251 0.999980 0.000002 2.277600 0.000352 0.000000 1.000000 0.000000 0.000000 0.000000 0.000000 1.000000
0.999980 0.006251 -0.000352 0.013400 -0.006251 0.999980 0.000002 2.277600 0.000352 0.000000 1.000000 0.000000 0.000000 0.000000 0.000000 1.000000
0.999980 0.006251 -0.000352 0.013400 -0.006251 0.999980 0.000002 2.277600 0.000352 0.000000 1.000000 -0.000000 0.000000 0.000000 0.000000 1.000000
0.999980 0.006251 -0.000352 0.013400 -0.006251 0.999980 0.000002 2.277600 0.000352 0.000000 1.000000 0.000000 0.000000 0.000000 0.000000 1.000000
0.999980 0.006251 -0.000352 0.013400 -0.006251 0.999980 0.000002 2.277600 0.000352 0.000000 1.000000 0.000000 0.000000 0.000000 0.000000 1.000000
0.999980 0.006251 -0.000352 0.013400 -0.006251 0.999980 0.000002 2.277600 0.000352 0.000000 1.000000 0.000000 0.000000 0.000000 0.000000 1.000000
0.999980 0.006251 -0.000352 0.013400 -0.006251 0.999980 0.000002 2.277600 0.000352 -0.000000 1.000000 0.000000 0.000000 0.000000 0.000000 1.000000
0.999980 0.006251 -0.000352 0.013400 -0.006251 0.999980 0.000002 2.277600 0.000352 0.000000 1.000000 -0.000000 0.000000 0.000000 0.000000 1.000000
0.999980 0.006251 -0.000352 0.013400 -0.006251 0.999980 0.000002 2.277600 0.000352 0.000000 1.000000 0.000000 0.000000 0.000000 0.000000 1.000000
0.999980 0.006251 -0.000352 0.013400 -0.006251 0.999980 0.000002 2.277600 0.000352 0.000000 1.000000 0.000000 0.000000 0.000000 0.000000 1.000000
0.999980 0.006251 -0.000352 0.013400 -0.006251 0.999980 0.000002 2.277600 0.000352 0.000000 1.000000 0.000000 0.000000 0.000000 0.000000 1.000000
0.999980 0.006251 -0.000352 0.013400 -0.006251 0.999980 0.000002 2.277600 0.000352 0.000000 1.000000 -0.000000 0.000000 0.000000 0.000000 1.000000
0.999980 0.006251 -0.000352 0.013400 -0.006251 0.999980 0.000002 2.277600 0.000352 0.000000 1.000000 0.000000 0.000000 0.000000 0.000000 1.000000
0.999980 0.006251 -0.000352 0.013400 -0.006251 0.999980 0.000002 2.277600 0.000352 0.000000 1.000000 0.000000 0.000000 0.000000 0.000000 1.000000
0.999980 0.006251 -0.000352 0.013400 -0.006251 0.999980 0.000002 2.277600 0.000352 0.000000 1.000000 0.000000 0.000000 0.000000 0.000000 1.000000
0.999980 0.006251 -0.000352 0.013400 -0.006251 0.999980 0.000002 2.277600 0.000352 0.000000 1.000000 0.000000 0.000000 0.000000 0.000000 1.000000
0.999980 0.006251 -0.000352 0.013400 -0.006251 0.999980 0.000002 2.277600 0.000352 -0.000000 1.000000 0.000000 0.000000 0.000000 0.000000 1.000000
0.999980 0.006251 -0.000352 0.013400 -0.006251 0.999980 0.000002 2.277600 0.000352 0.000000 1.000000 0.000000 0.000000 0.000000 0.000000 1.000000
0.999980 0.006251 -0.000352 0.013400 -0.006251 0.999980 0.000002 2.277600 0.000352 0.000000 1.000000 0.000000 0.000000 0.000000 0.000000 1.000000</float_array>
        <technique_common>
          <accessor source="#mixamorig12_RightHandPinky3-Matrix-animation-output-transform-array" count="32" stride="16">
            <param type="float4x4"/>
          </accessor>
        </technique_common>
      </source>
      <source id="mixamorig12_RightHandPinky3-Interpolations">
        <Name_array id="mixamorig12_RightHandPinky3-Interpolations-array" count="32">
 LINEAR LINEAR LINEAR LINEAR LINEAR LINEAR LINEAR LINEAR LINEAR LINEAR LINEAR
LINEAR LINEAR LINEAR LINEAR LINEAR LINEAR LINEAR LINEAR LINEAR LINEAR LINEAR LINEAR
LINEAR LINEAR LINEAR LINEAR LINEAR LINEAR LINEAR LINEAR LINEAR</Name_array>
        <technique_common>
          <accessor source="#mixamorig12_RightHandPinky3-Interpolations-array" count="32">
            <param type="name"/>
          </accessor>
        </technique_common>
      </source>
      <sampler id="mixamorig12_RightHandPinky3-Matrix-animation-transform">
        <input semantic="INPUT" source="#mixamorig12_RightHandPinky3-Matrix-animation-input"/>
        <input semantic="OUTPUT" source="#mixamorig12_RightHandPinky3-Matrix-animation-output-transform"/>
        <input semantic="INTERPOLATION" source="#mixamorig12_RightHandPinky3-Interpolations"/>
      </sampler>
      <channel source="#mixamorig12_RightHandPinky3-Matrix-animation-transform" target="mixamorig12_RightHandPinky3/matrix"/>
    </animation>
    <animation id="mixamorig12_LeftUpLeg-anim" name="mixamorig12_LeftUpLeg">
      <source id="mixamorig12_LeftUpLeg-Matrix-animation-input">
        <float_array id="mixamorig12_LeftUpLeg-Matrix-animation-input-array" count="32">

0.000000 0.033333 0.066667 0.100000 0.133333 0.166667 0.200000 0.233333 0.266667 0.300000 0.333333 0.366667 0.400000 0.433333 0.466667 0.500000
0.533333 0.566667 0.600000 0.633333 0.666667 0.700000 0.733333 0.766667 0.800000 0.833333 0.866667 0.900000 0.933333 0.966667 1.000000 1.033333</float_array>
        <technique_common>
          <accessor source="#mixamorig12_LeftUpLeg-Matrix-animation-input-array" count="32">
            <param name="TIME" type="float"/>
          </accessor>
        </technique_common>
      </source>
      <source id="mixamorig12_LeftUpLeg-Matrix-animation-output-transform">
        <float_array id="mixamorig12_LeftUpLeg-Matrix-animation-output-transform-array" count="512">

-0.988587 0.110967 0.101893 9.816000 -0.058921 -0.907271 0.416399 -5.592400 0.138651 0.405643 0.903454 -0.310700 0.000000 0.000000 0.000000 1.000000
-0.989661 0.103835 0.098939 9.816000 -0.044959 -0.879662 0.473470 -5.592400 0.136196 0.464127 0.875235 -0.310700 0.000000 0.000000 0.000000 1.000000
-0.991624 0.096223 0.086155 9.816000 -0.039554 -0.861248 0.506644 -5.592400 0.122952 0.498992 0.857840 -0.310700 0.000000 0.000000 0.000000 1.000000
-0.993125 0.089436 0.075519 9.816000 -0.036175 -0.848079 0.528633 -5.592400 0.111325 0.522267 0.845484 -0.310700 0.000000 0.000000 0.000000 1.000000
-0.994054 0.081515 0.072189 9.816000 -0.028536 -0.834844 0.549746 -5.592400 0.105079 0.544418 0.832206 -0.310700 0.000000 0.000000 0.000000 1.000000
-0.995541 0.071311 0.061756 9.816000 -0.022559 -0.815620 0.578148 -5.592400 0.091598 0.574177 0.813591 -0.310700 0.000000 0.000000 0.000000 1.000000
-0.996507 0.066627 0.050350 9.816000 -0.020807 -0.781974 0.622963 -5.592400 0.080878 0.619740 0.780629 -0.310700 0.000000 0.000000 0.000000 1.000000
-0.995917 0.068464 0.058834 9.816000 -0.014139 -0.762015 0.647405 -5.592400 0.089157 0.643930 0.759872 -0.310700 0.000000 0.000000 0.000000 1.000000
-0.994595 0.065156 0.080848 9.816000 0.000805 -0.773763 0.633474 -5.592400 0.103832 0.630115 0.769528 -0.310700 0.000000 0.000000 0.000000 1.000000
-0.994061 0.061970 0.089455 9.816000 0.009517 -0.769368 0.638735 -5.592400 0.108407 0.635793 0.764209 -0.310700 0.000000 0.000000 0.000000 1.000000
-0.994858 0.048441 0.088939 9.816000 0.016661 -0.787943 0.615523 -5.592400 0.099896 0.613840 0.783084 -0.310700 0.000000 0.000000 0.000000 1.000000
-0.995563 0.033604 0.087895 9.816000 0.026265 -0.797708 0.602472 -5.592400 0.090360 0.602107 0.793285 -0.310700 0.000000 0.000000 0.000000 1.000000
-0.995844 0.015756 0.089701 9.816000 0.035785 -0.838011 0.544479 -5.592400 0.083749 0.545426 0.833964 -0.310700 0.000000 0.000000 0.000000 1.000000
-0.995444 0.004683 0.095232 9.816000 0.038917 -0.891851 0.450652 -5.592400 0.087043 0.452305 0.887606 -0.310700 0.000000 0.000000 0.000000 1.000000
-0.992974 0.005304 0.118215 9.816000 0.035900 -0.938409 0.343657 -5.592400 0.112757 0.345486 0.931625 -0.310700 0.000000 0.000000 0.000000 1.000000
-0.989817 0.004996 0.142255 9.816000 0.027967 -0.973079 0.228768 -5.592400 0.139569 0.230417 0.963031 -0.310700 0.000000 0.000000 0.000000 1.000000
-0.988147 0.002375 0.153491 9.816000 0.018286 -0.990940 0.133057 -5.592400 0.152416 0.134287 0.979151 -0.310700 0.000000 0.000000 0.000000 1.000000
-0.985856 -0.001943 0.167581 9.816000 0.009448 -0.998987 0.044002 -5.592400 0.167326 0.044964 0.984876 -0.310700 0.000000 0.000000 0.000000 1.000000
-0.982872 -0.009044 0.184067 9.816000 0.000941 -0.999028 -0.044060 -5.592400 0.184287 -0.043132 0.981926 -0.310700 0.000000 0.000000 0.000000 1.000000
-0.978967 -0.007212 0.203890 9.816000 -0.014786 -0.994239 -0.106164 -5.592400 0.203481 -0.106946 0.973220 -0.310700 0.000000 0.000000 0.000000 1.000000
-0.975988 0.006535 0.217727 9.816000 -0.035099 -0.991206 -0.127586 -5.592400 0.214979 -0.132164 0.967635 -0.310700 0.000000 0.000000 0.000000 1.000000
-0.977502 0.021793 0.209795 9.816000 -0.051270 -0.989366 -0.136108 -5.592400 0.204598 -0.143802 0.968225 -0.310700 0.000000 0.000000 0.000000 1.000000
-0.979863 0.029034 0.197548 9.816000 -0.060087 -0.986387 -0.153070 -5.592400 0.190415 -0.161858 0.968269 -0.310700 0.000000 0.000000 0.000000 1.000000
-0.976836 0.038685 0.210463 9.816000 -0.081946 -0.976176 -0.200913 -5.592400 0.197677 -0.213505 0.956734 -0.310700 0.000000 0.000000 0.000000 1.000000
-0.976941 0.054851 0.206345 9.816000 -0.104036 -0.966238 -0.235714 -5.592400 0.186450 -0.251746 0.949663 -0.310700 0.000000 0.000000 0.000000 1.000000
-0.977101 0.081303 0.196629 9.816000 -0.109995 -0.984065 -0.139701 -5.592400 0.182137 -0.158130 0.970475 -0.310700 0.000000 0.000000 0.000000 1.000000
-0.979101 0.112108 0.169685 9.816000 -0.122871 -0.990937 -0.054285 -5.592400 0.162062 -0.074000 0.984002 -0.310700 0.000000 0.000000 0.000000 1.000000
-0.979091 0.134569 0.152554 9.816000 -0.128775 -0.990546 0.047287 -5.592400 0.157475 0.026654 0.987163 -0.310700 0.000000 0.000000 0.000000 1.000000
-0.982129 0.135729 0.130386 9.816000 -0.116559 -0.982565 0.144848 -5.592400 0.147772 0.127061 0.980826 -0.310700 0.000000 0.000000 0.000000 1.000000
-0.986551 0.122480 0.108235 9.816000 -0.094362 -0.967475 0.234707 -5.592400 0.133462 0.221337 0.966022 -0.310700 0.000000 0.000000 0.000000 1.000000
-0.988608 0.112604 0.099874 9.816000 -0.074844 -0.943475 0.322883 -5.592400 0.130586 0.311730 0.941154 -0.310700 0.000000 0.000000 0.000000 1.000000
-0.988587 0.110967 0.101893 9.816000 -0.058921 -0.907271 0.416399 -5.592400 0.138651 0.405643 0.903454 -0.310700 0.000000 0.000000 0.000000 1.000000</float_array>
        <technique_common>
          <accessor source="#mixamorig12_LeftUpLeg-Matrix-animation-output-transform-array" count="32" stride="16">
            <param type="float4x4"/>
          </accessor>
        </technique_common>
      </source>
      <source id="mixamorig12_LeftUpLeg-Interpolations">
        <Name_array id="mixamorig12_LeftUpLeg-Interpolations-array" count="32">
 LINEAR LINEAR LINEAR LINEAR LINEAR LINEAR LINEAR LINEAR LINEAR LINEAR LINEAR
LINEAR LINEAR LINEAR LINEAR LINEAR LINEAR LINEAR LINEAR LINEAR LINEAR LINEAR LINEAR
LINEAR LINEAR LINEAR LINEAR LINEAR LINEAR LINEAR LINEAR LINEAR</Name_array>
        <technique_common>
          <accessor source="#mixamorig12_LeftUpLeg-Interpolations-array" count="32">
            <param type="name"/>
          </accessor>
        </technique_common>
      </source>
      <sampler id="mixamorig12_LeftUpLeg-Matrix-animation-transform">
        <input semantic="INPUT" source="#mixamorig12_LeftUpLeg-Matrix-animation-input"/>
        <input semantic="OUTPUT" source="#mixamorig12_LeftUpLeg-Matrix-animation-output-transform"/>
        <input semantic="INTERPOLATION" source="#mixamorig12_LeftUpLeg-Interpolations"/>
      </sampler>
      <channel source="#mixamorig12_LeftUpLeg-Matrix-animation-transform" target="mixamorig12_LeftUpLeg/matrix"/>
    </animation>
    <animation id="mixamorig12_LeftLeg-anim" name="mixamorig12_LeftLeg">
      <source id="mixamorig12_LeftLeg-Matrix-animation-input">
        <float_array id="mixamorig12_LeftLeg-Matrix-animation-input-array" count="32">

0.000000 0.033333 0.066667 0.100000 0.133333 0.166667 0.200000 0.233333 0.266667 0.300000 0.333333 0.366667 0.400000 0.433333 0.466667 0.500000
0.533333 0.566667 0.600000 0.633333 0.666667 0.700000 0.733333 0.766667 0.800000 0.833333 0.866667 0.900000 0.933333 0.966667 1.000000 1.033333</float_array>
        <technique_common>
          <accessor source="#mixamorig12_LeftLeg-Matrix-animation-input-array" count="32">
            <param name="TIME" type="float"/>
          </accessor>
        </technique_common>
      </source>
      <source id="mixamorig12_LeftLeg-Matrix-animation-output-transform">
        <float_array id="mixamorig12_LeftLeg-Matrix-animation-output-transform-array" count="512">

0.999787 -0.011192 0.017364 0.000000 -0.011238 0.410624 0.911736 42.845699 -0.017334 -0.911736 0.410411 0.000000 0.000000 0.000000 0.000000 1.000000
0.999815 0.005515 -0.018421 0.000000 0.012855 0.520757 0.853608 42.845699 0.014301 -0.853687 0.520590 0.000000 0.000000 0.000000 0.000000 1.000000
0.998016 0.014992 -0.061145 0.000000 0.036198 0.657978 0.752167 42.845699 0.051508 -0.752888 0.656130 0.000000 0.000000 0.000000 0.000000 1.000000
0.996297 0.016966 -0.084283 0.000000 0.038866 0.785560 0.617563 42.845699 0.076687 -0.618553 0.781992 0.000000 0.000000 0.000000 0.000000 1.000000
0.997017 0.008721 -0.076685 0.000000 0.028190 0.883795 0.467025 42.845699 0.071847 -0.467794 0.880913 -0.000000 0.000000 0.000000 0.000000 1.000000
0.998020 -0.008438 -0.062332 0.000000 0.029661 0.936997 0.348077 42.845699 0.055468 -0.349237 0.935391 0.000000 0.000000 0.000000 0.000000 1.000000
0.998661 -0.024187 -0.045737 0.000000 0.038103 0.941836 0.333905 42.845699 0.035001 -0.335200 0.941496 0.000000 0.000000 0.000000 0.000000 1.000000
0.999574 -0.027427 -0.009946 0.000000 0.029146 0.923702 0.382001 42.845699 -0.001289 -0.382129 0.924108 0.000000 0.000000 0.000000 0.000000 1.000000
0.999261 -0.021998 0.031518 0.000000 0.006733 0.907529 0.419936 42.845699 -0.037842 -0.419413 0.907006 -0.000000 0.000000 0.000000 0.000000 1.000000
0.996248 -0.020629 0.084055 0.000000 -0.025112 0.860503 0.508827 42.845699 -0.082826 -0.509028 0.856756 0.000000 0.000000 0.000000 0.000000 1.000000
0.997369 -0.011686 0.071550 0.000000 -0.029065 0.839684 0.542297 42.845699 -0.066416 -0.542950 0.837135 0.000000 0.000000 0.000000 0.000000 1.000000
0.997997 -0.005503 0.063025 0.000000 -0.035446 0.776526 0.629088 42.845699 -0.052402 -0.630061 0.774775 0.000000 0.000000 0.000000 0.000000 1.000000
0.997863 -0.008531 0.064789 0.000000 -0.035107 0.766242 0.641593 42.845699 -0.055117 -0.642496 0.764304 0.000000 0.000000 0.000000 0.000000 1.000000
0.997120 -0.014608 0.074422 -0.000000 -0.032957 0.800329 0.598655 42.845699 -0.068308 -0.599383 0.797542 0.000000 0.000000 0.000000 0.000000 1.000000
0.993566 -0.021779 0.111138 0.000000 -0.040365 0.848788 0.527190 42.845699 -0.105815 -0.528284 0.842448 0.000000 0.000000 0.000000 0.000000 1.000000
0.986924 -0.028026 0.158729 0.000000 -0.044036 0.900424 0.432779 42.845699 -0.155052 -0.434110 0.887416 0.000000 0.000000 0.000000 0.000000 1.000000
0.978523 -0.031094 0.203779 -0.000000 -0.043614 0.934949 0.352092 42.845699 -0.201471 -0.353418 0.913513 0.000000 0.000000 0.000000 0.000000 1.000000
0.967896 -0.026584 0.249941 -0.000000 -0.045503 0.959428 0.278257 42.845699 -0.247197 -0.280697 0.927417 0.000000 0.000000 0.000000 0.000000 1.000000
0.955080 -0.022838 0.295467 0.000000 -0.044864 0.974392 0.220335 42.845699 -0.292933 -0.223693 0.929598 -0.000000 0.000000 0.000000 0.000000 1.000000
0.942523 -0.014588 0.333822 0.000000 -0.063208 0.973225 0.220992 42.845699 -0.328108 -0.229390 0.916365 0.000000 0.000000 0.000000 0.000000 1.000000
0.932246 -0.008545 0.361725 0.000000 -0.107327 0.948197 0.299005 42.845699 -0.345541 -0.317569 0.883035 0.000000 0.000000 0.000000 0.000000 1.000000
0.930324 -0.011028 0.366572 0.000000 -0.146625 0.904999 0.399346 42.845699 -0.336151 -0.425270 0.840326 -0.000000 0.000000 0.000000 0.000000 1.000000
0.933894 -0.034854 0.355848 -0.000000 -0.150692 0.864162 0.480121 42.845699 -0.324244 -0.502006 0.801783 0.000000 0.000000 0.000000 0.000000 1.000000
0.930972 -0.069246 0.358464 0.000000 -0.127767 0.857967 0.497563 42.845699 -0.342005 -0.509017 0.789895 -0.000000 0.000000 0.000000 0.000000 1.000000
0.939305 -0.086957 0.331881 -0.000000 -0.099326 0.856996 0.505660 42.845699 -0.328392 -0.507933 0.796344 0.000000 0.000000 0.000000 0.000000 1.000000
0.957967 -0.101800 0.268210 0.000000 -0.111262 0.729905 0.674433 42.845699 -0.264425 -0.675926 0.687898 0.000000 0.000000 0.000000 0.000000 1.000000
0.984505 -0.088279 0.151516 0.000000 -0.068058 0.603953 0.794109 42.845699 -0.161612 -0.792116 0.588586 0.000000 0.000000 0.000000 0.000000 1.000000
0.994859 -0.072384 0.070826 -0.000000 -0.027621 0.478917 0.877425 42.845699 -0.097431 -0.874871 0.474456 0.000000 0.000000 0.000000 0.000000 1.000000
0.995824 -0.061289 0.067658 -0.000000 -0.039091 0.383464 0.922728 42.845699 -0.082498 -0.921520 0.379467 0.000000 0.000000 0.000000 0.000000 1.000000
0.996187 -0.048643 0.072430 0.000000 -0.051186 0.346455 0.936669 42.845699 -0.070656 -0.936805 0.342644 0.000000 0.000000 0.000000 0.000000 1.000000
0.998568 -0.031136 0.043510 0.000000 -0.029345 0.361247 0.932008 42.845699 -0.044737 -0.931950 0.359816 -0.000000 0.000000 0.000000 0.000000 1.000000
0.999787 -0.011192 0.017364 -0.000000 -0.011238 0.410623 0.911736 42.845699 -0.017334 -0.911737 0.410410 0.000000 0.000000 0.000000 0.000000 1.000000</float_array>
        <technique_common>
          <accessor source="#mixamorig12_LeftLeg-Matrix-animation-output-transform-array" count="32" stride="16">
            <param type="float4x4"/>
          </accessor>
        </technique_common>
      </source>
      <source id="mixamorig12_LeftLeg-Interpolations">
        <Name_array id="mixamorig12_LeftLeg-Interpolations-array" count="32">
 LINEAR LINEAR LINEAR LINEAR LINEAR LINEAR LINEAR LINEAR LINEAR LINEAR LINEAR
LINEAR LINEAR LINEAR LINEAR LINEAR LINEAR LINEAR LINEAR LINEAR LINEAR LINEAR LINEAR
LINEAR LINEAR LINEAR LINEAR LINEAR LINEAR LINEAR LINEAR LINEAR</Name_array>
        <technique_common>
          <accessor source="#mixamorig12_LeftLeg-Interpolations-array" count="32">
            <param type="name"/>
          </accessor>
        </technique_common>
      </source>
      <sampler id="mixamorig12_LeftLeg-Matrix-animation-transform">
        <input semantic="INPUT" source="#mixamorig12_LeftLeg-Matrix-animation-input"/>
        <input semantic="OUTPUT" source="#mixamorig12_LeftLeg-Matrix-animation-output-transform"/>
        <input semantic="INTERPOLATION" source="#mixamorig12_LeftLeg-Interpolations"/>
      </sampler>
      <channel source="#mixamorig12_LeftLeg-Matrix-animation-transform" target="mixamorig12_LeftLeg/matrix"/>
    </animation>
    <animation id="mixamorig12_LeftFoot-anim" name="mixamorig12_LeftFoot">
      <source id="mixamorig12_LeftFoot-Matrix-animation-input">
        <float_array id="mixamorig12_LeftFoot-Matrix-animation-input-array" count="32">

0.000000 0.033333 0.066667 0.100000 0.133333 0.166667 0.200000 0.233333 0.266667 0.300000 0.333333 0.366667 0.400000 0.433333 0.466667 0.500000
0.533333 0.566667 0.600000 0.633333 0.666667 0.700000 0.733333 0.766667 0.800000 0.833333 0.866667 0.900000 0.933333 0.966667 1.000000 1.033333</float_array>
        <technique_common>
          <accessor source="#mixamorig12_LeftFoot-Matrix-animation-input-array" count="32">
            <param name="TIME" type="float"/>
          </accessor>
        </technique_common>
      </source>
      <source id="mixamorig12_LeftFoot-Matrix-animation-output-transform">
        <float_array id="mixamorig12_LeftFoot-Matrix-animation-output-transform-array" count="512">

0.992686 -0.118624 -0.022419 -0.000000 0.036474 0.471731 -0.880988 39.384102 0.115082 0.873727 0.472607 0.000000 0.000000 0.000000 0.000000 1.000000
0.992166 -0.124134 -0.014027 -0.000000 0.041510 0.433499 -0.900198 39.384102 0.117826 0.892563 0.435256 0.000000 0.000000 0.000000 0.000000 1.000000
0.991397 -0.130883 -0.001193 0.000000 0.052167 0.403473 -0.913503 39.384102 0.120043 0.905582 0.406829 -0.000000 0.000000 0.000000 0.000000 1.000000
0.989721 -0.141754 0.018945 0.000000 0.074481 0.397807 -0.914441 39.384102 0.122090 0.906452 0.404276 0.000000 0.000000 0.000000 0.000000 1.000000
0.988238 -0.149724 0.031124 0.000000 0.094337 0.436686 -0.894654 39.384102 0.120360 0.887067 0.445674 0.000000 0.000000 0.000000 0.000000 1.000000
0.989732 -0.141985 0.016446 0.000000 0.081627 0.467011 -0.880476 39.384102 0.117334 0.872778 0.473806 -0.000000 0.000000 0.000000 0.000000 1.000000
0.991949 -0.126337 -0.008743 0.000000 0.048451 0.442396 -0.895510 39.384102 0.117004 0.887876 0.444956 0.000000 0.000000 0.000000 0.000000 1.000000
0.992341 -0.122266 -0.017638 0.000000 0.029996 0.376997 -0.925729 39.384102 0.119835 0.918109 0.377777 0.000000 0.000000 0.000000 0.000000 1.000000
0.990190 -0.138965 0.014587 0.000000 0.064586 0.362616 -0.929698 39.384102 0.123906 0.921519 0.368034 0.000000 0.000000 0.000000 0.000000 1.000000
0.991577 -0.129501 -0.002320 0.000000 0.057599 0.456932 -0.887635 39.384102 0.116009 0.880025 0.460542 0.000000 0.000000 0.000000 0.000000 1.000000
0.990893 -0.134471 0.007034 0.000000 0.083217 0.570470 -0.817091 39.384102 0.105862 0.810235 0.576465 0.000000 0.000000 0.000000 0.000000 1.000000
0.989549 -0.142882 0.019411 0.000000 0.085932 0.476252 -0.875100 39.384102 0.115792 0.867623 0.483553 0.000000 0.000000 0.000000 0.000000 1.000000
0.988693 -0.147560 0.026689 0.000000 0.084479 0.401050 -0.912152 39.384102 0.123894 0.904093 0.408981 -0.000000 0.000000 0.000000 0.000000 1.000000
0.988146 -0.150253 0.031494 0.000000 0.084045 0.357785 -0.930014 39.384102 0.128470 0.921636 0.366172 0.000000 0.000000 0.000000 0.000000 1.000000
0.987323 -0.153919 0.038747 0.000000 0.088762 0.333060 -0.938718 39.384102 0.131582 0.930258 0.342500 -0.000000 0.000000 0.000000 0.000000 1.000000
0.985125 -0.162182 0.056803 0.000000 0.106738 0.318451 -0.941911 39.384102 0.134672 0.933963 0.331024 -0.000000 0.000000 0.000000 0.000000 1.000000
0.984607 -0.164281 0.059677 -0.000000 0.110154 0.318144 -0.941621 39.384102 0.135704 0.933700 0.331343 -0.000000 0.000000 0.000000 0.000000 1.000000
0.984663 -0.164694 0.057574 0.000000 0.106916 0.308832 -0.945088 39.384102 0.137870 0.936749 0.321704 0.000000 0.000000 0.000000 0.000000 1.000000
0.983442 -0.169327 0.064581 -0.000000 0.110203 0.275872 -0.954856 39.384102 0.143867 0.946162 0.289964 0.000000 0.000000 0.000000 0.000000 1.000000
0.981625 -0.175229 0.075541 0.000000 0.114272 0.222781 -0.968148 39.384102 0.152818 0.958991 0.238711 0.000000 0.000000 0.000000 0.000000 1.000000
0.978456 -0.183085 0.095414 0.000000 0.126773 0.168039 -0.977595 39.384102 0.162950 0.968629 0.187629 0.000000 0.000000 0.000000 0.000000 1.000000
0.975665 -0.188976 0.111199 0.000000 0.138026 0.135281 -0.981146 39.384102 0.170370 0.972619 0.158072 0.000000 0.000000 0.000000 0.000000 1.000000
0.976320 -0.188426 0.106276 0.000000 0.134247 0.142488 -0.980650 39.384102 0.169637 0.971696 0.164410 -0.000000 0.000000 0.000000 0.000000 1.000000
0.979573 -0.181163 0.087273 0.000000 0.120679 0.182456 -0.975780 39.384102 0.160852 0.966380 0.200592 -0.000000 0.000000 0.000000 0.000000 1.000000
0.983066 -0.170626 0.066840 0.000000 0.112791 0.275922 -0.954539 39.384102 0.144427 0.945914 0.290495 0.000000 0.000000 0.000000 0.000000 1.000000
0.977543 -0.187409 0.096368 -0.000000 0.178904 0.496370 -0.849476 39.384102 0.111365 0.847641 0.518752 0.000000 0.000000 0.000000 0.000000 1.000000
0.984215 -0.163663 0.067340 0.000000 0.153510 0.600161 -0.785010 39.384102 0.088063 0.782957 0.615812 0.000000 0.000000 0.000000 0.000000 1.000000
0.970878 -0.210567 0.114271 0.000000 0.231468 0.701419 -0.674117 39.384102 0.061795 0.680936 0.729731 0.000000 0.000000 0.000000 0.000000 1.000000
0.954057 -0.253043 0.160454 0.000000 0.293477 0.681246 -0.670653 39.384102 0.060396 0.686930 0.724209 0.000000 0.000000 0.000000 0.000000 1.000000
0.957939 -0.239774 0.157676 0.000000 0.273273 0.594437 -0.756285 39.384102 0.087609 0.767563 0.634958 -0.000000 0.000000 0.000000 0.000000 1.000000
0.981010 -0.178517 0.075835 -0.000000 0.159755 0.521974 -0.837868 39.384102 0.109990 0.834072 0.540580 -0.000000 0.000000 0.000000 0.000000 1.000000
0.992686 -0.118624 -0.022419 0.000000 0.036474 0.471730 -0.880988 39.384102 0.115082 0.873727 0.472606 0.000000 0.000000 0.000000 0.000000 1.000000</float_array>
        <technique_common>
          <accessor source="#mixamorig12_LeftFoot-Matrix-animation-output-transform-array" count="32" stride="16">
            <param type="float4x4"/>
          </accessor>
        </technique_common>
      </source>
      <source id="mixamorig12_LeftFoot-Interpolations">
        <Name_array id="mixamorig12_LeftFoot-Interpolations-array" count="32">
 LINEAR LINEAR LINEAR LINEAR LINEAR LINEAR LINEAR LINEAR LINEAR LINEAR LINEAR
LINEAR LINEAR LINEAR LINEAR LINEAR LINEAR LINEAR LINEAR LINEAR LINEAR LINEAR LINEAR
LINEAR LINEAR LINEAR LINEAR LINEAR LINEAR LINEAR LINEAR LINEAR</Name_array>
        <technique_common>
          <accessor source="#mixamorig12_LeftFoot-Interpolations-array" count="32">
            <param type="name"/>
          </accessor>
        </technique_common>
      </source>
      <sampler id="mixamorig12_LeftFoot-Matrix-animation-transform">
        <input semantic="INPUT" source="#mixamorig12_LeftFoot-Matrix-animation-input"/>
        <input semantic="OUTPUT" source="#mixamorig12_LeftFoot-Matrix-animation-output-transform"/>
        <input semantic="INTERPOLATION" source="#mixamorig12_LeftFoot-Interpolations"/>
      </sampler>
      <channel source="#mixamorig12_LeftFoot-Matrix-animation-transform" target="mixamorig12_LeftFoot/matrix"/>
    </animation>
    <animation id="mixamorig12_LeftToeBase-anim" name="mixamorig12_LeftToeBase">
      <source id="mixamorig12_LeftToeBase-Matrix-animation-input">
        <float_array id="mixamorig12_LeftToeBase-Matrix-animation-input-array" count="32">

0.000000 0.033333 0.066667 0.100000 0.133333 0.166667 0.200000 0.233333 0.266667 0.300000 0.333333 0.366667 0.400000 0.433333 0.466667 0.500000
0.533333 0.566667 0.600000 0.633333 0.666667 0.700000 0.733333 0.766667 0.800000 0.833333 0.866667 0.900000 0.933333 0.966667 1.000000 1.033333</float_array>
        <technique_common>
          <accessor source="#mixamorig12_LeftToeBase-Matrix-animation-input-array" count="32">
            <param name="TIME" type="float"/>
          </accessor>
        </technique_common>
      </source>
      <source id="mixamorig12_LeftToeBase-Matrix-animation-output-transform">
        <float_array id="mixamorig12_LeftToeBase-Matrix-animation-output-transform-array" count="512">

0.989199 -0.066635 -0.130557 -0.000000 -0.027239 0.791614 -0.610413 19.011600 0.144025 0.607377 0.781249 0.000000 0.000000 0.000000 0.000000 1.000000
0.983664 -0.094284 -0.153347 0.000000 -0.022152 0.781992 -0.622895 19.011600 0.178645 0.616117 0.767129 0.000000 0.000000 0.000000 0.000000 1.000000
0.964238 -0.166852 -0.205925 0.000000 -0.001976 0.772418 -0.635111 19.011600 0.265030 0.612805 0.744466 0.000000 0.000000 0.000000 0.000000 1.000000
0.976727 -0.123778 -0.175166 0.000000 -0.014165 0.777671 -0.628512 19.011600 0.214017 0.616366 0.757819 0.000000 0.000000 0.000000 0.000000 1.000000
0.979536 -0.111683 -0.167438 0.000000 -0.019288 0.775999 -0.630439 19.011600 0.200342 0.620768 0.757965 -0.000000 0.000000 0.000000 0.000000 1.000000
0.967269 -0.155867 -0.200240 -0.000000 -0.009248 0.766937 -0.641656 19.011600 0.253585 0.622506 0.740392 -0.000000 0.000000 0.000000 0.000000 1.000000
0.955216 -0.190020 -0.226838 -0.000000 -0.007070 0.751703 -0.659464 19.011600 0.295826 0.631534 0.716695 0.000000 0.000000 0.000000 0.000000 1.000000
0.961281 -0.168817 -0.217805 0.000000 -0.029747 0.722195 -0.691049 19.011600 0.273959 0.670772 0.689211 -0.000000 0.000000 0.000000 0.000000 1.000000
0.958531 -0.170801 -0.228136 0.000000 -0.056814 0.669916 -0.740260 19.011600 0.279269 0.722523 0.632432 0.000000 0.000000 0.000000 0.000000 1.000000
0.957580 -0.201371 -0.206130 0.000000 -0.009383 0.693150 -0.720732 19.011600 0.288014 0.692093 0.661857 0.000000 0.000000 0.000000 0.000000 1.000000
0.959287 -0.178539 -0.218841 0.000000 0.005617 0.786753 -0.617242 19.011600 0.282376 0.590883 0.755725 0.000000 0.000000 0.000000 0.000000 1.000000
0.962392 -0.165328 -0.215563 0.000000 0.001767 0.797288 -0.603597 19.011600 0.271657 0.580516 0.767596 0.000000 0.000000 0.000000 0.000000 1.000000
0.961030 -0.166285 -0.220842 0.000000 -0.001547 0.795616 -0.605800 19.011600 0.276441 0.582533 0.764353 -0.000000 0.000000 0.000000 0.000000 1.000000
0.960022 -0.167345 -0.224397 0.000000 -0.003482 0.794430 -0.607345 19.011600 0.279903 0.583846 0.762088 0.000000 0.000000 0.000000 0.000000 1.000000
0.959889 -0.167940 -0.224520 0.000000 -0.003124 0.794314 -0.607499 19.011600 0.280363 0.583833 0.761929 0.000000 0.000000 0.000000 0.000000 1.000000
0.959097 -0.168780 -0.227258 0.000000 -0.006575 0.789314 -0.613954 19.011600 0.283001 0.590336 0.755919 0.000000 0.000000 0.000000 0.000000 1.000000
0.958594 -0.170595 -0.228023 0.000000 -0.011260 0.777379 -0.628932 19.011600 0.284553 0.605458 0.743270 -0.000000 0.000000 0.000000 0.000000 1.000000
0.960017 -0.167712 -0.224144 0.000000 -0.013496 0.772021 -0.635454 19.011600 0.279617 0.613072 0.738889 0.000000 0.000000 0.000000 0.000000 1.000000
0.958215 -0.171716 -0.228775 0.000000 -0.013558 0.771610 -0.635951 19.011600 0.285728 0.612480 0.737040 -0.000000 0.000000 0.000000 0.000000 1.000000
0.957724 -0.173693 -0.229337 0.000000 -0.017708 0.760068 -0.649602 19.011600 0.287142 0.626200 0.724860 0.000000 0.000000 0.000000 0.000000 1.000000
0.956006 -0.180484 -0.231255 -0.000000 -0.033924 0.715020 -0.698280 19.011600 0.291380 0.675405 0.677441 0.000000 0.000000 0.000000 0.000000 1.000000
0.952194 -0.194154 -0.235861 0.000000 -0.062199 0.632683 -0.771909 19.011600 0.299095 0.749678 0.590361 0.000000 0.000000 0.000000 0.000000 1.000000
0.947631 -0.210263 -0.240386 0.000000 -0.097475 0.526358 -0.844657 19.011600 0.304129 0.823855 0.478298 0.000000 0.000000 0.000000 0.000000 1.000000
0.945257 -0.213337 -0.246934 0.000000 -0.119733 0.477193 -0.870604 19.011600 0.303567 0.852511 0.425526 0.000000 0.000000 0.000000 0.000000 1.000000
0.957229 -0.217064 -0.191302 0.000000 -0.096088 0.385166 -0.917831 19.011600 0.272911 0.896956 0.347835 0.000000 0.000000 0.000000 0.000000 1.000000
0.939798 -0.257612 -0.224534 0.000000 -0.184165 0.171666 -0.967788 19.011600 0.287859 0.950877 0.113888 0.000000 0.000000 0.000000 0.000000 1.000000
0.941380 -0.178593 -0.286198 0.000000 -0.167146 0.489994 -0.855551 19.011600 0.293031 0.853235 0.431419 -0.000000 0.000000 0.000000 0.000000 1.000000
0.969922 -0.102450 -0.220805 -0.000000 -0.072826 0.743428 -0.664839 19.011600 0.232265 0.660923 0.713606 0.000000 0.000000 0.000000 0.000000 1.000000
0.954265 -0.127006 -0.270645 0.000000 -0.070263 0.784645 -0.615951 19.011600 0.290589 0.606797 0.739835 0.000000 0.000000 0.000000 0.000000 1.000000
0.950384 -0.140367 -0.277610 0.000000 -0.053896 0.804616 -0.591344 19.011600 0.306375 0.576966 0.757129 0.000000 0.000000 0.000000 0.000000 1.000000
0.972067 -0.108124 -0.208316 0.000000 -0.043866 0.788230 -0.613815 19.011600 0.230569 0.605807 0.761470 -0.000000 0.000000 0.000000 0.000000 1.000000
0.989199 -0.066635 -0.130557 0.000000 -0.027239 0.791614 -0.610414 19.011600 0.144025 0.607377 0.781249 -0.000000 0.000000 0.000000 0.000000 1.000000</float_array>
        <technique_common>
          <accessor source="#mixamorig12_LeftToeBase-Matrix-animation-output-transform-array" count="32" stride="16">
            <param type="float4x4"/>
          </accessor>
        </technique_common>
      </source>
      <source id="mixamorig12_LeftToeBase-Interpolations">
        <Name_array id="mixamorig12_LeftToeBase-Interpolations-array" count="32">
 LINEAR LINEAR LINEAR LINEAR LINEAR LINEAR LINEAR LINEAR LINEAR LINEAR LINEAR
LINEAR LINEAR LINEAR LINEAR LINEAR LINEAR LINEAR LINEAR LINEAR LINEAR LINEAR LINEAR
LINEAR LINEAR LINEAR LINEAR LINEAR LINEAR LINEAR LINEAR LINEAR</Name_array>
        <technique_common>
          <accessor source="#mixamorig12_LeftToeBase-Interpolations-array" count="32">
            <param type="name"/>
          </accessor>
        </technique_common>
      </source>
      <sampler id="mixamorig12_LeftToeBase-Matrix-animation-transform">
        <input semantic="INPUT" source="#mixamorig12_LeftToeBase-Matrix-animation-input"/>
        <input semantic="OUTPUT" source="#mixamorig12_LeftToeBase-Matrix-animation-output-transform"/>
        <input semantic="INTERPOLATION" source="#mixamorig12_LeftToeBase-Interpolations"/>
      </sampler>
      <channel source="#mixamorig12_LeftToeBase-Matrix-animation-transform" target="mixamorig12_LeftToeBase/matrix"/>
    </animation>
    <animation id="mixamorig12_RightUpLeg-anim" name="mixamorig12_RightUpLeg">
      <source id="mixamorig12_RightUpLeg-Matrix-animation-input">
        <float_array id="mixamorig12_RightUpLeg-Matrix-animation-input-array" count="32">

0.000000 0.033333 0.066667 0.100000 0.133333 0.166667 0.200000 0.233333 0.266667 0.300000 0.333333 0.366667 0.400000 0.433333 0.466667 0.500000
0.533333 0.566667 0.600000 0.633333 0.666667 0.700000 0.733333 0.766667 0.800000 0.833333 0.866667 0.900000 0.933333 0.966667 1.000000 1.033333</float_array>
        <technique_common>
          <accessor source="#mixamorig12_RightUpLeg-Matrix-animation-input-array" count="32">
            <param name="TIME" type="float"/>
          </accessor>
        </technique_common>
      </source>
      <source id="mixamorig12_RightUpLeg-Matrix-animation-output-transform">
        <float_array id="mixamorig12_RightUpLeg-Matrix-animation-output-transform-array" count="512">

-0.987534 0.053883 -0.147894 -9.816000 -0.080196 -0.980725 0.178179 -5.592400 -0.135442 0.187818 0.972821 -0.356000 0.000000 0.000000 0.000000 1.000000
-0.985555 0.059402 -0.158598 -9.816000 -0.076239 -0.991830 0.102281 -5.592400 -0.151227 0.112895 0.982031 -0.356000 0.000000 0.000000 0.000000 1.000000
-0.983580 0.061473 -0.169678 -9.816000 -0.068489 -0.997009 0.035808 -5.592400 -0.166969 0.046841 0.984849 -0.356000 0.000000 0.000000 0.000000 1.000000
-0.981189 0.056045 -0.184733 -9.816000 -0.051131 -0.998203 -0.031261 -5.592400 -0.186153 -0.021227 0.982291 -0.356000 0.000000 0.000000 0.000000 1.000000
-0.979898 0.045418 -0.194258 -9.816000 -0.028760 -0.995729 -0.087729 -5.592400 -0.197413 -0.080379 0.977020 -0.356000 0.000000 0.000000 0.000000 1.000000
-0.978398 0.029648 -0.204595 -9.816000 -0.003887 -0.992126 -0.125181 -5.592400 -0.206695 -0.121681 0.970809 -0.356000 0.000000 0.000000 0.000000 1.000000
-0.976873 0.015054 -0.213289 -9.816000 0.020033 -0.986687 -0.161393 -5.592400 -0.212879 -0.161933 0.963566 -0.356000 0.000000 0.000000 0.000000 1.000000
-0.975140 0.001192 -0.221586 -9.816000 0.043422 -0.979570 -0.196359 -5.592400 -0.217293 -0.201099 0.955166 -0.356000 0.000000 0.000000 0.000000 1.000000
-0.973699 -0.015294 -0.227322 -9.816000 0.068005 -0.971771 -0.225911 -5.592400 -0.217450 -0.235428 0.947253 -0.356000 0.000000 0.000000 0.000000 1.000000
-0.972993 -0.027364 -0.229207 -9.816000 0.084176 -0.966636 -0.241928 -5.592400 -0.214940 -0.254688 0.942833 -0.356000 0.000000 0.000000 0.000000 1.000000
-0.973550 -0.043560 -0.224282 -9.816000 0.096509 -0.968184 -0.230881 -5.592400 -0.207089 -0.246419 0.946780 -0.356000 0.000000 0.000000 0.000000 1.000000
-0.978768 -0.058498 -0.196445 -9.816000 0.097062 -0.976417 -0.192842 -5.592400 -0.180532 -0.207815 0.961364 -0.356000 0.000000 0.000000 0.000000 1.000000
-0.981143 -0.070906 -0.179808 -9.816000 0.088656 -0.991741 -0.092678 -5.592400 -0.171751 -0.106871 0.979326 -0.356000 0.000000 0.000000 0.000000 1.000000
-0.984888 -0.069434 -0.158665 -9.816000 0.067149 -0.997548 0.019725 -5.592400 -0.159645 0.008773 0.987135 -0.356000 0.000000 0.000000 0.000000 1.000000
-0.988672 -0.056298 -0.139133 -9.816000 0.035036 -0.987944 0.150792 -5.592400 -0.145945 0.144209 0.978726 -0.356000 0.000000 0.000000 0.000000 1.000000
-0.991287 -0.040774 -0.125249 -9.816000 0.006576 -0.965017 0.262104 -5.592400 -0.131555 0.258996 0.956877 -0.356000 0.000000 0.000000 0.000000 1.000000
-0.992584 -0.035087 -0.116384 -9.816000 -0.008934 -0.933789 0.357712 -5.592400 -0.121229 0.356099 0.926551 -0.356000 0.000000 0.000000 0.000000 1.000000
-0.993689 -0.041743 -0.104119 -9.816000 -0.007485 -0.901443 0.432833 -5.592400 -0.111925 0.430881 0.895441 -0.356000 0.000000 0.000000 0.000000 1.000000
-0.994719 -0.052444 -0.088223 -9.816000 0.003704 -0.877376 0.479789 -5.592400 -0.102566 0.476929 0.872937 -0.356000 0.000000 0.000000 0.000000 1.000000
-0.995439 -0.062422 -0.072145 -9.816000 0.016141 -0.855521 0.517517 -5.592400 -0.094026 0.513992 0.852626 -0.356000 0.000000 0.000000 0.000000 1.000000
-0.995418 -0.071567 -0.063411 -9.816000 0.025512 -0.837917 0.545201 -5.592400 -0.092152 0.541085 0.835904 -0.356000 0.000000 0.000000 0.000000 1.000000
-0.994370 -0.082173 -0.066905 -9.816000 0.028775 -0.817058 0.575838 -5.592400 -0.101984 0.570670 0.814822 -0.356000 0.000000 0.000000 0.000000 1.000000
-0.993938 -0.088068 -0.065816 -9.816000 0.028851 -0.786578 0.616816 -5.592400 -0.106091 0.611178 0.784350 -0.356000 0.000000 0.000000 0.000000 1.000000
-0.994594 -0.082702 -0.062796 -9.816000 0.021256 -0.754075 0.656444 -5.592400 -0.101642 0.651560 0.751757 -0.356000 0.000000 0.000000 0.000000 1.000000
-0.995484 -0.067955 -0.066290 -9.816000 0.004360 -0.730272 0.683143 -5.592400 -0.094832 0.679769 0.727270 -0.356000 0.000000 0.000000 0.000000 1.000000
-0.995920 -0.049345 -0.075549 -9.816000 -0.013522 -0.746170 0.665618 -5.592400 -0.089217 0.663924 0.742459 -0.356000 0.000000 0.000000 0.000000 1.000000
-0.996015 -0.022801 -0.086218 -9.816000 -0.035814 -0.783121 0.620837 -5.592400 -0.081675 0.621451 0.779184 -0.356000 0.000000 0.000000 0.000000 1.000000
-0.994733 0.008438 -0.102148 -9.816000 -0.066196 -0.813769 0.577406 -5.592400 -0.078252 0.581127 0.810042 -0.356000 0.000000 0.000000 0.000000 1.000000
-0.991771 0.028808 -0.124745 -9.816000 -0.087143 -0.865708 0.492906 -5.592400 -0.093793 0.499720 0.861094 -0.356000 0.000000 0.000000 0.000000 1.000000
-0.989897 0.040566 -0.135859 -9.816000 -0.090936 -0.916811 0.388830 -5.592400 -0.108784 0.397256 0.911237 -0.356000 0.000000 0.000000 0.000000 1.000000
-0.988405 0.047835 -0.144111 -9.816000 -0.087485 -0.955123 0.282994 -5.592400 -0.124106 0.292320 0.948233 -0.356000 0.000000 0.000000 0.000000 1.000000
-0.987534 0.053883 -0.147894 -9.816000 -0.080196 -0.980724 0.178181 -5.592400 -0.135442 0.187820 0.972820 -0.356000 0.000000 0.000000 0.000000 1.000000</float_array>
        <technique_common>
          <accessor source="#mixamorig12_RightUpLeg-Matrix-animation-output-transform-array" count="32" stride="16">
            <param type="float4x4"/>
          </accessor>
        </technique_common>
      </source>
      <source id="mixamorig12_RightUpLeg-Interpolations">
        <Name_array id="mixamorig12_RightUpLeg-Interpolations-array" count="32">
 LINEAR LINEAR LINEAR LINEAR LINEAR LINEAR LINEAR LINEAR LINEAR LINEAR LINEAR
LINEAR LINEAR LINEAR LINEAR LINEAR LINEAR LINEAR LINEAR LINEAR LINEAR LINEAR LINEAR
LINEAR LINEAR LINEAR LINEAR LINEAR LINEAR LINEAR LINEAR LINEAR</Name_array>
        <technique_common>
          <accessor source="#mixamorig12_RightUpLeg-Interpolations-array" count="32">
            <param type="name"/>
          </accessor>
        </technique_common>
      </source>
      <sampler id="mixamorig12_RightUpLeg-Matrix-animation-transform">
        <input semantic="INPUT" source="#mixamorig12_RightUpLeg-Matrix-animation-input"/>
        <input semantic="OUTPUT" source="#mixamorig12_RightUpLeg-Matrix-animation-output-transform"/>
        <input semantic="INTERPOLATION" source="#mixamorig12_RightUpLeg-Interpolations"/>
      </sampler>
      <channel source="#mixamorig12_RightUpLeg-Matrix-animation-transform" target="mixamorig12_RightUpLeg/matrix"/>
    </animation>
    <animation id="mixamorig12_RightLeg-anim" name="mixamorig12_RightLeg">
      <source id="mixamorig12_RightLeg-Matrix-animation-input">
        <float_array id="mixamorig12_RightLeg-Matrix-animation-input-array" count="32">

0.000000 0.033333 0.066667 0.100000 0.133333 0.166667 0.200000 0.233333 0.266667 0.300000 0.333333 0.366667 0.400000 0.433333 0.466667 0.500000
0.533333 0.566667 0.600000 0.633333 0.666667 0.700000 0.733333 0.766667 0.800000 0.833333 0.866667 0.900000 0.933333 0.966667 1.000000 1.033333</float_array>
        <technique_common>
          <accessor source="#mixamorig12_RightLeg-Matrix-animation-input-array" count="32">
            <param name="TIME" type="float"/>
          </accessor>
        </technique_common>
      </source>
      <source id="mixamorig12_RightLeg-Matrix-animation-output-transform">
        <float_array id="mixamorig12_RightLeg-Matrix-animation-output-transform-array" count="512">

0.990269 0.014779 -0.138383 0.000000 0.037742 0.928563 0.369251 42.829399 0.133954 -0.370880 0.918969 0.000000 0.000000 0.000000 0.000000 1.000000
0.987939 0.014289 -0.154181 0.000000 0.039904 0.938604 0.342680 42.829399 0.149611 -0.344699 0.926714 0.000000 0.000000 0.000000 0.000000 1.000000
0.984963 0.009119 -0.172525 0.000000 0.050622 0.939544 0.338665 42.829399 0.165183 -0.342306 0.924955 -0.000000 0.000000 0.000000 0.000000 1.000000
0.980487 -0.000694 -0.196581 -0.000000 0.069250 0.937112 0.342090 42.829399 0.183981 -0.349028 0.918874 0.000000 0.000000 0.000000 0.000000 1.000000
0.976574 -0.010029 -0.214949 0.000000 0.088282 0.929648 0.357715 42.829399 0.196239 -0.368311 0.908756 0.000000 0.000000 0.000000 0.000000 1.000000
0.972811 -0.014712 -0.231134 -0.000000 0.108250 0.911145 0.397613 42.829399 0.204747 -0.411823 0.887964 0.000000 0.000000 0.000000 0.000000 1.000000
0.970606 -0.012053 -0.240373 0.000000 0.119159 0.891811 0.436434 42.829399 0.209107 -0.452248 0.867033 0.000000 0.000000 0.000000 0.000000 1.000000
0.969426 0.001070 -0.245380 0.000000 0.121227 0.867347 0.482714 42.829399 0.213347 -0.497702 0.840699 0.000000 0.000000 0.000000 0.000000 1.000000
0.969512 0.019790 -0.244244 0.000000 0.117912 0.836079 0.535788 42.829399 0.214811 -0.548252 0.808255 0.000000 0.000000 0.000000 0.000000 1.000000
0.973139 0.041279 -0.226489 0.000000 0.097468 0.817401 0.567763 42.829399 0.208569 -0.574588 0.791421 0.000000 0.000000 0.000000 0.000000 1.000000
0.983809 0.050084 -0.172079 0.000000 0.061215 0.808506 0.585295 42.829399 0.168441 -0.586352 0.792350 -0.000000 0.000000 0.000000 0.000000 1.000000
0.996667 0.044577 -0.068317 -0.000000 0.010613 0.759503 0.650417 42.829399 0.080881 -0.648975 0.756499 0.000000 0.000000 0.000000 0.000000 1.000000
0.999287 0.037728 -0.001482 0.000000 -0.024002 0.665047 0.746416 42.829399 0.029146 -0.745848 0.665478 -0.000000 0.000000 0.000000 0.000000 1.000000
0.999391 0.027464 0.021529 -0.000000 -0.033509 0.582982 0.811793 42.829399 0.009744 -0.812020 0.583548 0.000000 0.000000 0.000000 0.000000 1.000000
0.999510 0.013925 0.028049 0.000000 -0.031200 0.519708 0.853774 42.829399 -0.002688 -0.854231 0.519887 -0.000000 0.000000 0.000000 0.000000 1.000000
0.999204 -0.003453 0.039754 0.000000 -0.032088 0.522654 0.851941 42.829399 -0.023720 -0.852538 0.522127 0.000000 0.000000 0.000000 0.000000 1.000000
0.998341 -0.016613 0.055137 0.000000 -0.035180 0.582091 0.812362 42.829399 -0.045591 -0.812954 0.580541 0.000000 0.000000 0.000000 0.000000 1.000000
0.997410 -0.020517 0.068935 0.000000 -0.036332 0.683443 0.729100 42.829399 -0.062072 -0.729716 0.680927 0.000000 0.000000 0.000000 0.000000 1.000000
0.997272 -0.011872 0.072849 0.000000 -0.034698 0.795718 0.604673 42.829399 -0.065145 -0.605551 0.793136 0.000000 0.000000 0.000000 0.000000 1.000000
0.997369 0.004267 0.072360 0.000000 -0.037208 0.886848 0.460560 42.829399 -0.062207 -0.462041 0.884674 0.000000 0.000000 0.000000 0.000000 1.000000
0.997329 0.018613 0.070632 0.000000 -0.039546 0.950602 0.307883 42.829399 -0.061412 -0.309853 0.948799 0.000000 0.000000 0.000000 0.000000 1.000000
0.998362 0.024939 0.051482 0.000000 -0.035773 0.974465 0.221670 42.829399 -0.044639 -0.223149 0.973762 -0.000000 0.000000 0.000000 0.000000 1.000000
0.999182 0.027122 0.029981 0.000000 -0.033993 0.965046 0.259868 42.829399 -0.021885 -0.260674 0.965179 0.000000 0.000000 0.000000 0.000000 1.000000
0.999443 0.028183 0.017850 -0.000000 -0.032901 0.921157 0.387798 42.829399 -0.005514 -0.388169 0.921572 0.000000 0.000000 0.000000 0.000000 1.000000
0.999397 0.031149 0.015336 0.000000 -0.034625 0.861548 0.506494 42.829399 0.002564 -0.506720 0.862107 -0.000000 0.000000 0.000000 0.000000 1.000000
0.999878 0.015481 0.002278 0.000000 -0.014309 0.845691 0.533481 42.829399 0.006333 -0.533449 0.845809 0.000000 0.000000 0.000000 0.000000 1.000000
0.999989 0.000989 -0.004654 0.000000 0.001607 0.850482 0.526002 42.829399 0.004478 -0.526003 0.850471 0.000000 0.000000 0.000000 0.000000 1.000000
0.999942 0.002812 -0.010386 -0.000000 0.003499 0.827826 0.560974 42.829399 0.010176 -0.560978 0.827768 0.000000 0.000000 0.000000 0.000000 1.000000
0.999406 0.008949 -0.033294 0.000000 0.010561 0.839826 0.542753 42.829399 0.032819 -0.542782 0.839232 0.000000 0.000000 0.000000 0.000000 1.000000
0.998049 0.011056 -0.061452 -0.000000 0.021054 0.866970 0.497916 42.829399 0.058782 -0.498238 0.865045 0.000000 0.000000 0.000000 0.000000 1.000000
0.995082 0.013299 -0.098162 -0.000000 0.031611 0.896506 0.441903 42.829399 0.093880 -0.442832 0.891676 -0.000000 0.000000 0.000000 0.000000 1.000000
0.990269 0.014779 -0.138383 -0.000000 0.037743 0.928562 0.369254 42.829399 0.133954 -0.370884 0.918968 0.000000 0.000000 0.000000 0.000000 1.000000</float_array>
        <technique_common>
          <accessor source="#mixamorig12_RightLeg-Matrix-animation-output-transform-array" count="32" stride="16">
            <param type="float4x4"/>
          </accessor>
        </technique_common>
      </source>
      <source id="mixamorig12_RightLeg-Interpolations">
        <Name_array id="mixamorig12_RightLeg-Interpolations-array" count="32">
 LINEAR LINEAR LINEAR LINEAR LINEAR LINEAR LINEAR LINEAR LINEAR LINEAR LINEAR
LINEAR LINEAR LINEAR LINEAR LINEAR LINEAR LINEAR LINEAR LINEAR LINEAR LINEAR LINEAR
LINEAR LINEAR LINEAR LINEAR LINEAR LINEAR LINEAR LINEAR LINEAR</Name_array>
        <technique_common>
          <accessor source="#mixamorig12_RightLeg-Interpolations-array" count="32">
            <param type="name"/>
          </accessor>
        </technique_common>
      </source>
      <sampler id="mixamorig12_RightLeg-Matrix-animation-transform">
        <input semantic="INPUT" source="#mixamorig12_RightLeg-Matrix-animation-input"/>
        <input semantic="OUTPUT" source="#mixamorig12_RightLeg-Matrix-animation-output-transform"/>
        <input semantic="INTERPOLATION" source="#mixamorig12_RightLeg-Interpolations"/>
      </sampler>
      <channel source="#mixamorig12_RightLeg-Matrix-animation-transform" target="mixamorig12_RightLeg/matrix"/>
    </animation>
    <animation id="mixamorig12_RightFoot-anim" name="mixamorig12_RightFoot">
      <source id="mixamorig12_RightFoot-Matrix-animation-input">
        <float_array id="mixamorig12_RightFoot-Matrix-animation-input-array" count="32">

0.000000 0.033333 0.066667 0.100000 0.133333 0.166667 0.200000 0.233333 0.266667 0.300000 0.333333 0.366667 0.400000 0.433333 0.466667 0.500000
0.533333 0.566667 0.600000 0.633333 0.666667 0.700000 0.733333 0.766667 0.800000 0.833333 0.866667 0.900000 0.933333 0.966667 1.000000 1.033333</float_array>
        <technique_common>
          <accessor source="#mixamorig12_RightFoot-Matrix-animation-input-array" count="32">
            <param name="TIME" type="float"/>
          </accessor>
        </technique_common>
      </source>
      <source id="mixamorig12_RightFoot-Matrix-animation-output-transform">
        <float_array id="mixamorig12_RightFoot-Matrix-animation-output-transform-array" count="512">

0.984859 0.151508 -0.084244 -0.000000 -0.127590 0.304531 -0.943918 39.513699 -0.117357 0.940376 0.319251 -0.000000 0.000000 0.000000 0.000000 1.000000
0.984301 0.151396 -0.090725 0.000000 -0.132476 0.294062 -0.946561 39.513699 -0.116627 0.943720 0.309501 -0.000000 0.000000 0.000000 0.000000 1.000000
0.983430 0.151797 -0.099114 0.000000 -0.137415 0.267550 -0.953695 39.513699 -0.118250 0.951512 0.283975 0.000000 0.000000 0.000000 0.000000 1.000000
0.982235 0.152218 -0.109750 -0.000000 -0.143225 0.230199 -0.962546 39.513699 -0.121252 0.961165 0.247911 0.000000 0.000000 0.000000 0.000000 1.000000
0.981477 0.151056 -0.117836 0.000000 -0.146011 0.191581 -0.970555 39.513699 -0.124033 0.969783 0.210088 0.000000 0.000000 0.000000 0.000000 1.000000
0.981362 0.148575 -0.121875 0.000000 -0.146367 0.166958 -0.975039 39.513699 -0.124518 0.974705 0.185593 0.000000 0.000000 0.000000 0.000000 1.000000
0.981460 0.145850 -0.124354 0.000000 -0.147993 0.164383 -0.975231 39.513699 -0.121796 0.975554 0.182920 0.000000 0.000000 0.000000 0.000000 1.000000
0.982521 0.143304 -0.118813 0.000000 -0.145480 0.192906 -0.970373 39.513699 -0.116139 0.970696 0.210382 0.000000 0.000000 0.000000 0.000000 1.000000
0.983884 0.142089 -0.108552 0.000000 -0.145115 0.279804 -0.949026 39.513699 -0.104473 0.949484 0.295914 0.000000 0.000000 0.000000 0.000000 1.000000
0.986744 0.137007 -0.086984 0.000000 -0.143386 0.484966 -0.862698 39.513699 -0.076012 0.863734 0.498182 0.000000 0.000000 0.000000 0.000000 1.000000
0.993403 0.107865 -0.038940 0.000000 -0.106270 0.738240 -0.666114 39.513699 -0.043103 0.665858 0.744833 -0.000000 0.000000 0.000000 0.000000 1.000000
0.992729 0.110839 -0.046938 0.000000 -0.119022 0.845750 -0.520136 39.513699 -0.017954 0.521941 0.852793 0.000000 0.000000 0.000000 0.000000 1.000000
0.984911 0.147357 -0.090754 0.000000 -0.173049 0.844948 -0.506080 39.513699 0.002108 0.514149 0.857699 0.000000 0.000000 0.000000 0.000000 1.000000
0.972990 0.184491 -0.138759 0.000000 -0.230836 0.783606 -0.576781 39.513699 0.002321 0.593233 0.805027 0.000000 0.000000 0.000000 0.000000 1.000000
0.962989 0.203865 -0.176328 0.000000 -0.268585 0.670703 -0.691389 39.513699 -0.022687 0.713159 0.700635 0.000000 0.000000 0.000000 0.000000 1.000000
0.960619 0.200990 -0.191867 0.000000 -0.272523 0.546713 -0.791730 39.513699 -0.054234 0.812839 0.579958 -0.000000 0.000000 0.000000 0.000000 1.000000
0.964111 0.190763 -0.184660 -0.000000 -0.252705 0.446035 -0.858599 39.513699 -0.081424 0.874450 0.478234 0.000000 0.000000 0.000000 0.000000 1.000000
0.968866 0.180075 -0.169916 -0.000000 -0.228742 0.388429 -0.892637 39.513699 -0.094741 0.903712 0.417526 -0.000000 0.000000 0.000000 0.000000 1.000000
0.971686 0.174543 -0.159249 0.000000 -0.212166 0.347969 -0.913183 39.513699 -0.103976 0.921115 0.375149 -0.000000 0.000000 0.000000 0.000000 1.000000
0.976031 0.165245 -0.141623 0.000000 -0.187243 0.305951 -0.933453 39.513699 -0.110919 0.937597 0.329559 0.000000 0.000000 0.000000 0.000000 1.000000
0.985105 0.143729 -0.094393 0.000000 -0.130423 0.266793 -0.954888 39.513699 -0.112062 0.952976 0.281564 0.000000 0.000000 0.000000 0.000000 1.000000
0.992312 0.121708 -0.022457 0.000000 -0.049613 0.224953 -0.973106 39.513699 -0.113383 0.966738 0.229262 0.000000 0.000000 0.000000 0.000000 1.000000
0.993626 0.110446 0.022544 0.000000 0.000582 0.194964 -0.980810 39.513699 -0.112722 0.974572 0.193657 0.000000 0.000000 0.000000 0.000000 1.000000
0.993993 0.108820 0.011649 0.000000 -0.011813 0.212503 -0.977089 39.513699 -0.108802 0.971082 0.212512 0.000000 0.000000 0.000000 0.000000 1.000000
0.994566 0.103991 0.004910 0.000000 -0.031798 0.348347 -0.936826 39.513699 -0.099131 0.931580 0.349761 0.000000 0.000000 0.000000 0.000000 1.000000
0.993995 0.108972 -0.009943 0.000000 -0.061921 0.485233 -0.872190 39.513699 -0.090219 0.867568 0.489067 0.000000 0.000000 0.000000 0.000000 1.000000
0.992595 0.118911 -0.024809 0.000000 -0.085749 0.541261 -0.836471 39.513699 -0.086038 0.832404 0.547449 0.000000 0.000000 0.000000 0.000000 1.000000
0.989903 0.133086 -0.048787 -0.000000 -0.107207 0.477795 -0.871905 39.513699 -0.092728 0.868332 0.487238 -0.000000 0.000000 0.000000 0.000000 1.000000
0.988317 0.139575 -0.061226 0.000000 -0.114527 0.415036 -0.902568 39.513699 -0.100565 0.899035 0.426172 0.000000 0.000000 0.000000 0.000000 1.000000
0.987441 0.143141 -0.066872 0.000000 -0.115569 0.365807 -0.923487 39.513699 -0.107726 0.919617 0.377755 0.000000 0.000000 0.000000 0.000000 1.000000
0.986027 0.148057 -0.076354 0.000000 -0.121793 0.328004 -0.936792 39.513699 -0.113654 0.933002 0.341453 0.000000 0.000000 0.000000 0.000000 1.000000
0.984859 0.151508 -0.084244 0.000000 -0.127590 0.304529 -0.943919 39.513699 -0.117357 0.940376 0.319249 0.000000 0.000000 0.000000 0.000000 1.000000</float_array>
        <technique_common>
          <accessor source="#mixamorig12_RightFoot-Matrix-animation-output-transform-array" count="32" stride="16">
            <param type="float4x4"/>
          </accessor>
        </technique_common>
      </source>
      <source id="mixamorig12_RightFoot-Interpolations">
        <Name_array id="mixamorig12_RightFoot-Interpolations-array" count="32">
 LINEAR LINEAR LINEAR LINEAR LINEAR LINEAR LINEAR LINEAR LINEAR LINEAR LINEAR
LINEAR LINEAR LINEAR LINEAR LINEAR LINEAR LINEAR LINEAR LINEAR LINEAR LINEAR LINEAR
LINEAR LINEAR LINEAR LINEAR LINEAR LINEAR LINEAR LINEAR LINEAR</Name_array>
        <technique_common>
          <accessor source="#mixamorig12_RightFoot-Interpolations-array" count="32">
            <param type="name"/>
          </accessor>
        </technique_common>
      </source>
      <sampler id="mixamorig12_RightFoot-Matrix-animation-transform">
        <input semantic="INPUT" source="#mixamorig12_RightFoot-Matrix-animation-input"/>
        <input semantic="OUTPUT" source="#mixamorig12_RightFoot-Matrix-animation-output-transform"/>
        <input semantic="INTERPOLATION" source="#mixamorig12_RightFoot-Interpolations"/>
      </sampler>
      <channel source="#mixamorig12_RightFoot-Matrix-animation-transform" target="mixamorig12_RightFoot/matrix"/>
    </animation>
    <animation id="mixamorig12_RightToeBase-anim" name="mixamorig12_RightToeBase">
      <source id="mixamorig12_RightToeBase-Matrix-animation-input">
        <float_array id="mixamorig12_RightToeBase-Matrix-animation-input-array" count="32">

0.000000 0.033333 0.066667 0.100000 0.133333 0.166667 0.200000 0.233333 0.266667 0.300000 0.333333 0.366667 0.400000 0.433333 0.466667 0.500000
0.533333 0.566667 0.600000 0.633333 0.666667 0.700000 0.733333 0.766667 0.800000 0.833333 0.866667 0.900000 0.933333 0.966667 1.000000 1.033333</float_array>
        <technique_common>
          <accessor source="#mixamorig12_RightToeBase-Matrix-animation-input-array" count="32">
            <param name="TIME" type="float"/>
          </accessor>
        </technique_common>
      </source>
      <source id="mixamorig12_RightToeBase-Matrix-animation-output-transform">
        <float_array id="mixamorig12_RightToeBase-Matrix-animation-output-transform-array" count="512">

0.975000 0.124276 0.184201 0.000000 0.012140 0.797942 -0.602613 20.188000 -0.221872 0.589784 0.776485 0.000000 0.000000 0.000000 0.000000 1.000000
0.975317 0.124843 0.182128 0.000000 0.011598 0.794722 -0.606863 20.188000 -0.220504 0.593996 0.773658 0.000000 0.000000 0.000000 0.000000 1.000000
0.974979 0.126865 0.182543 0.000000 0.010766 0.793249 -0.608802 20.188000 -0.222037 0.595534 0.772036 -0.000000 0.000000 0.000000 0.000000 1.000000
0.974103 0.131781 0.183732 0.000000 0.011698 0.782132 -0.623003 20.188000 -0.225803 0.609018 0.760335 -0.000000 0.000000 0.000000 0.000000 1.000000
0.972479 0.142092 0.184649 0.000000 0.015607 0.751005 -0.660112 20.188000 -0.232469 0.644826 0.728119 0.000000 0.000000 0.000000 0.000000 1.000000
0.970670 0.153430 0.185094 0.000000 0.028297 0.691625 -0.721702 20.188000 -0.238747 0.705772 0.666997 0.000000 0.000000 0.000000 0.000000 1.000000
0.967278 0.166630 0.191333 0.000000 0.050386 0.612936 -0.788525 20.188000 -0.248667 0.772363 0.584483 0.000000 0.000000 0.000000 0.000000 1.000000
0.961396 0.190561 0.198505 0.000000 0.083431 0.485570 -0.870208 20.188000 -0.262215 0.853176 0.450926 0.000000 0.000000 0.000000 0.000000 1.000000
0.952298 0.224116 0.207124 0.000000 0.145118 0.264495 -0.953406 20.188000 -0.268457 0.937984 0.219355 0.000000 0.000000 0.000000 0.000000 1.000000
0.936902 0.272314 0.219224 0.000000 0.255713 -0.106224 -0.960899 20.188000 -0.238380 0.956327 -0.169156 0.000000 0.000000 0.000000 0.000000 1.000000
0.893020 0.342005 0.292484 0.000000 0.421727 -0.409214 -0.809129 20.188000 -0.157038 0.845917 -0.509669 0.000000 0.000000 0.000000 0.000000 1.000000
0.891091 0.303239 0.337643 0.000000 0.402193 -0.183019 -0.897076 20.188000 -0.210234 0.935174 -0.285047 0.000000 0.000000 0.000000 0.000000 1.000000
0.850701 0.233612 0.470885 0.000000 0.331892 0.455958 -0.825803 20.188000 -0.407621 0.858794 0.310350 -0.000000 0.000000 0.000000 0.000000 1.000000
0.877932 0.220287 0.425099 0.000000 0.211399 0.618287 -0.756988 20.188000 -0.429587 0.754450 0.496246 -0.000000 0.000000 0.000000 0.000000 1.000000
0.821633 0.333882 0.461999 -0.000000 0.272795 0.481338 -0.833004 20.188000 -0.500503 0.810454 0.304402 0.000000 0.000000 0.000000 0.000000 1.000000
0.848578 0.321956 0.419833 0.000000 0.217632 0.510870 -0.831654 20.188000 -0.482236 0.797093 0.363445 0.000000 0.000000 0.000000 0.000000 1.000000
0.892559 0.226831 0.389726 0.000000 0.143655 0.676205 -0.722572 20.188000 -0.427437 0.700924 0.570967 0.000000 0.000000 0.000000 0.000000 1.000000
0.955069 0.166373 0.245280 -0.000000 0.036442 0.755381 -0.654271 20.188000 -0.294133 0.633813 0.715379 0.000000 0.000000 0.000000 0.000000 1.000000
0.962250 0.162791 0.218114 0.000000 0.026007 0.742734 -0.669082 20.188000 -0.270921 0.649496 0.710462 0.000000 0.000000 0.000000 0.000000 1.000000
0.966163 0.149459 0.210219 -0.000000 0.033701 0.734876 -0.677364 20.188000 -0.255723 0.661528 0.704972 0.000000 0.000000 0.000000 0.000000 1.000000
0.968646 0.155012 0.194155 -0.000000 0.024445 0.718224 -0.695382 20.188000 -0.247240 0.678326 0.691916 0.000000 0.000000 0.000000 0.000000 1.000000
0.965211 0.150398 0.213886 0.000000 0.049947 0.696893 -0.715434 20.188000 -0.256656 0.701228 0.665137 -0.000000 0.000000 0.000000 0.000000 1.000000
0.972525 0.129596 0.193391 -0.000000 0.043893 0.713748 -0.699026 20.188000 -0.228624 0.688308 0.688450 0.000000 0.000000 0.000000 0.000000 1.000000
0.974747 0.127868 0.183078 0.000000 0.055926 0.653927 -0.754488 20.188000 -0.216195 0.745674 0.630262 -0.000000 0.000000 0.000000 0.000000 1.000000
0.969323 0.145720 0.197934 -0.000000 0.071461 0.603430 -0.794207 20.188000 -0.235171 0.783988 0.574506 -0.000000 0.000000 0.000000 0.000000 1.000000
0.971181 0.132345 0.198221 0.000000 0.037578 0.736241 -0.675675 20.188000 -0.235361 0.663651 0.710051 -0.000000 0.000000 0.000000 0.000000 1.000000
0.975865 0.120150 0.182352 0.000000 0.006120 0.819660 -0.572817 20.188000 -0.218291 0.560108 0.799142 -0.000000 0.000000 0.000000 0.000000 1.000000
0.975153 0.124287 0.183382 -0.000000 0.015209 0.788278 -0.615131 20.188000 -0.221009 0.602636 0.766802 0.000000 0.000000 0.000000 0.000000 1.000000
0.974978 0.124753 0.183999 0.000000 0.013703 0.792393 -0.609857 20.188000 -0.221881 0.597119 0.770856 -0.000000 0.000000 0.000000 0.000000 1.000000
0.974952 0.124517 0.184294 0.000000 0.011520 0.799218 -0.600931 20.188000 -0.222117 0.588002 0.777765 0.000000 0.000000 0.000000 0.000000 1.000000
0.974960 0.124456 0.184294 0.000000 0.011613 0.799104 -0.601080 20.188000 -0.222078 0.588169 0.777649 0.000000 0.000000 0.000000 0.000000 1.000000
0.975000 0.124276 0.184201 0.000000 0.012140 0.797941 -0.602613 20.188000 -0.221872 0.589784 0.776484 -0.000000 0.000000 0.000000 0.000000 1.000000</float_array>
        <technique_common>
          <accessor source="#mixamorig12_RightToeBase-Matrix-animation-output-transform-array" count="32" stride="16">
            <param type="float4x4"/>
          </accessor>
        </technique_common>
      </source>
      <source id="mixamorig12_RightToeBase-Interpolations">
        <Name_array id="mixamorig12_RightToeBase-Interpolations-array" count="32">
 LINEAR LINEAR LINEAR LINEAR LINEAR LINEAR LINEAR LINEAR LINEAR LINEAR LINEAR
LINEAR LINEAR LINEAR LINEAR LINEAR LINEAR LINEAR LINEAR LINEAR LINEAR LINEAR LINEAR
LINEAR LINEAR LINEAR LINEAR LINEAR LINEAR LINEAR LINEAR LINEAR</Name_array>
        <technique_common>
          <accessor source="#mixamorig12_RightToeBase-Interpolations-array" count="32">
            <param type="name"/>
          </accessor>
        </technique_common>
      </source>
      <sampler id="mixamorig12_RightToeBase-Matrix-animation-transform">
        <input semantic="INPUT" source="#mixamorig12_RightToeBase-Matrix-animation-input"/>
        <input semantic="OUTPUT" source="#mixamorig12_RightToeBase-Matrix-animation-output-transform"/>
        <input semantic="INTERPOLATION" source="#mixamorig12_RightToeBase-Interpolations"/>
      </sampler>
      <channel source="#mixamorig12_RightToeBase-Matrix-animation-transform" target="mixamorig12_RightToeBase/matrix"/>
    </animation>
  </library_animations>
  <library_visual_scenes>
    <visual_scene id="RootNode" name="RootNode">
      <node id="mixamorig12_Hips" name="mixamorig12_Hips" sid="mixamorig12_Hips" type="JOINT">
        <matrix sid="matrix">0.998602 0.024613 0.046770 -0.125531 -0.023805 0.999559 -0.017751 97.919441 -0.047187 0.016612 0.998748 0.364489 0.000000 0.000000 0.000000 1.000000</matrix>
        <node id="mixamorig12_Spine" name="mixamorig12_Spine" sid="mixamorig12_Spine" type="JOINT">
          <matrix sid="matrix">0.999977 -0.003105 0.006026 0.000000 0.002449 0.994373 0.105909 10.052400 -0.006321 -0.105891 0.994358 -1.105100 0.000000 0.000000 0.000000 1.000000</matrix>
          <node id="mixamorig12_Spine1" name="mixamorig12_Spine1" sid="mixamorig12_Spine1" type="JOINT">
            <matrix sid="matrix">0.999889 -0.009941 0.011065 0.000000 0.010016 0.999927 -0.006716 11.798400 -0.010997 0.006826 0.999916 -0.000000 0.000000 0.000000 0.000000 1.000000</matrix>
            <node id="mixamorig12_Spine2" name="mixamorig12_Spine2" sid="mixamorig12_Spine2" type="JOINT">
              <matrix sid="matrix">0.999889 -0.009941 0.011065 0.000000 0.010016 0.999927 -0.006716 13.483900 -0.010997 0.006826 0.999916 -0.000000 0.000000 0.000000 0.000000 1.000000</matrix>
              <node id="mixamorig12_Neck" name="mixamorig12_Neck" sid="mixamorig12_Neck" type="JOINT">
                <matrix sid="matrix">0.999972 0.007031 -0.002654 -0.000000 -0.007279 0.993985 -0.109271 15.169400 0.001870 0.109288 0.994008 0.000000 0.000000 0.000000 0.000000 1.000000</matrix>
                <node id="mixamorig12_Head" name="mixamorig12_Head" sid="mixamorig12_Head" type="JOINT">
                  <matrix sid="matrix">0.999972 0.007031 -0.002654 0.000000 -0.007031 0.999975 0.000006 7.383900 0.002654 0.000012 0.999996 2.849900 0.000000 0.000000 0.000000 1.000000</matrix>
                  <node id="mixamorig12_HeadTop_End" name="mixamorig12_HeadTop_End" sid="mixamorig12_HeadTop_End" type="JOINT">
                    <matrix sid="matrix">1.000000 -0.000000 0.000000 0.000000 0.000000 1.000000 -0.000000 18.238600 0.000000 -0.000000 1.000000 7.039300 0.000000 0.000000 0.000000 1.000000</matrix>
                  </node>
                </node>
              </node>
              <node id="mixamorig12_LeftShoulder" name="mixamorig12_LeftShoulder" sid="mixamorig12_LeftShoulder" type="JOINT">
                <matrix sid="matrix">0.189458 0.804164 -0.563406 7.052500 0.022617 -0.577220 -0.816275 13.015400 -0.981628 0.141907 -0.127546 -0.256200 0.000000 0.000000 0.000000 1.000000</matrix>
                <node id="mixamorig12_LeftArm" name="mixamorig12_LeftArm" sid="mixamorig12_LeftArm" type="JOINT">
                  <matrix sid="matrix">0.985739 0.051062 -0.160347 0.000000 -0.131131 0.830253 -0.541743 14.673100 0.105466 0.555044 0.825108 0.000000 0.000000 0.000000 0.000000 1.000000</matrix>
                  <node id="mixamorig12_LeftForeArm" name="mixamorig12_LeftForeArm" sid="mixamorig12_LeftForeArm" type="JOINT">
                    <matrix sid="matrix">0.818920 -0.444830 0.362625 -0.000000 0.517703 0.845280 -0.132235 25.314699 -0.247697 0.296021 0.922506 0.000000 0.000000 0.000000 0.000000 1.000000</matrix>
                    <node id="mixamorig12_LeftHand" name="mixamorig12_LeftHand" sid="mixamorig12_LeftHand" type="JOINT">
                      <matrix sid="matrix">0.917335 -0.136780 0.373882 0.000000 0.062743 0.977062 0.203503 23.166300 -0.393141 -0.163222 0.904875 -0.000000 0.000000 0.000000 0.000000 1.000000</matrix>
                      <node id="mixamorig12_LeftHandThumb1" name="mixamorig12_LeftHandThumb1" sid="mixamorig12_LeftHandThumb1" type="JOINT">
                        <matrix sid="matrix">0.960737 -0.258472 0.100884 -3.017700 0.272659 0.812121 -0.515864 3.212600 0.051406 0.523117 0.850709 1.474900 0.000000 0.000000 0.000000 1.000000</matrix>
                        <node id="mixamorig12_LeftHandThumb2" name="mixamorig12_LeftHandThumb2" sid="mixamorig12_LeftHandThumb2" type="JOINT">
                          <matrix sid="matrix">0.995829 -0.090809 -0.008821 -0.690900 0.090964 0.995671 0.019076 3.653500 0.007051 -0.019799 0.999779 0.000000 0.000000 0.000000 0.000000 1.000000</matrix>
                          <node id="mixamorig12_LeftHandThumb3" name="mixamorig12_LeftHandThumb3" sid="mixamorig12_LeftHandThumb3" type="JOINT">
                            <matrix sid="matrix">0.982193 -0.187580 -0.010521 0.108400 0.187594 0.982247 0.000346 3.292700 0.010269 -0.002314 0.999945 0.000000 0.000000 0.000000 0.000000 1.000000</matrix>
                            <node id="mixamorig12_LeftHandThumb4" name="mixamorig12_LeftHandThumb4" sid="mixamorig12_LeftHandThumb4" type="JOINT">
                              <matrix sid="matrix">1.000000 0.000000 0.000000 0.582500 -0.000000 1.000000 0.000000 2.585200 0.000000 -0.000000 1.000000 -0.000000 0.000000 0.000000 0.000000 1.000000</matrix>
                            </node>
                          </node>
                        </node>
                      </node>
                      <node id="mixamorig12_LeftHandIndex1" name="mixamorig12_LeftHandIndex1" sid="mixamorig12_LeftHandIndex1" type="JOINT">
                        <matrix sid="matrix">0.987357 -0.132438 0.087101 -3.501100 0.156969 0.740396 -0.653585 9.864400 0.022070 0.658994 0.751824 0.216000 0.000000 0.000000 0.000000 1.000000</matrix>
                        <node id="mixamorig12_LeftHandIndex2" name="mixamorig12_LeftHandIndex2" sid="mixamorig12_LeftHandIndex2" type="JOINT">
                          <matrix sid="matrix">0.996243 -0.079857 0.033516 0.016400 0.044053 0.134078 -0.989991 3.305100 0.074564 0.987748 0.137092 0.000000 0.000000 0.000000 0.000000 1.000000</matrix>
                          <node id="mixamorig12_LeftHandIndex3" name="mixamorig12_LeftHandIndex3" sid="mixamorig12_LeftHandIndex3" type="JOINT">
                            <matrix sid="matrix">0.999992 -0.004066 0.000187 -0.014600 0.004066 0.999992 0.000001 3.109900 -0.000187 0.000000 1.000000 0.000000 0.000000 0.000000 0.000000 1.000000</matrix>
                            <node id="mixamorig12_LeftHandIndex4" name="mixamorig12_LeftHandIndex4" sid="mixamorig12_LeftHandIndex4" type="JOINT">
                              <matrix sid="matrix">1.000000 0.000000 0.000000 -0.001700 0.000000 1.000000 0.000000 2.704700 -0.000000 -0.000000 1.000000 0.000000 0.000000 0.000000 0.000000 1.000000</matrix>
                            </node>
                          </node>
                        </node>
                      </node>
                      <node id="mixamorig12_LeftHandMiddle1" name="mixamorig12_LeftHandMiddle1" sid="mixamorig12_LeftHandMiddle1" type="JOINT">
                        <matrix sid="matrix">0.975337 -0.196019 0.101461 -1.042600 0.181954 0.453845 -0.872306 10.180700 0.124941 0.869253 0.478318 -0.340600 0.000000 0.000000 0.000000 1.000000</matrix>
                        <node id="mixamorig12_LeftHandMiddle2" name="mixamorig12_LeftHandMiddle2" sid="mixamorig12_LeftHandMiddle2" type="JOINT">
                          <matrix sid="matrix">0.992666 -0.083384 0.087532 0.007600 0.067458 -0.218791 -0.973437 3.497100 0.100321 0.972202 -0.211562 0.000000 0.000000 0.000000 0.000000 1.000000</matrix>
                          <node id="mixamorig12_LeftHandMiddle3" name="mixamorig12_LeftHandMiddle3" sid="mixamorig12_LeftHandMiddle3" type="JOINT">
                            <matrix sid="matrix">0.999989 -0.004605 0.000120 -0.011100 0.004605 0.999989 0.000000 3.263000 -0.000120 0.000000 1.000000 0.000000 0.000000 0.000000 0.000000 1.000000</matrix>
                            <node id="mixamorig12_LeftHandMiddle4" name="mixamorig12_LeftHandMiddle4" sid="mixamorig12_LeftHandMiddle4" type="JOINT">
                              <matrix sid="matrix">1.000000 0.000000 0.000000 0.003500 0.000000 1.000000 0.000000 2.907900 -0.000000 0.000000 1.000000 0.000000 0.000000 0.000000 0.000000 1.000000</matrix>
                            </node>
                          </node>
                        </node>
                      </node>
                      <node id="mixamorig12_LeftHandRing1" name="mixamorig12_LeftHandRing1" sid="mixamorig12_LeftHandRing1" type="JOINT">
                        <matrix sid="matrix">0.981032 -0.180763 -0.070011 1.076700 0.018222 0.445563 -0.895065 9.905900 0.192989 0.876811 0.440406 -0.219800 0.000000 0.000000 0.000000 1.000000</matrix>
                        <node id="mixamorig12_LeftHandRing2" name="mixamorig12_LeftHandRing2" sid="mixamorig12_LeftHandRing2" type="JOINT">
                          <matrix sid="matrix">0.998410 -0.022174 0.051821 -0.001100 0.044115 -0.264862 -0.963277 3.012300 0.035085 0.964031 -0.263463 -0.000000 0.000000 0.000000 0.000000 1.000000</matrix>
                          <node id="mixamorig12_LeftHandRing3" name="mixamorig12_LeftHandRing3" sid="mixamorig12_LeftHandRing3" type="JOINT">
                            <matrix sid="matrix">0.999988 -0.004877 -0.000070 -0.005900 0.004877 0.999988 -0.000000 2.898900 0.000070 -0.000000 1.000000 0.000000 0.000000 0.000000 0.000000 1.000000</matrix>
                            <node id="mixamorig12_LeftHandRing4" name="mixamorig12_LeftHandRing4" sid="mixamorig12_LeftHandRing4" type="JOINT">
                              <matrix sid="matrix">1.000000 0.000000 0.000000 0.007000 -0.000000 1.000000 0.000000 2.463300 0.000000 -0.000000 1.000000 0.000000 0.000000 0.000000 0.000000 1.000000</matrix>
                            </node>
                          </node>
                        </node>
                      </node>
                      <node id="mixamorig12_LeftHandPinky1" name="mixamorig12_LeftHandPinky1" sid="mixamorig12_LeftHandPinky1" type="JOINT">
                        <matrix sid="matrix">0.966940 -0.224240 -0.121421 3.467000 -0.053882 0.285740 -0.956791 9.302800 0.249246 0.931702 0.264211 0.041400 0.000000 0.000000 0.000000 1.000000</matrix>
                        <node id="mixamorig12_LeftHandPinky2" name="mixamorig12_LeftHandPinky2" sid="mixamorig12_LeftHandPinky2" type="JOINT">
                          <matrix sid="matrix">0.996849 0.011940 0.078421 0.005000 0.079248 -0.106574 -0.991142 2.730500 -0.003476 0.994233 -0.107184 0.000000 0.000000 0.000000 0.000000 1.000000</matrix>
                          <node id="mixamorig12_LeftHandPinky3" name="mixamorig12_LeftHandPinky3" sid="mixamorig12_LeftHandPinky3" type="JOINT">
                            <matrix sid="matrix">0.999983 -0.005901 0.000184 -0.008500 0.005901 0.999983 0.000001 2.134500 -0.000184 0.000000 1.000000 -0.000000 0.000000 0.000000 0.000000 1.000000</matrix>
                            <node id="mixamorig12_LeftHandPinky4" name="mixamorig12_LeftHandPinky4" sid="mixamorig12_LeftHandPinky4" type="JOINT">
                              <matrix sid="matrix">1.000000 0.000000 0.000000 0.003500 0.000000 1.000000 -0.000000 1.824400 0.000000 0.000000 1.000000 0.000000 0.000000 0.000000 0.000000 1.000000</matrix>
                            </node>
                          </node>
                        </node>
                      </node>
                    </node>
                  </node>
                </node>
              </node>
              <node id="mixamorig12_RightShoulder" name="mixamorig12_RightShoulder" sid="mixamorig12_RightShoulder" type="JOINT">
                <matrix sid="matrix">0.066157 -0.813606 0.577640 -7.052500 -0.039210 -0.580581 -0.813258 13.011200 0.997039 0.031154 -0.070311 -0.217900 0.000000 0.000000 0.000000 1.000000</matrix>
                <node id="mixamorig12_RightArm" name="mixamorig12_RightArm" sid="mixamorig12_RightArm" type="JOINT">
                  <matrix sid="matrix">0.924744 -0.268864 0.269371 0.000000 0.375812 0.756865 -0.534715 14.673100 -0.060112 0.595708 0.800949 -0.000000 0.000000 0.000000 0.000000 1.000000</matrix>
                  <node id="mixamorig12_RightForeArm" name="mixamorig12_RightForeArm" sid="mixamorig12_RightForeArm" type="JOINT">
                    <matrix sid="matrix">0.900095 0.337319 -0.275762 0.000000 -0.399462 0.891611 -0.213215 25.323500 0.173951 0.302070 0.937281 0.000000 0.000000 0.000000 0.000000 1.000000</matrix>
                    <node id="mixamorig12_RightHand" name="mixamorig12_RightHand" sid="mixamorig12_RightHand" type="JOINT">
                      <matrix sid="matrix">0.892143 0.009195 -0.451660 0.000000 0.040719 0.994086 0.100668 23.170700 0.449915 -0.108201 0.886493 0.000000 0.000000 0.000000 0.000000 1.000000</matrix>
                      <node id="mixamorig12_RightHandThumb1" name="mixamorig12_RightHandThumb1" sid="mixamorig12_RightHandThumb1" type="JOINT">
                        <matrix sid="matrix">0.943678 0.327767 -0.045177 2.969900 -0.322686 0.881556 -0.344575 3.193500 -0.073114 0.339746 0.937671 1.365400 0.000000 0.000000 0.000000 1.000000</matrix>
                        <node id="mixamorig12_RightHandThumb2" name="mixamorig12_RightHandThumb2" sid="mixamorig12_RightHandThumb2" type="JOINT">
                          <matrix sid="matrix">0.922338 -0.110331 -0.370296 0.624700 0.042101 0.981356 -0.187531 3.602100 0.384083 0.157377 0.909787 0.000000 0.000000 0.000000 0.000000 1.000000</matrix>
                          <node id="mixamorig12_RightHandThumb3" name="mixamorig12_RightHandThumb3" sid="mixamorig12_RightHandThumb3" type="JOINT">
                            <matrix sid="matrix">0.981711 0.190142 0.009466 -0.063800 -0.190152 0.981755 0.000180 3.361700 -0.009259 -0.001976 0.999955 0.000000 0.000000 0.000000 0.000000 1.000000</matrix>
                            <node id="mixamorig12_RightHandThumb4" name="mixamorig12_RightHandThumb4" sid="mixamorig12_RightHandThumb4" type="JOINT">
                              <matrix sid="matrix">1.000000 -0.000000 0.000000 -0.560900 -0.000000 1.000000 0.000000 2.627800 0.000000 0.000000 1.000000 -0.000000 0.000000 0.000000 0.000000 1.000000</matrix>
                            </node>
                          </node>
                        </node>
                      </node>
                      <node id="mixamorig12_RightHandIndex1" name="mixamorig12_RightHandIndex1" sid="mixamorig12_RightHandIndex1" type="JOINT">
                        <matrix sid="matrix">0.996221 0.085620 -0.014608 3.641700 -0.076216 0.781063 -0.619784 9.956100 -0.041656 0.618555 0.784637 0.193800 0.000000 0.000000 0.000000 1.000000</matrix>
                        <node id="mixamorig12_RightHandIndex2" name="mixamorig12_RightHandIndex2" sid="mixamorig12_RightHandIndex2" type="JOINT">
                          <matrix sid="matrix">0.997767 0.061358 0.026386 -0.023100 0.000375 0.389894 -0.920860 3.278000 -0.066789 0.918813 0.389000 -0.000000 0.000000 0.000000 0.000000 1.000000</matrix>
                          <node id="mixamorig12_RightHandIndex3" name="mixamorig12_RightHandIndex3" sid="mixamorig12_RightHandIndex3" type="JOINT">
                            <matrix sid="matrix">1.000000 0.000669 -0.000032 0.013400 -0.000669 1.000000 0.000000 3.051500 0.000032 -0.000000 1.000000 0.000000 0.000000 0.000000 0.000000 1.000000</matrix>
                            <node id="mixamorig12_RightHandIndex4" name="mixamorig12_RightHandIndex4" sid="mixamorig12_RightHandIndex4" type="JOINT">
                              <matrix sid="matrix">1.000000 0.000000 0.000000 0.009600 0.000000 1.000000 -0.000000 2.579100 -0.000000 0.000000 1.000000 -0.000000 0.000000 0.000000 0.000000 1.000000</matrix>
                            </node>
                          </node>
                        </node>
                      </node>
                      <node id="mixamorig12_RightHandMiddle1" name="mixamorig12_RightHandMiddle1" sid="mixamorig12_RightHandMiddle1" type="JOINT">
                        <matrix sid="matrix">0.993357 0.114895 -0.006473 1.038400 -0.081689 0.664417 -0.742884 9.989300 -0.081053 0.738478 0.669389 -0.247200 0.000000 0.000000 0.000000 1.000000</matrix>
                        <node id="mixamorig12_RightHandMiddle2" name="mixamorig12_RightHandMiddle2" sid="mixamorig12_RightHandMiddle2" type="JOINT">
                          <matrix sid="matrix">0.995931 0.088164 0.018688 -0.013500 -0.007531 0.288059 -0.957583 3.435300 -0.089808 0.953546 0.287551 0.000000 0.000000 0.000000 0.000000 1.000000</matrix>
                          <node id="mixamorig12_RightHandMiddle3" name="mixamorig12_RightHandMiddle3" sid="mixamorig12_RightHandMiddle3" type="JOINT">
                            <matrix sid="matrix">0.999965 0.008390 -0.000262 0.020800 -0.008390 0.999965 0.000002 3.475500 0.000262 0.000000 1.000000 0.000000 0.000000 0.000000 0.000000 1.000000</matrix>
                            <node id="mixamorig12_RightHandMiddle4" name="mixamorig12_RightHandMiddle4" sid="mixamorig12_RightHandMiddle4" type="JOINT">
                              <matrix sid="matrix">1.000000 0.000000 0.000000 -0.007200 0.000000 1.000000 -0.000000 2.993600 -0.000000 -0.000000 1.000000 -0.000000 0.000000 0.000000 0.000000 1.000000</matrix>
                            </node>
                          </node>
                        </node>
                      </node>
                      <node id="mixamorig12_RightHandRing1" name="mixamorig12_RightHandRing1" sid="mixamorig12_RightHandRing1" type="JOINT">
                        <matrix sid="matrix">0.988584 0.134642 -0.067621 -1.206800 -0.141307 0.672790 -0.726214 10.298900 -0.052284 0.727479 0.684135 -0.178400 0.000000 0.000000 0.000000 1.000000</matrix>
                        <node id="mixamorig12_RightHandRing2" name="mixamorig12_RightHandRing2" sid="mixamorig12_RightHandRing2" type="JOINT">
                          <matrix sid="matrix">0.996034 0.037929 -0.080485 -0.002100 -0.085588 0.161246 -0.983196 2.845300 -0.024314 0.986185 0.163853 0.000000 0.000000 0.000000 0.000000 1.000000</matrix>
                          <node id="mixamorig12_RightHandRing3" name="mixamorig12_RightHandRing3" sid="mixamorig12_RightHandRing3" type="JOINT">
                            <matrix sid="matrix">0.999942 0.010750 0.000017 0.014900 -0.010750 0.999942 0.000000 2.811500 -0.000017 -0.000000 1.000000 0.000000 0.000000 0.000000 0.000000 1.000000</matrix>
                            <node id="mixamorig12_RightHandRing4" name="mixamorig12_RightHandRing4" sid="mixamorig12_RightHandRing4" type="JOINT">
                              <matrix sid="matrix">1.000000 0.000000 -0.000000 -0.012800 0.000000 1.000000 -0.000000 2.348500 0.000000 -0.000000 1.000000 0.000000 0.000000 0.000000 0.000000 1.000000</matrix>
                            </node>
                          </node>
                        </node>
                      </node>
                      <node id="mixamorig12_RightHandPinky1" name="mixamorig12_RightHandPinky1" sid="mixamorig12_RightHandPinky1" type="JOINT">
                        <matrix sid="matrix">0.977701 0.184544 -0.100217 -3.473300 -0.202978 0.708080 -0.676330 9.218100 -0.053851 0.681591 0.729749 0.057700 0.000000 0.000000 0.000000 1.000000</matrix>
                        <node id="mixamorig12_RightHandPinky2" name="mixamorig12_RightHandPinky2" sid="mixamorig12_RightHandPinky2" type="JOINT">
                          <matrix sid="matrix">0.987909 0.034562 -0.151130 -0.012700 -0.152615 0.045333 -0.987246 2.744700 -0.027270 0.998374 0.050059 0.000000 0.000000 0.000000 0.000000 1.000000</matrix>
                          <node id="mixamorig12_RightHandPinky3" name="mixamorig12_RightHandPinky3" sid="mixamorig12_RightHandPinky3" type="JOINT">
                            <matrix sid="matrix">0.999980 0.006251 -0.000352 0.013400 -0.006251 0.999980 0.000002 2.277600 0.000352 -0.000000 1.000000 0.000000 0.000000 0.000000 0.000000 1.000000</matrix>
                            <node id="mixamorig12_RightHandPinky4" name="mixamorig12_RightHandPinky4" sid="mixamorig12_RightHandPinky4" type="JOINT">
                              <matrix sid="matrix">1.000000 -0.000000 -0.000000 -0.000700 -0.000000 1.000000 0.000000 1.904100 0.000000 0.000000 1.000000 0.000000 0.000000 0.000000 0.000000 1.000000</matrix>
                            </node>
                          </node>
                        </node>
                      </node>
                    </node>
                  </node>
                </node>
              </node>
            </node>
          </node>
        </node>
        <node id="mixamorig12_LeftUpLeg" name="mixamorig12_LeftUpLeg" sid="mixamorig12_LeftUpLeg" type="JOINT">
          <matrix sid="matrix">-0.988587 0.110967 0.101893 9.816000 -0.058921 -0.907271 0.416399 -5.592400 0.138651 0.405643 0.903454 -0.310700 0.000000 0.000000 0.000000 1.000000</matrix>
          <node id="mixamorig12_LeftLeg" name="mixamorig12_LeftLeg" sid="mixamorig12_LeftLeg" type="JOINT">
            <matrix sid="matrix">0.999787 -0.011192 0.017364 0.000000 -0.011238 0.410624 0.911736 42.845699 -0.017334 -0.911736 0.410411 0.000000 0.000000 0.000000 0.000000 1.000000</matrix>
            <node id="mixamorig12_LeftFoot" name="mixamorig12_LeftFoot" sid="mixamorig12_LeftFoot" type="JOINT">
              <matrix sid="matrix">0.992686 -0.118624 -0.022419 -0.000000 0.036474 0.471731 -0.880988 39.384102 0.115082 0.873727 0.472607 0.000000 0.000000 0.000000 0.000000 1.000000</matrix>
              <node id="mixamorig12_LeftToeBase" name="mixamorig12_LeftToeBase" sid="mixamorig12_LeftToeBase" type="JOINT">
                <matrix sid="matrix">0.989199 -0.066635 -0.130557 -0.000000 -0.027239 0.791614 -0.610413 19.011600 0.144025 0.607377 0.781249 0.000000 0.000000 0.000000 0.000000 1.000000</matrix>
                <node id="mixamorig12_LeftToe_End" name="mixamorig12_LeftToe_End" sid="mixamorig12_LeftToe_End" type="JOINT">
                  <matrix sid="matrix">1.000000 0.000000 -0.000000 -0.000000 0.000000 1.000000 0.000000 7.844000 -0.000000 -0.000000 1.000000 0.000000 0.000000 0.000000 0.000000 1.000000</matrix>
                </node>
              </node>
            </node>
          </node>
        </node>
        <node id="mixamorig12_RightUpLeg" name="mixamorig12_RightUpLeg" sid="mixamorig12_RightUpLeg" type="JOINT">
          <matrix sid="matrix">-0.987534 0.053883 -0.147894 -9.816000 -0.080196 -0.980725 0.178179 -5.592400 -0.135442 0.187818 0.972821 -0.356000 0.000000 0.000000 0.000000 1.000000</matrix>
          <node id="mixamorig12_RightLeg" name="mixamorig12_RightLeg" sid="mixamorig12_RightLeg" type="JOINT">
            <matrix sid="matrix">0.990269 0.014779 -0.138383 0.000000 0.037742 0.928563 0.369251 42.829399 0.133954 -0.370880 0.918969 0.000000 0.000000 0.000000 0.000000 1.000000</matrix>
            <node id="mixamorig12_RightFoot" name="mixamorig12_RightFoot" sid="mixamorig12_RightFoot" type="JOINT">
              <matrix sid="matrix">0.984859 0.151508 -0.084244 -0.000000 -0.127590 0.304531 -0.943918 39.513699 -0.117357 0.940376 0.319251 -0.000000 0.000000 0.000000 0.000000 1.000000</matrix>
              <node id="mixamorig12_RightToeBase" name="mixamorig12_RightToeBase" sid="mixamorig12_RightToeBase" type="JOINT">
                <matrix sid="matrix">0.975000 0.124276 0.184201 0.000000 0.012140 0.797942 -0.602613 20.188000 -0.221872 0.589784 0.776485 0.000000 0.000000 0.000000 0.000000 1.000000</matrix>
                <node id="mixamorig12_RightToe_End" name="mixamorig12_RightToe_End" sid="mixamorig12_RightToe_End" type="JOINT">
                  <matrix sid="matrix">1.000000 0.000000 0.000000 -0.000000 0.000000 1.000000 0.000000 7.753500 0.000000 0.000000 1.000000 -0.000000 0.000000 0.000000 0.000000 1.000000</matrix>
                </node>
              </node>
            </node>
          </node>
        </node>
      </node>
    </visual_scene>
  </library_visual_scenes>
  <scene>
    <instance_visual_scene url="#RootNode"/>
  </scene>
</COLLADA>
