<?xml version="1.0" encoding="utf-8"?>
<COLLADA xmlns="http://www.collada.org/2005/11/COLLADASchema" version="1.4.1">
  <asset>
    <contributor>
      <author>Mixamo</author>
      <authoring_tool>COLLADA Mixamo exporter</authoring_tool>
      <comments/>
    </contributor>
    <created>2024-09-27T13:41:37Z</created>
    <modified>2024-09-27T13:41:37Z</modified>
    <revision/>
    <title/>
    <unit meter="0.010000"/>
    <up_axis>Y_UP</up_axis>
  </asset>
  <library_animations>
    <animation id="mixamorig8_Hips-anim" name="mixamorig8_Hips">
      <source id="mixamorig8_Hips-Matrix-animation-input">
        <float_array id="mixamorig8_Hips-Matrix-animation-input-array" count="32">

0.000000 0.033333 0.066667 0.100000 0.133333 0.166667 0.200000 0.233333 0.266667 0.300000 0.333333 0.366667 0.400000 0.433333 0.466667 0.500000
0.533333 0.566667 0.600000 0.633333 0.666667 0.700000 0.733333 0.766667 0.800000 0.833333 0.866667 0.900000 0.933333 0.966667 1.000000 1.033333</float_array>
        <technique_common>
          <accessor source="#mixamorig8_Hips-Matrix-animation-input-array" count="32">
            <param name="TIME" type="float"/>
          </accessor>
        </technique_common>
      </source>
      <source id="mixamorig8_Hips-Matrix-animation-output-transform">
        <float_array id="mixamorig8_Hips-Matrix-animation-output-transform-array" count="512">

0.998605 0.024727 0.046646 -0.074314 -0.023923 0.999557 -0.017724 94.220451 -0.047064 0.016583 0.998754 0.564909 0.000000 0.000000 0.000000 1.000000
0.999401 0.025088 0.023839 -0.186311 -0.024667 0.999538 -0.017778 94.736481 -0.024274 0.017179 0.999558 0.278054 0.000000 0.000000 0.000000 1.000000
0.999551 0.029622 0.004570 -0.260374 -0.029547 0.999442 -0.015605 94.664436 -0.005029 0.015463 0.999868 -0.060377 0.000000 0.000000 0.000000 1.000000
0.999398 0.033480 -0.009138 -0.270832 -0.033589 0.999363 -0.012059 94.130539 0.008729 0.012359 0.999886 -0.170866 0.000000 0.000000 0.000000 1.000000
0.999227 0.034234 -0.019351 -0.272082 -0.034435 0.999355 -0.010184 93.266922 0.018990 0.010843 0.999761 -0.423141 0.000000 0.000000 0.000000 1.000000
0.998986 0.033153 -0.030470 -0.211683 -0.033515 0.999373 -0.011452 92.246658 0.030071 0.012462 0.999470 -0.720088 0.000000 0.000000 0.000000 1.000000
0.998518 0.032249 -0.043840 -0.063927 -0.032869 0.999368 -0.013501 91.186813 0.043376 0.014922 0.998947 -0.916086 0.000000 0.000000 0.000000 1.000000
0.997874 0.031833 -0.056875 0.184359 -0.032636 0.999380 -0.013237 89.991264 0.056419 0.015065 0.998294 -0.746582 0.000000 0.000000 0.000000 1.000000
0.997347 0.029677 -0.066464 0.635574 -0.030560 0.999457 -0.012306 88.687477 0.066063 0.014304 0.997713 -0.033726 0.000000 0.000000 0.000000 1.000000
0.997244 0.022921 -0.070569 1.094671 -0.024101 0.999583 -0.015923 87.972824 0.070175 0.017580 0.997380 0.838297 0.000000 0.000000 0.000000 1.000000
0.997596 0.013499 -0.067972 1.592545 -0.015160 0.999598 -0.023976 87.834534 0.067621 0.024949 0.997399 1.457445 0.000000 0.000000 0.000000 1.000000
0.998204 0.006012 -0.059603 2.052275 -0.007750 0.999550 -0.028965 88.153221 0.059402 0.029375 0.997802 1.622926 0.000000 0.000000 0.000000 1.000000
0.998705 0.003983 -0.050712 2.533108 -0.005324 0.999639 -0.026338 89.355522 0.050588 0.026574 0.998366 1.642097 0.000000 0.000000 0.000000 1.000000
0.999018 0.008069 -0.043576 2.934855 -0.008938 0.999764 -0.019786 91.108513 0.043406 0.020156 0.998854 1.541413 0.000000 0.000000 0.000000 1.000000
0.999331 0.016923 -0.032432 3.188754 -0.017418 0.999735 -0.015063 92.795288 0.032169 0.015618 0.999360 1.268424 0.000000 0.000000 0.000000 1.000000
0.999615 0.025893 -0.009925 3.398270 -0.026043 0.999544 -0.015274 94.216675 0.009525 0.015527 0.999834 1.091224 0.000000 0.000000 0.000000 1.000000
0.999361 0.028193 0.021953 3.537488 -0.027747 0.999408 -0.020353 94.996017 -0.022514 0.019730 0.999552 0.576089 0.000000 0.000000 0.000000 1.000000
0.998378 0.020879 0.052968 3.600190 -0.019467 0.999445 -0.027028 95.031509 -0.053503 0.025953 0.998230 -0.005705 0.000000 0.000000 0.000000 1.000000
0.997164 0.007790 0.074856 3.620145 -0.005448 0.999491 -0.031439 94.404816 -0.075063 0.030942 0.996699 -0.336041 0.000000 0.000000 0.000000 1.000000
0.996139 -0.005039 0.087650 3.646806 0.007920 0.999439 -0.032553 93.291077 -0.087437 0.033121 0.995619 -0.562344 0.000000 0.000000 0.000000 1.000000
0.995123 -0.014679 0.097544 3.629546 0.017895 0.999322 -0.032177 92.016174 -0.097005 0.033766 0.994711 -0.718887 0.000000 0.000000 0.000000 1.000000
0.993715 -0.020765 0.110000 3.571486 0.024474 0.999173 -0.032480 90.564598 -0.109235 0.034968 0.993401 -0.772366 0.000000 0.000000 0.000000 1.000000
0.991846 -0.022984 0.125352 3.419515 0.027495 0.999031 -0.034376 89.185173 -0.124441 0.037542 0.991517 -0.855289 0.000000 0.000000 0.000000 1.000000
0.990076 -0.019437 0.139179 3.042923 0.024985 0.998957 -0.038221 87.983292 -0.138291 0.041320 0.989529 -0.540781 0.000000 0.000000 0.000000 1.000000
0.989435 -0.008410 0.144734 2.559393 0.015044 0.998882 -0.044807 87.408180 -0.144195 0.046511 0.988456 0.016342 0.000000 0.000000 0.000000 1.000000
0.990347 0.008415 0.138355 2.014484 -0.001054 0.998584 -0.053191 87.401024 -0.138606 0.052532 0.988953 0.343605 0.000000 0.000000 0.000000 1.000000
0.991641 0.026670 0.126245 1.509003 -0.019421 0.998110 -0.058302 88.132790 -0.127561 0.055362 0.990284 0.539147 0.000000 0.000000 0.000000 1.000000
0.992380 0.039142 0.116833 0.896770 -0.032908 0.997953 -0.054827 89.327515 -0.118740 0.050565 0.991637 0.570155 0.000000 0.000000 0.000000 1.000000
0.993031 0.042307 0.109996 0.519976 -0.037714 0.998341 -0.043506 90.843452 -0.111654 0.039054 0.992979 0.541179 0.000000 0.000000 0.000000 1.000000
0.994460 0.037975 0.098016 0.267538 -0.035132 0.998915 -0.030567 92.279343 -0.099070 0.026954 0.994715 0.674436 0.000000 0.000000 0.000000 1.000000
0.996616 0.030597 0.076295 0.073762 -0.029034 0.999347 -0.021510 93.426979 -0.076903 0.019222 0.996853 0.769313 0.000000 0.000000 0.000000 1.000000
0.998605 0.024727 0.046646 -0.074314 -0.023923 0.999557 -0.017724 94.220474 -0.047064 0.016583 0.998754 0.564911 0.000000 0.000000 0.000000 1.000000</float_array>
        <technique_common>
          <accessor source="#mixamorig8_Hips-Matrix-animation-output-transform-array" count="32" stride="16">
            <param type="float4x4"/>
          </accessor>
        </technique_common>
      </source>
      <source id="mixamorig8_Hips-Interpolations">
        <Name_array id="mixamorig8_Hips-Interpolations-array" count="32">
 LINEAR LINEAR LINEAR LINEAR LINEAR LINEAR LINEAR LINEAR LINEAR LINEAR LINEAR
LINEAR LINEAR LINEAR LINEAR LINEAR LINEAR LINEAR LINEAR LINEAR LINEAR LINEAR LINEAR
LINEAR LINEAR LINEAR LINEAR LINEAR LINEAR LINEAR LINEAR LINEAR</Name_array>
        <technique_common>
          <accessor source="#mixamorig8_Hips-Interpolations-array" count="32">
            <param type="name"/>
          </accessor>
        </technique_common>
      </source>
      <sampler id="mixamorig8_Hips-Matrix-animation-transform">
        <input semantic="INPUT" source="#mixamorig8_Hips-Matrix-animation-input"/>
        <input semantic="OUTPUT" source="#mixamorig8_Hips-Matrix-animation-output-transform"/>
        <input semantic="INTERPOLATION" source="#mixamorig8_Hips-Interpolations"/>
      </sampler>
      <channel source="#mixamorig8_Hips-Matrix-animation-transform" target="mixamorig8_Hips/matrix"/>
    </animation>
    <animation id="mixamorig8_Spine-anim" name="mixamorig8_Spine">
      <source id="mixamorig8_Spine-Matrix-animation-input">
        <float_array id="mixamorig8_Spine-Matrix-animation-input-array" count="32">

0.000000 0.033333 0.066667 0.100000 0.133333 0.166667 0.200000 0.233333 0.266667 0.300000 0.333333 0.366667 0.400000 0.433333 0.466667 0.500000
0.533333 0.566667 0.600000 0.633333 0.666667 0.700000 0.733333 0.766667 0.800000 0.833333 0.866667 0.900000 0.933333 0.966667 1.000000 1.033333</float_array>
        <technique_common>
          <accessor source="#mixamorig8_Spine-Matrix-animation-input-array" count="32">
            <param name="TIME" type="float"/>
          </accessor>
        </technique_common>
      </source>
      <source id="mixamorig8_Spine-Matrix-animation-output-transform">
        <float_array id="mixamorig8_Spine-Matrix-animation-output-transform-array" count="512">

0.999976 -0.003184 0.006164 0.000000 0.002565 0.995192 0.097909 10.422600 -0.006446 -0.097891 0.995176 -1.061300 0.000000 0.000000 0.000000 1.000000
0.999932 -0.001026 0.011603 0.000000 -0.000111 0.995229 0.097567 10.422600 -0.011647 -0.097562 0.995161 -1.061300 0.000000 0.000000 0.000000 1.000000
0.999868 -0.000469 0.016210 0.000000 -0.001084 0.995414 0.095654 10.422600 -0.016181 -0.095659 0.995283 -1.061300 0.000000 0.000000 0.000000 1.000000
0.999806 -0.000757 0.019674 0.000000 -0.001110 0.995503 0.094722 10.422600 -0.019657 -0.094725 0.995309 -1.061300 0.000000 0.000000 0.000000 1.000000
0.999743 -0.000344 0.022680 -0.000000 -0.001777 0.995626 0.093411 10.422600 -0.022613 -0.093427 0.995369 -1.061300 0.000000 0.000000 0.000000 1.000000
0.999659 0.000757 0.026086 -0.000000 -0.003185 0.995646 0.093156 10.422600 -0.025902 -0.093207 0.995310 -1.061300 0.000000 0.000000 0.000000 1.000000
0.999545 0.002490 0.030062 0.000000 -0.005288 0.995621 0.093332 10.422600 -0.029698 -0.093449 0.995181 -1.061300 0.000000 0.000000 0.000000 1.000000
0.999414 0.004157 0.033978 -0.000000 -0.007328 0.995572 0.093718 10.422600 -0.033437 -0.093912 0.995019 -1.061300 0.000000 0.000000 0.000000 1.000000
0.999303 0.005578 0.036920 0.000000 -0.009059 0.995456 0.094789 10.422600 -0.036224 -0.095058 0.994812 -1.061300 0.000000 0.000000 0.000000 1.000000
0.999258 0.007612 0.037760 -0.000000 -0.011304 0.995067 0.098563 10.422600 -0.036824 -0.098917 0.994414 -1.061300 0.000000 0.000000 0.000000 1.000000
0.999305 0.010178 0.035870 -0.000000 -0.013855 0.994502 0.103800 10.422600 -0.034616 -0.104224 0.993951 -1.061300 0.000000 0.000000 0.000000 1.000000
0.999439 0.011431 0.031496 0.000000 -0.014709 0.994269 0.105893 10.422600 -0.030105 -0.106297 0.993879 -1.061300 0.000000 0.000000 0.000000 1.000000
0.999601 0.010069 0.026381 -0.000000 -0.012772 0.994457 0.104361 10.422600 -0.025184 -0.104657 0.994190 -1.061300 0.000000 0.000000 0.000000 1.000000
0.999736 0.008246 0.021439 0.000000 -0.010390 0.994737 0.101937 10.422600 -0.020486 -0.102133 0.994560 -1.061300 0.000000 0.000000 0.000000 1.000000
0.999862 0.005320 0.015714 0.000000 -0.006867 0.994957 0.100063 10.422600 -0.015102 -0.100157 0.994857 -1.061300 0.000000 0.000000 0.000000 1.000000
0.999964 0.002099 0.008200 -0.000000 -0.002905 0.995029 0.099547 10.422600 -0.007951 -0.099567 0.994999 -1.061300 0.000000 0.000000 0.000000 1.000000
1.000000 0.000723 -0.000108 0.000000 -0.000709 0.995110 0.098766 10.422600 0.000178 -0.098766 0.995111 -1.061300 0.000000 0.000000 0.000000 1.000000
0.999973 0.001633 -0.007104 -0.000000 -0.000929 0.995184 0.098021 10.422600 0.007230 -0.098011 0.995159 -1.061300 0.000000 0.000000 0.000000 1.000000
0.999925 0.003687 -0.011677 -0.000000 -0.002532 0.995244 0.097383 10.422600 0.011981 -0.097346 0.995178 -1.061300 0.000000 0.000000 0.000000 1.000000
0.999884 0.004582 -0.014545 0.000000 -0.003169 0.995400 0.095759 10.422600 0.014917 -0.095701 0.995298 -1.061300 0.000000 0.000000 0.000000 1.000000
0.999839 0.005347 -0.017116 0.000000 -0.003713 0.995551 0.094148 10.422600 0.017543 -0.094069 0.995411 -1.061300 0.000000 0.000000 0.000000 1.000000
0.999780 0.004716 -0.020442 0.000000 -0.002789 0.995637 0.093270 10.422600 0.020793 -0.093192 0.995431 -1.061300 0.000000 0.000000 0.000000 1.000000
0.999701 0.002715 -0.024282 0.000000 -0.000442 0.995655 0.093113 10.422600 0.024429 -0.093074 0.995359 -1.061300 0.000000 0.000000 0.000000 1.000000
0.999622 0.000366 -0.027494 0.000000 0.002253 0.995460 0.095153 10.422600 0.027404 -0.095179 0.995083 -1.061300 0.000000 0.000000 0.000000 1.000000
0.999588 -0.002686 -0.028571 0.000000 0.005526 0.994993 0.099787 10.422600 0.028160 -0.099904 0.994599 -1.061300 0.000000 0.000000 0.000000 1.000000
0.999646 -0.005412 -0.026040 0.000000 0.008109 0.994483 0.104589 10.422600 0.025330 -0.104763 0.994175 -1.061300 0.000000 0.000000 0.000000 1.000000
0.999723 -0.009185 -0.021653 0.000000 0.011451 0.994200 0.106938 10.422600 0.020545 -0.107156 0.994030 -1.061300 0.000000 0.000000 0.000000 1.000000
0.999793 -0.010819 -0.017225 -0.000000 0.012582 0.994313 0.105752 10.422600 0.015983 -0.105946 0.994243 -1.061300 0.000000 0.000000 0.000000 1.000000
0.999848 -0.011168 -0.013410 0.000000 0.012487 0.994637 0.102673 10.422600 0.012191 -0.102825 0.994625 -1.061300 0.000000 0.000000 0.000000 1.000000
0.999918 -0.009529 -0.008499 -0.000000 0.010332 0.994921 0.100131 10.422600 0.007502 -0.100210 0.994938 -1.061300 0.000000 0.000000 0.000000 1.000000
0.999979 -0.006269 -0.001646 -0.000000 0.006401 0.995056 0.099107 10.422600 0.001016 -0.099115 0.995075 -1.061300 0.000000 0.000000 0.000000 1.000000
0.999976 -0.003184 0.006164 -0.000000 0.002565 0.995192 0.097909 10.422600 -0.006446 -0.097891 0.995176 -1.061300 0.000000 0.000000 0.000000 1.000000</float_array>
        <technique_common>
          <accessor source="#mixamorig8_Spine-Matrix-animation-output-transform-array" count="32" stride="16">
            <param type="float4x4"/>
          </accessor>
        </technique_common>
      </source>
      <source id="mixamorig8_Spine-Interpolations">
        <Name_array id="mixamorig8_Spine-Interpolations-array" count="32">
 LINEAR LINEAR LINEAR LINEAR LINEAR LINEAR LINEAR LINEAR LINEAR LINEAR LINEAR
LINEAR LINEAR LINEAR LINEAR LINEAR LINEAR LINEAR LINEAR LINEAR LINEAR LINEAR LINEAR
LINEAR LINEAR LINEAR LINEAR LINEAR LINEAR LINEAR LINEAR LINEAR</Name_array>
        <technique_common>
          <accessor source="#mixamorig8_Spine-Interpolations-array" count="32">
            <param type="name"/>
          </accessor>
        </technique_common>
      </source>
      <sampler id="mixamorig8_Spine-Matrix-animation-transform">
        <input semantic="INPUT" source="#mixamorig8_Spine-Matrix-animation-input"/>
        <input semantic="OUTPUT" source="#mixamorig8_Spine-Matrix-animation-output-transform"/>
        <input semantic="INTERPOLATION" source="#mixamorig8_Spine-Interpolations"/>
      </sampler>
      <channel source="#mixamorig8_Spine-Matrix-animation-transform" target="mixamorig8_Spine/matrix"/>
    </animation>
    <animation id="mixamorig8_Spine1-anim" name="mixamorig8_Spine1">
      <source id="mixamorig8_Spine1-Matrix-animation-input">
        <float_array id="mixamorig8_Spine1-Matrix-animation-input-array" count="32">

0.000000 0.033333 0.066667 0.100000 0.133333 0.166667 0.200000 0.233333 0.266667 0.300000 0.333333 0.366667 0.400000 0.433333 0.466667 0.500000
0.533333 0.566667 0.600000 0.633333 0.666667 0.700000 0.733333 0.766667 0.800000 0.833333 0.866667 0.900000 0.933333 0.966667 1.000000 1.033333</float_array>
        <technique_common>
          <accessor source="#mixamorig8_Spine1-Matrix-animation-input-array" count="32">
            <param name="TIME" type="float"/>
          </accessor>
        </technique_common>
      </source>
      <source id="mixamorig8_Spine1-Matrix-animation-output-transform">
        <float_array id="mixamorig8_Spine1-Matrix-animation-output-transform-array" count="512">

0.999889 -0.009852 0.011144 0.000000 0.009927 0.999928 -0.006716 12.222600 -0.011077 0.006826 0.999915 0.000000 0.000000 0.000000 0.000000 1.000000
0.999723 -0.004964 0.022993 0.000000 0.005135 0.999960 -0.007389 12.222600 -0.022955 0.007505 0.999708 0.000000 0.000000 0.000000 0.000000 1.000000
0.999450 -0.002601 0.033063 -0.000000 0.002974 0.999932 -0.011250 12.222600 -0.033032 0.011342 0.999390 0.000000 0.000000 0.000000 0.000000 1.000000
0.999167 -0.001728 0.040779 0.000000 0.002266 0.999911 -0.013157 12.222600 -0.040752 0.013238 0.999082 0.000000 0.000000 0.000000 0.000000 1.000000
0.998865 0.000463 0.047630 -0.000000 0.000292 0.999874 -0.015846 12.222600 -0.047631 0.015842 0.998739 0.000000 0.000000 0.000000 0.000000 1.000000
0.998454 0.003711 0.055460 0.000000 -0.002804 0.999861 -0.016432 12.222600 -0.055514 0.016251 0.998326 0.000000 0.000000 0.000000 0.000000 1.000000
0.997879 0.007184 0.064701 0.000000 -0.006153 0.999851 -0.016124 12.222600 -0.064808 0.015692 0.997774 0.000000 0.000000 0.000000 0.000000 1.000000
0.997228 0.009962 0.073735 0.000000 -0.008851 0.999843 -0.015368 12.222600 -0.073876 0.014673 0.997159 -0.000000 0.000000 0.000000 0.000000 1.000000
0.996679 0.012443 0.080473 -0.000000 -0.011413 0.999847 -0.013249 12.222600 -0.080626 0.012286 0.996669 0.000000 0.000000 0.000000 0.000000 1.000000
0.996396 0.015817 0.083330 -0.000000 -0.015393 0.999865 -0.005725 12.222600 -0.083409 0.004422 0.996506 0.000000 0.000000 0.000000 0.000000 1.000000
0.996446 0.022058 0.081296 0.000000 -0.022504 0.999736 0.004575 12.222600 -0.081174 -0.006388 0.996679 0.000000 0.000000 0.000000 0.000000 1.000000
0.996911 0.026940 0.073771 0.000000 -0.027647 0.999581 0.008585 12.222600 -0.073508 -0.010598 0.997238 0.000000 0.000000 0.000000 0.000000 1.000000
0.997703 0.026069 0.062519 -0.000000 -0.026466 0.999634 0.005519 12.222600 -0.062352 -0.007161 0.998029 0.000000 0.000000 0.000000 0.000000 1.000000
0.998475 0.022956 0.050198 0.000000 -0.023023 0.999735 0.000767 12.222600 -0.050167 -0.001921 0.998739 0.000000 0.000000 0.000000 0.000000 1.000000
0.999203 0.017029 0.036108 0.000000 -0.016937 0.999853 -0.002836 12.222600 -0.036151 0.002222 0.999344 0.000000 0.000000 0.000000 0.000000 1.000000
0.999763 0.010450 0.019085 0.000000 -0.010381 0.999939 -0.003732 12.222600 -0.019123 0.003533 0.999811 0.000000 0.000000 0.000000 0.000000 1.000000
0.999973 0.007321 0.000986 -0.000000 -0.007316 0.999960 -0.005199 12.222600 -0.001024 0.005192 0.999986 0.000000 0.000000 0.000000 0.000000 1.000000
0.999868 0.008021 -0.014137 0.000000 -0.008115 0.999945 -0.006607 12.222600 0.014083 0.006721 0.999878 -0.000000 0.000000 0.000000 0.000000 1.000000
0.999659 0.010297 -0.023998 -0.000000 -0.010488 0.999914 -0.007815 12.222600 0.023916 0.008064 0.999681 0.000000 0.000000 0.000000 0.000000 1.000000
0.999496 0.009556 -0.030267 0.000000 -0.009895 0.999890 -0.011048 12.222600 0.030158 0.011342 0.999481 0.000000 0.000000 0.000000 0.000000 1.000000
0.999319 0.008312 -0.035963 0.000000 -0.008830 0.999859 -0.014275 12.222600 0.035839 0.014583 0.999251 -0.000000 0.000000 0.000000 0.000000 1.000000
0.999040 0.005770 -0.043426 0.000000 -0.006472 0.999850 -0.016048 12.222600 0.043327 0.016314 0.998928 -0.000000 0.000000 0.000000 0.000000 1.000000
0.998636 0.002373 -0.052161 0.000000 -0.003232 0.999861 -0.016381 12.222600 0.052115 0.016527 0.998504 -0.000000 0.000000 0.000000 0.000000 1.000000
0.998240 -0.000530 -0.059296 0.000000 -0.000199 0.999924 -0.012291 12.222600 0.059298 0.012281 0.998165 -0.000000 0.000000 0.000000 0.000000 1.000000
0.998082 -0.004832 -0.061710 0.000000 0.004654 0.999985 -0.003023 12.222600 0.061724 0.002730 0.998090 0.000000 0.000000 0.000000 0.000000 1.000000
0.998264 -0.010552 -0.057953 0.000000 0.010948 0.999919 0.006524 12.222600 0.057879 -0.007147 0.998298 -0.000000 0.000000 0.000000 0.000000 1.000000
0.998541 -0.019249 -0.050454 -0.000000 0.019835 0.999741 0.011128 12.222600 0.050227 -0.012112 0.998664 -0.000000 0.000000 0.000000 0.000000 1.000000
0.998840 -0.024023 -0.041721 -0.000000 0.024407 0.999664 0.008720 12.222600 0.041497 -0.009728 0.999091 0.000000 0.000000 0.000000 0.000000 1.000000
0.999166 -0.024908 -0.032350 0.000000 0.025005 0.999684 0.002579 12.222600 0.032276 -0.003386 0.999473 0.000000 0.000000 0.000000 0.000000 1.000000
0.999563 -0.021276 -0.020500 0.000000 0.021230 0.999772 -0.002442 12.222600 0.020547 0.002006 0.999787 0.000000 0.000000 0.000000 0.000000 1.000000
0.999866 -0.015402 -0.005558 0.000000 0.015378 0.999872 -0.004398 12.222600 0.005625 0.004311 0.999975 0.000000 0.000000 0.000000 0.000000 1.000000
0.999889 -0.009852 0.011144 0.000000 0.009927 0.999928 -0.006716 12.222600 -0.011077 0.006826 0.999915 0.000000 0.000000 0.000000 0.000000 1.000000</float_array>
        <technique_common>
          <accessor source="#mixamorig8_Spine1-Matrix-animation-output-transform-array" count="32" stride="16">
            <param type="float4x4"/>
          </accessor>
        </technique_common>
      </source>
      <source id="mixamorig8_Spine1-Interpolations">
        <Name_array id="mixamorig8_Spine1-Interpolations-array" count="32">
 LINEAR LINEAR LINEAR LINEAR LINEAR LINEAR LINEAR LINEAR LINEAR LINEAR LINEAR
LINEAR LINEAR LINEAR LINEAR LINEAR LINEAR LINEAR LINEAR LINEAR LINEAR LINEAR LINEAR
LINEAR LINEAR LINEAR LINEAR LINEAR LINEAR LINEAR LINEAR LINEAR</Name_array>
        <technique_common>
          <accessor source="#mixamorig8_Spine1-Interpolations-array" count="32">
            <param type="name"/>
          </accessor>
        </technique_common>
      </source>
      <sampler id="mixamorig8_Spine1-Matrix-animation-transform">
        <input semantic="INPUT" source="#mixamorig8_Spine1-Matrix-animation-input"/>
        <input semantic="OUTPUT" source="#mixamorig8_Spine1-Matrix-animation-output-transform"/>
        <input semantic="INTERPOLATION" source="#mixamorig8_Spine1-Interpolations"/>
      </sampler>
      <channel source="#mixamorig8_Spine1-Matrix-animation-transform" target="mixamorig8_Spine1/matrix"/>
    </animation>
    <animation id="mixamorig8_Spine2-anim" name="mixamorig8_Spine2">
      <source id="mixamorig8_Spine2-Matrix-animation-input">
        <float_array id="mixamorig8_Spine2-Matrix-animation-input-array" count="32">

0.000000 0.033333 0.066667 0.100000 0.133333 0.166667 0.200000 0.233333 0.266667 0.300000 0.333333 0.366667 0.400000 0.433333 0.466667 0.500000
0.533333 0.566667 0.600000 0.633333 0.666667 0.700000 0.733333 0.766667 0.800000 0.833333 0.866667 0.900000 0.933333 0.966667 1.000000 1.033333</float_array>
        <technique_common>
          <accessor source="#mixamorig8_Spine2-Matrix-animation-input-array" count="32">
            <param name="TIME" type="float"/>
          </accessor>
        </technique_common>
      </source>
      <source id="mixamorig8_Spine2-Matrix-animation-output-transform">
        <float_array id="mixamorig8_Spine2-Matrix-animation-output-transform-array" count="512">

0.999889 -0.009852 0.011144 -0.000000 0.009927 0.999928 -0.006716 13.968700 -0.011077 0.006826 0.999915 0.000000 0.000000 0.000000 0.000000 1.000000
0.999723 -0.004964 0.022993 0.000000 0.005135 0.999960 -0.007389 13.968700 -0.022955 0.007505 0.999708 0.000000 0.000000 0.000000 0.000000 1.000000
0.999450 -0.002601 0.033063 0.000000 0.002974 0.999932 -0.011250 13.968700 -0.033032 0.011342 0.999390 0.000000 0.000000 0.000000 0.000000 1.000000
0.999167 -0.001728 0.040779 -0.000000 0.002266 0.999911 -0.013157 13.968700 -0.040752 0.013238 0.999082 0.000000 0.000000 0.000000 0.000000 1.000000
0.998865 0.000463 0.047630 -0.000000 0.000292 0.999874 -0.015846 13.968700 -0.047631 0.015842 0.998739 0.000000 0.000000 0.000000 0.000000 1.000000
0.998454 0.003711 0.055460 0.000000 -0.002804 0.999861 -0.016432 13.968700 -0.055514 0.016251 0.998326 0.000000 0.000000 0.000000 0.000000 1.000000
0.997879 0.007184 0.064701 -0.000000 -0.006153 0.999851 -0.016124 13.968700 -0.064808 0.015692 0.997774 0.000000 0.000000 0.000000 0.000000 1.000000
0.997228 0.009962 0.073735 -0.000000 -0.008851 0.999843 -0.015368 13.968700 -0.073876 0.014673 0.997159 0.000000 0.000000 0.000000 0.000000 1.000000
0.996679 0.012443 0.080473 0.000000 -0.011413 0.999847 -0.013249 13.968700 -0.080626 0.012286 0.996669 -0.000000 0.000000 0.000000 0.000000 1.000000
0.996396 0.015817 0.083330 -0.000000 -0.015393 0.999865 -0.005725 13.968700 -0.083409 0.004422 0.996506 -0.000000 0.000000 0.000000 0.000000 1.000000
0.996446 0.022058 0.081296 0.000000 -0.022504 0.999736 0.004575 13.968700 -0.081174 -0.006388 0.996679 0.000000 0.000000 0.000000 0.000000 1.000000
0.996911 0.026940 0.073771 -0.000000 -0.027647 0.999581 0.008585 13.968700 -0.073508 -0.010598 0.997238 0.000000 0.000000 0.000000 0.000000 1.000000
0.997703 0.026069 0.062519 0.000000 -0.026466 0.999634 0.005519 13.968700 -0.062352 -0.007161 0.998029 0.000000 0.000000 0.000000 0.000000 1.000000
0.998475 0.022955 0.050198 0.000000 -0.023023 0.999735 0.000767 13.968700 -0.050167 -0.001921 0.998739 0.000000 0.000000 0.000000 0.000000 1.000000
0.999203 0.017029 0.036108 0.000000 -0.016937 0.999853 -0.002836 13.968700 -0.036151 0.002222 0.999344 -0.000000 0.000000 0.000000 0.000000 1.000000
0.999763 0.010450 0.019085 0.000000 -0.010381 0.999939 -0.003732 13.968700 -0.019123 0.003533 0.999811 0.000000 0.000000 0.000000 0.000000 1.000000
0.999973 0.007321 0.000986 -0.000000 -0.007316 0.999960 -0.005199 13.968700 -0.001024 0.005192 0.999986 -0.000000 0.000000 0.000000 0.000000 1.000000
0.999868 0.008021 -0.014137 -0.000000 -0.008115 0.999945 -0.006607 13.968700 0.014083 0.006721 0.999878 0.000000 0.000000 0.000000 0.000000 1.000000
0.999659 0.010297 -0.023998 -0.000000 -0.010488 0.999914 -0.007815 13.968700 0.023916 0.008064 0.999681 0.000000 0.000000 0.000000 0.000000 1.000000
0.999496 0.009556 -0.030267 0.000000 -0.009895 0.999890 -0.011048 13.968700 0.030158 0.011342 0.999481 -0.000000 0.000000 0.000000 0.000000 1.000000
0.999319 0.008312 -0.035963 0.000000 -0.008830 0.999859 -0.014275 13.968700 0.035839 0.014583 0.999251 0.000000 0.000000 0.000000 0.000000 1.000000
0.999040 0.005770 -0.043426 0.000000 -0.006472 0.999850 -0.016048 13.968700 0.043327 0.016314 0.998928 0.000000 0.000000 0.000000 0.000000 1.000000
0.998636 0.002373 -0.052161 0.000000 -0.003232 0.999861 -0.016381 13.968700 0.052115 0.016527 0.998504 -0.000000 0.000000 0.000000 0.000000 1.000000
0.998240 -0.000530 -0.059296 0.000000 -0.000199 0.999924 -0.012291 13.968700 0.059298 0.012281 0.998165 0.000000 0.000000 0.000000 0.000000 1.000000
0.998082 -0.004832 -0.061710 0.000000 0.004654 0.999985 -0.003023 13.968700 0.061724 0.002730 0.998090 0.000000 0.000000 0.000000 0.000000 1.000000
0.998264 -0.010552 -0.057953 0.000000 0.010948 0.999919 0.006524 13.968700 0.057879 -0.007147 0.998298 -0.000000 0.000000 0.000000 0.000000 1.000000
0.998541 -0.019249 -0.050454 0.000000 0.019835 0.999741 0.011128 13.968700 0.050227 -0.012112 0.998664 0.000000 0.000000 0.000000 0.000000 1.000000
0.998840 -0.024023 -0.041721 0.000000 0.024407 0.999664 0.008720 13.968700 0.041497 -0.009728 0.999091 -0.000000 0.000000 0.000000 0.000000 1.000000
0.999166 -0.024908 -0.032350 0.000000 0.025005 0.999684 0.002579 13.968700 0.032276 -0.003386 0.999473 -0.000000 0.000000 0.000000 0.000000 1.000000
0.999563 -0.021276 -0.020500 -0.000000 0.021230 0.999772 -0.002442 13.968700 0.020547 0.002006 0.999787 0.000000 0.000000 0.000000 0.000000 1.000000
0.999866 -0.015402 -0.005558 0.000000 0.015378 0.999872 -0.004398 13.968700 0.005625 0.004311 0.999975 -0.000000 0.000000 0.000000 0.000000 1.000000
0.999889 -0.009852 0.011144 0.000000 0.009927 0.999928 -0.006716 13.968700 -0.011077 0.006826 0.999915 0.000000 0.000000 0.000000 0.000000 1.000000</float_array>
        <technique_common>
          <accessor source="#mixamorig8_Spine2-Matrix-animation-output-transform-array" count="32" stride="16">
            <param type="float4x4"/>
          </accessor>
        </technique_common>
      </source>
      <source id="mixamorig8_Spine2-Interpolations">
        <Name_array id="mixamorig8_Spine2-Interpolations-array" count="32">
 LINEAR LINEAR LINEAR LINEAR LINEAR LINEAR LINEAR LINEAR LINEAR LINEAR LINEAR
LINEAR LINEAR LINEAR LINEAR LINEAR LINEAR LINEAR LINEAR LINEAR LINEAR LINEAR LINEAR
LINEAR LINEAR LINEAR LINEAR LINEAR LINEAR LINEAR LINEAR LINEAR</Name_array>
        <technique_common>
          <accessor source="#mixamorig8_Spine2-Interpolations-array" count="32">
            <param type="name"/>
          </accessor>
        </technique_common>
      </source>
      <sampler id="mixamorig8_Spine2-Matrix-animation-transform">
        <input semantic="INPUT" source="#mixamorig8_Spine2-Matrix-animation-input"/>
        <input semantic="OUTPUT" source="#mixamorig8_Spine2-Matrix-animation-output-transform"/>
        <input semantic="INTERPOLATION" source="#mixamorig8_Spine2-Interpolations"/>
      </sampler>
      <channel source="#mixamorig8_Spine2-Matrix-animation-transform" target="mixamorig8_Spine2/matrix"/>
    </animation>
    <animation id="mixamorig8_Neck-anim" name="mixamorig8_Neck">
      <source id="mixamorig8_Neck-Matrix-animation-input">
        <float_array id="mixamorig8_Neck-Matrix-animation-input-array" count="32">

0.000000 0.033333 0.066667 0.100000 0.133333 0.166667 0.200000 0.233333 0.266667 0.300000 0.333333 0.366667 0.400000 0.433333 0.466667 0.500000
0.533333 0.566667 0.600000 0.633333 0.666667 0.700000 0.733333 0.766667 0.800000 0.833333 0.866667 0.900000 0.933333 0.966667 1.000000 1.033333</float_array>
        <technique_common>
          <accessor source="#mixamorig8_Neck-Matrix-animation-input-array" count="32">
            <param name="TIME" type="float"/>
          </accessor>
        </technique_common>
      </source>
      <source id="mixamorig8_Neck-Matrix-animation-output-transform">
        <float_array id="mixamorig8_Neck-Matrix-animation-output-transform-array" count="512">

0.999972 0.007031 -0.002654 0.000000 -0.007264 0.994830 -0.101298 15.714800 0.001928 0.101314 0.994853 -0.000000 0.000000 0.000000 0.000000 1.000000
0.999990 0.002713 -0.003587 -0.000000 -0.003072 0.994527 -0.104432 15.714800 0.003285 0.104442 0.994526 0.000000 0.000000 0.000000 0.000000 1.000000
0.999983 -0.003004 -0.004965 0.000000 0.002468 0.994495 -0.104756 15.714800 0.005252 0.104742 0.994486 0.000000 0.000000 0.000000 0.000000 1.000000
0.999959 -0.006954 -0.005845 0.000000 0.006267 0.993886 -0.110230 15.714800 0.006576 0.110189 0.993889 0.000000 0.000000 0.000000 0.000000 1.000000
0.999907 -0.011748 -0.006936 0.000000 0.010888 0.993509 -0.113232 15.714800 0.008221 0.113146 0.993544 0.000000 0.000000 0.000000 0.000000 1.000000
0.999807 -0.017729 -0.008520 0.000000 0.016621 0.993100 -0.116085 15.714800 0.010519 0.115921 0.993203 0.000000 0.000000 0.000000 0.000000 1.000000
0.999653 -0.024153 -0.010514 -0.000000 0.022768 0.992958 -0.116262 15.714800 0.013248 0.115982 0.993163 0.000000 0.000000 0.000000 0.000000 1.000000
0.999523 -0.028413 -0.012131 -0.000000 0.026881 0.993364 -0.111829 15.714800 0.015228 0.111450 0.993653 0.000000 0.000000 0.000000 0.000000 1.000000
0.999509 -0.028705 -0.012556 0.000000 0.027246 0.994203 -0.104006 15.714800 0.015469 0.103613 0.994497 -0.000000 0.000000 0.000000 0.000000 1.000000
0.999575 -0.026631 -0.011818 -0.000000 0.025256 0.994227 -0.104284 15.714800 0.014527 0.103941 0.994477 -0.000000 0.000000 0.000000 0.000000 1.000000
0.999592 -0.026414 -0.010834 -0.000000 0.025080 0.993739 -0.108873 15.714800 0.013642 0.108557 0.993997 0.000000 0.000000 0.000000 0.000000 1.000000
0.999677 -0.023723 -0.009129 0.000000 0.022603 0.993927 -0.107693 15.714800 0.011628 0.107451 0.994142 0.000000 0.000000 0.000000 0.000000 1.000000
0.999850 -0.016174 -0.006248 -0.000000 0.015418 0.994195 -0.106483 15.714800 0.007934 0.106371 0.994295 0.000000 0.000000 0.000000 0.000000 1.000000
0.999926 -0.011474 -0.003959 0.000000 0.010974 0.993975 -0.109052 15.714800 0.005186 0.109001 0.994028 0.000000 0.000000 0.000000 0.000000 1.000000
0.999971 -0.007448 -0.001836 -0.000000 0.007194 0.993633 -0.112440 15.714800 0.002662 0.112423 0.993657 0.000000 0.000000 0.000000 0.000000 1.000000
0.999993 -0.003865 0.000132 0.000000 0.003853 0.992949 -0.118483 15.714800 0.000327 0.118483 0.992956 -0.000000 0.000000 0.000000 0.000000 1.000000
0.999996 -0.002498 0.001581 -0.000000 0.002670 0.992762 -0.120069 15.714800 -0.001270 0.120072 0.992764 0.000000 0.000000 0.000000 0.000000 1.000000
0.999994 -0.002061 0.002675 -0.000000 0.002367 0.992793 -0.119815 15.714800 -0.002409 0.119820 0.992793 0.000000 0.000000 0.000000 0.000000 1.000000
0.999993 -0.001242 0.003535 0.000000 0.001659 0.992711 -0.120506 15.714800 -0.003360 0.120511 0.992706 -0.000000 0.000000 0.000000 0.000000 1.000000
0.999982 0.003600 0.004827 0.000000 -0.002999 0.992873 -0.119137 15.714800 -0.005221 0.119120 0.992866 0.000000 0.000000 0.000000 0.000000 1.000000
0.999961 0.006977 0.005468 -0.000000 -0.006279 0.992921 -0.118609 15.714800 -0.006257 0.118570 0.992926 0.000000 0.000000 0.000000 0.000000 1.000000
0.999919 0.011140 0.006210 -0.000000 -0.010346 0.993210 -0.115875 15.714800 -0.007459 0.115802 0.993244 -0.000000 0.000000 0.000000 0.000000 1.000000
0.999850 0.015732 0.007209 0.000000 -0.014854 0.993943 -0.108890 15.714800 -0.008878 0.108767 0.994028 0.000000 0.000000 0.000000 0.000000 1.000000
0.999819 0.017415 0.007596 -0.000000 -0.016547 0.994609 -0.102367 15.714800 -0.009338 0.102223 0.994718 0.000000 0.000000 0.000000 0.000000 1.000000
0.999811 0.017974 0.007456 0.000000 -0.017120 0.994636 -0.102010 15.714800 -0.009250 0.101863 0.994755 0.000000 0.000000 0.000000 0.000000 1.000000
0.999864 0.015270 0.006272 0.000000 -0.014558 0.994781 -0.100993 15.714800 -0.007782 0.100888 0.994867 0.000000 0.000000 0.000000 0.000000 1.000000
0.999882 0.014455 0.005177 0.000000 -0.013880 0.995106 -0.097836 15.714800 -0.006566 0.097752 0.995189 -0.000000 0.000000 0.000000 0.000000 1.000000
0.999949 0.009671 0.003041 0.000000 -0.009350 0.995698 -0.092189 15.714800 -0.003920 0.092156 0.995737 0.000000 0.000000 0.000000 0.000000 1.000000
0.999979 0.006390 0.001154 -0.000000 -0.006262 0.995991 -0.089231 15.714800 -0.001719 0.089222 0.996010 0.000000 0.000000 0.000000 0.000000 1.000000
0.999993 0.003811 -0.000636 0.000000 -0.003853 0.995796 -0.091515 15.714800 0.000285 0.091517 0.995803 0.000000 0.000000 0.000000 0.000000 1.000000
0.999992 0.003318 -0.002032 0.000000 -0.003500 0.995227 -0.097521 15.714800 0.001698 0.097528 0.995231 0.000000 0.000000 0.000000 0.000000 1.000000
0.999972 0.007031 -0.002654 -0.000000 -0.007264 0.994830 -0.101298 15.714800 0.001928 0.101314 0.994853 -0.000000 0.000000 0.000000 0.000000 1.000000</float_array>
        <technique_common>
          <accessor source="#mixamorig8_Neck-Matrix-animation-output-transform-array" count="32" stride="16">
            <param type="float4x4"/>
          </accessor>
        </technique_common>
      </source>
      <source id="mixamorig8_Neck-Interpolations">
        <Name_array id="mixamorig8_Neck-Interpolations-array" count="32">
 LINEAR LINEAR LINEAR LINEAR LINEAR LINEAR LINEAR LINEAR LINEAR LINEAR LINEAR
LINEAR LINEAR LINEAR LINEAR LINEAR LINEAR LINEAR LINEAR LINEAR LINEAR LINEAR LINEAR
LINEAR LINEAR LINEAR LINEAR LINEAR LINEAR LINEAR LINEAR LINEAR</Name_array>
        <technique_common>
          <accessor source="#mixamorig8_Neck-Interpolations-array" count="32">
            <param type="name"/>
          </accessor>
        </technique_common>
      </source>
      <sampler id="mixamorig8_Neck-Matrix-animation-transform">
        <input semantic="INPUT" source="#mixamorig8_Neck-Matrix-animation-input"/>
        <input semantic="OUTPUT" source="#mixamorig8_Neck-Matrix-animation-output-transform"/>
        <input semantic="INTERPOLATION" source="#mixamorig8_Neck-Interpolations"/>
      </sampler>
      <channel source="#mixamorig8_Neck-Matrix-animation-transform" target="mixamorig8_Neck/matrix"/>
    </animation>
    <animation id="mixamorig8_Head-anim" name="mixamorig8_Head">
      <source id="mixamorig8_Head-Matrix-animation-input">
        <float_array id="mixamorig8_Head-Matrix-animation-input-array" count="32">

0.000000 0.033333 0.066667 0.100000 0.133333 0.166667 0.200000 0.233333 0.266667 0.300000 0.333333 0.366667 0.400000 0.433333 0.466667 0.500000
0.533333 0.566667 0.600000 0.633333 0.666667 0.700000 0.733333 0.766667 0.800000 0.833333 0.866667 0.900000 0.933333 0.966667 1.000000 1.033333</float_array>
        <technique_common>
          <accessor source="#mixamorig8_Head-Matrix-animation-input-array" count="32">
            <param name="TIME" type="float"/>
          </accessor>
        </technique_common>
      </source>
      <source id="mixamorig8_Head-Matrix-animation-output-transform">
        <float_array id="mixamorig8_Head-Matrix-animation-output-transform-array" count="512">

0.999972 0.007031 -0.002654 0.000000 -0.007031 0.999975 0.000006 6.974500 0.002654 0.000012 0.999996 2.478000 0.000000 0.000000 0.000000 1.000000
0.999990 0.002713 -0.003587 0.000000 -0.002724 0.999991 -0.003145 6.974500 0.003579 0.003155 0.999989 2.478000 0.000000 0.000000 0.000000 1.000000
0.999983 -0.003004 -0.004965 0.000000 0.002987 0.999990 -0.003471 6.974500 0.004975 0.003456 0.999982 2.478000 0.000000 0.000000 0.000000 1.000000
0.999959 -0.006954 -0.005845 -0.000000 0.006901 0.999936 -0.008978 6.974500 0.005907 0.008937 0.999943 2.478000 0.000000 0.000000 0.000000 1.000000
0.999907 -0.011748 -0.006936 0.000000 0.011665 0.999860 -0.011999 6.974500 0.007076 0.011917 0.999904 2.478000 0.000000 0.000000 0.000000 1.000000
0.999807 -0.017729 -0.008520 0.000000 0.017601 0.999734 -0.014872 6.974500 0.008781 0.014719 0.999853 2.478000 0.000000 0.000000 0.000000 1.000000
0.999653 -0.024153 -0.010514 -0.000000 0.023993 0.999599 -0.015052 6.974500 0.010874 0.014794 0.999831 2.478000 0.000000 0.000000 0.000000 1.000000
0.999523 -0.028413 -0.012131 -0.000000 0.028285 0.999544 -0.010593 6.974500 0.012426 0.010244 0.999870 2.478000 0.000000 0.000000 0.000000 1.000000
0.999509 -0.028705 -0.012556 0.000000 0.028673 0.999585 -0.002724 6.974500 0.012629 0.002363 0.999917 2.478000 0.000000 0.000000 0.000000 1.000000
0.999575 -0.026631 -0.011818 0.000000 0.026597 0.999642 -0.003002 6.974500 0.011894 0.002687 0.999926 2.478000 0.000000 0.000000 0.000000 1.000000
0.999592 -0.026414 -0.010834 0.000000 0.026333 0.999624 -0.007616 6.974500 0.011031 0.007328 0.999912 2.478000 0.000000 0.000000 0.000000 1.000000
0.999677 -0.023723 -0.009129 -0.000000 0.023665 0.999699 -0.006427 6.974500 0.009279 0.006209 0.999938 2.478000 0.000000 0.000000 0.000000 1.000000
0.999850 -0.016174 -0.006248 -0.000000 0.016142 0.999856 -0.005209 6.974500 0.006332 0.005107 0.999967 2.478000 0.000000 0.000000 0.000000 1.000000
0.999926 -0.011474 -0.003959 -0.000000 0.011443 0.999904 -0.007792 6.974500 0.004048 0.007746 0.999962 2.478000 0.000000 0.000000 0.000000 1.000000
0.999971 -0.007448 -0.001836 -0.000000 0.007427 0.999910 -0.011199 6.974500 0.001919 0.011185 0.999936 2.478000 0.000000 0.000000 0.000000 1.000000
0.999993 -0.003865 0.000132 -0.000000 0.003866 0.999843 -0.017282 6.974500 -0.000065 0.017283 0.999851 2.478000 0.000000 0.000000 0.000000 1.000000
0.999996 -0.002498 0.001581 -0.000000 0.002527 0.999819 -0.018879 6.974500 -0.001534 0.018883 0.999821 2.478000 0.000000 0.000000 0.000000 1.000000
0.999994 -0.002061 0.002675 0.000000 0.002110 0.999824 -0.018624 6.974500 -0.002636 0.018630 0.999823 2.478000 0.000000 0.000000 0.000000 1.000000
0.999993 -0.001242 0.003535 0.000000 0.001310 0.999812 -0.019320 6.974500 -0.003510 0.019325 0.999807 2.478000 0.000000 0.000000 0.000000 1.000000
0.999982 0.003600 0.004827 0.000000 -0.003513 0.999833 -0.017943 6.974500 -0.004891 0.017925 0.999827 2.478000 0.000000 0.000000 0.000000 1.000000
0.999961 0.006977 0.005468 0.000000 -0.006881 0.999825 -0.017411 6.974500 -0.005589 0.017372 0.999833 2.478000 0.000000 0.000000 0.000000 1.000000
0.999919 0.011140 0.006210 0.000000 -0.011048 0.999832 -0.014659 6.974500 -0.006372 0.014589 0.999873 2.478000 0.000000 0.000000 0.000000 1.000000
0.999850 0.015732 0.007209 0.000000 -0.015677 0.999848 -0.007631 6.974500 -0.007328 0.007516 0.999945 2.478000 0.000000 0.000000 0.000000 1.000000
0.999819 0.017415 0.007596 0.000000 -0.017408 0.999848 -0.001071 6.974500 -0.007614 0.000939 0.999971 2.478000 0.000000 0.000000 0.000000 1.000000
0.999811 0.017974 0.007456 -0.000000 -0.017969 0.999838 -0.000712 6.974500 -0.007468 0.000578 0.999972 2.478000 0.000000 0.000000 0.000000 1.000000
0.999864 0.015270 0.006272 0.000000 -0.015272 0.999883 0.000311 6.974500 -0.006267 -0.000406 0.999980 2.478000 0.000000 0.000000 0.000000 1.000000
0.999882 0.014455 0.005177 0.000000 -0.014473 0.999889 0.003485 6.974500 -0.005126 -0.003559 0.999981 2.478000 0.000000 0.000000 0.000000 1.000000
0.999949 0.009671 0.003041 0.000000 -0.009699 0.999911 0.009158 6.974500 -0.002952 -0.009187 0.999953 2.478000 0.000000 0.000000 0.000000 1.000000
0.999979 0.006390 0.001154 -0.000000 -0.006404 0.999906 0.012129 6.974500 -0.001076 -0.012136 0.999926 2.478000 0.000000 0.000000 0.000000 1.000000
0.999993 0.003811 -0.000636 0.000000 -0.003804 0.999944 0.009835 6.974500 0.000674 -0.009833 0.999951 2.478000 0.000000 0.000000 0.000000 1.000000
0.999992 0.003318 -0.002032 0.000000 -0.003310 0.999987 0.003801 6.974500 0.002044 -0.003795 0.999991 2.478000 0.000000 0.000000 0.000000 1.000000
0.999972 0.007031 -0.002654 0.000000 -0.007031 0.999975 0.000007 6.974500 0.002654 0.000012 0.999996 2.478000 0.000000 0.000000 0.000000 1.000000</float_array>
        <technique_common>
          <accessor source="#mixamorig8_Head-Matrix-animation-output-transform-array" count="32" stride="16">
            <param type="float4x4"/>
          </accessor>
        </technique_common>
      </source>
      <source id="mixamorig8_Head-Interpolations">
        <Name_array id="mixamorig8_Head-Interpolations-array" count="32">
 LINEAR LINEAR LINEAR LINEAR LINEAR LINEAR LINEAR LINEAR LINEAR LINEAR LINEAR
LINEAR LINEAR LINEAR LINEAR LINEAR LINEAR LINEAR LINEAR LINEAR LINEAR LINEAR LINEAR
LINEAR LINEAR LINEAR LINEAR LINEAR LINEAR LINEAR LINEAR LINEAR</Name_array>
        <technique_common>
          <accessor source="#mixamorig8_Head-Interpolations-array" count="32">
            <param type="name"/>
          </accessor>
        </technique_common>
      </source>
      <sampler id="mixamorig8_Head-Matrix-animation-transform">
        <input semantic="INPUT" source="#mixamorig8_Head-Matrix-animation-input"/>
        <input semantic="OUTPUT" source="#mixamorig8_Head-Matrix-animation-output-transform"/>
        <input semantic="INTERPOLATION" source="#mixamorig8_Head-Interpolations"/>
      </sampler>
      <channel source="#mixamorig8_Head-Matrix-animation-transform" target="mixamorig8_Head/matrix"/>
    </animation>
    <animation id="mixamorig8_LeftShoulder-anim" name="mixamorig8_LeftShoulder">
      <source id="mixamorig8_LeftShoulder-Matrix-animation-input">
        <float_array id="mixamorig8_LeftShoulder-Matrix-animation-input-array" count="32">

0.000000 0.033333 0.066667 0.100000 0.133333 0.166667 0.200000 0.233333 0.266667 0.300000 0.333333 0.366667 0.400000 0.433333 0.466667 0.500000
0.533333 0.566667 0.600000 0.633333 0.666667 0.700000 0.733333 0.766667 0.800000 0.833333 0.866667 0.900000 0.933333 0.966667 1.000000 1.033333</float_array>
        <technique_common>
          <accessor source="#mixamorig8_LeftShoulder-Matrix-animation-input-array" count="32">
            <param name="TIME" type="float"/>
          </accessor>
        </technique_common>
      </source>
      <source id="mixamorig8_LeftShoulder-Matrix-animation-output-transform">
        <float_array id="mixamorig8_LeftShoulder-Matrix-animation-output-transform-array" count="512">

0.202487 0.833615 -0.513891 7.303800 0.018775 -0.527970 -0.849056 13.941600 -0.979105 0.162275 -0.122558 -0.181800 0.000000 0.000000 0.000000 1.000000
0.182996 0.845386 -0.501832 7.303800 0.023735 -0.514102 -0.857400 13.941600 -0.982827 0.144990 -0.114144 -0.181800 0.000000 0.000000 0.000000 1.000000
0.173593 0.846149 -0.503882 7.303800 0.025614 -0.515356 -0.856593 13.941600 -0.984484 0.135792 -0.111136 -0.181800 0.000000 0.000000 0.000000 1.000000
0.158473 0.852233 -0.498583 7.303800 0.029029 -0.508768 -0.860414 13.941600 -0.986936 0.121879 -0.105366 -0.181800 0.000000 0.000000 0.000000 1.000000
0.153260 0.858924 -0.488632 7.303800 0.030524 -0.498353 -0.866437 13.941600 -0.987714 0.117875 -0.102596 -0.181800 0.000000 0.000000 0.000000 1.000000
0.158011 0.860882 -0.483648 7.303800 0.029826 -0.493739 -0.869099 13.941600 -0.986987 0.122902 -0.103692 -0.181800 0.000000 0.000000 0.000000 1.000000
0.154472 0.864608 -0.478112 7.303800 0.030802 -0.487899 -0.872356 13.941600 -0.987517 0.120028 -0.101998 -0.181800 0.000000 0.000000 0.000000 1.000000
0.148244 0.864729 -0.479863 7.303800 0.031986 -0.489162 -0.871606 13.941600 -0.988433 0.113861 -0.100174 -0.181800 0.000000 0.000000 0.000000 1.000000
0.152282 0.857155 -0.492031 7.303800 0.030705 -0.501700 -0.864496 13.941600 -0.987860 0.116540 -0.102719 -0.181800 0.000000 0.000000 0.000000 1.000000
0.168192 0.847333 -0.503725 7.303800 0.026835 -0.514751 -0.856920 13.941600 -0.985389 0.130609 -0.109315 -0.181800 0.000000 0.000000 0.000000 1.000000
0.164308 0.851087 -0.498651 7.303800 0.027959 -0.509337 -0.860113 13.941600 -0.986013 0.127382 -0.107484 -0.181800 0.000000 0.000000 0.000000 1.000000
0.175284 0.845306 -0.504712 7.303800 0.025285 -0.516345 -0.856008 13.941600 -0.984193 0.137283 -0.111881 -0.181800 0.000000 0.000000 0.000000 1.000000
0.211598 0.814681 -0.539926 7.303800 0.014226 -0.554944 -0.831766 13.941600 -0.977253 0.168319 -0.129015 -0.181800 0.000000 0.000000 0.000000 1.000000
0.223182 0.810692 -0.541265 7.303800 0.011196 -0.557366 -0.830192 13.941600 -0.974712 0.179224 -0.133470 -0.181800 0.000000 0.000000 0.000000 1.000000
0.217039 0.817005 -0.534226 7.303800 0.013358 -0.549706 -0.835252 13.941600 -0.976071 0.174147 -0.130221 -0.181800 0.000000 0.000000 0.000000 1.000000
0.214490 0.820261 -0.530251 7.303800 0.014327 -0.545470 -0.838008 13.941600 -0.976621 0.172147 -0.128750 -0.181800 0.000000 0.000000 0.000000 1.000000
0.221969 0.826942 -0.516620 7.303800 0.013869 -0.532462 -0.846340 13.941600 -0.974955 0.180696 -0.129658 -0.181800 0.000000 0.000000 0.000000 1.000000
0.231230 0.830990 -0.505953 7.303800 0.012823 -0.522605 -0.852479 13.941600 -0.972815 0.190631 -0.131498 -0.181800 0.000000 0.000000 0.000000 1.000000
0.227814 0.839254 -0.493713 7.303800 0.014888 -0.509989 -0.860052 13.941600 -0.973591 0.188582 -0.128677 -0.181800 0.000000 0.000000 0.000000 1.000000
0.236957 0.837115 -0.493041 7.303800 0.012952 -0.510171 -0.859975 13.941600 -0.971434 0.197391 -0.131731 -0.181800 0.000000 0.000000 0.000000 1.000000
0.235184 0.837787 -0.492749 7.303800 0.013398 -0.509715 -0.860239 13.941600 -0.971858 0.195713 -0.131101 -0.181800 0.000000 0.000000 0.000000 1.000000
0.233864 0.839010 -0.491295 7.303800 0.013872 -0.508135 -0.861166 13.941600 -0.972170 0.194581 -0.130474 -0.181800 0.000000 0.000000 0.000000 1.000000
0.244882 0.831278 -0.499009 7.303800 0.010516 -0.516927 -0.855965 13.941600 -0.969496 0.204363 -0.135327 -0.181800 0.000000 0.000000 0.000000 1.000000
0.248509 0.830036 -0.499283 7.303800 0.009658 -0.517550 -0.855598 13.941600 -0.968582 0.207802 -0.136632 -0.181800 0.000000 0.000000 0.000000 1.000000
0.256782 0.818245 -0.514333 7.303800 0.005773 -0.533466 -0.845802 13.941600 -0.966452 0.214217 -0.141708 -0.181800 0.000000 0.000000 0.000000 1.000000
0.255607 0.817478 -0.516134 7.303800 0.005810 -0.535158 -0.844732 13.941600 -0.966763 0.212921 -0.141540 -0.181800 0.000000 0.000000 0.000000 1.000000
0.244277 0.824355 -0.510654 7.303800 0.009250 -0.528564 -0.848843 13.941600 -0.969661 0.202630 -0.136741 -0.181800 0.000000 0.000000 0.000000 1.000000
0.236533 0.827102 -0.509857 7.303800 0.011192 -0.527031 -0.849772 13.941600 -0.971559 0.195293 -0.133917 -0.181800 0.000000 0.000000 0.000000 1.000000
0.236557 0.828776 -0.507121 7.303800 0.011531 -0.524292 -0.851460 13.941600 -0.971549 0.195571 -0.133582 -0.181800 0.000000 0.000000 0.000000 1.000000
0.233172 0.825247 -0.514390 7.303800 0.011449 -0.531264 -0.847129 13.941600 -0.972368 0.191638 -0.133324 -0.181800 0.000000 0.000000 0.000000 1.000000
0.216281 0.829347 -0.515176 7.303800 0.015381 -0.530494 -0.847549 13.941600 -0.976210 0.175384 -0.127492 -0.181800 0.000000 0.000000 0.000000 1.000000
0.202487 0.833615 -0.513891 7.303800 0.018774 -0.527970 -0.849056 13.941600 -0.979105 0.162275 -0.122558 -0.181800 0.000000 0.000000 0.000000 1.000000</float_array>
        <technique_common>
          <accessor source="#mixamorig8_LeftShoulder-Matrix-animation-output-transform-array" count="32" stride="16">
            <param type="float4x4"/>
          </accessor>
        </technique_common>
      </source>
      <source id="mixamorig8_LeftShoulder-Interpolations">
        <Name_array id="mixamorig8_LeftShoulder-Interpolations-array" count="32">
 LINEAR LINEAR LINEAR LINEAR LINEAR LINEAR LINEAR LINEAR LINEAR LINEAR LINEAR
LINEAR LINEAR LINEAR LINEAR LINEAR LINEAR LINEAR LINEAR LINEAR LINEAR LINEAR LINEAR
LINEAR LINEAR LINEAR LINEAR LINEAR LINEAR LINEAR LINEAR LINEAR</Name_array>
        <technique_common>
          <accessor source="#mixamorig8_LeftShoulder-Interpolations-array" count="32">
            <param type="name"/>
          </accessor>
        </technique_common>
      </source>
      <sampler id="mixamorig8_LeftShoulder-Matrix-animation-transform">
        <input semantic="INPUT" source="#mixamorig8_LeftShoulder-Matrix-animation-input"/>
        <input semantic="OUTPUT" source="#mixamorig8_LeftShoulder-Matrix-animation-output-transform"/>
        <input semantic="INTERPOLATION" source="#mixamorig8_LeftShoulder-Interpolations"/>
      </sampler>
      <channel source="#mixamorig8_LeftShoulder-Matrix-animation-transform" target="mixamorig8_LeftShoulder/matrix"/>
    </animation>
    <animation id="mixamorig8_LeftArm-anim" name="mixamorig8_LeftArm">
      <source id="mixamorig8_LeftArm-Matrix-animation-input">
        <float_array id="mixamorig8_LeftArm-Matrix-animation-input-array" count="32">

0.000000 0.033333 0.066667 0.100000 0.133333 0.166667 0.200000 0.233333 0.266667 0.300000 0.333333 0.366667 0.400000 0.433333 0.466667 0.500000
0.533333 0.566667 0.600000 0.633333 0.666667 0.700000 0.733333 0.766667 0.800000 0.833333 0.866667 0.900000 0.933333 0.966667 1.000000 1.033333</float_array>
        <technique_common>
          <accessor source="#mixamorig8_LeftArm-Matrix-animation-input-array" count="32">
            <param name="TIME" type="float"/>
          </accessor>
        </technique_common>
      </source>
      <source id="mixamorig8_LeftArm-Matrix-animation-output-transform">
        <float_array id="mixamorig8_LeftArm-Matrix-animation-output-transform-array" count="512">

0.984599 0.052073 -0.166895 -0.000000 -0.141796 0.796277 -0.588078 14.994400 0.102272 0.602686 0.791397 0.000000 0.000000 0.000000 0.000000 1.000000
0.973287 0.127283 -0.191078 0.000000 -0.219322 0.761565 -0.609850 14.994400 0.067895 0.635467 0.769137 -0.000000 0.000000 0.000000 0.000000 1.000000
0.959049 0.210872 -0.189099 -0.000000 -0.282973 0.742363 -0.607308 14.994400 0.012316 0.635948 0.771634 -0.000000 0.000000 0.000000 0.000000 1.000000
0.944085 0.272436 -0.185693 0.000000 -0.327689 0.713201 -0.619648 14.994400 -0.036378 0.645850 0.762597 0.000000 0.000000 0.000000 0.000000 1.000000
0.926567 0.321997 -0.194399 0.000000 -0.368788 0.676126 -0.637847 14.994400 -0.073946 0.662700 0.745225 0.000000 0.000000 0.000000 0.000000 1.000000
0.904582 0.370404 -0.211025 -0.000000 -0.413173 0.639885 -0.647947 14.994400 -0.104970 0.673311 0.731870 0.000000 0.000000 0.000000 0.000000 1.000000
0.885876 0.402145 -0.231307 -0.000000 -0.447750 0.610647 -0.653169 14.994400 -0.121422 0.682195 0.721018 -0.000000 0.000000 0.000000 0.000000 1.000000
0.861345 0.444742 -0.245538 0.000000 -0.488365 0.591744 -0.641357 14.994400 -0.139943 0.672342 0.726892 0.000000 0.000000 0.000000 0.000000 1.000000
0.831294 0.495939 -0.250989 0.000000 -0.532202 0.579916 -0.616813 14.994400 -0.160349 0.646330 0.746020 0.000000 0.000000 0.000000 0.000000 1.000000
0.811112 0.526105 -0.255560 0.000000 -0.558908 0.568393 -0.603781 14.994400 -0.172393 0.632568 0.755075 0.000000 0.000000 0.000000 0.000000 1.000000
0.812802 0.521320 -0.259959 0.000000 -0.558430 0.570224 -0.602495 14.994400 -0.165858 0.634878 0.754600 0.000000 0.000000 0.000000 0.000000 1.000000
0.816093 0.512623 -0.266850 -0.000000 -0.558901 0.582583 -0.590107 14.994400 -0.147041 0.630725 0.761948 0.000000 0.000000 0.000000 0.000000 1.000000
0.825205 0.497300 -0.267823 -0.000000 -0.552505 0.612159 -0.565685 14.994400 -0.117365 0.614779 0.779918 -0.000000 0.000000 0.000000 0.000000 1.000000
0.867743 0.424111 -0.259137 0.000000 -0.490436 0.646126 -0.584802 14.994400 -0.080585 0.634548 0.768670 -0.000000 0.000000 0.000000 0.000000 1.000000
0.912865 0.337666 -0.229477 0.000000 -0.404890 0.676676 -0.614959 14.994400 -0.052369 0.654287 0.754431 -0.000000 0.000000 0.000000 0.000000 1.000000
0.942500 0.272588 -0.193363 0.000000 -0.332244 0.701634 -0.630337 14.994400 -0.036152 0.658336 0.751856 0.000000 0.000000 0.000000 0.000000 1.000000
0.959775 0.229720 -0.161435 0.000000 -0.279292 0.722180 -0.632812 14.994400 -0.028785 0.652445 0.757289 0.000000 0.000000 0.000000 0.000000 1.000000
0.969204 0.205373 -0.135885 0.000000 -0.244945 0.747089 -0.617948 14.994400 -0.025392 0.632202 0.774387 -0.000000 0.000000 0.000000 0.000000 1.000000
0.980130 0.163513 -0.112288 0.000000 -0.197968 0.771026 -0.605249 14.994400 -0.012389 0.615453 0.788077 0.000000 0.000000 0.000000 0.000000 1.000000
0.986664 0.124708 -0.104600 -0.000000 -0.162439 0.795261 -0.584101 14.994400 0.010342 0.593302 0.804913 0.000000 0.000000 0.000000 0.000000 1.000000
0.993130 0.066999 -0.095940 0.000000 -0.109859 0.816204 -0.567223 14.994400 0.040304 0.573866 0.817957 0.000000 0.000000 0.000000 0.000000 1.000000
0.995116 0.013083 -0.097842 0.000000 -0.065546 0.828700 -0.555841 14.994400 0.073810 0.559539 0.825511 -0.000000 0.000000 0.000000 0.000000 1.000000
0.993271 -0.016504 -0.114631 0.000000 -0.047720 0.843543 -0.534937 14.994400 0.105524 0.536808 0.837080 -0.000000 0.000000 0.000000 0.000000 1.000000
0.991214 -0.030714 -0.128650 0.000000 -0.041677 0.850583 -0.524186 14.994400 0.125527 0.524942 0.841830 -0.000000 0.000000 0.000000 0.000000 1.000000
0.990594 -0.007674 -0.136617 0.000000 -0.062127 0.864353 -0.499033 14.994400 0.121915 0.502827 0.855747 0.000000 0.000000 0.000000 0.000000 1.000000
0.990355 0.003950 -0.138494 0.000000 -0.072626 0.866057 -0.494642 14.994400 0.117990 0.499930 0.857991 0.000000 0.000000 0.000000 0.000000 1.000000
0.991999 -0.018702 -0.124854 0.000000 -0.048474 0.856737 -0.513471 14.994400 0.116570 0.515415 0.848975 0.000000 0.000000 0.000000 0.000000 1.000000
0.992977 -0.046952 -0.108593 -0.000000 -0.016907 0.852141 -0.523039 14.994400 0.117094 0.521202 0.845363 -0.000000 0.000000 0.000000 0.000000 1.000000
0.993444 -0.070628 -0.089892 0.000000 0.010434 0.839065 -0.543932 14.994400 0.113842 0.539428 0.834301 0.000000 0.000000 0.000000 0.000000 1.000000
0.992548 -0.066390 -0.102178 -0.000000 -0.001651 0.831135 -0.556069 14.994400 0.121841 0.552094 0.824832 0.000000 0.000000 0.000000 0.000000 1.000000
0.989625 -0.034764 -0.139405 0.000000 -0.052224 0.816879 -0.574440 14.994400 0.133846 0.575761 0.806588 0.000000 0.000000 0.000000 0.000000 1.000000
0.984598 0.052074 -0.166896 0.000000 -0.141797 0.796277 -0.588078 14.994400 0.102272 0.602686 0.791397 0.000000 0.000000 0.000000 0.000000 1.000000</float_array>
        <technique_common>
          <accessor source="#mixamorig8_LeftArm-Matrix-animation-output-transform-array" count="32" stride="16">
            <param type="float4x4"/>
          </accessor>
        </technique_common>
      </source>
      <source id="mixamorig8_LeftArm-Interpolations">
        <Name_array id="mixamorig8_LeftArm-Interpolations-array" count="32">
 LINEAR LINEAR LINEAR LINEAR LINEAR LINEAR LINEAR LINEAR LINEAR LINEAR LINEAR
LINEAR LINEAR LINEAR LINEAR LINEAR LINEAR LINEAR LINEAR LINEAR LINEAR LINEAR LINEAR
LINEAR LINEAR LINEAR LINEAR LINEAR LINEAR LINEAR LINEAR LINEAR</Name_array>
        <technique_common>
          <accessor source="#mixamorig8_LeftArm-Interpolations-array" count="32">
            <param type="name"/>
          </accessor>
        </technique_common>
      </source>
      <sampler id="mixamorig8_LeftArm-Matrix-animation-transform">
        <input semantic="INPUT" source="#mixamorig8_LeftArm-Matrix-animation-input"/>
        <input semantic="OUTPUT" source="#mixamorig8_LeftArm-Matrix-animation-output-transform"/>
        <input semantic="INTERPOLATION" source="#mixamorig8_LeftArm-Interpolations"/>
      </sampler>
      <channel source="#mixamorig8_LeftArm-Matrix-animation-transform" target="mixamorig8_LeftArm/matrix"/>
    </animation>
    <animation id="mixamorig8_LeftForeArm-anim" name="mixamorig8_LeftForeArm">
      <source id="mixamorig8_LeftForeArm-Matrix-animation-input">
        <float_array id="mixamorig8_LeftForeArm-Matrix-animation-input-array" count="32">

0.000000 0.033333 0.066667 0.100000 0.133333 0.166667 0.200000 0.233333 0.266667 0.300000 0.333333 0.366667 0.400000 0.433333 0.466667 0.500000
0.533333 0.566667 0.600000 0.633333 0.666667 0.700000 0.733333 0.766667 0.800000 0.833333 0.866667 0.900000 0.933333 0.966667 1.000000 1.033333</float_array>
        <technique_common>
          <accessor source="#mixamorig8_LeftForeArm-Matrix-animation-input-array" count="32">
            <param name="TIME" type="float"/>
          </accessor>
        </technique_common>
      </source>
      <source id="mixamorig8_LeftForeArm-Matrix-animation-output-transform">
        <float_array id="mixamorig8_LeftForeArm-Matrix-animation-output-transform-array" count="512">

0.817788 -0.446956 0.362565 0.000000 0.518753 0.845280 -0.128051 25.743401 -0.249235 0.292800 0.923119 0.000000 0.000000 0.000000 0.000000 1.000000
0.833792 -0.434830 0.340167 -0.000000 0.496755 0.859748 -0.118607 25.743401 -0.240884 0.267874 0.932855 0.000000 0.000000 0.000000 0.000000 1.000000
0.825250 -0.443274 0.349957 0.000000 0.506241 0.855292 -0.110431 25.743401 -0.250364 0.268296 0.930234 -0.000000 0.000000 0.000000 0.000000 1.000000
0.830430 -0.423297 0.362223 -0.000000 0.488028 0.866310 -0.106473 25.743401 -0.268727 0.265193 0.925990 0.000000 0.000000 0.000000 0.000000 1.000000
0.841363 -0.395843 0.367989 0.000000 0.457790 0.883872 -0.095908 25.743401 -0.287291 0.249156 0.924871 0.000000 0.000000 0.000000 0.000000 1.000000
0.849834 -0.376050 0.369281 0.000000 0.432430 0.898054 -0.080645 25.743401 -0.301308 0.228223 0.925812 -0.000000 0.000000 0.000000 0.000000 1.000000
0.855733 -0.362383 0.369323 0.000000 0.412840 0.908469 -0.065167 25.743401 -0.311903 0.208237 0.927013 -0.000000 0.000000 0.000000 0.000000 1.000000
0.835929 -0.398427 0.377465 0.000000 0.449583 0.891571 -0.054558 25.743401 -0.314799 0.215308 0.924415 0.000000 0.000000 0.000000 0.000000 1.000000
0.793523 -0.469397 0.387283 -0.000000 0.525880 0.849189 -0.048262 25.743401 -0.306222 0.241961 0.920697 0.000000 0.000000 0.000000 0.000000 1.000000
0.772169 -0.509821 0.379259 -0.000000 0.564689 0.824250 -0.041700 25.743401 -0.291345 0.246363 0.924350 0.000000 0.000000 0.000000 0.000000 1.000000
0.767308 -0.522097 0.372362 0.000000 0.577602 0.814929 -0.047606 25.743401 -0.278594 0.251606 0.926866 0.000000 0.000000 0.000000 0.000000 1.000000
0.756067 -0.543824 0.364166 -0.000000 0.599849 0.798344 -0.053182 25.743401 -0.261808 0.258654 0.929814 0.000000 0.000000 0.000000 0.000000 1.000000
0.759566 -0.550677 0.346143 0.000000 0.599972 0.798703 -0.045909 25.743401 -0.251184 0.242547 0.937058 -0.000000 0.000000 0.000000 0.000000 1.000000
0.813544 -0.483556 0.322986 -0.000000 0.524318 0.850178 -0.047826 25.743401 -0.251469 0.208256 0.945194 0.000000 0.000000 0.000000 0.000000 1.000000
0.849082 -0.426378 0.311867 0.000000 0.461566 0.885943 -0.045408 25.743401 -0.256936 0.182502 0.949040 0.000000 0.000000 0.000000 0.000000 1.000000
0.851637 -0.420173 0.313319 0.000000 0.455283 0.889206 -0.045050 25.743401 -0.259676 0.181015 0.948579 0.000000 0.000000 0.000000 0.000000 1.000000
0.822756 -0.468751 0.321474 0.000000 0.510542 0.858062 -0.055475 25.743401 -0.249840 0.209768 0.945292 0.000000 0.000000 0.000000 0.000000 1.000000
0.757643 -0.561495 0.332718 0.000000 0.611821 0.788524 -0.062484 25.743401 -0.227272 0.250904 0.940954 0.000000 0.000000 0.000000 0.000000 1.000000
0.687712 -0.643532 0.336035 -0.000000 0.699106 0.711819 -0.067567 25.743401 -0.195714 0.281391 0.939423 0.000000 0.000000 0.000000 0.000000 1.000000
0.618208 -0.714646 0.327261 0.000000 0.769894 0.634439 -0.068921 25.743401 -0.158373 0.294564 0.942417 0.000000 0.000000 0.000000 0.000000 1.000000
0.572008 -0.758436 0.312380 0.000000 0.809545 0.583323 -0.066116 25.743401 -0.132073 0.290704 0.947654 0.000000 0.000000 0.000000 0.000000 1.000000
0.543807 -0.785037 0.296633 -0.000000 0.831365 0.552166 -0.062811 25.743401 -0.114481 0.280768 0.952924 0.000000 0.000000 0.000000 0.000000 1.000000
0.528050 -0.799479 0.286350 -0.000000 0.842790 0.534760 -0.061131 25.743401 -0.104256 0.273613 0.956173 0.000000 0.000000 0.000000 0.000000 1.000000
0.523907 -0.803401 0.282964 -0.000000 0.845896 0.529707 -0.062211 25.743401 -0.099908 0.271951 0.957111 -0.000000 0.000000 0.000000 0.000000 1.000000
0.517523 -0.806227 0.286649 0.000000 0.849757 0.523564 -0.061601 25.743401 -0.100415 0.275462 0.956053 0.000000 0.000000 0.000000 0.000000 1.000000
0.541525 -0.785054 0.300733 0.000000 0.833544 0.547921 -0.070620 25.743401 -0.109337 0.288916 0.951090 0.000000 0.000000 0.000000 0.000000 1.000000
0.607545 -0.729696 0.313738 0.000000 0.783441 0.615568 -0.085416 25.743401 -0.130799 0.297690 0.945660 -0.000000 0.000000 0.000000 0.000000 1.000000
0.678195 -0.655436 0.332347 -0.000000 0.716797 0.689704 -0.102517 25.743401 -0.162028 0.307752 0.937569 -0.000000 0.000000 0.000000 0.000000 1.000000
0.752990 -0.561248 0.343522 0.000000 0.626264 0.771480 -0.112304 25.743401 -0.201990 0.299699 0.932406 0.000000 0.000000 0.000000 0.000000 1.000000
0.804445 -0.477963 0.352732 0.000000 0.548636 0.825464 -0.132694 25.743401 -0.227744 0.300266 0.926268 0.000000 0.000000 0.000000 0.000000 1.000000
0.833212 -0.422271 0.356994 0.000000 0.498005 0.853643 -0.152594 25.743401 -0.240309 0.304928 0.921559 0.000000 0.000000 0.000000 0.000000 1.000000
0.817787 -0.446957 0.362565 -0.000000 0.518754 0.845279 -0.128051 25.743401 -0.249236 0.292801 0.923119 -0.000000 0.000000 0.000000 0.000000 1.000000</float_array>
        <technique_common>
          <accessor source="#mixamorig8_LeftForeArm-Matrix-animation-output-transform-array" count="32" stride="16">
            <param type="float4x4"/>
          </accessor>
        </technique_common>
      </source>
      <source id="mixamorig8_LeftForeArm-Interpolations">
        <Name_array id="mixamorig8_LeftForeArm-Interpolations-array" count="32">
 LINEAR LINEAR LINEAR LINEAR LINEAR LINEAR LINEAR LINEAR LINEAR LINEAR LINEAR
LINEAR LINEAR LINEAR LINEAR LINEAR LINEAR LINEAR LINEAR LINEAR LINEAR LINEAR LINEAR
LINEAR LINEAR LINEAR LINEAR LINEAR LINEAR LINEAR LINEAR LINEAR</Name_array>
        <technique_common>
          <accessor source="#mixamorig8_LeftForeArm-Interpolations-array" count="32">
            <param type="name"/>
          </accessor>
        </technique_common>
      </source>
      <sampler id="mixamorig8_LeftForeArm-Matrix-animation-transform">
        <input semantic="INPUT" source="#mixamorig8_LeftForeArm-Matrix-animation-input"/>
        <input semantic="OUTPUT" source="#mixamorig8_LeftForeArm-Matrix-animation-output-transform"/>
        <input semantic="INTERPOLATION" source="#mixamorig8_LeftForeArm-Interpolations"/>
      </sampler>
      <channel source="#mixamorig8_LeftForeArm-Matrix-animation-transform" target="mixamorig8_LeftForeArm/matrix"/>
    </animation>
    <animation id="mixamorig8_LeftHand-anim" name="mixamorig8_LeftHand">
      <source id="mixamorig8_LeftHand-Matrix-animation-input">
        <float_array id="mixamorig8_LeftHand-Matrix-animation-input-array" count="32">

0.000000 0.033333 0.066667 0.100000 0.133333 0.166667 0.200000 0.233333 0.266667 0.300000 0.333333 0.366667 0.400000 0.433333 0.466667 0.500000
0.533333 0.566667 0.600000 0.633333 0.666667 0.700000 0.733333 0.766667 0.800000 0.833333 0.866667 0.900000 0.933333 0.966667 1.000000 1.033333</float_array>
        <technique_common>
          <accessor source="#mixamorig8_LeftHand-Matrix-animation-input-array" count="32">
            <param name="TIME" type="float"/>
          </accessor>
        </technique_common>
      </source>
      <source id="mixamorig8_LeftHand-Matrix-animation-output-transform">
        <float_array id="mixamorig8_LeftHand-Matrix-animation-output-transform-array" count="512">

0.919911 -0.137616 0.367185 0.000000 0.059478 0.974529 0.216229 22.281700 -0.387589 -0.177072 0.904666 0.000000 0.000000 0.000000 0.000000 1.000000
0.903582 -0.152341 0.400415 0.000000 0.074002 0.976093 0.204368 22.281700 -0.421976 -0.155032 0.893253 0.000000 0.000000 0.000000 0.000000 1.000000
0.912824 -0.144931 0.381768 0.000000 0.070170 0.976663 0.202993 22.281700 -0.402278 -0.158509 0.901691 0.000000 0.000000 0.000000 0.000000 1.000000
0.914904 -0.153501 0.373348 0.000000 0.079956 0.975465 0.205124 22.281700 -0.395674 -0.157817 0.904730 0.000000 0.000000 0.000000 0.000000 1.000000
0.906514 -0.173872 0.384708 0.000000 0.101145 0.974160 0.201945 22.281700 -0.409880 -0.144155 0.900676 0.000000 0.000000 0.000000 0.000000 1.000000
0.890626 -0.195338 0.410643 0.000000 0.123585 0.973022 0.194818 22.281700 -0.437620 -0.122761 0.890740 0.000000 0.000000 0.000000 0.000000 1.000000
0.873931 -0.173345 0.454088 -0.000000 0.108998 0.980342 0.164463 22.281700 -0.473671 -0.094235 0.875646 0.000000 0.000000 0.000000 0.000000 1.000000
0.868923 -0.064615 0.490712 0.000000 0.019049 0.995073 0.097296 22.281700 -0.494581 -0.075195 0.865873 0.000000 0.000000 0.000000 0.000000 1.000000
0.867873 0.071052 0.491679 -0.000000 -0.096216 0.995020 0.026043 22.281700 -0.487380 -0.069909 0.870387 0.000000 0.000000 0.000000 0.000000 1.000000
0.864487 0.163134 0.475447 0.000000 -0.175419 0.984315 -0.018777 22.281700 -0.471053 -0.067170 0.879544 -0.000000 0.000000 0.000000 0.000000 1.000000
0.846721 0.241132 0.474256 0.000000 -0.242974 0.968267 -0.058512 22.281700 -0.473316 -0.065689 0.878440 0.000000 0.000000 0.000000 0.000000 1.000000
0.826408 0.304236 0.473804 -0.000000 -0.295704 0.950582 -0.094615 22.281700 -0.479175 -0.061915 0.875533 0.000000 0.000000 0.000000 0.000000 1.000000
0.827451 0.318569 0.462426 0.000000 -0.304337 0.946483 -0.107469 22.281700 -0.471915 -0.051808 0.880121 -0.000000 0.000000 0.000000 0.000000 1.000000
0.841016 0.261394 0.473671 0.000000 -0.253439 0.963876 -0.081925 22.281700 -0.477975 -0.051146 0.876883 -0.000000 0.000000 0.000000 0.000000 1.000000
0.861487 0.195197 0.468762 0.000000 -0.193609 0.979692 -0.052141 22.281700 -0.469420 -0.045838 0.881784 0.000000 0.000000 0.000000 0.000000 1.000000
0.883753 0.146821 0.444324 0.000000 -0.146377 0.988591 -0.035524 22.281700 -0.444470 -0.033645 0.895162 0.000000 0.000000 0.000000 0.000000 1.000000
0.904768 0.122868 0.407797 0.000000 -0.120521 0.992209 -0.031552 22.281700 -0.408497 -0.020601 0.912527 -0.000000 0.000000 0.000000 0.000000 1.000000
0.923250 0.125720 0.363049 0.000000 -0.119990 0.992033 -0.038390 22.281700 -0.364983 -0.008119 0.930979 -0.000000 0.000000 0.000000 0.000000 1.000000
0.936750 0.131420 0.324390 0.000000 -0.125719 0.991316 -0.038568 22.281700 -0.326641 -0.004654 0.945137 -0.000000 0.000000 0.000000 0.000000 1.000000
0.947563 0.132215 0.290935 0.000000 -0.131063 0.991095 -0.023538 22.281700 -0.291457 -0.015827 0.956453 0.000000 0.000000 0.000000 0.000000 1.000000
0.956834 0.117041 0.266027 -0.000000 -0.123803 0.992268 0.008733 22.281700 -0.262948 -0.041291 0.963926 0.000000 0.000000 0.000000 0.000000 1.000000
0.963526 0.078406 0.255871 0.000000 -0.097488 0.993257 0.062749 22.281700 -0.249226 -0.085405 0.964672 0.000000 0.000000 0.000000 0.000000 1.000000
0.967284 0.019471 0.252949 0.000000 -0.054983 0.989442 0.134092 22.281700 -0.247667 -0.143613 0.958142 0.000000 0.000000 0.000000 0.000000 1.000000
0.966412 -0.040627 0.253764 -0.000000 -0.011153 0.979865 0.199349 22.281700 -0.256754 -0.195484 0.946501 0.000000 0.000000 0.000000 0.000000 1.000000
0.965542 -0.083633 0.246442 -0.000000 0.020948 0.968860 0.246721 22.281700 -0.259402 -0.233057 0.937227 0.000000 0.000000 0.000000 0.000000 1.000000
0.963871 -0.114430 0.240540 0.000000 0.044711 0.959716 0.277393 22.281700 -0.262592 -0.256616 0.930158 0.000000 0.000000 0.000000 0.000000 1.000000
0.962912 -0.134228 0.234060 -0.000000 0.062024 0.954362 0.292140 22.281700 -0.262591 -0.266787 0.927292 0.000000 0.000000 0.000000 0.000000 1.000000
0.964762 -0.132173 0.227518 -0.000000 0.062127 0.954657 0.291152 22.281700 -0.255684 -0.266757 0.929229 0.000000 0.000000 0.000000 0.000000 1.000000
0.965616 -0.133303 0.223197 -0.000000 0.066773 0.956903 0.282626 22.281700 -0.251253 -0.258005 0.932902 0.000000 0.000000 0.000000 0.000000 1.000000
0.956309 -0.133514 0.260092 0.000000 0.062639 0.962543 0.263793 22.281700 -0.285569 -0.235975 0.928852 0.000000 0.000000 0.000000 0.000000 1.000000
0.933808 -0.139088 0.329633 0.000000 0.058814 0.968483 0.242037 22.281700 -0.352908 -0.206629 0.912557 0.000000 0.000000 0.000000 0.000000 1.000000
0.919912 -0.137616 0.367185 0.000000 0.059478 0.974529 0.216229 22.281700 -0.387589 -0.177073 0.904666 -0.000000 0.000000 0.000000 0.000000 1.000000</float_array>
        <technique_common>
          <accessor source="#mixamorig8_LeftHand-Matrix-animation-output-transform-array" count="32" stride="16">
            <param type="float4x4"/>
          </accessor>
        </technique_common>
      </source>
      <source id="mixamorig8_LeftHand-Interpolations">
        <Name_array id="mixamorig8_LeftHand-Interpolations-array" count="32">
 LINEAR LINEAR LINEAR LINEAR LINEAR LINEAR LINEAR LINEAR LINEAR LINEAR LINEAR
LINEAR LINEAR LINEAR LINEAR LINEAR LINEAR LINEAR LINEAR LINEAR LINEAR LINEAR LINEAR
LINEAR LINEAR LINEAR LINEAR LINEAR LINEAR LINEAR LINEAR LINEAR</Name_array>
        <technique_common>
          <accessor source="#mixamorig8_LeftHand-Interpolations-array" count="32">
            <param type="name"/>
          </accessor>
        </technique_common>
      </source>
      <sampler id="mixamorig8_LeftHand-Matrix-animation-transform">
        <input semantic="INPUT" source="#mixamorig8_LeftHand-Matrix-animation-input"/>
        <input semantic="OUTPUT" source="#mixamorig8_LeftHand-Matrix-animation-output-transform"/>
        <input semantic="INTERPOLATION" source="#mixamorig8_LeftHand-Interpolations"/>
      </sampler>
      <channel source="#mixamorig8_LeftHand-Matrix-animation-transform" target="mixamorig8_LeftHand/matrix"/>
    </animation>
    <animation id="mixamorig8_LeftHandThumb1-anim" name="mixamorig8_LeftHandThumb1">
      <source id="mixamorig8_LeftHandThumb1-Matrix-animation-input">
        <float_array id="mixamorig8_LeftHandThumb1-Matrix-animation-input-array" count="32">

0.000000 0.033333 0.066667 0.100000 0.133333 0.166667 0.200000 0.233333 0.266667 0.300000 0.333333 0.366667 0.400000 0.433333 0.466667 0.500000
0.533333 0.566667 0.600000 0.633333 0.666667 0.700000 0.733333 0.766667 0.800000 0.833333 0.866667 0.900000 0.933333 0.966667 1.000000 1.033333</float_array>
        <technique_common>
          <accessor source="#mixamorig8_LeftHandThumb1-Matrix-animation-input-array" count="32">
            <param name="TIME" type="float"/>
          </accessor>
        </technique_common>
      </source>
      <source id="mixamorig8_LeftHandThumb1-Matrix-animation-output-transform">
        <float_array id="mixamorig8_LeftHandThumb1-Matrix-animation-output-transform-array" count="512">

0.954079 -0.271938 0.125631 -2.987900 0.297033 0.804518 -0.514318 2.933500 0.038790 0.528016 0.848348 1.347900 0.000000 0.000000 0.000000 1.000000
0.954079 -0.271938 0.125631 -2.987900 0.297033 0.804518 -0.514317 2.933500 0.038790 0.528016 0.848348 1.347900 0.000000 0.000000 0.000000 1.000000
0.954079 -0.271938 0.125631 -2.987900 0.297033 0.804518 -0.514318 2.933500 0.038790 0.528016 0.848348 1.347900 0.000000 0.000000 0.000000 1.000000
0.954079 -0.271938 0.125631 -2.987900 0.297033 0.804518 -0.514318 2.933500 0.038791 0.528016 0.848348 1.347900 0.000000 0.000000 0.000000 1.000000
0.954079 -0.271938 0.125631 -2.987900 0.297033 0.804518 -0.514317 2.933500 0.038790 0.528016 0.848348 1.347900 0.000000 0.000000 0.000000 1.000000
0.954079 -0.271938 0.125631 -2.987900 0.297033 0.804518 -0.514317 2.933500 0.038790 0.528016 0.848348 1.347900 0.000000 0.000000 0.000000 1.000000
0.954079 -0.271938 0.125631 -2.987900 0.297033 0.804518 -0.514317 2.933500 0.038790 0.528016 0.848348 1.347900 0.000000 0.000000 0.000000 1.000000
0.954079 -0.271938 0.125631 -2.987900 0.297033 0.804518 -0.514317 2.933500 0.038790 0.528016 0.848348 1.347900 0.000000 0.000000 0.000000 1.000000
0.954079 -0.271938 0.125631 -2.987900 0.297033 0.804518 -0.514317 2.933500 0.038790 0.528016 0.848348 1.347900 0.000000 0.000000 0.000000 1.000000
0.954079 -0.271938 0.125631 -2.987900 0.297033 0.804518 -0.514318 2.933500 0.038790 0.528016 0.848348 1.347900 0.000000 0.000000 0.000000 1.000000
0.954079 -0.271938 0.125631 -2.987900 0.297033 0.804518 -0.514317 2.933500 0.038790 0.528016 0.848348 1.347900 0.000000 0.000000 0.000000 1.000000
0.954079 -0.271938 0.125631 -2.987900 0.297033 0.804518 -0.514318 2.933500 0.038790 0.528016 0.848348 1.347900 0.000000 0.000000 0.000000 1.000000
0.954079 -0.271938 0.125631 -2.987900 0.297033 0.804518 -0.514317 2.933500 0.038790 0.528016 0.848348 1.347900 0.000000 0.000000 0.000000 1.000000
0.954079 -0.271938 0.125631 -2.987900 0.297033 0.804518 -0.514317 2.933500 0.038790 0.528016 0.848348 1.347900 0.000000 0.000000 0.000000 1.000000
0.954079 -0.271938 0.125631 -2.987900 0.297033 0.804518 -0.514317 2.933500 0.038790 0.528016 0.848348 1.347900 0.000000 0.000000 0.000000 1.000000
0.954079 -0.271938 0.125631 -2.987900 0.297033 0.804518 -0.514318 2.933500 0.038790 0.528016 0.848348 1.347900 0.000000 0.000000 0.000000 1.000000
0.954079 -0.271938 0.125631 -2.987900 0.297033 0.804518 -0.514317 2.933500 0.038790 0.528016 0.848348 1.347900 0.000000 0.000000 0.000000 1.000000
0.954079 -0.271938 0.125631 -2.987900 0.297033 0.804518 -0.514317 2.933500 0.038790 0.528016 0.848348 1.347900 0.000000 0.000000 0.000000 1.000000
0.954079 -0.271938 0.125631 -2.987900 0.297033 0.804518 -0.514318 2.933500 0.038790 0.528016 0.848348 1.347900 0.000000 0.000000 0.000000 1.000000
0.954079 -0.271938 0.125631 -2.987900 0.297033 0.804518 -0.514318 2.933500 0.038790 0.528016 0.848348 1.347900 0.000000 0.000000 0.000000 1.000000
0.954079 -0.271938 0.125631 -2.987900 0.297033 0.804518 -0.514317 2.933500 0.038790 0.528016 0.848348 1.347900 0.000000 0.000000 0.000000 1.000000
0.954079 -0.271938 0.125631 -2.987900 0.297033 0.804518 -0.514317 2.933500 0.038790 0.528016 0.848348 1.347900 0.000000 0.000000 0.000000 1.000000
0.954079 -0.271938 0.125631 -2.987900 0.297033 0.804518 -0.514317 2.933500 0.038790 0.528016 0.848348 1.347900 0.000000 0.000000 0.000000 1.000000
0.954079 -0.271938 0.125631 -2.987900 0.297033 0.804518 -0.514317 2.933500 0.038790 0.528016 0.848348 1.347900 0.000000 0.000000 0.000000 1.000000
0.954079 -0.271938 0.125631 -2.987900 0.297033 0.804518 -0.514318 2.933500 0.038790 0.528016 0.848348 1.347900 0.000000 0.000000 0.000000 1.000000
0.954079 -0.271938 0.125631 -2.987900 0.297033 0.804518 -0.514318 2.933500 0.038791 0.528016 0.848348 1.347900 0.000000 0.000000 0.000000 1.000000
0.954079 -0.271938 0.125631 -2.987900 0.297033 0.804518 -0.514318 2.933500 0.038790 0.528016 0.848348 1.347900 0.000000 0.000000 0.000000 1.000000
0.954079 -0.271938 0.125631 -2.987900 0.297033 0.804518 -0.514318 2.933500 0.038790 0.528016 0.848348 1.347900 0.000000 0.000000 0.000000 1.000000
0.954079 -0.271938 0.125631 -2.987900 0.297033 0.804518 -0.514318 2.933500 0.038790 0.528016 0.848348 1.347900 0.000000 0.000000 0.000000 1.000000
0.954079 -0.271938 0.125630 -2.987900 0.297033 0.804518 -0.514318 2.933500 0.038791 0.528016 0.848348 1.347900 0.000000 0.000000 0.000000 1.000000
0.954079 -0.271938 0.125631 -2.987900 0.297033 0.804518 -0.514317 2.933500 0.038790 0.528016 0.848348 1.347900 0.000000 0.000000 0.000000 1.000000
0.954079 -0.271938 0.125631 -2.987900 0.297033 0.804518 -0.514317 2.933500 0.038790 0.528016 0.848348 1.347900 0.000000 0.000000 0.000000 1.000000</float_array>
        <technique_common>
          <accessor source="#mixamorig8_LeftHandThumb1-Matrix-animation-output-transform-array" count="32" stride="16">
            <param type="float4x4"/>
          </accessor>
        </technique_common>
      </source>
      <source id="mixamorig8_LeftHandThumb1-Interpolations">
        <Name_array id="mixamorig8_LeftHandThumb1-Interpolations-array" count="32">
 LINEAR LINEAR LINEAR LINEAR LINEAR LINEAR LINEAR LINEAR LINEAR LINEAR LINEAR
LINEAR LINEAR LINEAR LINEAR LINEAR LINEAR LINEAR LINEAR LINEAR LINEAR LINEAR LINEAR
LINEAR LINEAR LINEAR LINEAR LINEAR LINEAR LINEAR LINEAR LINEAR</Name_array>
        <technique_common>
          <accessor source="#mixamorig8_LeftHandThumb1-Interpolations-array" count="32">
            <param type="name"/>
          </accessor>
        </technique_common>
      </source>
      <sampler id="mixamorig8_LeftHandThumb1-Matrix-animation-transform">
        <input semantic="INPUT" source="#mixamorig8_LeftHandThumb1-Matrix-animation-input"/>
        <input semantic="OUTPUT" source="#mixamorig8_LeftHandThumb1-Matrix-animation-output-transform"/>
        <input semantic="INTERPOLATION" source="#mixamorig8_LeftHandThumb1-Interpolations"/>
      </sampler>
      <channel source="#mixamorig8_LeftHandThumb1-Matrix-animation-transform" target="mixamorig8_LeftHandThumb1/matrix"/>
    </animation>
    <animation id="mixamorig8_LeftHandThumb2-anim" name="mixamorig8_LeftHandThumb2">
      <source id="mixamorig8_LeftHandThumb2-Matrix-animation-input">
        <float_array id="mixamorig8_LeftHandThumb2-Matrix-animation-input-array" count="32">

0.000000 0.033333 0.066667 0.100000 0.133333 0.166667 0.200000 0.233333 0.266667 0.300000 0.333333 0.366667 0.400000 0.433333 0.466667 0.500000
0.533333 0.566667 0.600000 0.633333 0.666667 0.700000 0.733333 0.766667 0.800000 0.833333 0.866667 0.900000 0.933333 0.966667 1.000000 1.033333</float_array>
        <technique_common>
          <accessor source="#mixamorig8_LeftHandThumb2-Matrix-animation-input-array" count="32">
            <param name="TIME" type="float"/>
          </accessor>
        </technique_common>
      </source>
      <source id="mixamorig8_LeftHandThumb2-Matrix-animation-output-transform">
        <float_array id="mixamorig8_LeftHandThumb2-Matrix-animation-output-transform-array" count="512">

0.995250 -0.096922 -0.009101 -0.620400 0.097055 0.995159 0.015463 3.464000 0.007558 -0.016273 0.999839 0.000000 0.000000 0.000000 0.000000 1.000000
0.995250 -0.096922 -0.009101 -0.620400 0.097054 0.995159 0.015464 3.464000 0.007558 -0.016274 0.999839 0.000000 0.000000 0.000000 0.000000 1.000000
0.995250 -0.096922 -0.009101 -0.620400 0.097055 0.995159 0.015464 3.464000 0.007558 -0.016274 0.999839 -0.000000 0.000000 0.000000 0.000000 1.000000
0.995250 -0.096922 -0.009101 -0.620400 0.097054 0.995159 0.015464 3.464000 0.007558 -0.016273 0.999839 0.000000 0.000000 0.000000 0.000000 1.000000
0.995250 -0.096922 -0.009101 -0.620400 0.097055 0.995159 0.015463 3.464000 0.007558 -0.016273 0.999839 -0.000000 0.000000 0.000000 0.000000 1.000000
0.995250 -0.096922 -0.009101 -0.620400 0.097054 0.995159 0.015464 3.464000 0.007558 -0.016273 0.999839 -0.000000 0.000000 0.000000 0.000000 1.000000
0.995250 -0.096922 -0.009101 -0.620400 0.097054 0.995159 0.015464 3.464000 0.007558 -0.016274 0.999839 0.000000 0.000000 0.000000 0.000000 1.000000
0.995250 -0.096922 -0.009101 -0.620400 0.097054 0.995159 0.015464 3.464000 0.007558 -0.016274 0.999839 0.000000 0.000000 0.000000 0.000000 1.000000
0.995250 -0.096922 -0.009101 -0.620400 0.097054 0.995159 0.015464 3.464000 0.007558 -0.016274 0.999839 -0.000000 0.000000 0.000000 0.000000 1.000000
0.995250 -0.096922 -0.009101 -0.620400 0.097054 0.995159 0.015464 3.464000 0.007558 -0.016274 0.999839 0.000000 0.000000 0.000000 0.000000 1.000000
0.995250 -0.096922 -0.009101 -0.620400 0.097054 0.995159 0.015464 3.464000 0.007558 -0.016273 0.999839 0.000000 0.000000 0.000000 0.000000 1.000000
0.995250 -0.096922 -0.009101 -0.620400 0.097054 0.995159 0.015464 3.464000 0.007558 -0.016274 0.999839 0.000000 0.000000 0.000000 0.000000 1.000000
0.995250 -0.096922 -0.009101 -0.620400 0.097054 0.995159 0.015464 3.464000 0.007558 -0.016273 0.999839 0.000000 0.000000 0.000000 0.000000 1.000000
0.995250 -0.096922 -0.009101 -0.620400 0.097054 0.995159 0.015464 3.464000 0.007558 -0.016274 0.999839 0.000000 0.000000 0.000000 0.000000 1.000000
0.995250 -0.096922 -0.009101 -0.620400 0.097054 0.995159 0.015464 3.464000 0.007558 -0.016273 0.999839 0.000000 0.000000 0.000000 0.000000 1.000000
0.995250 -0.096922 -0.009101 -0.620400 0.097055 0.995159 0.015464 3.464000 0.007558 -0.016274 0.999839 -0.000000 0.000000 0.000000 0.000000 1.000000
0.995250 -0.096922 -0.009101 -0.620400 0.097054 0.995159 0.015464 3.464000 0.007558 -0.016273 0.999839 -0.000000 0.000000 0.000000 0.000000 1.000000
0.995250 -0.096922 -0.009101 -0.620400 0.097054 0.995159 0.015463 3.464000 0.007558 -0.016273 0.999839 -0.000000 0.000000 0.000000 0.000000 1.000000
0.995250 -0.096922 -0.009101 -0.620400 0.097055 0.995159 0.015463 3.464000 0.007558 -0.016273 0.999839 0.000000 0.000000 0.000000 0.000000 1.000000
0.995250 -0.096922 -0.009101 -0.620400 0.097055 0.995159 0.015464 3.464000 0.007558 -0.016273 0.999839 0.000000 0.000000 0.000000 0.000000 1.000000
0.995250 -0.096922 -0.009101 -0.620400 0.097054 0.995159 0.015463 3.464000 0.007558 -0.016273 0.999839 0.000000 0.000000 0.000000 0.000000 1.000000
0.995250 -0.096922 -0.009101 -0.620400 0.097054 0.995159 0.015464 3.464000 0.007558 -0.016273 0.999839 0.000000 0.000000 0.000000 0.000000 1.000000
0.995250 -0.096922 -0.009101 -0.620400 0.097054 0.995159 0.015463 3.464000 0.007558 -0.016273 0.999839 0.000000 0.000000 0.000000 0.000000 1.000000
0.995250 -0.096922 -0.009101 -0.620400 0.097054 0.995159 0.015464 3.464000 0.007558 -0.016273 0.999839 -0.000000 0.000000 0.000000 0.000000 1.000000
0.995250 -0.096922 -0.009101 -0.620400 0.097054 0.995159 0.015464 3.464000 0.007558 -0.016274 0.999839 0.000000 0.000000 0.000000 0.000000 1.000000
0.995250 -0.096921 -0.009101 -0.620400 0.097054 0.995159 0.015464 3.464000 0.007558 -0.016273 0.999839 0.000000 0.000000 0.000000 0.000000 1.000000
0.995250 -0.096922 -0.009101 -0.620400 0.097054 0.995159 0.015464 3.464000 0.007558 -0.016273 0.999839 0.000000 0.000000 0.000000 0.000000 1.000000
0.995250 -0.096922 -0.009101 -0.620400 0.097054 0.995159 0.015463 3.464000 0.007558 -0.016273 0.999839 -0.000000 0.000000 0.000000 0.000000 1.000000
0.995250 -0.096922 -0.009101 -0.620400 0.097055 0.995159 0.015463 3.464000 0.007558 -0.016273 0.999839 0.000000 0.000000 0.000000 0.000000 1.000000
0.995250 -0.096922 -0.009101 -0.620400 0.097055 0.995159 0.015463 3.464000 0.007558 -0.016273 0.999839 0.000000 0.000000 0.000000 0.000000 1.000000
0.995250 -0.096922 -0.009101 -0.620400 0.097054 0.995159 0.015464 3.464000 0.007558 -0.016274 0.999839 0.000000 0.000000 0.000000 0.000000 1.000000
0.995250 -0.096922 -0.009101 -0.620400 0.097054 0.995159 0.015464 3.464000 0.007558 -0.016274 0.999839 0.000000 0.000000 0.000000 0.000000 1.000000</float_array>
        <technique_common>
          <accessor source="#mixamorig8_LeftHandThumb2-Matrix-animation-output-transform-array" count="32" stride="16">
            <param type="float4x4"/>
          </accessor>
        </technique_common>
      </source>
      <source id="mixamorig8_LeftHandThumb2-Interpolations">
        <Name_array id="mixamorig8_LeftHandThumb2-Interpolations-array" count="32">
 LINEAR LINEAR LINEAR LINEAR LINEAR LINEAR LINEAR LINEAR LINEAR LINEAR LINEAR
LINEAR LINEAR LINEAR LINEAR LINEAR LINEAR LINEAR LINEAR LINEAR LINEAR LINEAR LINEAR
LINEAR LINEAR LINEAR LINEAR LINEAR LINEAR LINEAR LINEAR LINEAR</Name_array>
        <technique_common>
          <accessor source="#mixamorig8_LeftHandThumb2-Interpolations-array" count="32">
            <param type="name"/>
          </accessor>
        </technique_common>
      </source>
      <sampler id="mixamorig8_LeftHandThumb2-Matrix-animation-transform">
        <input semantic="INPUT" source="#mixamorig8_LeftHandThumb2-Matrix-animation-input"/>
        <input semantic="OUTPUT" source="#mixamorig8_LeftHandThumb2-Matrix-animation-output-transform"/>
        <input semantic="INTERPOLATION" source="#mixamorig8_LeftHandThumb2-Interpolations"/>
      </sampler>
      <channel source="#mixamorig8_LeftHandThumb2-Matrix-animation-transform" target="mixamorig8_LeftHandThumb2/matrix"/>
    </animation>
    <animation id="mixamorig8_LeftHandThumb3-anim" name="mixamorig8_LeftHandThumb3">
      <source id="mixamorig8_LeftHandThumb3-Matrix-animation-input">
        <float_array id="mixamorig8_LeftHandThumb3-Matrix-animation-input-array" count="32">

0.000000 0.033333 0.066667 0.100000 0.133333 0.166667 0.200000 0.233333 0.266667 0.300000 0.333333 0.366667 0.400000 0.433333 0.466667 0.500000
0.533333 0.566667 0.600000 0.633333 0.666667 0.700000 0.733333 0.766667 0.800000 0.833333 0.866667 0.900000 0.933333 0.966667 1.000000 1.033333</float_array>
        <technique_common>
          <accessor source="#mixamorig8_LeftHandThumb3-Matrix-animation-input-array" count="32">
            <param name="TIME" type="float"/>
          </accessor>
        </technique_common>
      </source>
      <source id="mixamorig8_LeftHandThumb3-Matrix-animation-output-transform">
        <float_array id="mixamorig8_LeftHandThumb3-Matrix-animation-output-transform-array" count="512">

0.992128 -0.123504 -0.020719 0.165000 0.123552 0.992338 0.001021 3.349200 0.020434 -0.003573 0.999785 0.000000 0.000000 0.000000 0.000000 1.000000
0.992128 -0.123504 -0.020719 0.165000 0.123552 0.992338 0.001021 3.349200 0.020434 -0.003573 0.999785 0.000000 0.000000 0.000000 0.000000 1.000000
0.992128 -0.123504 -0.020719 0.165000 0.123552 0.992338 0.001021 3.349200 0.020434 -0.003573 0.999785 0.000000 0.000000 0.000000 0.000000 1.000000
0.992128 -0.123504 -0.020719 0.165000 0.123552 0.992338 0.001021 3.349200 0.020434 -0.003573 0.999785 0.000000 0.000000 0.000000 0.000000 1.000000
0.992128 -0.123505 -0.020719 0.165000 0.123552 0.992338 0.001021 3.349200 0.020434 -0.003573 0.999785 -0.000000 0.000000 0.000000 0.000000 1.000000
0.992128 -0.123505 -0.020719 0.165000 0.123552 0.992338 0.001021 3.349200 0.020434 -0.003573 0.999785 -0.000000 0.000000 0.000000 0.000000 1.000000
0.992128 -0.123505 -0.020719 0.165000 0.123552 0.992338 0.001021 3.349200 0.020434 -0.003573 0.999785 -0.000000 0.000000 0.000000 0.000000 1.000000
0.992128 -0.123505 -0.020719 0.165000 0.123552 0.992338 0.001021 3.349200 0.020434 -0.003573 0.999785 -0.000000 0.000000 0.000000 0.000000 1.000000
0.992128 -0.123504 -0.020719 0.165000 0.123552 0.992338 0.001021 3.349200 0.020434 -0.003572 0.999785 0.000000 0.000000 0.000000 0.000000 1.000000
0.992128 -0.123504 -0.020719 0.165000 0.123552 0.992338 0.001021 3.349200 0.020434 -0.003572 0.999785 0.000000 0.000000 0.000000 0.000000 1.000000
0.992128 -0.123504 -0.020719 0.165000 0.123552 0.992338 0.001021 3.349200 0.020434 -0.003573 0.999785 -0.000000 0.000000 0.000000 0.000000 1.000000
0.992128 -0.123504 -0.020719 0.165000 0.123552 0.992338 0.001021 3.349200 0.020434 -0.003573 0.999785 -0.000000 0.000000 0.000000 0.000000 1.000000
0.992128 -0.123504 -0.020719 0.165000 0.123552 0.992338 0.001021 3.349200 0.020434 -0.003573 0.999785 -0.000000 0.000000 0.000000 0.000000 1.000000
0.992128 -0.123504 -0.020719 0.165000 0.123552 0.992338 0.001021 3.349200 0.020434 -0.003573 0.999785 -0.000000 0.000000 0.000000 0.000000 1.000000
0.992128 -0.123505 -0.020719 0.165000 0.123552 0.992338 0.001021 3.349200 0.020434 -0.003573 0.999785 0.000000 0.000000 0.000000 0.000000 1.000000
0.992128 -0.123504 -0.020719 0.165000 0.123552 0.992338 0.001020 3.349200 0.020434 -0.003572 0.999785 -0.000000 0.000000 0.000000 0.000000 1.000000
0.992128 -0.123504 -0.020719 0.165000 0.123552 0.992338 0.001021 3.349200 0.020434 -0.003573 0.999785 -0.000000 0.000000 0.000000 0.000000 1.000000
0.992128 -0.123505 -0.020719 0.165000 0.123552 0.992338 0.001021 3.349200 0.020434 -0.003573 0.999785 -0.000000 0.000000 0.000000 0.000000 1.000000
0.992128 -0.123504 -0.020719 0.165000 0.123552 0.992338 0.001021 3.349200 0.020434 -0.003573 0.999785 0.000000 0.000000 0.000000 0.000000 1.000000
0.992128 -0.123504 -0.020719 0.165000 0.123552 0.992338 0.001021 3.349200 0.020434 -0.003573 0.999785 0.000000 0.000000 0.000000 0.000000 1.000000
0.992128 -0.123505 -0.020719 0.165000 0.123552 0.992338 0.001021 3.349200 0.020434 -0.003573 0.999785 0.000000 0.000000 0.000000 0.000000 1.000000
0.992128 -0.123504 -0.020719 0.165000 0.123552 0.992338 0.001021 3.349200 0.020434 -0.003573 0.999785 0.000000 0.000000 0.000000 0.000000 1.000000
0.992128 -0.123504 -0.020719 0.165000 0.123552 0.992338 0.001021 3.349200 0.020434 -0.003573 0.999785 0.000000 0.000000 0.000000 0.000000 1.000000
0.992128 -0.123505 -0.020719 0.165000 0.123552 0.992338 0.001021 3.349200 0.020434 -0.003573 0.999785 0.000000 0.000000 0.000000 0.000000 1.000000
0.992128 -0.123504 -0.020719 0.165000 0.123552 0.992338 0.001021 3.349200 0.020434 -0.003573 0.999785 0.000000 0.000000 0.000000 0.000000 1.000000
0.992128 -0.123504 -0.020719 0.165000 0.123552 0.992338 0.001021 3.349200 0.020434 -0.003572 0.999785 0.000000 0.000000 0.000000 0.000000 1.000000
0.992128 -0.123504 -0.020719 0.165000 0.123552 0.992338 0.001021 3.349200 0.020434 -0.003573 0.999785 -0.000000 0.000000 0.000000 0.000000 1.000000
0.992128 -0.123504 -0.020719 0.165000 0.123552 0.992338 0.001021 3.349200 0.020434 -0.003573 0.999785 0.000000 0.000000 0.000000 0.000000 1.000000
0.992128 -0.123504 -0.020719 0.165000 0.123552 0.992338 0.001021 3.349200 0.020434 -0.003573 0.999785 -0.000000 0.000000 0.000000 0.000000 1.000000
0.992128 -0.123504 -0.020719 0.165000 0.123552 0.992338 0.001021 3.349200 0.020434 -0.003573 0.999785 -0.000000 0.000000 0.000000 0.000000 1.000000
0.992128 -0.123505 -0.020719 0.165000 0.123552 0.992338 0.001021 3.349200 0.020434 -0.003573 0.999785 0.000000 0.000000 0.000000 0.000000 1.000000
0.992128 -0.123504 -0.020719 0.165000 0.123552 0.992338 0.001021 3.349200 0.020434 -0.003573 0.999785 -0.000000 0.000000 0.000000 0.000000 1.000000</float_array>
        <technique_common>
          <accessor source="#mixamorig8_LeftHandThumb3-Matrix-animation-output-transform-array" count="32" stride="16">
            <param type="float4x4"/>
          </accessor>
        </technique_common>
      </source>
      <source id="mixamorig8_LeftHandThumb3-Interpolations">
        <Name_array id="mixamorig8_LeftHandThumb3-Interpolations-array" count="32">
 LINEAR LINEAR LINEAR LINEAR LINEAR LINEAR LINEAR LINEAR LINEAR LINEAR LINEAR
LINEAR LINEAR LINEAR LINEAR LINEAR LINEAR LINEAR LINEAR LINEAR LINEAR LINEAR LINEAR
LINEAR LINEAR LINEAR LINEAR LINEAR LINEAR LINEAR LINEAR LINEAR</Name_array>
        <technique_common>
          <accessor source="#mixamorig8_LeftHandThumb3-Interpolations-array" count="32">
            <param type="name"/>
          </accessor>
        </technique_common>
      </source>
      <sampler id="mixamorig8_LeftHandThumb3-Matrix-animation-transform">
        <input semantic="INPUT" source="#mixamorig8_LeftHandThumb3-Matrix-animation-input"/>
        <input semantic="OUTPUT" source="#mixamorig8_LeftHandThumb3-Matrix-animation-output-transform"/>
        <input semantic="INTERPOLATION" source="#mixamorig8_LeftHandThumb3-Interpolations"/>
      </sampler>
      <channel source="#mixamorig8_LeftHandThumb3-Matrix-animation-transform" target="mixamorig8_LeftHandThumb3/matrix"/>
    </animation>
    <animation id="mixamorig8_LeftHandIndex1-anim" name="mixamorig8_LeftHandIndex1">
      <source id="mixamorig8_LeftHandIndex1-Matrix-animation-input">
        <float_array id="mixamorig8_LeftHandIndex1-Matrix-animation-input-array" count="32">

0.000000 0.033333 0.066667 0.100000 0.133333 0.166667 0.200000 0.233333 0.266667 0.300000 0.333333 0.366667 0.400000 0.433333 0.466667 0.500000
0.533333 0.566667 0.600000 0.633333 0.666667 0.700000 0.733333 0.766667 0.800000 0.833333 0.866667 0.900000 0.933333 0.966667 1.000000 1.033333</float_array>
        <technique_common>
          <accessor source="#mixamorig8_LeftHandIndex1-Matrix-animation-input-array" count="32">
            <param name="TIME" type="float"/>
          </accessor>
        </technique_common>
      </source>
      <source id="mixamorig8_LeftHandIndex1-Matrix-animation-output-transform">
        <float_array id="mixamorig8_LeftHandIndex1-Matrix-animation-output-transform-array" count="512">

0.986248 -0.137967 0.090996 -3.487600 0.163395 0.731171 -0.662338 9.302900 0.024847 0.668097 0.743659 0.157300 0.000000 0.000000 0.000000 1.000000
0.985754 -0.142177 0.089860 -3.487600 0.166467 0.748358 -0.642067 9.302900 0.024040 0.647879 0.761364 0.157300 0.000000 0.000000 0.000000 1.000000
0.985281 -0.146478 0.088125 -3.487600 0.169404 0.767638 -0.618090 9.302900 0.022889 0.623920 0.781153 0.157300 0.000000 0.000000 0.000000 1.000000
0.984815 -0.150709 0.086176 -3.487600 0.172278 0.787053 -0.592341 9.302900 0.021447 0.598193 0.801065 0.157300 0.000000 0.000000 0.000000 1.000000
0.984341 -0.154756 0.084405 -3.487600 0.175161 0.804897 -0.566974 9.302900 0.019805 0.572880 0.819400 0.157300 0.000000 0.000000 0.000000 1.000000
0.983840 -0.158546 0.083200 -3.487600 0.178134 0.819733 -0.544340 9.302900 0.018101 0.550364 0.834729 0.157300 0.000000 0.000000 0.000000 1.000000
0.983291 -0.162044 0.082947 -3.487600 0.181289 0.830351 -0.526927 9.302900 0.016510 0.533160 0.845853 0.157300 0.000000 0.000000 0.000000 1.000000
0.982670 -0.165226 0.084027 -3.487600 0.184737 0.835645 -0.517271 9.302900 0.015250 0.523829 0.851687 0.157300 0.000000 0.000000 0.000000 1.000000
0.981908 -0.168063 0.087249 -3.487600 0.188789 0.833066 -0.519962 9.302900 0.014702 0.527026 0.849722 0.157300 0.000000 0.000000 0.000000 1.000000
0.980829 -0.170422 0.094501 -3.487600 0.194237 0.815968 -0.544490 9.302900 0.015683 0.552407 0.833427 0.157300 0.000000 0.000000 0.000000 1.000000
0.979747 -0.172041 0.102462 -3.487600 0.199478 0.793920 -0.574368 9.302900 0.017468 0.583175 0.812159 0.157300 0.000000 0.000000 0.000000 1.000000
0.979088 -0.173069 0.106928 -3.487600 0.202591 0.781585 -0.589984 9.302900 0.018535 0.599309 0.800303 0.157300 0.000000 0.000000 0.000000 1.000000
0.978673 -0.174054 0.109111 -3.487600 0.204555 0.776808 -0.595590 9.302900 0.018907 0.605207 0.795844 0.157300 0.000000 0.000000 0.000000 1.000000
0.978345 -0.175106 0.110359 -3.487600 0.206112 0.775402 -0.596883 9.302900 0.018945 0.606704 0.794702 0.157300 0.000000 0.000000 0.000000 1.000000
0.978105 -0.176169 0.110794 -3.487600 0.207271 0.776802 -0.594658 9.302900 0.018695 0.604602 0.796308 0.157300 0.000000 0.000000 0.000000 1.000000
0.977951 -0.177177 0.110540 -3.487600 0.208037 0.780392 -0.589669 9.302900 0.018212 0.599664 0.800045 0.157300 0.000000 0.000000 0.000000 1.000000
0.977883 -0.178063 0.109719 -3.487600 0.208414 0.785541 -0.582657 9.302900 0.017561 0.592637 0.805278 0.157300 0.000000 0.000000 0.000000 1.000000
0.977897 -0.178760 0.108453 -3.487600 0.208409 0.791621 -0.574370 9.302900 0.016821 0.584278 0.811380 0.157300 0.000000 0.000000 0.000000 1.000000
0.977990 -0.179205 0.106867 -3.487600 0.208030 0.798030 -0.565572 9.302900 0.016071 0.575356 0.817746 0.157300 0.000000 0.000000 0.000000 1.000000
0.978159 -0.179339 0.105081 -3.487600 0.207286 0.804193 -0.557052 9.302900 0.015396 0.566667 0.823803 0.157300 0.000000 0.000000 0.000000 1.000000
0.978399 -0.179111 0.103220 -3.487600 0.206188 0.809571 -0.549619 9.302900 0.014879 0.559029 0.829014 0.157300 0.000000 0.000000 0.000000 1.000000
0.978706 -0.178472 0.101403 -3.487600 0.204748 0.813652 -0.544104 9.302900 0.014600 0.553280 0.832868 0.157300 0.000000 0.000000 0.000000 1.000000
0.979074 -0.177376 0.099754 -3.487600 0.202976 0.815934 -0.541343 9.302900 0.014629 0.550263 0.834863 0.157300 0.000000 0.000000 0.000000 1.000000
0.979501 -0.175775 0.098393 -3.487600 0.200879 0.815908 -0.542163 9.302900 0.015019 0.550815 0.834492 0.157300 0.000000 0.000000 0.000000 1.000000
0.979994 -0.173556 0.097418 -3.487600 0.198397 0.812943 -0.547505 9.302900 0.015827 0.555879 0.831112 0.157300 0.000000 0.000000 0.000000 1.000000
0.980765 -0.169680 0.096484 -3.487600 0.194421 0.805256 -0.560146 9.302900 0.017351 0.568130 0.822756 0.157300 0.000000 0.000000 0.000000 1.000000
0.981849 -0.163948 0.095355 -3.487600 0.188668 0.792881 -0.579434 9.302900 0.019392 0.586907 0.809422 0.157300 0.000000 0.000000 0.000000 1.000000
0.983071 -0.157187 0.094146 -3.487600 0.181969 0.777555 -0.601910 9.302900 0.021409 0.608852 0.792995 0.157300 0.000000 0.000000 0.000000 1.000000
0.984264 -0.150264 0.092975 -3.487600 0.175195 0.761275 -0.624314 9.302900 0.023033 0.630779 0.775621 0.157300 0.000000 0.000000 0.000000 1.000000
0.985280 -0.144103 0.091969 -3.487600 0.169241 0.746368 -0.643655 9.302900 0.024110 0.649746 0.759769 0.157300 0.000000 0.000000 0.000000 1.000000
0.985983 -0.139673 0.091263 -3.487600 0.165011 0.735432 -0.657200 9.302900 0.024675 0.663047 0.748171 0.157300 0.000000 0.000000 0.000000 1.000000
0.986248 -0.137967 0.090996 -3.487600 0.163395 0.731171 -0.662338 9.302900 0.024847 0.668097 0.743659 0.157300 0.000000 0.000000 0.000000 1.000000</float_array>
        <technique_common>
          <accessor source="#mixamorig8_LeftHandIndex1-Matrix-animation-output-transform-array" count="32" stride="16">
            <param type="float4x4"/>
          </accessor>
        </technique_common>
      </source>
      <source id="mixamorig8_LeftHandIndex1-Interpolations">
        <Name_array id="mixamorig8_LeftHandIndex1-Interpolations-array" count="32">
 LINEAR LINEAR LINEAR LINEAR LINEAR LINEAR LINEAR LINEAR LINEAR LINEAR LINEAR
LINEAR LINEAR LINEAR LINEAR LINEAR LINEAR LINEAR LINEAR LINEAR LINEAR LINEAR LINEAR
LINEAR LINEAR LINEAR LINEAR LINEAR LINEAR LINEAR LINEAR LINEAR</Name_array>
        <technique_common>
          <accessor source="#mixamorig8_LeftHandIndex1-Interpolations-array" count="32">
            <param type="name"/>
          </accessor>
        </technique_common>
      </source>
      <sampler id="mixamorig8_LeftHandIndex1-Matrix-animation-transform">
        <input semantic="INPUT" source="#mixamorig8_LeftHandIndex1-Matrix-animation-input"/>
        <input semantic="OUTPUT" source="#mixamorig8_LeftHandIndex1-Matrix-animation-output-transform"/>
        <input semantic="INTERPOLATION" source="#mixamorig8_LeftHandIndex1-Interpolations"/>
      </sampler>
      <channel source="#mixamorig8_LeftHandIndex1-Matrix-animation-transform" target="mixamorig8_LeftHandIndex1/matrix"/>
    </animation>
    <animation id="mixamorig8_LeftHandIndex2-anim" name="mixamorig8_LeftHandIndex2">
      <source id="mixamorig8_LeftHandIndex2-Matrix-animation-input">
        <float_array id="mixamorig8_LeftHandIndex2-Matrix-animation-input-array" count="32">

0.000000 0.033333 0.066667 0.100000 0.133333 0.166667 0.200000 0.233333 0.266667 0.300000 0.333333 0.366667 0.400000 0.433333 0.466667 0.500000
0.533333 0.566667 0.600000 0.633333 0.666667 0.700000 0.733333 0.766667 0.800000 0.833333 0.866667 0.900000 0.933333 0.966667 1.000000 1.033333</float_array>
        <technique_common>
          <accessor source="#mixamorig8_LeftHandIndex2-Matrix-animation-input-array" count="32">
            <param name="TIME" type="float"/>
          </accessor>
        </technique_common>
      </source>
      <source id="mixamorig8_LeftHandIndex2-Matrix-animation-output-transform">
        <float_array id="mixamorig8_LeftHandIndex2-Matrix-animation-output-transform-array" count="512">

0.995589 -0.086814 0.035567 0.022500 0.047057 0.134117 -0.989848 3.334200 0.081163 0.987156 0.137610 0.000000 0.000000 0.000000 0.000000 1.000000
0.996057 -0.083125 0.031008 0.022500 0.046103 0.186348 -0.981401 3.334200 0.075800 0.978961 0.189446 0.000000 0.000000 0.000000 0.000000 1.000000
0.996545 -0.078803 0.026237 0.022500 0.044731 0.243057 -0.968980 3.334200 0.069981 0.966806 0.245743 0.000000 0.000000 0.000000 0.000000 1.000000
0.997020 -0.074063 0.021588 0.022500 0.042964 0.300656 -0.952764 3.334200 0.064074 0.950853 0.302942 -0.000000 0.000000 0.000000 0.000000 1.000000
0.997453 -0.069186 0.017340 0.022500 0.040905 0.355711 -0.933700 3.334200 0.058431 0.932032 0.357635 -0.000000 0.000000 0.000000 0.000000 1.000000
0.997823 -0.064510 0.013706 0.022500 0.038734 0.405055 -0.913471 3.334200 0.053376 0.912014 0.406672 -0.000000 0.000000 0.000000 0.000000 1.000000
0.998115 -0.060412 0.010833 0.022500 0.036692 0.445843 -0.894359 3.334200 0.049200 0.893070 0.447219 0.000000 0.000000 0.000000 0.000000 1.000000
0.998319 -0.057290 0.008822 0.022500 0.035056 0.475514 -0.879009 3.334200 0.046163 0.877841 0.476723 0.000000 0.000000 0.000000 0.000000 1.000000
0.998413 -0.055757 0.007888 0.022500 0.034229 0.489666 -0.871238 3.334200 0.044716 0.870126 0.490797 0.000000 0.000000 0.000000 0.000000 1.000000
0.998340 -0.056949 0.008611 0.022500 0.034873 0.478688 -0.877292 3.334200 0.045839 0.876136 0.479880 -0.000000 0.000000 0.000000 0.000000 1.000000
0.998188 -0.059321 0.010114 0.022500 0.036128 0.456339 -0.889072 3.334200 0.048125 0.887827 0.457655 0.000000 0.000000 0.000000 0.000000 1.000000
0.998084 -0.060868 0.011139 0.022500 0.036925 0.441406 -0.896548 3.334200 0.049654 0.895241 0.442807 0.000000 0.000000 0.000000 0.000000 1.000000
0.998023 -0.061746 0.011738 0.022500 0.037370 0.432797 -0.900717 3.334200 0.050535 0.899374 0.434249 0.000000 0.000000 0.000000 0.000000 1.000000
0.997976 -0.062409 0.012199 0.022500 0.037703 0.426231 -0.903828 3.334200 0.051208 0.902459 0.427721 0.000000 0.000000 0.000000 0.000000 1.000000
0.997940 -0.062910 0.012551 0.022500 0.037952 0.421233 -0.906158 3.334200 0.051720 0.904768 0.422753 -0.000000 0.000000 0.000000 0.000000 1.000000
0.997912 -0.063301 0.012829 0.022500 0.038144 0.417319 -0.907959 3.334200 0.052120 0.906553 0.418862 0.000000 0.000000 0.000000 0.000000 1.000000
0.997888 -0.063630 0.013066 0.022500 0.038306 0.413998 -0.909472 3.334200 0.052460 0.908051 0.415561 0.000000 0.000000 0.000000 0.000000 1.000000
0.997865 -0.063948 0.013296 0.022500 0.038462 0.410775 -0.910925 3.334200 0.052790 0.909492 0.412357 0.000000 0.000000 0.000000 0.000000 1.000000
0.997838 -0.064305 0.013555 0.022500 0.038635 0.407151 -0.912543 3.334200 0.053162 0.911094 0.408755 -0.000000 0.000000 0.000000 0.000000 1.000000
0.997805 -0.064747 0.013881 0.022500 0.038849 0.402625 -0.914540 3.334200 0.053625 0.913072 0.404257 -0.000000 0.000000 0.000000 0.000000 1.000000
0.997762 -0.065324 0.014311 0.022500 0.039125 0.396688 -0.917120 3.334200 0.054233 0.915626 0.398355 -0.000000 0.000000 0.000000 0.000000 1.000000
0.997703 -0.066080 0.014883 0.022500 0.039483 0.388826 -0.920465 3.334200 0.055038 0.918938 0.390542 0.000000 0.000000 0.000000 0.000000 1.000000
0.997626 -0.067062 0.015640 0.022500 0.039941 0.378511 -0.924735 3.334200 0.056095 0.923164 0.380291 0.000000 0.000000 0.000000 0.000000 1.000000
0.997526 -0.068309 0.016628 0.022500 0.040512 0.365203 -0.930046 3.334200 0.057458 0.928418 0.367067 -0.000000 0.000000 0.000000 0.000000 1.000000
0.997394 -0.069885 0.017919 0.022500 0.041214 0.348060 -0.936566 3.334200 0.059215 0.934864 0.350033 0.000000 0.000000 0.000000 0.000000 1.000000
0.997189 -0.072225 0.019928 0.022500 0.042215 0.321868 -0.945843 3.334200 0.061899 0.944026 0.324012 0.000000 0.000000 0.000000 0.000000 1.000000
0.996902 -0.075299 0.022747 0.022500 0.043448 0.286054 -0.957228 3.334200 0.065571 0.955250 0.288439 0.000000 0.000000 0.000000 0.000000 1.000000
0.996564 -0.078624 0.026051 0.022500 0.044669 0.245307 -0.968416 3.334200 0.069750 0.966252 0.247976 0.000000 0.000000 0.000000 0.000000 1.000000
0.996216 -0.081773 0.029455 0.022500 0.045701 0.204563 -0.977786 3.334200 0.073931 0.975432 0.207526 0.000000 0.000000 0.000000 0.000000 1.000000
0.995903 -0.084383 0.032508 0.022500 0.046453 0.168962 -0.984527 3.334200 0.077585 0.982004 0.172189 0.000000 0.000000 0.000000 0.000000 1.000000
0.995677 -0.086155 0.034716 0.022500 0.046903 0.143736 -0.988504 3.334200 0.080175 0.985859 0.147155 -0.000000 0.000000 0.000000 0.000000 1.000000
0.995589 -0.086815 0.035567 0.022500 0.047057 0.134117 -0.989848 3.334200 0.081163 0.987155 0.137611 0.000000 0.000000 0.000000 0.000000 1.000000</float_array>
        <technique_common>
          <accessor source="#mixamorig8_LeftHandIndex2-Matrix-animation-output-transform-array" count="32" stride="16">
            <param type="float4x4"/>
          </accessor>
        </technique_common>
      </source>
      <source id="mixamorig8_LeftHandIndex2-Interpolations">
        <Name_array id="mixamorig8_LeftHandIndex2-Interpolations-array" count="32">
 LINEAR LINEAR LINEAR LINEAR LINEAR LINEAR LINEAR LINEAR LINEAR LINEAR LINEAR
LINEAR LINEAR LINEAR LINEAR LINEAR LINEAR LINEAR LINEAR LINEAR LINEAR LINEAR LINEAR
LINEAR LINEAR LINEAR LINEAR LINEAR LINEAR LINEAR LINEAR LINEAR</Name_array>
        <technique_common>
          <accessor source="#mixamorig8_LeftHandIndex2-Interpolations-array" count="32">
            <param type="name"/>
          </accessor>
        </technique_common>
      </source>
      <sampler id="mixamorig8_LeftHandIndex2-Matrix-animation-transform">
        <input semantic="INPUT" source="#mixamorig8_LeftHandIndex2-Matrix-animation-input"/>
        <input semantic="OUTPUT" source="#mixamorig8_LeftHandIndex2-Matrix-animation-output-transform"/>
        <input semantic="INTERPOLATION" source="#mixamorig8_LeftHandIndex2-Interpolations"/>
      </sampler>
      <channel source="#mixamorig8_LeftHandIndex2-Matrix-animation-transform" target="mixamorig8_LeftHandIndex2/matrix"/>
    </animation>
    <animation id="mixamorig8_LeftHandIndex3-anim" name="mixamorig8_LeftHandIndex3">
      <source id="mixamorig8_LeftHandIndex3-Matrix-animation-input">
        <float_array id="mixamorig8_LeftHandIndex3-Matrix-animation-input-array" count="32">

0.000000 0.033333 0.066667 0.100000 0.133333 0.166667 0.200000 0.233333 0.266667 0.300000 0.333333 0.366667 0.400000 0.433333 0.466667 0.500000
0.533333 0.566667 0.600000 0.633333 0.666667 0.700000 0.733333 0.766667 0.800000 0.833333 0.866667 0.900000 0.933333 0.966667 1.000000 1.033333</float_array>
        <technique_common>
          <accessor source="#mixamorig8_LeftHandIndex3-Matrix-animation-input-array" count="32">
            <param name="TIME" type="float"/>
          </accessor>
        </technique_common>
      </source>
      <source id="mixamorig8_LeftHandIndex3-Matrix-animation-output-transform">
        <float_array id="mixamorig8_LeftHandIndex3-Matrix-animation-output-transform-array" count="512">

0.999987 0.005039 -0.000345 -0.004700 -0.005039 0.999987 -0.000001 3.182300 0.000345 0.000002 1.000000 0.000000 0.000000 0.000000 0.000000 1.000000
0.999987 0.005039 -0.000345 -0.004700 -0.005039 0.999987 -0.000001 3.182300 0.000345 0.000002 1.000000 0.000000 0.000000 0.000000 0.000000 1.000000
0.999987 0.005039 -0.000345 -0.004700 -0.005039 0.999987 -0.000000 3.182300 0.000345 0.000002 1.000000 0.000000 0.000000 0.000000 0.000000 1.000000
0.999987 0.005039 -0.000345 -0.004700 -0.005039 0.999987 -0.000001 3.182300 0.000345 0.000002 1.000000 0.000000 0.000000 0.000000 0.000000 1.000000
0.999987 0.005039 -0.000345 -0.004700 -0.005039 0.999987 -0.000001 3.182300 0.000345 0.000002 1.000000 0.000000 0.000000 0.000000 0.000000 1.000000
0.999987 0.005039 -0.000345 -0.004700 -0.005039 0.999987 -0.000001 3.182300 0.000345 0.000002 1.000000 -0.000000 0.000000 0.000000 0.000000 1.000000
0.999987 0.005039 -0.000345 -0.004700 -0.005039 0.999987 -0.000001 3.182300 0.000345 0.000002 1.000000 0.000000 0.000000 0.000000 0.000000 1.000000
0.999987 0.005039 -0.000345 -0.004700 -0.005039 0.999987 -0.000001 3.182300 0.000345 0.000002 1.000000 0.000000 0.000000 0.000000 0.000000 1.000000
0.999987 0.005039 -0.000345 -0.004700 -0.005039 0.999987 -0.000001 3.182300 0.000345 0.000002 1.000000 -0.000000 0.000000 0.000000 0.000000 1.000000
0.999987 0.005038 -0.000345 -0.004700 -0.005038 0.999987 -0.000001 3.182300 0.000345 0.000002 1.000000 0.000000 0.000000 0.000000 0.000000 1.000000
0.999987 0.005038 -0.000345 -0.004700 -0.005038 0.999987 -0.000000 3.182300 0.000345 0.000002 1.000000 0.000000 0.000000 0.000000 0.000000 1.000000
0.999987 0.005039 -0.000345 -0.004700 -0.005039 0.999987 -0.000001 3.182300 0.000345 0.000002 1.000000 -0.000000 0.000000 0.000000 0.000000 1.000000
0.999987 0.005039 -0.000345 -0.004700 -0.005039 0.999987 -0.000001 3.182300 0.000345 0.000002 1.000000 0.000000 0.000000 0.000000 0.000000 1.000000
0.999987 0.005039 -0.000345 -0.004700 -0.005039 0.999987 -0.000001 3.182300 0.000345 0.000002 1.000000 0.000000 0.000000 0.000000 0.000000 1.000000
0.999987 0.005039 -0.000345 -0.004700 -0.005039 0.999987 -0.000000 3.182300 0.000345 0.000002 1.000000 0.000000 0.000000 0.000000 0.000000 1.000000
0.999987 0.005039 -0.000345 -0.004700 -0.005039 0.999987 -0.000001 3.182300 0.000345 0.000002 1.000000 0.000000 0.000000 0.000000 0.000000 1.000000
0.999987 0.005039 -0.000345 -0.004700 -0.005039 0.999987 -0.000001 3.182300 0.000345 0.000002 1.000000 0.000000 0.000000 0.000000 0.000000 1.000000
0.999987 0.005038 -0.000345 -0.004700 -0.005038 0.999987 -0.000001 3.182300 0.000345 0.000002 1.000000 0.000000 0.000000 0.000000 0.000000 1.000000
0.999987 0.005039 -0.000345 -0.004700 -0.005039 0.999987 -0.000001 3.182300 0.000345 0.000002 1.000000 0.000000 0.000000 0.000000 0.000000 1.000000
0.999987 0.005039 -0.000345 -0.004700 -0.005039 0.999987 -0.000000 3.182300 0.000345 0.000002 1.000000 -0.000000 0.000000 0.000000 0.000000 1.000000
0.999987 0.005039 -0.000345 -0.004700 -0.005039 0.999987 -0.000001 3.182300 0.000345 0.000002 1.000000 0.000000 0.000000 0.000000 0.000000 1.000000
0.999987 0.005038 -0.000345 -0.004700 -0.005038 0.999987 -0.000000 3.182300 0.000345 0.000002 1.000000 -0.000000 0.000000 0.000000 0.000000 1.000000
0.999987 0.005039 -0.000345 -0.004700 -0.005039 0.999987 -0.000000 3.182300 0.000345 0.000002 1.000000 -0.000000 0.000000 0.000000 0.000000 1.000000
0.999987 0.005039 -0.000345 -0.004700 -0.005039 0.999987 -0.000000 3.182300 0.000345 0.000002 1.000000 -0.000000 0.000000 0.000000 0.000000 1.000000
0.999987 0.005039 -0.000345 -0.004700 -0.005039 0.999987 -0.000001 3.182300 0.000345 0.000002 1.000000 0.000000 0.000000 0.000000 0.000000 1.000000
0.999987 0.005039 -0.000345 -0.004700 -0.005039 0.999987 -0.000001 3.182300 0.000345 0.000002 1.000000 -0.000000 0.000000 0.000000 0.000000 1.000000
0.999987 0.005039 -0.000345 -0.004700 -0.005039 0.999987 -0.000001 3.182300 0.000345 0.000002 1.000000 -0.000000 0.000000 0.000000 0.000000 1.000000
0.999987 0.005039 -0.000345 -0.004700 -0.005039 0.999987 -0.000001 3.182300 0.000345 0.000002 1.000000 0.000000 0.000000 0.000000 0.000000 1.000000
0.999987 0.005039 -0.000345 -0.004700 -0.005039 0.999987 -0.000000 3.182300 0.000345 0.000002 1.000000 -0.000000 0.000000 0.000000 0.000000 1.000000
0.999987 0.005039 -0.000345 -0.004700 -0.005039 0.999987 -0.000001 3.182300 0.000345 0.000002 1.000000 0.000000 0.000000 0.000000 0.000000 1.000000
0.999987 0.005039 -0.000345 -0.004700 -0.005039 0.999987 -0.000000 3.182300 0.000345 0.000002 1.000000 -0.000000 0.000000 0.000000 0.000000 1.000000
0.999987 0.005039 -0.000345 -0.004700 -0.005039 0.999987 -0.000000 3.182300 0.000345 0.000002 1.000000 0.000000 0.000000 0.000000 0.000000 1.000000</float_array>
        <technique_common>
          <accessor source="#mixamorig8_LeftHandIndex3-Matrix-animation-output-transform-array" count="32" stride="16">
            <param type="float4x4"/>
          </accessor>
        </technique_common>
      </source>
      <source id="mixamorig8_LeftHandIndex3-Interpolations">
        <Name_array id="mixamorig8_LeftHandIndex3-Interpolations-array" count="32">
 LINEAR LINEAR LINEAR LINEAR LINEAR LINEAR LINEAR LINEAR LINEAR LINEAR LINEAR
LINEAR LINEAR LINEAR LINEAR LINEAR LINEAR LINEAR LINEAR LINEAR LINEAR LINEAR LINEAR
LINEAR LINEAR LINEAR LINEAR LINEAR LINEAR LINEAR LINEAR LINEAR</Name_array>
        <technique_common>
          <accessor source="#mixamorig8_LeftHandIndex3-Interpolations-array" count="32">
            <param type="name"/>
          </accessor>
        </technique_common>
      </source>
      <sampler id="mixamorig8_LeftHandIndex3-Matrix-animation-transform">
        <input semantic="INPUT" source="#mixamorig8_LeftHandIndex3-Matrix-animation-input"/>
        <input semantic="OUTPUT" source="#mixamorig8_LeftHandIndex3-Matrix-animation-output-transform"/>
        <input semantic="INTERPOLATION" source="#mixamorig8_LeftHandIndex3-Interpolations"/>
      </sampler>
      <channel source="#mixamorig8_LeftHandIndex3-Matrix-animation-transform" target="mixamorig8_LeftHandIndex3/matrix"/>
    </animation>
    <animation id="mixamorig8_LeftHandMiddle1-anim" name="mixamorig8_LeftHandMiddle1">
      <source id="mixamorig8_LeftHandMiddle1-Matrix-animation-input">
        <float_array id="mixamorig8_LeftHandMiddle1-Matrix-animation-input-array" count="32">

0.000000 0.033333 0.066667 0.100000 0.133333 0.166667 0.200000 0.233333 0.266667 0.300000 0.333333 0.366667 0.400000 0.433333 0.466667 0.500000
0.533333 0.566667 0.600000 0.633333 0.666667 0.700000 0.733333 0.766667 0.800000 0.833333 0.866667 0.900000 0.933333 0.966667 1.000000 1.033333</float_array>
        <technique_common>
          <accessor source="#mixamorig8_LeftHandMiddle1-Matrix-animation-input-array" count="32">
            <param name="TIME" type="float"/>
          </accessor>
        </technique_common>
      </source>
      <source id="mixamorig8_LeftHandMiddle1-Matrix-animation-output-transform">
        <float_array id="mixamorig8_LeftHandMiddle1-Matrix-animation-output-transform-array" count="512">

0.973624 -0.200988 0.107982 -1.037500 0.188473 0.441769 -0.877108 9.869400 0.128585 0.874325 0.467998 -0.205700 0.000000 0.000000 0.000000 1.000000
0.973216 -0.204130 0.105738 -1.037500 0.191392 0.464648 -0.864564 9.869400 0.127353 0.861646 0.491272 -0.205700 0.000000 0.000000 0.000000 1.000000
0.972864 -0.207357 0.102661 -1.037500 0.194237 0.490808 -0.849341 9.869400 0.125730 0.846233 0.517765 -0.205700 0.000000 0.000000 0.000000 1.000000
0.972547 -0.210466 0.099280 -1.037500 0.197030 0.517738 -0.832542 9.869400 0.123821 0.829247 0.544993 -0.205700 0.000000 0.000000 0.000000 1.000000
0.972241 -0.213320 0.096134 -1.037500 0.199800 0.543084 -0.815561 9.869400 0.121766 0.812130 0.570630 -0.205700 0.000000 0.000000 0.000000 1.000000
0.971915 -0.215848 0.093764 -1.037500 0.202589 0.564666 -0.800069 9.869400 0.119747 0.796594 0.592536 -0.205700 0.000000 0.000000 0.000000 1.000000
0.971529 -0.218030 0.092708 -1.037500 0.205456 0.580463 -0.787941 9.869400 0.117981 0.784555 0.608732 -0.205700 0.000000 0.000000 0.000000 1.000000
0.971038 -0.219868 0.093501 -1.037500 0.208474 0.588531 -0.781134 9.869400 0.116718 0.778003 0.617323 -0.205700 0.000000 0.000000 0.000000 1.000000
0.970343 -0.221308 0.097251 -1.037500 0.211859 0.584834 -0.782997 9.869400 0.116408 0.780379 0.614376 -0.205700 0.000000 0.000000 0.000000 1.000000
0.969202 -0.222045 0.106504 -1.037500 0.216145 0.559736 -0.799986 9.869400 0.118019 0.798368 0.590491 -0.205700 0.000000 0.000000 0.000000 1.000000
0.968003 -0.222087 0.116824 -1.037500 0.220147 0.528136 -0.820126 9.869400 0.120441 0.819603 0.560129 -0.205700 0.000000 0.000000 0.000000 1.000000
0.967282 -0.222133 0.122564 -1.037500 0.222527 0.510827 -0.830384 9.869400 0.121847 0.830490 0.543544 -0.205700 0.000000 0.000000 0.000000 1.000000
0.966857 -0.222466 0.125288 -1.037500 0.224087 0.504211 -0.834000 9.869400 0.122365 0.834434 0.537351 -0.205700 0.000000 0.000000 0.000000 1.000000
0.966545 -0.222979 0.126774 -1.037500 0.225374 0.502303 -0.834804 9.869400 0.122465 0.835447 0.535752 -0.205700 0.000000 0.000000 0.000000 1.000000
0.966341 -0.223626 0.127187 -1.037500 0.226382 0.504294 -0.833330 9.869400 0.122215 0.834074 0.537945 -0.205700 0.000000 0.000000 0.000000 1.000000
0.966239 -0.224342 0.126700 -1.037500 0.227102 0.509343 -0.830057 9.869400 0.121683 0.830807 0.543095 -0.205700 0.000000 0.000000 0.000000 1.000000
0.966232 -0.225056 0.125484 -1.037500 0.227527 0.516598 -0.825444 9.869400 0.120946 0.826121 0.550360 -0.205700 0.000000 0.000000 0.000000 1.000000
0.966310 -0.225700 0.123711 -1.037500 0.227647 0.525210 -0.819958 9.869400 0.120090 0.820497 0.558895 -0.205700 0.000000 0.000000 0.000000 1.000000
0.966464 -0.226211 0.121553 -1.037500 0.227457 0.534341 -0.814090 9.869400 0.119205 0.814437 0.567875 -0.205700 0.000000 0.000000 0.000000 1.000000
0.966685 -0.226532 0.119182 -1.037500 0.226950 0.543179 -0.808362 9.869400 0.118383 0.808480 0.576494 -0.205700 0.000000 0.000000 0.000000 1.000000
0.966957 -0.226624 0.116768 -1.037500 0.226129 0.550929 -0.803333 9.869400 0.117724 0.803193 0.583971 -0.205700 0.000000 0.000000 0.000000 1.000000
0.967274 -0.226435 0.114491 -1.037500 0.224991 0.556817 -0.799583 9.869400 0.117303 0.799175 0.589541 -0.205700 0.000000 0.000000 0.000000 1.000000
0.967622 -0.225936 0.112516 -1.037500 0.223535 0.560079 -0.797711 9.869400 0.117214 0.797035 0.592450 -0.205700 0.000000 0.000000 0.000000 1.000000
0.967994 -0.225084 0.111017 -1.037500 0.221758 0.559944 -0.798302 9.869400 0.117522 0.797370 0.591937 -0.205700 0.000000 0.000000 0.000000 1.000000
0.968392 -0.223798 0.110145 -1.037500 0.219597 0.555497 -0.801997 9.869400 0.118300 0.800835 0.587084 -0.205700 0.000000 0.000000 0.000000 1.000000
0.968991 -0.221445 0.109630 -1.037500 0.216081 0.544190 -0.810658 9.869400 0.119857 0.809209 0.575165 -0.205700 0.000000 0.000000 0.000000 1.000000
0.969847 -0.217889 0.109185 -1.037500 0.210976 0.526319 -0.823697 9.869400 0.122008 0.821896 0.556418 -0.205700 0.000000 0.000000 0.000000 1.000000
0.970842 -0.213606 0.108803 -1.037500 0.205021 0.504665 -0.838617 9.869400 0.124225 0.836472 0.533744 -0.205700 0.000000 0.000000 0.000000 1.000000
0.971851 -0.209135 0.108478 -1.037500 0.198992 0.482175 -0.853176 9.869400 0.126124 0.850747 0.510218 -0.205700 0.000000 0.000000 0.000000 1.000000
0.972743 -0.205085 0.108220 -1.037500 0.193689 0.461988 -0.865478 9.869400 0.127500 0.862848 0.489118 -0.205700 0.000000 0.000000 0.000000 1.000000
0.973380 -0.202134 0.108045 -1.037500 0.189915 0.447404 -0.873935 9.869400 0.128312 0.871190 0.473882 -0.205700 0.000000 0.000000 0.000000 1.000000
0.973624 -0.200989 0.107982 -1.037500 0.188473 0.441769 -0.877108 9.869400 0.128586 0.874325 0.467998 -0.205700 0.000000 0.000000 0.000000 1.000000</float_array>
        <technique_common>
          <accessor source="#mixamorig8_LeftHandMiddle1-Matrix-animation-output-transform-array" count="32" stride="16">
            <param type="float4x4"/>
          </accessor>
        </technique_common>
      </source>
      <source id="mixamorig8_LeftHandMiddle1-Interpolations">
        <Name_array id="mixamorig8_LeftHandMiddle1-Interpolations-array" count="32">
 LINEAR LINEAR LINEAR LINEAR LINEAR LINEAR LINEAR LINEAR LINEAR LINEAR LINEAR
LINEAR LINEAR LINEAR LINEAR LINEAR LINEAR LINEAR LINEAR LINEAR LINEAR LINEAR LINEAR
LINEAR LINEAR LINEAR LINEAR LINEAR LINEAR LINEAR LINEAR LINEAR</Name_array>
        <technique_common>
          <accessor source="#mixamorig8_LeftHandMiddle1-Interpolations-array" count="32">
            <param type="name"/>
          </accessor>
        </technique_common>
      </source>
      <sampler id="mixamorig8_LeftHandMiddle1-Matrix-animation-transform">
        <input semantic="INPUT" source="#mixamorig8_LeftHandMiddle1-Matrix-animation-input"/>
        <input semantic="OUTPUT" source="#mixamorig8_LeftHandMiddle1-Matrix-animation-output-transform"/>
        <input semantic="INTERPOLATION" source="#mixamorig8_LeftHandMiddle1-Interpolations"/>
      </sampler>
      <channel source="#mixamorig8_LeftHandMiddle1-Matrix-animation-transform" target="mixamorig8_LeftHandMiddle1/matrix"/>
    </animation>
    <animation id="mixamorig8_LeftHandMiddle2-anim" name="mixamorig8_LeftHandMiddle2">
      <source id="mixamorig8_LeftHandMiddle2-Matrix-animation-input">
        <float_array id="mixamorig8_LeftHandMiddle2-Matrix-animation-input-array" count="32">

0.000000 0.033333 0.066667 0.100000 0.133333 0.166667 0.200000 0.233333 0.266667 0.300000 0.333333 0.366667 0.400000 0.433333 0.466667 0.500000
0.533333 0.566667 0.600000 0.633333 0.666667 0.700000 0.733333 0.766667 0.800000 0.833333 0.866667 0.900000 0.933333 0.966667 1.000000 1.033333</float_array>
        <technique_common>
          <accessor source="#mixamorig8_LeftHandMiddle2-Matrix-animation-input-array" count="32">
            <param name="TIME" type="float"/>
          </accessor>
        </technique_common>
      </source>
      <source id="mixamorig8_LeftHandMiddle2-Matrix-animation-output-transform">
        <float_array id="mixamorig8_LeftHandMiddle2-Matrix-animation-output-transform-array" count="512">

0.991763 -0.088432 0.092665 0.012600 0.071440 -0.218587 -0.973199 3.424800 0.106317 0.971802 -0.210468 0.000000 0.000000 0.000000 0.000000 1.000000
0.992204 -0.088455 0.087787 0.012600 0.072155 -0.166587 -0.983383 3.424800 0.101610 0.982051 -0.158905 -0.000000 0.000000 0.000000 0.000000 1.000000
0.992679 -0.088189 0.082527 0.012600 0.072736 -0.108993 -0.991378 3.424800 0.096424 0.990123 -0.101780 0.000000 0.000000 0.000000 0.000000 1.000000
0.993173 -0.087587 0.077045 0.012600 0.072932 -0.049235 -0.996121 3.424800 0.091041 0.994939 -0.042511 -0.000000 0.000000 0.000000 0.000000 1.000000
0.993649 -0.086684 0.071748 0.012600 0.072808 0.009131 -0.997304 3.424800 0.085795 0.996194 0.015384 -0.000000 0.000000 0.000000 0.000000 1.000000
0.994079 -0.085586 0.066951 0.012600 0.072426 0.062543 -0.995411 3.424800 0.081006 0.994366 0.068372 0.000000 0.000000 0.000000 0.000000 1.000000
0.994436 -0.084460 0.062949 0.012600 0.071903 0.107530 -0.991598 3.424800 0.076981 0.990608 0.113005 0.000000 0.000000 0.000000 0.000000 1.000000
0.994698 -0.083507 0.060016 0.012600 0.071397 0.140763 -0.987466 3.424800 0.074013 0.986515 0.145979 -0.000000 0.000000 0.000000 0.000000 1.000000
0.994823 -0.083016 0.058621 0.012600 0.071128 0.156770 -0.985071 3.424800 0.072586 0.984140 0.161863 0.000000 0.000000 0.000000 0.000000 1.000000
0.994726 -0.083399 0.059701 0.012600 0.071336 0.144344 -0.986953 3.424800 0.073693 0.986007 0.149532 0.000000 0.000000 0.000000 0.000000 1.000000
0.994529 -0.084136 0.061914 0.012600 0.071736 0.119235 -0.990271 3.424800 0.075935 0.989295 0.124618 0.000000 0.000000 0.000000 0.000000 1.000000
0.994397 -0.084592 0.063386 0.012600 0.071969 0.102597 -0.992116 3.424800 0.077422 0.991120 0.108110 0.000000 0.000000 0.000000 0.000000 1.000000
0.994322 -0.084842 0.064232 0.012600 0.072090 0.093056 -0.993048 3.424800 0.078275 0.992040 0.098644 0.000000 0.000000 0.000000 0.000000 1.000000
0.994264 -0.085027 0.064878 0.012600 0.072178 0.085801 -0.993694 3.424800 0.078924 0.992677 0.091446 0.000000 0.000000 0.000000 0.000000 1.000000
0.994221 -0.085163 0.065365 0.012600 0.072238 0.080293 -0.994150 3.424800 0.079416 0.993127 0.085981 -0.000000 0.000000 0.000000 0.000000 1.000000
0.994186 -0.085268 0.065748 0.012600 0.072285 0.075987 -0.994485 3.424800 0.079802 0.993456 0.081708 0.000000 0.000000 0.000000 0.000000 1.000000
0.994157 -0.085356 0.066074 0.012600 0.072325 0.072339 -0.994754 3.424800 0.080128 0.993721 0.078090 0.000000 0.000000 0.000000 0.000000 1.000000
0.994129 -0.085441 0.066392 0.012600 0.072363 0.068804 -0.995002 3.424800 0.080446 0.993965 0.074583 0.000000 0.000000 0.000000 0.000000 1.000000
0.994097 -0.085536 0.066746 0.012600 0.072403 0.064836 -0.995266 3.424800 0.080804 0.994223 0.070646 -0.000000 0.000000 0.000000 0.000000 1.000000
0.994057 -0.085647 0.067190 0.012600 0.072452 0.059887 -0.995572 3.424800 0.081244 0.994524 0.065737 0.000000 0.000000 0.000000 0.000000 1.000000
0.994005 -0.085793 0.067773 0.012600 0.072515 0.053409 -0.995936 3.424800 0.081825 0.994880 0.059310 -0.000000 0.000000 0.000000 0.000000 1.000000
0.993937 -0.085980 0.068539 0.012600 0.072586 0.044856 -0.996353 3.424800 0.082592 0.995287 0.050825 0.000000 0.000000 0.000000 0.000000 1.000000
0.993847 -0.086212 0.069537 0.012600 0.072664 0.033677 -0.996788 3.424800 0.083593 0.995707 0.039734 0.000000 0.000000 0.000000 0.000000 1.000000
0.993731 -0.086495 0.070829 0.012600 0.072756 0.019323 -0.997163 3.424800 0.084881 0.996065 0.025495 0.000000 0.000000 0.000000 0.000000 1.000000
0.993583 -0.086829 0.072487 0.012600 0.072844 0.000944 -0.997343 3.424800 0.086530 0.996223 0.007263 0.000000 0.000000 0.000000 0.000000 1.000000
0.993356 -0.087278 0.075011 0.012600 0.072921 -0.026896 -0.996975 3.424800 0.089031 0.995821 -0.020353 0.000000 0.000000 0.000000 0.000000 1.000000
0.993047 -0.087772 0.078441 0.012600 0.072913 -0.064509 -0.995250 3.424800 0.092415 0.994050 -0.057661 0.000000 0.000000 0.000000 0.000000 1.000000
0.992699 -0.088172 0.082311 0.012600 0.072747 -0.106683 -0.991628 3.424800 0.096215 0.990376 -0.099490 0.000000 0.000000 0.000000 0.000000 1.000000
0.992358 -0.088402 0.086086 0.012600 0.072357 -0.148219 -0.986304 3.424800 0.099951 0.984996 -0.140689 0.000000 0.000000 0.000000 0.000000 1.000000
0.992058 -0.088476 0.089400 0.012600 0.071929 -0.184007 -0.980290 3.424800 0.103183 0.978935 -0.176182 0.000000 0.000000 0.000000 0.000000 1.000000
0.991845 -0.088456 0.091757 0.012600 0.071577 -0.209084 -0.975275 3.424800 0.105454 0.973889 -0.201048 -0.000000 0.000000 0.000000 0.000000 1.000000
0.991763 -0.088432 0.092657 0.012600 0.071432 -0.218587 -0.973199 3.424800 0.106316 0.971802 -0.210470 -0.000000 0.000000 0.000000 0.000000 1.000000</float_array>
        <technique_common>
          <accessor source="#mixamorig8_LeftHandMiddle2-Matrix-animation-output-transform-array" count="32" stride="16">
            <param type="float4x4"/>
          </accessor>
        </technique_common>
      </source>
      <source id="mixamorig8_LeftHandMiddle2-Interpolations">
        <Name_array id="mixamorig8_LeftHandMiddle2-Interpolations-array" count="32">
 LINEAR LINEAR LINEAR LINEAR LINEAR LINEAR LINEAR LINEAR LINEAR LINEAR LINEAR
LINEAR LINEAR LINEAR LINEAR LINEAR LINEAR LINEAR LINEAR LINEAR LINEAR LINEAR LINEAR
LINEAR LINEAR LINEAR LINEAR LINEAR LINEAR LINEAR LINEAR LINEAR</Name_array>
        <technique_common>
          <accessor source="#mixamorig8_LeftHandMiddle2-Interpolations-array" count="32">
            <param type="name"/>
          </accessor>
        </technique_common>
      </source>
      <sampler id="mixamorig8_LeftHandMiddle2-Matrix-animation-transform">
        <input semantic="INPUT" source="#mixamorig8_LeftHandMiddle2-Matrix-animation-input"/>
        <input semantic="OUTPUT" source="#mixamorig8_LeftHandMiddle2-Matrix-animation-output-transform"/>
        <input semantic="INTERPOLATION" source="#mixamorig8_LeftHandMiddle2-Interpolations"/>
      </sampler>
      <channel source="#mixamorig8_LeftHandMiddle2-Matrix-animation-transform" target="mixamorig8_LeftHandMiddle2/matrix"/>
    </animation>
    <animation id="mixamorig8_LeftHandMiddle3-anim" name="mixamorig8_LeftHandMiddle3">
      <source id="mixamorig8_LeftHandMiddle3-Matrix-animation-input">
        <float_array id="mixamorig8_LeftHandMiddle3-Matrix-animation-input-array" count="32">

0.000000 0.033333 0.066667 0.100000 0.133333 0.166667 0.200000 0.233333 0.266667 0.300000 0.333333 0.366667 0.400000 0.433333 0.466667 0.500000
0.533333 0.566667 0.600000 0.633333 0.666667 0.700000 0.733333 0.766667 0.800000 0.833333 0.866667 0.900000 0.933333 0.966667 1.000000 1.033333</float_array>
        <technique_common>
          <accessor source="#mixamorig8_LeftHandMiddle3-Matrix-animation-input-array" count="32">
            <param name="TIME" type="float"/>
          </accessor>
        </technique_common>
      </source>
      <source id="mixamorig8_LeftHandMiddle3-Matrix-animation-output-transform">
        <float_array id="mixamorig8_LeftHandMiddle3-Matrix-animation-output-transform-array" count="512">

0.999991 -0.004283 0.000176 -0.013400 0.004283 0.999991 0.000001 3.369300 -0.000176 0.000000 1.000000 0.000000 0.000000 0.000000 0.000000 1.000000
0.999991 -0.004283 0.000176 -0.013400 0.004283 0.999991 0.000001 3.369300 -0.000176 0.000000 1.000000 -0.000000 0.000000 0.000000 0.000000 1.000000
0.999991 -0.004283 0.000176 -0.013400 0.004283 0.999991 0.000001 3.369300 -0.000176 0.000000 1.000000 0.000000 0.000000 0.000000 0.000000 1.000000
0.999991 -0.004283 0.000176 -0.013400 0.004283 0.999991 0.000001 3.369300 -0.000176 -0.000000 1.000000 0.000000 0.000000 0.000000 0.000000 1.000000
0.999991 -0.004283 0.000176 -0.013400 0.004283 0.999991 0.000001 3.369300 -0.000176 -0.000000 1.000000 0.000000 0.000000 0.000000 0.000000 1.000000
0.999991 -0.004283 0.000176 -0.013400 0.004283 0.999991 0.000001 3.369300 -0.000176 0.000000 1.000000 0.000000 0.000000 0.000000 0.000000 1.000000
0.999991 -0.004283 0.000176 -0.013400 0.004283 0.999991 0.000001 3.369300 -0.000176 0.000000 1.000000 0.000000 0.000000 0.000000 0.000000 1.000000
0.999991 -0.004283 0.000176 -0.013400 0.004283 0.999991 0.000001 3.369300 -0.000176 -0.000000 1.000000 0.000000 0.000000 0.000000 0.000000 1.000000
0.999991 -0.004283 0.000176 -0.013400 0.004283 0.999991 0.000001 3.369300 -0.000176 0.000000 1.000000 0.000000 0.000000 0.000000 0.000000 1.000000
0.999991 -0.004283 0.000176 -0.013400 0.004283 0.999991 0.000001 3.369300 -0.000176 0.000000 1.000000 0.000000 0.000000 0.000000 0.000000 1.000000
0.999991 -0.004283 0.000176 -0.013400 0.004283 0.999991 0.000001 3.369300 -0.000176 0.000000 1.000000 0.000000 0.000000 0.000000 0.000000 1.000000
0.999991 -0.004283 0.000176 -0.013400 0.004283 0.999991 0.000001 3.369300 -0.000176 0.000000 1.000000 0.000000 0.000000 0.000000 0.000000 1.000000
0.999991 -0.004283 0.000176 -0.013400 0.004283 0.999991 0.000001 3.369300 -0.000176 0.000000 1.000000 0.000000 0.000000 0.000000 0.000000 1.000000
0.999991 -0.004283 0.000176 -0.013400 0.004283 0.999991 0.000001 3.369300 -0.000176 -0.000000 1.000000 0.000000 0.000000 0.000000 0.000000 1.000000
0.999991 -0.004283 0.000176 -0.013400 0.004283 0.999991 0.000001 3.369300 -0.000176 -0.000000 1.000000 -0.000000 0.000000 0.000000 0.000000 1.000000
0.999991 -0.004283 0.000176 -0.013400 0.004283 0.999991 0.000001 3.369300 -0.000176 0.000000 1.000000 0.000000 0.000000 0.000000 0.000000 1.000000
0.999991 -0.004283 0.000176 -0.013400 0.004283 0.999991 0.000001 3.369300 -0.000176 -0.000000 1.000000 0.000000 0.000000 0.000000 0.000000 1.000000
0.999991 -0.004283 0.000176 -0.013400 0.004283 0.999991 0.000001 3.369300 -0.000176 0.000000 1.000000 0.000000 0.000000 0.000000 0.000000 1.000000
0.999991 -0.004283 0.000176 -0.013400 0.004283 0.999991 0.000001 3.369300 -0.000176 0.000000 1.000000 0.000000 0.000000 0.000000 0.000000 1.000000
0.999991 -0.004283 0.000176 -0.013400 0.004283 0.999991 0.000001 3.369300 -0.000176 -0.000000 1.000000 0.000000 0.000000 0.000000 0.000000 1.000000
0.999991 -0.004283 0.000176 -0.013400 0.004283 0.999991 0.000001 3.369300 -0.000176 0.000000 1.000000 0.000000 0.000000 0.000000 0.000000 1.000000
0.999991 -0.004283 0.000176 -0.013400 0.004283 0.999991 0.000001 3.369300 -0.000176 -0.000000 1.000000 0.000000 0.000000 0.000000 0.000000 1.000000
0.999991 -0.004283 0.000176 -0.013400 0.004283 0.999991 0.000001 3.369300 -0.000176 -0.000000 1.000000 0.000000 0.000000 0.000000 0.000000 1.000000
0.999991 -0.004283 0.000176 -0.013400 0.004283 0.999991 0.000001 3.369300 -0.000176 0.000000 1.000000 0.000000 0.000000 0.000000 0.000000 1.000000
0.999991 -0.004283 0.000176 -0.013400 0.004283 0.999991 0.000001 3.369300 -0.000176 0.000000 1.000000 0.000000 0.000000 0.000000 0.000000 1.000000
0.999991 -0.004283 0.000176 -0.013400 0.004283 0.999991 0.000001 3.369300 -0.000176 -0.000000 1.000000 -0.000000 0.000000 0.000000 0.000000 1.000000
0.999991 -0.004283 0.000176 -0.013400 0.004283 0.999991 0.000001 3.369300 -0.000176 0.000000 1.000000 0.000000 0.000000 0.000000 0.000000 1.000000
0.999991 -0.004283 0.000176 -0.013400 0.004283 0.999991 0.000001 3.369300 -0.000176 -0.000000 1.000000 -0.000000 0.000000 0.000000 0.000000 1.000000
0.999991 -0.004283 0.000176 -0.013400 0.004283 0.999991 0.000001 3.369300 -0.000176 0.000000 1.000000 0.000000 0.000000 0.000000 0.000000 1.000000
0.999991 -0.004283 0.000176 -0.013400 0.004283 0.999991 0.000001 3.369300 -0.000176 0.000000 1.000000 0.000000 0.000000 0.000000 0.000000 1.000000
0.999991 -0.004283 0.000176 -0.013400 0.004283 0.999991 0.000001 3.369300 -0.000176 -0.000000 1.000000 0.000000 0.000000 0.000000 0.000000 1.000000
0.999991 -0.004283 0.000176 -0.013400 0.004283 0.999991 0.000001 3.369300 -0.000176 0.000000 1.000000 0.000000 0.000000 0.000000 0.000000 1.000000</float_array>
        <technique_common>
          <accessor source="#mixamorig8_LeftHandMiddle3-Matrix-animation-output-transform-array" count="32" stride="16">
            <param type="float4x4"/>
          </accessor>
        </technique_common>
      </source>
      <source id="mixamorig8_LeftHandMiddle3-Interpolations">
        <Name_array id="mixamorig8_LeftHandMiddle3-Interpolations-array" count="32">
 LINEAR LINEAR LINEAR LINEAR LINEAR LINEAR LINEAR LINEAR LINEAR LINEAR LINEAR
LINEAR LINEAR LINEAR LINEAR LINEAR LINEAR LINEAR LINEAR LINEAR LINEAR LINEAR LINEAR
LINEAR LINEAR LINEAR LINEAR LINEAR LINEAR LINEAR LINEAR LINEAR</Name_array>
        <technique_common>
          <accessor source="#mixamorig8_LeftHandMiddle3-Interpolations-array" count="32">
            <param type="name"/>
          </accessor>
        </technique_common>
      </source>
      <sampler id="mixamorig8_LeftHandMiddle3-Matrix-animation-transform">
        <input semantic="INPUT" source="#mixamorig8_LeftHandMiddle3-Matrix-animation-input"/>
        <input semantic="OUTPUT" source="#mixamorig8_LeftHandMiddle3-Matrix-animation-output-transform"/>
        <input semantic="INTERPOLATION" source="#mixamorig8_LeftHandMiddle3-Interpolations"/>
      </sampler>
      <channel source="#mixamorig8_LeftHandMiddle3-Matrix-animation-transform" target="mixamorig8_LeftHandMiddle3/matrix"/>
    </animation>
    <animation id="mixamorig8_LeftHandRing1-anim" name="mixamorig8_LeftHandRing1">
      <source id="mixamorig8_LeftHandRing1-Matrix-animation-input">
        <float_array id="mixamorig8_LeftHandRing1-Matrix-animation-input-array" count="32">

0.000000 0.033333 0.066667 0.100000 0.133333 0.166667 0.200000 0.233333 0.266667 0.300000 0.333333 0.366667 0.400000 0.433333 0.466667 0.500000
0.533333 0.566667 0.600000 0.633333 0.666667 0.700000 0.733333 0.766667 0.800000 0.833333 0.866667 0.900000 0.933333 0.966667 1.000000 1.033333</float_array>
        <technique_common>
          <accessor source="#mixamorig8_LeftHandRing1-Matrix-animation-input-array" count="32">
            <param name="TIME" type="float"/>
          </accessor>
        </technique_common>
      </source>
      <source id="mixamorig8_LeftHandRing1-Matrix-animation-output-transform">
        <float_array id="mixamorig8_LeftHandRing1-Matrix-animation-output-transform-array" count="512">

0.980877 -0.184727 -0.061296 1.203000 0.025396 0.433718 -0.900691 10.246600 0.192967 0.881910 0.430115 -0.166800 0.000000 0.000000 0.000000 1.000000
0.981100 -0.183079 -0.062648 1.203000 0.028547 0.457162 -0.888925 10.246600 0.191384 0.870336 0.453748 -0.166800 0.000000 0.000000 0.000000 1.000000
0.981361 -0.180985 -0.064610 1.203000 0.031678 0.483965 -0.874514 10.246600 0.189543 0.856167 0.480678 -0.166800 0.000000 0.000000 0.000000 1.000000
0.981660 -0.178593 -0.066698 1.203000 0.034738 0.511575 -0.858536 10.246600 0.187449 0.840473 0.508397 -0.166800 0.000000 0.000000 0.000000 1.000000
0.981980 -0.176147 -0.068463 1.203000 0.037704 0.537593 -0.842361 10.246600 0.185184 0.824600 0.534547 -0.166800 0.000000 0.000000 0.000000 1.000000
0.982299 -0.173951 -0.069498 1.203000 0.040576 0.559792 -0.827639 10.246600 0.182873 0.810169 0.556941 -0.166800 0.000000 0.000000 0.000000 1.000000
0.982586 -0.172351 -0.069431 1.203000 0.043374 0.576097 -0.816229 10.246600 0.180677 0.799004 0.573541 -0.166800 0.000000 0.000000 0.000000 1.000000
0.982805 -0.171705 -0.067911 1.203000 0.046145 0.584516 -0.810069 10.246600 0.178787 0.793006 0.582388 -0.166800 0.000000 0.000000 0.000000 1.000000
0.982897 -0.172638 -0.064106 1.203000 0.049041 0.580916 -0.812485 10.246600 0.177506 0.795445 0.579447 -0.166800 0.000000 0.000000 0.000000 1.000000
0.982737 -0.176351 -0.055924 1.203000 0.052453 0.555471 -0.829880 10.246600 0.177414 0.812621 0.555132 -0.166800 0.000000 0.000000 0.000000 1.000000
0.982452 -0.180534 -0.046859 1.203000 0.055622 0.523385 -0.850279 10.246600 0.178029 0.832752 0.524242 -0.166800 0.000000 0.000000 0.000000 1.000000
0.982281 -0.182723 -0.041675 1.203000 0.057577 0.505833 -0.860708 10.246600 0.178351 0.843057 0.507390 -0.166800 0.000000 0.000000 0.000000 1.000000
0.982216 -0.183640 -0.039080 1.203000 0.058930 0.499163 -0.864502 10.246600 0.178265 0.846825 0.501108 -0.166800 0.000000 0.000000 0.000000 1.000000
0.982202 -0.184037 -0.037552 1.203000 0.060087 0.497287 -0.865503 10.246600 0.177959 0.847842 0.499494 -0.166800 0.000000 0.000000 0.000000 1.000000
0.982236 -0.183974 -0.036959 1.203000 0.061016 0.499380 -0.864232 10.246600 0.177452 0.846625 0.501734 -0.166800 0.000000 0.000000 0.000000 1.000000
0.982301 -0.183588 -0.037160 1.203000 0.061726 0.504579 -0.861156 10.246600 0.176848 0.843621 0.506980 -0.166800 0.000000 0.000000 0.000000 1.000000
0.982387 -0.182950 -0.038013 1.203000 0.062202 0.512016 -0.856721 10.246600 0.176200 0.839267 0.514378 -0.166800 0.000000 0.000000 0.000000 1.000000
0.982495 -0.182078 -0.039375 1.203000 0.062400 0.520826 -0.851379 10.246600 0.175525 0.834019 0.523071 -0.166800 0.000000 0.000000 0.000000 1.000000
0.982608 -0.181082 -0.041109 1.203000 0.062323 0.530154 -0.845608 10.246600 0.174919 0.828339 0.532219 -0.166800 0.000000 0.000000 0.000000 1.000000
0.982715 -0.180044 -0.043076 1.203000 0.061965 0.539166 -0.839917 10.246600 0.174447 0.822730 0.541003 -0.166800 0.000000 0.000000 0.000000 1.000000
0.982801 -0.179064 -0.045152 1.203000 0.061316 0.547050 -0.834851 10.246600 0.174192 0.817724 0.548621 -0.166800 0.000000 0.000000 0.000000 1.000000
0.982854 -0.178237 -0.047210 1.203000 0.060371 0.553013 -0.830982 10.246600 0.174220 0.813884 0.554292 -0.166800 0.000000 0.000000 0.000000 1.000000
0.982864 -0.177667 -0.049130 1.203000 0.059120 0.556272 -0.828895 10.246600 0.174597 0.811786 0.557243 -0.166800 0.000000 0.000000 0.000000 1.000000
0.982818 -0.177453 -0.050786 1.203000 0.057549 0.556036 -0.829163 10.246600 0.175376 0.811994 0.556695 -0.166800 0.000000 0.000000 0.000000 1.000000
0.982707 -0.177691 -0.052081 1.203000 0.055582 0.551369 -0.832408 10.246600 0.176627 0.815118 0.551711 -0.166800 0.000000 0.000000 0.000000 1.000000
0.982482 -0.178518 -0.053483 1.203000 0.052306 0.539615 -0.840286 10.246600 0.178866 0.822768 0.539500 -0.166800 0.000000 0.000000 0.000000 1.000000
0.982152 -0.179799 -0.055218 1.203000 0.047481 0.521080 -0.852186 10.246600 0.181995 0.834355 0.520317 -0.166800 0.000000 0.000000 0.000000 1.000000
0.981785 -0.181237 -0.057029 1.203000 0.041762 0.498662 -0.865790 10.246600 0.185351 0.847638 0.497147 -0.166800 0.000000 0.000000 0.000000 1.000000
0.981434 -0.182594 -0.058700 1.203000 0.035874 0.475412 -0.879032 10.246600 0.188413 0.860606 0.473136 -0.166800 0.000000 0.000000 0.000000 1.000000
0.981147 -0.183695 -0.060056 1.203000 0.030619 0.454571 -0.890184 10.246600 0.190822 0.871562 0.451626 -0.166800 0.000000 0.000000 0.000000 1.000000
0.980955 -0.184422 -0.060963 1.203000 0.026836 0.439527 -0.897828 10.246600 0.192374 0.879093 0.436105 -0.166800 0.000000 0.000000 0.000000 1.000000
0.980877 -0.184726 -0.061296 1.203000 0.025396 0.433717 -0.900691 10.246600 0.192966 0.881910 0.430115 -0.166800 0.000000 0.000000 0.000000 1.000000</float_array>
        <technique_common>
          <accessor source="#mixamorig8_LeftHandRing1-Matrix-animation-output-transform-array" count="32" stride="16">
            <param type="float4x4"/>
          </accessor>
        </technique_common>
      </source>
      <source id="mixamorig8_LeftHandRing1-Interpolations">
        <Name_array id="mixamorig8_LeftHandRing1-Interpolations-array" count="32">
 LINEAR LINEAR LINEAR LINEAR LINEAR LINEAR LINEAR LINEAR LINEAR LINEAR LINEAR
LINEAR LINEAR LINEAR LINEAR LINEAR LINEAR LINEAR LINEAR LINEAR LINEAR LINEAR LINEAR
LINEAR LINEAR LINEAR LINEAR LINEAR LINEAR LINEAR LINEAR LINEAR</Name_array>
        <technique_common>
          <accessor source="#mixamorig8_LeftHandRing1-Interpolations-array" count="32">
            <param type="name"/>
          </accessor>
        </technique_common>
      </source>
      <sampler id="mixamorig8_LeftHandRing1-Matrix-animation-transform">
        <input semantic="INPUT" source="#mixamorig8_LeftHandRing1-Matrix-animation-input"/>
        <input semantic="OUTPUT" source="#mixamorig8_LeftHandRing1-Matrix-animation-output-transform"/>
        <input semantic="INTERPOLATION" source="#mixamorig8_LeftHandRing1-Interpolations"/>
      </sampler>
      <channel source="#mixamorig8_LeftHandRing1-Matrix-animation-transform" target="mixamorig8_LeftHandRing1/matrix"/>
    </animation>
    <animation id="mixamorig8_LeftHandRing2-anim" name="mixamorig8_LeftHandRing2">
      <source id="mixamorig8_LeftHandRing2-Matrix-animation-input">
        <float_array id="mixamorig8_LeftHandRing2-Matrix-animation-input-array" count="32">

0.000000 0.033333 0.066667 0.100000 0.133333 0.166667 0.200000 0.233333 0.266667 0.300000 0.333333 0.366667 0.400000 0.433333 0.466667 0.500000
0.533333 0.566667 0.600000 0.633333 0.666667 0.700000 0.733333 0.766667 0.800000 0.833333 0.866667 0.900000 0.933333 0.966667 1.000000 1.033333</float_array>
        <technique_common>
          <accessor source="#mixamorig8_LeftHandRing2-Matrix-animation-input-array" count="32">
            <param name="TIME" type="float"/>
          </accessor>
        </technique_common>
      </source>
      <source id="mixamorig8_LeftHandRing2-Matrix-animation-output-transform">
        <float_array id="mixamorig8_LeftHandRing2-Matrix-animation-output-transform-array" count="512">

0.997721 -0.029251 0.060799 0.000300 0.050916 -0.264823 -0.962952 2.791300 0.044268 0.963853 -0.262730 0.000000 0.000000 0.000000 0.000000 1.000000
0.997787 -0.030471 0.059092 0.000300 0.051264 -0.213368 -0.975626 2.791300 0.042337 0.976497 -0.211334 0.000000 0.000000 0.000000 0.000000 1.000000
0.997867 -0.031697 0.057073 0.000300 0.051453 -0.156219 -0.986381 2.791300 0.040182 0.987214 -0.154255 0.000000 0.000000 0.000000 0.000000 1.000000
0.997946 -0.032843 0.054996 0.000300 0.051593 -0.096754 -0.993970 2.791300 0.037966 0.994766 -0.094860 0.000000 0.000000 0.000000 0.000000 1.000000
0.998026 -0.033838 0.052914 0.000300 0.051603 -0.038506 -0.997925 2.791300 0.035805 0.998685 -0.036684 0.000000 0.000000 0.000000 0.000000 1.000000
0.998100 -0.034641 0.050960 0.000300 0.051502 0.014939 -0.998561 2.791300 0.033830 0.999288 0.016695 0.000000 0.000000 0.000000 0.000000 1.000000
0.998163 -0.035236 0.049279 0.000300 0.051335 0.060060 -0.996874 2.791300 0.032166 0.997573 0.061759 0.000000 0.000000 0.000000 0.000000 1.000000
0.998211 -0.035629 0.048014 0.000300 0.051162 0.093455 -0.994308 2.791300 0.030939 0.994986 0.095111 -0.000000 0.000000 0.000000 0.000000 1.000000
0.998235 -0.035800 0.047390 0.000300 0.051055 0.109559 -0.992668 2.791300 0.030345 0.993335 0.111194 0.000000 0.000000 0.000000 0.000000 1.000000
0.998216 -0.035669 0.047877 0.000300 0.051142 0.097057 -0.993964 2.791300 0.030807 0.994639 0.098708 0.000000 0.000000 0.000000 0.000000 1.000000
0.998180 -0.035379 0.048835 0.000300 0.051279 0.071816 -0.996099 2.791300 0.031734 0.996790 0.073500 -0.000000 0.000000 0.000000 0.000000 1.000000
0.998156 -0.035174 0.049462 0.000300 0.051355 0.055108 -0.997159 2.791300 0.032348 0.997861 0.056812 0.000000 0.000000 0.000000 0.000000 1.000000
0.998143 -0.035053 0.049823 0.000300 0.051396 0.045532 -0.997640 2.791300 0.032701 0.998348 0.047249 0.000000 0.000000 0.000000 0.000000 1.000000
0.998132 -0.034958 0.050097 0.000300 0.051428 0.038254 -0.997944 2.791300 0.032970 0.998656 0.039981 0.000000 0.000000 0.000000 0.000000 1.000000
0.998124 -0.034886 0.050304 0.000300 0.051449 0.032731 -0.998139 2.791300 0.033174 0.998855 0.034464 0.000000 0.000000 0.000000 0.000000 1.000000
0.998118 -0.034827 0.050465 0.000300 0.051464 0.028413 -0.998271 2.791300 0.033333 0.998989 0.030151 0.000000 0.000000 0.000000 0.000000 1.000000
0.998113 -0.034776 0.050598 0.000300 0.051473 0.024756 -0.998367 2.791300 0.033467 0.999088 0.026499 0.000000 0.000000 0.000000 0.000000 1.000000
0.998109 -0.034727 0.050727 0.000300 0.051482 0.021213 -0.998449 2.791300 0.033597 0.999172 0.022960 -0.000000 0.000000 0.000000 0.000000 1.000000
0.998103 -0.034670 0.050869 0.000300 0.051489 0.017235 -0.998525 2.791300 0.033742 0.999250 0.018988 -0.000000 0.000000 0.000000 0.000000 1.000000
0.998097 -0.034599 0.051050 0.000300 0.051501 0.012278 -0.998597 2.791300 0.033924 0.999326 0.014036 -0.000000 0.000000 0.000000 0.000000 1.000000
0.998087 -0.034509 0.051290 0.000300 0.051519 0.005789 -0.998655 2.791300 0.034165 0.999388 0.007556 0.000000 0.000000 0.000000 0.000000 1.000000
0.998075 -0.034386 0.051610 0.000300 0.051545 -0.002775 -0.998667 2.791300 0.034483 0.999405 -0.000997 0.000000 0.000000 0.000000 0.000000 1.000000
0.998059 -0.034220 0.052022 0.000300 0.051570 -0.013962 -0.998572 2.791300 0.034897 0.999317 -0.012171 0.000000 0.000000 0.000000 0.000000 1.000000
0.998040 -0.033999 0.052544 0.000300 0.051592 -0.028320 -0.998267 2.791300 0.035428 0.999021 -0.026510 0.000000 0.000000 0.000000 0.000000 1.000000
0.998014 -0.033706 0.053210 0.000300 0.051609 -0.046687 -0.997575 2.791300 0.036109 0.998341 -0.044855 0.000000 0.000000 0.000000 0.000000 1.000000
0.997976 -0.033239 0.054205 0.000300 0.051611 -0.074479 -0.995886 2.791300 0.037139 0.996668 -0.072613 0.000000 0.000000 0.000000 0.000000 1.000000
0.997926 -0.032563 0.055532 0.000300 0.051569 -0.111969 -0.992373 2.791300 0.038533 0.993178 -0.110057 0.000000 0.000000 0.000000 0.000000 1.000000
0.997870 -0.031745 0.056995 0.000300 0.051463 -0.153924 -0.986742 2.791300 0.040097 0.987573 -0.151962 0.000000 0.000000 0.000000 0.000000 1.000000
0.997812 -0.030877 0.058469 0.000300 0.051352 -0.195159 -0.979426 2.791300 0.041653 0.980286 -0.193146 -0.000000 0.000000 0.000000 0.000000 1.000000
0.997764 -0.030074 0.059683 0.000300 0.051172 -0.230621 -0.971697 2.791300 0.042987 0.972579 -0.228566 -0.000000 0.000000 0.000000 0.000000 1.000000
0.997733 -0.029481 0.060502 0.000300 0.050999 -0.255430 -0.965482 2.791300 0.043918 0.966378 -0.253347 -0.000000 0.000000 0.000000 0.000000 1.000000
0.997721 -0.029250 0.060806 0.000300 0.050923 -0.264823 -0.962951 2.791300 0.044269 0.963853 -0.262730 -0.000000 0.000000 0.000000 0.000000 1.000000</float_array>
        <technique_common>
          <accessor source="#mixamorig8_LeftHandRing2-Matrix-animation-output-transform-array" count="32" stride="16">
            <param type="float4x4"/>
          </accessor>
        </technique_common>
      </source>
      <source id="mixamorig8_LeftHandRing2-Interpolations">
        <Name_array id="mixamorig8_LeftHandRing2-Interpolations-array" count="32">
 LINEAR LINEAR LINEAR LINEAR LINEAR LINEAR LINEAR LINEAR LINEAR LINEAR LINEAR
LINEAR LINEAR LINEAR LINEAR LINEAR LINEAR LINEAR LINEAR LINEAR LINEAR LINEAR LINEAR
LINEAR LINEAR LINEAR LINEAR LINEAR LINEAR LINEAR LINEAR LINEAR</Name_array>
        <technique_common>
          <accessor source="#mixamorig8_LeftHandRing2-Interpolations-array" count="32">
            <param type="name"/>
          </accessor>
        </technique_common>
      </source>
      <sampler id="mixamorig8_LeftHandRing2-Matrix-animation-transform">
        <input semantic="INPUT" source="#mixamorig8_LeftHandRing2-Matrix-animation-input"/>
        <input semantic="OUTPUT" source="#mixamorig8_LeftHandRing2-Matrix-animation-output-transform"/>
        <input semantic="INTERPOLATION" source="#mixamorig8_LeftHandRing2-Interpolations"/>
      </sampler>
      <channel source="#mixamorig8_LeftHandRing2-Matrix-animation-transform" target="mixamorig8_LeftHandRing2/matrix"/>
    </animation>
    <animation id="mixamorig8_LeftHandRing3-anim" name="mixamorig8_LeftHandRing3">
      <source id="mixamorig8_LeftHandRing3-Matrix-animation-input">
        <float_array id="mixamorig8_LeftHandRing3-Matrix-animation-input-array" count="32">

0.000000 0.033333 0.066667 0.100000 0.133333 0.166667 0.200000 0.233333 0.266667 0.300000 0.333333 0.366667 0.400000 0.433333 0.466667 0.500000
0.533333 0.566667 0.600000 0.633333 0.666667 0.700000 0.733333 0.766667 0.800000 0.833333 0.866667 0.900000 0.933333 0.966667 1.000000 1.033333</float_array>
        <technique_common>
          <accessor source="#mixamorig8_LeftHandRing3-Matrix-animation-input-array" count="32">
            <param name="TIME" type="float"/>
          </accessor>
        </technique_common>
      </source>
      <source id="mixamorig8_LeftHandRing3-Matrix-animation-output-transform">
        <float_array id="mixamorig8_LeftHandRing3-Matrix-animation-output-transform-array" count="512">

0.999988 -0.004888 -0.000019 -0.006100 0.004888 0.999988 0.000000 2.658600 0.000019 -0.000000 1.000000 0.000000 0.000000 0.000000 0.000000 1.000000
0.999988 -0.004888 -0.000020 -0.006100 0.004888 0.999988 -0.000000 2.658600 0.000020 -0.000000 1.000000 0.000000 0.000000 0.000000 0.000000 1.000000
0.999988 -0.004888 -0.000019 -0.006100 0.004888 0.999988 0.000000 2.658600 0.000019 -0.000000 1.000000 0.000000 0.000000 0.000000 0.000000 1.000000
0.999988 -0.004889 -0.000020 -0.006100 0.004889 0.999988 -0.000000 2.658600 0.000020 0.000000 1.000000 0.000000 0.000000 0.000000 0.000000 1.000000
0.999988 -0.004888 -0.000019 -0.006100 0.004888 0.999988 0.000000 2.658600 0.000019 -0.000000 1.000000 0.000000 0.000000 0.000000 0.000000 1.000000
0.999988 -0.004888 -0.000020 -0.006100 0.004888 0.999988 -0.000000 2.658600 0.000020 0.000000 1.000000 0.000000 0.000000 0.000000 0.000000 1.000000
0.999988 -0.004888 -0.000020 -0.006100 0.004888 0.999988 0.000000 2.658600 0.000020 -0.000000 1.000000 0.000000 0.000000 0.000000 0.000000 1.000000
0.999988 -0.004888 -0.000020 -0.006100 0.004888 0.999988 -0.000000 2.658600 0.000020 -0.000000 1.000000 0.000000 0.000000 0.000000 0.000000 1.000000
0.999988 -0.004888 -0.000020 -0.006100 0.004888 0.999988 -0.000000 2.658600 0.000020 -0.000000 1.000000 0.000000 0.000000 0.000000 0.000000 1.000000
0.999988 -0.004888 -0.000020 -0.006100 0.004888 0.999988 0.000000 2.658600 0.000020 -0.000000 1.000000 0.000000 0.000000 0.000000 0.000000 1.000000
0.999988 -0.004888 -0.000019 -0.006100 0.004888 0.999988 0.000000 2.658600 0.000019 -0.000000 1.000000 -0.000000 0.000000 0.000000 0.000000 1.000000
0.999988 -0.004888 -0.000020 -0.006100 0.004888 0.999988 -0.000000 2.658600 0.000020 -0.000000 1.000000 0.000000 0.000000 0.000000 0.000000 1.000000
0.999988 -0.004888 -0.000020 -0.006100 0.004888 0.999988 -0.000000 2.658600 0.000020 0.000000 1.000000 -0.000000 0.000000 0.000000 0.000000 1.000000
0.999988 -0.004888 -0.000020 -0.006100 0.004888 0.999988 -0.000000 2.658600 0.000020 0.000000 1.000000 0.000000 0.000000 0.000000 0.000000 1.000000
0.999988 -0.004888 -0.000020 -0.006100 0.004888 0.999988 -0.000000 2.658600 0.000020 0.000000 1.000000 0.000000 0.000000 0.000000 0.000000 1.000000
0.999988 -0.004888 -0.000020 -0.006100 0.004888 0.999988 -0.000000 2.658600 0.000020 0.000000 1.000000 0.000000 0.000000 0.000000 0.000000 1.000000
0.999988 -0.004888 -0.000020 -0.006100 0.004888 0.999988 -0.000000 2.658600 0.000020 -0.000000 1.000000 -0.000000 0.000000 0.000000 0.000000 1.000000
0.999988 -0.004888 -0.000019 -0.006100 0.004888 0.999988 0.000000 2.658600 0.000019 -0.000000 1.000000 0.000000 0.000000 0.000000 0.000000 1.000000
0.999988 -0.004888 -0.000019 -0.006100 0.004888 0.999988 -0.000000 2.658600 0.000019 -0.000000 1.000000 0.000000 0.000000 0.000000 0.000000 1.000000
0.999988 -0.004888 -0.000020 -0.006100 0.004888 0.999988 -0.000000 2.658600 0.000020 -0.000000 1.000000 0.000000 0.000000 0.000000 0.000000 1.000000
0.999988 -0.004888 -0.000019 -0.006100 0.004888 0.999988 -0.000000 2.658600 0.000019 -0.000000 1.000000 0.000000 0.000000 0.000000 0.000000 1.000000
0.999988 -0.004888 -0.000019 -0.006100 0.004888 0.999988 0.000000 2.658600 0.000019 -0.000000 1.000000 -0.000000 0.000000 0.000000 0.000000 1.000000
0.999988 -0.004888 -0.000019 -0.006100 0.004888 0.999988 0.000000 2.658600 0.000019 -0.000000 1.000000 0.000000 0.000000 0.000000 0.000000 1.000000
0.999988 -0.004888 -0.000020 -0.006100 0.004888 0.999988 0.000000 2.658600 0.000020 -0.000000 1.000000 0.000000 0.000000 0.000000 0.000000 1.000000
0.999988 -0.004888 -0.000019 -0.006100 0.004888 0.999988 0.000000 2.658600 0.000019 -0.000000 1.000000 0.000000 0.000000 0.000000 0.000000 1.000000
0.999988 -0.004888 -0.000019 -0.006100 0.004888 0.999988 -0.000000 2.658600 0.000019 -0.000000 1.000000 0.000000 0.000000 0.000000 0.000000 1.000000
0.999988 -0.004888 -0.000020 -0.006100 0.004888 0.999988 0.000000 2.658600 0.000020 -0.000000 1.000000 -0.000000 0.000000 0.000000 0.000000 1.000000
0.999988 -0.004888 -0.000020 -0.006100 0.004888 0.999988 0.000000 2.658600 0.000020 -0.000000 1.000000 0.000000 0.000000 0.000000 0.000000 1.000000
0.999988 -0.004888 -0.000019 -0.006100 0.004888 0.999988 0.000000 2.658600 0.000019 -0.000000 1.000000 0.000000 0.000000 0.000000 0.000000 1.000000
0.999988 -0.004888 -0.000020 -0.006100 0.004888 0.999988 0.000000 2.658600 0.000020 -0.000000 1.000000 0.000000 0.000000 0.000000 0.000000 1.000000
0.999988 -0.004888 -0.000019 -0.006100 0.004888 0.999988 0.000000 2.658600 0.000019 -0.000000 1.000000 0.000000 0.000000 0.000000 0.000000 1.000000
0.999988 -0.004888 -0.000020 -0.006100 0.004888 0.999988 -0.000000 2.658600 0.000020 0.000000 1.000000 0.000000 0.000000 0.000000 0.000000 1.000000</float_array>
        <technique_common>
          <accessor source="#mixamorig8_LeftHandRing3-Matrix-animation-output-transform-array" count="32" stride="16">
            <param type="float4x4"/>
          </accessor>
        </technique_common>
      </source>
      <source id="mixamorig8_LeftHandRing3-Interpolations">
        <Name_array id="mixamorig8_LeftHandRing3-Interpolations-array" count="32">
 LINEAR LINEAR LINEAR LINEAR LINEAR LINEAR LINEAR LINEAR LINEAR LINEAR LINEAR
LINEAR LINEAR LINEAR LINEAR LINEAR LINEAR LINEAR LINEAR LINEAR LINEAR LINEAR LINEAR
LINEAR LINEAR LINEAR LINEAR LINEAR LINEAR LINEAR LINEAR LINEAR</Name_array>
        <technique_common>
          <accessor source="#mixamorig8_LeftHandRing3-Interpolations-array" count="32">
            <param type="name"/>
          </accessor>
        </technique_common>
      </source>
      <sampler id="mixamorig8_LeftHandRing3-Matrix-animation-transform">
        <input semantic="INPUT" source="#mixamorig8_LeftHandRing3-Matrix-animation-input"/>
        <input semantic="OUTPUT" source="#mixamorig8_LeftHandRing3-Matrix-animation-output-transform"/>
        <input semantic="INTERPOLATION" source="#mixamorig8_LeftHandRing3-Interpolations"/>
      </sampler>
      <channel source="#mixamorig8_LeftHandRing3-Matrix-animation-transform" target="mixamorig8_LeftHandRing3/matrix"/>
    </animation>
    <animation id="mixamorig8_LeftHandPinky1-anim" name="mixamorig8_LeftHandPinky1">
      <source id="mixamorig8_LeftHandPinky1-Matrix-animation-input">
        <float_array id="mixamorig8_LeftHandPinky1-Matrix-animation-input-array" count="32">

0.000000 0.033333 0.066667 0.100000 0.133333 0.166667 0.200000 0.233333 0.266667 0.300000 0.333333 0.366667 0.400000 0.433333 0.466667 0.500000
0.533333 0.566667 0.600000 0.633333 0.666667 0.700000 0.733333 0.766667 0.800000 0.833333 0.866667 0.900000 0.933333 0.966667 1.000000 1.033333</float_array>
        <technique_common>
          <accessor source="#mixamorig8_LeftHandPinky1-Matrix-animation-input-array" count="32">
            <param name="TIME" type="float"/>
          </accessor>
        </technique_common>
      </source>
      <source id="mixamorig8_LeftHandPinky1-Matrix-animation-output-transform">
        <float_array id="mixamorig8_LeftHandPinky1-Matrix-animation-output-transform-array" count="512">

0.966421 -0.230015 -0.114554 3.322100 -0.048851 0.273213 -0.960712 8.982600 0.252276 0.934049 0.252802 0.033400 0.000000 0.000000 0.000000 1.000000
0.967027 -0.226233 -0.116948 3.322100 -0.045543 0.298184 -0.953421 8.982600 0.250568 0.927311 0.278049 0.033400 0.000000 0.000000 0.000000 1.000000
0.967721 -0.221604 -0.120029 3.322100 -0.042244 0.326894 -0.944116 8.982600 0.248457 0.918712 0.306981 0.033400 0.000000 0.000000 0.000000 1.000000
0.968474 -0.216510 -0.123211 3.322100 -0.039019 0.356654 -0.933422 8.982600 0.246039 0.908802 0.336962 0.033400 0.000000 0.000000 0.000000 1.000000
0.969247 -0.211391 -0.125989 3.322100 -0.035940 0.384882 -0.922266 8.982600 0.243450 0.898432 0.365448 0.033400 0.000000 0.000000 0.000000 1.000000
0.970009 -0.206702 -0.127891 3.322100 -0.033050 0.409107 -0.911888 8.982600 0.240810 0.888766 0.390006 0.033400 0.000000 0.000000 0.000000 1.000000
0.970724 -0.202944 -0.128487 3.322100 -0.030358 0.426973 -0.903755 8.982600 0.238272 0.881197 0.408312 0.033400 0.000000 0.000000 0.000000 1.000000
0.971350 -0.200637 -0.127374 3.322100 -0.027846 0.436188 -0.899425 8.982600 0.236017 0.877203 0.418104 0.033400 0.000000 0.000000 0.000000 1.000000
0.971829 -0.200672 -0.123609 3.322100 -0.025431 0.432116 -0.901459 8.982600 0.234311 0.879208 0.414840 0.033400 0.000000 0.000000 0.000000 1.000000
0.972058 -0.204757 -0.114792 3.322100 -0.022894 0.403993 -0.914476 8.982600 0.233621 0.891552 0.388017 0.033400 0.000000 0.000000 0.000000 1.000000
0.972113 -0.209778 -0.104827 3.322100 -0.020613 0.368837 -0.929265 8.982600 0.233604 0.905512 0.354228 0.033400 0.000000 0.000000 0.000000 1.000000
0.972161 -0.212305 -0.099140 3.322100 -0.019145 0.349722 -0.936658 8.982600 0.233528 0.912481 0.335922 0.033400 0.000000 0.000000 0.000000 1.000000
0.972263 -0.213112 -0.096371 3.322100 -0.018044 0.342462 -0.939358 8.982600 0.233192 0.915043 0.329118 0.033400 0.000000 0.000000 0.000000 1.000000
0.972400 -0.213182 -0.094820 3.322100 -0.017046 0.340400 -0.940126 8.982600 0.232695 0.915795 0.327371 0.033400 0.000000 0.000000 0.000000 1.000000
0.972562 -0.212663 -0.094327 3.322100 -0.016183 0.342634 -0.939330 8.982600 0.232081 0.915083 0.329791 0.033400 0.000000 0.000000 0.000000 1.000000
0.972730 -0.211716 -0.094722 3.322100 -0.015474 0.348243 -0.937277 8.982600 0.231423 0.913183 0.335470 0.033400 0.000000 0.000000 0.000000 1.000000
0.972900 -0.210429 -0.095838 3.322100 -0.014968 0.356297 -0.934253 8.982600 0.230741 0.910369 0.343492 0.033400 0.000000 0.000000 0.000000 1.000000
0.973060 -0.208928 -0.097482 3.322100 -0.014669 0.365861 -0.930554 8.982600 0.230084 0.906915 0.352940 0.033400 0.000000 0.000000 0.000000 1.000000
0.973192 -0.207355 -0.099505 3.322100 -0.014614 0.376020 -0.926496 8.982600 0.229529 0.903113 0.362909 0.033400 0.000000 0.000000 0.000000 1.000000
0.973281 -0.205848 -0.101742 3.322100 -0.014816 0.385865 -0.922436 8.982600 0.229141 0.899297 0.372505 0.033400 0.000000 0.000000 0.000000 1.000000
0.973310 -0.204562 -0.104027 3.322100 -0.015283 0.394507 -0.918766 8.982600 0.228984 0.895834 0.380851 0.033400 0.000000 0.000000 0.000000 1.000000
0.973255 -0.203697 -0.106222 3.322100 -0.016021 0.401071 -0.915907 8.982600 0.229170 0.893112 0.387081 0.033400 0.000000 0.000000 0.000000 1.000000
0.973104 -0.203386 -0.108177 3.322100 -0.017057 0.404684 -0.914297 8.982600 0.229733 0.891552 0.390331 0.033400 0.000000 0.000000 0.000000 1.000000
0.972845 -0.203789 -0.109741 3.322100 -0.018417 0.404473 -0.914364 8.982600 0.230724 0.891556 0.389737 0.033400 0.000000 0.000000 0.000000 1.000000
0.972453 -0.205090 -0.110787 3.322100 -0.020182 0.399413 -0.916549 8.982600 0.232224 0.893536 0.384271 0.033400 0.000000 0.000000 0.000000 1.000000
0.971751 -0.207928 -0.111649 3.322100 -0.023194 0.386646 -0.921936 8.982600 0.234865 0.898482 0.370901 0.033400 0.000000 0.000000 0.000000 1.000000
0.970727 -0.212185 -0.112545 3.322100 -0.027691 0.366585 -0.929972 8.982600 0.238584 0.905866 0.349978 0.033400 0.000000 0.000000 0.000000 1.000000
0.969550 -0.217090 -0.113333 3.322100 -0.033082 0.342440 -0.938957 8.982600 0.242648 0.914115 0.324831 0.033400 0.000000 0.000000 0.000000 1.000000
0.968384 -0.221931 -0.113927 3.322100 -0.038694 0.317536 -0.947457 8.982600 0.246446 0.921910 0.298909 0.033400 0.000000 0.000000 0.000000 1.000000
0.967382 -0.226070 -0.114305 3.322100 -0.043754 0.295327 -0.954394 8.982600 0.249517 0.928264 0.275802 0.033400 0.000000 0.000000 0.000000 1.000000
0.966683 -0.228943 -0.114496 3.322100 -0.047426 0.279359 -0.959015 8.982600 0.251546 0.932493 0.259194 0.033400 0.000000 0.000000 0.000000 1.000000
0.966422 -0.230024 -0.114528 3.322100 -0.048824 0.273207 -0.960715 8.982600 0.252278 0.934049 0.252803 0.033400 0.000000 0.000000 0.000000 1.000000</float_array>
        <technique_common>
          <accessor source="#mixamorig8_LeftHandPinky1-Matrix-animation-output-transform-array" count="32" stride="16">
            <param type="float4x4"/>
          </accessor>
        </technique_common>
      </source>
      <source id="mixamorig8_LeftHandPinky1-Interpolations">
        <Name_array id="mixamorig8_LeftHandPinky1-Interpolations-array" count="32">
 LINEAR LINEAR LINEAR LINEAR LINEAR LINEAR LINEAR LINEAR LINEAR LINEAR LINEAR
LINEAR LINEAR LINEAR LINEAR LINEAR LINEAR LINEAR LINEAR LINEAR LINEAR LINEAR LINEAR
LINEAR LINEAR LINEAR LINEAR LINEAR LINEAR LINEAR LINEAR LINEAR</Name_array>
        <technique_common>
          <accessor source="#mixamorig8_LeftHandPinky1-Interpolations-array" count="32">
            <param type="name"/>
          </accessor>
        </technique_common>
      </source>
      <sampler id="mixamorig8_LeftHandPinky1-Matrix-animation-transform">
        <input semantic="INPUT" source="#mixamorig8_LeftHandPinky1-Matrix-animation-input"/>
        <input semantic="OUTPUT" source="#mixamorig8_LeftHandPinky1-Matrix-animation-output-transform"/>
        <input semantic="INTERPOLATION" source="#mixamorig8_LeftHandPinky1-Interpolations"/>
      </sampler>
      <channel source="#mixamorig8_LeftHandPinky1-Matrix-animation-transform" target="mixamorig8_LeftHandPinky1/matrix"/>
    </animation>
    <animation id="mixamorig8_LeftHandPinky2-anim" name="mixamorig8_LeftHandPinky2">
      <source id="mixamorig8_LeftHandPinky2-Matrix-animation-input">
        <float_array id="mixamorig8_LeftHandPinky2-Matrix-animation-input-array" count="32">

0.000000 0.033333 0.066667 0.100000 0.133333 0.166667 0.200000 0.233333 0.266667 0.300000 0.333333 0.366667 0.400000 0.433333 0.466667 0.500000
0.533333 0.566667 0.600000 0.633333 0.666667 0.700000 0.733333 0.766667 0.800000 0.833333 0.866667 0.900000 0.933333 0.966667 1.000000 1.033333</float_array>
        <technique_common>
          <accessor source="#mixamorig8_LeftHandPinky2-Matrix-animation-input-array" count="32">
            <param name="TIME" type="float"/>
          </accessor>
        </technique_common>
      </source>
      <source id="mixamorig8_LeftHandPinky2-Matrix-animation-output-transform">
        <float_array id="mixamorig8_LeftHandPinky2-Matrix-animation-output-transform-array" count="512">

0.996645 0.005755 0.081637 0.012100 0.081785 -0.106636 -0.990929 2.687700 0.003003 0.994281 -0.106749 0.000000 0.000000 0.000000 0.000000 1.000000
0.996659 0.001373 0.081663 0.012100 0.081618 -0.053991 -0.995200 2.687700 0.003043 0.998540 -0.053922 0.000000 0.000000 0.000000 0.000000 1.000000
0.996674 -0.003430 0.081425 0.012100 0.081438 0.003952 -0.996671 2.687700 0.003097 0.999986 0.004218 0.000000 0.000000 0.000000 0.000000 1.000000
0.996688 -0.008358 0.080887 0.012100 0.081256 0.063667 -0.994658 2.687700 0.003163 0.997936 0.064136 -0.000000 0.000000 0.000000 0.000000 1.000000
0.996702 -0.013118 0.080081 0.012100 0.081083 0.121605 -0.989261 2.687700 0.003239 0.992492 0.122268 0.000000 0.000000 0.000000 0.000000 1.000000
0.996714 -0.017427 0.079099 0.012100 0.080929 0.174289 -0.981363 2.687700 0.003316 0.984540 0.175126 -0.000000 0.000000 0.000000 0.000000 1.000000
0.996724 -0.021023 0.078093 0.012100 0.080802 0.218413 -0.972505 2.687700 0.003388 0.975630 0.219396 0.000000 0.000000 0.000000 0.000000 1.000000
0.996732 -0.023658 0.077241 0.012100 0.080710 0.250860 -0.964653 2.687700 0.003445 0.967734 0.251949 0.000000 0.000000 0.000000 0.000000 1.000000
0.996735 -0.024921 0.076798 0.012100 0.080666 0.266443 -0.960469 2.687700 0.003474 0.963528 0.267584 -0.000000 0.000000 0.000000 0.000000 1.000000
0.996732 -0.023941 0.077144 0.012100 0.080700 0.254349 -0.963740 2.687700 0.003451 0.966816 0.255450 0.000000 0.000000 0.000000 0.000000 1.000000
0.996727 -0.021953 0.077803 0.012100 0.080769 0.229856 -0.969867 2.687700 0.003408 0.972977 0.230877 0.000000 0.000000 0.000000 0.000000 1.000000
0.996723 -0.020630 0.078211 0.012100 0.080816 0.213586 -0.973576 2.687700 0.003380 0.976706 0.214553 0.000000 0.000000 0.000000 0.000000 1.000000
0.996721 -0.019869 0.078435 0.012100 0.080842 0.204241 -0.975577 2.687700 0.003364 0.978719 0.205178 0.000000 0.000000 0.000000 0.000000 1.000000
0.996720 -0.019290 0.078600 0.012100 0.080863 0.197130 -0.977037 2.687700 0.003353 0.980188 0.198043 0.000000 0.000000 0.000000 0.000000 1.000000
0.996718 -0.018849 0.078722 0.012100 0.080878 0.191726 -0.978110 2.687700 0.003344 0.981268 0.192621 0.000000 0.000000 0.000000 0.000000 1.000000
0.996717 -0.018505 0.078816 0.012100 0.080891 0.187498 -0.978929 2.687700 0.003337 0.982091 0.188380 0.000000 0.000000 0.000000 0.000000 1.000000
0.996717 -0.018213 0.078895 0.012100 0.080901 0.183917 -0.979607 2.687700 0.003331 0.982773 0.184786 -0.000000 0.000000 0.000000 0.000000 1.000000
0.996716 -0.017929 0.078970 0.012100 0.080911 0.180444 -0.980252 2.687700 0.003326 0.983422 0.181302 0.000000 0.000000 0.000000 0.000000 1.000000
0.996715 -0.017611 0.079052 0.012100 0.080922 0.176542 -0.980961 2.687700 0.003319 0.984135 0.177388 0.000000 0.000000 0.000000 0.000000 1.000000
0.996714 -0.017214 0.079154 0.012100 0.080937 0.171676 -0.981823 2.687700 0.003312 0.985003 0.172505 0.000000 0.000000 0.000000 0.000000 1.000000
0.996712 -0.016693 0.079284 0.012100 0.080955 0.165303 -0.982915 2.687700 0.003302 0.986102 0.166111 0.000000 0.000000 0.000000 0.000000 1.000000
0.996710 -0.016005 0.079450 0.012100 0.080979 0.156879 -0.984292 2.687700 0.003290 0.987488 0.157659 0.000000 0.000000 0.000000 0.000000 1.000000
0.996708 -0.015103 0.079659 0.012100 0.081012 0.145856 -0.985983 2.687700 0.003273 0.989191 0.146599 0.000000 0.000000 0.000000 0.000000 1.000000
0.996704 -0.013944 0.079911 0.012100 0.081053 0.131682 -0.987973 2.687700 0.003253 0.991194 0.132378 0.000000 0.000000 0.000000 0.000000 1.000000
0.996700 -0.012453 0.080210 0.012100 0.081107 0.113501 -0.990222 2.687700 0.003227 0.993460 0.114136 0.000000 0.000000 0.000000 0.000000 1.000000
0.996694 -0.010186 0.080611 0.012100 0.081189 0.085887 -0.992991 2.687700 0.003191 0.996253 0.086430 0.000000 0.000000 0.000000 0.000000 1.000000
0.996685 -0.007104 0.081052 0.012100 0.081302 0.048443 -0.995512 2.687700 0.003145 0.998801 0.048860 0.000000 0.000000 0.000000 0.000000 1.000000
0.996674 -0.003621 0.081409 0.012100 0.081431 0.006267 -0.996659 2.687700 0.003099 0.999974 0.006541 0.000000 0.000000 0.000000 0.000000 1.000000
0.996664 -0.000165 0.081617 0.012100 0.081560 -0.035470 -0.996037 2.687700 0.003059 0.999371 -0.035338 -0.000000 0.000000 0.000000 0.000000 1.000000
0.996655 0.002836 0.081681 0.012100 0.081674 -0.071591 -0.994085 2.687700 0.003029 0.997430 -0.071583 0.000000 0.000000 0.000000 0.000000 1.000000
0.996648 0.004950 0.081659 0.012100 0.081754 -0.096991 -0.991922 2.687700 0.003010 0.995273 -0.097071 0.000000 0.000000 0.000000 0.000000 1.000000
0.996646 0.005755 0.081637 0.012100 0.081785 -0.106636 -0.990929 2.687700 0.003003 0.994281 -0.106749 0.000000 0.000000 0.000000 0.000000 1.000000</float_array>
        <technique_common>
          <accessor source="#mixamorig8_LeftHandPinky2-Matrix-animation-output-transform-array" count="32" stride="16">
            <param type="float4x4"/>
          </accessor>
        </technique_common>
      </source>
      <source id="mixamorig8_LeftHandPinky2-Interpolations">
        <Name_array id="mixamorig8_LeftHandPinky2-Interpolations-array" count="32">
 LINEAR LINEAR LINEAR LINEAR LINEAR LINEAR LINEAR LINEAR LINEAR LINEAR LINEAR
LINEAR LINEAR LINEAR LINEAR LINEAR LINEAR LINEAR LINEAR LINEAR LINEAR LINEAR LINEAR
LINEAR LINEAR LINEAR LINEAR LINEAR LINEAR LINEAR LINEAR LINEAR</Name_array>
        <technique_common>
          <accessor source="#mixamorig8_LeftHandPinky2-Interpolations-array" count="32">
            <param type="name"/>
          </accessor>
        </technique_common>
      </source>
      <sampler id="mixamorig8_LeftHandPinky2-Matrix-animation-transform">
        <input semantic="INPUT" source="#mixamorig8_LeftHandPinky2-Matrix-animation-input"/>
        <input semantic="OUTPUT" source="#mixamorig8_LeftHandPinky2-Matrix-animation-output-transform"/>
        <input semantic="INTERPOLATION" source="#mixamorig8_LeftHandPinky2-Interpolations"/>
      </sampler>
      <channel source="#mixamorig8_LeftHandPinky2-Matrix-animation-transform" target="mixamorig8_LeftHandPinky2/matrix"/>
    </animation>
    <animation id="mixamorig8_LeftHandPinky3-anim" name="mixamorig8_LeftHandPinky3">
      <source id="mixamorig8_LeftHandPinky3-Matrix-animation-input">
        <float_array id="mixamorig8_LeftHandPinky3-Matrix-animation-input-array" count="32">

0.000000 0.033333 0.066667 0.100000 0.133333 0.166667 0.200000 0.233333 0.266667 0.300000 0.333333 0.366667 0.400000 0.433333 0.466667 0.500000
0.533333 0.566667 0.600000 0.633333 0.666667 0.700000 0.733333 0.766667 0.800000 0.833333 0.866667 0.900000 0.933333 0.966667 1.000000 1.033333</float_array>
        <technique_common>
          <accessor source="#mixamorig8_LeftHandPinky3-Matrix-animation-input-array" count="32">
            <param name="TIME" type="float"/>
          </accessor>
        </technique_common>
      </source>
      <source id="mixamorig8_LeftHandPinky3-Matrix-animation-output-transform">
        <float_array id="mixamorig8_LeftHandPinky3-Matrix-animation-output-transform-array" count="512">

1.000000 -0.000458 0.000062 -0.007000 0.000458 1.000000 0.000000 2.275500 -0.000062 -0.000000 1.000000 0.000000 0.000000 0.000000 0.000000 1.000000
1.000000 -0.000458 0.000062 -0.007000 0.000458 1.000000 0.000000 2.275500 -0.000062 -0.000000 1.000000 0.000000 0.000000 0.000000 0.000000 1.000000
1.000000 -0.000458 0.000062 -0.007000 0.000458 1.000000 0.000000 2.275500 -0.000062 -0.000000 1.000000 0.000000 0.000000 0.000000 0.000000 1.000000
1.000000 -0.000458 0.000062 -0.007000 0.000458 1.000000 0.000000 2.275500 -0.000062 -0.000000 1.000000 0.000000 0.000000 0.000000 0.000000 1.000000
1.000000 -0.000458 0.000062 -0.007000 0.000458 1.000000 0.000000 2.275500 -0.000062 -0.000000 1.000000 0.000000 0.000000 0.000000 0.000000 1.000000
1.000000 -0.000458 0.000062 -0.007000 0.000458 1.000000 0.000000 2.275500 -0.000062 -0.000000 1.000000 0.000000 0.000000 0.000000 0.000000 1.000000
1.000000 -0.000458 0.000062 -0.007000 0.000458 1.000000 0.000000 2.275500 -0.000062 -0.000000 1.000000 -0.000000 0.000000 0.000000 0.000000 1.000000
1.000000 -0.000458 0.000062 -0.007000 0.000458 1.000000 0.000000 2.275500 -0.000062 -0.000000 1.000000 0.000000 0.000000 0.000000 0.000000 1.000000
1.000000 -0.000458 0.000062 -0.007000 0.000458 1.000000 0.000000 2.275500 -0.000062 -0.000000 1.000000 0.000000 0.000000 0.000000 0.000000 1.000000
1.000000 -0.000458 0.000062 -0.007000 0.000458 1.000000 0.000000 2.275500 -0.000062 -0.000000 1.000000 0.000000 0.000000 0.000000 0.000000 1.000000
1.000000 -0.000458 0.000063 -0.007000 0.000458 1.000000 0.000000 2.275500 -0.000063 -0.000000 1.000000 -0.000000 0.000000 0.000000 0.000000 1.000000
1.000000 -0.000458 0.000062 -0.007000 0.000458 1.000000 0.000000 2.275500 -0.000062 -0.000000 1.000000 0.000000 0.000000 0.000000 0.000000 1.000000
1.000000 -0.000458 0.000062 -0.007000 0.000458 1.000000 0.000000 2.275500 -0.000062 -0.000000 1.000000 0.000000 0.000000 0.000000 0.000000 1.000000
1.000000 -0.000458 0.000062 -0.007000 0.000458 1.000000 0.000000 2.275500 -0.000062 0.000000 1.000000 0.000000 0.000000 0.000000 0.000000 1.000000
1.000000 -0.000458 0.000062 -0.007000 0.000458 1.000000 -0.000000 2.275500 -0.000062 0.000000 1.000000 -0.000000 0.000000 0.000000 0.000000 1.000000
1.000000 -0.000458 0.000062 -0.007000 0.000458 1.000000 0.000000 2.275500 -0.000062 -0.000000 1.000000 0.000000 0.000000 0.000000 0.000000 1.000000
1.000000 -0.000458 0.000062 -0.007000 0.000458 1.000000 -0.000000 2.275500 -0.000062 0.000000 1.000000 0.000000 0.000000 0.000000 0.000000 1.000000
1.000000 -0.000458 0.000062 -0.007000 0.000458 1.000000 0.000000 2.275500 -0.000062 -0.000000 1.000000 -0.000000 0.000000 0.000000 0.000000 1.000000
1.000000 -0.000458 0.000062 -0.007000 0.000458 1.000000 0.000000 2.275500 -0.000062 -0.000000 1.000000 0.000000 0.000000 0.000000 0.000000 1.000000
1.000000 -0.000458 0.000062 -0.007000 0.000458 1.000000 -0.000000 2.275500 -0.000062 0.000000 1.000000 0.000000 0.000000 0.000000 0.000000 1.000000
1.000000 -0.000458 0.000062 -0.007000 0.000458 1.000000 0.000000 2.275500 -0.000062 -0.000000 1.000000 0.000000 0.000000 0.000000 0.000000 1.000000
1.000000 -0.000458 0.000062 -0.007000 0.000458 1.000000 0.000000 2.275500 -0.000062 -0.000000 1.000000 0.000000 0.000000 0.000000 0.000000 1.000000
1.000000 -0.000458 0.000062 -0.007000 0.000458 1.000000 0.000000 2.275500 -0.000062 -0.000000 1.000000 0.000000 0.000000 0.000000 0.000000 1.000000
1.000000 -0.000458 0.000062 -0.007000 0.000458 1.000000 0.000000 2.275500 -0.000062 -0.000000 1.000000 0.000000 0.000000 0.000000 0.000000 1.000000
1.000000 -0.000458 0.000062 -0.007000 0.000458 1.000000 0.000000 2.275500 -0.000062 0.000000 1.000000 0.000000 0.000000 0.000000 0.000000 1.000000
1.000000 -0.000458 0.000062 -0.007000 0.000458 1.000000 0.000000 2.275500 -0.000062 -0.000000 1.000000 0.000000 0.000000 0.000000 0.000000 1.000000
1.000000 -0.000458 0.000062 -0.007000 0.000458 1.000000 0.000000 2.275500 -0.000062 -0.000000 1.000000 0.000000 0.000000 0.000000 0.000000 1.000000
1.000000 -0.000458 0.000062 -0.007000 0.000458 1.000000 0.000000 2.275500 -0.000062 -0.000000 1.000000 0.000000 0.000000 0.000000 0.000000 1.000000
1.000000 -0.000458 0.000062 -0.007000 0.000458 1.000000 0.000000 2.275500 -0.000062 0.000000 1.000000 0.000000 0.000000 0.000000 0.000000 1.000000
1.000000 -0.000458 0.000062 -0.007000 0.000458 1.000000 0.000000 2.275500 -0.000062 -0.000000 1.000000 0.000000 0.000000 0.000000 0.000000 1.000000
1.000000 -0.000458 0.000062 -0.007000 0.000458 1.000000 0.000000 2.275500 -0.000062 -0.000000 1.000000 0.000000 0.000000 0.000000 0.000000 1.000000
1.000000 -0.000458 0.000062 -0.007000 0.000458 1.000000 0.000000 2.275500 -0.000062 -0.000000 1.000000 0.000000 0.000000 0.000000 0.000000 1.000000</float_array>
        <technique_common>
          <accessor source="#mixamorig8_LeftHandPinky3-Matrix-animation-output-transform-array" count="32" stride="16">
            <param type="float4x4"/>
          </accessor>
        </technique_common>
      </source>
      <source id="mixamorig8_LeftHandPinky3-Interpolations">
        <Name_array id="mixamorig8_LeftHandPinky3-Interpolations-array" count="32">
 LINEAR LINEAR LINEAR LINEAR LINEAR LINEAR LINEAR LINEAR LINEAR LINEAR LINEAR
LINEAR LINEAR LINEAR LINEAR LINEAR LINEAR LINEAR LINEAR LINEAR LINEAR LINEAR LINEAR
LINEAR LINEAR LINEAR LINEAR LINEAR LINEAR LINEAR LINEAR LINEAR</Name_array>
        <technique_common>
          <accessor source="#mixamorig8_LeftHandPinky3-Interpolations-array" count="32">
            <param type="name"/>
          </accessor>
        </technique_common>
      </source>
      <sampler id="mixamorig8_LeftHandPinky3-Matrix-animation-transform">
        <input semantic="INPUT" source="#mixamorig8_LeftHandPinky3-Matrix-animation-input"/>
        <input semantic="OUTPUT" source="#mixamorig8_LeftHandPinky3-Matrix-animation-output-transform"/>
        <input semantic="INTERPOLATION" source="#mixamorig8_LeftHandPinky3-Interpolations"/>
      </sampler>
      <channel source="#mixamorig8_LeftHandPinky3-Matrix-animation-transform" target="mixamorig8_LeftHandPinky3/matrix"/>
    </animation>
    <animation id="mixamorig8_RightShoulder-anim" name="mixamorig8_RightShoulder">
      <source id="mixamorig8_RightShoulder-Matrix-animation-input">
        <float_array id="mixamorig8_RightShoulder-Matrix-animation-input-array" count="32">

0.000000 0.033333 0.066667 0.100000 0.133333 0.166667 0.200000 0.233333 0.266667 0.300000 0.333333 0.366667 0.400000 0.433333 0.466667 0.500000
0.533333 0.566667 0.600000 0.633333 0.666667 0.700000 0.733333 0.766667 0.800000 0.833333 0.866667 0.900000 0.933333 0.966667 1.000000 1.033333</float_array>
        <technique_common>
          <accessor source="#mixamorig8_RightShoulder-Matrix-animation-input-array" count="32">
            <param name="TIME" type="float"/>
          </accessor>
        </technique_common>
      </source>
      <source id="mixamorig8_RightShoulder-Matrix-animation-output-transform">
        <float_array id="mixamorig8_RightShoulder-Matrix-animation-output-transform-array" count="512">

0.074586 -0.845658 0.528488 -7.303800 -0.036803 -0.531938 -0.845983 13.941300 0.996535 0.043648 -0.070798 -0.179400 0.000000 0.000000 0.000000 1.000000
0.088919 -0.850941 0.517680 -7.303800 -0.034394 -0.522052 -0.852220 13.941300 0.995445 0.057973 -0.075688 -0.179400 0.000000 0.000000 0.000000 1.000000
0.098116 -0.860284 0.500284 -7.303800 -0.033507 -0.505280 -0.862305 13.941300 0.994611 0.067843 -0.078401 -0.179400 0.000000 0.000000 0.000000 1.000000
0.107554 -0.867686 0.485338 -7.303800 -0.032601 -0.490985 -0.870558 13.941300 0.993665 0.077810 -0.081095 -0.179400 0.000000 0.000000 0.000000 1.000000
0.116699 -0.870487 0.478157 -7.303800 -0.031398 -0.484440 -0.874261 13.941300 0.992671 0.087012 -0.083865 -0.179400 0.000000 0.000000 0.000000 1.000000
0.124383 -0.875760 0.466447 -7.303800 -0.030828 -0.473282 -0.880371 13.941300 0.991755 0.095124 -0.085867 -0.179400 0.000000 0.000000 0.000000 1.000000
0.130197 -0.880981 0.454887 -7.303800 -0.030650 -0.462149 -0.886273 13.941300 0.991014 0.101448 -0.087172 -0.179400 0.000000 0.000000 0.000000 1.000000
0.139326 -0.888514 0.437184 -7.303800 -0.030472 -0.445128 -0.894948 13.941300 0.989778 0.111368 -0.089093 -0.179400 0.000000 0.000000 0.000000 1.000000
0.136416 -0.894647 0.425439 -7.303800 -0.031771 -0.433184 -0.900746 13.941300 0.990142 0.109360 -0.087517 -0.179400 0.000000 0.000000 0.000000 1.000000
0.124471 -0.896426 0.425355 -7.303800 -0.033525 -0.432244 -0.901133 13.941300 0.991657 0.097905 -0.083855 -0.179400 0.000000 0.000000 0.000000 1.000000
0.115490 -0.887247 0.446604 -7.303800 -0.033546 -0.452840 -0.890960 13.941300 0.992742 0.087915 -0.082062 -0.179400 0.000000 0.000000 0.000000 1.000000
0.108916 -0.879065 0.464093 -7.303800 -0.033573 -0.469857 -0.882104 13.941300 0.993484 0.080494 -0.080688 -0.179400 0.000000 0.000000 0.000000 1.000000
0.100953 -0.886479 0.451624 -7.303800 -0.035522 -0.456865 -0.888826 13.941300 0.994257 0.073687 -0.077611 -0.179400 0.000000 0.000000 0.000000 1.000000
0.092531 -0.879934 0.465997 -7.303800 -0.036156 -0.470666 -0.881570 13.941300 0.995053 0.064724 -0.075366 -0.179400 0.000000 0.000000 0.000000 1.000000
0.090061 -0.867977 0.488369 -7.303800 -0.035531 -0.492850 -0.869388 13.941300 0.995302 0.060946 -0.075227 -0.179400 0.000000 0.000000 0.000000 1.000000
0.075824 -0.859464 0.505542 -7.303800 -0.037378 -0.509095 -0.859898 13.941300 0.996420 0.046304 -0.070727 -0.179400 0.000000 0.000000 0.000000 1.000000
0.052821 -0.848647 0.526316 -7.303800 -0.041082 -0.528453 -0.847968 13.941300 0.997759 0.023169 -0.062778 -0.179400 0.000000 0.000000 0.000000 1.000000
0.035671 -0.841326 0.539350 -7.303800 -0.044213 -0.540494 -0.840186 13.941300 0.998385 0.006124 -0.056478 -0.179400 0.000000 0.000000 0.000000 1.000000
0.035224 -0.826643 0.561623 -7.303800 -0.044003 -0.562710 -0.825483 13.941300 0.998410 0.004364 -0.056196 -0.179400 0.000000 0.000000 0.000000 1.000000
0.027871 -0.829758 0.557427 -7.303800 -0.045594 -0.558118 -0.828508 13.941300 0.998571 -0.002324 -0.053387 -0.179400 0.000000 0.000000 0.000000 1.000000
0.023715 -0.825474 0.563942 -7.303800 -0.046420 -0.564401 -0.824195 13.941300 0.998640 -0.006633 -0.051703 -0.179400 0.000000 0.000000 0.000000 1.000000
0.022423 -0.828072 0.560173 -7.303800 -0.046695 -0.560570 -0.826789 13.941300 0.998657 -0.007618 -0.051237 -0.179400 0.000000 0.000000 0.000000 1.000000
0.008152 -0.830047 0.557634 -7.303800 -0.049656 -0.557301 -0.828824 13.941300 0.998733 -0.020934 -0.045760 -0.179400 0.000000 0.000000 0.000000 1.000000
0.000746 -0.829478 0.558540 -7.303800 -0.051174 -0.557840 -0.828370 13.941300 0.998689 -0.027965 -0.042864 -0.179400 0.000000 0.000000 0.000000 1.000000
-0.007993 -0.831544 0.555401 -7.303800 -0.052900 -0.554289 -0.830641 13.941300 0.998568 -0.036020 -0.039558 -0.179400 0.000000 0.000000 0.000000 1.000000
-0.015739 -0.829427 0.558393 -7.303800 -0.054511 -0.556920 -0.828776 13.941300 0.998389 -0.043483 -0.036448 -0.179400 0.000000 0.000000 0.000000 1.000000
-0.001892 -0.827498 0.561466 -7.303800 -0.051680 -0.560636 -0.826448 13.941300 0.998662 -0.030580 -0.041705 -0.179400 0.000000 0.000000 0.000000 1.000000
0.021393 -0.823039 0.567581 -7.303800 -0.046822 -0.567913 -0.821756 13.941300 0.998674 -0.008995 -0.050686 -0.179400 0.000000 0.000000 0.000000 1.000000
0.036766 -0.820576 0.570354 -7.303800 -0.043528 -0.571513 -0.819438 13.941300 0.998375 0.005301 -0.056731 -0.179400 0.000000 0.000000 0.000000 1.000000
0.045093 -0.824487 0.564081 -7.303800 -0.041844 -0.565719 -0.823536 13.941300 0.998106 0.013533 -0.060010 -0.179400 0.000000 0.000000 0.000000 1.000000
0.060165 -0.832161 0.551261 -7.303800 -0.038988 -0.553799 -0.831737 13.941300 0.997427 0.028549 -0.065764 -0.179400 0.000000 0.000000 0.000000 1.000000
0.074585 -0.845658 0.528488 -7.303800 -0.036803 -0.531938 -0.845983 13.941300 0.996535 0.043648 -0.070797 -0.179400 0.000000 0.000000 0.000000 1.000000</float_array>
        <technique_common>
          <accessor source="#mixamorig8_RightShoulder-Matrix-animation-output-transform-array" count="32" stride="16">
            <param type="float4x4"/>
          </accessor>
        </technique_common>
      </source>
      <source id="mixamorig8_RightShoulder-Interpolations">
        <Name_array id="mixamorig8_RightShoulder-Interpolations-array" count="32">
 LINEAR LINEAR LINEAR LINEAR LINEAR LINEAR LINEAR LINEAR LINEAR LINEAR LINEAR
LINEAR LINEAR LINEAR LINEAR LINEAR LINEAR LINEAR LINEAR LINEAR LINEAR LINEAR LINEAR
LINEAR LINEAR LINEAR LINEAR LINEAR LINEAR LINEAR LINEAR LINEAR</Name_array>
        <technique_common>
          <accessor source="#mixamorig8_RightShoulder-Interpolations-array" count="32">
            <param type="name"/>
          </accessor>
        </technique_common>
      </source>
      <sampler id="mixamorig8_RightShoulder-Matrix-animation-transform">
        <input semantic="INPUT" source="#mixamorig8_RightShoulder-Matrix-animation-input"/>
        <input semantic="OUTPUT" source="#mixamorig8_RightShoulder-Matrix-animation-output-transform"/>
        <input semantic="INTERPOLATION" source="#mixamorig8_RightShoulder-Interpolations"/>
      </sampler>
      <channel source="#mixamorig8_RightShoulder-Matrix-animation-transform" target="mixamorig8_RightShoulder/matrix"/>
    </animation>
    <animation id="mixamorig8_RightArm-anim" name="mixamorig8_RightArm">
      <source id="mixamorig8_RightArm-Matrix-animation-input">
        <float_array id="mixamorig8_RightArm-Matrix-animation-input-array" count="32">

0.000000 0.033333 0.066667 0.100000 0.133333 0.166667 0.200000 0.233333 0.266667 0.300000 0.333333 0.366667 0.400000 0.433333 0.466667 0.500000
0.533333 0.566667 0.600000 0.633333 0.666667 0.700000 0.733333 0.766667 0.800000 0.833333 0.866667 0.900000 0.933333 0.966667 1.000000 1.033333</float_array>
        <technique_common>
          <accessor source="#mixamorig8_RightArm-Matrix-animation-input-array" count="32">
            <param name="TIME" type="float"/>
          </accessor>
        </technique_common>
      </source>
      <source id="mixamorig8_RightArm-Matrix-animation-output-transform">
        <float_array id="mixamorig8_RightArm-Matrix-animation-output-transform-array" count="512">

0.924244 -0.265967 0.273925 0.000000 0.379433 0.719663 -0.581477 14.994400 -0.042480 0.641363 0.766061 0.000000 0.000000 0.000000 0.000000 1.000000
0.908954 -0.251624 0.332397 -0.000000 0.405185 0.720857 -0.562309 14.994400 -0.098120 0.645795 0.757180 -0.000000 0.000000 0.000000 0.000000 1.000000
0.924334 -0.174720 0.339233 0.000000 0.349988 0.742399 -0.571272 14.994400 -0.152034 0.646774 0.747375 0.000000 0.000000 0.000000 0.000000 1.000000
0.941067 -0.083048 0.327866 0.000000 0.270983 0.765211 -0.583970 14.994400 -0.202389 0.638401 0.742619 -0.000000 0.000000 0.000000 0.000000 1.000000
0.956325 0.016804 0.291821 -0.000000 0.168944 0.782933 -0.598727 14.994400 -0.238537 0.621879 0.745900 -0.000000 0.000000 0.000000 0.000000 1.000000
0.962653 0.113104 0.245980 0.000000 0.066650 0.781591 -0.620220 14.994400 -0.262405 0.613452 0.744863 0.000000 0.000000 0.000000 0.000000 1.000000
0.961279 0.188189 0.201317 0.000000 -0.016777 0.769132 -0.638870 14.994400 -0.275067 0.610754 0.742507 0.000000 0.000000 0.000000 0.000000 1.000000
0.962041 0.213809 0.169597 0.000000 -0.051955 0.753574 -0.655307 14.994400 -0.267914 0.621620 0.736077 0.000000 0.000000 0.000000 0.000000 1.000000
0.969933 0.194778 0.145917 -0.000000 -0.049106 0.743859 -0.666530 14.994400 -0.238367 0.639324 0.731058 0.000000 0.000000 0.000000 0.000000 1.000000
0.981905 0.142486 0.124738 -0.000000 -0.020301 0.734096 -0.678742 14.994400 -0.188281 0.663928 0.723705 0.000000 0.000000 0.000000 0.000000 1.000000
0.992787 0.055609 0.106216 -0.000000 0.031859 0.731714 -0.680867 14.994400 -0.115581 0.679339 0.724665 0.000000 0.000000 0.000000 0.000000 1.000000
0.995474 -0.033531 0.088920 -0.000000 0.085875 0.718138 -0.690581 14.994400 -0.040701 0.695092 0.717768 0.000000 0.000000 0.000000 0.000000 1.000000
0.993263 -0.089873 0.073151 0.000000 0.114709 0.673005 -0.730689 14.994400 0.016438 0.734158 0.678780 0.000000 0.000000 0.000000 0.000000 1.000000
0.988714 -0.136778 0.061132 0.000000 0.136103 0.649473 -0.748105 14.994400 0.062621 0.747982 0.660759 0.000000 0.000000 0.000000 0.000000 1.000000
0.981454 -0.180536 0.064451 0.000000 0.166967 0.639909 -0.750092 14.994400 0.094176 0.746943 0.658185 0.000000 0.000000 0.000000 0.000000 1.000000
0.977012 -0.198089 0.078796 -0.000000 0.189392 0.636821 -0.747389 14.994400 0.097871 0.745131 0.659698 0.000000 0.000000 0.000000 0.000000 1.000000
0.974017 -0.201823 0.102755 -0.000000 0.211271 0.646288 -0.733264 14.994400 0.081580 0.735921 0.672134 -0.000000 0.000000 0.000000 0.000000 1.000000
0.969217 -0.213195 0.123149 0.000000 0.235414 0.656005 -0.717104 14.994400 0.072096 0.724021 0.686000 0.000000 0.000000 0.000000 0.000000 1.000000
0.951075 -0.276961 0.136931 0.000000 0.292769 0.666289 -0.685817 14.994400 0.098709 0.692353 0.714776 -0.000000 0.000000 0.000000 0.000000 1.000000
0.943218 -0.304783 0.132084 -0.000000 0.310813 0.669499 -0.674660 14.994400 0.117195 0.677405 0.726215 0.000000 0.000000 0.000000 0.000000 1.000000
0.929422 -0.349188 0.119338 0.000000 0.336118 0.667589 -0.664342 14.994400 0.152312 0.657566 0.737840 0.000000 0.000000 0.000000 0.000000 1.000000
0.911123 -0.398149 0.106455 0.000000 0.362436 0.651091 -0.666874 14.994400 0.196204 0.646187 0.737527 -0.000000 0.000000 0.000000 0.000000 1.000000
0.886708 -0.452132 0.096567 0.000000 0.396079 0.635151 -0.663102 14.994400 0.238475 0.626226 0.742274 0.000000 0.000000 0.000000 0.000000 1.000000
0.859906 -0.501103 0.097250 0.000000 0.433919 0.617248 -0.656292 14.994400 0.268843 0.606548 0.748214 -0.000000 0.000000 0.000000 0.000000 1.000000
0.846054 -0.521803 0.109148 0.000000 0.455464 0.601139 -0.656646 14.994400 0.277027 0.605271 0.746259 0.000000 0.000000 0.000000 0.000000 1.000000
0.831995 -0.543658 0.110545 0.000000 0.474547 0.594178 -0.649429 14.994400 0.287384 0.592781 0.752344 0.000000 0.000000 0.000000 0.000000 1.000000
0.829226 -0.544241 0.127228 0.000000 0.490463 0.599410 -0.632577 14.994400 0.268012 0.586949 0.763976 -0.000000 0.000000 0.000000 0.000000 1.000000
0.836251 -0.522335 0.166882 -0.000000 0.503879 0.611930 -0.609629 14.994400 0.216310 0.593892 0.774921 0.000000 0.000000 0.000000 0.000000 1.000000
0.858683 -0.475997 0.189977 -0.000000 0.485715 0.637535 -0.598022 14.994400 0.163539 0.605786 0.778639 0.000000 0.000000 0.000000 0.000000 1.000000
0.893161 -0.412674 0.178784 0.000000 0.429697 0.665692 -0.610094 14.994400 0.132755 0.621735 0.771895 -0.000000 0.000000 0.000000 0.000000 1.000000
0.918065 -0.349335 0.187407 0.000000 0.387524 0.691197 -0.609976 14.994400 0.083551 0.632623 0.769940 0.000000 0.000000 0.000000 0.000000 1.000000
0.924244 -0.265968 0.273925 -0.000000 0.379433 0.719663 -0.581477 14.994400 -0.042480 0.641363 0.766061 0.000000 0.000000 0.000000 0.000000 1.000000</float_array>
        <technique_common>
          <accessor source="#mixamorig8_RightArm-Matrix-animation-output-transform-array" count="32" stride="16">
            <param type="float4x4"/>
          </accessor>
        </technique_common>
      </source>
      <source id="mixamorig8_RightArm-Interpolations">
        <Name_array id="mixamorig8_RightArm-Interpolations-array" count="32">
 LINEAR LINEAR LINEAR LINEAR LINEAR LINEAR LINEAR LINEAR LINEAR LINEAR LINEAR
LINEAR LINEAR LINEAR LINEAR LINEAR LINEAR LINEAR LINEAR LINEAR LINEAR LINEAR LINEAR
LINEAR LINEAR LINEAR LINEAR LINEAR LINEAR LINEAR LINEAR LINEAR</Name_array>
        <technique_common>
          <accessor source="#mixamorig8_RightArm-Interpolations-array" count="32">
            <param type="name"/>
          </accessor>
        </technique_common>
      </source>
      <sampler id="mixamorig8_RightArm-Matrix-animation-transform">
        <input semantic="INPUT" source="#mixamorig8_RightArm-Matrix-animation-input"/>
        <input semantic="OUTPUT" source="#mixamorig8_RightArm-Matrix-animation-output-transform"/>
        <input semantic="INTERPOLATION" source="#mixamorig8_RightArm-Interpolations"/>
      </sampler>
      <channel source="#mixamorig8_RightArm-Matrix-animation-transform" target="mixamorig8_RightArm/matrix"/>
    </animation>
    <animation id="mixamorig8_RightForeArm-anim" name="mixamorig8_RightForeArm">
      <source id="mixamorig8_RightForeArm-Matrix-animation-input">
        <float_array id="mixamorig8_RightForeArm-Matrix-animation-input-array" count="32">

0.000000 0.033333 0.066667 0.100000 0.133333 0.166667 0.200000 0.233333 0.266667 0.300000 0.333333 0.366667 0.400000 0.433333 0.466667 0.500000
0.533333 0.566667 0.600000 0.633333 0.666667 0.700000 0.733333 0.766667 0.800000 0.833333 0.866667 0.900000 0.933333 0.966667 1.000000 1.033333</float_array>
        <technique_common>
          <accessor source="#mixamorig8_RightForeArm-Matrix-animation-input-array" count="32">
            <param name="TIME" type="float"/>
          </accessor>
        </technique_common>
      </source>
      <source id="mixamorig8_RightForeArm-Matrix-animation-output-transform">
        <float_array id="mixamorig8_RightForeArm-Matrix-animation-output-transform-array" count="512">

0.899293 0.338937 -0.276396 -0.000000 -0.400798 0.891611 -0.210693 25.750900 0.175026 0.300254 0.937664 0.000000 0.000000 0.000000 0.000000 1.000000
0.831556 0.484020 -0.272469 0.000000 -0.546007 0.802350 -0.241063 25.750900 0.101937 0.349227 0.931477 0.000000 0.000000 0.000000 0.000000 1.000000
0.790996 0.547217 -0.273640 0.000000 -0.608461 0.750399 -0.258219 25.750900 0.064037 0.370749 0.926523 0.000000 0.000000 0.000000 0.000000 1.000000
0.769944 0.581565 -0.262617 0.000000 -0.636654 0.727909 -0.254598 25.750900 0.043096 0.363222 0.930705 0.000000 0.000000 0.000000 0.000000 1.000000
0.759085 0.605606 -0.238812 0.000000 -0.649694 0.727907 -0.219203 25.750900 0.041082 0.321548 0.946002 0.000000 0.000000 0.000000 0.000000 1.000000
0.769088 0.606583 -0.201398 0.000000 -0.637359 0.751397 -0.170810 25.750900 0.047719 0.259731 0.964501 0.000000 0.000000 0.000000 0.000000 1.000000
0.786161 0.595282 -0.166102 0.000000 -0.615433 0.778638 -0.122335 25.750900 0.056510 0.198399 0.978491 0.000000 0.000000 0.000000 0.000000 1.000000
0.781614 0.606729 -0.144776 0.000000 -0.620677 0.779567 -0.083879 25.750900 0.061971 0.155420 0.985903 -0.000000 0.000000 0.000000 0.000000 1.000000
0.739496 0.656958 -0.146803 -0.000000 -0.669484 0.740518 -0.058520 25.750900 0.070265 0.141558 0.987433 0.000000 0.000000 0.000000 0.000000 1.000000
0.684156 0.711359 -0.160928 0.000000 -0.724361 0.688469 -0.036214 25.750900 0.085033 0.141347 0.986301 0.000000 0.000000 0.000000 0.000000 1.000000
0.617439 0.767247 -0.173498 0.000000 -0.779726 0.626091 -0.006149 25.750900 0.103908 0.139077 0.984815 0.000000 0.000000 0.000000 0.000000 1.000000
0.564828 0.806693 -0.173823 -0.000000 -0.815868 0.577509 0.029036 25.750900 0.123808 0.125416 0.984349 0.000000 0.000000 0.000000 0.000000 1.000000
0.587020 0.791838 -0.168523 -0.000000 -0.795589 0.602766 0.060921 25.750900 0.149820 0.098313 0.983813 -0.000000 0.000000 0.000000 0.000000 1.000000
0.639332 0.748459 -0.176251 0.000000 -0.746914 0.658949 0.088912 25.750900 0.182688 0.074800 0.980321 -0.000000 0.000000 0.000000 0.000000 1.000000
0.705184 0.681659 -0.195080 0.000000 -0.676764 0.729169 0.101503 25.750900 0.211436 0.060445 0.975521 0.000000 0.000000 0.000000 0.000000 1.000000
0.790608 0.571498 -0.219838 0.000000 -0.567006 0.818834 0.089528 25.750900 0.231176 0.053867 0.971420 0.000000 0.000000 0.000000 0.000000 1.000000
0.861627 0.449975 -0.234778 0.000000 -0.448382 0.891599 0.063290 25.750900 0.237807 0.050738 0.969986 0.000000 0.000000 0.000000 0.000000 1.000000
0.908841 0.339851 -0.241886 0.000000 -0.343190 0.938801 0.029547 25.750900 0.237124 0.056160 0.969855 0.000000 0.000000 0.000000 0.000000 1.000000
0.914732 0.315871 -0.251973 0.000000 -0.324984 0.945702 0.005742 25.750900 0.240105 0.076635 0.967717 0.000000 0.000000 0.000000 0.000000 1.000000
0.929058 0.248951 -0.273633 0.000000 -0.269039 0.962384 -0.037886 25.750900 0.253908 0.108816 0.961088 -0.000000 0.000000 0.000000 0.000000 1.000000
0.923964 0.231458 -0.304496 -0.000000 -0.257948 0.964902 -0.049263 25.750900 0.282407 0.124062 0.951239 0.000000 0.000000 0.000000 0.000000 1.000000
0.911032 0.238286 -0.336513 0.000000 -0.268864 0.962048 -0.046657 25.750900 0.312623 0.132982 0.940522 0.000000 0.000000 0.000000 0.000000 1.000000
0.882534 0.289297 -0.370730 0.000000 -0.324841 0.945091 -0.035798 25.750900 0.340017 0.152021 0.928051 0.000000 0.000000 0.000000 0.000000 1.000000
0.860808 0.330090 -0.387362 0.000000 -0.367798 0.929564 -0.025206 25.750900 0.351758 0.164169 0.921583 0.000000 0.000000 0.000000 0.000000 1.000000
0.861995 0.326647 -0.387641 0.000000 -0.360630 0.932570 -0.016097 25.750900 0.356244 0.153670 0.921670 0.000000 0.000000 0.000000 0.000000 1.000000
0.847679 0.360012 -0.389655 0.000000 -0.392741 0.919637 -0.004717 25.750900 0.356643 0.157032 0.920949 -0.000000 0.000000 0.000000 0.000000 1.000000
0.842858 0.376197 -0.384794 0.000000 -0.414130 0.910051 -0.017397 25.750900 0.343638 0.174017 0.922839 0.000000 0.000000 0.000000 0.000000 1.000000
0.847173 0.384437 -0.366750 0.000000 -0.428231 0.902645 -0.043012 25.750900 0.314510 0.193493 0.929325 -0.000000 0.000000 0.000000 0.000000 1.000000
0.852587 0.388374 -0.349658 0.000000 -0.435135 0.898127 -0.063439 25.750900 0.289400 0.206236 0.934727 0.000000 0.000000 0.000000 0.000000 1.000000
0.856968 0.388402 -0.338748 -0.000000 -0.435992 0.896848 -0.074668 25.750900 0.274804 0.211679 0.937910 0.000000 0.000000 0.000000 0.000000 1.000000
0.866408 0.382861 -0.320552 0.000000 -0.436151 0.892814 -0.112498 25.750900 0.243122 0.237278 0.940527 0.000000 0.000000 0.000000 0.000000 1.000000
0.899293 0.338937 -0.276396 0.000000 -0.400798 0.891611 -0.210693 25.750900 0.175026 0.300253 0.937664 0.000000 0.000000 0.000000 0.000000 1.000000</float_array>
        <technique_common>
          <accessor source="#mixamorig8_RightForeArm-Matrix-animation-output-transform-array" count="32" stride="16">
            <param type="float4x4"/>
          </accessor>
        </technique_common>
      </source>
      <source id="mixamorig8_RightForeArm-Interpolations">
        <Name_array id="mixamorig8_RightForeArm-Interpolations-array" count="32">
 LINEAR LINEAR LINEAR LINEAR LINEAR LINEAR LINEAR LINEAR LINEAR LINEAR LINEAR
LINEAR LINEAR LINEAR LINEAR LINEAR LINEAR LINEAR LINEAR LINEAR LINEAR LINEAR LINEAR
LINEAR LINEAR LINEAR LINEAR LINEAR LINEAR LINEAR LINEAR LINEAR</Name_array>
        <technique_common>
          <accessor source="#mixamorig8_RightForeArm-Interpolations-array" count="32">
            <param type="name"/>
          </accessor>
        </technique_common>
      </source>
      <sampler id="mixamorig8_RightForeArm-Matrix-animation-transform">
        <input semantic="INPUT" source="#mixamorig8_RightForeArm-Matrix-animation-input"/>
        <input semantic="OUTPUT" source="#mixamorig8_RightForeArm-Matrix-animation-output-transform"/>
        <input semantic="INTERPOLATION" source="#mixamorig8_RightForeArm-Interpolations"/>
      </sampler>
      <channel source="#mixamorig8_RightForeArm-Matrix-animation-transform" target="mixamorig8_RightForeArm/matrix"/>
    </animation>
    <animation id="mixamorig8_RightHand-anim" name="mixamorig8_RightHand">
      <source id="mixamorig8_RightHand-Matrix-animation-input">
        <float_array id="mixamorig8_RightHand-Matrix-animation-input-array" count="32">

0.000000 0.033333 0.066667 0.100000 0.133333 0.166667 0.200000 0.233333 0.266667 0.300000 0.333333 0.366667 0.400000 0.433333 0.466667 0.500000
0.533333 0.566667 0.600000 0.633333 0.666667 0.700000 0.733333 0.766667 0.800000 0.833333 0.866667 0.900000 0.933333 0.966667 1.000000 1.033333</float_array>
        <technique_common>
          <accessor source="#mixamorig8_RightHand-Matrix-animation-input-array" count="32">
            <param name="TIME" type="float"/>
          </accessor>
        </technique_common>
      </source>
      <source id="mixamorig8_RightHand-Matrix-animation-output-transform">
        <float_array id="mixamorig8_RightHand-Matrix-animation-output-transform-array" count="512">

0.899121 0.009659 -0.437593 0.000000 0.038688 0.994090 0.101434 22.284901 0.435986 -0.108131 0.893434 0.000000 0.000000 0.000000 0.000000 1.000000
0.866994 -0.097933 -0.488601 0.000000 0.142818 0.988200 0.055352 22.284901 0.477414 -0.117770 0.870750 -0.000000 0.000000 0.000000 0.000000 1.000000
0.859358 -0.168580 -0.482788 -0.000000 0.216765 0.975171 0.045328 22.284901 0.463159 -0.143605 0.874563 0.000000 0.000000 0.000000 0.000000 1.000000
0.857832 -0.207346 -0.470246 0.000000 0.261993 0.963611 0.053046 22.284901 0.442135 -0.168706 0.880940 0.000000 0.000000 0.000000 0.000000 1.000000
0.872367 -0.209936 -0.441479 0.000000 0.272397 0.958651 0.082394 22.284901 0.405926 -0.192136 0.893481 0.000000 0.000000 0.000000 0.000000 1.000000
0.893612 -0.165300 -0.417293 0.000000 0.241253 0.960885 0.136001 22.284901 0.378490 -0.222205 0.898538 -0.000000 0.000000 0.000000 0.000000 1.000000
0.914882 -0.088120 -0.393987 0.000000 0.181613 0.961402 0.206697 22.284901 0.360566 -0.260657 0.895573 -0.000000 0.000000 0.000000 0.000000 1.000000
0.929118 -0.008427 -0.369687 0.000000 0.120386 0.952170 0.280856 22.284901 0.349639 -0.305453 0.885693 0.000000 0.000000 0.000000 0.000000 1.000000
0.935450 0.047809 -0.350211 0.000000 0.081408 0.935031 0.345095 22.284901 0.343957 -0.351329 0.870782 -0.000000 0.000000 0.000000 0.000000 1.000000
0.937229 0.084119 -0.338418 0.000000 0.053728 0.924048 0.378482 22.284901 0.344551 -0.372907 0.861525 0.000000 0.000000 0.000000 0.000000 1.000000
0.940262 0.090311 -0.328255 0.000000 0.044026 0.923825 0.380275 22.284901 0.337594 -0.372009 0.864662 0.000000 0.000000 0.000000 0.000000 1.000000
0.941479 0.099235 -0.322134 0.000000 0.029160 0.928120 0.371137 22.284901 0.335809 -0.358811 0.870912 0.000000 0.000000 0.000000 0.000000 1.000000
0.940703 0.138600 -0.309624 -0.000000 -0.017552 0.931391 0.363597 22.284901 0.338776 -0.336603 0.878595 0.000000 0.000000 0.000000 0.000000 1.000000
0.943295 0.169438 -0.285458 0.000000 -0.062528 0.935223 0.348493 22.284901 0.326015 -0.310883 0.892786 0.000000 0.000000 0.000000 0.000000 1.000000
0.946539 0.191259 -0.259776 -0.000000 -0.099962 0.939546 0.327507 22.284901 0.306710 -0.284031 0.908436 0.000000 0.000000 0.000000 0.000000 1.000000
0.945445 0.218448 -0.241689 0.000000 -0.139408 0.941802 0.305900 22.284901 0.294446 -0.255518 0.920876 0.000000 0.000000 0.000000 0.000000 1.000000
0.943526 0.234201 -0.234327 0.000000 -0.166019 0.946322 0.277331 22.284901 0.286700 -0.222766 0.931761 0.000000 0.000000 0.000000 0.000000 1.000000
0.947477 0.234251 -0.217749 0.000000 -0.178015 0.951887 0.249441 22.284901 0.265704 -0.197577 0.943591 -0.000000 0.000000 0.000000 0.000000 1.000000
0.961226 0.197644 -0.192307 0.000000 -0.155944 0.964738 0.212042 22.284901 0.227435 -0.173832 0.958152 0.000000 0.000000 0.000000 0.000000 1.000000
0.967504 0.189545 -0.167361 0.000000 -0.156123 0.968444 0.194274 22.284901 0.198903 -0.161832 0.966565 -0.000000 0.000000 0.000000 0.000000 1.000000
0.975757 0.150969 -0.158453 -0.000000 -0.127011 0.980219 0.151788 22.284901 0.178234 -0.127983 0.975630 -0.000000 0.000000 0.000000 0.000000 1.000000
0.981317 0.091538 -0.169225 0.000000 -0.075665 0.992306 0.097994 22.284901 0.176893 -0.083359 0.980694 -0.000000 0.000000 0.000000 0.000000 1.000000
0.981559 0.000752 -0.191158 0.000000 0.007529 0.999064 0.042587 22.284901 0.191011 -0.043241 0.980635 0.000000 0.000000 0.000000 0.000000 1.000000
0.974328 -0.080543 -0.210233 -0.000000 0.081967 0.996633 -0.001946 22.284901 0.209682 -0.015336 0.977649 0.000000 0.000000 0.000000 0.000000 1.000000
0.963884 -0.135629 -0.229198 0.000000 0.131681 0.990759 -0.032504 22.284901 0.231489 0.001149 0.972837 0.000000 0.000000 0.000000 0.000000 1.000000
0.952379 -0.200562 -0.229670 0.000000 0.191138 0.979552 -0.062805 22.284901 0.237570 0.015916 0.971240 0.000000 0.000000 0.000000 0.000000 1.000000
0.941723 -0.225209 -0.249876 0.000000 0.213791 0.974200 -0.072302 22.284901 0.259712 0.014667 0.965575 0.000000 0.000000 0.000000 0.000000 1.000000
0.929802 -0.197846 -0.310364 0.000000 0.189171 0.980222 -0.058131 22.284901 0.315726 -0.004662 0.948839 0.000000 0.000000 0.000000 0.000000 1.000000
0.924964 -0.135140 -0.355218 0.000000 0.136717 0.990392 -0.020787 22.284901 0.354614 -0.029337 0.934553 0.000000 0.000000 0.000000 0.000000 1.000000
0.934900 -0.063911 -0.349111 0.000000 0.079893 0.996304 0.031560 22.284901 0.345803 -0.057397 0.936550 0.000000 0.000000 0.000000 0.000000 1.000000
0.935442 -0.011949 -0.353278 0.000000 0.042409 0.996003 0.078607 22.284901 0.350927 -0.088514 0.932210 0.000000 0.000000 0.000000 0.000000 1.000000
0.899121 0.009659 -0.437593 0.000000 0.038688 0.994090 0.101433 22.284901 0.435986 -0.108130 0.893434 0.000000 0.000000 0.000000 0.000000 1.000000</float_array>
        <technique_common>
          <accessor source="#mixamorig8_RightHand-Matrix-animation-output-transform-array" count="32" stride="16">
            <param type="float4x4"/>
          </accessor>
        </technique_common>
      </source>
      <source id="mixamorig8_RightHand-Interpolations">
        <Name_array id="mixamorig8_RightHand-Interpolations-array" count="32">
 LINEAR LINEAR LINEAR LINEAR LINEAR LINEAR LINEAR LINEAR LINEAR LINEAR LINEAR
LINEAR LINEAR LINEAR LINEAR LINEAR LINEAR LINEAR LINEAR LINEAR LINEAR LINEAR LINEAR
LINEAR LINEAR LINEAR LINEAR LINEAR LINEAR LINEAR LINEAR LINEAR</Name_array>
        <technique_common>
          <accessor source="#mixamorig8_RightHand-Interpolations-array" count="32">
            <param type="name"/>
          </accessor>
        </technique_common>
      </source>
      <sampler id="mixamorig8_RightHand-Matrix-animation-transform">
        <input semantic="INPUT" source="#mixamorig8_RightHand-Matrix-animation-input"/>
        <input semantic="OUTPUT" source="#mixamorig8_RightHand-Matrix-animation-output-transform"/>
        <input semantic="INTERPOLATION" source="#mixamorig8_RightHand-Interpolations"/>
      </sampler>
      <channel source="#mixamorig8_RightHand-Matrix-animation-transform" target="mixamorig8_RightHand/matrix"/>
    </animation>
    <animation id="mixamorig8_RightHandThumb1-anim" name="mixamorig8_RightHandThumb1">
      <source id="mixamorig8_RightHandThumb1-Matrix-animation-input">
        <float_array id="mixamorig8_RightHandThumb1-Matrix-animation-input-array" count="32">

0.000000 0.033333 0.066667 0.100000 0.133333 0.166667 0.200000 0.233333 0.266667 0.300000 0.333333 0.366667 0.400000 0.433333 0.466667 0.500000
0.533333 0.566667 0.600000 0.633333 0.666667 0.700000 0.733333 0.766667 0.800000 0.833333 0.866667 0.900000 0.933333 0.966667 1.000000 1.033333</float_array>
        <technique_common>
          <accessor source="#mixamorig8_RightHandThumb1-Matrix-animation-input-array" count="32">
            <param name="TIME" type="float"/>
          </accessor>
        </technique_common>
      </source>
      <source id="mixamorig8_RightHandThumb1-Matrix-animation-output-transform">
        <float_array id="mixamorig8_RightHandThumb1-Matrix-animation-output-transform-array" count="512">

0.945469 0.319613 -0.062732 2.987600 -0.321326 0.883777 -0.340128 2.904200 -0.053268 0.341738 0.938285 1.342700 0.000000 0.000000 0.000000 1.000000
0.941984 0.328518 -0.068859 2.987600 -0.330997 0.875088 -0.353076 2.904200 -0.055734 0.355384 0.933057 1.342700 0.000000 0.000000 0.000000 1.000000
0.937132 0.340492 -0.076482 2.987600 -0.343977 0.864285 -0.367003 2.904200 -0.058859 0.370238 0.927070 1.342700 0.000000 0.000000 0.000000 1.000000
0.931478 0.353702 -0.085115 2.987600 -0.358429 0.852208 -0.381142 2.904200 -0.062275 0.385533 0.920590 1.342700 0.000000 0.000000 0.000000 1.000000
0.925691 0.366385 -0.094115 2.987600 -0.372545 0.839833 -0.394830 2.904200 -0.065619 0.400553 0.913921 1.342700 0.000000 0.000000 0.000000 1.000000
0.920555 0.376873 -0.102690 2.987600 -0.384554 0.828275 -0.407528 2.904200 -0.068531 0.414641 0.907401 1.342700 0.000000 0.000000 0.000000 1.000000
0.916941 0.383587 -0.109912 2.987600 -0.392717 0.818762 -0.418811 2.904200 -0.070658 0.427189 0.901397 1.342700 0.000000 0.000000 0.000000 1.000000
0.915749 0.385008 -0.114770 2.987600 -0.395309 0.812565 -0.428333 2.904200 -0.071653 0.437616 0.896303 1.342700 0.000000 0.000000 0.000000 1.000000
0.917813 0.379617 -0.116232 2.987600 -0.390582 0.810908 -0.435745 2.904200 -0.071162 0.445331 0.892534 1.342700 0.000000 0.000000 0.000000 1.000000
0.925550 0.361741 -0.111804 2.987600 -0.372501 0.817082 -0.440024 2.904200 -0.067822 0.448911 0.890999 1.342700 0.000000 0.000000 0.000000 1.000000
0.942738 0.319265 -0.096511 2.987600 -0.328286 0.837086 -0.437625 2.904200 -0.058931 0.444249 0.893963 1.342700 0.000000 0.000000 0.000000 1.000000
0.950802 0.297761 -0.085518 2.987600 -0.304670 0.848711 -0.432281 2.904200 -0.056136 0.437068 0.897675 1.342700 0.000000 0.000000 0.000000 1.000000
0.948033 0.307143 -0.083052 2.987600 -0.312243 0.847945 -0.428362 2.904200 -0.061145 0.432033 0.899782 1.342700 0.000000 0.000000 0.000000 1.000000
0.940457 0.329647 -0.082908 2.987600 -0.332662 0.842490 -0.423730 2.904200 -0.069832 0.426080 0.901986 1.342700 0.000000 0.000000 0.000000 1.000000
0.932504 0.352315 -0.079441 2.987600 -0.352253 0.838681 -0.415369 2.904200 -0.079715 0.415316 0.906178 1.342700 0.000000 0.000000 0.000000 1.000000
0.929354 0.363124 -0.066646 2.987600 -0.358348 0.843818 -0.399448 2.904200 -0.088812 0.395111 0.914330 1.342700 0.000000 0.000000 0.000000 1.000000
0.931923 0.360476 -0.039706 2.987600 -0.348946 0.861481 -0.368899 2.904200 -0.098773 0.357641 0.928621 1.342700 0.000000 0.000000 0.000000 1.000000
0.936064 0.351720 -0.008826 2.987600 -0.334501 0.881902 -0.332201 2.904200 -0.109058 0.313914 0.943167 1.342700 0.000000 0.000000 0.000000 1.000000
0.938200 0.345881 0.012145 2.987600 -0.325734 0.894323 -0.306731 2.904200 -0.116954 0.283819 0.951719 1.342700 0.000000 0.000000 0.000000 1.000000
0.936338 0.350766 0.015335 2.987600 -0.329584 0.893171 -0.305974 2.904200 -0.121022 0.281441 0.951916 1.342700 0.000000 0.000000 0.000000 1.000000
0.931414 0.363913 0.005870 2.987600 -0.342553 0.881967 -0.323716 2.904200 -0.122981 0.299503 0.946136 1.342700 0.000000 0.000000 0.000000 1.000000
0.924627 0.380679 -0.012210 2.987600 -0.360392 0.864083 -0.351395 2.904200 -0.123218 0.329309 0.936148 1.342700 0.000000 0.000000 0.000000 1.000000
0.917212 0.396862 -0.034972 2.987600 -0.379301 0.843019 -0.381378 2.904200 -0.121872 0.363069 0.923757 1.342700 0.000000 0.000000 0.000000 1.000000
0.910709 0.409027 -0.057496 2.987600 -0.395495 0.823370 -0.406997 2.904200 -0.119132 0.393395 0.911618 1.342700 0.000000 0.000000 0.000000 1.000000
0.906974 0.414622 -0.074071 2.987600 -0.405126 0.810692 -0.422671 2.904200 -0.115200 0.413360 0.903251 1.342700 0.000000 0.000000 0.000000 1.000000
0.907843 0.411495 -0.080576 2.987600 -0.404763 0.809836 -0.424656 2.904200 -0.109490 0.418135 0.901762 1.342700 0.000000 0.000000 0.000000 1.000000
0.913210 0.399468 -0.080457 2.987600 -0.394989 0.819239 -0.415730 2.904200 -0.100157 0.411428 0.905922 1.342700 0.000000 0.000000 0.000000 1.000000
0.921206 0.381435 -0.076723 2.987600 -0.378895 0.834674 -0.399698 2.904200 -0.088421 0.397274 0.913430 1.342700 0.000000 0.000000 0.000000 1.000000
0.929946 0.360637 -0.071695 2.987600 -0.359756 0.852106 -0.380120 2.904200 -0.075994 0.379284 0.922154 1.342700 0.000000 0.000000 0.000000 1.000000
0.937778 0.340691 -0.067094 2.987600 -0.341154 0.867988 -0.360847 2.904200 -0.064701 0.361284 0.930208 1.342700 0.000000 0.000000 0.000000 1.000000
0.943341 0.325611 -0.063922 2.987600 -0.326986 0.879387 -0.346062 2.904200 -0.056469 0.347356 0.936032 1.342700 0.000000 0.000000 0.000000 1.000000
0.945469 0.319613 -0.062732 2.987600 -0.321326 0.883778 -0.340128 2.904200 -0.053268 0.341738 0.938285 1.342700 0.000000 0.000000 0.000000 1.000000</float_array>
        <technique_common>
          <accessor source="#mixamorig8_RightHandThumb1-Matrix-animation-output-transform-array" count="32" stride="16">
            <param type="float4x4"/>
          </accessor>
        </technique_common>
      </source>
      <source id="mixamorig8_RightHandThumb1-Interpolations">
        <Name_array id="mixamorig8_RightHandThumb1-Interpolations-array" count="32">
 LINEAR LINEAR LINEAR LINEAR LINEAR LINEAR LINEAR LINEAR LINEAR LINEAR LINEAR
LINEAR LINEAR LINEAR LINEAR LINEAR LINEAR LINEAR LINEAR LINEAR LINEAR LINEAR LINEAR
LINEAR LINEAR LINEAR LINEAR LINEAR LINEAR LINEAR LINEAR LINEAR</Name_array>
        <technique_common>
          <accessor source="#mixamorig8_RightHandThumb1-Interpolations-array" count="32">
            <param type="name"/>
          </accessor>
        </technique_common>
      </source>
      <sampler id="mixamorig8_RightHandThumb1-Matrix-animation-transform">
        <input semantic="INPUT" source="#mixamorig8_RightHandThumb1-Matrix-animation-input"/>
        <input semantic="OUTPUT" source="#mixamorig8_RightHandThumb1-Matrix-animation-output-transform"/>
        <input semantic="INTERPOLATION" source="#mixamorig8_RightHandThumb1-Interpolations"/>
      </sampler>
      <channel source="#mixamorig8_RightHandThumb1-Matrix-animation-transform" target="mixamorig8_RightHandThumb1/matrix"/>
    </animation>
    <animation id="mixamorig8_RightHandThumb2-anim" name="mixamorig8_RightHandThumb2">
      <source id="mixamorig8_RightHandThumb2-Matrix-animation-input">
        <float_array id="mixamorig8_RightHandThumb2-Matrix-animation-input-array" count="32">

0.000000 0.033333 0.066667 0.100000 0.133333 0.166667 0.200000 0.233333 0.266667 0.300000 0.333333 0.366667 0.400000 0.433333 0.466667 0.500000
0.533333 0.566667 0.600000 0.633333 0.666667 0.700000 0.733333 0.766667 0.800000 0.833333 0.866667 0.900000 0.933333 0.966667 1.000000 1.033333</float_array>
        <technique_common>
          <accessor source="#mixamorig8_RightHandThumb2-Matrix-animation-input-array" count="32">
            <param name="TIME" type="float"/>
          </accessor>
        </technique_common>
      </source>
      <source id="mixamorig8_RightHandThumb2-Matrix-animation-output-transform">
        <float_array id="mixamorig8_RightHandThumb2-Matrix-animation-output-transform-array" count="512">

0.926315 -0.039768 -0.374646 0.613300 -0.034040 0.981512 -0.188350 3.447900 0.375209 0.187225 0.907835 0.000000 0.000000 0.000000 0.000000 1.000000
0.931956 -0.032058 -0.361151 0.613300 -0.036770 0.982591 -0.182105 3.447900 0.360702 0.182993 0.914553 -0.000000 0.000000 0.000000 0.000000 1.000000
0.933096 -0.019204 -0.359114 0.613300 -0.046342 0.983827 -0.173021 3.447900 0.356629 0.178087 0.917116 0.000000 0.000000 0.000000 0.000000 1.000000
0.935318 -0.011969 -0.353606 0.613300 -0.050865 0.984497 -0.167866 3.447900 0.350133 0.174994 0.920209 0.000000 0.000000 0.000000 0.000000 1.000000
0.942288 -0.012648 -0.334566 0.613300 -0.046313 0.984756 -0.167665 3.447900 0.331586 0.173484 0.927337 -0.000000 0.000000 0.000000 0.000000 1.000000
0.949382 -0.014183 -0.313803 0.613300 -0.040805 0.984947 -0.167970 3.447900 0.311462 0.172273 0.934513 0.000000 0.000000 0.000000 0.000000 1.000000
0.947701 0.001504 -0.319157 0.613300 -0.054653 0.985983 -0.157640 3.447900 0.314446 0.166839 0.934499 0.000000 0.000000 0.000000 0.000000 1.000000
0.930930 0.043481 -0.362601 0.613300 -0.096397 0.986930 -0.129141 3.447900 0.352246 0.155175 0.922954 0.000000 0.000000 0.000000 0.000000 1.000000
0.916405 0.065249 -0.394897 0.613300 -0.118878 0.986472 -0.112876 3.447900 0.382190 0.150384 0.911765 0.000000 0.000000 0.000000 0.000000 1.000000
0.921570 0.049099 -0.385094 0.613300 -0.104642 0.986671 -0.124619 3.447900 0.373843 0.155142 0.914425 -0.000000 0.000000 0.000000 0.000000 1.000000
0.924132 0.043236 -0.379620 0.613300 -0.099183 0.986663 -0.129073 3.447900 0.368976 0.156932 0.916094 0.000000 0.000000 0.000000 0.000000 1.000000
0.916254 0.039455 -0.398651 0.613300 -0.099906 0.986200 -0.132018 3.447900 0.387941 0.160789 0.907551 0.000000 0.000000 0.000000 0.000000 1.000000
0.911717 0.025442 -0.410031 0.613300 -0.091769 0.985473 -0.142903 3.447900 0.400439 0.167915 0.900807 0.000000 0.000000 0.000000 0.000000 1.000000
0.911451 0.009787 -0.411292 0.613300 -0.080392 0.984681 -0.154725 3.447900 0.403477 0.174089 0.898276 0.000000 0.000000 0.000000 0.000000 1.000000
0.913714 -0.006178 -0.406311 0.613300 -0.067251 0.983797 -0.166193 3.447900 0.400754 0.179178 0.898494 0.000000 0.000000 0.000000 0.000000 1.000000
0.921210 -0.024621 -0.388286 0.613300 -0.049097 0.982661 -0.178791 3.447900 0.385956 0.183768 0.904029 0.000000 0.000000 0.000000 0.000000 1.000000
0.934137 -0.050962 -0.353256 0.613300 -0.020411 0.980506 -0.195425 3.447900 0.356329 0.189764 0.914888 0.000000 0.000000 0.000000 0.000000 1.000000
0.939168 -0.069204 -0.336415 0.613300 -0.001778 0.978498 -0.206248 3.447900 0.343455 0.194300 0.918851 0.000000 0.000000 0.000000 0.000000 1.000000
0.933656 -0.074296 -0.350380 0.613300 -0.001162 0.977616 -0.210394 3.447900 0.358169 0.196842 0.912671 0.000000 0.000000 0.000000 0.000000 1.000000
0.929297 -0.077363 -0.361139 0.613300 -0.001600 0.976964 -0.213400 3.447900 0.369329 0.198890 0.907766 0.000000 0.000000 0.000000 0.000000 1.000000
0.925935 -0.078565 -0.369420 0.613300 -0.002971 0.976579 -0.215138 3.447900 0.377671 0.200302 0.904016 -0.000000 0.000000 0.000000 0.000000 1.000000
0.924736 -0.086041 -0.370755 0.613300 0.002221 0.975316 -0.220801 3.447900 0.380602 0.203359 0.902102 0.000000 0.000000 0.000000 0.000000 1.000000
0.925697 -0.095903 -0.365908 0.613300 0.010927 0.973703 -0.227560 3.447900 0.378109 0.206653 0.902401 0.000000 0.000000 0.000000 0.000000 1.000000
0.925015 -0.101566 -0.366104 0.613300 0.015080 0.972662 -0.231737 3.447900 0.379632 0.208839 0.901258 0.000000 0.000000 0.000000 0.000000 1.000000
0.913602 -0.088640 -0.396831 0.613300 -0.003459 0.974220 -0.225573 3.447900 0.406596 0.207456 0.889743 0.000000 0.000000 0.000000 0.000000 1.000000
0.912350 -0.082486 -0.401016 0.613300 -0.009420 0.975005 -0.221982 3.447900 0.409303 0.206303 0.888769 0.000000 0.000000 0.000000 0.000000 1.000000
0.927314 -0.093908 -0.362311 0.613300 0.010202 0.973995 -0.226341 3.447900 0.374144 0.206193 0.904157 -0.000000 0.000000 0.000000 0.000000 1.000000
0.933719 -0.102928 -0.342891 0.613300 0.022820 0.972943 -0.229915 3.447900 0.357279 0.206851 0.910804 0.000000 0.000000 0.000000 0.000000 1.000000
0.931706 -0.101914 -0.348623 0.613300 0.020586 0.973102 -0.229452 3.447900 0.362631 0.206605 0.908743 0.000000 0.000000 0.000000 0.000000 1.000000
0.926794 -0.081392 -0.366646 0.613300 -0.000260 0.976096 -0.217341 3.447900 0.375571 0.201525 0.904618 0.000000 0.000000 0.000000 0.000000 1.000000
0.924489 -0.060539 -0.376371 0.613300 -0.018711 0.978913 -0.203418 3.447900 0.380749 0.195100 0.903862 0.000000 0.000000 0.000000 0.000000 1.000000
0.926315 -0.039768 -0.374646 0.613300 -0.034040 0.981512 -0.188351 3.447900 0.375209 0.187225 0.907835 0.000000 0.000000 0.000000 0.000000 1.000000</float_array>
        <technique_common>
          <accessor source="#mixamorig8_RightHandThumb2-Matrix-animation-output-transform-array" count="32" stride="16">
            <param type="float4x4"/>
          </accessor>
        </technique_common>
      </source>
      <source id="mixamorig8_RightHandThumb2-Interpolations">
        <Name_array id="mixamorig8_RightHandThumb2-Interpolations-array" count="32">
 LINEAR LINEAR LINEAR LINEAR LINEAR LINEAR LINEAR LINEAR LINEAR LINEAR LINEAR
LINEAR LINEAR LINEAR LINEAR LINEAR LINEAR LINEAR LINEAR LINEAR LINEAR LINEAR LINEAR
LINEAR LINEAR LINEAR LINEAR LINEAR LINEAR LINEAR LINEAR LINEAR</Name_array>
        <technique_common>
          <accessor source="#mixamorig8_RightHandThumb2-Interpolations-array" count="32">
            <param type="name"/>
          </accessor>
        </technique_common>
      </source>
      <sampler id="mixamorig8_RightHandThumb2-Matrix-animation-transform">
        <input semantic="INPUT" source="#mixamorig8_RightHandThumb2-Matrix-animation-input"/>
        <input semantic="OUTPUT" source="#mixamorig8_RightHandThumb2-Matrix-animation-output-transform"/>
        <input semantic="INTERPOLATION" source="#mixamorig8_RightHandThumb2-Interpolations"/>
      </sampler>
      <channel source="#mixamorig8_RightHandThumb2-Matrix-animation-transform" target="mixamorig8_RightHandThumb2/matrix"/>
    </animation>
    <animation id="mixamorig8_RightHandThumb3-anim" name="mixamorig8_RightHandThumb3">
      <source id="mixamorig8_RightHandThumb3-Matrix-animation-input">
        <float_array id="mixamorig8_RightHandThumb3-Matrix-animation-input-array" count="32">

0.000000 0.033333 0.066667 0.100000 0.133333 0.166667 0.200000 0.233333 0.266667 0.300000 0.333333 0.366667 0.400000 0.433333 0.466667 0.500000
0.533333 0.566667 0.600000 0.633333 0.666667 0.700000 0.733333 0.766667 0.800000 0.833333 0.866667 0.900000 0.933333 0.966667 1.000000 1.033333</float_array>
        <technique_common>
          <accessor source="#mixamorig8_RightHandThumb3-Matrix-animation-input-array" count="32">
            <param name="TIME" type="float"/>
          </accessor>
        </technique_common>
      </source>
      <source id="mixamorig8_RightHandThumb3-Matrix-animation-output-transform">
        <float_array id="mixamorig8_RightHandThumb3-Matrix-animation-output-transform-array" count="512">

0.999777 0.020203 0.006117 -0.304200 -0.020206 0.999796 0.000547 3.405300 -0.006105 -0.000670 0.999981 -0.000000 0.000000 0.000000 0.000000 1.000000
0.999777 0.020203 0.006117 -0.304200 -0.020206 0.999796 0.000547 3.405300 -0.006105 -0.000670 0.999981 0.000000 0.000000 0.000000 0.000000 1.000000
0.999777 0.020203 0.006117 -0.304200 -0.020206 0.999796 0.000547 3.405300 -0.006105 -0.000670 0.999981 0.000000 0.000000 0.000000 0.000000 1.000000
0.999777 0.020203 0.006117 -0.304200 -0.020206 0.999796 0.000547 3.405300 -0.006105 -0.000670 0.999981 0.000000 0.000000 0.000000 0.000000 1.000000
0.999777 0.020203 0.006117 -0.304200 -0.020207 0.999796 0.000546 3.405300 -0.006105 -0.000670 0.999981 0.000000 0.000000 0.000000 0.000000 1.000000
0.999777 0.020203 0.006117 -0.304200 -0.020206 0.999796 0.000546 3.405300 -0.006105 -0.000670 0.999981 0.000000 0.000000 0.000000 0.000000 1.000000
0.999777 0.020203 0.006117 -0.304200 -0.020206 0.999796 0.000546 3.405300 -0.006105 -0.000670 0.999981 0.000000 0.000000 0.000000 0.000000 1.000000
0.999777 0.020203 0.006117 -0.304200 -0.020206 0.999796 0.000546 3.405300 -0.006105 -0.000670 0.999981 0.000000 0.000000 0.000000 0.000000 1.000000
0.999777 0.020203 0.006117 -0.304200 -0.020207 0.999796 0.000546 3.405300 -0.006105 -0.000670 0.999981 0.000000 0.000000 0.000000 0.000000 1.000000
0.999777 0.020203 0.006117 -0.304200 -0.020206 0.999796 0.000547 3.405300 -0.006105 -0.000670 0.999981 -0.000000 0.000000 0.000000 0.000000 1.000000
0.999777 0.020203 0.006117 -0.304200 -0.020206 0.999796 0.000546 3.405300 -0.006105 -0.000670 0.999981 0.000000 0.000000 0.000000 0.000000 1.000000
0.999777 0.020203 0.006117 -0.304200 -0.020206 0.999796 0.000546 3.405300 -0.006105 -0.000670 0.999981 0.000000 0.000000 0.000000 0.000000 1.000000
0.999777 0.020203 0.006117 -0.304200 -0.020206 0.999796 0.000546 3.405300 -0.006105 -0.000670 0.999981 0.000000 0.000000 0.000000 0.000000 1.000000
0.999777 0.020203 0.006117 -0.304200 -0.020206 0.999796 0.000547 3.405300 -0.006105 -0.000670 0.999981 0.000000 0.000000 0.000000 0.000000 1.000000
0.999777 0.020203 0.006117 -0.304200 -0.020207 0.999796 0.000546 3.405300 -0.006105 -0.000670 0.999981 0.000000 0.000000 0.000000 0.000000 1.000000
0.999777 0.020203 0.006117 -0.304200 -0.020206 0.999796 0.000547 3.405300 -0.006105 -0.000670 0.999981 0.000000 0.000000 0.000000 0.000000 1.000000
0.999777 0.020203 0.006117 -0.304200 -0.020206 0.999796 0.000546 3.405300 -0.006105 -0.000670 0.999981 -0.000000 0.000000 0.000000 0.000000 1.000000
0.999777 0.020203 0.006117 -0.304200 -0.020206 0.999796 0.000547 3.405300 -0.006105 -0.000670 0.999981 0.000000 0.000000 0.000000 0.000000 1.000000
0.999777 0.020203 0.006117 -0.304200 -0.020206 0.999796 0.000547 3.405300 -0.006105 -0.000670 0.999981 0.000000 0.000000 0.000000 0.000000 1.000000
0.999777 0.020203 0.006117 -0.304200 -0.020206 0.999796 0.000547 3.405300 -0.006105 -0.000670 0.999981 0.000000 0.000000 0.000000 0.000000 1.000000
0.999777 0.020203 0.006117 -0.304200 -0.020206 0.999796 0.000546 3.405300 -0.006105 -0.000670 0.999981 0.000000 0.000000 0.000000 0.000000 1.000000
0.999777 0.020203 0.006117 -0.304200 -0.020206 0.999796 0.000546 3.405300 -0.006105 -0.000670 0.999981 -0.000000 0.000000 0.000000 0.000000 1.000000
0.999777 0.020203 0.006117 -0.304200 -0.020206 0.999796 0.000546 3.405300 -0.006105 -0.000670 0.999981 0.000000 0.000000 0.000000 0.000000 1.000000
0.999777 0.020203 0.006117 -0.304200 -0.020206 0.999796 0.000546 3.405300 -0.006105 -0.000670 0.999981 0.000000 0.000000 0.000000 0.000000 1.000000
0.999777 0.020203 0.006117 -0.304200 -0.020207 0.999796 0.000546 3.405300 -0.006105 -0.000670 0.999981 0.000000 0.000000 0.000000 0.000000 1.000000
0.999777 0.020203 0.006117 -0.304200 -0.020206 0.999796 0.000546 3.405300 -0.006105 -0.000670 0.999981 0.000000 0.000000 0.000000 0.000000 1.000000
0.999777 0.020203 0.006117 -0.304200 -0.020206 0.999796 0.000547 3.405300 -0.006105 -0.000670 0.999981 0.000000 0.000000 0.000000 0.000000 1.000000
0.999777 0.020203 0.006117 -0.304200 -0.020206 0.999796 0.000546 3.405300 -0.006105 -0.000670 0.999981 0.000000 0.000000 0.000000 0.000000 1.000000
0.999777 0.020203 0.006117 -0.304200 -0.020206 0.999796 0.000547 3.405300 -0.006105 -0.000670 0.999981 0.000000 0.000000 0.000000 0.000000 1.000000
0.999777 0.020203 0.006117 -0.304200 -0.020206 0.999796 0.000547 3.405300 -0.006104 -0.000670 0.999981 0.000000 0.000000 0.000000 0.000000 1.000000
0.999777 0.020203 0.006117 -0.304200 -0.020206 0.999796 0.000546 3.405300 -0.006105 -0.000670 0.999981 0.000000 0.000000 0.000000 0.000000 1.000000
0.999777 0.020202 0.006117 -0.304200 -0.020206 0.999796 0.000546 3.405300 -0.006105 -0.000670 0.999981 0.000000 0.000000 0.000000 0.000000 1.000000</float_array>
        <technique_common>
          <accessor source="#mixamorig8_RightHandThumb3-Matrix-animation-output-transform-array" count="32" stride="16">
            <param type="float4x4"/>
          </accessor>
        </technique_common>
      </source>
      <source id="mixamorig8_RightHandThumb3-Interpolations">
        <Name_array id="mixamorig8_RightHandThumb3-Interpolations-array" count="32">
 LINEAR LINEAR LINEAR LINEAR LINEAR LINEAR LINEAR LINEAR LINEAR LINEAR LINEAR
LINEAR LINEAR LINEAR LINEAR LINEAR LINEAR LINEAR LINEAR LINEAR LINEAR LINEAR LINEAR
LINEAR LINEAR LINEAR LINEAR LINEAR LINEAR LINEAR LINEAR LINEAR</Name_array>
        <technique_common>
          <accessor source="#mixamorig8_RightHandThumb3-Interpolations-array" count="32">
            <param type="name"/>
          </accessor>
        </technique_common>
      </source>
      <sampler id="mixamorig8_RightHandThumb3-Matrix-animation-transform">
        <input semantic="INPUT" source="#mixamorig8_RightHandThumb3-Matrix-animation-input"/>
        <input semantic="OUTPUT" source="#mixamorig8_RightHandThumb3-Matrix-animation-output-transform"/>
        <input semantic="INTERPOLATION" source="#mixamorig8_RightHandThumb3-Interpolations"/>
      </sampler>
      <channel source="#mixamorig8_RightHandThumb3-Matrix-animation-transform" target="mixamorig8_RightHandThumb3/matrix"/>
    </animation>
    <animation id="mixamorig8_RightHandIndex1-anim" name="mixamorig8_RightHandIndex1">
      <source id="mixamorig8_RightHandIndex1-Matrix-animation-input">
        <float_array id="mixamorig8_RightHandIndex1-Matrix-animation-input-array" count="32">

0.000000 0.033333 0.066667 0.100000 0.133333 0.166667 0.200000 0.233333 0.266667 0.300000 0.333333 0.366667 0.400000 0.433333 0.466667 0.500000
0.533333 0.566667 0.600000 0.633333 0.666667 0.700000 0.733333 0.766667 0.800000 0.833333 0.866667 0.900000 0.933333 0.966667 1.000000 1.033333</float_array>
        <technique_common>
          <accessor source="#mixamorig8_RightHandIndex1-Matrix-animation-input-array" count="32">
            <param name="TIME" type="float"/>
          </accessor>
        </technique_common>
      </source>
      <source id="mixamorig8_RightHandIndex1-Matrix-animation-output-transform">
        <float_array id="mixamorig8_RightHandIndex1-Matrix-animation-output-transform-array" count="512">

0.996980 0.076806 -0.011436 3.635300 -0.067295 0.781097 -0.620773 9.768900 -0.038747 0.619668 0.783907 0.102000 0.000000 0.000000 0.000000 1.000000
0.996943 0.077027 -0.013060 3.635300 -0.067247 0.760960 -0.645304 9.768900 -0.039768 0.644210 0.763814 0.102000 0.000000 0.000000 0.000000 1.000000
0.996876 0.077630 -0.014575 3.635300 -0.067748 0.745492 -0.663062 9.768900 -0.040608 0.661978 0.748422 0.102000 0.000000 0.000000 0.000000 1.000000
0.996915 0.076872 -0.015843 3.635300 -0.067030 0.728844 -0.681390 9.768900 -0.040833 0.680350 0.731749 0.102000 0.000000 0.000000 0.000000 1.000000
0.997052 0.074835 -0.016933 3.635300 -0.065054 0.707504 -0.703709 9.768900 -0.040682 0.702736 0.710286 0.102000 0.000000 0.000000 0.000000 1.000000
0.997147 0.073291 -0.018047 3.635300 -0.063525 0.685729 -0.725079 9.768900 -0.040766 0.724157 0.688429 0.102000 0.000000 0.000000 0.000000 1.000000
0.997036 0.074420 -0.019502 3.635300 -0.064583 0.671904 -0.737817 9.768900 -0.041805 0.736890 0.674719 0.102000 0.000000 0.000000 0.000000 1.000000
0.996724 0.078051 -0.021175 3.635300 -0.068239 0.671170 -0.738156 9.768900 -0.043402 0.737183 0.674298 0.102000 0.000000 0.000000 0.000000 1.000000
0.996680 0.078448 -0.021768 3.635300 -0.068938 0.671005 -0.738241 9.768900 -0.043307 0.737291 0.674185 0.102000 0.000000 0.000000 0.000000 1.000000
0.996846 0.076315 -0.021774 3.635300 -0.066964 0.661600 -0.746861 9.768900 -0.042591 0.745964 0.664623 0.102000 0.000000 0.000000 0.000000 1.000000
0.996861 0.076014 -0.022136 3.635300 -0.066744 0.656467 -0.751396 9.768900 -0.042585 0.750515 0.659480 0.102000 0.000000 0.000000 0.000000 1.000000
0.996722 0.077505 -0.023207 3.635300 -0.068413 0.654296 -0.753138 9.768900 -0.043188 0.752257 0.657453 0.102000 0.000000 0.000000 0.000000 1.000000
0.996494 0.079749 -0.025313 3.635300 -0.070615 0.639316 -0.765695 9.768900 -0.044880 0.764798 0.642705 0.102000 0.000000 0.000000 0.000000 1.000000
0.996236 0.082140 -0.027679 3.635300 -0.072965 0.622344 -0.779336 9.768900 -0.046789 0.778422 0.625995 0.102000 0.000000 0.000000 0.000000 1.000000
0.996068 0.083661 -0.029159 3.635300 -0.074390 0.610999 -0.788129 9.768900 -0.048120 0.787199 0.614819 0.102000 0.000000 0.000000 0.000000 1.000000
0.996045 0.083799 -0.029543 3.635300 -0.074364 0.604216 -0.793343 9.768900 -0.048631 0.792402 0.608057 0.102000 0.000000 0.000000 0.000000 1.000000
0.996125 0.083203 -0.028487 3.635300 -0.073523 0.610124 -0.788887 9.768900 -0.048257 0.787925 0.613877 0.102000 0.000000 0.000000 0.000000 1.000000
0.996255 0.082596 -0.025568 3.635300 -0.072859 0.642750 -0.762603 9.768900 -0.046555 0.761610 0.646361 0.102000 0.000000 0.000000 0.000000 1.000000
0.996675 0.079191 -0.019180 3.635300 -0.069663 0.706085 -0.704692 9.768900 -0.042263 0.703685 0.709254 0.102000 0.000000 0.000000 0.000000 1.000000
0.997309 0.072832 -0.008343 3.635300 -0.063772 0.805813 -0.588726 9.768900 -0.036156 0.587674 0.808290 0.102000 0.000000 0.000000 0.000000 1.000000
0.997588 0.069319 -0.003542 3.635300 -0.060795 0.848018 -0.526469 9.768900 -0.033491 0.525415 0.850187 0.102000 0.000000 0.000000 0.000000 1.000000
0.997645 0.068526 -0.002917 3.635300 -0.060221 0.854785 -0.515477 9.768900 -0.032831 0.514438 0.856899 0.102000 0.000000 0.000000 0.000000 1.000000
0.997607 0.069020 -0.003954 3.635300 -0.060599 0.845489 -0.530543 9.768900 -0.033275 0.529513 0.847649 0.102000 0.000000 0.000000 0.000000 1.000000
0.997448 0.071234 -0.004842 3.635300 -0.062716 0.841734 -0.536237 9.768900 -0.034122 0.535172 0.844054 0.102000 0.000000 0.000000 0.000000 1.000000
0.997278 0.073552 -0.005215 3.635300 -0.065035 0.844057 -0.532295 9.768900 -0.034749 0.531186 0.846543 0.102000 0.000000 0.000000 0.000000 1.000000
0.997211 0.074374 -0.006187 3.635300 -0.065641 0.834616 -0.546907 9.768900 -0.035512 0.545788 0.837171 0.102000 0.000000 0.000000 0.000000 1.000000
0.997343 0.072469 -0.007400 3.635300 -0.063469 0.814613 -0.576522 9.768900 -0.035752 0.575460 0.817048 0.102000 0.000000 0.000000 0.000000 1.000000
0.997442 0.071007 -0.008260 3.635300 -0.061971 0.801284 -0.595066 9.768900 -0.035635 0.594056 0.803634 0.102000 0.000000 0.000000 0.000000 1.000000
0.997317 0.072624 -0.009202 3.635300 -0.063553 0.796570 -0.601196 9.768900 -0.036331 0.600168 0.799049 0.102000 0.000000 0.000000 0.000000 1.000000
0.997070 0.075797 -0.010284 3.635300 -0.066550 0.793331 -0.605142 9.768900 -0.037709 0.604054 0.796051 0.102000 0.000000 0.000000 0.000000 1.000000
0.996894 0.077951 -0.011199 3.635300 -0.068514 0.788363 -0.611384 9.768900 -0.038829 0.610252 0.791255 0.102000 0.000000 0.000000 0.000000 1.000000
0.996980 0.076806 -0.011436 3.635300 -0.067295 0.781097 -0.620773 9.768900 -0.038747 0.619668 0.783907 0.102000 0.000000 0.000000 0.000000 1.000000</float_array>
        <technique_common>
          <accessor source="#mixamorig8_RightHandIndex1-Matrix-animation-output-transform-array" count="32" stride="16">
            <param type="float4x4"/>
          </accessor>
        </technique_common>
      </source>
      <source id="mixamorig8_RightHandIndex1-Interpolations">
        <Name_array id="mixamorig8_RightHandIndex1-Interpolations-array" count="32">
 LINEAR LINEAR LINEAR LINEAR LINEAR LINEAR LINEAR LINEAR LINEAR LINEAR LINEAR
LINEAR LINEAR LINEAR LINEAR LINEAR LINEAR LINEAR LINEAR LINEAR LINEAR LINEAR LINEAR
LINEAR LINEAR LINEAR LINEAR LINEAR LINEAR LINEAR LINEAR LINEAR</Name_array>
        <technique_common>
          <accessor source="#mixamorig8_RightHandIndex1-Interpolations-array" count="32">
            <param type="name"/>
          </accessor>
        </technique_common>
      </source>
      <sampler id="mixamorig8_RightHandIndex1-Matrix-animation-transform">
        <input semantic="INPUT" source="#mixamorig8_RightHandIndex1-Matrix-animation-input"/>
        <input semantic="OUTPUT" source="#mixamorig8_RightHandIndex1-Matrix-animation-output-transform"/>
        <input semantic="INTERPOLATION" source="#mixamorig8_RightHandIndex1-Interpolations"/>
      </sampler>
      <channel source="#mixamorig8_RightHandIndex1-Matrix-animation-transform" target="mixamorig8_RightHandIndex1/matrix"/>
    </animation>
    <animation id="mixamorig8_RightHandIndex2-anim" name="mixamorig8_RightHandIndex2">
      <source id="mixamorig8_RightHandIndex2-Matrix-animation-input">
        <float_array id="mixamorig8_RightHandIndex2-Matrix-animation-input-array" count="32">

0.000000 0.033333 0.066667 0.100000 0.133333 0.166667 0.200000 0.233333 0.266667 0.300000 0.333333 0.366667 0.400000 0.433333 0.466667 0.500000
0.533333 0.566667 0.600000 0.633333 0.666667 0.700000 0.733333 0.766667 0.800000 0.833333 0.866667 0.900000 0.933333 0.966667 1.000000 1.033333</float_array>
        <technique_common>
          <accessor source="#mixamorig8_RightHandIndex2-Matrix-animation-input-array" count="32">
            <param name="TIME" type="float"/>
          </accessor>
        </technique_common>
      </source>
      <source id="mixamorig8_RightHandIndex2-Matrix-animation-output-transform">
        <float_array id="mixamorig8_RightHandIndex2-Matrix-animation-output-transform-array" count="512">

0.997984 0.055653 0.030512 -0.015600 0.006424 0.389695 -0.920922 3.173100 -0.063142 0.919261 0.388552 0.000000 0.000000 0.000000 0.000000 1.000000
0.997917 0.057430 0.029385 -0.015600 0.005967 0.371373 -0.928465 3.173100 -0.064235 0.926706 0.370257 0.000000 0.000000 0.000000 0.000000 1.000000
0.997836 0.059394 0.028197 -0.015600 0.005427 0.352995 -0.935610 3.173100 -0.065522 0.933738 0.351909 0.000000 0.000000 0.000000 0.000000 1.000000
0.997741 0.061534 0.026952 -0.015600 0.004816 0.334650 -0.942330 3.173100 -0.067005 0.940331 0.333598 0.000000 0.000000 0.000000 0.000000 1.000000
0.997645 0.063648 0.025568 -0.015600 0.004428 0.312212 -0.950002 3.173100 -0.068448 0.947878 0.311194 0.000000 0.000000 0.000000 0.000000 1.000000
0.997518 0.066139 0.024168 -0.015600 0.004063 0.288585 -0.957446 3.173100 -0.070299 0.955167 0.287600 0.000000 0.000000 0.000000 0.000000 1.000000
0.997397 0.068406 0.022800 -0.015600 0.003735 0.266764 -0.963755 3.173100 -0.072008 0.961331 0.265814 0.000000 0.000000 0.000000 0.000000 1.000000
0.997339 0.069610 0.021676 -0.015600 0.003308 0.253803 -0.967250 3.173100 -0.072832 0.964748 0.252897 0.000000 0.000000 0.000000 0.000000 1.000000
0.997321 0.070127 0.020808 -0.015600 0.002852 0.246963 -0.969021 3.173100 -0.073093 0.966484 0.246102 -0.000000 0.000000 0.000000 0.000000 1.000000
0.997257 0.071269 0.019975 -0.015600 0.002709 0.234560 -0.972098 3.173100 -0.073966 0.969486 0.233724 0.000000 0.000000 0.000000 0.000000 1.000000
0.997206 0.072129 0.019438 -0.015600 0.002688 0.225391 -0.974265 3.173100 -0.074654 0.971595 0.224568 0.000000 0.000000 0.000000 0.000000 1.000000
0.997170 0.072635 0.019413 -0.015600 0.002850 0.221502 -0.975156 3.173100 -0.075130 0.972451 0.220668 0.000000 0.000000 0.000000 0.000000 1.000000
0.997149 0.073115 0.018677 -0.015600 0.002482 0.215592 -0.976480 3.173100 -0.075422 0.973742 0.214796 0.000000 0.000000 0.000000 0.000000 1.000000
0.997155 0.073049 0.018577 -0.015600 0.002279 0.217130 -0.976140 3.173100 -0.075340 0.973406 0.216346 0.000000 0.000000 0.000000 0.000000 1.000000
0.997173 0.072746 0.018807 -0.015600 0.002239 0.221417 -0.975177 3.173100 -0.075104 0.972462 0.220628 0.000000 0.000000 0.000000 0.000000 1.000000
0.997216 0.072009 0.019385 -0.015600 0.002314 0.229942 -0.973202 3.173100 -0.074536 0.970537 0.229135 0.000000 0.000000 0.000000 0.000000 1.000000
0.997277 0.070923 0.020195 -0.015600 0.002531 0.240774 -0.970578 3.173100 -0.073699 0.967986 0.239939 0.000000 0.000000 0.000000 0.000000 1.000000
0.997381 0.069081 0.021441 -0.015600 0.002867 0.258440 -0.966023 3.173100 -0.072275 0.963554 0.257565 0.000000 0.000000 0.000000 0.000000 1.000000
0.997564 0.065660 0.023544 -0.015600 0.003346 0.292101 -0.956382 3.173100 -0.069674 0.954131 0.291169 -0.000000 0.000000 0.000000 0.000000 1.000000
0.997777 0.061185 0.026423 -0.015600 0.004367 0.335586 -0.942000 3.173100 -0.066504 0.940020 0.334572 -0.000000 0.000000 0.000000 0.000000 1.000000
0.997993 0.056037 0.029488 -0.015600 0.005756 0.383482 -0.923531 3.173100 -0.063060 0.921847 0.382390 0.000000 0.000000 0.000000 0.000000 1.000000
0.998188 0.050777 0.032277 -0.015600 0.007269 0.430754 -0.902440 3.173100 -0.059727 0.901040 0.429605 -0.000000 0.000000 0.000000 0.000000 1.000000
0.998322 0.046699 0.034239 -0.015600 0.008570 0.465624 -0.884941 3.173100 -0.057269 0.883750 0.464443 -0.000000 0.000000 0.000000 0.000000 1.000000
0.998382 0.044658 0.035209 -0.015600 0.009288 0.482766 -0.875700 3.173100 -0.056105 0.874610 0.481570 -0.000000 0.000000 0.000000 0.000000 1.000000
0.998379 0.044660 0.035274 -0.015600 0.009326 0.483058 -0.875539 3.173100 -0.056141 0.874449 0.481858 0.000000 0.000000 0.000000 0.000000 1.000000
0.998348 0.045614 0.034943 -0.015600 0.009087 0.475146 -0.879860 3.173100 -0.056737 0.878724 0.473946 -0.000000 0.000000 0.000000 0.000000 1.000000
0.998288 0.047346 0.034354 -0.015600 0.008669 0.461048 -0.887333 3.173100 -0.057850 0.886111 0.459849 0.000000 0.000000 0.000000 0.000000 1.000000
0.998190 0.049954 0.033480 -0.015600 0.008116 0.439738 -0.898090 3.173100 -0.059586 0.896736 0.438536 0.000000 0.000000 0.000000 0.000000 1.000000
0.998121 0.051972 0.032470 -0.015600 0.007487 0.422463 -0.906349 3.173100 -0.060822 0.904889 0.421280 0.000000 0.000000 0.000000 0.000000 1.000000
0.998054 0.053802 0.031512 -0.015600 0.006932 0.406504 -0.913623 3.173100 -0.061964 0.912064 0.405340 0.000000 0.000000 0.000000 0.000000 1.000000
0.998004 0.055127 0.030793 -0.015600 0.006540 0.394792 -0.918747 3.173100 -0.062805 0.917115 0.393644 0.000000 0.000000 0.000000 0.000000 1.000000
0.997984 0.055647 0.030511 -0.015600 0.006426 0.389695 -0.920922 3.173100 -0.063137 0.919261 0.388552 -0.000000 0.000000 0.000000 0.000000 1.000000</float_array>
        <technique_common>
          <accessor source="#mixamorig8_RightHandIndex2-Matrix-animation-output-transform-array" count="32" stride="16">
            <param type="float4x4"/>
          </accessor>
        </technique_common>
      </source>
      <source id="mixamorig8_RightHandIndex2-Interpolations">
        <Name_array id="mixamorig8_RightHandIndex2-Interpolations-array" count="32">
 LINEAR LINEAR LINEAR LINEAR LINEAR LINEAR LINEAR LINEAR LINEAR LINEAR LINEAR
LINEAR LINEAR LINEAR LINEAR LINEAR LINEAR LINEAR LINEAR LINEAR LINEAR LINEAR LINEAR
LINEAR LINEAR LINEAR LINEAR LINEAR LINEAR LINEAR LINEAR LINEAR</Name_array>
        <technique_common>
          <accessor source="#mixamorig8_RightHandIndex2-Interpolations-array" count="32">
            <param type="name"/>
          </accessor>
        </technique_common>
      </source>
      <sampler id="mixamorig8_RightHandIndex2-Matrix-animation-transform">
        <input semantic="INPUT" source="#mixamorig8_RightHandIndex2-Matrix-animation-input"/>
        <input semantic="OUTPUT" source="#mixamorig8_RightHandIndex2-Matrix-animation-output-transform"/>
        <input semantic="INTERPOLATION" source="#mixamorig8_RightHandIndex2-Interpolations"/>
      </sampler>
      <channel source="#mixamorig8_RightHandIndex2-Matrix-animation-transform" target="mixamorig8_RightHandIndex2/matrix"/>
    </animation>
    <animation id="mixamorig8_RightHandIndex3-anim" name="mixamorig8_RightHandIndex3">
      <source id="mixamorig8_RightHandIndex3-Matrix-animation-input">
        <float_array id="mixamorig8_RightHandIndex3-Matrix-animation-input-array" count="32">

0.000000 0.033333 0.066667 0.100000 0.133333 0.166667 0.200000 0.233333 0.266667 0.300000 0.333333 0.366667 0.400000 0.433333 0.466667 0.500000
0.533333 0.566667 0.600000 0.633333 0.666667 0.700000 0.733333 0.766667 0.800000 0.833333 0.866667 0.900000 0.933333 0.966667 1.000000 1.033333</float_array>
        <technique_common>
          <accessor source="#mixamorig8_RightHandIndex3-Matrix-animation-input-array" count="32">
            <param name="TIME" type="float"/>
          </accessor>
        </technique_common>
      </source>
      <source id="mixamorig8_RightHandIndex3-Matrix-animation-output-transform">
        <float_array id="mixamorig8_RightHandIndex3-Matrix-animation-output-transform-array" count="512">

0.999998 -0.002211 0.000113 0.005500 0.002211 0.999998 0.000000 3.064800 -0.000113 0.000000 1.000000 0.000000 0.000000 0.000000 0.000000 1.000000
0.999998 -0.002211 0.000113 0.005500 0.002211 0.999998 -0.000000 3.064800 -0.000113 0.000000 1.000000 -0.000000 0.000000 0.000000 0.000000 1.000000
0.999998 -0.002211 0.000113 0.005500 0.002211 0.999998 -0.000000 3.064800 -0.000113 0.000000 1.000000 -0.000000 0.000000 0.000000 0.000000 1.000000
0.999998 -0.002211 0.000113 0.005500 0.002211 0.999998 -0.000000 3.064800 -0.000113 0.000001 1.000000 0.000000 0.000000 0.000000 0.000000 1.000000
0.999998 -0.002211 0.000113 0.005500 0.002211 0.999998 -0.000000 3.064800 -0.000113 0.000001 1.000000 0.000000 0.000000 0.000000 0.000000 1.000000
0.999998 -0.002210 0.000113 0.005500 0.002210 0.999998 -0.000000 3.064800 -0.000113 0.000000 1.000000 0.000000 0.000000 0.000000 0.000000 1.000000
0.999998 -0.002210 0.000113 0.005500 0.002210 0.999998 0.000000 3.064800 -0.000113 0.000000 1.000000 0.000000 0.000000 0.000000 0.000000 1.000000
0.999998 -0.002211 0.000113 0.005500 0.002211 0.999998 -0.000000 3.064800 -0.000113 0.000000 1.000000 -0.000000 0.000000 0.000000 0.000000 1.000000
0.999998 -0.002211 0.000113 0.005500 0.002211 0.999998 -0.000000 3.064800 -0.000113 0.000001 1.000000 0.000000 0.000000 0.000000 0.000000 1.000000
0.999998 -0.002211 0.000113 0.005500 0.002211 0.999998 -0.000000 3.064800 -0.000113 0.000001 1.000000 0.000000 0.000000 0.000000 0.000000 1.000000
0.999998 -0.002210 0.000113 0.005500 0.002210 0.999998 -0.000000 3.064800 -0.000113 0.000000 1.000000 0.000000 0.000000 0.000000 0.000000 1.000000
0.999998 -0.002211 0.000113 0.005500 0.002211 0.999998 -0.000000 3.064800 -0.000113 0.000000 1.000000 0.000000 0.000000 0.000000 0.000000 1.000000
0.999998 -0.002210 0.000113 0.005500 0.002210 0.999998 0.000000 3.064800 -0.000113 0.000000 1.000000 0.000000 0.000000 0.000000 0.000000 1.000000
0.999998 -0.002210 0.000113 0.005500 0.002210 0.999998 0.000000 3.064800 -0.000113 0.000000 1.000000 0.000000 0.000000 0.000000 0.000000 1.000000
0.999998 -0.002211 0.000113 0.005500 0.002211 0.999998 -0.000000 3.064800 -0.000113 0.000000 1.000000 0.000000 0.000000 0.000000 0.000000 1.000000
0.999998 -0.002211 0.000113 0.005500 0.002211 0.999998 -0.000000 3.064800 -0.000113 0.000000 1.000000 0.000000 0.000000 0.000000 0.000000 1.000000
0.999998 -0.002211 0.000113 0.005500 0.002211 0.999998 -0.000000 3.064800 -0.000113 0.000001 1.000000 0.000000 0.000000 0.000000 0.000000 1.000000
0.999998 -0.002211 0.000113 0.005500 0.002211 0.999998 -0.000000 3.064800 -0.000113 0.000000 1.000000 0.000000 0.000000 0.000000 0.000000 1.000000
0.999998 -0.002211 0.000113 0.005500 0.002211 0.999998 -0.000000 3.064800 -0.000113 0.000001 1.000000 0.000000 0.000000 0.000000 0.000000 1.000000
0.999998 -0.002211 0.000113 0.005500 0.002211 0.999998 -0.000000 3.064800 -0.000113 0.000000 1.000000 0.000000 0.000000 0.000000 0.000000 1.000000
0.999998 -0.002211 0.000113 0.005500 0.002211 0.999998 0.000000 3.064800 -0.000113 0.000000 1.000000 0.000000 0.000000 0.000000 0.000000 1.000000
0.999998 -0.002210 0.000113 0.005500 0.002210 0.999998 -0.000000 3.064800 -0.000113 0.000000 1.000000 0.000000 0.000000 0.000000 0.000000 1.000000
0.999998 -0.002211 0.000113 0.005500 0.002211 0.999998 -0.000000 3.064800 -0.000113 0.000001 1.000000 0.000000 0.000000 0.000000 0.000000 1.000000
0.999998 -0.002211 0.000113 0.005500 0.002211 0.999998 -0.000000 3.064800 -0.000113 0.000000 1.000000 -0.000000 0.000000 0.000000 0.000000 1.000000
0.999998 -0.002210 0.000113 0.005500 0.002210 0.999998 -0.000000 3.064800 -0.000113 0.000000 1.000000 0.000000 0.000000 0.000000 0.000000 1.000000
0.999998 -0.002211 0.000113 0.005500 0.002211 0.999998 -0.000000 3.064800 -0.000113 0.000001 1.000000 0.000000 0.000000 0.000000 0.000000 1.000000
0.999998 -0.002210 0.000113 0.005500 0.002210 0.999998 -0.000000 3.064800 -0.000113 0.000000 1.000000 0.000000 0.000000 0.000000 0.000000 1.000000
0.999998 -0.002211 0.000113 0.005500 0.002211 0.999998 -0.000000 3.064800 -0.000113 0.000000 1.000000 0.000000 0.000000 0.000000 0.000000 1.000000
0.999998 -0.002211 0.000113 0.005500 0.002211 0.999998 -0.000000 3.064800 -0.000113 0.000001 1.000000 0.000000 0.000000 0.000000 0.000000 1.000000
0.999998 -0.002211 0.000113 0.005500 0.002211 0.999998 -0.000000 3.064800 -0.000113 0.000000 1.000000 -0.000000 0.000000 0.000000 0.000000 1.000000
0.999998 -0.002211 0.000113 0.005500 0.002211 0.999998 -0.000000 3.064800 -0.000113 0.000000 1.000000 0.000000 0.000000 0.000000 0.000000 1.000000
0.999998 -0.002211 0.000113 0.005500 0.002211 0.999998 -0.000000 3.064800 -0.000113 0.000000 1.000000 0.000000 0.000000 0.000000 0.000000 1.000000</float_array>
        <technique_common>
          <accessor source="#mixamorig8_RightHandIndex3-Matrix-animation-output-transform-array" count="32" stride="16">
            <param type="float4x4"/>
          </accessor>
        </technique_common>
      </source>
      <source id="mixamorig8_RightHandIndex3-Interpolations">
        <Name_array id="mixamorig8_RightHandIndex3-Interpolations-array" count="32">
 LINEAR LINEAR LINEAR LINEAR LINEAR LINEAR LINEAR LINEAR LINEAR LINEAR LINEAR
LINEAR LINEAR LINEAR LINEAR LINEAR LINEAR LINEAR LINEAR LINEAR LINEAR LINEAR LINEAR
LINEAR LINEAR LINEAR LINEAR LINEAR LINEAR LINEAR LINEAR LINEAR</Name_array>
        <technique_common>
          <accessor source="#mixamorig8_RightHandIndex3-Interpolations-array" count="32">
            <param type="name"/>
          </accessor>
        </technique_common>
      </source>
      <sampler id="mixamorig8_RightHandIndex3-Matrix-animation-transform">
        <input semantic="INPUT" source="#mixamorig8_RightHandIndex3-Matrix-animation-input"/>
        <input semantic="OUTPUT" source="#mixamorig8_RightHandIndex3-Matrix-animation-output-transform"/>
        <input semantic="INTERPOLATION" source="#mixamorig8_RightHandIndex3-Interpolations"/>
      </sampler>
      <channel source="#mixamorig8_RightHandIndex3-Matrix-animation-transform" target="mixamorig8_RightHandIndex3/matrix"/>
    </animation>
    <animation id="mixamorig8_RightHandMiddle1-anim" name="mixamorig8_RightHandMiddle1">
      <source id="mixamorig8_RightHandMiddle1-Matrix-animation-input">
        <float_array id="mixamorig8_RightHandMiddle1-Matrix-animation-input-array" count="32">

0.000000 0.033333 0.066667 0.100000 0.133333 0.166667 0.200000 0.233333 0.266667 0.300000 0.333333 0.366667 0.400000 0.433333 0.466667 0.500000
0.533333 0.566667 0.600000 0.633333 0.666667 0.700000 0.733333 0.766667 0.800000 0.833333 0.866667 0.900000 0.933333 0.966667 1.000000 1.033333</float_array>
        <technique_common>
          <accessor source="#mixamorig8_RightHandMiddle1-Matrix-animation-input-array" count="32">
            <param name="TIME" type="float"/>
          </accessor>
        </technique_common>
      </source>
      <source id="mixamorig8_RightHandMiddle1-Matrix-animation-output-transform">
        <float_array id="mixamorig8_RightHandMiddle1-Matrix-animation-output-transform-array" count="512">

0.994236 0.107192 -0.002098 1.005100 -0.073188 0.664276 -0.743896 9.750500 -0.078346 0.739762 0.668292 -0.227900 0.000000 0.000000 0.000000 1.000000
0.993980 0.109461 -0.004670 1.005100 -0.074594 0.644912 -0.760608 9.750500 -0.080245 0.756377 0.649195 -0.227900 0.000000 0.000000 0.000000 1.000000
0.993840 0.110613 -0.006899 1.005100 -0.075252 0.627811 -0.774720 9.750500 -0.081363 0.770466 0.632267 -0.227900 0.000000 0.000000 0.000000 1.000000
0.993757 0.111204 -0.009022 1.005100 -0.075550 0.611226 -0.787842 9.750500 -0.082097 0.783605 0.615811 -0.227900 0.000000 0.000000 0.000000 1.000000
0.993668 0.111790 -0.011304 1.005100 -0.075652 0.591259 -0.802926 9.750500 -0.083075 0.798696 0.595972 -0.227900 0.000000 0.000000 0.000000 1.000000
0.993596 0.112165 -0.013601 1.005100 -0.075462 0.569184 -0.818740 9.750500 -0.084093 0.814524 0.574003 -0.227900 0.000000 0.000000 0.000000 1.000000
0.993415 0.113462 -0.015919 1.005100 -0.076402 0.552486 -0.830013 9.750500 -0.085380 0.825763 0.557517 -0.227900 0.000000 0.000000 0.000000 1.000000
0.993173 0.115263 -0.017943 1.005100 -0.078336 0.545045 -0.834739 9.750500 -0.086435 0.830446 0.550353 -0.227900 0.000000 0.000000 0.000000 1.000000
0.993048 0.116102 -0.019381 1.005100 -0.079486 0.539993 -0.837908 9.750500 -0.086817 0.833623 0.545468 -0.227900 0.000000 0.000000 0.000000 1.000000
0.993153 0.115093 -0.020033 1.005100 -0.078625 0.531689 -0.843282 9.750500 -0.086405 0.839083 0.537097 -0.227900 0.000000 0.000000 0.000000 1.000000
0.993187 0.114696 -0.020594 1.005100 -0.078336 0.526302 -0.846681 9.750500 -0.086272 0.842526 0.531702 -0.227900 0.000000 0.000000 0.000000 1.000000
0.993181 0.114657 -0.021110 1.005100 -0.078716 0.525936 -0.846873 9.750500 -0.085997 0.842760 0.531375 -0.227900 0.000000 0.000000 0.000000 1.000000
0.993105 0.115104 -0.022198 1.005100 -0.079081 0.518058 -0.851682 9.750500 -0.086532 0.847566 0.523588 -0.227900 0.000000 0.000000 0.000000 1.000000
0.993014 0.115649 -0.023421 1.005100 -0.079382 0.507891 -0.857756 9.750500 -0.087303 0.853623 0.513523 -0.227900 0.000000 0.000000 0.000000 1.000000
0.992931 0.116208 -0.024156 1.005100 -0.079704 0.502011 -0.861181 9.750500 -0.087950 0.857019 0.507724 -0.227900 0.000000 0.000000 0.000000 1.000000
0.992898 0.116449 -0.024363 1.005100 -0.079680 0.498829 -0.863030 9.750500 -0.088346 0.858842 0.504565 -0.227900 0.000000 0.000000 0.000000 1.000000
0.992961 0.116070 -0.023565 1.005100 -0.079140 0.502201 -0.861122 9.750500 -0.088116 0.856926 0.507852 -0.227900 0.000000 0.000000 0.000000 1.000000
0.993119 0.115137 -0.021414 1.005100 -0.078468 0.518461 -0.851494 9.750500 -0.086936 0.847315 0.523928 -0.227900 0.000000 0.000000 0.000000 1.000000
0.993321 0.113987 -0.017877 1.005100 -0.078087 0.550076 -0.831456 9.750500 -0.084942 0.827299 0.555303 -0.227900 0.000000 0.000000 0.000000 1.000000
0.993689 0.111595 -0.011368 1.005100 -0.076580 0.600850 -0.795685 9.750500 -0.081964 0.791534 0.605604 -0.227900 0.000000 0.000000 0.000000 1.000000
0.994107 0.108337 -0.003692 1.005100 -0.074565 0.658689 -0.748711 9.750500 -0.078681 0.744575 0.662886 -0.227900 0.000000 0.000000 0.000000 1.000000
0.994349 0.106156 0.000867 1.005100 -0.073237 0.691874 -0.718295 9.750500 -0.076851 0.714172 0.695739 -0.227900 0.000000 0.000000 0.000000 1.000000
0.994515 0.104516 0.004046 1.005100 -0.072251 0.714443 -0.695954 9.750500 -0.075629 0.691844 0.718075 -0.227900 0.000000 0.000000 0.000000 1.000000
0.994632 0.103287 0.006199 1.005100 -0.071582 0.730103 -0.679578 9.750500 -0.074718 0.675486 0.733577 -0.227900 0.000000 0.000000 0.000000 1.000000
0.994714 0.102432 0.007211 1.005100 -0.071337 0.739843 -0.668987 9.750500 -0.073861 0.664936 0.743239 -0.227900 0.000000 0.000000 0.000000 1.000000
0.994670 0.102886 0.006813 1.005100 -0.071443 0.735317 -0.673947 9.750500 -0.074349 0.669868 0.738748 -0.227900 0.000000 0.000000 0.000000 1.000000
0.994543 0.104205 0.005123 1.005100 -0.071700 0.718326 -0.692002 9.750500 -0.075790 0.687858 0.721877 -0.227900 0.000000 0.000000 0.000000 1.000000
0.994563 0.104078 0.003512 1.005100 -0.071214 0.704350 -0.706271 9.750500 -0.075981 0.702181 0.707933 -0.227900 0.000000 0.000000 0.000000 1.000000
0.994545 0.104292 0.001902 1.005100 -0.071333 0.693319 -0.717091 9.750500 -0.076106 0.713044 0.696977 -0.227900 0.000000 0.000000 0.000000 1.000000
0.994402 0.105662 0.000125 1.005100 -0.072395 0.682181 -0.727591 9.750500 -0.076964 0.723509 0.686011 -0.227900 0.000000 0.000000 0.000000 1.000000
0.994191 0.107615 -0.001539 1.005100 -0.073826 0.671489 -0.737328 9.750500 -0.078314 0.733159 0.675533 -0.227900 0.000000 0.000000 0.000000 1.000000
0.994236 0.107195 -0.002058 1.005100 -0.073160 0.664276 -0.743899 9.750500 -0.078375 0.739761 0.668289 -0.227900 0.000000 0.000000 0.000000 1.000000</float_array>
        <technique_common>
          <accessor source="#mixamorig8_RightHandMiddle1-Matrix-animation-output-transform-array" count="32" stride="16">
            <param type="float4x4"/>
          </accessor>
        </technique_common>
      </source>
      <source id="mixamorig8_RightHandMiddle1-Interpolations">
        <Name_array id="mixamorig8_RightHandMiddle1-Interpolations-array" count="32">
 LINEAR LINEAR LINEAR LINEAR LINEAR LINEAR LINEAR LINEAR LINEAR LINEAR LINEAR
LINEAR LINEAR LINEAR LINEAR LINEAR LINEAR LINEAR LINEAR LINEAR LINEAR LINEAR LINEAR
LINEAR LINEAR LINEAR LINEAR LINEAR LINEAR LINEAR LINEAR LINEAR</Name_array>
        <technique_common>
          <accessor source="#mixamorig8_RightHandMiddle1-Interpolations-array" count="32">
            <param type="name"/>
          </accessor>
        </technique_common>
      </source>
      <sampler id="mixamorig8_RightHandMiddle1-Matrix-animation-transform">
        <input semantic="INPUT" source="#mixamorig8_RightHandMiddle1-Matrix-animation-input"/>
        <input semantic="OUTPUT" source="#mixamorig8_RightHandMiddle1-Matrix-animation-output-transform"/>
        <input semantic="INTERPOLATION" source="#mixamorig8_RightHandMiddle1-Interpolations"/>
      </sampler>
      <channel source="#mixamorig8_RightHandMiddle1-Matrix-animation-transform" target="mixamorig8_RightHandMiddle1/matrix"/>
    </animation>
    <animation id="mixamorig8_RightHandMiddle2-anim" name="mixamorig8_RightHandMiddle2">
      <source id="mixamorig8_RightHandMiddle2-Matrix-animation-input">
        <float_array id="mixamorig8_RightHandMiddle2-Matrix-animation-input-array" count="32">

0.000000 0.033333 0.066667 0.100000 0.133333 0.166667 0.200000 0.233333 0.266667 0.300000 0.333333 0.366667 0.400000 0.433333 0.466667 0.500000
0.533333 0.566667 0.600000 0.633333 0.666667 0.700000 0.733333 0.766667 0.800000 0.833333 0.866667 0.900000 0.933333 0.966667 1.000000 1.033333</float_array>
        <technique_common>
          <accessor source="#mixamorig8_RightHandMiddle2-Matrix-animation-input-array" count="32">
            <param name="TIME" type="float"/>
          </accessor>
        </technique_common>
      </source>
      <source id="mixamorig8_RightHandMiddle2-Matrix-animation-output-transform">
        <float_array id="mixamorig8_RightHandMiddle2-Matrix-animation-output-transform-array" count="512">

0.996438 0.080361 0.025572 -0.013700 0.001352 0.287968 -0.957639 3.491900 -0.084321 0.954262 0.286833 0.000000 0.000000 0.000000 0.000000 1.000000
0.996350 0.081910 0.024018 -0.013700 0.000965 0.270552 -0.962705 3.491900 -0.085354 0.959214 0.269486 0.000000 0.000000 0.000000 0.000000 1.000000
0.996254 0.083538 0.022337 -0.013700 0.000554 0.252137 -0.967691 3.491900 -0.086470 0.964079 0.251146 -0.000000 0.000000 0.000000 0.000000 1.000000
0.996153 0.085172 0.020596 -0.013700 0.000127 0.233641 -0.972323 3.491900 -0.087627 0.968585 0.232731 0.000000 0.000000 0.000000 0.000000 1.000000
0.996046 0.086849 0.018690 -0.013700 -0.000221 0.212805 -0.977095 3.491900 -0.088837 0.973227 0.211983 0.000000 0.000000 0.000000 0.000000 1.000000
0.995908 0.088831 0.016609 -0.013700 -0.000538 0.189617 -0.981858 3.491900 -0.090369 0.977832 0.188889 -0.000000 0.000000 0.000000 0.000000 1.000000
0.995793 0.090438 0.014742 -0.013700 -0.000821 0.169678 -0.985499 3.491900 -0.091628 0.981341 0.169038 0.000000 0.000000 0.000000 0.000000 1.000000
0.995765 0.090935 0.013521 -0.013700 -0.001133 0.159205 -0.987245 3.491900 -0.091928 0.983049 0.158634 0.000000 0.000000 0.000000 0.000000 1.000000
0.995736 0.091376 0.012633 -0.013700 -0.001369 0.151574 -0.988445 3.491900 -0.092235 0.984213 0.151053 -0.000000 0.000000 0.000000 0.000000 1.000000
0.995660 0.092353 0.011454 -0.013700 -0.001515 0.139152 -0.990270 3.491900 -0.093049 0.985955 0.138688 0.000000 0.000000 0.000000 0.000000 1.000000
0.995598 0.093127 0.010565 -0.013700 -0.001591 0.129502 -0.991578 3.491900 -0.093710 0.987196 0.129080 0.000000 0.000000 0.000000 0.000000 1.000000
0.995559 0.093599 0.010053 -0.013700 -0.001632 0.123927 -0.992290 3.491900 -0.094123 0.987867 0.123529 0.000000 0.000000 0.000000 0.000000 1.000000
0.995527 0.093995 0.009525 -0.013700 -0.001675 0.118360 -0.992969 3.491900 -0.094461 0.988512 0.117988 0.000000 0.000000 0.000000 0.000000 1.000000
0.995510 0.094219 0.009147 -0.013700 -0.001710 0.114515 -0.993420 3.491900 -0.094646 0.988943 0.114162 0.000000 0.000000 0.000000 0.000000 1.000000
0.995517 0.094117 0.009363 -0.013700 -0.001695 0.116733 -0.993162 3.491900 -0.094566 0.988694 0.116370 -0.000000 0.000000 0.000000 0.000000 1.000000
0.995552 0.093680 0.010026 -0.013700 -0.001644 0.123672 -0.992322 3.491900 -0.094200 0.987891 0.123276 -0.000000 0.000000 0.000000 0.000000 1.000000
0.995617 0.092860 0.011114 -0.013700 -0.001506 0.134744 -0.990879 3.491900 -0.093510 0.986520 0.134294 0.000000 0.000000 0.000000 0.000000 1.000000
0.995738 0.091313 0.012930 -0.013700 -0.001418 0.155352 -0.987858 3.491900 -0.092213 0.983630 0.154819 0.000000 0.000000 0.000000 0.000000 1.000000
0.995978 0.088143 0.016067 -0.013700 -0.001493 0.195632 -0.980676 3.491900 -0.089583 0.976708 0.194977 -0.000000 0.000000 0.000000 0.000000 1.000000
0.996258 0.084013 0.020279 -0.013700 -0.001022 0.246075 -0.969250 3.491900 -0.086420 0.965603 0.245240 -0.000000 0.000000 0.000000 0.000000 1.000000
0.996529 0.079470 0.024791 -0.013700 -0.000080 0.298714 -0.954343 3.491900 -0.083247 0.951028 0.297683 -0.000000 0.000000 0.000000 0.000000 1.000000
0.996761 0.075087 0.028802 -0.013700 0.001086 0.345537 -0.938404 3.491900 -0.080414 0.935396 0.344337 -0.000000 0.000000 0.000000 0.000000 1.000000
0.996929 0.071555 0.031820 -0.013700 0.002110 0.381636 -0.924310 3.491900 -0.078282 0.921539 0.380313 0.000000 0.000000 0.000000 0.000000 1.000000
0.997004 0.069829 0.033257 -0.013700 0.002681 0.398528 -0.917152 3.491900 -0.077297 0.914494 0.397147 0.000000 0.000000 0.000000 0.000000 1.000000
0.997001 0.069850 0.033330 -0.013700 0.002775 0.398119 -0.917330 3.491900 -0.077345 0.914671 0.396731 0.000000 0.000000 0.000000 0.000000 1.000000
0.996960 0.070647 0.032870 -0.013700 0.002725 0.389979 -0.920820 3.491900 -0.077872 0.918110 0.388601 0.000000 0.000000 0.000000 0.000000 1.000000
0.996849 0.072729 0.031675 -0.013700 0.002597 0.369169 -0.929359 3.491900 -0.079285 0.926512 0.367816 0.000000 0.000000 0.000000 0.000000 1.000000
0.996709 0.075285 0.030050 -0.013700 0.002415 0.342959 -0.939347 3.491900 -0.081024 0.936329 0.341648 -0.000000 0.000000 0.000000 0.000000 1.000000
0.996602 0.077315 0.028410 -0.013700 0.002009 0.321995 -0.946739 3.491900 -0.082345 0.943579 0.320746 0.000000 0.000000 0.000000 0.000000 1.000000
0.996521 0.078857 0.026980 -0.013700 0.001589 0.305685 -0.952131 3.491900 -0.083330 0.948861 0.304496 0.000000 0.000000 0.000000 0.000000 1.000000
0.996461 0.079961 0.025937 -0.013700 0.001368 0.293083 -0.956086 3.491900 -0.084051 0.952737 0.291936 -0.000000 0.000000 0.000000 0.000000 1.000000
0.996439 0.080356 0.025527 -0.013700 0.001310 0.287969 -0.957639 3.491900 -0.084303 0.954262 0.286838 0.000000 0.000000 0.000000 0.000000 1.000000</float_array>
        <technique_common>
          <accessor source="#mixamorig8_RightHandMiddle2-Matrix-animation-output-transform-array" count="32" stride="16">
            <param type="float4x4"/>
          </accessor>
        </technique_common>
      </source>
      <source id="mixamorig8_RightHandMiddle2-Interpolations">
        <Name_array id="mixamorig8_RightHandMiddle2-Interpolations-array" count="32">
 LINEAR LINEAR LINEAR LINEAR LINEAR LINEAR LINEAR LINEAR LINEAR LINEAR LINEAR
LINEAR LINEAR LINEAR LINEAR LINEAR LINEAR LINEAR LINEAR LINEAR LINEAR LINEAR LINEAR
LINEAR LINEAR LINEAR LINEAR LINEAR LINEAR LINEAR LINEAR LINEAR</Name_array>
        <technique_common>
          <accessor source="#mixamorig8_RightHandMiddle2-Interpolations-array" count="32">
            <param type="name"/>
          </accessor>
        </technique_common>
      </source>
      <sampler id="mixamorig8_RightHandMiddle2-Matrix-animation-transform">
        <input semantic="INPUT" source="#mixamorig8_RightHandMiddle2-Matrix-animation-input"/>
        <input semantic="OUTPUT" source="#mixamorig8_RightHandMiddle2-Matrix-animation-output-transform"/>
        <input semantic="INTERPOLATION" source="#mixamorig8_RightHandMiddle2-Interpolations"/>
      </sampler>
      <channel source="#mixamorig8_RightHandMiddle2-Matrix-animation-transform" target="mixamorig8_RightHandMiddle2/matrix"/>
    </animation>
    <animation id="mixamorig8_RightHandMiddle3-anim" name="mixamorig8_RightHandMiddle3">
      <source id="mixamorig8_RightHandMiddle3-Matrix-animation-input">
        <float_array id="mixamorig8_RightHandMiddle3-Matrix-animation-input-array" count="32">

0.000000 0.033333 0.066667 0.100000 0.133333 0.166667 0.200000 0.233333 0.266667 0.300000 0.333333 0.366667 0.400000 0.433333 0.466667 0.500000
0.533333 0.566667 0.600000 0.633333 0.666667 0.700000 0.733333 0.766667 0.800000 0.833333 0.866667 0.900000 0.933333 0.966667 1.000000 1.033333</float_array>
        <technique_common>
          <accessor source="#mixamorig8_RightHandMiddle3-Matrix-animation-input-array" count="32">
            <param name="TIME" type="float"/>
          </accessor>
        </technique_common>
      </source>
      <source id="mixamorig8_RightHandMiddle3-Matrix-animation-output-transform">
        <float_array id="mixamorig8_RightHandMiddle3-Matrix-animation-output-transform-array" count="512">

0.999989 0.004654 -0.000180 0.014700 -0.004654 0.999989 0.000001 3.416700 0.000180 0.000000 1.000000 0.000000 0.000000 0.000000 0.000000 1.000000
0.999989 0.004654 -0.000180 0.014700 -0.004654 0.999989 0.000001 3.416700 0.000180 0.000000 1.000000 0.000000 0.000000 0.000000 0.000000 1.000000
0.999989 0.004654 -0.000180 0.014700 -0.004654 0.999989 0.000001 3.416700 0.000180 -0.000000 1.000000 0.000000 0.000000 0.000000 0.000000 1.000000
0.999989 0.004654 -0.000180 0.014700 -0.004654 0.999989 0.000001 3.416700 0.000180 -0.000000 1.000000 -0.000000 0.000000 0.000000 0.000000 1.000000
0.999989 0.004654 -0.000180 0.014700 -0.004654 0.999989 0.000001 3.416700 0.000180 -0.000000 1.000000 0.000000 0.000000 0.000000 0.000000 1.000000
0.999989 0.004654 -0.000180 0.014700 -0.004654 0.999989 0.000001 3.416700 0.000180 0.000000 1.000000 0.000000 0.000000 0.000000 0.000000 1.000000
0.999989 0.004654 -0.000180 0.014700 -0.004654 0.999989 0.000001 3.416700 0.000180 0.000000 1.000000 0.000000 0.000000 0.000000 0.000000 1.000000
0.999989 0.004654 -0.000180 0.014700 -0.004654 0.999989 0.000001 3.416700 0.000180 0.000000 1.000000 0.000000 0.000000 0.000000 0.000000 1.000000
0.999989 0.004654 -0.000180 0.014700 -0.004654 0.999989 0.000001 3.416700 0.000180 0.000000 1.000000 -0.000000 0.000000 0.000000 0.000000 1.000000
0.999989 0.004654 -0.000180 0.014700 -0.004654 0.999989 0.000001 3.416700 0.000180 -0.000000 1.000000 -0.000000 0.000000 0.000000 0.000000 1.000000
0.999989 0.004654 -0.000180 0.014700 -0.004654 0.999989 0.000001 3.416700 0.000180 0.000000 1.000000 -0.000000 0.000000 0.000000 0.000000 1.000000
0.999989 0.004654 -0.000180 0.014700 -0.004654 0.999989 0.000001 3.416700 0.000180 0.000000 1.000000 0.000000 0.000000 0.000000 0.000000 1.000000
0.999989 0.004654 -0.000180 0.014700 -0.004654 0.999989 0.000001 3.416700 0.000180 0.000000 1.000000 0.000000 0.000000 0.000000 0.000000 1.000000
0.999989 0.004654 -0.000180 0.014700 -0.004654 0.999989 0.000001 3.416700 0.000180 -0.000000 1.000000 0.000000 0.000000 0.000000 0.000000 1.000000
0.999989 0.004654 -0.000180 0.014700 -0.004654 0.999989 0.000001 3.416700 0.000180 0.000000 1.000000 0.000000 0.000000 0.000000 0.000000 1.000000
0.999989 0.004654 -0.000180 0.014700 -0.004654 0.999989 0.000001 3.416700 0.000180 0.000000 1.000000 0.000000 0.000000 0.000000 0.000000 1.000000
0.999989 0.004654 -0.000180 0.014700 -0.004654 0.999989 0.000001 3.416700 0.000180 0.000000 1.000000 0.000000 0.000000 0.000000 0.000000 1.000000
0.999989 0.004654 -0.000180 0.014700 -0.004654 0.999989 0.000001 3.416700 0.000180 0.000000 1.000000 0.000000 0.000000 0.000000 0.000000 1.000000
0.999989 0.004654 -0.000180 0.014700 -0.004654 0.999989 0.000001 3.416700 0.000180 0.000000 1.000000 0.000000 0.000000 0.000000 0.000000 1.000000
0.999989 0.004654 -0.000180 0.014700 -0.004654 0.999989 0.000001 3.416700 0.000180 0.000000 1.000000 0.000000 0.000000 0.000000 0.000000 1.000000
0.999989 0.004654 -0.000180 0.014700 -0.004654 0.999989 0.000001 3.416700 0.000180 0.000000 1.000000 0.000000 0.000000 0.000000 0.000000 1.000000
0.999989 0.004654 -0.000180 0.014700 -0.004654 0.999989 0.000001 3.416700 0.000180 0.000000 1.000000 0.000000 0.000000 0.000000 0.000000 1.000000
0.999989 0.004654 -0.000180 0.014700 -0.004654 0.999989 0.000001 3.416700 0.000180 0.000000 1.000000 0.000000 0.000000 0.000000 0.000000 1.000000
0.999989 0.004654 -0.000180 0.014700 -0.004654 0.999989 0.000001 3.416700 0.000180 0.000000 1.000000 0.000000 0.000000 0.000000 0.000000 1.000000
0.999989 0.004654 -0.000180 0.014700 -0.004654 0.999989 0.000001 3.416700 0.000180 0.000000 1.000000 -0.000000 0.000000 0.000000 0.000000 1.000000
0.999989 0.004654 -0.000180 0.014700 -0.004654 0.999989 0.000001 3.416700 0.000180 0.000000 1.000000 -0.000000 0.000000 0.000000 0.000000 1.000000
0.999989 0.004654 -0.000180 0.014700 -0.004654 0.999989 0.000001 3.416700 0.000180 -0.000000 1.000000 0.000000 0.000000 0.000000 0.000000 1.000000
0.999989 0.004654 -0.000180 0.014700 -0.004654 0.999989 0.000001 3.416700 0.000180 0.000000 1.000000 0.000000 0.000000 0.000000 0.000000 1.000000
0.999989 0.004654 -0.000180 0.014700 -0.004654 0.999989 0.000001 3.416700 0.000180 -0.000000 1.000000 0.000000 0.000000 0.000000 0.000000 1.000000
0.999989 0.004654 -0.000180 0.014700 -0.004654 0.999989 0.000001 3.416700 0.000180 0.000000 1.000000 0.000000 0.000000 0.000000 0.000000 1.000000
0.999989 0.004654 -0.000180 0.014700 -0.004654 0.999989 0.000001 3.416700 0.000180 0.000000 1.000000 0.000000 0.000000 0.000000 0.000000 1.000000
0.999989 0.004654 -0.000180 0.014700 -0.004654 0.999989 0.000001 3.416700 0.000180 0.000000 1.000000 0.000000 0.000000 0.000000 0.000000 1.000000</float_array>
        <technique_common>
          <accessor source="#mixamorig8_RightHandMiddle3-Matrix-animation-output-transform-array" count="32" stride="16">
            <param type="float4x4"/>
          </accessor>
        </technique_common>
      </source>
      <source id="mixamorig8_RightHandMiddle3-Interpolations">
        <Name_array id="mixamorig8_RightHandMiddle3-Interpolations-array" count="32">
 LINEAR LINEAR LINEAR LINEAR LINEAR LINEAR LINEAR LINEAR LINEAR LINEAR LINEAR
LINEAR LINEAR LINEAR LINEAR LINEAR LINEAR LINEAR LINEAR LINEAR LINEAR LINEAR LINEAR
LINEAR LINEAR LINEAR LINEAR LINEAR LINEAR LINEAR LINEAR LINEAR</Name_array>
        <technique_common>
          <accessor source="#mixamorig8_RightHandMiddle3-Interpolations-array" count="32">
            <param type="name"/>
          </accessor>
        </technique_common>
      </source>
      <sampler id="mixamorig8_RightHandMiddle3-Matrix-animation-transform">
        <input semantic="INPUT" source="#mixamorig8_RightHandMiddle3-Matrix-animation-input"/>
        <input semantic="OUTPUT" source="#mixamorig8_RightHandMiddle3-Matrix-animation-output-transform"/>
        <input semantic="INTERPOLATION" source="#mixamorig8_RightHandMiddle3-Interpolations"/>
      </sampler>
      <channel source="#mixamorig8_RightHandMiddle3-Matrix-animation-transform" target="mixamorig8_RightHandMiddle3/matrix"/>
    </animation>
    <animation id="mixamorig8_RightHandRing1-anim" name="mixamorig8_RightHandRing1">
      <source id="mixamorig8_RightHandRing1-Matrix-animation-input">
        <float_array id="mixamorig8_RightHandRing1-Matrix-animation-input-array" count="32">

0.000000 0.033333 0.066667 0.100000 0.133333 0.166667 0.200000 0.233333 0.266667 0.300000 0.333333 0.366667 0.400000 0.433333 0.466667 0.500000
0.533333 0.566667 0.600000 0.633333 0.666667 0.700000 0.733333 0.766667 0.800000 0.833333 0.866667 0.900000 0.933333 0.966667 1.000000 1.033333</float_array>
        <technique_common>
          <accessor source="#mixamorig8_RightHandRing1-Matrix-animation-input-array" count="32">
            <param name="TIME" type="float"/>
          </accessor>
        </technique_common>
      </source>
      <source id="mixamorig8_RightHandRing1-Matrix-animation-output-transform">
        <float_array id="mixamorig8_RightHandRing1-Matrix-animation-output-transform-array" count="512">

0.990672 0.125074 -0.054087 -1.165600 -0.124763 0.672904 -0.729132 10.200700 -0.054800 0.729079 0.682232 -0.240600 0.000000 0.000000 0.000000 1.000000
0.990359 0.126222 -0.057071 -1.165600 -0.126511 0.656315 -0.743805 10.200700 -0.056428 0.743854 0.665955 -0.240600 0.000000 0.000000 0.000000 1.000000
0.990114 0.126788 -0.060000 -1.165600 -0.127940 0.640952 -0.756843 10.200700 -0.057502 0.757037 0.650837 -0.240600 0.000000 0.000000 0.000000 1.000000
0.989899 0.127050 -0.062923 -1.165600 -0.129137 0.624789 -0.770041 10.200700 -0.058520 0.770388 0.634884 -0.240600 0.000000 0.000000 0.000000 1.000000
0.989616 0.127615 -0.066135 -1.165600 -0.130632 0.606613 -0.784191 10.200700 -0.059956 0.784688 0.616985 -0.240600 0.000000 0.000000 0.000000 1.000000
0.989416 0.127680 -0.068945 -1.165600 -0.131457 0.587540 -0.798446 10.200700 -0.061437 0.799059 0.598106 -0.240600 0.000000 0.000000 0.000000 1.000000
0.989167 0.128075 -0.071736 -1.165600 -0.132728 0.571542 -0.809768 10.200700 -0.062711 0.810516 0.582349 -0.240600 0.000000 0.000000 0.000000 1.000000
0.988972 0.128278 -0.074014 -1.165600 -0.133979 0.561964 -0.816239 10.200700 -0.063112 0.817154 0.572954 -0.240600 0.000000 0.000000 0.000000 1.000000
0.989197 0.126161 -0.074650 -1.165600 -0.132935 0.557378 -0.819548 10.200700 -0.061786 0.820618 0.568127 -0.240600 0.000000 0.000000 0.000000 1.000000
0.989395 0.124316 -0.075119 -1.165600 -0.131776 0.550730 -0.824216 10.200700 -0.061093 0.825374 0.561271 -0.240600 0.000000 0.000000 0.000000 1.000000
0.989504 0.123200 -0.075516 -1.165600 -0.131084 0.545379 -0.827876 10.200700 -0.060810 0.829086 0.555805 -0.240600 0.000000 0.000000 0.000000 1.000000
0.989764 0.121340 -0.075131 -1.165600 -0.129658 0.544517 -0.828667 10.200700 -0.059641 0.829926 0.554676 -0.240600 0.000000 0.000000 0.000000 1.000000
0.989753 0.121140 -0.075590 -1.165600 -0.129584 0.539690 -0.831831 10.200700 -0.059973 0.833102 0.549858 -0.240600 0.000000 0.000000 0.000000 1.000000
0.989561 0.122116 -0.076528 -1.165600 -0.130491 0.533880 -0.835430 10.200700 -0.061163 0.836695 0.544242 -0.240600 0.000000 0.000000 0.000000 1.000000
0.989388 0.123226 -0.076985 -1.165600 -0.131335 0.531836 -0.836601 10.200700 -0.062148 0.837834 0.542376 -0.240600 0.000000 0.000000 0.000000 1.000000
0.989151 0.124968 -0.077220 -1.165600 -0.132525 0.532327 -0.836101 10.200700 -0.063380 0.837264 0.543113 -0.240600 0.000000 0.000000 0.000000 1.000000
0.989104 0.125958 -0.076208 -1.165600 -0.132688 0.538504 -0.832110 10.200700 -0.063773 0.833156 0.549349 -0.240600 0.000000 0.000000 0.000000 1.000000
0.989277 0.126110 -0.073673 -1.165600 -0.131802 0.553519 -0.822341 10.200700 -0.062926 0.823233 0.564205 -0.240600 0.000000 0.000000 0.000000 1.000000
0.993428 0.101006 -0.053845 -1.165600 -0.103378 0.589810 -0.800898 10.200700 -0.049137 0.801200 0.596376 -0.240600 0.000000 0.000000 0.000000 1.000000
0.997369 0.067176 -0.027259 -1.165600 -0.063797 0.634684 -0.770134 10.200700 -0.034434 0.769846 0.637300 -0.240600 0.000000 0.000000 0.000000 1.000000
0.996727 0.076390 -0.026447 -1.165600 -0.071231 0.675241 -0.734149 10.200700 -0.038224 0.733631 0.678473 -0.240600 0.000000 0.000000 0.000000 1.000000
0.994201 0.101537 -0.035415 -1.165600 -0.097409 0.710814 -0.696602 10.200700 -0.045557 0.696013 0.716583 -0.240600 0.000000 0.000000 0.000000 1.000000
0.991703 0.121249 -0.042714 -1.165600 -0.118567 0.734307 -0.668383 10.200700 -0.049676 0.667902 0.742590 -0.240600 0.000000 0.000000 0.000000 1.000000
0.991549 0.122745 -0.042010 -1.165600 -0.120081 0.745737 -0.655330 10.200700 -0.049110 0.654836 0.754174 -0.240600 0.000000 0.000000 0.000000 1.000000
0.991817 0.120857 -0.041144 -1.165600 -0.118396 0.750133 -0.650602 10.200700 -0.047767 0.650149 0.758304 -0.240600 0.000000 0.000000 0.000000 1.000000
0.991691 0.121515 -0.042225 -1.165600 -0.119133 0.743647 -0.657873 10.200700 -0.048541 0.657437 0.751944 -0.240600 0.000000 0.000000 0.000000 1.000000
0.991448 0.122727 -0.044385 -1.165600 -0.120456 0.729675 -0.673100 10.200700 -0.050221 0.672690 0.738218 -0.240600 0.000000 0.000000 0.000000 1.000000
0.991467 0.121832 -0.046378 -1.165600 -0.120111 0.715457 -0.688255 10.200700 -0.050670 0.687952 0.723985 -0.240600 0.000000 0.000000 0.000000 1.000000
0.991363 0.121770 -0.048698 -1.165600 -0.120725 0.702281 -0.701589 10.200700 -0.051233 0.701409 0.710916 -0.240600 0.000000 0.000000 0.000000 1.000000
0.991135 0.122632 -0.051122 -1.165600 -0.121999 0.687668 -0.715702 10.200700 -0.052613 0.715594 0.696533 -0.240600 0.000000 0.000000 0.000000 1.000000
0.990952 0.123369 -0.052858 -1.165600 -0.123134 0.678957 -0.723779 10.200700 -0.053403 0.723739 0.688005 -0.240600 0.000000 0.000000 0.000000 1.000000
0.990672 0.125074 -0.054087 -1.165600 -0.124764 0.672904 -0.729133 10.200700 -0.054800 0.729079 0.682232 -0.240600 0.000000 0.000000 0.000000 1.000000</float_array>
        <technique_common>
          <accessor source="#mixamorig8_RightHandRing1-Matrix-animation-output-transform-array" count="32" stride="16">
            <param type="float4x4"/>
          </accessor>
        </technique_common>
      </source>
      <source id="mixamorig8_RightHandRing1-Interpolations">
        <Name_array id="mixamorig8_RightHandRing1-Interpolations-array" count="32">
 LINEAR LINEAR LINEAR LINEAR LINEAR LINEAR LINEAR LINEAR LINEAR LINEAR LINEAR
LINEAR LINEAR LINEAR LINEAR LINEAR LINEAR LINEAR LINEAR LINEAR LINEAR LINEAR LINEAR
LINEAR LINEAR LINEAR LINEAR LINEAR LINEAR LINEAR LINEAR LINEAR</Name_array>
        <technique_common>
          <accessor source="#mixamorig8_RightHandRing1-Interpolations-array" count="32">
            <param type="name"/>
          </accessor>
        </technique_common>
      </source>
      <sampler id="mixamorig8_RightHandRing1-Matrix-animation-transform">
        <input semantic="INPUT" source="#mixamorig8_RightHandRing1-Matrix-animation-input"/>
        <input semantic="OUTPUT" source="#mixamorig8_RightHandRing1-Matrix-animation-output-transform"/>
        <input semantic="INTERPOLATION" source="#mixamorig8_RightHandRing1-Interpolations"/>
      </sampler>
      <channel source="#mixamorig8_RightHandRing1-Matrix-animation-transform" target="mixamorig8_RightHandRing1/matrix"/>
    </animation>
    <animation id="mixamorig8_RightHandRing2-anim" name="mixamorig8_RightHandRing2">
      <source id="mixamorig8_RightHandRing2-Matrix-animation-input">
        <float_array id="mixamorig8_RightHandRing2-Matrix-animation-input-array" count="32">

0.000000 0.033333 0.066667 0.100000 0.133333 0.166667 0.200000 0.233333 0.266667 0.300000 0.333333 0.366667 0.400000 0.433333 0.466667 0.500000
0.533333 0.566667 0.600000 0.633333 0.666667 0.700000 0.733333 0.766667 0.800000 0.833333 0.866667 0.900000 0.933333 0.966667 1.000000 1.033333</float_array>
        <technique_common>
          <accessor source="#mixamorig8_RightHandRing2-Matrix-animation-input-array" count="32">
            <param name="TIME" type="float"/>
          </accessor>
        </technique_common>
      </source>
      <source id="mixamorig8_RightHandRing2-Matrix-animation-output-transform">
        <float_array id="mixamorig8_RightHandRing2-Matrix-animation-output-transform-array" count="512">

0.997496 0.023878 -0.066565 0.003500 -0.069549 0.160764 -0.984539 2.807300 -0.012807 0.986704 0.162022 -0.000000 0.000000 0.000000 0.000000 1.000000
0.997462 0.023430 -0.067228 0.003500 -0.069856 0.139877 -0.987702 2.807300 -0.013738 0.989892 0.141158 0.000000 0.000000 0.000000 0.000000 1.000000
0.997430 0.022954 -0.067871 0.003500 -0.070136 0.119257 -0.990383 2.807300 -0.014639 0.992598 0.120561 0.000000 0.000000 0.000000 0.000000 1.000000
0.997413 0.022409 -0.068299 0.003500 -0.070205 0.099691 -0.992539 2.807300 -0.015433 0.994766 0.101006 -0.000000 0.000000 0.000000 0.000000 1.000000
0.997393 0.021831 -0.068784 0.003500 -0.070295 0.078310 -0.994448 2.807300 -0.016323 0.996690 0.079640 0.000000 0.000000 0.000000 0.000000 1.000000
0.997364 0.021209 -0.069392 0.003500 -0.070445 0.053754 -0.996066 2.807300 -0.017395 0.998329 0.055106 0.000000 0.000000 0.000000 0.000000 1.000000
0.997342 0.020641 -0.069880 0.003500 -0.070532 0.032745 -0.996972 2.807300 -0.018290 0.999251 0.034114 0.000000 0.000000 0.000000 0.000000 1.000000
0.997342 0.020216 -0.070001 0.003500 -0.070424 0.021010 -0.997296 2.807300 -0.018691 0.999575 0.022378 -0.000000 0.000000 0.000000 0.000000 1.000000
0.997346 0.019857 -0.070043 0.003500 -0.070285 0.011766 -0.997458 2.807300 -0.018983 0.999734 0.013130 0.000000 0.000000 0.000000 0.000000 1.000000
0.997332 0.019446 -0.070355 0.003500 -0.070301 -0.003450 -0.997520 2.807300 -0.019640 0.999805 -0.002073 0.000000 0.000000 0.000000 0.000000 1.000000
0.997323 0.019158 -0.070572 0.003500 -0.070305 -0.014277 -0.997423 2.807300 -0.020116 0.999715 -0.012892 0.000000 0.000000 0.000000 0.000000 1.000000
0.997322 0.019063 -0.070606 0.003500 -0.070292 -0.016661 -0.997387 2.807300 -0.020189 0.999679 -0.015277 -0.000000 0.000000 0.000000 0.000000 1.000000
0.997317 0.018978 -0.070706 0.003500 -0.070283 -0.022073 -0.997283 2.807300 -0.020487 0.999576 -0.020680 0.000000 0.000000 0.000000 0.000000 1.000000
0.997312 0.018911 -0.070793 0.003500 -0.070285 -0.026302 -0.997180 2.807300 -0.020719 0.999475 -0.024902 0.000000 0.000000 0.000000 0.000000 1.000000
0.997314 0.018922 -0.070763 0.003500 -0.070301 -0.024057 -0.997236 2.807300 -0.020572 0.999531 -0.022662 0.000000 0.000000 0.000000 0.000000 1.000000
0.997323 0.019053 -0.070592 0.003500 -0.070317 -0.014759 -0.997416 2.807300 -0.020046 0.999710 -0.013380 0.000000 0.000000 0.000000 0.000000 1.000000
0.997338 0.019432 -0.070285 0.003500 -0.070284 -0.000702 -0.997527 2.807300 -0.019433 0.999811 0.000666 0.000000 0.000000 0.000000 0.000000 1.000000
0.997368 0.020378 -0.069579 0.003500 -0.070106 0.026399 -0.997190 2.807300 -0.018484 0.999444 0.027758 0.000000 0.000000 0.000000 0.000000 1.000000
0.997422 0.021962 -0.068318 0.003500 -0.069730 0.071705 -0.994985 2.807300 -0.016953 0.997184 0.073052 -0.000000 0.000000 0.000000 0.000000 1.000000
0.997483 0.023535 -0.066893 0.003500 -0.069328 0.125348 -0.989688 2.807300 -0.014908 0.991834 0.126664 0.000000 0.000000 0.000000 0.000000 1.000000
0.997549 0.024945 -0.065368 0.003500 -0.068826 0.181897 -0.980906 2.807300 -0.012578 0.983001 0.183168 0.000000 0.000000 0.000000 0.000000 1.000000
0.997615 0.026151 -0.063871 0.003500 -0.068237 0.234924 -0.969616 2.807300 -0.010351 0.971662 0.236148 0.000000 0.000000 0.000000 0.000000 1.000000
0.997661 0.026998 -0.062792 0.003500 -0.067787 0.273092 -0.959597 2.807300 -0.008759 0.961609 0.274284 -0.000000 0.000000 0.000000 0.000000 1.000000
0.997677 0.027358 -0.062380 0.003500 -0.067632 0.288905 -0.954966 2.807300 -0.008104 0.956967 0.290084 0.000000 0.000000 0.000000 0.000000 1.000000
0.997674 0.027286 -0.062467 0.003500 -0.067679 0.287145 -0.955493 2.807300 -0.008134 0.957498 0.288324 0.000000 0.000000 0.000000 0.000000 1.000000
0.997658 0.026940 -0.062872 0.003500 -0.067876 0.276320 -0.958666 2.807300 -0.008454 0.960688 0.277502 0.000000 0.000000 0.000000 0.000000 1.000000
0.997617 0.026059 -0.063880 0.003500 -0.068375 0.250064 -0.965812 2.807300 -0.009194 0.967879 0.251250 0.000000 0.000000 0.000000 0.000000 1.000000
0.997577 0.025128 -0.064878 0.003500 -0.068840 0.221419 -0.972746 2.807300 -0.010078 0.974855 0.222612 0.000000 0.000000 0.000000 0.000000 1.000000
0.997552 0.024602 -0.065457 0.003500 -0.069069 0.200403 -0.977276 2.807300 -0.010925 0.979405 0.201611 0.000000 0.000000 0.000000 0.000000 1.000000
0.997526 0.024187 -0.066009 0.003500 -0.069320 0.182040 -0.980845 2.807300 -0.011708 0.982994 0.183266 -0.000000 0.000000 0.000000 0.000000 1.000000
0.997505 0.023996 -0.066388 0.003500 -0.069506 0.169606 -0.983058 2.807300 -0.012330 0.985220 0.170851 -0.000000 0.000000 0.000000 0.000000 1.000000
0.997491 0.023966 -0.066607 0.003500 -0.069604 0.160761 -0.984536 2.807300 -0.012887 0.986702 0.162026 0.000000 0.000000 0.000000 0.000000 1.000000</float_array>
        <technique_common>
          <accessor source="#mixamorig8_RightHandRing2-Matrix-animation-output-transform-array" count="32" stride="16">
            <param type="float4x4"/>
          </accessor>
        </technique_common>
      </source>
      <source id="mixamorig8_RightHandRing2-Interpolations">
        <Name_array id="mixamorig8_RightHandRing2-Interpolations-array" count="32">
 LINEAR LINEAR LINEAR LINEAR LINEAR LINEAR LINEAR LINEAR LINEAR LINEAR LINEAR
LINEAR LINEAR LINEAR LINEAR LINEAR LINEAR LINEAR LINEAR LINEAR LINEAR LINEAR LINEAR
LINEAR LINEAR LINEAR LINEAR LINEAR LINEAR LINEAR LINEAR LINEAR</Name_array>
        <technique_common>
          <accessor source="#mixamorig8_RightHandRing2-Interpolations-array" count="32">
            <param type="name"/>
          </accessor>
        </technique_common>
      </source>
      <sampler id="mixamorig8_RightHandRing2-Matrix-animation-transform">
        <input semantic="INPUT" source="#mixamorig8_RightHandRing2-Matrix-animation-input"/>
        <input semantic="OUTPUT" source="#mixamorig8_RightHandRing2-Matrix-animation-output-transform"/>
        <input semantic="INTERPOLATION" source="#mixamorig8_RightHandRing2-Interpolations"/>
      </sampler>
      <channel source="#mixamorig8_RightHandRing2-Matrix-animation-transform" target="mixamorig8_RightHandRing2/matrix"/>
    </animation>
    <animation id="mixamorig8_RightHandRing3-anim" name="mixamorig8_RightHandRing3">
      <source id="mixamorig8_RightHandRing3-Matrix-animation-input">
        <float_array id="mixamorig8_RightHandRing3-Matrix-animation-input-array" count="32">

0.000000 0.033333 0.066667 0.100000 0.133333 0.166667 0.200000 0.233333 0.266667 0.300000 0.333333 0.366667 0.400000 0.433333 0.466667 0.500000
0.533333 0.566667 0.600000 0.633333 0.666667 0.700000 0.733333 0.766667 0.800000 0.833333 0.866667 0.900000 0.933333 0.966667 1.000000 1.033333</float_array>
        <technique_common>
          <accessor source="#mixamorig8_RightHandRing3-Matrix-animation-input-array" count="32">
            <param name="TIME" type="float"/>
          </accessor>
        </technique_common>
      </source>
      <source id="mixamorig8_RightHandRing3-Matrix-animation-output-transform">
        <float_array id="mixamorig8_RightHandRing3-Matrix-animation-output-transform-array" count="512">

0.999996 0.002783 0.000071 0.001400 -0.002783 0.999996 -0.000000 2.701000 -0.000071 0.000000 1.000000 0.000000 0.000000 0.000000 0.000000 1.000000
0.999996 0.002783 0.000071 0.001400 -0.002783 0.999996 -0.000000 2.701000 -0.000071 -0.000000 1.000000 0.000000 0.000000 0.000000 0.000000 1.000000
0.999996 0.002783 0.000071 0.001400 -0.002783 0.999996 0.000000 2.701000 -0.000071 -0.000000 1.000000 0.000000 0.000000 0.000000 0.000000 1.000000
0.999996 0.002783 0.000071 0.001400 -0.002783 0.999996 -0.000000 2.701000 -0.000071 -0.000000 1.000000 -0.000000 0.000000 0.000000 0.000000 1.000000
0.999996 0.002783 0.000071 0.001400 -0.002783 0.999996 0.000000 2.701000 -0.000071 -0.000000 1.000000 0.000000 0.000000 0.000000 0.000000 1.000000
0.999996 0.002783 0.000071 0.001400 -0.002783 0.999996 -0.000000 2.701000 -0.000071 -0.000000 1.000000 0.000000 0.000000 0.000000 0.000000 1.000000
0.999996 0.002782 0.000071 0.001400 -0.002782 0.999996 -0.000000 2.701000 -0.000071 -0.000000 1.000000 -0.000000 0.000000 0.000000 0.000000 1.000000
0.999996 0.002782 0.000071 0.001400 -0.002782 0.999996 -0.000000 2.701000 -0.000071 -0.000000 1.000000 0.000000 0.000000 0.000000 0.000000 1.000000
0.999996 0.002782 0.000071 0.001400 -0.002782 0.999996 -0.000000 2.701000 -0.000071 -0.000000 1.000000 0.000000 0.000000 0.000000 0.000000 1.000000
0.999996 0.002782 0.000071 0.001400 -0.002782 0.999996 -0.000000 2.701000 -0.000071 -0.000000 1.000000 0.000000 0.000000 0.000000 0.000000 1.000000
0.999996 0.002783 0.000071 0.001400 -0.002783 0.999996 -0.000000 2.701000 -0.000071 -0.000000 1.000000 0.000000 0.000000 0.000000 0.000000 1.000000
0.999996 0.002783 0.000071 0.001400 -0.002783 0.999996 0.000000 2.701000 -0.000071 -0.000000 1.000000 0.000000 0.000000 0.000000 0.000000 1.000000
0.999996 0.002783 0.000071 0.001400 -0.002783 0.999996 -0.000000 2.701000 -0.000071 -0.000000 1.000000 0.000000 0.000000 0.000000 0.000000 1.000000
0.999996 0.002783 0.000071 0.001400 -0.002783 0.999996 -0.000000 2.701000 -0.000071 -0.000000 1.000000 0.000000 0.000000 0.000000 0.000000 1.000000
0.999996 0.002783 0.000071 0.001400 -0.002783 0.999996 -0.000000 2.701000 -0.000071 -0.000000 1.000000 -0.000000 0.000000 0.000000 0.000000 1.000000
0.999996 0.002783 0.000071 0.001400 -0.002783 0.999996 -0.000000 2.701000 -0.000071 -0.000000 1.000000 0.000000 0.000000 0.000000 0.000000 1.000000
0.999996 0.002782 0.000071 0.001400 -0.002782 0.999996 -0.000000 2.701000 -0.000071 -0.000000 1.000000 0.000000 0.000000 0.000000 0.000000 1.000000
0.999996 0.002782 0.000071 0.001400 -0.002782 0.999996 -0.000000 2.701000 -0.000071 0.000000 1.000000 -0.000000 0.000000 0.000000 0.000000 1.000000
0.999996 0.002782 0.000071 0.001400 -0.002782 0.999996 0.000000 2.701000 -0.000071 -0.000000 1.000000 0.000000 0.000000 0.000000 0.000000 1.000000
0.999996 0.002783 0.000071 0.001400 -0.002783 0.999996 -0.000000 2.701000 -0.000071 -0.000000 1.000000 -0.000000 0.000000 0.000000 0.000000 1.000000
0.999996 0.002783 0.000071 0.001400 -0.002783 0.999996 0.000000 2.701000 -0.000071 -0.000000 1.000000 0.000000 0.000000 0.000000 0.000000 1.000000
0.999996 0.002783 0.000071 0.001400 -0.002783 0.999996 -0.000000 2.701000 -0.000071 -0.000000 1.000000 0.000000 0.000000 0.000000 0.000000 1.000000
0.999996 0.002782 0.000071 0.001400 -0.002782 0.999996 -0.000000 2.701000 -0.000071 -0.000000 1.000000 0.000000 0.000000 0.000000 0.000000 1.000000
0.999996 0.002782 0.000071 0.001400 -0.002782 0.999996 0.000000 2.701000 -0.000071 -0.000000 1.000000 0.000000 0.000000 0.000000 0.000000 1.000000
0.999996 0.002782 0.000071 0.001400 -0.002782 0.999996 -0.000000 2.701000 -0.000071 -0.000000 1.000000 0.000000 0.000000 0.000000 0.000000 1.000000
0.999996 0.002783 0.000071 0.001400 -0.002783 0.999996 0.000000 2.701000 -0.000071 -0.000000 1.000000 0.000000 0.000000 0.000000 0.000000 1.000000
0.999996 0.002782 0.000071 0.001400 -0.002782 0.999996 -0.000000 2.701000 -0.000071 -0.000000 1.000000 -0.000000 0.000000 0.000000 0.000000 1.000000
0.999996 0.002783 0.000071 0.001400 -0.002783 0.999996 0.000000 2.701000 -0.000071 -0.000000 1.000000 -0.000000 0.000000 0.000000 0.000000 1.000000
0.999996 0.002783 0.000071 0.001400 -0.002783 0.999996 -0.000000 2.701000 -0.000071 -0.000000 1.000000 0.000000 0.000000 0.000000 0.000000 1.000000
0.999996 0.002783 0.000071 0.001400 -0.002783 0.999996 -0.000000 2.701000 -0.000071 -0.000000 1.000000 -0.000000 0.000000 0.000000 0.000000 1.000000
0.999996 0.002782 0.000071 0.001400 -0.002782 0.999996 0.000000 2.701000 -0.000071 -0.000000 1.000000 0.000000 0.000000 0.000000 0.000000 1.000000
0.999996 0.002783 0.000071 0.001400 -0.002783 0.999996 0.000000 2.701000 -0.000071 -0.000000 1.000000 -0.000000 0.000000 0.000000 0.000000 1.000000</float_array>
        <technique_common>
          <accessor source="#mixamorig8_RightHandRing3-Matrix-animation-output-transform-array" count="32" stride="16">
            <param type="float4x4"/>
          </accessor>
        </technique_common>
      </source>
      <source id="mixamorig8_RightHandRing3-Interpolations">
        <Name_array id="mixamorig8_RightHandRing3-Interpolations-array" count="32">
 LINEAR LINEAR LINEAR LINEAR LINEAR LINEAR LINEAR LINEAR LINEAR LINEAR LINEAR
LINEAR LINEAR LINEAR LINEAR LINEAR LINEAR LINEAR LINEAR LINEAR LINEAR LINEAR LINEAR
LINEAR LINEAR LINEAR LINEAR LINEAR LINEAR LINEAR LINEAR LINEAR</Name_array>
        <technique_common>
          <accessor source="#mixamorig8_RightHandRing3-Interpolations-array" count="32">
            <param type="name"/>
          </accessor>
        </technique_common>
      </source>
      <sampler id="mixamorig8_RightHandRing3-Matrix-animation-transform">
        <input semantic="INPUT" source="#mixamorig8_RightHandRing3-Matrix-animation-input"/>
        <input semantic="OUTPUT" source="#mixamorig8_RightHandRing3-Matrix-animation-output-transform"/>
        <input semantic="INTERPOLATION" source="#mixamorig8_RightHandRing3-Interpolations"/>
      </sampler>
      <channel source="#mixamorig8_RightHandRing3-Matrix-animation-transform" target="mixamorig8_RightHandRing3/matrix"/>
    </animation>
    <animation id="mixamorig8_RightHandPinky1-anim" name="mixamorig8_RightHandPinky1">
      <source id="mixamorig8_RightHandPinky1-Matrix-animation-input">
        <float_array id="mixamorig8_RightHandPinky1-Matrix-animation-input-array" count="32">

0.000000 0.033333 0.066667 0.100000 0.133333 0.166667 0.200000 0.233333 0.266667 0.300000 0.333333 0.366667 0.400000 0.433333 0.466667 0.500000
0.533333 0.566667 0.600000 0.633333 0.666667 0.700000 0.733333 0.766667 0.800000 0.833333 0.866667 0.900000 0.933333 0.966667 1.000000 1.033333</float_array>
        <technique_common>
          <accessor source="#mixamorig8_RightHandPinky1-Matrix-animation-input-array" count="32">
            <param name="TIME" type="float"/>
          </accessor>
        </technique_common>
      </source>
      <source id="mixamorig8_RightHandPinky1-Matrix-animation-output-transform">
        <float_array id="mixamorig8_RightHandPinky1-Matrix-animation-output-transform-array" count="512">

0.980627 0.173624 -0.090693 -3.474700 -0.188365 0.708777 -0.679819 9.201800 -0.053752 0.683732 0.727751 -0.082500 0.000000 0.000000 0.000000 1.000000
0.979954 0.175371 -0.094525 -3.474700 -0.191153 0.694003 -0.694133 9.201800 -0.056130 0.698287 0.713614 -0.082500 0.000000 0.000000 0.000000 1.000000
0.979619 0.175310 -0.098051 -3.474700 -0.192528 0.680301 -0.707194 9.201800 -0.057274 0.711658 0.700188 -0.082500 0.000000 0.000000 0.000000 1.000000
0.979095 0.176012 -0.101943 -3.474700 -0.194864 0.667983 -0.718211 9.201800 -0.058317 0.723062 0.688317 -0.082500 0.000000 0.000000 0.000000 1.000000
0.978356 0.177577 -0.106237 -3.474700 -0.198079 0.655124 -0.729094 9.201800 -0.059872 0.734356 0.676119 -0.082500 0.000000 0.000000 0.000000 1.000000
0.977509 0.179476 -0.110748 -3.474700 -0.201559 0.640539 -0.741002 9.201800 -0.062054 0.746658 0.662308 -0.082500 0.000000 0.000000 0.000000 1.000000
0.976773 0.180783 -0.115034 -3.474700 -0.204275 0.623499 -0.754666 9.201800 -0.064707 0.760636 0.645946 -0.082500 0.000000 0.000000 0.000000 1.000000
0.976440 0.180414 -0.118392 -3.474700 -0.205307 0.607761 -0.767121 9.201800 -0.066446 0.773354 0.630482 -0.082500 0.000000 0.000000 0.000000 1.000000
0.976716 0.177903 -0.119901 -3.474700 -0.204452 0.602530 -0.771464 9.201800 -0.065002 0.778016 0.624873 -0.082500 0.000000 0.000000 0.000000 1.000000
0.976790 0.176528 -0.121325 -3.474700 -0.204361 0.598313 -0.774763 9.201800 -0.064177 0.781575 0.620502 -0.082500 0.000000 0.000000 0.000000 1.000000
0.977050 0.174643 -0.121954 -3.474700 -0.203233 0.592848 -0.779248 9.201800 -0.063790 0.786150 0.614736 -0.082500 0.000000 0.000000 0.000000 1.000000
0.978042 0.169790 -0.120851 -3.474700 -0.199034 0.589025 -0.783221 9.201800 -0.061799 0.790077 0.609885 -0.082500 0.000000 0.000000 0.000000 1.000000
0.978568 0.166980 -0.120506 -3.474700 -0.196479 0.581941 -0.789139 9.201800 -0.061643 0.795903 0.602277 -0.082500 0.000000 0.000000 0.000000 1.000000
0.979086 0.164449 -0.119777 -3.474700 -0.193983 0.577134 -0.793277 9.201800 -0.061327 0.799921 0.596964 -0.082500 0.000000 0.000000 0.000000 1.000000
0.979482 0.162846 -0.118723 -3.474700 -0.192206 0.577744 -0.793264 9.201800 -0.060588 0.799808 0.597190 -0.082500 0.000000 0.000000 0.000000 1.000000
0.979386 0.163884 -0.118090 -3.474700 -0.192611 0.581518 -0.790404 9.201800 -0.060863 0.796856 0.601096 -0.082500 0.000000 0.000000 0.000000 1.000000
0.978878 0.167254 -0.117576 -3.474700 -0.194713 0.587355 -0.785558 9.201800 -0.062329 0.791859 0.607515 -0.082500 0.000000 0.000000 0.000000 1.000000
0.978968 0.168617 -0.114847 -3.474700 -0.194449 0.600850 -0.775351 9.201800 -0.061732 0.781376 0.621000 -0.082500 0.000000 0.000000 0.000000 1.000000
0.979923 0.167218 -0.108578 -3.474700 -0.191010 0.631274 -0.751670 9.201800 -0.057150 0.757319 0.650540 -0.082500 0.000000 0.000000 0.000000 1.000000
0.980721 0.167685 -0.100337 -3.474700 -0.188056 0.670339 -0.717831 9.201800 -0.053109 0.722861 0.688949 -0.082500 0.000000 0.000000 0.000000 1.000000
0.981274 0.169529 -0.091444 -3.474700 -0.185985 0.710379 -0.678801 9.201800 -0.050116 0.683097 0.728606 -0.082500 0.000000 0.000000 0.000000 1.000000
0.981910 0.170235 -0.082907 -3.474700 -0.183324 0.745112 -0.641249 9.201800 -0.047388 0.644847 0.762841 -0.082500 0.000000 0.000000 0.000000 1.000000
0.982537 0.169574 -0.076590 -3.474700 -0.180485 0.768496 -0.613872 9.201800 -0.045238 0.616975 0.785682 -0.082500 0.000000 0.000000 0.000000 1.000000
0.983243 0.166809 -0.073538 -3.474700 -0.176952 0.776310 -0.605004 9.201800 -0.043832 0.607879 0.792819 -0.082500 0.000000 0.000000 0.000000 1.000000
0.984135 0.162047 -0.072250 -3.474700 -0.172618 0.780355 -0.601040 9.201800 -0.041016 0.603975 0.795947 -0.082500 0.000000 0.000000 0.000000 1.000000
0.983443 0.165363 -0.074127 -3.474700 -0.175889 0.772556 -0.610098 9.201800 -0.043620 0.613035 0.788851 -0.082500 0.000000 0.000000 0.000000 1.000000
0.982700 0.168440 -0.076996 -3.474700 -0.179473 0.763478 -0.620396 9.201800 -0.045715 0.623482 0.780500 -0.082500 0.000000 0.000000 0.000000 1.000000
0.982940 0.165896 -0.079421 -3.474700 -0.178319 0.753726 -0.632534 9.201800 -0.045073 0.635905 0.770450 -0.082500 0.000000 0.000000 0.000000 1.000000
0.983210 0.163034 -0.081963 -3.474700 -0.176876 0.741047 -0.647738 9.201800 -0.044864 0.651360 0.757442 -0.082500 0.000000 0.000000 0.000000 1.000000
0.982548 0.165205 -0.085483 -3.474700 -0.179764 0.725238 -0.664616 9.201800 -0.047802 0.668384 0.742279 -0.082500 0.000000 0.000000 0.000000 1.000000
0.981815 0.168022 -0.088362 -3.474700 -0.183042 0.714407 -0.675365 9.201800 -0.050350 0.679257 0.732171 -0.082500 0.000000 0.000000 0.000000 1.000000
0.980627 0.173624 -0.090693 -3.474700 -0.188365 0.708777 -0.679819 9.201800 -0.053752 0.683732 0.727751 -0.082500 0.000000 0.000000 0.000000 1.000000</float_array>
        <technique_common>
          <accessor source="#mixamorig8_RightHandPinky1-Matrix-animation-output-transform-array" count="32" stride="16">
            <param type="float4x4"/>
          </accessor>
        </technique_common>
      </source>
      <source id="mixamorig8_RightHandPinky1-Interpolations">
        <Name_array id="mixamorig8_RightHandPinky1-Interpolations-array" count="32">
 LINEAR LINEAR LINEAR LINEAR LINEAR LINEAR LINEAR LINEAR LINEAR LINEAR LINEAR
LINEAR LINEAR LINEAR LINEAR LINEAR LINEAR LINEAR LINEAR LINEAR LINEAR LINEAR LINEAR
LINEAR LINEAR LINEAR LINEAR LINEAR LINEAR LINEAR LINEAR LINEAR</Name_array>
        <technique_common>
          <accessor source="#mixamorig8_RightHandPinky1-Interpolations-array" count="32">
            <param type="name"/>
          </accessor>
        </technique_common>
      </source>
      <sampler id="mixamorig8_RightHandPinky1-Matrix-animation-transform">
        <input semantic="INPUT" source="#mixamorig8_RightHandPinky1-Matrix-animation-input"/>
        <input semantic="OUTPUT" source="#mixamorig8_RightHandPinky1-Matrix-animation-output-transform"/>
        <input semantic="INTERPOLATION" source="#mixamorig8_RightHandPinky1-Interpolations"/>
      </sampler>
      <channel source="#mixamorig8_RightHandPinky1-Matrix-animation-transform" target="mixamorig8_RightHandPinky1/matrix"/>
    </animation>
    <animation id="mixamorig8_RightHandPinky2-anim" name="mixamorig8_RightHandPinky2">
      <source id="mixamorig8_RightHandPinky2-Matrix-animation-input">
        <float_array id="mixamorig8_RightHandPinky2-Matrix-animation-input-array" count="32">

0.000000 0.033333 0.066667 0.100000 0.133333 0.166667 0.200000 0.233333 0.266667 0.300000 0.333333 0.366667 0.400000 0.433333 0.466667 0.500000
0.533333 0.566667 0.600000 0.633333 0.666667 0.700000 0.733333 0.766667 0.800000 0.833333 0.866667 0.900000 0.933333 0.966667 1.000000 1.033333</float_array>
        <technique_common>
          <accessor source="#mixamorig8_RightHandPinky2-Matrix-animation-input-array" count="32">
            <param name="TIME" type="float"/>
          </accessor>
        </technique_common>
      </source>
      <source id="mixamorig8_RightHandPinky2-Matrix-animation-output-transform">
        <float_array id="mixamorig8_RightHandPinky2-Matrix-animation-output-transform-array" count="512">

0.989972 0.020460 -0.139772 -0.002200 -0.140570 0.044852 -0.989054 2.633100 -0.013967 0.998784 0.047278 -0.000000 0.000000 0.000000 0.000000 1.000000
0.989905 0.017954 -0.140593 -0.002200 -0.140974 0.022069 -0.989767 2.633100 -0.014668 0.999595 0.024377 0.000000 0.000000 0.000000 0.000000 1.000000
0.989834 0.015202 -0.141415 -0.002200 -0.141393 -0.002459 -0.989950 2.633100 -0.015397 0.999881 -0.000285 0.000000 0.000000 0.000000 0.000000 1.000000
0.989801 0.012897 -0.141875 -0.002200 -0.141545 -0.023645 -0.989649 2.633100 -0.016118 0.999637 -0.021578 0.000000 0.000000 0.000000 0.000000 1.000000
0.989738 0.010071 -0.142536 -0.002200 -0.141892 -0.048524 -0.988692 2.633100 -0.016874 0.998771 -0.046597 0.000000 0.000000 0.000000 0.000000 1.000000
0.989668 0.007083 -0.143205 -0.002200 -0.142291 -0.074375 -0.987027 2.633100 -0.017642 0.997205 -0.072599 0.000000 0.000000 0.000000 0.000000 1.000000
0.989657 0.005169 -0.143364 -0.002200 -0.142282 -0.092286 -0.985515 2.633100 -0.018324 0.995719 -0.090596 0.000000 0.000000 0.000000 0.000000 1.000000
0.989653 0.003551 -0.143436 -0.002200 -0.142225 -0.107617 -0.983967 2.633100 -0.018930 0.994186 -0.105998 0.000000 0.000000 0.000000 0.000000 1.000000
0.989659 0.002341 -0.143423 -0.002200 -0.142129 -0.118981 -0.982671 2.633100 -0.019365 0.992894 -0.117418 0.000000 0.000000 0.000000 0.000000 1.000000
0.989654 0.001217 -0.143470 -0.002200 -0.142093 -0.130160 -0.981258 2.633100 -0.019868 0.991492 -0.128641 -0.000000 0.000000 0.000000 0.000000 1.000000
0.989660 0.000585 -0.143431 -0.002200 -0.141999 -0.137001 -0.980340 2.633100 -0.020224 0.990571 -0.135501 0.000000 0.000000 0.000000 0.000000 1.000000
0.989698 0.000710 -0.143171 -0.002200 -0.141707 -0.137907 -0.980256 2.633100 -0.020440 0.990445 -0.136386 -0.000000 0.000000 0.000000 0.000000 1.000000
0.989735 0.000995 -0.142911 -0.002200 -0.141422 -0.137299 -0.980382 2.633100 -0.020597 0.990529 -0.135749 0.000000 0.000000 0.000000 0.000000 1.000000
0.989752 0.001163 -0.142790 -0.002200 -0.141292 -0.136725 -0.980481 2.633100 -0.020663 0.990608 -0.135160 -0.000000 0.000000 0.000000 0.000000 1.000000
0.989787 0.001997 -0.142540 -0.002200 -0.141074 -0.129981 -0.981429 2.633100 -0.020487 0.991514 -0.128372 0.000000 0.000000 0.000000 0.000000 1.000000
0.989792 0.002735 -0.142490 -0.002200 -0.141062 -0.123667 -0.982246 2.633100 -0.020308 0.992320 -0.122018 -0.000000 0.000000 0.000000 0.000000 1.000000
0.989810 0.004149 -0.142334 -0.002200 -0.140995 -0.111251 -0.983740 2.633100 -0.019916 0.993784 -0.109532 -0.000000 0.000000 0.000000 0.000000 1.000000
0.989878 0.006939 -0.141752 -0.002200 -0.140611 -0.087490 -0.986192 2.633100 -0.019245 0.996141 -0.085628 0.000000 0.000000 0.000000 0.000000 1.000000
0.990003 0.011527 -0.140574 -0.002200 -0.139872 -0.048112 -0.989000 2.633100 -0.018163 0.998775 -0.046018 0.000000 0.000000 0.000000 0.000000 1.000000
0.990092 0.016668 -0.139428 -0.002200 -0.139444 -0.000205 -0.990230 2.633100 -0.016534 0.999861 0.002121 0.000000 0.000000 0.000000 0.000000 1.000000
0.990214 0.022654 -0.137708 -0.002200 -0.138792 0.056600 -0.988703 2.633100 -0.014603 0.998140 0.059191 0.000000 0.000000 0.000000 0.000000 1.000000
0.990346 0.028372 -0.135684 -0.002200 -0.138027 0.111480 -0.984135 2.633100 -0.012795 0.993362 0.114320 -0.000000 0.000000 0.000000 0.000000 1.000000
0.990408 0.032192 -0.134372 -0.002200 -0.137698 0.149273 -0.979161 2.633100 -0.011463 0.988272 0.152274 0.000000 0.000000 0.000000 0.000000 1.000000
0.990384 0.033431 -0.134246 -0.002200 -0.137930 0.163394 -0.976871 2.633100 -0.010723 0.985994 0.166434 -0.000000 0.000000 0.000000 0.000000 1.000000
0.990374 0.033379 -0.134331 -0.002200 -0.138006 0.163502 -0.976843 2.633100 -0.010643 0.985978 0.166535 -0.000000 0.000000 0.000000 0.000000 1.000000
0.990307 0.032039 -0.135150 -0.002200 -0.138470 0.151547 -0.978703 2.633100 -0.010875 0.987931 0.154514 0.000000 0.000000 0.000000 0.000000 1.000000
0.990201 0.029650 -0.136467 -0.002200 -0.139189 0.130086 -0.981684 2.633100 -0.011354 0.991059 0.132939 0.000000 0.000000 0.000000 0.000000 1.000000
0.990131 0.027354 -0.137448 -0.002200 -0.139627 0.108413 -0.984251 2.633100 -0.012022 0.993730 0.111163 -0.000000 0.000000 0.000000 0.000000 1.000000
0.990050 0.024737 -0.138528 -0.002200 -0.140135 0.083768 -0.986582 2.633100 -0.012801 0.996178 0.086401 0.000000 0.000000 0.000000 0.000000 1.000000
0.990024 0.022972 -0.139013 -0.002200 -0.140252 0.066276 -0.987895 2.633100 -0.013480 0.997537 0.068837 0.000000 0.000000 0.000000 0.000000 1.000000
0.990009 0.021711 -0.139319 -0.002200 -0.140311 0.054067 -0.988630 2.633100 -0.013931 0.998301 0.056573 0.000000 0.000000 0.000000 0.000000 1.000000
0.989972 0.020459 -0.139771 -0.002200 -0.140568 0.044851 -0.989055 2.633100 -0.013966 0.998784 0.047277 0.000000 0.000000 0.000000 0.000000 1.000000</float_array>
        <technique_common>
          <accessor source="#mixamorig8_RightHandPinky2-Matrix-animation-output-transform-array" count="32" stride="16">
            <param type="float4x4"/>
          </accessor>
        </technique_common>
      </source>
      <source id="mixamorig8_RightHandPinky2-Interpolations">
        <Name_array id="mixamorig8_RightHandPinky2-Interpolations-array" count="32">
 LINEAR LINEAR LINEAR LINEAR LINEAR LINEAR LINEAR LINEAR LINEAR LINEAR LINEAR
LINEAR LINEAR LINEAR LINEAR LINEAR LINEAR LINEAR LINEAR LINEAR LINEAR LINEAR LINEAR
LINEAR LINEAR LINEAR LINEAR LINEAR LINEAR LINEAR LINEAR LINEAR</Name_array>
        <technique_common>
          <accessor source="#mixamorig8_RightHandPinky2-Interpolations-array" count="32">
            <param type="name"/>
          </accessor>
        </technique_common>
      </source>
      <sampler id="mixamorig8_RightHandPinky2-Matrix-animation-transform">
        <input semantic="INPUT" source="#mixamorig8_RightHandPinky2-Matrix-animation-input"/>
        <input semantic="OUTPUT" source="#mixamorig8_RightHandPinky2-Matrix-animation-output-transform"/>
        <input semantic="INTERPOLATION" source="#mixamorig8_RightHandPinky2-Interpolations"/>
      </sampler>
      <channel source="#mixamorig8_RightHandPinky2-Matrix-animation-transform" target="mixamorig8_RightHandPinky2/matrix"/>
    </animation>
    <animation id="mixamorig8_RightHandPinky3-anim" name="mixamorig8_RightHandPinky3">
      <source id="mixamorig8_RightHandPinky3-Matrix-animation-input">
        <float_array id="mixamorig8_RightHandPinky3-Matrix-animation-input-array" count="32">

0.000000 0.033333 0.066667 0.100000 0.133333 0.166667 0.200000 0.233333 0.266667 0.300000 0.333333 0.366667 0.400000 0.433333 0.466667 0.500000
0.533333 0.566667 0.600000 0.633333 0.666667 0.700000 0.733333 0.766667 0.800000 0.833333 0.866667 0.900000 0.933333 0.966667 1.000000 1.033333</float_array>
        <technique_common>
          <accessor source="#mixamorig8_RightHandPinky3-Matrix-animation-input-array" count="32">
            <param name="TIME" type="float"/>
          </accessor>
        </technique_common>
      </source>
      <source id="mixamorig8_RightHandPinky3-Matrix-animation-output-transform">
        <float_array id="mixamorig8_RightHandPinky3-Matrix-animation-output-transform-array" count="512">

0.999969 0.007929 -0.000040 0.008800 -0.007929 0.999969 0.000000 2.117700 0.000040 0.000000 1.000000 0.000000 0.000000 0.000000 0.000000 1.000000
0.999969 0.007929 -0.000040 0.008800 -0.007929 0.999969 0.000000 2.117700 0.000040 0.000000 1.000000 0.000000 0.000000 0.000000 0.000000 1.000000
0.999969 0.007929 -0.000040 0.008800 -0.007929 0.999969 -0.000000 2.117700 0.000040 0.000000 1.000000 0.000000 0.000000 0.000000 0.000000 1.000000
0.999969 0.007929 -0.000040 0.008800 -0.007929 0.999969 0.000000 2.117700 0.000040 0.000000 1.000000 0.000000 0.000000 0.000000 0.000000 1.000000
0.999969 0.007929 -0.000040 0.008800 -0.007929 0.999969 0.000000 2.117700 0.000040 0.000000 1.000000 -0.000000 0.000000 0.000000 0.000000 1.000000
0.999969 0.007929 -0.000040 0.008800 -0.007929 0.999969 0.000000 2.117700 0.000040 0.000000 1.000000 -0.000000 0.000000 0.000000 0.000000 1.000000
0.999969 0.007929 -0.000040 0.008800 -0.007929 0.999969 0.000000 2.117700 0.000040 0.000000 1.000000 0.000000 0.000000 0.000000 0.000000 1.000000
0.999969 0.007929 -0.000040 0.008800 -0.007929 0.999969 0.000000 2.117700 0.000040 0.000000 1.000000 0.000000 0.000000 0.000000 0.000000 1.000000
0.999969 0.007929 -0.000040 0.008800 -0.007929 0.999969 0.000000 2.117700 0.000040 0.000000 1.000000 0.000000 0.000000 0.000000 0.000000 1.000000
0.999969 0.007929 -0.000040 0.008800 -0.007929 0.999969 0.000000 2.117700 0.000040 0.000000 1.000000 -0.000000 0.000000 0.000000 0.000000 1.000000
0.999969 0.007929 -0.000040 0.008800 -0.007929 0.999969 0.000000 2.117700 0.000040 0.000000 1.000000 -0.000000 0.000000 0.000000 0.000000 1.000000
0.999969 0.007929 -0.000040 0.008800 -0.007929 0.999969 0.000000 2.117700 0.000040 0.000000 1.000000 -0.000000 0.000000 0.000000 0.000000 1.000000
0.999969 0.007929 -0.000040 0.008800 -0.007929 0.999969 0.000000 2.117700 0.000040 0.000000 1.000000 0.000000 0.000000 0.000000 0.000000 1.000000
0.999969 0.007929 -0.000040 0.008800 -0.007929 0.999969 -0.000000 2.117700 0.000040 0.000000 1.000000 0.000000 0.000000 0.000000 0.000000 1.000000
0.999969 0.007929 -0.000040 0.008800 -0.007929 0.999969 -0.000000 2.117700 0.000040 0.000000 1.000000 0.000000 0.000000 0.000000 0.000000 1.000000
0.999969 0.007929 -0.000040 0.008800 -0.007929 0.999969 0.000000 2.117700 0.000040 0.000000 1.000000 -0.000000 0.000000 0.000000 0.000000 1.000000
0.999969 0.007929 -0.000040 0.008800 -0.007929 0.999969 0.000000 2.117700 0.000040 0.000000 1.000000 0.000000 0.000000 0.000000 0.000000 1.000000
0.999969 0.007929 -0.000040 0.008800 -0.007929 0.999969 0.000000 2.117700 0.000040 0.000000 1.000000 0.000000 0.000000 0.000000 0.000000 1.000000
0.999969 0.007929 -0.000040 0.008800 -0.007929 0.999969 0.000000 2.117700 0.000040 0.000000 1.000000 -0.000000 0.000000 0.000000 0.000000 1.000000
0.999969 0.007929 -0.000040 0.008800 -0.007929 0.999969 0.000000 2.117700 0.000040 0.000000 1.000000 0.000000 0.000000 0.000000 0.000000 1.000000
0.999969 0.007929 -0.000040 0.008800 -0.007929 0.999969 0.000000 2.117700 0.000040 0.000000 1.000000 0.000000 0.000000 0.000000 0.000000 1.000000
0.999969 0.007929 -0.000040 0.008800 -0.007929 0.999969 0.000000 2.117700 0.000040 0.000000 1.000000 0.000000 0.000000 0.000000 0.000000 1.000000
0.999969 0.007929 -0.000040 0.008800 -0.007929 0.999969 0.000000 2.117700 0.000040 0.000000 1.000000 -0.000000 0.000000 0.000000 0.000000 1.000000
0.999969 0.007929 -0.000040 0.008800 -0.007929 0.999969 -0.000000 2.117700 0.000040 0.000000 1.000000 0.000000 0.000000 0.000000 0.000000 1.000000
0.999969 0.007929 -0.000040 0.008800 -0.007929 0.999969 -0.000000 2.117700 0.000040 0.000000 1.000000 -0.000000 0.000000 0.000000 0.000000 1.000000
0.999969 0.007929 -0.000040 0.008800 -0.007929 0.999969 0.000000 2.117700 0.000040 0.000000 1.000000 0.000000 0.000000 0.000000 0.000000 1.000000
0.999969 0.007929 -0.000040 0.008800 -0.007929 0.999969 -0.000000 2.117700 0.000040 0.000000 1.000000 -0.000000 0.000000 0.000000 0.000000 1.000000
0.999969 0.007929 -0.000040 0.008800 -0.007929 0.999969 0.000000 2.117700 0.000040 0.000000 1.000000 0.000000 0.000000 0.000000 0.000000 1.000000
0.999969 0.007929 -0.000040 0.008800 -0.007929 0.999969 0.000000 2.117700 0.000040 -0.000000 1.000000 0.000000 0.000000 0.000000 0.000000 1.000000
0.999969 0.007929 -0.000040 0.008800 -0.007929 0.999969 -0.000000 2.117700 0.000040 0.000000 1.000000 0.000000 0.000000 0.000000 0.000000 1.000000
0.999969 0.007929 -0.000040 0.008800 -0.007929 0.999969 0.000000 2.117700 0.000040 0.000000 1.000000 0.000000 0.000000 0.000000 0.000000 1.000000
0.999969 0.007929 -0.000040 0.008800 -0.007929 0.999969 0.000000 2.117700 0.000040 0.000000 1.000000 0.000000 0.000000 0.000000 0.000000 1.000000</float_array>
        <technique_common>
          <accessor source="#mixamorig8_RightHandPinky3-Matrix-animation-output-transform-array" count="32" stride="16">
            <param type="float4x4"/>
          </accessor>
        </technique_common>
      </source>
      <source id="mixamorig8_RightHandPinky3-Interpolations">
        <Name_array id="mixamorig8_RightHandPinky3-Interpolations-array" count="32">
 LINEAR LINEAR LINEAR LINEAR LINEAR LINEAR LINEAR LINEAR LINEAR LINEAR LINEAR
LINEAR LINEAR LINEAR LINEAR LINEAR LINEAR LINEAR LINEAR LINEAR LINEAR LINEAR LINEAR
LINEAR LINEAR LINEAR LINEAR LINEAR LINEAR LINEAR LINEAR LINEAR</Name_array>
        <technique_common>
          <accessor source="#mixamorig8_RightHandPinky3-Interpolations-array" count="32">
            <param type="name"/>
          </accessor>
        </technique_common>
      </source>
      <sampler id="mixamorig8_RightHandPinky3-Matrix-animation-transform">
        <input semantic="INPUT" source="#mixamorig8_RightHandPinky3-Matrix-animation-input"/>
        <input semantic="OUTPUT" source="#mixamorig8_RightHandPinky3-Matrix-animation-output-transform"/>
        <input semantic="INTERPOLATION" source="#mixamorig8_RightHandPinky3-Interpolations"/>
      </sampler>
      <channel source="#mixamorig8_RightHandPinky3-Matrix-animation-transform" target="mixamorig8_RightHandPinky3/matrix"/>
    </animation>
    <animation id="mixamorig8_LeftUpLeg-anim" name="mixamorig8_LeftUpLeg">
      <source id="mixamorig8_LeftUpLeg-Matrix-animation-input">
        <float_array id="mixamorig8_LeftUpLeg-Matrix-animation-input-array" count="32">

0.000000 0.033333 0.066667 0.100000 0.133333 0.166667 0.200000 0.233333 0.266667 0.300000 0.333333 0.366667 0.400000 0.433333 0.466667 0.500000
0.533333 0.566667 0.600000 0.633333 0.666667 0.700000 0.733333 0.766667 0.800000 0.833333 0.866667 0.900000 0.933333 0.966667 1.000000 1.033333</float_array>
        <technique_common>
          <accessor source="#mixamorig8_LeftUpLeg-Matrix-animation-input-array" count="32">
            <param name="TIME" type="float"/>
          </accessor>
        </technique_common>
      </source>
      <source id="mixamorig8_LeftUpLeg-Matrix-animation-output-transform">
        <float_array id="mixamorig8_LeftUpLeg-Matrix-animation-output-transform-array" count="512">

-0.987714 0.115198 0.105592 9.217100 -0.066033 -0.920085 0.386113 -5.789400 0.141633 0.374397 0.916388 -0.439100 0.000000 0.000000 0.000000 1.000000
-0.988913 0.108223 0.101684 9.217100 -0.051413 -0.891918 0.449266 -5.789400 0.139315 0.439056 0.887593 -0.439100 0.000000 0.000000 0.000000 1.000000
-0.990937 0.101552 0.087921 9.217100 -0.045900 -0.871145 0.488876 -5.789400 0.126239 0.480410 0.867911 -0.439100 0.000000 0.000000 0.000000 1.000000
-0.992454 0.095857 0.076468 9.217100 -0.042748 -0.854958 0.516933 -5.789400 0.114928 0.509763 0.852604 -0.439100 0.000000 0.000000 0.000000 1.000000
-0.993397 0.088803 0.072643 9.217100 -0.035334 -0.839192 0.542686 -5.789400 0.109153 0.536536 0.836789 -0.439100 0.000000 0.000000 0.000000 1.000000
-0.994944 0.078993 0.062025 9.217100 -0.029148 -0.818095 0.574344 -5.789400 0.096112 0.569632 0.816261 -0.439100 0.000000 0.000000 0.000000 1.000000
-0.995938 0.074456 0.050630 9.217100 -0.027079 -0.783961 0.620220 -5.789400 0.085871 0.616329 0.782793 -0.439100 0.000000 0.000000 0.000000 1.000000
-0.995319 0.076458 0.059119 9.217100 -0.020443 -0.764399 0.644420 -5.789400 0.094462 0.640195 0.762383 -0.439100 0.000000 0.000000 0.000000 1.000000
-0.993981 0.073766 0.080996 9.217100 -0.006384 -0.777079 0.629371 -5.789400 0.109366 0.625065 0.772873 -0.439100 0.000000 0.000000 0.000000 1.000000
-0.993443 0.070517 0.089986 9.217100 0.001474 -0.779145 0.626842 -5.789400 0.114315 0.622865 0.773932 -0.439100 0.000000 0.000000 0.000000 1.000000
-0.994378 0.057543 0.088890 9.217100 0.007974 -0.796379 0.604745 -5.789400 0.105589 0.602054 0.791443 -0.439100 0.000000 0.000000 0.000000 1.000000
-0.995237 0.043706 0.087142 9.217100 0.016075 -0.808067 0.588871 -5.789400 0.096153 0.587467 0.803515 -0.439100 0.000000 0.000000 0.000000 1.000000
-0.995732 0.027319 0.088158 9.217100 0.023585 -0.848152 0.529228 -5.789400 0.089230 0.529048 0.843887 -0.439100 0.000000 0.000000 0.000000 1.000000
-0.995482 0.017527 0.093320 9.217100 0.024951 -0.899989 0.435197 -5.789400 0.091615 0.435559 0.895486 -0.439100 0.000000 0.000000 0.000000 1.000000
-0.993025 0.019039 0.116353 9.217100 0.020234 -0.944714 0.327270 -5.789400 0.116151 0.327342 0.937740 -0.439100 0.000000 0.000000 0.000000 1.000000
-0.989852 0.018351 0.140910 9.217100 0.012171 -0.977034 0.212735 -5.789400 0.141578 0.212292 0.966896 -0.439100 0.000000 0.000000 0.000000 1.000000
-0.988172 0.014686 0.152647 9.217100 0.003601 -0.992907 0.118839 -5.789400 0.153310 0.117983 0.981110 -0.439100 0.000000 0.000000 0.000000 1.000000
-0.985908 0.009076 0.167041 9.217100 -0.003616 -0.999450 0.032965 -5.789400 0.167249 0.031896 0.985399 -0.439100 0.000000 0.000000 0.000000 1.000000
-0.982983 0.001204 0.183693 9.217100 -0.010721 -0.998650 -0.050824 -5.789400 0.183384 -0.051929 0.981669 -0.439100 0.000000 0.000000 0.000000 1.000000
-0.979055 0.001806 0.203589 9.217100 -0.025094 -0.993407 -0.111863 -5.789400 0.202044 -0.114628 0.972645 -0.439100 0.000000 0.000000 0.000000 1.000000
-0.975969 0.014119 0.217451 9.217100 -0.044708 -0.989644 -0.136402 -5.789400 0.213273 -0.142846 0.966493 -0.439100 0.000000 0.000000 0.000000 1.000000
-0.977365 0.028885 0.209577 9.217100 -0.061288 -0.986813 -0.149810 -5.789400 0.202486 -0.159264 0.966248 -0.439100 0.000000 0.000000 0.000000 1.000000
-0.979621 0.036988 0.197419 9.217100 -0.071587 -0.982646 -0.171118 -5.789400 0.187664 -0.181763 0.965269 -0.439100 0.000000 0.000000 0.000000 1.000000
-0.976384 0.047346 0.210789 9.217100 -0.094844 -0.970579 -0.221315 -5.789400 0.194109 -0.236081 0.952149 -0.439100 0.000000 0.000000 0.000000 1.000000
-0.976168 0.062881 0.207708 9.217100 -0.117446 -0.957904 -0.261968 -5.789400 0.182492 -0.280119 0.942460 -0.439100 0.000000 0.000000 0.000000 1.000000
-0.975967 0.092358 0.197376 9.217100 -0.126048 -0.978107 -0.165585 -5.789400 0.177762 -0.186485 0.966242 -0.439100 0.000000 0.000000 0.000000 1.000000
-0.977626 0.121034 0.172039 9.217100 -0.137304 -0.986787 -0.086012 -5.789400 0.159356 -0.107709 0.981328 -0.439100 0.000000 0.000000 0.000000 1.000000
-0.977411 0.142584 0.156005 9.217100 -0.142668 -0.989713 0.010718 -5.789400 0.155928 -0.011781 0.987698 -0.439100 0.000000 0.000000 0.000000 1.000000
-0.980436 0.144548 0.133605 9.217100 -0.130951 -0.985756 0.105536 -5.789400 0.146957 0.085976 0.985399 -0.439100 0.000000 0.000000 0.000000 1.000000
-0.985087 0.131620 0.110817 9.217100 -0.108195 -0.974650 0.195836 -5.789400 0.133784 0.180926 0.974355 -0.439100 0.000000 0.000000 0.000000 1.000000
-0.987480 0.119575 0.102883 9.217100 -0.085581 -0.953993 0.287355 -5.789400 0.132510 0.274952 0.952283 -0.439100 0.000000 0.000000 0.000000 1.000000
-0.987714 0.115198 0.105592 9.217100 -0.066033 -0.920085 0.386113 -5.789400 0.141633 0.374397 0.916388 -0.439100 0.000000 0.000000 0.000000 1.000000</float_array>
        <technique_common>
          <accessor source="#mixamorig8_LeftUpLeg-Matrix-animation-output-transform-array" count="32" stride="16">
            <param type="float4x4"/>
          </accessor>
        </technique_common>
      </source>
      <source id="mixamorig8_LeftUpLeg-Interpolations">
        <Name_array id="mixamorig8_LeftUpLeg-Interpolations-array" count="32">
 LINEAR LINEAR LINEAR LINEAR LINEAR LINEAR LINEAR LINEAR LINEAR LINEAR LINEAR
LINEAR LINEAR LINEAR LINEAR LINEAR LINEAR LINEAR LINEAR LINEAR LINEAR LINEAR LINEAR
LINEAR LINEAR LINEAR LINEAR LINEAR LINEAR LINEAR LINEAR LINEAR</Name_array>
        <technique_common>
          <accessor source="#mixamorig8_LeftUpLeg-Interpolations-array" count="32">
            <param type="name"/>
          </accessor>
        </technique_common>
      </source>
      <sampler id="mixamorig8_LeftUpLeg-Matrix-animation-transform">
        <input semantic="INPUT" source="#mixamorig8_LeftUpLeg-Matrix-animation-input"/>
        <input semantic="OUTPUT" source="#mixamorig8_LeftUpLeg-Matrix-animation-output-transform"/>
        <input semantic="INTERPOLATION" source="#mixamorig8_LeftUpLeg-Interpolations"/>
      </sampler>
      <channel source="#mixamorig8_LeftUpLeg-Matrix-animation-transform" target="mixamorig8_LeftUpLeg/matrix"/>
    </animation>
    <animation id="mixamorig8_LeftLeg-anim" name="mixamorig8_LeftLeg">
      <source id="mixamorig8_LeftLeg-Matrix-animation-input">
        <float_array id="mixamorig8_LeftLeg-Matrix-animation-input-array" count="32">

0.000000 0.033333 0.066667 0.100000 0.133333 0.166667 0.200000 0.233333 0.266667 0.300000 0.333333 0.366667 0.400000 0.433333 0.466667 0.500000
0.533333 0.566667 0.600000 0.633333 0.666667 0.700000 0.733333 0.766667 0.800000 0.833333 0.866667 0.900000 0.933333 0.966667 1.000000 1.033333</float_array>
        <technique_common>
          <accessor source="#mixamorig8_LeftLeg-Matrix-animation-input-array" count="32">
            <param name="TIME" type="float"/>
          </accessor>
        </technique_common>
      </source>
      <source id="mixamorig8_LeftLeg-Matrix-animation-output-transform">
        <float_array id="mixamorig8_LeftLeg-Matrix-animation-output-transform-array" count="512">

0.999693 0.000655 0.024761 0.000000 -0.022895 0.405916 0.913624 43.138802 -0.009453 -0.913910 0.405806 0.000000 0.000000 0.000000 0.000000 1.000000
0.999771 0.017944 -0.011702 0.000000 0.000730 0.517414 0.855735 43.138802 0.021410 -0.855547 0.517282 0.000000 0.000000 0.000000 0.000000 1.000000
0.998066 0.028139 -0.055425 0.000000 0.023413 0.655815 0.754559 43.138802 0.057581 -0.754397 0.653888 0.000000 0.000000 0.000000 0.000000 1.000000
0.996341 0.030965 -0.079657 -0.000000 0.025257 0.783737 0.620579 43.138802 0.081646 -0.620320 0.780088 -0.000000 0.000000 0.000000 0.000000 1.000000
0.997045 0.023666 -0.073077 -0.000000 0.013525 0.882410 0.470288 43.138802 0.075614 -0.469887 0.879482 0.000000 0.000000 0.000000 0.000000 1.000000
0.998218 0.006733 -0.059297 -0.000000 0.014551 0.936170 0.351247 43.138802 0.057877 -0.351484 0.934403 0.000000 0.000000 0.000000 0.000000 1.000000
0.999061 -0.008881 -0.042414 0.000000 0.022644 0.941511 0.336219 43.138802 0.036948 -0.336864 0.940828 0.000000 0.000000 0.000000 0.000000 1.000000
0.999913 -0.011742 -0.005931 0.000000 0.013118 0.923746 0.382782 43.138802 0.000984 -0.382826 0.923820 0.000000 0.000000 0.000000 0.000000 1.000000
0.999333 -0.005826 0.036062 0.000000 -0.009835 0.907847 0.419186 43.138802 -0.035181 -0.419260 0.907184 -0.000000 0.000000 0.000000 0.000000 1.000000
0.995889 -0.003245 0.090520 -0.000000 -0.042627 0.864988 0.499979 43.138802 -0.079921 -0.501782 0.861294 0.000000 0.000000 0.000000 0.000000 1.000000
0.996914 0.004838 0.078354 -0.000000 -0.046663 0.839152 0.541892 43.138802 -0.063129 -0.543876 0.836788 0.000000 0.000000 0.000000 0.000000 1.000000
0.997364 0.010308 0.071828 -0.000000 -0.053153 0.777650 0.626446 43.138802 -0.049400 -0.628613 0.776148 0.000000 0.000000 0.000000 0.000000 1.000000
0.997227 0.007100 0.074081 0.000000 -0.052773 0.769327 0.636672 43.138802 -0.052472 -0.638816 0.767568 0.000000 0.000000 0.000000 0.000000 1.000000
0.996553 0.001536 0.082942 0.000000 -0.050472 0.804713 0.591515 43.138802 -0.065835 -0.593662 0.802017 -0.000000 0.000000 0.000000 0.000000 1.000000
0.992980 -0.004424 0.118204 0.000000 -0.057417 0.855650 0.514360 43.138802 -0.103417 -0.517535 0.849389 0.000000 0.000000 0.000000 0.000000 1.000000
0.986431 -0.010254 0.163856 0.000000 -0.059425 0.908074 0.414572 43.138802 -0.153045 -0.418683 0.895143 -0.000000 0.000000 0.000000 0.000000 1.000000
0.978180 -0.013657 0.207310 0.000000 -0.057309 0.941387 0.332424 43.138802 -0.199699 -0.337051 0.920063 0.000000 0.000000 0.000000 0.000000 1.000000
0.967693 -0.008999 0.251972 0.000000 -0.059016 0.963517 0.261061 43.138802 -0.245128 -0.267497 0.931857 0.000000 0.000000 0.000000 0.000000 1.000000
0.954972 -0.004861 0.296655 -0.000000 -0.059943 0.976085 0.208961 43.138802 -0.290576 -0.217335 0.931843 0.000000 0.000000 0.000000 0.000000 1.000000
0.942153 0.003586 0.335165 0.000000 -0.079097 0.974081 0.211919 43.138802 -0.325718 -0.226171 0.918017 0.000000 0.000000 0.000000 0.000000 1.000000
0.931277 0.009565 0.364187 0.000000 -0.122277 0.949873 0.287732 43.138802 -0.343179 -0.312490 0.885764 0.000000 0.000000 0.000000 0.000000 1.000000
0.928702 0.007783 0.370746 0.000000 -0.160724 0.909441 0.383515 43.138802 -0.334187 -0.415759 0.845851 -0.000000 0.000000 0.000000 0.000000 1.000000
0.931860 -0.014336 0.362535 -0.000000 -0.165151 0.872939 0.459024 43.138802 -0.323051 -0.487619 0.811089 0.000000 0.000000 0.000000 0.000000 1.000000
0.928735 -0.046764 0.367784 0.000000 -0.142296 0.871074 0.470087 43.138802 -0.342350 -0.488920 0.802342 0.000000 0.000000 0.000000 0.000000 1.000000
0.936740 -0.062449 0.344411 0.000000 -0.113148 0.877105 0.466781 43.138802 -0.331235 -0.476222 0.814553 -0.000000 0.000000 0.000000 0.000000 1.000000
0.958309 -0.084784 0.272866 -0.000000 -0.126048 0.731586 0.669995 43.138802 -0.256430 -0.676456 0.690399 0.000000 0.000000 0.000000 0.000000 1.000000
0.984931 -0.073782 0.156420 0.000000 -0.081108 0.601750 0.794555 43.138802 -0.152749 -0.795269 0.586698 0.000000 0.000000 0.000000 0.000000 1.000000
0.995399 -0.059884 0.074799 0.000000 -0.037927 0.470636 0.881512 43.138802 -0.087991 -0.880293 0.466199 0.000000 0.000000 0.000000 0.000000 1.000000
0.996245 -0.049541 0.070999 0.000000 -0.047462 0.373345 0.926478 43.138802 -0.072405 -0.926369 0.369592 0.000000 0.000000 0.000000 0.000000 1.000000
0.996380 -0.037006 0.076535 -0.000000 -0.059577 0.338262 0.939164 43.138802 -0.060644 -0.940324 0.334832 0.000000 0.000000 0.000000 0.000000 1.000000
0.998584 -0.019516 0.049480 -0.000000 -0.039333 0.355274 0.933934 43.138802 -0.035806 -0.934559 0.354003 0.000000 0.000000 0.000000 0.000000 1.000000
0.999693 0.000655 0.024761 -0.000000 -0.022895 0.405917 0.913623 43.138802 -0.009453 -0.913910 0.405807 0.000000 0.000000 0.000000 0.000000 1.000000</float_array>
        <technique_common>
          <accessor source="#mixamorig8_LeftLeg-Matrix-animation-output-transform-array" count="32" stride="16">
            <param type="float4x4"/>
          </accessor>
        </technique_common>
      </source>
      <source id="mixamorig8_LeftLeg-Interpolations">
        <Name_array id="mixamorig8_LeftLeg-Interpolations-array" count="32">
 LINEAR LINEAR LINEAR LINEAR LINEAR LINEAR LINEAR LINEAR LINEAR LINEAR LINEAR
LINEAR LINEAR LINEAR LINEAR LINEAR LINEAR LINEAR LINEAR LINEAR LINEAR LINEAR LINEAR
LINEAR LINEAR LINEAR LINEAR LINEAR LINEAR LINEAR LINEAR LINEAR</Name_array>
        <technique_common>
          <accessor source="#mixamorig8_LeftLeg-Interpolations-array" count="32">
            <param type="name"/>
          </accessor>
        </technique_common>
      </source>
      <sampler id="mixamorig8_LeftLeg-Matrix-animation-transform">
        <input semantic="INPUT" source="#mixamorig8_LeftLeg-Matrix-animation-input"/>
        <input semantic="OUTPUT" source="#mixamorig8_LeftLeg-Matrix-animation-output-transform"/>
        <input semantic="INTERPOLATION" source="#mixamorig8_LeftLeg-Interpolations"/>
      </sampler>
      <channel source="#mixamorig8_LeftLeg-Matrix-animation-transform" target="mixamorig8_LeftLeg/matrix"/>
    </animation>
    <animation id="mixamorig8_LeftFoot-anim" name="mixamorig8_LeftFoot">
      <source id="mixamorig8_LeftFoot-Matrix-animation-input">
        <float_array id="mixamorig8_LeftFoot-Matrix-animation-input-array" count="32">

0.000000 0.033333 0.066667 0.100000 0.133333 0.166667 0.200000 0.233333 0.266667 0.300000 0.333333 0.366667 0.400000 0.433333 0.466667 0.500000
0.533333 0.566667 0.600000 0.633333 0.666667 0.700000 0.733333 0.766667 0.800000 0.833333 0.866667 0.900000 0.933333 0.966667 1.000000 1.033333</float_array>
        <technique_common>
          <accessor source="#mixamorig8_LeftFoot-Matrix-animation-input-array" count="32">
            <param name="TIME" type="float"/>
          </accessor>
        </technique_common>
      </source>
      <source id="mixamorig8_LeftFoot-Matrix-animation-output-transform">
        <float_array id="mixamorig8_LeftFoot-Matrix-animation-output-transform-array" count="512">

0.998450 -0.046832 0.030078 0.000000 0.047156 0.424679 -0.904115 36.858200 0.029568 0.904132 0.426229 -0.000000 0.000000 0.000000 0.000000 1.000000
0.997974 -0.051174 0.037814 0.000000 0.054910 0.392374 -0.918165 36.858200 0.032149 0.918381 0.394389 -0.000000 0.000000 0.000000 0.000000 1.000000
0.997128 -0.056840 0.050051 0.000000 0.067594 0.369821 -0.926641 36.858200 0.034160 0.927363 0.372601 0.000000 0.000000 0.000000 0.000000 1.000000
0.995274 -0.067092 0.070201 0.000000 0.090239 0.371994 -0.923838 36.858200 0.035868 0.925807 0.376290 0.000000 0.000000 0.000000 0.000000 1.000000
0.993722 -0.075378 0.082677 0.000000 0.106752 0.417635 -0.902322 36.858200 0.033487 0.905483 0.423060 0.000000 0.000000 0.000000 0.000000 1.000000
0.995348 -0.068326 0.067920 0.000000 0.091535 0.450796 -0.887922 36.858200 0.030050 0.890008 0.454953 0.000000 0.000000 0.000000 0.000000 1.000000
0.997667 -0.053136 0.042851 -0.000000 0.061432 0.425204 -0.903010 36.858200 0.029762 0.903536 0.427477 -0.000000 0.000000 0.000000 0.000000 1.000000
0.998193 -0.049022 0.034736 -0.000000 0.050056 0.358775 -0.932081 36.858200 0.033230 0.932136 0.360581 0.000000 0.000000 0.000000 0.000000 1.000000
0.995587 -0.065160 0.067538 0.000000 0.086054 0.346735 -0.934007 36.858200 0.037442 0.935697 0.350812 0.000000 0.000000 0.000000 0.000000 1.000000
0.997019 -0.057264 0.051705 0.000000 0.071509 0.434257 -0.897946 36.858200 0.028967 0.898967 0.437057 0.000000 0.000000 0.000000 0.000000 1.000000
0.996129 -0.063447 0.060834 0.000000 0.085762 0.549868 -0.830837 36.858200 0.019264 0.832838 0.553181 0.000000 0.000000 0.000000 0.000000 1.000000
0.994720 -0.071040 0.074062 0.000000 0.098352 0.453828 -0.885645 36.858200 0.029305 0.888253 0.458419 0.000000 0.000000 0.000000 0.000000 1.000000
0.993852 -0.074738 0.081690 0.000000 0.104089 0.379181 -0.919450 36.858200 0.037743 0.922299 0.384629 0.000000 0.000000 0.000000 0.000000 1.000000
0.993312 -0.076724 0.086287 0.000000 0.107353 0.338511 -0.934819 36.858200 0.042514 0.937829 0.344483 0.000000 0.000000 0.000000 0.000000 1.000000
0.992442 -0.079904 0.093133 0.000000 0.113986 0.319182 -0.940813 36.858200 0.045448 0.944319 0.325878 0.000000 0.000000 0.000000 0.000000 1.000000
0.989940 -0.087991 0.110803 -0.000000 0.132987 0.311230 -0.940984 36.858200 0.048313 0.946252 0.319800 -0.000000 0.000000 0.000000 0.000000 1.000000
0.989723 -0.089403 0.111600 -0.000000 0.134438 0.315840 -0.939240 36.858200 0.048723 0.944591 0.324613 0.000000 0.000000 0.000000 0.000000 1.000000
0.989922 -0.089742 0.109549 0.000000 0.132116 0.306717 -0.942587 36.858200 0.050989 0.947560 0.315483 0.000000 0.000000 0.000000 0.000000 1.000000
0.988599 -0.094264 0.117419 0.000000 0.138984 0.271222 -0.952430 36.858200 0.057934 0.957890 0.281231 0.000000 0.000000 0.000000 0.000000 1.000000
0.986567 -0.099906 0.129247 0.000000 0.148391 0.217235 -0.964774 36.858200 0.068310 0.970993 0.229142 0.000000 0.000000 0.000000 0.000000 1.000000
0.982892 -0.107548 0.149520 0.000000 0.166034 0.166002 -0.972047 36.858200 0.079721 0.980243 0.181019 -0.000000 0.000000 0.000000 0.000000 1.000000
0.979552 -0.113860 0.165873 -0.000000 0.181092 0.139772 -0.973483 36.858200 0.087656 0.983616 0.157533 0.000000 0.000000 0.000000 0.000000 1.000000
0.980197 -0.114408 0.161630 -0.000000 0.178340 0.155244 -0.971645 36.858200 0.086072 0.981229 0.172573 -0.000000 0.000000 0.000000 0.000000 1.000000
0.983717 -0.108432 0.143332 -0.000000 0.163192 0.204765 -0.965111 36.858200 0.075300 0.972787 0.219126 0.000000 0.000000 0.000000 0.000000 1.000000
0.986327 -0.101768 0.129627 -0.000000 0.155174 0.308569 -0.938459 36.858200 0.055506 0.945742 0.320142 0.000000 0.000000 0.000000 0.000000 1.000000
0.981809 -0.113693 0.152069 -0.000000 0.188094 0.473073 -0.860710 36.858200 0.025917 0.873657 0.485852 -0.000000 0.000000 0.000000 0.000000 1.000000
0.988490 -0.090559 0.121191 0.000000 0.151226 0.568566 -0.808618 36.858200 0.004323 0.817638 0.575717 -0.000000 0.000000 0.000000 0.000000 1.000000
0.976697 -0.135331 0.166579 0.000000 0.214016 0.672432 -0.708542 36.858200 -0.016125 0.727682 0.685725 0.000000 0.000000 0.000000 0.000000 1.000000
0.960765 -0.176388 0.214051 -0.000000 0.276922 0.653529 -0.704425 36.858200 -0.015636 0.736062 0.676733 0.000000 0.000000 0.000000 0.000000 1.000000
0.963660 -0.162799 0.211791 0.000000 0.266996 0.561868 -0.782954 36.858200 0.008465 0.811049 0.584917 0.000000 0.000000 0.000000 0.000000 1.000000
0.986250 -0.103347 0.128958 0.000000 0.163044 0.481135 -0.861351 36.858200 0.026972 0.870533 0.491370 -0.000000 0.000000 0.000000 0.000000 1.000000
0.998450 -0.046832 0.030078 0.000000 0.047156 0.424679 -0.904115 36.858200 0.029568 0.904132 0.426229 0.000000 0.000000 0.000000 0.000000 1.000000</float_array>
        <technique_common>
          <accessor source="#mixamorig8_LeftFoot-Matrix-animation-output-transform-array" count="32" stride="16">
            <param type="float4x4"/>
          </accessor>
        </technique_common>
      </source>
      <source id="mixamorig8_LeftFoot-Interpolations">
        <Name_array id="mixamorig8_LeftFoot-Interpolations-array" count="32">
 LINEAR LINEAR LINEAR LINEAR LINEAR LINEAR LINEAR LINEAR LINEAR LINEAR LINEAR
LINEAR LINEAR LINEAR LINEAR LINEAR LINEAR LINEAR LINEAR LINEAR LINEAR LINEAR LINEAR
LINEAR LINEAR LINEAR LINEAR LINEAR LINEAR LINEAR LINEAR LINEAR</Name_array>
        <technique_common>
          <accessor source="#mixamorig8_LeftFoot-Interpolations-array" count="32">
            <param type="name"/>
          </accessor>
        </technique_common>
      </source>
      <sampler id="mixamorig8_LeftFoot-Matrix-animation-transform">
        <input semantic="INPUT" source="#mixamorig8_LeftFoot-Matrix-animation-input"/>
        <input semantic="OUTPUT" source="#mixamorig8_LeftFoot-Matrix-animation-output-transform"/>
        <input semantic="INTERPOLATION" source="#mixamorig8_LeftFoot-Interpolations"/>
      </sampler>
      <channel source="#mixamorig8_LeftFoot-Matrix-animation-transform" target="mixamorig8_LeftFoot/matrix"/>
    </animation>
    <animation id="mixamorig8_LeftToeBase-anim" name="mixamorig8_LeftToeBase">
      <source id="mixamorig8_LeftToeBase-Matrix-animation-input">
        <float_array id="mixamorig8_LeftToeBase-Matrix-animation-input-array" count="32">

0.000000 0.033333 0.066667 0.100000 0.133333 0.166667 0.200000 0.233333 0.266667 0.300000 0.333333 0.366667 0.400000 0.433333 0.466667 0.500000
0.533333 0.566667 0.600000 0.633333 0.666667 0.700000 0.733333 0.766667 0.800000 0.833333 0.866667 0.900000 0.933333 0.966667 1.000000 1.033333</float_array>
        <technique_common>
          <accessor source="#mixamorig8_LeftToeBase-Matrix-animation-input-array" count="32">
            <param name="TIME" type="float"/>
          </accessor>
        </technique_common>
      </source>
      <source id="mixamorig8_LeftToeBase-Matrix-animation-output-transform">
        <float_array id="mixamorig8_LeftToeBase-Matrix-animation-output-transform-array" count="512">

0.982804 -0.089175 -0.161691 0.000000 -0.027224 0.796111 -0.604538 16.433201 0.182633 0.598545 0.779993 0.000000 0.000000 0.000000 0.000000 1.000000
0.976232 -0.116756 -0.182592 0.000000 -0.021945 0.784905 -0.619227 16.433201 0.215615 0.608516 0.763687 -0.000000 0.000000 0.000000 0.000000 1.000000
0.954019 -0.189542 -0.232210 0.000000 -0.001794 0.771066 -0.636753 16.433201 0.299741 0.607891 0.735271 0.000000 0.000000 0.000000 0.000000 1.000000
0.968145 -0.146312 -0.203194 0.000000 -0.013894 0.778870 -0.627032 16.433201 0.250004 0.609881 0.752026 0.000000 0.000000 0.000000 0.000000 1.000000
0.971494 -0.134120 -0.195479 0.000000 -0.018999 0.777877 -0.628130 16.433201 0.236304 0.613938 0.753154 0.000000 0.000000 0.000000 0.000000 1.000000
0.957655 -0.178373 -0.226008 0.000000 -0.008951 0.766151 -0.642598 16.433201 0.287779 0.617410 0.732112 0.000000 0.000000 0.000000 0.000000 1.000000
0.944760 -0.212427 -0.249606 0.000000 -0.006808 0.748663 -0.662915 16.433201 0.327692 0.627995 0.705861 0.000000 0.000000 0.000000 0.000000 1.000000
0.952622 -0.190266 -0.237299 0.000000 -0.028850 0.720142 -0.693227 16.433201 0.302786 0.667229 0.680533 0.000000 0.000000 0.000000 0.000000 1.000000
0.951556 -0.190562 -0.241305 -0.000000 -0.054805 0.667107 -0.742943 16.433201 0.302553 0.720176 0.624346 0.000000 0.000000 0.000000 0.000000 1.000000
0.949475 -0.221744 -0.222098 -0.000000 -0.007958 0.690434 -0.723352 16.433201 0.313743 0.688572 0.653785 0.000000 0.000000 0.000000 0.000000 1.000000
0.947875 -0.201680 -0.246693 -0.000000 0.005554 0.784542 -0.620050 16.433201 0.318593 0.586360 0.744769 0.000000 0.000000 0.000000 0.000000 1.000000
0.952839 -0.188926 -0.237497 0.000000 0.005078 0.792404 -0.609975 16.433201 0.303434 0.580002 0.755993 0.000000 0.000000 0.000000 0.000000 1.000000
0.951266 -0.190171 -0.242751 0.000000 0.001376 0.789813 -0.613346 16.433201 0.308368 0.583121 0.751584 0.000000 0.000000 0.000000 0.000000 1.000000
0.950087 -0.191443 -0.246343 0.000000 -0.000877 0.787954 -0.615733 16.433201 0.311985 0.585216 0.748457 0.000000 0.000000 0.000000 0.000000 1.000000
0.949915 -0.192062 -0.246522 0.000000 -0.000586 0.787756 -0.615987 16.433201 0.312506 0.585280 0.748189 0.000000 0.000000 0.000000 0.000000 1.000000
0.947583 -0.192091 -0.255317 0.000000 -0.006663 0.787039 -0.616867 16.433201 0.319439 0.586234 0.744505 0.000000 0.000000 0.000000 0.000000 1.000000
0.947516 -0.193660 -0.254381 0.000000 -0.011246 0.774981 -0.631884 16.433201 0.319511 0.601581 0.732129 -0.000000 0.000000 0.000000 0.000000 1.000000
0.949326 -0.190608 -0.249898 -0.000000 -0.013391 0.769858 -0.638074 16.433201 0.314008 0.609087 0.728294 -0.000000 0.000000 0.000000 0.000000 1.000000
0.947329 -0.194658 -0.254314 0.000000 -0.013489 0.769127 -0.638954 16.433201 0.319977 0.608730 0.725991 0.000000 0.000000 0.000000 0.000000 1.000000
0.947251 -0.196358 -0.253297 0.000000 -0.017504 0.757459 -0.652648 16.433201 0.320014 0.622655 0.714067 -0.000000 0.000000 0.000000 0.000000 1.000000
0.947123 -0.201869 -0.249414 0.000000 -0.032994 0.711912 -0.701493 16.433201 0.319171 0.672629 0.667608 -0.000000 0.000000 0.000000 0.000000 1.000000
0.946056 -0.212557 -0.244534 -0.000000 -0.059302 0.628383 -0.775640 16.433201 0.318529 0.748301 0.581881 0.000000 0.000000 0.000000 0.000000 1.000000
0.944981 -0.223843 -0.238547 0.000000 -0.091084 0.520343 -0.849086 16.433201 0.314188 0.824098 0.471326 0.000000 0.000000 0.000000 0.000000 1.000000
0.947387 -0.226123 -0.226554 0.000000 -0.103170 0.454292 -0.884859 16.433201 0.303008 0.861677 0.407061 -0.000000 0.000000 0.000000 0.000000 1.000000
0.958262 -0.224361 -0.177187 0.000000 -0.088294 0.357220 -0.929838 16.433201 0.271914 0.906673 0.322500 0.000000 0.000000 0.000000 0.000000 1.000000
0.949296 -0.230939 -0.213319 0.000000 -0.130308 0.328468 -0.935483 16.433201 0.286108 0.915847 0.281720 0.000000 0.000000 0.000000 0.000000 1.000000
0.958049 -0.146603 -0.246273 0.000000 -0.084863 0.675637 -0.732334 16.433201 0.273754 0.722511 0.634852 0.000000 0.000000 0.000000 0.000000 1.000000
0.961822 -0.124585 -0.243673 -0.000000 -0.072171 0.743390 -0.664953 16.433201 0.263987 0.657152 0.706018 0.000000 0.000000 0.000000 0.000000 1.000000
0.942741 -0.150883 -0.297444 -0.000000 -0.070384 0.781734 -0.619627 16.433201 0.326014 0.605083 0.726353 -0.000000 0.000000 0.000000 0.000000 1.000000
0.937404 -0.164748 -0.306811 0.000000 -0.054281 0.801127 -0.596027 16.433201 0.343989 0.575372 0.742037 0.000000 0.000000 0.000000 0.000000 1.000000
0.962540 -0.131245 -0.237259 0.000000 -0.043719 0.788466 -0.613522 16.433201 0.267593 0.600912 0.753192 0.000000 0.000000 0.000000 0.000000 1.000000
0.982804 -0.089175 -0.161691 -0.000000 -0.027224 0.796111 -0.604538 16.433201 0.182633 0.598545 0.779993 0.000000 0.000000 0.000000 0.000000 1.000000</float_array>
        <technique_common>
          <accessor source="#mixamorig8_LeftToeBase-Matrix-animation-output-transform-array" count="32" stride="16">
            <param type="float4x4"/>
          </accessor>
        </technique_common>
      </source>
      <source id="mixamorig8_LeftToeBase-Interpolations">
        <Name_array id="mixamorig8_LeftToeBase-Interpolations-array" count="32">
 LINEAR LINEAR LINEAR LINEAR LINEAR LINEAR LINEAR LINEAR LINEAR LINEAR LINEAR
LINEAR LINEAR LINEAR LINEAR LINEAR LINEAR LINEAR LINEAR LINEAR LINEAR LINEAR LINEAR
LINEAR LINEAR LINEAR LINEAR LINEAR LINEAR LINEAR LINEAR LINEAR</Name_array>
        <technique_common>
          <accessor source="#mixamorig8_LeftToeBase-Interpolations-array" count="32">
            <param type="name"/>
          </accessor>
        </technique_common>
      </source>
      <sampler id="mixamorig8_LeftToeBase-Matrix-animation-transform">
        <input semantic="INPUT" source="#mixamorig8_LeftToeBase-Matrix-animation-input"/>
        <input semantic="OUTPUT" source="#mixamorig8_LeftToeBase-Matrix-animation-output-transform"/>
        <input semantic="INTERPOLATION" source="#mixamorig8_LeftToeBase-Interpolations"/>
      </sampler>
      <channel source="#mixamorig8_LeftToeBase-Matrix-animation-transform" target="mixamorig8_LeftToeBase/matrix"/>
    </animation>
    <animation id="mixamorig8_RightUpLeg-anim" name="mixamorig8_RightUpLeg">
      <source id="mixamorig8_RightUpLeg-Matrix-animation-input">
        <float_array id="mixamorig8_RightUpLeg-Matrix-animation-input-array" count="32">

0.000000 0.033333 0.066667 0.100000 0.133333 0.166667 0.200000 0.233333 0.266667 0.300000 0.333333 0.366667 0.400000 0.433333 0.466667 0.500000
0.533333 0.566667 0.600000 0.633333 0.666667 0.700000 0.733333 0.766667 0.800000 0.833333 0.866667 0.900000 0.933333 0.966667 1.000000 1.033333</float_array>
        <technique_common>
          <accessor source="#mixamorig8_RightUpLeg-Matrix-animation-input-array" count="32">
            <param name="TIME" type="float"/>
          </accessor>
        </technique_common>
      </source>
      <source id="mixamorig8_RightUpLeg-Matrix-animation-output-transform">
        <float_array id="mixamorig8_RightUpLeg-Matrix-animation-output-transform-array" count="512">

-0.988155 0.044832 -0.146762 -9.217100 -0.068842 -0.984246 0.162852 -5.789400 -0.137149 0.171026 0.975674 -0.725500 0.000000 0.000000 0.000000 1.000000
-0.986235 0.050725 -0.157377 -9.217100 -0.064800 -0.994218 0.085628 -5.789400 -0.152124 0.094647 0.983819 -0.725500 0.000000 0.000000 0.000000 1.000000
-0.984307 0.052995 -0.168319 -9.217100 -0.056924 -0.998205 0.018603 -5.789400 -0.167031 0.027893 0.985557 -0.725500 0.000000 0.000000 0.000000 1.000000
-0.981904 0.047706 -0.183275 -9.217100 -0.039420 -0.998040 -0.048594 -5.789400 -0.185234 -0.040490 0.981860 -0.725500 0.000000 0.000000 0.000000 1.000000
-0.980544 0.037361 -0.192711 -9.217100 -0.016995 -0.994192 -0.106271 -5.789400 -0.195562 -0.100929 0.975484 -0.725500 0.000000 0.000000 0.000000 1.000000
-0.978927 0.021923 -0.203031 -9.217100 0.008075 -0.989287 -0.145759 -5.789400 -0.204052 -0.144327 0.968263 -0.725500 0.000000 0.000000 0.000000 1.000000
-0.977281 0.007506 -0.211816 -9.217100 0.032403 -0.982334 -0.184311 -5.789400 -0.209457 -0.186988 0.959773 -0.725500 0.000000 0.000000 0.000000 1.000000
-0.975396 -0.006138 -0.220375 -9.217100 0.056341 -0.973358 -0.222262 -5.789400 -0.213139 -0.229209 0.949755 -0.725500 0.000000 0.000000 0.000000 1.000000
-0.973709 -0.021081 -0.226820 -9.217100 0.080714 -0.963039 -0.256986 -5.789400 -0.213019 -0.268537 0.939420 -0.725500 0.000000 0.000000 0.000000 1.000000
-0.972795 -0.033647 -0.229212 -9.217100 0.098112 -0.956124 -0.276044 -5.789400 -0.209867 -0.291023 0.933414 -0.725500 0.000000 0.000000 0.000000 1.000000
-0.973061 -0.048784 -0.225327 -9.217100 0.107659 -0.960400 -0.256985 -5.789400 -0.203867 -0.274321 0.939780 -0.725500 0.000000 0.000000 0.000000 1.000000
-0.978123 -0.059679 -0.199284 -9.217100 0.103916 -0.970053 -0.219541 -5.789400 -0.180214 -0.235447 0.955033 -0.725500 0.000000 0.000000 0.000000 1.000000
-0.980422 -0.069383 -0.184280 -9.217100 0.093077 -0.988006 -0.123206 -5.789400 -0.173522 -0.137947 0.975121 -0.725500 0.000000 0.000000 0.000000 1.000000
-0.984214 -0.067766 -0.163495 -9.217100 0.071039 -0.997372 -0.014247 -5.789400 -0.162100 -0.025637 0.986441 -0.725500 0.000000 0.000000 0.000000 1.000000
-0.988123 -0.055002 -0.143484 -9.217100 0.038710 -0.992730 0.113964 -5.789400 -0.148709 0.107056 0.983069 -0.725500 0.000000 0.000000 0.000000 1.000000
-0.990894 -0.040016 -0.128564 -9.217100 0.009842 -0.973789 0.227242 -5.789400 -0.134287 0.223908 0.965315 -0.725500 0.000000 0.000000 0.000000 1.000000
-0.992283 -0.035112 -0.118920 -9.217100 -0.005873 -0.944683 0.327931 -5.789400 -0.123856 0.326099 0.937187 -0.725500 0.000000 0.000000 0.000000 1.000000
-0.993406 -0.043277 -0.106172 -9.217100 -0.003986 -0.912433 0.409206 -5.789400 -0.114584 0.406931 0.906244 -0.725500 0.000000 0.000000 0.000000 1.000000
-0.994369 -0.056257 -0.089811 -9.217100 0.008457 -0.886888 0.461908 -5.789400 -0.105638 0.458547 0.882369 -0.725500 0.000000 0.000000 0.000000 1.000000
-0.994962 -0.068168 -0.073512 -9.217100 0.021972 -0.863697 0.503532 -5.789400 -0.097817 0.499380 0.860843 -0.725500 0.000000 0.000000 0.000000 1.000000
-0.994837 -0.078022 -0.064894 -9.217100 0.031562 -0.845626 0.532842 -5.789400 -0.096449 0.528043 0.843723 -0.725500 0.000000 0.000000 0.000000 1.000000
-0.993733 -0.088232 -0.068627 -9.217100 0.034313 -0.825093 0.563955 -5.789400 -0.106382 0.558066 0.822949 -0.725500 0.000000 0.000000 0.000000 1.000000
-0.993299 -0.093752 -0.067591 -9.217100 0.033745 -0.794582 0.606218 -5.789400 -0.110541 0.599875 0.792421 -0.725500 0.000000 0.000000 0.000000 1.000000
-0.993977 -0.088527 -0.064591 -9.217100 0.025999 -0.763081 0.645780 -5.789400 -0.106457 0.640212 0.760786 -0.725500 0.000000 0.000000 0.000000 1.000000
-0.994912 -0.073647 -0.068752 -9.217100 0.009474 -0.747761 0.663900 -5.789400 -0.100305 0.659871 0.744654 -0.725500 0.000000 0.000000 0.000000 1.000000
-0.995532 -0.054354 -0.077211 -9.217100 -0.008802 -0.760727 0.649013 -5.789400 -0.094013 0.646793 0.756849 -0.725500 0.000000 0.000000 0.000000 1.000000
-0.995822 -0.027655 -0.087023 -9.217100 -0.030790 -0.795525 0.605138 -5.789400 -0.085964 0.605290 0.791350 -0.725500 0.000000 0.000000 0.000000 1.000000
-0.994780 0.002721 -0.102011 -9.217100 -0.059663 -0.826496 0.559772 -5.789400 -0.082789 0.562936 0.822344 -0.725500 0.000000 0.000000 0.000000 1.000000
-0.992033 0.022276 -0.123994 -9.217100 -0.079046 -0.876451 0.474958 -5.789400 -0.098095 0.480975 0.871229 -0.725500 0.000000 0.000000 0.000000 1.000000
-0.990306 0.033257 -0.134861 -9.217100 -0.081704 -0.924652 0.371945 -5.789400 -0.112330 0.379358 0.918406 -0.725500 0.000000 0.000000 0.000000 1.000000
-0.988923 0.039732 -0.143013 -9.217100 -0.077193 -0.960629 0.266895 -5.789400 -0.126778 0.274978 0.953055 -0.725500 0.000000 0.000000 0.000000 1.000000
-0.988155 0.044833 -0.146762 -9.217100 -0.068842 -0.984246 0.162850 -5.789400 -0.137149 0.171025 0.975675 -0.725500 0.000000 0.000000 0.000000 1.000000</float_array>
        <technique_common>
          <accessor source="#mixamorig8_RightUpLeg-Matrix-animation-output-transform-array" count="32" stride="16">
            <param type="float4x4"/>
          </accessor>
        </technique_common>
      </source>
      <source id="mixamorig8_RightUpLeg-Interpolations">
        <Name_array id="mixamorig8_RightUpLeg-Interpolations-array" count="32">
 LINEAR LINEAR LINEAR LINEAR LINEAR LINEAR LINEAR LINEAR LINEAR LINEAR LINEAR
LINEAR LINEAR LINEAR LINEAR LINEAR LINEAR LINEAR LINEAR LINEAR LINEAR LINEAR LINEAR
LINEAR LINEAR LINEAR LINEAR LINEAR LINEAR LINEAR LINEAR LINEAR</Name_array>
        <technique_common>
          <accessor source="#mixamorig8_RightUpLeg-Interpolations-array" count="32">
            <param type="name"/>
          </accessor>
        </technique_common>
      </source>
      <sampler id="mixamorig8_RightUpLeg-Matrix-animation-transform">
        <input semantic="INPUT" source="#mixamorig8_RightUpLeg-Matrix-animation-input"/>
        <input semantic="OUTPUT" source="#mixamorig8_RightUpLeg-Matrix-animation-output-transform"/>
        <input semantic="INTERPOLATION" source="#mixamorig8_RightUpLeg-Interpolations"/>
      </sampler>
      <channel source="#mixamorig8_RightUpLeg-Matrix-animation-transform" target="mixamorig8_RightUpLeg/matrix"/>
    </animation>
    <animation id="mixamorig8_RightLeg-anim" name="mixamorig8_RightLeg">
      <source id="mixamorig8_RightLeg-Matrix-animation-input">
        <float_array id="mixamorig8_RightLeg-Matrix-animation-input-array" count="32">

0.000000 0.033333 0.066667 0.100000 0.133333 0.166667 0.200000 0.233333 0.266667 0.300000 0.333333 0.366667 0.400000 0.433333 0.466667 0.500000
0.533333 0.566667 0.600000 0.633333 0.666667 0.700000 0.733333 0.766667 0.800000 0.833333 0.866667 0.900000 0.933333 0.966667 1.000000 1.033333</float_array>
        <technique_common>
          <accessor source="#mixamorig8_RightLeg-Matrix-animation-input-array" count="32">
            <param name="TIME" type="float"/>
          </accessor>
        </technique_common>
      </source>
      <source id="mixamorig8_RightLeg-Matrix-animation-output-transform">
        <float_array id="mixamorig8_RightLeg-Matrix-animation-output-transform-array" count="512">

0.990008 -0.007457 -0.140812 0.000000 0.056103 0.936989 0.344824 43.121101 0.129368 -0.349278 0.928045 0.000000 0.000000 0.000000 0.000000 1.000000
0.987670 -0.008699 -0.156307 -0.000000 0.058159 0.947387 0.314764 43.121101 0.145345 -0.319973 0.936211 -0.000000 0.000000 0.000000 0.000000 1.000000
0.984546 -0.014704 -0.174507 0.000000 0.069030 0.948374 0.309551 43.121101 0.160946 -0.316813 0.934733 0.000000 0.000000 0.000000 0.000000 1.000000
0.979792 -0.025589 -0.198377 0.000000 0.087999 0.945789 0.312633 43.121101 0.179623 -0.323772 0.928928 0.000000 0.000000 0.000000 0.000000 1.000000
0.975565 -0.035746 -0.216783 0.000000 0.106939 0.939168 0.326385 43.121101 0.191929 -0.341593 0.920042 -0.000000 0.000000 0.000000 0.000000 1.000000
0.971401 -0.041533 -0.233784 0.000000 0.127096 0.922611 0.364192 43.121101 0.200566 -0.383490 0.901504 0.000000 0.000000 0.000000 0.000000 1.000000
0.968739 -0.040176 -0.244808 -0.000000 0.138643 0.905992 0.399947 43.121101 0.205725 -0.421385 0.883239 0.000000 0.000000 0.000000 0.000000 1.000000
0.967104 -0.028852 -0.252739 0.000000 0.141936 0.885712 0.442005 43.121101 0.211101 -0.463338 0.860671 -0.000000 0.000000 0.000000 0.000000 1.000000
0.966530 -0.011014 -0.256316 0.000000 0.139147 0.861869 0.487667 43.121101 0.215540 -0.507011 0.834555 0.000000 0.000000 0.000000 0.000000 1.000000
0.970797 0.011943 -0.239603 0.000000 0.116709 0.849091 0.515192 43.121101 0.209598 -0.528111 0.822902 0.000000 0.000000 0.000000 0.000000 1.000000
0.983870 0.027928 -0.176690 0.000000 0.081305 0.810000 0.580766 43.121101 0.159339 -0.585764 0.794665 -0.000000 0.000000 0.000000 0.000000 1.000000
0.996956 0.028431 -0.072598 0.000000 0.026232 0.754540 0.655730 43.121101 0.073421 -0.655638 0.751497 0.000000 0.000000 0.000000 0.000000 1.000000
0.999662 0.025574 -0.004661 0.000000 -0.013318 0.657851 0.753030 43.121101 0.022324 -0.752713 0.657970 -0.000000 0.000000 0.000000 0.000000 1.000000
0.999661 0.016736 0.019929 0.000000 -0.025935 0.577451 0.816013 43.121101 0.002148 -0.816254 0.577689 -0.000000 0.000000 0.000000 0.000000 1.000000
0.999623 0.003567 0.027223 0.000000 -0.025104 0.520272 0.853631 43.121101 -0.011118 -0.853993 0.520166 0.000000 0.000000 0.000000 0.000000 1.000000
0.999134 -0.013634 0.039304 0.000000 -0.026189 0.527930 0.848884 43.121101 -0.032323 -0.849178 0.527116 -0.000000 0.000000 0.000000 0.000000 1.000000
0.998138 -0.026801 0.054787 0.000000 -0.028437 0.590160 0.806786 43.121101 -0.053956 -0.806842 0.588299 0.000000 0.000000 0.000000 0.000000 1.000000
0.997161 -0.031034 0.068611 0.000000 -0.028018 0.692811 0.720575 43.121101 -0.069897 -0.720452 0.689974 0.000000 0.000000 0.000000 0.000000 1.000000
0.997097 -0.023041 0.072572 0.000000 -0.024486 0.805451 0.592157 43.121101 -0.072097 -0.592214 0.802548 0.000000 0.000000 0.000000 0.000000 1.000000
0.997385 -0.007250 0.071901 0.000000 -0.025262 0.897204 0.440893 43.121101 -0.067706 -0.441556 0.894675 0.000000 0.000000 0.000000 0.000000 1.000000
0.997559 0.006572 0.069519 0.000000 -0.025619 0.960580 0.276820 43.121101 -0.064960 -0.277925 0.958404 0.000000 0.000000 0.000000 0.000000 1.000000
0.998696 0.011756 0.049681 0.000000 -0.020604 0.983167 0.181545 43.121101 -0.046711 -0.182332 0.982127 -0.000000 0.000000 0.000000 0.000000 1.000000
0.999540 0.012941 0.027428 -0.000000 -0.018721 0.974801 0.222288 43.121101 -0.023860 -0.222700 0.974595 -0.000000 0.000000 0.000000 0.000000 1.000000
0.999806 0.013436 0.014433 0.000000 -0.017714 0.933533 0.358054 43.121101 -0.008663 -0.358240 0.933589 0.000000 0.000000 0.000000 0.000000 1.000000
0.999830 0.015034 0.010665 0.000000 -0.018285 0.881939 0.471009 43.121101 -0.002325 -0.471124 0.882064 0.000000 0.000000 0.000000 0.000000 1.000000
1.000000 -0.000108 -0.000630 -0.000000 0.000414 0.859904 0.510456 43.121101 0.000487 -0.510456 0.859904 0.000000 0.000000 0.000000 0.000000 1.000000
0.999862 -0.014633 -0.007836 -0.000000 0.016584 0.860986 0.508358 43.121101 -0.000692 -0.508418 0.861110 -0.000000 0.000000 0.000000 0.000000 1.000000
0.999792 -0.013218 -0.015537 0.000000 0.019535 0.839697 0.542703 43.121101 0.005874 -0.542894 0.839781 0.000000 0.000000 0.000000 0.000000 1.000000
0.999234 -0.008139 -0.038270 -0.000000 0.026984 0.851640 0.523431 43.121101 0.028332 -0.524063 0.851208 -0.000000 0.000000 0.000000 0.000000 1.000000
0.997831 -0.007519 -0.065394 -0.000000 0.037947 0.877462 0.478144 43.121101 0.053785 -0.479588 0.875844 0.000000 0.000000 0.000000 0.000000 1.000000
0.994829 -0.007106 -0.101316 -0.000000 0.049274 0.906056 0.420278 43.121101 0.088812 -0.423097 0.901721 0.000000 0.000000 0.000000 0.000000 1.000000
0.990008 -0.007457 -0.140812 0.000000 0.056103 0.936991 0.344820 43.121101 0.129368 -0.349275 0.928047 0.000000 0.000000 0.000000 0.000000 1.000000</float_array>
        <technique_common>
          <accessor source="#mixamorig8_RightLeg-Matrix-animation-output-transform-array" count="32" stride="16">
            <param type="float4x4"/>
          </accessor>
        </technique_common>
      </source>
      <source id="mixamorig8_RightLeg-Interpolations">
        <Name_array id="mixamorig8_RightLeg-Interpolations-array" count="32">
 LINEAR LINEAR LINEAR LINEAR LINEAR LINEAR LINEAR LINEAR LINEAR LINEAR LINEAR
LINEAR LINEAR LINEAR LINEAR LINEAR LINEAR LINEAR LINEAR LINEAR LINEAR LINEAR LINEAR
LINEAR LINEAR LINEAR LINEAR LINEAR LINEAR LINEAR LINEAR LINEAR</Name_array>
        <technique_common>
          <accessor source="#mixamorig8_RightLeg-Interpolations-array" count="32">
            <param type="name"/>
          </accessor>
        </technique_common>
      </source>
      <sampler id="mixamorig8_RightLeg-Matrix-animation-transform">
        <input semantic="INPUT" source="#mixamorig8_RightLeg-Matrix-animation-input"/>
        <input semantic="OUTPUT" source="#mixamorig8_RightLeg-Matrix-animation-output-transform"/>
        <input semantic="INTERPOLATION" source="#mixamorig8_RightLeg-Interpolations"/>
      </sampler>
      <channel source="#mixamorig8_RightLeg-Matrix-animation-transform" target="mixamorig8_RightLeg/matrix"/>
    </animation>
    <animation id="mixamorig8_RightFoot-anim" name="mixamorig8_RightFoot">
      <source id="mixamorig8_RightFoot-Matrix-animation-input">
        <float_array id="mixamorig8_RightFoot-Matrix-animation-input-array" count="32">

0.000000 0.033333 0.066667 0.100000 0.133333 0.166667 0.200000 0.233333 0.266667 0.300000 0.333333 0.366667 0.400000 0.433333 0.466667 0.500000
0.533333 0.566667 0.600000 0.633333 0.666667 0.700000 0.733333 0.766667 0.800000 0.833333 0.866667 0.900000 0.933333 0.966667 1.000000 1.033333</float_array>
        <technique_common>
          <accessor source="#mixamorig8_RightFoot-Matrix-animation-input-array" count="32">
            <param name="TIME" type="float"/>
          </accessor>
        </technique_common>
      </source>
      <source id="mixamorig8_RightFoot-Matrix-animation-output-transform">
        <float_array id="mixamorig8_RightFoot-Matrix-animation-output-transform-array" count="512">

0.988552 0.084763 -0.124823 0.000000 -0.146460 0.340268 -0.928852 36.843498 -0.036259 0.936500 0.348787 -0.000000 0.000000 0.000000 0.000000 1.000000
0.987463 0.085673 -0.132576 -0.000000 -0.153799 0.333156 -0.930244 36.843498 -0.035528 0.938971 0.342156 0.000000 0.000000 0.000000 0.000000 1.000000
0.986223 0.086234 -0.141166 0.000000 -0.161202 0.309491 -0.937139 36.843498 -0.037124 0.946984 0.319128 -0.000000 0.000000 0.000000 0.000000 1.000000
0.984511 0.086839 -0.152304 -0.000000 -0.170610 0.274527 -0.946323 36.843498 -0.040366 0.957650 0.285091 -0.000000 0.000000 0.000000 0.000000 1.000000
0.983249 0.085834 -0.160793 0.000000 -0.177006 0.239207 -0.954698 36.843498 -0.043483 0.967167 0.250393 0.000000 0.000000 0.000000 0.000000 1.000000
0.982636 0.083866 -0.165507 0.000000 -0.180204 0.218929 -0.958956 36.843498 -0.044189 0.972130 0.230240 0.000000 0.000000 0.000000 0.000000 1.000000
0.982187 0.082360 -0.168895 0.000000 -0.183321 0.222632 -0.957512 36.843498 -0.041259 0.971417 0.233765 0.000000 0.000000 0.000000 0.000000 1.000000
0.982857 0.081479 -0.165389 0.000000 -0.181135 0.259424 -0.948625 36.843498 -0.034387 0.962320 0.269736 0.000000 0.000000 0.000000 0.000000 1.000000
0.983944 0.083206 -0.157895 0.000000 -0.177374 0.357673 -0.916847 36.843498 -0.019812 0.930133 0.366689 0.000000 0.000000 0.000000 0.000000 1.000000
0.991588 0.066499 -0.111043 0.000000 -0.129104 0.569205 -0.811996 36.843498 0.009209 0.819502 0.573002 0.000000 0.000000 0.000000 0.000000 1.000000
0.995454 0.047521 -0.082538 0.000000 -0.090510 0.741769 -0.664520 36.843498 0.029646 0.668970 0.742698 0.000000 0.000000 0.000000 0.000000 1.000000
0.995069 0.048996 -0.086244 0.000000 -0.087386 0.844408 -0.528525 36.843498 0.046929 0.533455 0.844525 0.000000 0.000000 0.000000 0.000000 1.000000
0.988294 0.082667 -0.128222 0.000000 -0.137781 0.844521 -0.517494 36.843498 0.065506 0.529103 0.846025 0.000000 0.000000 0.000000 0.000000 1.000000
0.977230 0.118092 -0.176282 0.000000 -0.200529 0.785550 -0.585406 36.843498 0.069347 0.607426 0.791344 0.000000 0.000000 0.000000 0.000000 1.000000
0.967273 0.136418 -0.213947 0.000000 -0.248742 0.676303 -0.693355 36.843498 0.050107 0.723881 0.688102 0.000000 0.000000 0.000000 0.000000 1.000000
0.964348 0.132771 -0.228920 0.000000 -0.263640 0.556979 -0.787571 36.843498 0.022937 0.819845 0.572126 -0.000000 0.000000 0.000000 0.000000 1.000000
0.967533 0.122282 -0.221193 -0.000000 -0.252737 0.461740 -0.850247 36.843498 -0.001837 0.878546 0.477654 0.000000 0.000000 0.000000 0.000000 1.000000
0.972054 0.111845 -0.206403 -0.000000 -0.234348 0.410321 -0.881316 36.843498 -0.013879 0.905057 0.425065 -0.000000 0.000000 0.000000 0.000000 1.000000
0.974809 0.106719 -0.195855 -0.000000 -0.221945 0.377127 -0.899175 36.843498 -0.022097 0.919993 0.391312 0.000000 0.000000 0.000000 0.000000 1.000000
0.979084 0.097720 -0.178454 0.000000 -0.201471 0.343408 -0.917322 36.843498 -0.028359 0.934089 0.355913 -0.000000 0.000000 0.000000 0.000000 1.000000
0.988224 0.076322 -0.132619 0.000000 -0.150006 0.312258 -0.938080 36.843498 -0.030184 0.946927 0.320029 0.000000 0.000000 0.000000 0.000000 1.000000
0.996580 0.053780 -0.062731 -0.000000 -0.075130 0.273746 -0.958863 36.843498 -0.034396 0.960297 0.276850 0.000000 0.000000 0.000000 0.000000 1.000000
0.998942 0.042061 -0.018608 0.000000 -0.028162 0.239499 -0.970488 36.843498 -0.036363 0.969985 0.240430 0.000000 0.000000 0.000000 0.000000 1.000000
0.998738 0.040768 -0.029338 0.000000 -0.038644 0.250574 -0.967326 36.843498 -0.032085 0.967239 0.251833 0.000000 0.000000 0.000000 0.000000 1.000000
0.998665 0.036264 -0.036779 0.000000 -0.047706 0.374667 -0.925931 36.843498 -0.019798 0.926450 0.375897 0.000000 0.000000 0.000000 0.000000 1.000000
0.997796 0.042312 -0.051121 -0.000000 -0.065554 0.508785 -0.858394 36.843498 -0.010311 0.859853 0.510437 0.000000 0.000000 0.000000 0.000000 1.000000
0.996413 0.053435 -0.065626 0.000000 -0.084349 0.563978 -0.821471 36.843498 -0.006884 0.824059 0.566462 0.000000 0.000000 0.000000 0.000000 1.000000
0.993659 0.068255 -0.089352 -0.000000 -0.111600 0.501793 -0.857758 36.843498 -0.013710 0.862290 0.506229 0.000000 0.000000 0.000000 0.000000 1.000000
0.991979 0.074269 -0.102283 0.000000 -0.124674 0.441516 -0.888549 36.843498 -0.020832 0.894174 0.447234 0.000000 0.000000 0.000000 0.000000 1.000000
0.991282 0.076547 -0.107241 -0.000000 -0.128908 0.395079 -0.909558 36.843498 -0.027255 0.915452 0.401502 -0.000000 0.000000 0.000000 0.000000 1.000000
0.989809 0.081291 -0.116919 0.000000 -0.138560 0.360366 -0.922463 36.843498 -0.032855 0.929262 0.367957 -0.000000 0.000000 0.000000 0.000000 1.000000
0.988552 0.084763 -0.124823 0.000000 -0.146461 0.340270 -0.928852 36.843498 -0.036259 0.936500 0.348789 0.000000 0.000000 0.000000 0.000000 1.000000</float_array>
        <technique_common>
          <accessor source="#mixamorig8_RightFoot-Matrix-animation-output-transform-array" count="32" stride="16">
            <param type="float4x4"/>
          </accessor>
        </technique_common>
      </source>
      <source id="mixamorig8_RightFoot-Interpolations">
        <Name_array id="mixamorig8_RightFoot-Interpolations-array" count="32">
 LINEAR LINEAR LINEAR LINEAR LINEAR LINEAR LINEAR LINEAR LINEAR LINEAR LINEAR
LINEAR LINEAR LINEAR LINEAR LINEAR LINEAR LINEAR LINEAR LINEAR LINEAR LINEAR LINEAR
LINEAR LINEAR LINEAR LINEAR LINEAR LINEAR LINEAR LINEAR LINEAR</Name_array>
        <technique_common>
          <accessor source="#mixamorig8_RightFoot-Interpolations-array" count="32">
            <param type="name"/>
          </accessor>
        </technique_common>
      </source>
      <sampler id="mixamorig8_RightFoot-Matrix-animation-transform">
        <input semantic="INPUT" source="#mixamorig8_RightFoot-Matrix-animation-input"/>
        <input semantic="OUTPUT" source="#mixamorig8_RightFoot-Matrix-animation-output-transform"/>
        <input semantic="INTERPOLATION" source="#mixamorig8_RightFoot-Interpolations"/>
      </sampler>
      <channel source="#mixamorig8_RightFoot-Matrix-animation-transform" target="mixamorig8_RightFoot/matrix"/>
    </animation>
    <animation id="mixamorig8_RightToeBase-anim" name="mixamorig8_RightToeBase">
      <source id="mixamorig8_RightToeBase-Matrix-animation-input">
        <float_array id="mixamorig8_RightToeBase-Matrix-animation-input-array" count="32">

0.000000 0.033333 0.066667 0.100000 0.133333 0.166667 0.200000 0.233333 0.266667 0.300000 0.333333 0.366667 0.400000 0.433333 0.466667 0.500000
0.533333 0.566667 0.600000 0.633333 0.666667 0.700000 0.733333 0.766667 0.800000 0.833333 0.866667 0.900000 0.933333 0.966667 1.000000 1.033333</float_array>
        <technique_common>
          <accessor source="#mixamorig8_RightToeBase-Matrix-animation-input-array" count="32">
            <param name="TIME" type="float"/>
          </accessor>
        </technique_common>
      </source>
      <source id="mixamorig8_RightToeBase-Matrix-animation-output-transform">
        <float_array id="mixamorig8_RightToeBase-Matrix-animation-output-transform-array" count="512">

0.974517 0.132462 0.181027 0.000000 0.010423 0.779412 -0.626424 16.424299 -0.224072 0.612348 0.758170 -0.000000 0.000000 0.000000 0.000000 1.000000
0.974906 0.132929 0.178571 -0.000000 0.009657 0.776142 -0.630485 16.424299 -0.222406 0.616388 0.755382 -0.000000 0.000000 0.000000 0.000000 1.000000
0.974592 0.134918 0.178797 0.000000 0.008798 0.774566 -0.632432 16.424299 -0.223816 0.617936 0.753698 0.000000 0.000000 0.000000 0.000000 1.000000
0.973826 0.139053 0.179800 0.000000 0.008725 0.767583 -0.640890 16.424299 -0.227129 0.625684 0.746279 0.000000 0.000000 0.000000 0.000000 1.000000
0.972936 0.147617 0.177774 0.000000 0.009326 0.743633 -0.668523 16.424299 -0.230884 0.652088 0.722131 -0.000000 0.000000 0.000000 0.000000 1.000000
0.972966 0.155931 0.170361 0.000000 0.014962 0.693548 -0.720255 16.424299 -0.230464 0.703332 0.672466 0.000000 0.000000 0.000000 0.000000 1.000000
0.971638 0.164991 0.169403 0.000000 0.029911 0.624871 -0.780155 16.424299 -0.234573 0.763096 0.602213 0.000000 0.000000 0.000000 0.000000 1.000000
0.969213 0.181369 0.166525 0.000000 0.050760 0.514610 -0.855921 16.424299 -0.240933 0.838023 0.489560 0.000000 0.000000 0.000000 0.000000 1.000000
0.966933 0.199124 0.159341 0.000000 0.088386 0.324420 -0.941775 16.424299 -0.239223 0.924717 0.296092 -0.000000 0.000000 0.000000 0.000000 1.000000
0.969888 0.205344 0.130962 0.000000 0.130941 0.013752 -0.991295 16.424299 -0.205358 0.978593 -0.013550 -0.000000 0.000000 0.000000 0.000000 1.000000
0.967757 0.197134 0.156796 0.000000 0.167745 -0.040020 -0.985018 16.424299 -0.187905 0.979559 -0.071798 0.000000 0.000000 0.000000 0.000000 1.000000
0.952258 0.175756 0.249629 0.000000 0.213676 0.200322 -0.956145 16.424299 -0.218054 0.963837 0.153203 0.000000 0.000000 0.000000 0.000000 1.000000
0.949540 0.164331 0.267151 0.000000 0.131429 0.564900 -0.814625 16.424299 -0.284782 0.808630 0.514797 0.000000 0.000000 0.000000 0.000000 1.000000
0.952487 0.180155 0.245586 -0.000000 0.068129 0.659862 -0.748291 16.424299 -0.296862 0.729469 0.616236 0.000000 0.000000 0.000000 0.000000 1.000000
0.902118 0.228367 0.366104 0.000000 0.144479 0.639621 -0.754991 16.424299 -0.406583 0.733985 0.544019 -0.000000 0.000000 0.000000 0.000000 1.000000
0.885979 0.247792 0.391969 0.000000 0.151907 0.643540 -0.750187 16.424299 -0.438139 0.724193 0.532521 0.000000 0.000000 0.000000 0.000000 1.000000
0.925111 0.206183 0.318840 -0.000000 0.093444 0.690265 -0.717497 16.424299 -0.368020 0.693558 0.619305 0.000000 0.000000 0.000000 0.000000 1.000000
0.963656 0.169316 0.206639 0.000000 0.010466 0.748983 -0.662506 16.424299 -0.266942 0.640591 0.719990 0.000000 0.000000 0.000000 0.000000 1.000000
0.963321 0.169672 0.207903 0.000000 0.022969 0.719765 -0.693837 16.424299 -0.267366 0.673164 0.689468 0.000000 0.000000 0.000000 0.000000 1.000000
0.967459 0.155961 0.199248 -0.000000 0.029639 0.712177 -0.701373 16.424299 -0.251287 0.684455 0.684380 0.000000 0.000000 0.000000 0.000000 1.000000
0.970140 0.160811 0.181569 0.000000 0.019104 0.695612 -0.718163 16.424299 -0.241790 0.700188 0.671769 0.000000 0.000000 0.000000 0.000000 1.000000
0.967609 0.155537 0.198849 0.000000 0.043713 0.672543 -0.738766 16.424299 -0.248640 0.723529 0.643960 0.000000 0.000000 0.000000 0.000000 1.000000
0.974270 0.135154 0.180365 0.000000 0.037638 0.691454 -0.721439 16.424299 -0.222219 0.709665 0.668576 0.000000 0.000000 0.000000 0.000000 1.000000
0.977694 0.130972 0.164196 0.000000 0.045717 0.630312 -0.774994 16.424299 -0.204998 0.765214 0.610265 0.000000 0.000000 0.000000 0.000000 1.000000
0.973695 0.146739 0.174315 -0.000000 0.058859 0.577082 -0.814562 16.424299 -0.220122 0.803395 0.553265 0.000000 0.000000 0.000000 0.000000 1.000000
0.972403 0.138753 0.187564 0.000000 0.032860 0.714468 -0.698896 16.424299 -0.230982 0.685772 0.690191 0.000000 0.000000 0.000000 0.000000 1.000000
0.974809 0.128850 0.182056 -0.000000 0.005461 0.802216 -0.597010 16.424299 -0.222973 0.582965 0.781303 0.000000 0.000000 0.000000 0.000000 1.000000
0.974927 0.132205 0.178998 0.000000 0.012928 0.769378 -0.638663 16.424299 -0.222151 0.624964 0.748378 0.000000 0.000000 0.000000 0.000000 1.000000
0.974640 0.132789 0.180124 0.000000 0.011680 0.773631 -0.633529 16.424299 -0.223475 0.619566 0.752460 0.000000 0.000000 0.000000 0.000000 1.000000
0.974432 0.132737 0.181283 0.000000 0.009882 0.780737 -0.624781 16.424299 -0.224466 0.610598 0.759464 -0.000000 0.000000 0.000000 0.000000 1.000000
0.974443 0.132674 0.181268 0.000000 0.009967 0.780619 -0.624927 16.424299 -0.224413 0.610763 0.759347 0.000000 0.000000 0.000000 0.000000 1.000000
0.974517 0.132462 0.181027 0.000000 0.010423 0.779413 -0.626424 16.424299 -0.224072 0.612348 0.758170 0.000000 0.000000 0.000000 0.000000 1.000000</float_array>
        <technique_common>
          <accessor source="#mixamorig8_RightToeBase-Matrix-animation-output-transform-array" count="32" stride="16">
            <param type="float4x4"/>
          </accessor>
        </technique_common>
      </source>
      <source id="mixamorig8_RightToeBase-Interpolations">
        <Name_array id="mixamorig8_RightToeBase-Interpolations-array" count="32">
 LINEAR LINEAR LINEAR LINEAR LINEAR LINEAR LINEAR LINEAR LINEAR LINEAR LINEAR
LINEAR LINEAR LINEAR LINEAR LINEAR LINEAR LINEAR LINEAR LINEAR LINEAR LINEAR LINEAR
LINEAR LINEAR LINEAR LINEAR LINEAR LINEAR LINEAR LINEAR LINEAR</Name_array>
        <technique_common>
          <accessor source="#mixamorig8_RightToeBase-Interpolations-array" count="32">
            <param type="name"/>
          </accessor>
        </technique_common>
      </source>
      <sampler id="mixamorig8_RightToeBase-Matrix-animation-transform">
        <input semantic="INPUT" source="#mixamorig8_RightToeBase-Matrix-animation-input"/>
        <input semantic="OUTPUT" source="#mixamorig8_RightToeBase-Matrix-animation-output-transform"/>
        <input semantic="INTERPOLATION" source="#mixamorig8_RightToeBase-Interpolations"/>
      </sampler>
      <channel source="#mixamorig8_RightToeBase-Matrix-animation-transform" target="mixamorig8_RightToeBase/matrix"/>
    </animation>
  </library_animations>
  <library_visual_scenes>
    <visual_scene id="RootNode" name="RootNode">
      <node id="mixamorig8_Hips" name="mixamorig8_Hips" sid="mixamorig8_Hips" type="JOINT">
        <matrix sid="matrix">0.998605 0.024727 0.046646 -0.074314 -0.023923 0.999557 -0.017724 94.220451 -0.047064 0.016583 0.998754 0.564909 0.000000 0.000000 0.000000 1.000000</matrix>
        <node id="mixamorig8_Spine" name="mixamorig8_Spine" sid="mixamorig8_Spine" type="JOINT">
          <matrix sid="matrix">0.999976 -0.003184 0.006164 0.000000 0.002565 0.995192 0.097909 10.422600 -0.006446 -0.097891 0.995176 -1.061300 0.000000 0.000000 0.000000 1.000000</matrix>
          <node id="mixamorig8_Spine1" name="mixamorig8_Spine1" sid="mixamorig8_Spine1" type="JOINT">
            <matrix sid="matrix">0.999889 -0.009852 0.011144 0.000000 0.009927 0.999928 -0.006716 12.222600 -0.011077 0.006826 0.999915 0.000000 0.000000 0.000000 0.000000 1.000000</matrix>
            <node id="mixamorig8_Spine2" name="mixamorig8_Spine2" sid="mixamorig8_Spine2" type="JOINT">
              <matrix sid="matrix">0.999889 -0.009852 0.011144 -0.000000 0.009927 0.999928 -0.006716 13.968700 -0.011077 0.006826 0.999915 0.000000 0.000000 0.000000 0.000000 1.000000</matrix>
              <node id="mixamorig8_Neck" name="mixamorig8_Neck" sid="mixamorig8_Neck" type="JOINT">
                <matrix sid="matrix">0.999972 0.007031 -0.002654 0.000000 -0.007264 0.994830 -0.101298 15.714800 0.001928 0.101314 0.994853 -0.000000 0.000000 0.000000 0.000000 1.000000</matrix>
                <node id="mixamorig8_Head" name="mixamorig8_Head" sid="mixamorig8_Head" type="JOINT">
                  <matrix sid="matrix">0.999972 0.007031 -0.002654 0.000000 -0.007031 0.999975 0.000006 6.974500 0.002654 0.000012 0.999996 2.478000 0.000000 0.000000 0.000000 1.000000</matrix>
                  <node id="mixamorig8_HeadTop_End" name="mixamorig8_HeadTop_End" sid="mixamorig8_HeadTop_End" type="JOINT">
                    <matrix sid="matrix">1.000000 -0.000000 -0.000000 -0.000000 -0.000000 1.000000 -0.000000 20.495001 0.000000 0.000000 1.000000 7.281700 0.000000 0.000000 0.000000 1.000000</matrix>
                  </node>
                </node>
              </node>
              <node id="mixamorig8_LeftShoulder" name="mixamorig8_LeftShoulder" sid="mixamorig8_LeftShoulder" type="JOINT">
                <matrix sid="matrix">0.202487 0.833615 -0.513891 7.303800 0.018775 -0.527970 -0.849056 13.941600 -0.979105 0.162275 -0.122558 -0.181800 0.000000 0.000000 0.000000 1.000000</matrix>
                <node id="mixamorig8_LeftArm" name="mixamorig8_LeftArm" sid="mixamorig8_LeftArm" type="JOINT">
                  <matrix sid="matrix">0.984599 0.052073 -0.166895 -0.000000 -0.141796 0.796277 -0.588078 14.994400 0.102272 0.602686 0.791397 0.000000 0.000000 0.000000 0.000000 1.000000</matrix>
                  <node id="mixamorig8_LeftForeArm" name="mixamorig8_LeftForeArm" sid="mixamorig8_LeftForeArm" type="JOINT">
                    <matrix sid="matrix">0.817788 -0.446956 0.362565 0.000000 0.518753 0.845280 -0.128051 25.743401 -0.249235 0.292800 0.923119 0.000000 0.000000 0.000000 0.000000 1.000000</matrix>
                    <node id="mixamorig8_LeftHand" name="mixamorig8_LeftHand" sid="mixamorig8_LeftHand" type="JOINT">
                      <matrix sid="matrix">0.919911 -0.137616 0.367185 0.000000 0.059478 0.974529 0.216229 22.281700 -0.387589 -0.177072 0.904666 0.000000 0.000000 0.000000 0.000000 1.000000</matrix>
                      <node id="mixamorig8_LeftHandThumb1" name="mixamorig8_LeftHandThumb1" sid="mixamorig8_LeftHandThumb1" type="JOINT">
                        <matrix sid="matrix">0.954079 -0.271938 0.125631 -2.987900 0.297033 0.804518 -0.514318 2.933500 0.038790 0.528016 0.848348 1.347900 0.000000 0.000000 0.000000 1.000000</matrix>
                        <node id="mixamorig8_LeftHandThumb2" name="mixamorig8_LeftHandThumb2" sid="mixamorig8_LeftHandThumb2" type="JOINT">
                          <matrix sid="matrix">0.995250 -0.096922 -0.009101 -0.620400 0.097055 0.995159 0.015463 3.464000 0.007558 -0.016273 0.999839 0.000000 0.000000 0.000000 0.000000 1.000000</matrix>
                          <node id="mixamorig8_LeftHandThumb3" name="mixamorig8_LeftHandThumb3" sid="mixamorig8_LeftHandThumb3" type="JOINT">
                            <matrix sid="matrix">0.992128 -0.123504 -0.020719 0.165000 0.123552 0.992338 0.001021 3.349200 0.020434 -0.003573 0.999785 0.000000 0.000000 0.000000 0.000000 1.000000</matrix>
                            <node id="mixamorig8_LeftHandThumb4" name="mixamorig8_LeftHandThumb4" sid="mixamorig8_LeftHandThumb4" type="JOINT">
                              <matrix sid="matrix">1.000000 -0.000000 -0.000000 0.455300 0.000000 1.000000 -0.000000 2.604200 -0.000000 0.000000 1.000000 0.000000 0.000000 0.000000 0.000000 1.000000</matrix>
                            </node>
                          </node>
                        </node>
                      </node>
                      <node id="mixamorig8_LeftHandIndex1" name="mixamorig8_LeftHandIndex1" sid="mixamorig8_LeftHandIndex1" type="JOINT">
                        <matrix sid="matrix">0.986248 -0.137967 0.090996 -3.487600 0.163395 0.731171 -0.662338 9.302900 0.024847 0.668097 0.743659 0.157300 0.000000 0.000000 0.000000 1.000000</matrix>
                        <node id="mixamorig8_LeftHandIndex2" name="mixamorig8_LeftHandIndex2" sid="mixamorig8_LeftHandIndex2" type="JOINT">
                          <matrix sid="matrix">0.995589 -0.086814 0.035567 0.022500 0.047057 0.134117 -0.989848 3.334200 0.081163 0.987156 0.137610 0.000000 0.000000 0.000000 0.000000 1.000000</matrix>
                          <node id="mixamorig8_LeftHandIndex3" name="mixamorig8_LeftHandIndex3" sid="mixamorig8_LeftHandIndex3" type="JOINT">
                            <matrix sid="matrix">0.999987 0.005039 -0.000345 -0.004700 -0.005039 0.999987 -0.000001 3.182300 0.000345 0.000002 1.000000 0.000000 0.000000 0.000000 0.000000 1.000000</matrix>
                            <node id="mixamorig8_LeftHandIndex4" name="mixamorig8_LeftHandIndex4" sid="mixamorig8_LeftHandIndex4" type="JOINT">
                              <matrix sid="matrix">1.000000 0.000000 -0.000000 -0.017800 0.000000 1.000000 0.000000 2.731900 0.000000 0.000000 1.000000 0.000000 0.000000 0.000000 0.000000 1.000000</matrix>
                            </node>
                          </node>
                        </node>
                      </node>
                      <node id="mixamorig8_LeftHandMiddle1" name="mixamorig8_LeftHandMiddle1" sid="mixamorig8_LeftHandMiddle1" type="JOINT">
                        <matrix sid="matrix">0.973624 -0.200988 0.107982 -1.037500 0.188473 0.441769 -0.877108 9.869400 0.128585 0.874325 0.467998 -0.205700 0.000000 0.000000 0.000000 1.000000</matrix>
                        <node id="mixamorig8_LeftHandMiddle2" name="mixamorig8_LeftHandMiddle2" sid="mixamorig8_LeftHandMiddle2" type="JOINT">
                          <matrix sid="matrix">0.991763 -0.088432 0.092665 0.012600 0.071440 -0.218587 -0.973199 3.424800 0.106317 0.971802 -0.210468 0.000000 0.000000 0.000000 0.000000 1.000000</matrix>
                          <node id="mixamorig8_LeftHandMiddle3" name="mixamorig8_LeftHandMiddle3" sid="mixamorig8_LeftHandMiddle3" type="JOINT">
                            <matrix sid="matrix">0.999991 -0.004283 0.000176 -0.013400 0.004283 0.999991 0.000001 3.369300 -0.000176 0.000000 1.000000 0.000000 0.000000 0.000000 0.000000 1.000000</matrix>
                            <node id="mixamorig8_LeftHandMiddle4" name="mixamorig8_LeftHandMiddle4" sid="mixamorig8_LeftHandMiddle4" type="JOINT">
                              <matrix sid="matrix">1.000000 0.000000 -0.000000 0.000900 0.000000 1.000000 -0.000000 2.942900 0.000000 0.000000 1.000000 -0.000000 0.000000 0.000000 0.000000 1.000000</matrix>
                            </node>
                          </node>
                        </node>
                      </node>
                      <node id="mixamorig8_LeftHandRing1" name="mixamorig8_LeftHandRing1" sid="mixamorig8_LeftHandRing1" type="JOINT">
                        <matrix sid="matrix">0.980877 -0.184727 -0.061296 1.203000 0.025396 0.433718 -0.900691 10.246600 0.192967 0.881910 0.430115 -0.166800 0.000000 0.000000 0.000000 1.000000</matrix>
                        <node id="mixamorig8_LeftHandRing2" name="mixamorig8_LeftHandRing2" sid="mixamorig8_LeftHandRing2" type="JOINT">
                          <matrix sid="matrix">0.997721 -0.029251 0.060799 0.000300 0.050916 -0.264823 -0.962952 2.791300 0.044268 0.963853 -0.262730 0.000000 0.000000 0.000000 0.000000 1.000000</matrix>
                          <node id="mixamorig8_LeftHandRing3" name="mixamorig8_LeftHandRing3" sid="mixamorig8_LeftHandRing3" type="JOINT">
                            <matrix sid="matrix">0.999988 -0.004888 -0.000019 -0.006100 0.004888 0.999988 0.000000 2.658600 0.000019 -0.000000 1.000000 0.000000 0.000000 0.000000 0.000000 1.000000</matrix>
                            <node id="mixamorig8_LeftHandRing4" name="mixamorig8_LeftHandRing4" sid="mixamorig8_LeftHandRing4" type="JOINT">
                              <matrix sid="matrix">1.000000 -0.000000 0.000000 0.005800 -0.000000 1.000000 0.000000 2.236100 -0.000000 -0.000000 1.000000 -0.000000 0.000000 0.000000 0.000000 1.000000</matrix>
                            </node>
                          </node>
                        </node>
                      </node>
                      <node id="mixamorig8_LeftHandPinky1" name="mixamorig8_LeftHandPinky1" sid="mixamorig8_LeftHandPinky1" type="JOINT">
                        <matrix sid="matrix">0.966421 -0.230015 -0.114554 3.322100 -0.048851 0.273213 -0.960712 8.982600 0.252276 0.934049 0.252802 0.033400 0.000000 0.000000 0.000000 1.000000</matrix>
                        <node id="mixamorig8_LeftHandPinky2" name="mixamorig8_LeftHandPinky2" sid="mixamorig8_LeftHandPinky2" type="JOINT">
                          <matrix sid="matrix">0.996645 0.005755 0.081637 0.012100 0.081785 -0.106636 -0.990929 2.687700 0.003003 0.994281 -0.106749 0.000000 0.000000 0.000000 0.000000 1.000000</matrix>
                          <node id="mixamorig8_LeftHandPinky3" name="mixamorig8_LeftHandPinky3" sid="mixamorig8_LeftHandPinky3" type="JOINT">
                            <matrix sid="matrix">1.000000 -0.000458 0.000062 -0.007000 0.000458 1.000000 0.000000 2.275500 -0.000062 -0.000000 1.000000 0.000000 0.000000 0.000000 0.000000 1.000000</matrix>
                            <node id="mixamorig8_LeftHandPinky4" name="mixamorig8_LeftHandPinky4" sid="mixamorig8_LeftHandPinky4" type="JOINT">
                              <matrix sid="matrix">1.000000 0.000000 -0.000000 -0.005100 0.000000 1.000000 -0.000000 1.948100 -0.000000 0.000000 1.000000 0.000000 0.000000 0.000000 0.000000 1.000000</matrix>
                            </node>
                          </node>
                        </node>
                      </node>
                    </node>
                  </node>
                </node>
              </node>
              <node id="mixamorig8_RightShoulder" name="mixamorig8_RightShoulder" sid="mixamorig8_RightShoulder" type="JOINT">
                <matrix sid="matrix">0.074586 -0.845658 0.528488 -7.303800 -0.036803 -0.531938 -0.845983 13.941300 0.996535 0.043648 -0.070798 -0.179400 0.000000 0.000000 0.000000 1.000000</matrix>
                <node id="mixamorig8_RightArm" name="mixamorig8_RightArm" sid="mixamorig8_RightArm" type="JOINT">
                  <matrix sid="matrix">0.924244 -0.265967 0.273925 0.000000 0.379433 0.719663 -0.581477 14.994400 -0.042480 0.641363 0.766061 0.000000 0.000000 0.000000 0.000000 1.000000</matrix>
                  <node id="mixamorig8_RightForeArm" name="mixamorig8_RightForeArm" sid="mixamorig8_RightForeArm" type="JOINT">
                    <matrix sid="matrix">0.899293 0.338937 -0.276396 -0.000000 -0.400798 0.891611 -0.210693 25.750900 0.175026 0.300254 0.937664 0.000000 0.000000 0.000000 0.000000 1.000000</matrix>
                    <node id="mixamorig8_RightHand" name="mixamorig8_RightHand" sid="mixamorig8_RightHand" type="JOINT">
                      <matrix sid="matrix">0.899121 0.009659 -0.437593 0.000000 0.038688 0.994090 0.101434 22.284901 0.435986 -0.108131 0.893434 0.000000 0.000000 0.000000 0.000000 1.000000</matrix>
                      <node id="mixamorig8_RightHandThumb1" name="mixamorig8_RightHandThumb1" sid="mixamorig8_RightHandThumb1" type="JOINT">
                        <matrix sid="matrix">0.945469 0.319613 -0.062732 2.987600 -0.321326 0.883777 -0.340128 2.904200 -0.053268 0.341738 0.938285 1.342700 0.000000 0.000000 0.000000 1.000000</matrix>
                        <node id="mixamorig8_RightHandThumb2" name="mixamorig8_RightHandThumb2" sid="mixamorig8_RightHandThumb2" type="JOINT">
                          <matrix sid="matrix">0.926315 -0.039768 -0.374646 0.613300 -0.034040 0.981512 -0.188350 3.447900 0.375209 0.187225 0.907835 0.000000 0.000000 0.000000 0.000000 1.000000</matrix>
                          <node id="mixamorig8_RightHandThumb3" name="mixamorig8_RightHandThumb3" sid="mixamorig8_RightHandThumb3" type="JOINT">
                            <matrix sid="matrix">0.999777 0.020203 0.006117 -0.304200 -0.020206 0.999796 0.000547 3.405300 -0.006105 -0.000670 0.999981 -0.000000 0.000000 0.000000 0.000000 1.000000</matrix>
                            <node id="mixamorig8_RightHandThumb4" name="mixamorig8_RightHandThumb4" sid="mixamorig8_RightHandThumb4" type="JOINT">
                              <matrix sid="matrix">1.000000 -0.000000 0.000000 -0.309100 -0.000000 1.000000 0.000000 2.816700 0.000000 0.000000 1.000000 0.000000 0.000000 0.000000 0.000000 1.000000</matrix>
                            </node>
                          </node>
                        </node>
                      </node>
                      <node id="mixamorig8_RightHandIndex1" name="mixamorig8_RightHandIndex1" sid="mixamorig8_RightHandIndex1" type="JOINT">
                        <matrix sid="matrix">0.996980 0.076806 -0.011436 3.635300 -0.067295 0.781097 -0.620773 9.768900 -0.038747 0.619668 0.783907 0.102000 0.000000 0.000000 0.000000 1.000000</matrix>
                        <node id="mixamorig8_RightHandIndex2" name="mixamorig8_RightHandIndex2" sid="mixamorig8_RightHandIndex2" type="JOINT">
                          <matrix sid="matrix">0.997984 0.055653 0.030512 -0.015600 0.006424 0.389695 -0.920922 3.173100 -0.063142 0.919261 0.388552 0.000000 0.000000 0.000000 0.000000 1.000000</matrix>
                          <node id="mixamorig8_RightHandIndex3" name="mixamorig8_RightHandIndex3" sid="mixamorig8_RightHandIndex3" type="JOINT">
                            <matrix sid="matrix">0.999998 -0.002211 0.000113 0.005500 0.002211 0.999998 0.000000 3.064800 -0.000113 0.000000 1.000000 0.000000 0.000000 0.000000 0.000000 1.000000</matrix>
                            <node id="mixamorig8_RightHandIndex4" name="mixamorig8_RightHandIndex4" sid="mixamorig8_RightHandIndex4" type="JOINT">
                              <matrix sid="matrix">1.000000 0.000000 0.000000 0.010100 0.000000 1.000000 0.000000 2.521700 0.000000 -0.000000 1.000000 -0.000000 0.000000 0.000000 0.000000 1.000000</matrix>
                            </node>
                          </node>
                        </node>
                      </node>
                      <node id="mixamorig8_RightHandMiddle1" name="mixamorig8_RightHandMiddle1" sid="mixamorig8_RightHandMiddle1" type="JOINT">
                        <matrix sid="matrix">0.994236 0.107192 -0.002098 1.005100 -0.073188 0.664276 -0.743896 9.750500 -0.078346 0.739762 0.668292 -0.227900 0.000000 0.000000 0.000000 1.000000</matrix>
                        <node id="mixamorig8_RightHandMiddle2" name="mixamorig8_RightHandMiddle2" sid="mixamorig8_RightHandMiddle2" type="JOINT">
                          <matrix sid="matrix">0.996438 0.080361 0.025572 -0.013700 0.001352 0.287968 -0.957639 3.491900 -0.084321 0.954262 0.286833 0.000000 0.000000 0.000000 0.000000 1.000000</matrix>
                          <node id="mixamorig8_RightHandMiddle3" name="mixamorig8_RightHandMiddle3" sid="mixamorig8_RightHandMiddle3" type="JOINT">
                            <matrix sid="matrix">0.999989 0.004654 -0.000180 0.014700 -0.004654 0.999989 0.000001 3.416700 0.000180 0.000000 1.000000 0.000000 0.000000 0.000000 0.000000 1.000000</matrix>
                            <node id="mixamorig8_RightHandMiddle4" name="mixamorig8_RightHandMiddle4" sid="mixamorig8_RightHandMiddle4" type="JOINT">
                              <matrix sid="matrix">1.000000 -0.000000 0.000000 -0.001000 -0.000000 1.000000 0.000000 2.844500 -0.000000 -0.000000 1.000000 0.000000 0.000000 0.000000 0.000000 1.000000</matrix>
                            </node>
                          </node>
                        </node>
                      </node>
                      <node id="mixamorig8_RightHandRing1" name="mixamorig8_RightHandRing1" sid="mixamorig8_RightHandRing1" type="JOINT">
                        <matrix sid="matrix">0.990672 0.125074 -0.054087 -1.165600 -0.124763 0.672904 -0.729132 10.200700 -0.054800 0.729079 0.682232 -0.240600 0.000000 0.000000 0.000000 1.000000</matrix>
                        <node id="mixamorig8_RightHandRing2" name="mixamorig8_RightHandRing2" sid="mixamorig8_RightHandRing2" type="JOINT">
                          <matrix sid="matrix">0.997496 0.023878 -0.066565 0.003500 -0.069549 0.160764 -0.984539 2.807300 -0.012807 0.986704 0.162022 -0.000000 0.000000 0.000000 0.000000 1.000000</matrix>
                          <node id="mixamorig8_RightHandRing3" name="mixamorig8_RightHandRing3" sid="mixamorig8_RightHandRing3" type="JOINT">
                            <matrix sid="matrix">0.999996 0.002783 0.000071 0.001400 -0.002783 0.999996 -0.000000 2.701000 -0.000071 0.000000 1.000000 0.000000 0.000000 0.000000 0.000000 1.000000</matrix>
                            <node id="mixamorig8_RightHandRing4" name="mixamorig8_RightHandRing4" sid="mixamorig8_RightHandRing4" type="JOINT">
                              <matrix sid="matrix">1.000000 -0.000000 0.000000 -0.004900 -0.000000 1.000000 0.000000 2.164100 -0.000000 -0.000000 1.000000 0.000000 0.000000 0.000000 0.000000 1.000000</matrix>
                            </node>
                          </node>
                        </node>
                      </node>
                      <node id="mixamorig8_RightHandPinky1" name="mixamorig8_RightHandPinky1" sid="mixamorig8_RightHandPinky1" type="JOINT">
                        <matrix sid="matrix">0.980627 0.173624 -0.090693 -3.474700 -0.188365 0.708777 -0.679819 9.201800 -0.053752 0.683732 0.727751 -0.082500 0.000000 0.000000 0.000000 1.000000</matrix>
                        <node id="mixamorig8_RightHandPinky2" name="mixamorig8_RightHandPinky2" sid="mixamorig8_RightHandPinky2" type="JOINT">
                          <matrix sid="matrix">0.989972 0.020460 -0.139772 -0.002200 -0.140570 0.044852 -0.989054 2.633100 -0.013967 0.998784 0.047278 -0.000000 0.000000 0.000000 0.000000 1.000000</matrix>
                          <node id="mixamorig8_RightHandPinky3" name="mixamorig8_RightHandPinky3" sid="mixamorig8_RightHandPinky3" type="JOINT">
                            <matrix sid="matrix">0.999969 0.007929 -0.000040 0.008800 -0.007929 0.999969 0.000000 2.117700 0.000040 0.000000 1.000000 0.000000 0.000000 0.000000 0.000000 1.000000</matrix>
                            <node id="mixamorig8_RightHandPinky4" name="mixamorig8_RightHandPinky4" sid="mixamorig8_RightHandPinky4" type="JOINT">
                              <matrix sid="matrix">1.000000 0.000000 0.000000 -0.006600 0.000000 1.000000 -0.000000 1.749000 -0.000000 -0.000000 1.000000 0.000000 0.000000 0.000000 0.000000 1.000000</matrix>
                            </node>
                          </node>
                        </node>
                      </node>
                    </node>
                  </node>
                </node>
              </node>
            </node>
          </node>
        </node>
        <node id="mixamorig8_LeftUpLeg" name="mixamorig8_LeftUpLeg" sid="mixamorig8_LeftUpLeg" type="JOINT">
          <matrix sid="matrix">-0.987714 0.115198 0.105592 9.217100 -0.066033 -0.920085 0.386113 -5.789400 0.141633 0.374397 0.916388 -0.439100 0.000000 0.000000 0.000000 1.000000</matrix>
          <node id="mixamorig8_LeftLeg" name="mixamorig8_LeftLeg" sid="mixamorig8_LeftLeg" type="JOINT">
            <matrix sid="matrix">0.999693 0.000655 0.024761 0.000000 -0.022895 0.405916 0.913624 43.138802 -0.009453 -0.913910 0.405806 0.000000 0.000000 0.000000 0.000000 1.000000</matrix>
            <node id="mixamorig8_LeftFoot" name="mixamorig8_LeftFoot" sid="mixamorig8_LeftFoot" type="JOINT">
              <matrix sid="matrix">0.998450 -0.046832 0.030078 0.000000 0.047156 0.424679 -0.904115 36.858200 0.029568 0.904132 0.426229 -0.000000 0.000000 0.000000 0.000000 1.000000</matrix>
              <node id="mixamorig8_LeftToeBase" name="mixamorig8_LeftToeBase" sid="mixamorig8_LeftToeBase" type="JOINT">
                <matrix sid="matrix">0.982804 -0.089175 -0.161691 0.000000 -0.027224 0.796111 -0.604538 16.433201 0.182633 0.598545 0.779993 0.000000 0.000000 0.000000 0.000000 1.000000</matrix>
                <node id="mixamorig8_LeftToe_End" name="mixamorig8_LeftToe_End" sid="mixamorig8_LeftToe_End" type="JOINT">
                  <matrix sid="matrix">1.000000 0.000000 -0.000000 0.000000 -0.000000 1.000000 0.000000 7.254400 0.000000 0.000000 1.000000 0.000000 0.000000 0.000000 0.000000 1.000000</matrix>
                </node>
              </node>
            </node>
          </node>
        </node>
        <node id="mixamorig8_RightUpLeg" name="mixamorig8_RightUpLeg" sid="mixamorig8_RightUpLeg" type="JOINT">
          <matrix sid="matrix">-0.988155 0.044832 -0.146762 -9.217100 -0.068842 -0.984246 0.162852 -5.789400 -0.137149 0.171026 0.975674 -0.725500 0.000000 0.000000 0.000000 1.000000</matrix>
          <node id="mixamorig8_RightLeg" name="mixamorig8_RightLeg" sid="mixamorig8_RightLeg" type="JOINT">
            <matrix sid="matrix">0.990008 -0.007457 -0.140812 0.000000 0.056103 0.936989 0.344824 43.121101 0.129368 -0.349278 0.928045 0.000000 0.000000 0.000000 0.000000 1.000000</matrix>
            <node id="mixamorig8_RightFoot" name="mixamorig8_RightFoot" sid="mixamorig8_RightFoot" type="JOINT">
              <matrix sid="matrix">0.988552 0.084763 -0.124823 0.000000 -0.146460 0.340268 -0.928852 36.843498 -0.036259 0.936500 0.348787 -0.000000 0.000000 0.000000 0.000000 1.000000</matrix>
              <node id="mixamorig8_RightToeBase" name="mixamorig8_RightToeBase" sid="mixamorig8_RightToeBase" type="JOINT">
                <matrix sid="matrix">0.974517 0.132462 0.181027 0.000000 0.010423 0.779412 -0.626424 16.424299 -0.224072 0.612348 0.758170 -0.000000 0.000000 0.000000 0.000000 1.000000</matrix>
                <node id="mixamorig8_RightToe_End" name="mixamorig8_RightToe_End" sid="mixamorig8_RightToe_End" type="JOINT">
                  <matrix sid="matrix">1.000000 0.000000 -0.000000 0.000000 0.000000 1.000000 -0.000000 7.378500 0.000000 0.000000 1.000000 0.000000 0.000000 0.000000 0.000000 1.000000</matrix>
                </node>
              </node>
            </node>
          </node>
        </node>
      </node>
    </visual_scene>
  </library_visual_scenes>
  <scene>
    <instance_visual_scene url="#RootNode"/>
  </scene>
</COLLADA>
