<?xml version="1.0" encoding="utf-8"?>
<COLLADA xmlns="http://www.collada.org/2005/11/COLLADASchema" version="1.4.1">
  <asset>
    <contributor>
      <author>Mixamo</author>
      <authoring_tool>COLLADA Mixamo exporter</authoring_tool>
      <comments/>
    </contributor>
    <created>2024-09-25T05:05:22Z</created>
    <modified>2024-09-25T05:05:22Z</modified>
    <revision/>
    <title/>
    <unit meter="0.010000"/>
    <up_axis>Y_UP</up_axis>
  </asset>
  <library_animations>
    <animation id="mixamorig2_Hips-anim" name="mixamorig2_Hips">
      <source id="mixamorig2_Hips-Matrix-animation-input">
        <float_array id="mixamorig2_Hips-Matrix-animation-input-array" count="31">

0.000000 0.033333 0.066667 0.100000 0.133333 0.166667 0.200000 0.233333 0.266667 0.300000 0.333333 0.366667 0.400000 0.433333 0.466667 0.500000
0.533333 0.566667 0.600000 0.633333 0.666667 0.700000 0.733333 0.766667 0.800000 0.833333 0.866667 0.900000 0.933333 0.966667 1.000000</float_array>
        <technique_common>
          <accessor source="#mixamorig2_Hips-Matrix-animation-input-array" count="31">
            <param name="TIME" type="float"/>
          </accessor>
        </technique_common>
      </source>
      <source id="mixamorig2_Hips-Matrix-animation-output-transform">
        <float_array id="mixamorig2_Hips-Matrix-animation-output-transform-array" count="496">

0.256374 -0.007734 -0.966547 0.221522 0.017858 0.999835 -0.003263 89.143410 0.966413 -0.016424 0.256469 5.481360 0.000000 0.000000 0.000000 1.000000
0.228787 -0.022149 -0.973225 0.212982 0.015919 0.999693 -0.019009 89.048859 0.973346 -0.011144 0.229069 7.778832 0.000000 0.000000 0.000000 1.000000
0.216726 -0.025719 -0.975894 0.282366 0.010673 0.999656 -0.023974 88.725655 0.976174 -0.005220 0.216926 10.191463 0.000000 0.000000 0.000000 1.000000
0.225515 -0.023438 -0.973958 0.418667 0.004152 0.999725 -0.023097 87.773254 0.974231 0.001165 0.225551 12.814847 0.000000 0.000000 0.000000 1.000000
0.255618 -0.015336 -0.966656 0.607289 -0.003169 0.999856 -0.016700 85.792389 0.966773 0.007332 0.255532 16.373522 0.000000 0.000000 0.000000 1.000000
0.305770 0.000421 -0.952105 0.862537 -0.013547 0.999901 -0.003908 83.517075 0.952009 0.014093 0.305745 20.210840 0.000000 0.000000 0.000000 1.000000
0.365536 0.021844 -0.930541 1.174527 -0.027928 0.999532 0.012493 81.484856 0.930378 0.021422 0.365975 23.617043 0.000000 0.000000 0.000000 1.000000
0.442069 0.050261 -0.895572 1.547257 -0.048106 0.998320 0.032282 80.180084 0.895690 0.028812 0.443744 25.888105 0.000000 0.000000 0.000000 1.000000
0.530862 0.078501 -0.843814 1.943834 -0.072325 0.996264 0.047183 79.473564 0.844366 0.035981 0.534557 29.567671 0.000000 0.000000 0.000000 1.000000
0.611835 0.097946 -0.784898 2.309247 -0.094261 0.994261 0.050595 79.183243 0.785349 0.043030 0.617556 33.603527 0.000000 0.000000 0.000000 1.000000
0.656455 0.115504 -0.745470 2.630833 -0.114485 0.992016 0.052890 79.141151 0.745627 0.050625 0.664437 38.055794 0.000000 0.000000 0.000000 1.000000
0.689827 0.130057 -0.712197 2.845856 -0.132190 0.989822 0.052716 79.268509 0.711804 0.057780 0.699998 42.968330 0.000000 0.000000 0.000000 1.000000
0.765767 0.144450 -0.626685 3.091230 -0.154983 0.987180 0.038166 79.847176 0.624164 0.067899 0.778337 48.196930 0.000000 0.000000 0.000000 1.000000
0.853200 0.157325 -0.497291 3.321600 -0.175827 0.984373 0.009754 81.577820 0.491054 0.079115 0.867529 53.431892 0.000000 0.000000 0.000000 1.000000
0.935351 0.167851 -0.311360 3.525566 -0.186980 0.981829 -0.032409 84.290047 0.300263 0.088532 0.949739 58.381931 0.000000 0.000000 0.000000 1.000000
0.982114 0.175661 -0.067785 3.703532 -0.181030 0.979932 -0.083438 87.132195 0.051768 0.094217 0.994205 62.712940 0.000000 0.000000 0.000000 1.000000
0.960478 0.180125 0.212219 3.827141 -0.154881 0.979311 -0.130238 89.399529 -0.231288 0.092222 0.968505 66.543098 0.000000 0.000000 0.000000 1.000000
0.854210 0.182268 0.486934 3.859648 -0.121679 0.980612 -0.153603 89.994614 -0.505490 0.071959 0.859827 69.765961 0.000000 0.000000 0.000000 1.000000
0.688821 0.179175 0.702439 3.749091 -0.092313 0.982766 -0.160156 89.844604 -0.719029 0.045475 0.693490 72.024223 0.000000 0.000000 0.000000 1.000000
0.521373 0.175304 0.835128 3.519868 -0.075775 0.984316 -0.159313 89.183990 -0.849958 0.019780 0.526479 74.923622 0.000000 0.000000 0.000000 1.000000
0.401970 0.171805 0.899390 3.203075 -0.067982 0.985128 -0.157800 88.317230 -0.913126 0.002289 0.407672 79.504807 0.000000 0.000000 0.000000 1.000000
0.287254 0.168626 0.942894 2.844883 -0.049020 0.985680 -0.161344 87.238350 -0.956599 0.000126 0.291407 84.905418 0.000000 0.000000 0.000000 1.000000
0.180199 0.164967 0.969698 2.429046 -0.028952 0.986298 -0.162411 85.551048 -0.983204 0.001191 0.182506 90.735321 0.000000 0.000000 0.000000 1.000000
0.082512 0.161565 0.983407 1.990895 -0.012618 0.986862 -0.161074 83.012405 -0.996510 0.000882 0.083467 96.293640 0.000000 0.000000 0.000000 1.000000
-0.004813 0.159482 0.987189 1.545375 0.002297 0.987200 -0.159472 80.475632 -0.999986 0.001500 -0.005118 101.176941 0.000000 0.000000 0.000000 1.000000
-0.081481 0.160254 0.983707 1.114924 0.017569 0.987066 -0.159346 78.753242 -0.996520 0.004299 -0.083243 105.103333 0.000000 0.000000 0.000000 1.000000
-0.147116 0.165591 0.975160 0.714247 0.035649 0.986134 -0.162077 78.005005 -0.988477 0.010919 -0.150979 108.470825 0.000000 0.000000 0.000000 1.000000
-0.201492 0.177215 0.963325 0.366998 0.058437 0.983920 -0.168781 77.930603 -0.977745 0.022286 -0.208608 111.157265 0.000000 0.000000 0.000000 1.000000
-0.198898 0.203468 0.958666 0.136946 0.084135 0.978144 -0.190146 78.178856 -0.976402 0.042838 -0.211669 113.534439 0.000000 0.000000 0.000000 1.000000
-0.172259 0.211891 0.961992 -0.121199 0.091068 0.975834 -0.198633 78.406219 -0.980833 0.053390 -0.187392 115.442047 0.000000 0.000000 0.000000 1.000000
-0.133966 0.211687 0.968112 -0.360241 0.094152 0.975218 -0.200212 78.692825 -0.986503 0.064328 -0.150577 116.958176 0.000000 0.000000 0.000000 1.000000</float_array>
        <technique_common>
          <accessor source="#mixamorig2_Hips-Matrix-animation-output-transform-array" count="31" stride="16">
            <param type="float4x4"/>
          </accessor>
        </technique_common>
      </source>
      <source id="mixamorig2_Hips-Interpolations">
        <Name_array id="mixamorig2_Hips-Interpolations-array" count="31">
 LINEAR LINEAR LINEAR LINEAR LINEAR LINEAR LINEAR LINEAR LINEAR LINEAR LINEAR
LINEAR LINEAR LINEAR LINEAR LINEAR LINEAR LINEAR LINEAR LINEAR LINEAR LINEAR LINEAR
LINEAR LINEAR LINEAR LINEAR LINEAR LINEAR LINEAR LINEAR</Name_array>
        <technique_common>
          <accessor source="#mixamorig2_Hips-Interpolations-array" count="31">
            <param type="name"/>
          </accessor>
        </technique_common>
      </source>
      <sampler id="mixamorig2_Hips-Matrix-animation-transform">
        <input semantic="INPUT" source="#mixamorig2_Hips-Matrix-animation-input"/>
        <input semantic="OUTPUT" source="#mixamorig2_Hips-Matrix-animation-output-transform"/>
        <input semantic="INTERPOLATION" source="#mixamorig2_Hips-Interpolations"/>
      </sampler>
      <channel source="#mixamorig2_Hips-Matrix-animation-transform" target="mixamorig2_Hips/matrix"/>
    </animation>
    <animation id="mixamorig2_Spine-anim" name="mixamorig2_Spine">
      <source id="mixamorig2_Spine-Matrix-animation-input">
        <float_array id="mixamorig2_Spine-Matrix-animation-input-array" count="31">

0.000000 0.033333 0.066667 0.100000 0.133333 0.166667 0.200000 0.233333 0.266667 0.300000 0.333333 0.366667 0.400000 0.433333 0.466667 0.500000
0.533333 0.566667 0.600000 0.633333 0.666667 0.700000 0.733333 0.766667 0.800000 0.833333 0.866667 0.900000 0.933333 0.966667 1.000000</float_array>
        <technique_common>
          <accessor source="#mixamorig2_Spine-Matrix-animation-input-array" count="31">
            <param name="TIME" type="float"/>
          </accessor>
        </technique_common>
      </source>
      <source id="mixamorig2_Spine-Matrix-animation-output-transform">
        <float_array id="mixamorig2_Spine-Matrix-animation-output-transform-array" count="496">

0.997718 -0.013283 -0.066192 0.000000 0.012331 0.999815 -0.014781 8.951200 0.066376 0.013931 0.997697 -0.286600 0.000000 0.000000 0.000000 1.000000
0.997414 -0.015237 -0.070231 0.000000 0.014567 0.999844 -0.010034 8.951200 0.070373 0.008985 0.997480 -0.286600 0.000000 0.000000 0.000000 1.000000
0.997406 -0.016929 -0.069963 0.000000 0.016615 0.999849 -0.005073 8.951200 0.070038 0.003897 0.997537 -0.286600 0.000000 0.000000 0.000000 1.000000
0.997531 -0.018496 -0.067747 0.000000 0.018504 0.999829 -0.000513 8.951200 0.067744 -0.000741 0.997702 -0.286600 0.000000 0.000000 0.000000 1.000000
0.997885 -0.019374 -0.062058 0.000000 0.019616 0.999802 0.003286 8.951200 0.061982 -0.004496 0.998067 -0.286600 0.000000 0.000000 0.000000 1.000000
0.998215 -0.020540 -0.056083 0.000000 0.020854 0.999770 0.005033 8.951200 0.055967 -0.006193 0.998413 -0.286600 0.000000 0.000000 0.000000 1.000000
0.998301 -0.022171 -0.053888 0.000000 0.022564 0.999723 0.006699 8.951200 0.053724 -0.007903 0.998525 -0.286600 0.000000 0.000000 0.000000 1.000000
0.998086 -0.023546 -0.057178 -0.000000 0.024052 0.999677 0.008167 8.951200 0.056967 -0.009526 0.998331 -0.286600 0.000000 0.000000 0.000000 1.000000
0.997445 -0.024407 -0.067145 0.000000 0.025275 0.999607 0.012106 8.951200 0.066823 -0.013772 0.997670 -0.286600 0.000000 0.000000 0.000000 1.000000
0.996789 -0.021045 -0.077264 0.000000 0.022605 0.999557 0.019370 8.951200 0.076822 -0.021054 0.996822 -0.286600 0.000000 0.000000 0.000000 1.000000
0.996817 -0.015410 -0.078226 0.000000 0.017830 0.999381 0.030326 8.951200 0.077711 -0.031625 0.996474 -0.286600 0.000000 0.000000 0.000000 1.000000
0.997347 -0.006728 -0.072487 0.000000 0.009472 0.999249 0.037574 8.951200 0.072180 -0.038161 0.996661 -0.286600 0.000000 0.000000 0.000000 1.000000
0.997992 0.002266 -0.063305 0.000000 0.000261 0.999204 0.039880 8.951200 0.063345 -0.039816 0.997197 -0.286600 0.000000 0.000000 0.000000 1.000000
0.998600 0.011628 -0.051605 0.000000 -0.009554 0.999143 0.040269 8.951200 0.052029 -0.039720 0.997855 -0.286600 0.000000 0.000000 0.000000 1.000000
0.999057 0.020563 -0.038227 0.000000 -0.019027 0.999014 0.040122 8.951200 0.039015 -0.039357 0.998463 -0.286600 0.000000 0.000000 0.000000 1.000000
0.999342 0.027943 -0.023130 -0.000000 -0.027065 0.998933 0.037422 8.951200 0.024151 -0.036772 0.999032 -0.286600 0.000000 0.000000 0.000000 1.000000
0.999542 0.029725 -0.005750 0.000000 -0.029573 0.999254 0.024835 8.951200 0.006484 -0.024653 0.999675 -0.286600 0.000000 0.000000 0.000000 1.000000
0.999795 0.016824 0.011236 0.000000 -0.016832 0.999858 0.000585 8.951200 -0.011225 -0.000774 0.999937 -0.286600 0.000000 0.000000 0.000000 1.000000
0.999580 -0.006971 0.028129 0.000000 0.007454 0.999826 -0.017106 8.951200 -0.028005 0.017309 0.999458 -0.286600 0.000000 0.000000 0.000000 1.000000
0.998841 -0.024609 0.041355 0.000000 0.025951 0.999144 -0.032223 8.951200 -0.040527 0.033259 0.998625 -0.286600 0.000000 0.000000 0.000000 1.000000
0.997869 -0.036684 0.053952 0.000000 0.039113 0.998236 -0.044677 8.951200 -0.052218 0.046692 0.997544 -0.286600 0.000000 0.000000 0.000000 1.000000
0.996841 -0.044353 0.065881 0.000000 0.047964 0.997374 -0.054272 8.951200 -0.063301 0.057260 0.996350 -0.286600 0.000000 0.000000 0.000000 1.000000
0.995858 -0.048448 0.076938 0.000000 0.053187 0.996733 -0.060787 8.951200 -0.073741 0.064627 0.995181 -0.286600 0.000000 0.000000 0.000000 1.000000
0.994824 -0.051596 0.087538 0.000000 0.057284 0.996320 -0.063763 8.951200 -0.083926 0.068447 0.994118 -0.286600 0.000000 0.000000 0.000000 1.000000
0.993817 -0.053945 0.097044 0.000000 0.060245 0.996181 -0.063204 8.951200 -0.093264 0.068660 0.993271 -0.286600 0.000000 0.000000 0.000000 1.000000
0.993067 -0.055475 0.103633 0.000000 0.062002 0.996219 -0.060854 8.951200 -0.099865 0.066858 0.992752 -0.286600 0.000000 0.000000 0.000000 1.000000
0.992496 -0.055103 0.109159 0.000000 0.061631 0.996450 -0.057359 8.951200 -0.105611 0.063656 0.992368 -0.286600 0.000000 0.000000 0.000000 1.000000
0.992488 -0.045692 0.113492 0.000000 0.052074 0.997187 -0.053920 8.951200 -0.110709 0.059425 0.992075 -0.286600 0.000000 0.000000 0.000000 1.000000
0.992604 -0.030948 0.117389 0.000000 0.037097 0.998032 -0.050561 8.951200 -0.115593 0.054542 0.991798 -0.286600 0.000000 0.000000 0.000000 1.000000
0.992413 -0.019769 0.121346 0.000000 0.025590 0.998586 -0.046602 8.951200 -0.120253 0.049354 0.991516 -0.286600 0.000000 0.000000 0.000000 1.000000
0.992025 -0.010849 0.125575 0.000000 0.016306 0.998963 -0.042516 8.951200 -0.124983 0.044224 0.991173 -0.286600 0.000000 0.000000 0.000000 1.000000</float_array>
        <technique_common>
          <accessor source="#mixamorig2_Spine-Matrix-animation-output-transform-array" count="31" stride="16">
            <param type="float4x4"/>
          </accessor>
        </technique_common>
      </source>
      <source id="mixamorig2_Spine-Interpolations">
        <Name_array id="mixamorig2_Spine-Interpolations-array" count="31">
 LINEAR LINEAR LINEAR LINEAR LINEAR LINEAR LINEAR LINEAR LINEAR LINEAR LINEAR
LINEAR LINEAR LINEAR LINEAR LINEAR LINEAR LINEAR LINEAR LINEAR LINEAR LINEAR LINEAR
LINEAR LINEAR LINEAR LINEAR LINEAR LINEAR LINEAR LINEAR</Name_array>
        <technique_common>
          <accessor source="#mixamorig2_Spine-Interpolations-array" count="31">
            <param type="name"/>
          </accessor>
        </technique_common>
      </source>
      <sampler id="mixamorig2_Spine-Matrix-animation-transform">
        <input semantic="INPUT" source="#mixamorig2_Spine-Matrix-animation-input"/>
        <input semantic="OUTPUT" source="#mixamorig2_Spine-Matrix-animation-output-transform"/>
        <input semantic="INTERPOLATION" source="#mixamorig2_Spine-Interpolations"/>
      </sampler>
      <channel source="#mixamorig2_Spine-Matrix-animation-transform" target="mixamorig2_Spine/matrix"/>
    </animation>
    <animation id="mixamorig2_Spine1-anim" name="mixamorig2_Spine1">
      <source id="mixamorig2_Spine1-Matrix-animation-input">
        <float_array id="mixamorig2_Spine1-Matrix-animation-input-array" count="31">

0.000000 0.033333 0.066667 0.100000 0.133333 0.166667 0.200000 0.233333 0.266667 0.300000 0.333333 0.366667 0.400000 0.433333 0.466667 0.500000
0.533333 0.566667 0.600000 0.633333 0.666667 0.700000 0.733333 0.766667 0.800000 0.833333 0.866667 0.900000 0.933333 0.966667 1.000000</float_array>
        <technique_common>
          <accessor source="#mixamorig2_Spine1-Matrix-animation-input-array" count="31">
            <param name="TIME" type="float"/>
          </accessor>
        </technique_common>
      </source>
      <source id="mixamorig2_Spine1-Matrix-animation-output-transform">
        <float_array id="mixamorig2_Spine1-Matrix-animation-output-transform-array" count="496">

0.990908 -0.026945 -0.131814 0.000000 0.014605 0.995493 -0.093699 10.448400 0.133745 0.090922 0.986836 0.000000 0.000000 0.000000 0.000000 1.000000
0.989723 -0.029604 -0.139900 0.000000 0.017885 0.996280 -0.084294 10.448400 0.141875 0.080926 0.986571 0.000000 0.000000 0.000000 0.000000 1.000000
0.989741 -0.031456 -0.139366 0.000000 0.021213 0.997004 -0.074382 10.448400 0.141288 0.070663 0.987443 -0.000000 0.000000 0.000000 0.000000 1.000000
0.990316 -0.033022 -0.134849 -0.000000 0.024365 0.997565 -0.065348 10.448400 0.136679 0.061430 0.988709 0.000000 0.000000 0.000000 0.000000 1.000000
0.991759 -0.034296 -0.123440 0.000000 0.027303 0.997949 -0.057903 10.448400 0.125173 0.054056 0.990661 0.000000 0.000000 0.000000 0.000000 1.000000
0.993169 -0.035354 -0.111198 0.000000 0.029439 0.998086 -0.054389 10.448400 0.112908 0.050744 0.992309 0.000000 0.000000 0.000000 0.000000 1.000000
0.993662 -0.036361 -0.106366 0.000000 0.031073 0.998217 -0.050962 10.448400 0.108030 0.047334 0.993020 0.000000 0.000000 0.000000 0.000000 1.000000
0.992964 -0.036648 -0.112600 0.000000 0.031414 0.998358 -0.047907 10.448400 0.114170 0.044033 0.992485 0.000000 0.000000 0.000000 0.000000 1.000000
0.990579 -0.035721 -0.132199 -0.000000 0.030690 0.998732 -0.039901 10.448400 0.133457 0.035468 0.990420 0.000000 0.000000 0.000000 0.000000 1.000000
0.988085 -0.025937 -0.151705 0.000000 0.022369 0.999433 -0.025178 10.448400 0.152272 0.021485 0.988105 -0.000000 0.000000 0.000000 0.000000 1.000000
0.988198 -0.011414 -0.152754 0.000000 0.011147 0.999934 -0.002604 10.448400 0.152774 0.000871 0.988261 0.000000 0.000000 0.000000 0.000000 1.000000
0.989991 0.005357 -0.141030 0.000000 -0.003603 0.999913 0.012685 10.448400 0.141086 -0.012049 0.989924 0.000000 0.000000 0.000000 0.000000 1.000000
0.992254 0.025422 -0.121598 0.000000 -0.023426 0.999567 0.017822 10.448400 0.121999 -0.014835 0.992419 0.000000 0.000000 0.000000 0.000000 1.000000
0.994206 0.045719 -0.097282 0.000000 -0.044139 0.998857 0.018338 10.448400 0.098009 -0.013938 0.995088 0.000000 0.000000 0.000000 0.000000 1.000000
0.995460 0.063408 -0.070978 -0.000000 -0.062278 0.997896 0.018017 10.448400 0.071971 -0.013514 0.997315 -0.000000 0.000000 0.000000 0.000000 1.000000
0.996186 0.076268 -0.042379 0.000000 -0.075827 0.997050 0.011913 10.448400 0.043162 -0.008654 0.999031 0.000000 0.000000 0.000000 0.000000 1.000000
0.997076 0.075729 -0.010181 0.000000 -0.075870 0.997016 -0.014225 10.448400 0.009073 0.014956 0.999847 0.000000 0.000000 0.000000 0.000000 1.000000
0.998734 0.045417 0.021642 0.000000 -0.043961 0.997009 -0.063562 10.448400 -0.024464 0.062530 0.997743 -0.000000 0.000000 0.000000 0.000000 1.000000
0.998378 -0.006518 0.056564 0.000000 0.012085 0.995049 -0.098644 10.448400 -0.055641 0.099167 0.993514 0.000000 0.000000 0.000000 0.000000 1.000000
0.995402 -0.044992 0.084566 0.000000 0.055597 0.990272 -0.127558 10.448400 -0.078005 0.131673 0.988219 0.000000 0.000000 0.000000 0.000000 1.000000
0.991406 -0.069668 0.110731 0.000000 0.086059 0.984794 -0.150915 10.448400 -0.098533 0.159147 0.982326 0.000000 0.000000 0.000000 0.000000 1.000000
0.987410 -0.082237 0.135127 0.000000 0.104729 0.980067 -0.168823 10.448400 -0.118550 0.180849 0.976340 0.000000 0.000000 0.000000 0.000000 1.000000
0.983330 -0.089708 0.158161 0.000000 0.118090 0.976490 -0.180336 10.448400 -0.138265 0.196008 0.970806 0.000000 0.000000 0.000000 0.000000 1.000000
0.979180 -0.094124 0.179851 -0.000000 0.127602 0.974470 -0.184733 10.448400 -0.157872 0.203837 0.966192 0.000000 0.000000 0.000000 0.000000 1.000000
0.975129 -0.097601 0.198990 0.000000 0.134607 0.974067 -0.181862 10.448400 -0.176080 0.204124 0.962979 0.000000 0.000000 0.000000 0.000000 1.000000
0.972148 -0.100344 0.211802 0.000000 0.138886 0.974588 -0.175749 10.448400 -0.188785 0.200271 0.961380 0.000000 0.000000 0.000000 0.000000 1.000000
0.969817 -0.099687 0.222527 -0.000000 0.138809 0.976013 -0.167724 10.448400 -0.200469 0.193550 0.960391 0.000000 0.000000 0.000000 0.000000 1.000000
0.969421 -0.082366 0.231170 0.000000 0.121752 0.979310 -0.161645 10.448400 -0.213073 0.184848 0.959391 0.000000 0.000000 0.000000 0.000000 1.000000
0.969604 -0.054399 0.238554 0.000000 0.093816 0.983111 -0.157132 10.448400 -0.225978 0.174737 0.958333 0.000000 0.000000 0.000000 0.000000 1.000000
0.968855 -0.032645 0.245468 -0.000000 0.071479 0.985946 -0.151001 10.448400 -0.237089 0.163844 0.957572 0.000000 0.000000 0.000000 0.000000 1.000000
0.967381 -0.015477 0.252852 0.000000 0.053491 0.988106 -0.144168 10.448400 -0.247614 0.152991 0.956703 0.000000 0.000000 0.000000 0.000000 1.000000</float_array>
        <technique_common>
          <accessor source="#mixamorig2_Spine1-Matrix-animation-output-transform-array" count="31" stride="16">
            <param type="float4x4"/>
          </accessor>
        </technique_common>
      </source>
      <source id="mixamorig2_Spine1-Interpolations">
        <Name_array id="mixamorig2_Spine1-Interpolations-array" count="31">
 LINEAR LINEAR LINEAR LINEAR LINEAR LINEAR LINEAR LINEAR LINEAR LINEAR LINEAR
LINEAR LINEAR LINEAR LINEAR LINEAR LINEAR LINEAR LINEAR LINEAR LINEAR LINEAR LINEAR
LINEAR LINEAR LINEAR LINEAR LINEAR LINEAR LINEAR LINEAR</Name_array>
        <technique_common>
          <accessor source="#mixamorig2_Spine1-Interpolations-array" count="31">
            <param type="name"/>
          </accessor>
        </technique_common>
      </source>
      <sampler id="mixamorig2_Spine1-Matrix-animation-transform">
        <input semantic="INPUT" source="#mixamorig2_Spine1-Matrix-animation-input"/>
        <input semantic="OUTPUT" source="#mixamorig2_Spine1-Matrix-animation-output-transform"/>
        <input semantic="INTERPOLATION" source="#mixamorig2_Spine1-Interpolations"/>
      </sampler>
      <channel source="#mixamorig2_Spine1-Matrix-animation-transform" target="mixamorig2_Spine1/matrix"/>
    </animation>
    <animation id="mixamorig2_Spine2-anim" name="mixamorig2_Spine2">
      <source id="mixamorig2_Spine2-Matrix-animation-input">
        <float_array id="mixamorig2_Spine2-Matrix-animation-input-array" count="31">

0.000000 0.033333 0.066667 0.100000 0.133333 0.166667 0.200000 0.233333 0.266667 0.300000 0.333333 0.366667 0.400000 0.433333 0.466667 0.500000
0.533333 0.566667 0.600000 0.633333 0.666667 0.700000 0.733333 0.766667 0.800000 0.833333 0.866667 0.900000 0.933333 0.966667 1.000000</float_array>
        <technique_common>
          <accessor source="#mixamorig2_Spine2-Matrix-animation-input-array" count="31">
            <param name="TIME" type="float"/>
          </accessor>
        </technique_common>
      </source>
      <source id="mixamorig2_Spine2-Matrix-animation-output-transform">
        <float_array id="mixamorig2_Spine2-Matrix-animation-output-transform-array" count="496">

0.990909 -0.026944 -0.131810 0.000000 0.014605 0.995493 -0.093699 11.941000 0.133740 0.090922 0.986837 0.000000 0.000000 0.000000 0.000000 1.000000
0.989723 -0.029604 -0.139899 0.000000 0.017885 0.996280 -0.084295 11.941000 0.141874 0.080926 0.986571 0.000000 0.000000 0.000000 0.000000 1.000000
0.989741 -0.031456 -0.139366 0.000000 0.021213 0.997004 -0.074382 11.941000 0.141288 0.070663 0.987443 0.000000 0.000000 0.000000 0.000000 1.000000
0.990317 -0.033022 -0.134843 0.000000 0.024365 0.997565 -0.065348 11.941000 0.136673 0.061430 0.988710 -0.000000 0.000000 0.000000 0.000000 1.000000
0.991759 -0.034296 -0.123438 -0.000000 0.027303 0.997949 -0.057903 11.941000 0.125171 0.054056 0.990661 0.000000 0.000000 0.000000 0.000000 1.000000
0.993169 -0.035354 -0.111201 0.000000 0.029439 0.998086 -0.054389 11.941000 0.112911 0.050744 0.992308 0.000000 0.000000 0.000000 0.000000 1.000000
0.993662 -0.036361 -0.106365 0.000000 0.031073 0.998217 -0.050961 11.941000 0.108028 0.047333 0.993020 0.000000 0.000000 0.000000 0.000000 1.000000
0.992965 -0.036648 -0.112592 0.000000 0.031414 0.998358 -0.047908 11.941000 0.114163 0.044034 0.992486 -0.000000 0.000000 0.000000 0.000000 1.000000
0.990580 -0.035721 -0.132195 0.000000 0.030690 0.998732 -0.039901 11.941000 0.133453 0.035468 0.990420 0.000000 0.000000 0.000000 0.000000 1.000000
0.988085 -0.025937 -0.151707 0.000000 0.022369 0.999433 -0.025178 11.941000 0.152274 0.021485 0.988105 0.000000 0.000000 0.000000 0.000000 1.000000
0.988198 -0.011413 -0.152757 0.000000 0.011146 0.999934 -0.002604 11.941000 0.152776 0.000871 0.988260 0.000000 0.000000 0.000000 0.000000 1.000000
0.989991 0.005357 -0.141031 0.000000 -0.003604 0.999913 0.012685 11.941000 0.141087 -0.012050 0.989924 0.000000 0.000000 0.000000 0.000000 1.000000
0.992254 0.025423 -0.121599 0.000000 -0.023426 0.999567 0.017822 11.941000 0.121999 -0.014835 0.992419 0.000000 0.000000 0.000000 0.000000 1.000000
0.994206 0.045719 -0.097283 0.000000 -0.044139 0.998857 0.018338 11.941000 0.098010 -0.013938 0.995088 -0.000000 0.000000 0.000000 0.000000 1.000000
0.995460 0.063409 -0.070979 0.000000 -0.062279 0.997896 0.018017 11.941000 0.071972 -0.013514 0.997315 0.000000 0.000000 0.000000 0.000000 1.000000
0.996186 0.076270 -0.042378 0.000000 -0.075829 0.997050 0.011913 11.941000 0.043162 -0.008655 0.999031 0.000000 0.000000 0.000000 0.000000 1.000000
0.997076 0.075729 -0.010180 0.000000 -0.075870 0.997016 -0.014226 11.941000 0.009073 0.014956 0.999847 -0.000000 0.000000 0.000000 0.000000 1.000000
0.998734 0.045417 0.021642 0.000000 -0.043961 0.997009 -0.063562 11.941000 -0.024464 0.062530 0.997743 -0.000000 0.000000 0.000000 0.000000 1.000000
0.998378 -0.006519 0.056563 -0.000000 0.012086 0.995049 -0.098643 11.941000 -0.055640 0.099167 0.993514 -0.000000 0.000000 0.000000 0.000000 1.000000
0.995402 -0.044993 0.084561 -0.000000 0.055598 0.990272 -0.127558 11.941000 -0.077999 0.131673 0.988220 -0.000000 0.000000 0.000000 0.000000 1.000000
0.991406 -0.069670 0.110725 0.000000 0.086060 0.984794 -0.150914 11.941000 -0.098527 0.159146 0.982326 -0.000000 0.000000 0.000000 0.000000 1.000000
0.987409 -0.082235 0.135132 0.000000 0.104728 0.980066 -0.168824 11.941000 -0.118555 0.180851 0.976339 0.000000 0.000000 0.000000 0.000000 1.000000
0.983329 -0.089708 0.158165 -0.000000 0.118090 0.976490 -0.180337 11.941000 -0.138269 0.196008 0.970805 0.000000 0.000000 0.000000 0.000000 1.000000
0.979180 -0.094123 0.179853 0.000000 0.127602 0.974470 -0.184733 11.941000 -0.157874 0.203837 0.966192 0.000000 0.000000 0.000000 0.000000 1.000000
0.975129 -0.097601 0.198990 0.000000 0.134607 0.974067 -0.181862 11.941000 -0.176079 0.204125 0.962979 0.000000 0.000000 0.000000 0.000000 1.000000
0.972148 -0.100344 0.211799 -0.000000 0.138886 0.974589 -0.175749 11.941000 -0.188781 0.200270 0.961381 0.000000 0.000000 0.000000 0.000000 1.000000
0.969817 -0.099688 0.222524 0.000000 0.138809 0.976012 -0.167725 11.941000 -0.200466 0.193551 0.960391 0.000000 0.000000 0.000000 0.000000 1.000000
0.969422 -0.082366 0.231165 0.000000 0.121752 0.979310 -0.161645 11.941000 -0.213068 0.184847 0.959392 0.000000 0.000000 0.000000 0.000000 1.000000
0.969604 -0.054398 0.238557 0.000000 0.093816 0.983111 -0.157133 11.941000 -0.225980 0.174737 0.958332 0.000000 0.000000 0.000000 0.000000 1.000000
0.968855 -0.032647 0.245467 0.000000 0.071480 0.985946 -0.151001 11.941000 -0.237088 0.163844 0.957572 -0.000000 0.000000 0.000000 0.000000 1.000000
0.967381 -0.015476 0.252853 0.000000 0.053490 0.988107 -0.144167 11.941000 -0.247615 0.152989 0.956703 0.000000 0.000000 0.000000 0.000000 1.000000</float_array>
        <technique_common>
          <accessor source="#mixamorig2_Spine2-Matrix-animation-output-transform-array" count="31" stride="16">
            <param type="float4x4"/>
          </accessor>
        </technique_common>
      </source>
      <source id="mixamorig2_Spine2-Interpolations">
        <Name_array id="mixamorig2_Spine2-Interpolations-array" count="31">
 LINEAR LINEAR LINEAR LINEAR LINEAR LINEAR LINEAR LINEAR LINEAR LINEAR LINEAR
LINEAR LINEAR LINEAR LINEAR LINEAR LINEAR LINEAR LINEAR LINEAR LINEAR LINEAR LINEAR
LINEAR LINEAR LINEAR LINEAR LINEAR LINEAR LINEAR LINEAR</Name_array>
        <technique_common>
          <accessor source="#mixamorig2_Spine2-Interpolations-array" count="31">
            <param type="name"/>
          </accessor>
        </technique_common>
      </source>
      <sampler id="mixamorig2_Spine2-Matrix-animation-transform">
        <input semantic="INPUT" source="#mixamorig2_Spine2-Matrix-animation-input"/>
        <input semantic="OUTPUT" source="#mixamorig2_Spine2-Matrix-animation-output-transform"/>
        <input semantic="INTERPOLATION" source="#mixamorig2_Spine2-Interpolations"/>
      </sampler>
      <channel source="#mixamorig2_Spine2-Matrix-animation-transform" target="mixamorig2_Spine2/matrix"/>
    </animation>
    <animation id="mixamorig2_Neck-anim" name="mixamorig2_Neck">
      <source id="mixamorig2_Neck-Matrix-animation-input">
        <float_array id="mixamorig2_Neck-Matrix-animation-input-array" count="31">

0.000000 0.033333 0.066667 0.100000 0.133333 0.166667 0.200000 0.233333 0.266667 0.300000 0.333333 0.366667 0.400000 0.433333 0.466667 0.500000
0.533333 0.566667 0.600000 0.633333 0.666667 0.700000 0.733333 0.766667 0.800000 0.833333 0.866667 0.900000 0.933333 0.966667 1.000000</float_array>
        <technique_common>
          <accessor source="#mixamorig2_Neck-Matrix-animation-input-array" count="31">
            <param name="TIME" type="float"/>
          </accessor>
        </technique_common>
      </source>
      <source id="mixamorig2_Neck-Matrix-animation-output-transform">
        <float_array id="mixamorig2_Neck-Matrix-animation-output-transform-array" count="496">

0.982779 -0.059089 0.175080 0.000000 0.059225 0.998235 0.004454 13.433600 -0.175034 0.005992 0.984544 -0.000000 0.000000 0.000000 0.000000 1.000000
0.981940 -0.069887 0.175814 0.000000 0.069583 0.997545 0.007902 13.433600 -0.175934 0.004474 0.984392 0.000000 0.000000 0.000000 0.000000 1.000000
0.981184 -0.079762 0.175831 0.000000 0.079066 0.996809 0.010972 13.433600 -0.176145 0.003137 0.984359 0.000000 0.000000 0.000000 0.000000 1.000000
0.980694 -0.087038 0.175108 -0.000000 0.086105 0.996202 0.012929 13.433600 -0.175569 0.002398 0.984464 0.000000 0.000000 0.000000 0.000000 1.000000
0.980420 -0.092225 0.173985 0.000000 0.091154 0.995736 0.014157 13.433600 -0.174549 0.001980 0.984646 0.000000 0.000000 0.000000 0.000000 1.000000
0.980221 -0.096978 0.172517 0.000000 0.095788 0.995285 0.015229 13.433600 -0.173181 0.001597 0.984889 -0.000000 0.000000 0.000000 0.000000 1.000000
0.980189 -0.101060 0.170341 0.000000 0.099805 0.994879 0.015934 13.433600 -0.171079 0.001383 0.985256 -0.000000 0.000000 0.000000 0.000000 1.000000
0.980410 -0.104314 0.167075 0.000000 0.103091 0.994543 0.016001 13.433600 -0.167832 0.001536 0.985814 0.000000 0.000000 0.000000 0.000000 1.000000
0.980966 -0.106542 0.162341 0.000000 0.105479 0.994306 0.015180 13.433600 -0.163034 0.002233 0.986618 0.000000 0.000000 0.000000 0.000000 1.000000
0.981922 -0.107552 0.155763 0.000000 0.106800 0.994193 0.013219 13.433600 -0.156280 0.003655 0.987706 -0.000000 0.000000 0.000000 0.000000 1.000000
0.983323 -0.107155 0.146950 0.000000 0.106864 0.994224 0.009891 13.433600 -0.147161 0.005978 0.989094 0.000000 0.000000 0.000000 0.000000 1.000000
0.986095 -0.100967 0.131993 0.000000 0.101465 0.994835 0.002960 13.433600 -0.131610 0.010473 0.991246 0.000000 0.000000 0.000000 0.000000 1.000000
0.990317 -0.086462 0.108614 0.000000 0.087835 0.996104 -0.007915 13.433600 -0.107507 0.017378 0.994052 0.000000 0.000000 0.000000 0.000000 1.000000
0.994694 -0.065992 0.078925 -0.000000 0.067756 0.997504 -0.019872 13.433600 -0.077417 0.025114 0.996682 -0.000000 0.000000 0.000000 0.000000 1.000000
0.998092 -0.042098 0.045157 -0.000000 0.043497 0.998589 -0.030449 13.433600 -0.043812 0.032355 0.998516 0.000000 0.000000 0.000000 0.000000 1.000000
0.999799 -0.017520 0.009697 -0.000000 0.017876 0.999119 -0.037970 13.433600 -0.009023 0.038136 0.999232 -0.000000 0.000000 0.000000 0.000000 1.000000
0.999674 0.004949 -0.025030 0.000000 -0.005994 0.999106 -0.041853 13.433600 0.024801 0.041989 0.998810 0.000000 0.000000 0.000000 0.000000 1.000000
0.998141 0.022356 -0.056693 0.000000 -0.024793 0.998782 -0.042663 13.433600 0.055670 0.043990 0.997480 0.000000 0.000000 0.000000 0.000000 1.000000
0.996034 0.031749 -0.083119 -0.000000 -0.035309 0.998505 -0.041715 13.433600 0.081671 0.044485 0.995666 -0.000000 0.000000 0.000000 0.000000 1.000000
0.993816 0.030843 -0.106669 0.000000 -0.034763 0.998780 -0.035078 13.433600 0.105457 0.038569 0.993676 -0.000000 0.000000 0.000000 0.000000 1.000000
0.991297 0.020838 -0.129985 0.000000 -0.023734 0.999503 -0.020768 13.433600 0.129487 0.023673 0.991298 0.000000 0.000000 0.000000 0.000000 1.000000
0.988489 0.004467 -0.151225 0.000000 -0.004989 0.999983 -0.003076 13.433600 0.151208 0.003795 0.988495 0.000000 0.000000 0.000000 0.000000 1.000000
0.985547 -0.015037 -0.168734 -0.000000 0.017749 0.999736 0.014573 13.433600 0.168470 -0.017357 0.985554 -0.000000 0.000000 0.000000 0.000000 1.000000
0.982810 -0.033962 -0.181471 -0.000000 0.039977 0.998762 0.029594 13.433600 0.180242 -0.036340 0.982951 0.000000 0.000000 0.000000 0.000000 1.000000
0.980773 -0.048286 -0.189086 0.000000 0.056825 0.997583 0.039999 13.433600 0.186697 -0.049975 0.981146 -0.000000 0.000000 0.000000 0.000000 1.000000
0.979982 -0.053911 -0.191646 0.000000 0.063443 0.997017 0.043953 13.433600 0.188704 -0.055232 0.980480 0.000000 0.000000 0.000000 0.000000 1.000000
0.980311 -0.046676 -0.191861 0.000000 0.054946 0.997766 0.038008 13.433600 0.189659 -0.047801 0.980686 0.000000 0.000000 0.000000 0.000000 1.000000
0.981000 -0.029065 -0.191821 0.000000 0.034107 0.999153 0.023032 13.433600 0.190989 -0.029137 0.981160 0.000000 0.000000 0.000000 0.000000 1.000000
0.981616 -0.007177 -0.190731 -0.000000 0.007940 0.999963 0.003234 13.433600 0.190700 -0.004689 0.981637 0.000000 0.000000 0.000000 0.000000 1.000000
0.981952 0.012935 -0.188688 -0.000000 -0.016454 0.999718 -0.017098 13.433600 0.188414 0.019894 0.981888 0.000000 0.000000 0.000000 0.000000 1.000000
0.982049 0.025366 -0.186913 0.000000 -0.032182 0.998920 -0.033524 13.433600 0.185861 0.038937 0.981804 0.000000 0.000000 0.000000 0.000000 1.000000</float_array>
        <technique_common>
          <accessor source="#mixamorig2_Neck-Matrix-animation-output-transform-array" count="31" stride="16">
            <param type="float4x4"/>
          </accessor>
        </technique_common>
      </source>
      <source id="mixamorig2_Neck-Interpolations">
        <Name_array id="mixamorig2_Neck-Interpolations-array" count="31">
 LINEAR LINEAR LINEAR LINEAR LINEAR LINEAR LINEAR LINEAR LINEAR LINEAR LINEAR
LINEAR LINEAR LINEAR LINEAR LINEAR LINEAR LINEAR LINEAR LINEAR LINEAR LINEAR LINEAR
LINEAR LINEAR LINEAR LINEAR LINEAR LINEAR LINEAR LINEAR</Name_array>
        <technique_common>
          <accessor source="#mixamorig2_Neck-Interpolations-array" count="31">
            <param type="name"/>
          </accessor>
        </technique_common>
      </source>
      <sampler id="mixamorig2_Neck-Matrix-animation-transform">
        <input semantic="INPUT" source="#mixamorig2_Neck-Matrix-animation-input"/>
        <input semantic="OUTPUT" source="#mixamorig2_Neck-Matrix-animation-output-transform"/>
        <input semantic="INTERPOLATION" source="#mixamorig2_Neck-Interpolations"/>
      </sampler>
      <channel source="#mixamorig2_Neck-Matrix-animation-transform" target="mixamorig2_Neck/matrix"/>
    </animation>
    <animation id="mixamorig2_Head-anim" name="mixamorig2_Head">
      <source id="mixamorig2_Head-Matrix-animation-input">
        <float_array id="mixamorig2_Head-Matrix-animation-input-array" count="31">

0.000000 0.033333 0.066667 0.100000 0.133333 0.166667 0.200000 0.233333 0.266667 0.300000 0.333333 0.366667 0.400000 0.433333 0.466667 0.500000
0.533333 0.566667 0.600000 0.633333 0.666667 0.700000 0.733333 0.766667 0.800000 0.833333 0.866667 0.900000 0.933333 0.966667 1.000000</float_array>
        <technique_common>
          <accessor source="#mixamorig2_Head-Matrix-animation-input-array" count="31">
            <param name="TIME" type="float"/>
          </accessor>
        </technique_common>
      </source>
      <source id="mixamorig2_Head-Matrix-animation-output-transform">
        <float_array id="mixamorig2_Head-Matrix-animation-output-transform-array" count="496">

0.982779 -0.059089 0.175080 -0.000000 0.053592 0.997915 0.035964 8.477300 -0.176840 -0.025962 0.983897 0.443100 0.000000 0.000000 0.000000 1.000000
0.981940 -0.069887 0.175814 -0.000000 0.063916 0.997177 0.039406 8.477300 -0.178071 -0.027457 0.983634 0.443100 0.000000 0.000000 0.000000 1.000000
0.981184 -0.079762 0.175830 0.000000 0.073387 0.996399 0.042473 8.477300 -0.178585 -0.028770 0.983504 0.443100 0.000000 0.000000 0.000000 1.000000
0.980694 -0.087038 0.175108 0.000000 0.080442 0.995768 0.044432 8.477300 -0.178235 -0.029488 0.983546 0.443100 0.000000 0.000000 0.000000 1.000000
0.980420 -0.092225 0.173985 0.000000 0.085520 0.995289 0.045666 8.477300 -0.177377 -0.029892 0.983689 0.443100 0.000000 0.000000 0.000000 1.000000
0.980221 -0.096978 0.172518 0.000000 0.090196 0.994826 0.046745 8.477300 -0.176159 -0.030260 0.983897 0.443100 0.000000 0.000000 0.000000 1.000000
0.980189 -0.101060 0.170341 0.000000 0.094278 0.994414 0.047461 8.477300 -0.174186 -0.030461 0.984242 0.443100 0.000000 0.000000 0.000000 1.000000
0.980410 -0.104314 0.167074 0.000000 0.097666 0.994083 0.047546 8.477300 -0.171046 -0.030297 0.984797 0.443100 0.000000 0.000000 0.000000 1.000000
0.980966 -0.106542 0.162341 0.000000 0.100207 0.993868 0.046751 8.477300 -0.166326 -0.029593 0.985627 0.443100 0.000000 0.000000 0.000000 1.000000
0.981922 -0.107552 0.155763 0.000000 0.101743 0.993800 0.044826 8.477300 -0.159618 -0.028168 0.986777 0.443100 0.000000 0.000000 0.000000 1.000000
0.983323 -0.107155 0.146950 -0.000000 0.102099 0.993906 0.041544 8.477300 -0.150506 -0.025848 0.988271 0.443100 0.000000 0.000000 0.000000 1.000000
0.986095 -0.100967 0.131993 0.000000 0.097201 0.994660 0.034686 8.477300 -0.134791 -0.021374 0.990644 0.443100 0.000000 0.000000 0.000000 1.000000
0.990317 -0.086462 0.108614 -0.000000 0.084349 0.996149 0.023907 8.477300 -0.110263 -0.014514 0.993796 0.443100 0.000000 0.000000 0.000000 1.000000
0.994694 -0.065992 0.078925 0.000000 0.065243 0.997797 0.012040 8.477300 -0.079546 -0.006826 0.996808 0.443100 0.000000 0.000000 0.000000 1.000000
0.998092 -0.042098 0.045157 0.000000 0.042072 0.999113 0.001526 8.477300 -0.045181 0.000377 0.998979 0.443100 0.000000 0.000000 0.000000 1.000000
0.999799 -0.017520 0.009697 0.000000 0.017578 0.999828 -0.005968 8.477300 -0.009591 0.006137 0.999935 0.443100 0.000000 0.000000 0.000000 1.000000
0.999674 0.004949 -0.025030 0.000000 -0.005197 0.999938 -0.009862 8.477300 0.024980 0.009989 0.999638 0.443100 0.000000 0.000000 0.000000 1.000000
0.998141 0.022356 -0.056693 0.000000 -0.022999 0.999678 -0.010715 8.477300 0.056435 0.011998 0.998334 0.443100 0.000000 0.000000 0.000000 1.000000
0.996034 0.031749 -0.083120 0.000000 -0.032677 0.999418 -0.009825 8.477300 0.082759 0.012502 0.996491 0.443100 0.000000 0.000000 0.000000 1.000000
0.993816 0.030844 -0.106669 -0.000000 -0.031369 0.999503 -0.003255 8.477300 0.106516 0.006581 0.994289 0.443100 0.000000 0.000000 0.000000 1.000000
0.991297 0.020838 -0.129985 -0.000000 -0.019577 0.999748 0.010971 8.477300 0.130181 -0.008331 0.991455 0.443100 0.000000 0.000000 0.000000 1.000000
0.988489 0.004467 -0.151225 0.000000 -0.000147 0.999592 0.028565 8.477300 0.151291 -0.028214 0.988087 0.443100 0.000000 0.000000 0.000000 1.000000
0.985547 -0.015037 -0.168734 0.000000 0.023132 0.998668 0.046111 8.477300 0.167816 -0.049347 0.984583 0.443100 0.000000 0.000000 0.000000 1.000000
0.982810 -0.033962 -0.181471 0.000000 0.045726 0.997087 0.061040 8.477300 0.178870 -0.068289 0.981500 0.443100 0.000000 0.000000 0.000000 1.000000
0.980773 -0.048286 -0.189086 -0.000000 0.062772 0.995472 0.071382 8.477300 0.184783 -0.081879 0.979363 0.443100 0.000000 0.000000 0.000000 1.000000
0.979982 -0.053911 -0.191645 -0.000000 0.069451 0.994738 0.075313 8.477300 0.186577 -0.087116 0.978570 0.443100 0.000000 0.000000 0.000000 1.000000
0.980312 -0.046676 -0.191861 0.000000 0.060988 0.995724 0.069377 8.477300 0.187802 -0.079713 0.978967 0.443100 0.000000 0.000000 0.000000 1.000000
0.981000 -0.029065 -0.191820 0.000000 0.040202 0.997708 0.054424 8.477300 0.189799 -0.061102 0.979920 0.443100 0.000000 0.000000 0.000000 1.000000
0.981616 -0.007178 -0.190731 0.000000 0.014040 0.999301 0.034652 8.477300 0.190348 -0.036693 0.981031 0.443100 0.000000 0.000000 0.000000 1.000000
0.981952 0.012935 -0.188688 0.000000 -0.010415 0.999843 0.014339 8.477300 0.188844 -0.012115 0.981932 0.443100 0.000000 0.000000 0.000000 1.000000
0.982049 0.025366 -0.186913 0.000000 -0.026217 0.999654 -0.002082 8.477300 0.186795 0.006945 0.982374 0.443100 0.000000 0.000000 0.000000 1.000000</float_array>
        <technique_common>
          <accessor source="#mixamorig2_Head-Matrix-animation-output-transform-array" count="31" stride="16">
            <param type="float4x4"/>
          </accessor>
        </technique_common>
      </source>
      <source id="mixamorig2_Head-Interpolations">
        <Name_array id="mixamorig2_Head-Interpolations-array" count="31">
 LINEAR LINEAR LINEAR LINEAR LINEAR LINEAR LINEAR LINEAR LINEAR LINEAR LINEAR
LINEAR LINEAR LINEAR LINEAR LINEAR LINEAR LINEAR LINEAR LINEAR LINEAR LINEAR LINEAR
LINEAR LINEAR LINEAR LINEAR LINEAR LINEAR LINEAR LINEAR</Name_array>
        <technique_common>
          <accessor source="#mixamorig2_Head-Interpolations-array" count="31">
            <param type="name"/>
          </accessor>
        </technique_common>
      </source>
      <sampler id="mixamorig2_Head-Matrix-animation-transform">
        <input semantic="INPUT" source="#mixamorig2_Head-Matrix-animation-input"/>
        <input semantic="OUTPUT" source="#mixamorig2_Head-Matrix-animation-output-transform"/>
        <input semantic="INTERPOLATION" source="#mixamorig2_Head-Interpolations"/>
      </sampler>
      <channel source="#mixamorig2_Head-Matrix-animation-transform" target="mixamorig2_Head/matrix"/>
    </animation>
    <animation id="mixamorig2_LeftShoulder-anim" name="mixamorig2_LeftShoulder">
      <source id="mixamorig2_LeftShoulder-Matrix-animation-input">
        <float_array id="mixamorig2_LeftShoulder-Matrix-animation-input-array" count="31">

0.000000 0.033333 0.066667 0.100000 0.133333 0.166667 0.200000 0.233333 0.266667 0.300000 0.333333 0.366667 0.400000 0.433333 0.466667 0.500000
0.533333 0.566667 0.600000 0.633333 0.666667 0.700000 0.733333 0.766667 0.800000 0.833333 0.866667 0.900000 0.933333 0.966667 1.000000</float_array>
        <technique_common>
          <accessor source="#mixamorig2_LeftShoulder-Matrix-animation-input-array" count="31">
            <param name="TIME" type="float"/>
          </accessor>
        </technique_common>
      </source>
      <source id="mixamorig2_LeftShoulder-Matrix-animation-output-transform">
        <float_array id="mixamorig2_LeftShoulder-Matrix-animation-output-transform-array" count="496">

0.149769 0.988668 -0.010232 5.225300 0.077701 -0.022086 -0.996732 11.903500 -0.985663 0.148484 -0.080129 -0.046600 0.000000 0.000000 0.000000 1.000000
0.053598 0.995032 0.083894 5.225300 0.071029 0.080003 -0.994261 11.903500 -0.996033 0.059249 -0.066389 -0.046600 0.000000 0.000000 0.000000 1.000000
-0.020014 0.984444 0.174557 5.225300 0.052386 0.175385 -0.983105 11.903500 -0.998426 -0.010532 -0.055082 -0.046600 0.000000 0.000000 0.000000 1.000000
-0.059497 0.971879 0.227842 5.225300 0.035838 0.230179 -0.972488 11.903500 -0.997585 -0.049695 -0.048525 -0.046600 0.000000 0.000000 0.000000 1.000000
-0.027471 0.978760 0.203160 5.225300 0.049204 0.204314 -0.977668 11.903500 -0.998411 -0.016861 -0.053771 -0.046600 0.000000 0.000000 0.000000 1.000000
0.040908 0.989349 0.139695 5.225300 0.070843 0.136588 -0.988092 11.903500 -0.996648 0.050317 -0.064501 -0.046600 0.000000 0.000000 0.000000 1.000000
0.100970 0.993488 0.052786 5.225300 0.078363 0.044951 -0.995911 11.903500 -0.991798 0.104694 -0.073314 -0.046600 0.000000 0.000000 0.000000 1.000000
0.112245 0.992249 -0.053323 5.225300 0.068180 -0.061226 -0.995793 11.903500 -0.991339 0.108137 -0.074523 -0.046600 0.000000 0.000000 0.000000 1.000000
0.099696 0.973241 -0.207034 5.225300 0.051931 -0.212877 -0.975698 11.903500 -0.993662 0.086522 -0.071765 -0.046600 0.000000 0.000000 0.000000 1.000000
0.077558 0.932831 -0.351867 5.225300 0.042423 -0.355698 -0.933638 11.903500 -0.996085 0.057484 -0.067161 -0.046600 0.000000 0.000000 0.000000 1.000000
0.056434 0.902809 -0.426323 5.225300 0.042998 -0.428805 -0.902373 11.903500 -0.997480 0.032594 -0.063018 -0.046600 0.000000 0.000000 0.000000 1.000000
0.035979 0.896520 -0.441541 5.225300 0.048772 -0.442876 -0.895256 11.903500 -0.998162 0.010675 -0.059660 -0.046600 0.000000 0.000000 0.000000 1.000000
0.013670 0.893993 -0.447872 5.225300 0.055927 -0.447896 -0.892335 11.903500 -0.998341 -0.012850 -0.056121 -0.046600 0.000000 0.000000 0.000000 1.000000
-0.004260 0.892589 -0.450850 5.225300 0.061855 -0.449756 -0.891007 11.903500 -0.998076 -0.031683 -0.053295 -0.046600 0.000000 0.000000 0.000000 1.000000
-0.011459 0.889918 -0.455977 5.225300 0.064371 -0.454405 -0.888466 11.903500 -0.997860 -0.039532 -0.052078 -0.046600 0.000000 0.000000 0.000000 1.000000
0.002376 0.884553 -0.466433 5.225300 0.059822 -0.465725 -0.882905 11.903500 -0.998206 -0.025805 -0.054023 -0.046600 0.000000 0.000000 0.000000 1.000000
0.020052 0.878906 -0.476573 5.225300 0.053494 -0.476930 -0.877312 11.903500 -0.998367 -0.007901 -0.056580 -0.046600 0.000000 0.000000 0.000000 1.000000
0.036065 0.874466 -0.483744 5.225300 0.047399 -0.485010 -0.873223 11.903500 -0.998225 0.008564 -0.058941 -0.046600 0.000000 0.000000 0.000000 1.000000
0.052866 0.870310 -0.489659 5.225300 0.040736 -0.491816 -0.869746 11.903500 -0.997770 0.026033 -0.061453 -0.046600 0.000000 0.000000 0.000000 1.000000
0.065180 0.866829 -0.494327 5.225300 0.035638 -0.497087 -0.866969 11.903500 -0.997237 0.038892 -0.063292 -0.046600 0.000000 0.000000 0.000000 1.000000
0.067795 0.864644 -0.497789 5.225300 0.034348 -0.500664 -0.864960 11.903500 -0.997108 0.041542 -0.063642 -0.046600 0.000000 0.000000 0.000000 1.000000
0.045336 0.865831 -0.498278 5.225300 0.043258 -0.500024 -0.864930 11.903500 -0.998035 0.017658 -0.060123 -0.046600 0.000000 0.000000 0.000000 1.000000
0.013120 0.869892 -0.493067 5.225300 0.055987 -0.492975 -0.868240 11.903500 -0.998345 -0.016214 -0.055171 -0.046600 0.000000 0.000000 0.000000 1.000000
-0.024907 0.878090 -0.477847 5.225300 0.069876 -0.475297 -0.877046 11.903500 -0.997245 -0.055235 -0.049519 -0.046600 0.000000 0.000000 0.000000 1.000000
-0.065940 0.886676 -0.457666 5.225300 0.082726 -0.452227 -0.888058 11.903500 -0.994388 -0.096420 -0.043531 -0.046600 0.000000 0.000000 0.000000 1.000000
-0.108995 0.894383 -0.433820 5.225300 0.093569 -0.425251 -0.900226 11.903500 -0.989629 -0.138712 -0.037337 -0.046600 0.000000 0.000000 0.000000 1.000000
-0.153565 0.900693 -0.406412 5.225300 0.101717 -0.394696 -0.913164 11.903500 -0.982889 -0.181569 -0.031004 -0.046600 0.000000 0.000000 0.000000 1.000000
-0.201144 0.906065 -0.372273 5.225300 0.106266 -0.357614 -0.927804 11.903500 -0.973781 -0.226182 -0.024353 -0.046600 0.000000 0.000000 0.000000 1.000000
-0.248533 0.907413 -0.338871 5.225300 0.107621 -0.321813 -0.940667 11.903500 -0.962626 -0.270256 -0.017675 -0.046600 0.000000 0.000000 0.000000 1.000000
-0.292124 0.905192 -0.308693 5.225300 0.106273 -0.290050 -0.951093 11.903500 -0.950458 -0.310643 -0.011466 -0.046600 0.000000 0.000000 0.000000 1.000000
-0.327241 0.901004 -0.284791 5.225300 0.103499 -0.265396 -0.958568 11.903500 -0.939256 -0.343158 -0.006405 -0.046600 0.000000 0.000000 0.000000 1.000000</float_array>
        <technique_common>
          <accessor source="#mixamorig2_LeftShoulder-Matrix-animation-output-transform-array" count="31" stride="16">
            <param type="float4x4"/>
          </accessor>
        </technique_common>
      </source>
      <source id="mixamorig2_LeftShoulder-Interpolations">
        <Name_array id="mixamorig2_LeftShoulder-Interpolations-array" count="31">
 LINEAR LINEAR LINEAR LINEAR LINEAR LINEAR LINEAR LINEAR LINEAR LINEAR LINEAR
LINEAR LINEAR LINEAR LINEAR LINEAR LINEAR LINEAR LINEAR LINEAR LINEAR LINEAR LINEAR
LINEAR LINEAR LINEAR LINEAR LINEAR LINEAR LINEAR LINEAR</Name_array>
        <technique_common>
          <accessor source="#mixamorig2_LeftShoulder-Interpolations-array" count="31">
            <param type="name"/>
          </accessor>
        </technique_common>
      </source>
      <sampler id="mixamorig2_LeftShoulder-Matrix-animation-transform">
        <input semantic="INPUT" source="#mixamorig2_LeftShoulder-Matrix-animation-input"/>
        <input semantic="OUTPUT" source="#mixamorig2_LeftShoulder-Matrix-animation-output-transform"/>
        <input semantic="INTERPOLATION" source="#mixamorig2_LeftShoulder-Interpolations"/>
      </sampler>
      <channel source="#mixamorig2_LeftShoulder-Matrix-animation-transform" target="mixamorig2_LeftShoulder/matrix"/>
    </animation>
    <animation id="mixamorig2_LeftArm-anim" name="mixamorig2_LeftArm">
      <source id="mixamorig2_LeftArm-Matrix-animation-input">
        <float_array id="mixamorig2_LeftArm-Matrix-animation-input-array" count="31">

0.000000 0.033333 0.066667 0.100000 0.133333 0.166667 0.200000 0.233333 0.266667 0.300000 0.333333 0.366667 0.400000 0.433333 0.466667 0.500000
0.533333 0.566667 0.600000 0.633333 0.666667 0.700000 0.733333 0.766667 0.800000 0.833333 0.866667 0.900000 0.933333 0.966667 1.000000</float_array>
        <technique_common>
          <accessor source="#mixamorig2_LeftArm-Matrix-animation-input-array" count="31">
            <param name="TIME" type="float"/>
          </accessor>
        </technique_common>
      </source>
      <source id="mixamorig2_LeftArm-Matrix-animation-output-transform">
        <float_array id="mixamorig2_LeftArm-Matrix-animation-output-transform-array" count="496">

-0.285701 -0.798920 -0.529247 0.000000 0.956839 -0.207136 -0.203846 10.833400 0.053231 -0.564643 0.823617 -0.000000 0.000000 0.000000 0.000000 1.000000
-0.413512 -0.709495 -0.570636 0.000000 0.900644 -0.226777 -0.370692 10.833400 0.133597 -0.667225 0.732777 0.000000 0.000000 0.000000 0.000000 1.000000
-0.472721 -0.696762 -0.539498 -0.000000 0.820214 -0.124083 -0.558438 10.833400 0.322156 -0.706489 0.630151 0.000000 0.000000 0.000000 0.000000 1.000000
-0.418388 -0.659301 -0.624719 0.000000 0.805298 0.048829 -0.590857 10.833400 0.420057 -0.750292 0.510504 0.000000 0.000000 0.000000 0.000000 1.000000
-0.118762 -0.612601 -0.781419 0.000000 0.901151 0.263950 -0.343885 10.833400 0.416920 -0.745017 0.520698 0.000000 0.000000 0.000000 0.000000 1.000000
0.337523 -0.519201 -0.785181 0.000000 0.849274 0.527707 0.016129 10.833400 0.405971 -0.672277 0.619057 -0.000000 0.000000 0.000000 0.000000 1.000000
0.704465 -0.364626 -0.608915 0.000000 0.615679 0.740766 0.268710 10.833400 0.353085 -0.564193 0.746336 0.000000 0.000000 0.000000 0.000000 1.000000
0.872672 -0.207426 -0.442061 0.000000 0.372443 0.868217 0.327850 10.833400 0.315800 -0.450748 0.834923 0.000000 0.000000 0.000000 0.000000 1.000000
0.946772 -0.049108 -0.318136 0.000000 0.160250 0.929032 0.333496 10.833400 0.279181 -0.366726 0.887451 0.000000 0.000000 0.000000 0.000000 1.000000
0.964405 0.148443 -0.218831 -0.000000 -0.074167 0.946194 0.314986 10.833400 0.253815 -0.287544 0.923524 0.000000 0.000000 0.000000 0.000000 1.000000
0.939039 0.308201 -0.152375 -0.000000 -0.261085 0.927595 0.267213 10.833400 0.223697 -0.211140 0.951514 0.000000 0.000000 0.000000 0.000000 1.000000
0.897723 0.428972 -0.100384 0.000000 -0.403870 0.892346 0.201511 10.833400 0.176020 -0.140359 0.974329 0.000000 0.000000 0.000000 0.000000 1.000000
0.845249 0.531323 -0.057015 0.000000 -0.522179 0.843909 0.123071 10.833400 0.113506 -0.074253 0.990759 0.000000 0.000000 0.000000 0.000000 1.000000
0.809097 0.586447 -0.037976 0.000000 -0.584714 0.809816 0.048038 10.833400 0.058926 -0.016662 0.998123 0.000000 0.000000 0.000000 0.000000 1.000000
0.797677 0.601143 -0.048357 -0.000000 -0.602001 0.798484 -0.004129 10.833400 0.036130 0.032405 0.998822 0.000000 0.000000 0.000000 0.000000 1.000000
0.853275 0.515964 -0.075514 0.000000 -0.518569 0.854829 -0.018811 10.833400 0.054846 0.055210 0.996967 0.000000 0.000000 0.000000 0.000000 1.000000
0.968724 0.228609 -0.096493 0.000000 -0.234895 0.970190 -0.059638 10.833400 0.079983 0.080438 0.993545 0.000000 0.000000 0.000000 0.000000 1.000000
0.992657 -0.071090 -0.097867 -0.000000 0.057327 0.988926 -0.136890 10.833400 0.106515 0.130275 0.985740 0.000000 0.000000 0.000000 0.000000 1.000000
0.943702 -0.324231 -0.065577 0.000000 0.300565 0.923234 -0.239373 10.833400 0.138155 0.206186 0.968711 0.000000 0.000000 0.000000 0.000000 1.000000
0.892309 -0.449989 -0.035985 0.000000 0.423260 0.861690 -0.279896 10.833400 0.156958 0.234522 0.959356 -0.000000 0.000000 0.000000 0.000000 1.000000
0.894969 -0.444751 -0.035045 0.000000 0.419105 0.865082 -0.275652 10.833400 0.152913 0.232012 0.960619 0.000000 0.000000 0.000000 0.000000 1.000000
0.927144 -0.370246 -0.057641 0.000000 0.342930 0.900414 -0.267683 10.833400 0.151010 0.228414 0.961781 0.000000 0.000000 0.000000 0.000000 1.000000
0.977841 -0.187472 -0.093170 0.000000 0.159627 0.955633 -0.247558 10.833400 0.135446 0.227200 0.964383 0.000000 0.000000 0.000000 0.000000 1.000000
0.989309 -0.067588 -0.129230 -0.000000 0.041253 0.979627 -0.196541 10.833400 0.139881 0.189108 0.971942 0.000000 0.000000 0.000000 0.000000 1.000000
0.986378 -0.021742 -0.163052 0.000000 -0.000760 0.990613 -0.136691 10.833400 0.164493 0.134953 0.977103 0.000000 0.000000 0.000000 0.000000 1.000000
0.980018 -0.023889 -0.197469 -0.000000 0.005280 0.995537 -0.094228 10.833400 0.198838 0.091302 0.975770 0.000000 0.000000 0.000000 0.000000 1.000000
0.968167 -0.068520 -0.240744 0.000000 0.052253 0.995938 -0.073324 10.833400 0.244791 0.058410 0.967815 0.000000 0.000000 0.000000 0.000000 1.000000
0.940698 0.134882 -0.311278 0.000000 -0.152773 0.987686 -0.033708 10.833400 0.302899 0.079264 0.949721 -0.000000 0.000000 0.000000 0.000000 1.000000
0.883720 0.263070 -0.387082 0.000000 -0.281965 0.959389 0.008288 10.833400 0.373543 0.101819 0.922008 0.000000 0.000000 0.000000 0.000000 1.000000
0.798660 0.391031 -0.457424 -0.000000 -0.412631 0.909130 0.056721 10.833400 0.438038 0.143446 0.887438 0.000000 0.000000 0.000000 0.000000 1.000000
0.746459 0.441423 -0.497940 0.000000 -0.462215 0.882268 0.089226 10.833400 0.478703 0.163551 0.862609 0.000000 0.000000 0.000000 0.000000 1.000000</float_array>
        <technique_common>
          <accessor source="#mixamorig2_LeftArm-Matrix-animation-output-transform-array" count="31" stride="16">
            <param type="float4x4"/>
          </accessor>
        </technique_common>
      </source>
      <source id="mixamorig2_LeftArm-Interpolations">
        <Name_array id="mixamorig2_LeftArm-Interpolations-array" count="31">
 LINEAR LINEAR LINEAR LINEAR LINEAR LINEAR LINEAR LINEAR LINEAR LINEAR LINEAR
LINEAR LINEAR LINEAR LINEAR LINEAR LINEAR LINEAR LINEAR LINEAR LINEAR LINEAR LINEAR
LINEAR LINEAR LINEAR LINEAR LINEAR LINEAR LINEAR LINEAR</Name_array>
        <technique_common>
          <accessor source="#mixamorig2_LeftArm-Interpolations-array" count="31">
            <param type="name"/>
          </accessor>
        </technique_common>
      </source>
      <sampler id="mixamorig2_LeftArm-Matrix-animation-transform">
        <input semantic="INPUT" source="#mixamorig2_LeftArm-Matrix-animation-input"/>
        <input semantic="OUTPUT" source="#mixamorig2_LeftArm-Matrix-animation-output-transform"/>
        <input semantic="INTERPOLATION" source="#mixamorig2_LeftArm-Interpolations"/>
      </sampler>
      <channel source="#mixamorig2_LeftArm-Matrix-animation-transform" target="mixamorig2_LeftArm/matrix"/>
    </animation>
    <animation id="mixamorig2_LeftForeArm-anim" name="mixamorig2_LeftForeArm">
      <source id="mixamorig2_LeftForeArm-Matrix-animation-input">
        <float_array id="mixamorig2_LeftForeArm-Matrix-animation-input-array" count="31">

0.000000 0.033333 0.066667 0.100000 0.133333 0.166667 0.200000 0.233333 0.266667 0.300000 0.333333 0.366667 0.400000 0.433333 0.466667 0.500000
0.533333 0.566667 0.600000 0.633333 0.666667 0.700000 0.733333 0.766667 0.800000 0.833333 0.866667 0.900000 0.933333 0.966667 1.000000</float_array>
        <technique_common>
          <accessor source="#mixamorig2_LeftForeArm-Matrix-animation-input-array" count="31">
            <param name="TIME" type="float"/>
          </accessor>
        </technique_common>
      </source>
      <source id="mixamorig2_LeftForeArm-Matrix-animation-output-transform">
        <float_array id="mixamorig2_LeftForeArm-Matrix-animation-output-transform-array" count="496">

0.087339 -0.995786 -0.027968 0.000000 0.995781 0.088063 -0.025780 25.510300 0.028134 -0.025599 0.999276 -0.000000 0.000000 0.000000 0.000000 1.000000
0.031483 -0.999102 0.028363 -0.000000 0.999177 0.030734 -0.026482 25.510300 0.025586 0.029173 0.999247 0.000000 0.000000 0.000000 0.000000 1.000000
-0.037420 -0.995521 0.086822 0.000000 0.998958 -0.039537 -0.022792 25.510300 0.026123 0.085879 0.995963 0.000000 0.000000 0.000000 0.000000 1.000000
-0.054805 -0.991344 0.119308 0.000000 0.998117 -0.057689 -0.020852 25.510300 0.027555 0.117941 0.992638 -0.000000 0.000000 0.000000 0.000000 1.000000
-0.028403 -0.995794 0.087112 0.000000 0.999163 -0.030848 -0.026855 25.510300 0.029430 0.086276 0.995836 0.000000 0.000000 0.000000 0.000000 1.000000
0.037622 -0.999178 0.015105 -0.000000 0.998795 0.037122 -0.032102 25.510300 0.031515 0.016295 0.999370 -0.000000 0.000000 0.000000 0.000000 1.000000
0.138536 -0.988510 -0.060466 0.000000 0.989783 0.140276 -0.025536 25.510300 0.033724 -0.056311 0.997844 0.000000 0.000000 0.000000 0.000000 1.000000
0.375859 -0.920036 -0.110744 -0.000000 0.925913 0.377709 0.004578 25.510300 0.037618 -0.104260 0.993838 0.000000 0.000000 0.000000 0.000000 1.000000
0.718576 -0.683785 -0.126831 0.000000 0.693844 0.717275 0.064004 25.510300 0.047207 -0.133993 0.989857 -0.000000 0.000000 0.000000 0.000000 1.000000
0.900830 -0.417534 -0.119042 0.000000 0.429845 0.896288 0.109093 25.510300 0.061146 -0.149444 0.986878 0.000000 0.000000 0.000000 0.000000 1.000000
0.948980 -0.291576 -0.120086 0.000000 0.305839 0.943805 0.125278 25.510300 0.076810 -0.155613 0.984827 0.000000 0.000000 0.000000 0.000000 1.000000
0.954753 -0.264075 -0.136792 0.000000 0.280012 0.953169 0.114290 25.510300 0.100204 -0.147422 0.983985 -0.000000 0.000000 0.000000 0.000000 1.000000
0.960957 -0.229726 -0.154231 -0.000000 0.245784 0.964711 0.094464 25.510300 0.127088 -0.128684 0.983509 0.000000 0.000000 0.000000 0.000000 1.000000
0.967484 -0.194399 -0.161813 0.000000 0.208656 0.975016 0.076195 25.510300 0.142958 -0.107481 0.983876 -0.000000 0.000000 0.000000 0.000000 1.000000
0.973902 -0.158824 -0.162142 0.000000 0.171121 0.983114 0.064839 25.510300 0.149106 -0.090892 0.984635 0.000000 0.000000 0.000000 0.000000 1.000000
0.956875 -0.229394 -0.178239 0.000000 0.239612 0.970133 0.037794 25.510300 0.164246 -0.078872 0.983261 0.000000 0.000000 0.000000 0.000000 1.000000
0.984411 -0.090555 -0.150780 -0.000000 0.100376 0.993208 0.058838 25.510300 0.144428 -0.073056 0.986815 0.000000 0.000000 0.000000 0.000000 1.000000
0.992646 -0.047133 -0.111502 0.000000 0.054205 0.996649 0.061264 25.510300 0.108240 -0.066858 0.991874 0.000000 0.000000 0.000000 0.000000 1.000000
0.996363 -0.032274 -0.078859 0.000000 0.036952 0.997597 0.058610 25.510300 0.076778 -0.061311 0.995161 -0.000000 0.000000 0.000000 0.000000 1.000000
0.996085 -0.016611 -0.086828 0.000000 0.021441 0.998256 0.054999 25.510300 0.085763 -0.056646 0.994704 -0.000000 0.000000 0.000000 0.000000 1.000000
0.994439 -0.003030 -0.105268 -0.000000 0.008547 0.998610 0.052002 25.510300 0.104964 -0.052613 0.993083 0.000000 0.000000 0.000000 0.000000 1.000000
0.994920 -0.001016 -0.100659 0.000000 0.006098 0.998721 0.050197 25.510300 0.100479 -0.050556 0.993654 0.000000 0.000000 0.000000 0.000000 1.000000
0.958295 -0.258177 -0.122542 0.000000 0.261735 0.965044 0.013612 25.510300 0.114744 -0.045118 0.992370 0.000000 0.000000 0.000000 0.000000 1.000000
0.904338 -0.406068 -0.131461 -0.000000 0.407569 0.913025 -0.016513 25.510300 0.126733 -0.038646 0.991184 0.000000 0.000000 0.000000 0.000000 1.000000
0.906407 -0.399893 -0.136056 0.000000 0.401188 0.915799 -0.018983 25.510300 0.132191 -0.037377 0.990519 0.000000 0.000000 0.000000 0.000000 1.000000
0.950843 -0.279710 -0.132889 0.000000 0.283195 0.959031 0.007702 25.510300 0.125291 -0.044957 0.991101 0.000000 0.000000 0.000000 0.000000 1.000000
0.991391 -0.075103 -0.107254 -0.000000 0.081390 0.995136 0.055493 25.510300 0.102565 -0.063744 0.992682 -0.000000 0.000000 0.000000 0.000000 1.000000
0.918859 -0.374626 -0.123910 0.000000 0.382196 0.923060 0.043433 25.510300 0.098105 -0.087267 0.991343 0.000000 0.000000 0.000000 0.000000 1.000000
0.880171 -0.445521 -0.163739 0.000000 0.460532 0.885087 0.067314 25.510300 0.114934 -0.134655 0.984204 0.000000 0.000000 0.000000 0.000000 1.000000
0.777350 -0.590875 -0.215857 0.000000 0.618450 0.780609 0.090384 25.510300 0.115094 -0.203757 0.972233 0.000000 0.000000 0.000000 0.000000 1.000000
0.637474 -0.714843 -0.287448 -0.000000 0.761965 0.640204 0.097715 25.510300 0.114174 -0.281316 0.952799 -0.000000 0.000000 0.000000 0.000000 1.000000</float_array>
        <technique_common>
          <accessor source="#mixamorig2_LeftForeArm-Matrix-animation-output-transform-array" count="31" stride="16">
            <param type="float4x4"/>
          </accessor>
        </technique_common>
      </source>
      <source id="mixamorig2_LeftForeArm-Interpolations">
        <Name_array id="mixamorig2_LeftForeArm-Interpolations-array" count="31">
 LINEAR LINEAR LINEAR LINEAR LINEAR LINEAR LINEAR LINEAR LINEAR LINEAR LINEAR
LINEAR LINEAR LINEAR LINEAR LINEAR LINEAR LINEAR LINEAR LINEAR LINEAR LINEAR LINEAR
LINEAR LINEAR LINEAR LINEAR LINEAR LINEAR LINEAR LINEAR</Name_array>
        <technique_common>
          <accessor source="#mixamorig2_LeftForeArm-Interpolations-array" count="31">
            <param type="name"/>
          </accessor>
        </technique_common>
      </source>
      <sampler id="mixamorig2_LeftForeArm-Matrix-animation-transform">
        <input semantic="INPUT" source="#mixamorig2_LeftForeArm-Matrix-animation-input"/>
        <input semantic="OUTPUT" source="#mixamorig2_LeftForeArm-Matrix-animation-output-transform"/>
        <input semantic="INTERPOLATION" source="#mixamorig2_LeftForeArm-Interpolations"/>
      </sampler>
      <channel source="#mixamorig2_LeftForeArm-Matrix-animation-transform" target="mixamorig2_LeftForeArm/matrix"/>
    </animation>
    <animation id="mixamorig2_LeftHand-anim" name="mixamorig2_LeftHand">
      <source id="mixamorig2_LeftHand-Matrix-animation-input">
        <float_array id="mixamorig2_LeftHand-Matrix-animation-input-array" count="31">

0.000000 0.033333 0.066667 0.100000 0.133333 0.166667 0.200000 0.233333 0.266667 0.300000 0.333333 0.366667 0.400000 0.433333 0.466667 0.500000
0.533333 0.566667 0.600000 0.633333 0.666667 0.700000 0.733333 0.766667 0.800000 0.833333 0.866667 0.900000 0.933333 0.966667 1.000000</float_array>
        <technique_common>
          <accessor source="#mixamorig2_LeftHand-Matrix-animation-input-array" count="31">
            <param name="TIME" type="float"/>
          </accessor>
        </technique_common>
      </source>
      <source id="mixamorig2_LeftHand-Matrix-animation-output-transform">
        <float_array id="mixamorig2_LeftHand-Matrix-animation-output-transform-array" count="496">

0.974665 -0.000061 -0.223668 0.000000 -0.052110 0.972419 -0.227346 24.506201 0.217513 0.233242 0.947780 0.000000 0.000000 0.000000 0.000000 1.000000
0.971589 0.021676 -0.235679 0.000000 -0.084254 0.962239 -0.258838 24.506201 0.221169 0.271341 0.936727 0.000000 0.000000 0.000000 0.000000 1.000000
0.968675 0.038737 -0.245291 0.000000 -0.107708 0.955551 -0.274447 24.506201 0.223756 0.292270 0.929791 0.000000 0.000000 0.000000 0.000000 1.000000
0.966502 0.049983 -0.251744 -0.000000 -0.118933 0.956408 -0.266719 24.506201 0.227438 0.287725 0.930315 0.000000 0.000000 0.000000 0.000000 1.000000
0.965876 0.052384 -0.253652 0.000000 -0.108128 0.971462 -0.211115 24.506201 0.235354 0.231338 0.943976 0.000000 0.000000 0.000000 0.000000 1.000000
0.967022 0.045179 -0.250653 0.000000 -0.073915 0.991568 -0.106440 24.506201 0.243730 0.121457 0.962208 0.000000 0.000000 0.000000 0.000000 1.000000
0.968692 0.051330 -0.242901 0.000000 -0.046683 0.998601 0.024852 24.506201 0.243837 -0.012735 0.969733 0.000000 0.000000 0.000000 0.000000 1.000000
0.969732 0.090149 -0.226922 0.000000 -0.046933 0.980837 0.189091 24.506201 0.239620 -0.172718 0.955380 0.000000 0.000000 0.000000 0.000000 1.000000
0.961792 0.272439 -0.027081 0.000000 -0.245833 0.902913 0.352583 24.506201 0.120509 -0.332454 0.935389 0.000000 0.000000 0.000000 0.000000 1.000000
0.687055 0.691421 0.223367 -0.000000 -0.723711 0.623772 0.295212 24.506201 0.064786 -0.364480 0.928955 0.000000 0.000000 0.000000 0.000000 1.000000
0.451857 0.846489 0.281570 0.000000 -0.892083 0.427493 0.146415 24.506201 0.003569 -0.317343 0.948304 -0.000000 0.000000 0.000000 0.000000 1.000000
0.424964 0.878443 0.218503 -0.000000 -0.905182 0.410478 0.110242 24.506201 0.007151 -0.244634 0.969589 -0.000000 0.000000 0.000000 0.000000 1.000000
0.430421 0.892524 0.134680 -0.000000 -0.902297 0.421406 0.090973 24.506201 0.024441 -0.160678 0.986704 0.000000 0.000000 0.000000 0.000000 1.000000
0.438471 0.897451 0.048214 0.000000 -0.897731 0.434799 0.070911 24.506201 0.042676 -0.074376 0.996317 -0.000000 0.000000 0.000000 0.000000 1.000000
0.440622 0.897460 -0.020450 0.000000 -0.897410 0.440940 0.015054 24.506201 0.022527 0.011718 0.999678 -0.000000 0.000000 0.000000 0.000000 1.000000
0.394732 0.916100 -0.070347 0.000000 -0.918796 0.393601 -0.029858 24.506201 0.000336 0.076420 0.997076 -0.000000 0.000000 0.000000 0.000000 1.000000
0.434944 0.892051 -0.122755 0.000000 -0.899868 0.425671 -0.095088 24.506201 -0.032571 0.151821 0.987871 0.000000 0.000000 0.000000 0.000000 1.000000
0.414161 0.896612 -0.156709 -0.000000 -0.909025 0.398690 -0.121324 24.506201 -0.046302 0.192701 0.980165 0.000000 0.000000 0.000000 0.000000 1.000000
0.382061 0.906420 -0.180088 -0.000000 -0.922750 0.363500 -0.128067 24.506201 -0.050621 0.215106 0.975278 0.000000 0.000000 0.000000 0.000000 1.000000
0.388793 0.898675 -0.203034 0.000000 -0.919762 0.365763 -0.142319 24.506201 -0.053637 0.242076 0.968774 0.000000 0.000000 0.000000 0.000000 1.000000
0.424097 0.873632 -0.238554 0.000000 -0.902967 0.387786 -0.185131 24.506201 -0.069229 0.293920 0.953320 0.000000 0.000000 0.000000 0.000000 1.000000
0.424170 0.867508 -0.259828 -0.000000 -0.903523 0.386072 -0.185997 24.506201 -0.061042 0.313655 0.947573 0.000000 0.000000 0.000000 0.000000 1.000000
0.313200 0.907612 -0.279546 -0.000000 -0.949599 0.303300 -0.079184 24.506201 0.012918 0.290257 0.956862 0.000000 0.000000 0.000000 0.000000 1.000000
0.307096 0.896026 -0.320669 0.000000 -0.941184 0.335852 0.037104 24.506201 0.140943 0.290414 0.946464 0.000000 0.000000 0.000000 0.000000 1.000000
0.389436 0.827459 -0.404537 -0.000000 -0.878477 0.465684 0.106849 24.506201 0.276800 0.313766 0.908258 0.000000 0.000000 0.000000 0.000000 1.000000
0.505240 0.689814 -0.518545 0.000000 -0.754332 0.644885 0.122907 24.506201 0.419185 0.329058 0.846171 0.000000 0.000000 0.000000 0.000000 1.000000
0.605821 0.483071 -0.632158 0.000000 -0.556302 0.825241 0.097492 24.506201 0.568779 0.292608 0.768682 0.000000 0.000000 0.000000 0.000000 1.000000
0.571635 0.458244 -0.680622 0.000000 -0.398093 0.880232 0.258290 24.506201 0.717465 0.123304 0.685595 -0.000000 0.000000 0.000000 0.000000 1.000000
0.571449 0.356054 -0.739372 0.000000 -0.152341 0.931339 0.330756 24.506201 0.806374 -0.076374 0.586454 0.000000 0.000000 0.000000 0.000000 1.000000
0.546613 0.341865 -0.764423 -0.000000 0.070891 0.890700 0.449031 24.506201 0.834379 -0.299637 0.462633 0.000000 0.000000 0.000000 0.000000 1.000000
0.535258 0.329245 -0.777879 0.000000 0.265072 0.808916 0.524778 24.506201 0.802020 -0.487085 0.345705 0.000000 0.000000 0.000000 0.000000 1.000000</float_array>
        <technique_common>
          <accessor source="#mixamorig2_LeftHand-Matrix-animation-output-transform-array" count="31" stride="16">
            <param type="float4x4"/>
          </accessor>
        </technique_common>
      </source>
      <source id="mixamorig2_LeftHand-Interpolations">
        <Name_array id="mixamorig2_LeftHand-Interpolations-array" count="31">
 LINEAR LINEAR LINEAR LINEAR LINEAR LINEAR LINEAR LINEAR LINEAR LINEAR LINEAR
LINEAR LINEAR LINEAR LINEAR LINEAR LINEAR LINEAR LINEAR LINEAR LINEAR LINEAR LINEAR
LINEAR LINEAR LINEAR LINEAR LINEAR LINEAR LINEAR LINEAR</Name_array>
        <technique_common>
          <accessor source="#mixamorig2_LeftHand-Interpolations-array" count="31">
            <param type="name"/>
          </accessor>
        </technique_common>
      </source>
      <sampler id="mixamorig2_LeftHand-Matrix-animation-transform">
        <input semantic="INPUT" source="#mixamorig2_LeftHand-Matrix-animation-input"/>
        <input semantic="OUTPUT" source="#mixamorig2_LeftHand-Matrix-animation-output-transform"/>
        <input semantic="INTERPOLATION" source="#mixamorig2_LeftHand-Interpolations"/>
      </sampler>
      <channel source="#mixamorig2_LeftHand-Matrix-animation-transform" target="mixamorig2_LeftHand/matrix"/>
    </animation>
    <animation id="mixamorig2_LeftHandThumb1-anim" name="mixamorig2_LeftHandThumb1">
      <source id="mixamorig2_LeftHandThumb1-Matrix-animation-input">
        <float_array id="mixamorig2_LeftHandThumb1-Matrix-animation-input-array" count="31">

0.000000 0.033333 0.066667 0.100000 0.133333 0.166667 0.200000 0.233333 0.266667 0.300000 0.333333 0.366667 0.400000 0.433333 0.466667 0.500000
0.533333 0.566667 0.600000 0.633333 0.666667 0.700000 0.733333 0.766667 0.800000 0.833333 0.866667 0.900000 0.933333 0.966667 1.000000</float_array>
        <technique_common>
          <accessor source="#mixamorig2_LeftHandThumb1-Matrix-animation-input-array" count="31">
            <param name="TIME" type="float"/>
          </accessor>
        </technique_common>
      </source>
      <source id="mixamorig2_LeftHandThumb1-Matrix-animation-output-transform">
        <float_array id="mixamorig2_LeftHandThumb1-Matrix-animation-output-transform-array" count="496">

0.922688 0.011290 0.385381 -2.926700 0.267335 0.701515 -0.660612 3.019600 -0.277809 0.712565 0.644262 1.241800 0.000000 0.000000 0.000000 1.000000
0.922688 0.011290 0.385381 -2.926700 0.267336 0.701515 -0.660612 3.019600 -0.277809 0.712565 0.644262 1.241800 0.000000 0.000000 0.000000 1.000000
0.922689 0.011290 0.385381 -2.926700 0.267335 0.701515 -0.660612 3.019600 -0.277809 0.712565 0.644262 1.241800 0.000000 0.000000 0.000000 1.000000
0.922688 0.011290 0.385381 -2.926700 0.267335 0.701515 -0.660612 3.019600 -0.277809 0.712565 0.644262 1.241800 0.000000 0.000000 0.000000 1.000000
0.922689 0.011290 0.385380 -2.926700 0.267335 0.701515 -0.660612 3.019600 -0.277809 0.712565 0.644262 1.241800 0.000000 0.000000 0.000000 1.000000
0.922689 0.011290 0.385381 -2.926700 0.267335 0.701515 -0.660612 3.019600 -0.277809 0.712565 0.644262 1.241800 0.000000 0.000000 0.000000 1.000000
0.922689 0.011290 0.385381 -2.926700 0.267335 0.701515 -0.660612 3.019600 -0.277809 0.712565 0.644262 1.241800 0.000000 0.000000 0.000000 1.000000
0.922689 0.011290 0.385381 -2.926700 0.267335 0.701515 -0.660612 3.019600 -0.277808 0.712565 0.644262 1.241800 0.000000 0.000000 0.000000 1.000000
0.922689 0.011290 0.385381 -2.926700 0.267335 0.701515 -0.660612 3.019600 -0.277809 0.712565 0.644262 1.241800 0.000000 0.000000 0.000000 1.000000
0.922689 0.011290 0.385381 -2.926700 0.267335 0.701515 -0.660612 3.019600 -0.277809 0.712565 0.644262 1.241800 0.000000 0.000000 0.000000 1.000000
0.922689 0.011290 0.385381 -2.926700 0.267335 0.701515 -0.660612 3.019600 -0.277809 0.712565 0.644262 1.241800 0.000000 0.000000 0.000000 1.000000
0.922689 0.011290 0.385381 -2.926700 0.267335 0.701515 -0.660612 3.019600 -0.277809 0.712565 0.644262 1.241800 0.000000 0.000000 0.000000 1.000000
0.922689 0.011290 0.385381 -2.926700 0.267335 0.701515 -0.660612 3.019600 -0.277809 0.712565 0.644262 1.241800 0.000000 0.000000 0.000000 1.000000
0.922689 0.011290 0.385381 -2.926700 0.267335 0.701515 -0.660612 3.019600 -0.277809 0.712565 0.644262 1.241800 0.000000 0.000000 0.000000 1.000000
0.922689 0.011290 0.385381 -2.926700 0.267335 0.701515 -0.660612 3.019600 -0.277809 0.712565 0.644262 1.241800 0.000000 0.000000 0.000000 1.000000
0.922689 0.011290 0.385381 -2.926700 0.267335 0.701515 -0.660612 3.019600 -0.277809 0.712565 0.644262 1.241800 0.000000 0.000000 0.000000 1.000000
0.922689 0.011290 0.385380 -2.926700 0.267335 0.701515 -0.660612 3.019600 -0.277808 0.712565 0.644262 1.241800 0.000000 0.000000 0.000000 1.000000
0.922689 0.011290 0.385380 -2.926700 0.267335 0.701515 -0.660612 3.019600 -0.277809 0.712565 0.644262 1.241800 0.000000 0.000000 0.000000 1.000000
0.922689 0.011290 0.385381 -2.926700 0.267335 0.701515 -0.660612 3.019600 -0.277809 0.712565 0.644262 1.241800 0.000000 0.000000 0.000000 1.000000
0.922689 0.011290 0.385381 -2.926700 0.267335 0.701515 -0.660612 3.019600 -0.277808 0.712565 0.644262 1.241800 0.000000 0.000000 0.000000 1.000000
0.922689 0.011290 0.385381 -2.926700 0.267335 0.701515 -0.660612 3.019600 -0.277809 0.712565 0.644262 1.241800 0.000000 0.000000 0.000000 1.000000
0.922689 0.011290 0.385381 -2.926700 0.267335 0.701515 -0.660612 3.019600 -0.277809 0.712565 0.644262 1.241800 0.000000 0.000000 0.000000 1.000000
0.922689 0.011290 0.385381 -2.926700 0.267335 0.701515 -0.660612 3.019600 -0.277809 0.712565 0.644262 1.241800 0.000000 0.000000 0.000000 1.000000
0.922689 0.011290 0.385381 -2.926700 0.267335 0.701515 -0.660612 3.019600 -0.277809 0.712565 0.644262 1.241800 0.000000 0.000000 0.000000 1.000000
0.922689 0.011290 0.385380 -2.926700 0.267335 0.701515 -0.660612 3.019600 -0.277809 0.712565 0.644262 1.241800 0.000000 0.000000 0.000000 1.000000
0.922689 0.011290 0.385380 -2.926700 0.267335 0.701515 -0.660612 3.019600 -0.277809 0.712565 0.644262 1.241800 0.000000 0.000000 0.000000 1.000000
0.922689 0.011290 0.385381 -2.926700 0.267335 0.701515 -0.660612 3.019600 -0.277809 0.712565 0.644262 1.241800 0.000000 0.000000 0.000000 1.000000
0.922689 0.011290 0.385381 -2.926700 0.267335 0.701515 -0.660612 3.019600 -0.277809 0.712565 0.644262 1.241800 0.000000 0.000000 0.000000 1.000000
0.922689 0.011290 0.385381 -2.926700 0.267335 0.701515 -0.660612 3.019600 -0.277809 0.712565 0.644262 1.241800 0.000000 0.000000 0.000000 1.000000
0.922689 0.011290 0.385381 -2.926700 0.267335 0.701515 -0.660612 3.019600 -0.277809 0.712565 0.644262 1.241800 0.000000 0.000000 0.000000 1.000000
0.922689 0.011290 0.385380 -2.926700 0.267335 0.701515 -0.660612 3.019600 -0.277809 0.712565 0.644262 1.241800 0.000000 0.000000 0.000000 1.000000</float_array>
        <technique_common>
          <accessor source="#mixamorig2_LeftHandThumb1-Matrix-animation-output-transform-array" count="31" stride="16">
            <param type="float4x4"/>
          </accessor>
        </technique_common>
      </source>
      <source id="mixamorig2_LeftHandThumb1-Interpolations">
        <Name_array id="mixamorig2_LeftHandThumb1-Interpolations-array" count="31">
 LINEAR LINEAR LINEAR LINEAR LINEAR LINEAR LINEAR LINEAR LINEAR LINEAR LINEAR
LINEAR LINEAR LINEAR LINEAR LINEAR LINEAR LINEAR LINEAR LINEAR LINEAR LINEAR LINEAR
LINEAR LINEAR LINEAR LINEAR LINEAR LINEAR LINEAR LINEAR</Name_array>
        <technique_common>
          <accessor source="#mixamorig2_LeftHandThumb1-Interpolations-array" count="31">
            <param type="name"/>
          </accessor>
        </technique_common>
      </source>
      <sampler id="mixamorig2_LeftHandThumb1-Matrix-animation-transform">
        <input semantic="INPUT" source="#mixamorig2_LeftHandThumb1-Matrix-animation-input"/>
        <input semantic="OUTPUT" source="#mixamorig2_LeftHandThumb1-Matrix-animation-output-transform"/>
        <input semantic="INTERPOLATION" source="#mixamorig2_LeftHandThumb1-Interpolations"/>
      </sampler>
      <channel source="#mixamorig2_LeftHandThumb1-Matrix-animation-transform" target="mixamorig2_LeftHandThumb1/matrix"/>
    </animation>
    <animation id="mixamorig2_LeftHandThumb2-anim" name="mixamorig2_LeftHandThumb2">
      <source id="mixamorig2_LeftHandThumb2-Matrix-animation-input">
        <float_array id="mixamorig2_LeftHandThumb2-Matrix-animation-input-array" count="31">

0.000000 0.033333 0.066667 0.100000 0.133333 0.166667 0.200000 0.233333 0.266667 0.300000 0.333333 0.366667 0.400000 0.433333 0.466667 0.500000
0.533333 0.566667 0.600000 0.633333 0.666667 0.700000 0.733333 0.766667 0.800000 0.833333 0.866667 0.900000 0.933333 0.966667 1.000000</float_array>
        <technique_common>
          <accessor source="#mixamorig2_LeftHandThumb2-Matrix-animation-input-array" count="31">
            <param name="TIME" type="float"/>
          </accessor>
        </technique_common>
      </source>
      <source id="mixamorig2_LeftHandThumb2-Matrix-animation-output-transform">
        <float_array id="mixamorig2_LeftHandThumb2-Matrix-animation-output-transform-array" count="496">

0.979254 0.202523 -0.006717 -0.690300 -0.202429 0.979215 0.012662 3.439200 0.009142 -0.011039 0.999897 0.000000 0.000000 0.000000 0.000000 1.000000
0.979254 0.202524 -0.006717 -0.690300 -0.202429 0.979215 0.012662 3.439200 0.009142 -0.011039 0.999897 0.000000 0.000000 0.000000 0.000000 1.000000
0.979254 0.202524 -0.006717 -0.690300 -0.202429 0.979215 0.012662 3.439200 0.009142 -0.011039 0.999897 0.000000 0.000000 0.000000 0.000000 1.000000
0.979254 0.202524 -0.006717 -0.690300 -0.202429 0.979215 0.012662 3.439200 0.009142 -0.011039 0.999897 0.000000 0.000000 0.000000 0.000000 1.000000
0.979254 0.202524 -0.006717 -0.690300 -0.202429 0.979215 0.012662 3.439200 0.009142 -0.011039 0.999897 -0.000000 0.000000 0.000000 0.000000 1.000000
0.979254 0.202523 -0.006717 -0.690300 -0.202429 0.979215 0.012662 3.439200 0.009142 -0.011039 0.999897 0.000000 0.000000 0.000000 0.000000 1.000000
0.979254 0.202523 -0.006717 -0.690300 -0.202428 0.979215 0.012661 3.439200 0.009142 -0.011039 0.999897 -0.000000 0.000000 0.000000 0.000000 1.000000
0.979254 0.202524 -0.006717 -0.690300 -0.202429 0.979215 0.012662 3.439200 0.009142 -0.011039 0.999897 0.000000 0.000000 0.000000 0.000000 1.000000
0.979254 0.202524 -0.006717 -0.690300 -0.202429 0.979215 0.012662 3.439200 0.009142 -0.011039 0.999897 0.000000 0.000000 0.000000 0.000000 1.000000
0.979254 0.202524 -0.006717 -0.690300 -0.202429 0.979215 0.012662 3.439200 0.009142 -0.011039 0.999897 0.000000 0.000000 0.000000 0.000000 1.000000
0.979254 0.202524 -0.006717 -0.690300 -0.202429 0.979215 0.012662 3.439200 0.009141 -0.011039 0.999897 0.000000 0.000000 0.000000 0.000000 1.000000
0.979254 0.202524 -0.006717 -0.690300 -0.202429 0.979215 0.012662 3.439200 0.009142 -0.011039 0.999897 0.000000 0.000000 0.000000 0.000000 1.000000
0.979254 0.202523 -0.006717 -0.690300 -0.202428 0.979215 0.012662 3.439200 0.009142 -0.011039 0.999897 0.000000 0.000000 0.000000 0.000000 1.000000
0.979254 0.202524 -0.006717 -0.690300 -0.202429 0.979215 0.012662 3.439200 0.009142 -0.011039 0.999897 0.000000 0.000000 0.000000 0.000000 1.000000
0.979254 0.202523 -0.006717 -0.690300 -0.202428 0.979215 0.012662 3.439200 0.009141 -0.011039 0.999897 -0.000000 0.000000 0.000000 0.000000 1.000000
0.979254 0.202524 -0.006717 -0.690300 -0.202429 0.979215 0.012662 3.439200 0.009142 -0.011039 0.999897 0.000000 0.000000 0.000000 0.000000 1.000000
0.979254 0.202524 -0.006717 -0.690300 -0.202429 0.979215 0.012662 3.439200 0.009142 -0.011039 0.999897 -0.000000 0.000000 0.000000 0.000000 1.000000
0.979254 0.202523 -0.006717 -0.690300 -0.202429 0.979215 0.012662 3.439200 0.009142 -0.011039 0.999897 0.000000 0.000000 0.000000 0.000000 1.000000
0.979254 0.202524 -0.006717 -0.690300 -0.202429 0.979215 0.012662 3.439200 0.009142 -0.011039 0.999897 0.000000 0.000000 0.000000 0.000000 1.000000
0.979254 0.202524 -0.006717 -0.690300 -0.202429 0.979215 0.012662 3.439200 0.009142 -0.011039 0.999897 -0.000000 0.000000 0.000000 0.000000 1.000000
0.979254 0.202524 -0.006717 -0.690300 -0.202429 0.979215 0.012662 3.439200 0.009142 -0.011039 0.999897 0.000000 0.000000 0.000000 0.000000 1.000000
0.979254 0.202524 -0.006717 -0.690300 -0.202429 0.979215 0.012662 3.439200 0.009142 -0.011039 0.999897 0.000000 0.000000 0.000000 0.000000 1.000000
0.979254 0.202524 -0.006717 -0.690300 -0.202429 0.979215 0.012662 3.439200 0.009141 -0.011039 0.999897 0.000000 0.000000 0.000000 0.000000 1.000000
0.979254 0.202524 -0.006717 -0.690300 -0.202429 0.979215 0.012662 3.439200 0.009142 -0.011039 0.999897 0.000000 0.000000 0.000000 0.000000 1.000000
0.979254 0.202523 -0.006717 -0.690300 -0.202429 0.979215 0.012662 3.439200 0.009142 -0.011039 0.999897 0.000000 0.000000 0.000000 0.000000 1.000000
0.979254 0.202524 -0.006717 -0.690300 -0.202429 0.979215 0.012662 3.439200 0.009142 -0.011039 0.999897 0.000000 0.000000 0.000000 0.000000 1.000000
0.979254 0.202523 -0.006717 -0.690300 -0.202428 0.979215 0.012662 3.439200 0.009142 -0.011039 0.999897 0.000000 0.000000 0.000000 0.000000 1.000000
0.979254 0.202524 -0.006717 -0.690300 -0.202429 0.979215 0.012662 3.439200 0.009142 -0.011039 0.999897 -0.000000 0.000000 0.000000 0.000000 1.000000
0.979254 0.202524 -0.006717 -0.690300 -0.202429 0.979215 0.012662 3.439200 0.009142 -0.011039 0.999897 0.000000 0.000000 0.000000 0.000000 1.000000
0.979254 0.202524 -0.006717 -0.690300 -0.202429 0.979215 0.012662 3.439200 0.009142 -0.011039 0.999897 0.000000 0.000000 0.000000 0.000000 1.000000
0.979254 0.202523 -0.006717 -0.690300 -0.202429 0.979215 0.012662 3.439200 0.009142 -0.011039 0.999897 0.000000 0.000000 0.000000 0.000000 1.000000</float_array>
        <technique_common>
          <accessor source="#mixamorig2_LeftHandThumb2-Matrix-animation-output-transform-array" count="31" stride="16">
            <param type="float4x4"/>
          </accessor>
        </technique_common>
      </source>
      <source id="mixamorig2_LeftHandThumb2-Interpolations">
        <Name_array id="mixamorig2_LeftHandThumb2-Interpolations-array" count="31">
 LINEAR LINEAR LINEAR LINEAR LINEAR LINEAR LINEAR LINEAR LINEAR LINEAR LINEAR
LINEAR LINEAR LINEAR LINEAR LINEAR LINEAR LINEAR LINEAR LINEAR LINEAR LINEAR LINEAR
LINEAR LINEAR LINEAR LINEAR LINEAR LINEAR LINEAR LINEAR</Name_array>
        <technique_common>
          <accessor source="#mixamorig2_LeftHandThumb2-Interpolations-array" count="31">
            <param type="name"/>
          </accessor>
        </technique_common>
      </source>
      <sampler id="mixamorig2_LeftHandThumb2-Matrix-animation-transform">
        <input semantic="INPUT" source="#mixamorig2_LeftHandThumb2-Matrix-animation-input"/>
        <input semantic="OUTPUT" source="#mixamorig2_LeftHandThumb2-Matrix-animation-output-transform"/>
        <input semantic="INTERPOLATION" source="#mixamorig2_LeftHandThumb2-Interpolations"/>
      </sampler>
      <channel source="#mixamorig2_LeftHandThumb2-Matrix-animation-transform" target="mixamorig2_LeftHandThumb2/matrix"/>
    </animation>
    <animation id="mixamorig2_LeftHandThumb3-anim" name="mixamorig2_LeftHandThumb3">
      <source id="mixamorig2_LeftHandThumb3-Matrix-animation-input">
        <float_array id="mixamorig2_LeftHandThumb3-Matrix-animation-input-array" count="31">

0.000000 0.033333 0.066667 0.100000 0.133333 0.166667 0.200000 0.233333 0.266667 0.300000 0.333333 0.366667 0.400000 0.433333 0.466667 0.500000
0.533333 0.566667 0.600000 0.633333 0.666667 0.700000 0.733333 0.766667 0.800000 0.833333 0.866667 0.900000 0.933333 0.966667 1.000000</float_array>
        <technique_common>
          <accessor source="#mixamorig2_LeftHandThumb3-Matrix-animation-input-array" count="31">
            <param name="TIME" type="float"/>
          </accessor>
        </technique_common>
      </source>
      <source id="mixamorig2_LeftHandThumb3-Matrix-animation-output-transform">
        <float_array id="mixamorig2_LeftHandThumb3-Matrix-animation-output-transform-array" count="496">

0.916487 0.399402 -0.023011 0.152400 -0.399897 0.916253 -0.023747 3.077300 0.011599 0.030966 0.999453 0.000000 0.000000 0.000000 0.000000 1.000000
0.916487 0.399402 -0.023010 0.152400 -0.399897 0.916253 -0.023748 3.077300 0.011599 0.030966 0.999453 0.000000 0.000000 0.000000 0.000000 1.000000
0.916487 0.399402 -0.023011 0.152400 -0.399896 0.916253 -0.023748 3.077300 0.011599 0.030966 0.999453 0.000000 0.000000 0.000000 0.000000 1.000000
0.916487 0.399403 -0.023011 0.152400 -0.399897 0.916252 -0.023747 3.077300 0.011599 0.030966 0.999453 0.000000 0.000000 0.000000 0.000000 1.000000
0.916487 0.399402 -0.023011 0.152400 -0.399897 0.916253 -0.023748 3.077300 0.011599 0.030966 0.999453 0.000000 0.000000 0.000000 0.000000 1.000000
0.916487 0.399403 -0.023011 0.152400 -0.399897 0.916253 -0.023747 3.077300 0.011599 0.030966 0.999453 0.000000 0.000000 0.000000 0.000000 1.000000
0.916487 0.399403 -0.023011 0.152400 -0.399897 0.916253 -0.023747 3.077300 0.011599 0.030966 0.999453 0.000000 0.000000 0.000000 0.000000 1.000000
0.916487 0.399403 -0.023011 0.152400 -0.399897 0.916252 -0.023747 3.077300 0.011599 0.030966 0.999453 0.000000 0.000000 0.000000 0.000000 1.000000
0.916487 0.399402 -0.023011 0.152400 -0.399897 0.916253 -0.023748 3.077300 0.011599 0.030966 0.999453 -0.000000 0.000000 0.000000 0.000000 1.000000
0.916487 0.399402 -0.023011 0.152400 -0.399897 0.916253 -0.023748 3.077300 0.011599 0.030966 0.999453 0.000000 0.000000 0.000000 0.000000 1.000000
0.916487 0.399403 -0.023011 0.152400 -0.399897 0.916252 -0.023748 3.077300 0.011599 0.030966 0.999453 0.000000 0.000000 0.000000 0.000000 1.000000
0.916487 0.399402 -0.023011 0.152400 -0.399897 0.916253 -0.023748 3.077300 0.011599 0.030966 0.999453 0.000000 0.000000 0.000000 0.000000 1.000000
0.916487 0.399403 -0.023011 0.152400 -0.399897 0.916252 -0.023748 3.077300 0.011599 0.030966 0.999453 0.000000 0.000000 0.000000 0.000000 1.000000
0.916487 0.399403 -0.023011 0.152400 -0.399897 0.916252 -0.023748 3.077300 0.011599 0.030966 0.999453 -0.000000 0.000000 0.000000 0.000000 1.000000
0.916487 0.399403 -0.023011 0.152400 -0.399897 0.916253 -0.023748 3.077300 0.011599 0.030966 0.999453 -0.000000 0.000000 0.000000 0.000000 1.000000
0.916487 0.399403 -0.023010 0.152400 -0.399897 0.916252 -0.023748 3.077300 0.011599 0.030966 0.999453 -0.000000 0.000000 0.000000 0.000000 1.000000
0.916487 0.399402 -0.023011 0.152400 -0.399896 0.916253 -0.023748 3.077300 0.011599 0.030966 0.999453 0.000000 0.000000 0.000000 0.000000 1.000000
0.916487 0.399402 -0.023011 0.152400 -0.399897 0.916253 -0.023747 3.077300 0.011599 0.030966 0.999453 0.000000 0.000000 0.000000 0.000000 1.000000
0.916487 0.399403 -0.023011 0.152400 -0.399897 0.916253 -0.023748 3.077300 0.011599 0.030966 0.999453 0.000000 0.000000 0.000000 0.000000 1.000000
0.916487 0.399402 -0.023011 0.152400 -0.399897 0.916253 -0.023747 3.077300 0.011599 0.030966 0.999453 0.000000 0.000000 0.000000 0.000000 1.000000
0.916487 0.399403 -0.023011 0.152400 -0.399897 0.916252 -0.023747 3.077300 0.011599 0.030966 0.999453 0.000000 0.000000 0.000000 0.000000 1.000000
0.916487 0.399402 -0.023010 0.152400 -0.399896 0.916253 -0.023748 3.077300 0.011598 0.030966 0.999453 0.000000 0.000000 0.000000 0.000000 1.000000
0.916487 0.399402 -0.023011 0.152400 -0.399897 0.916253 -0.023748 3.077300 0.011599 0.030966 0.999453 0.000000 0.000000 0.000000 0.000000 1.000000
0.916487 0.399403 -0.023011 0.152400 -0.399897 0.916253 -0.023748 3.077300 0.011599 0.030966 0.999453 0.000000 0.000000 0.000000 0.000000 1.000000
0.916487 0.399403 -0.023010 0.152400 -0.399897 0.916252 -0.023748 3.077300 0.011598 0.030966 0.999453 0.000000 0.000000 0.000000 0.000000 1.000000
0.916487 0.399403 -0.023011 0.152400 -0.399897 0.916253 -0.023748 3.077300 0.011599 0.030966 0.999453 0.000000 0.000000 0.000000 0.000000 1.000000
0.916487 0.399403 -0.023011 0.152400 -0.399897 0.916253 -0.023748 3.077300 0.011599 0.030966 0.999453 0.000000 0.000000 0.000000 0.000000 1.000000
0.916487 0.399403 -0.023010 0.152400 -0.399897 0.916253 -0.023748 3.077300 0.011599 0.030966 0.999453 -0.000000 0.000000 0.000000 0.000000 1.000000
0.916487 0.399402 -0.023011 0.152400 -0.399897 0.916253 -0.023747 3.077300 0.011599 0.030966 0.999453 -0.000000 0.000000 0.000000 0.000000 1.000000
0.916487 0.399403 -0.023011 0.152400 -0.399897 0.916253 -0.023747 3.077300 0.011599 0.030966 0.999453 0.000000 0.000000 0.000000 0.000000 1.000000
0.916487 0.399403 -0.023010 0.152400 -0.399897 0.916252 -0.023747 3.077300 0.011599 0.030966 0.999453 0.000000 0.000000 0.000000 0.000000 1.000000</float_array>
        <technique_common>
          <accessor source="#mixamorig2_LeftHandThumb3-Matrix-animation-output-transform-array" count="31" stride="16">
            <param type="float4x4"/>
          </accessor>
        </technique_common>
      </source>
      <source id="mixamorig2_LeftHandThumb3-Interpolations">
        <Name_array id="mixamorig2_LeftHandThumb3-Interpolations-array" count="31">
 LINEAR LINEAR LINEAR LINEAR LINEAR LINEAR LINEAR LINEAR LINEAR LINEAR LINEAR
LINEAR LINEAR LINEAR LINEAR LINEAR LINEAR LINEAR LINEAR LINEAR LINEAR LINEAR LINEAR
LINEAR LINEAR LINEAR LINEAR LINEAR LINEAR LINEAR LINEAR</Name_array>
        <technique_common>
          <accessor source="#mixamorig2_LeftHandThumb3-Interpolations-array" count="31">
            <param type="name"/>
          </accessor>
        </technique_common>
      </source>
      <sampler id="mixamorig2_LeftHandThumb3-Matrix-animation-transform">
        <input semantic="INPUT" source="#mixamorig2_LeftHandThumb3-Matrix-animation-input"/>
        <input semantic="OUTPUT" source="#mixamorig2_LeftHandThumb3-Matrix-animation-output-transform"/>
        <input semantic="INTERPOLATION" source="#mixamorig2_LeftHandThumb3-Interpolations"/>
      </sampler>
      <channel source="#mixamorig2_LeftHandThumb3-Matrix-animation-transform" target="mixamorig2_LeftHandThumb3/matrix"/>
    </animation>
    <animation id="mixamorig2_LeftHandIndex1-anim" name="mixamorig2_LeftHandIndex1">
      <source id="mixamorig2_LeftHandIndex1-Matrix-animation-input">
        <float_array id="mixamorig2_LeftHandIndex1-Matrix-animation-input-array" count="31">

0.000000 0.033333 0.066667 0.100000 0.133333 0.166667 0.200000 0.233333 0.266667 0.300000 0.333333 0.366667 0.400000 0.433333 0.466667 0.500000
0.533333 0.566667 0.600000 0.633333 0.666667 0.700000 0.733333 0.766667 0.800000 0.833333 0.866667 0.900000 0.933333 0.966667 1.000000</float_array>
        <technique_common>
          <accessor source="#mixamorig2_LeftHandIndex1-Matrix-animation-input-array" count="31">
            <param name="TIME" type="float"/>
          </accessor>
        </technique_common>
      </source>
      <source id="mixamorig2_LeftHandIndex1-Matrix-animation-output-transform">
        <float_array id="mixamorig2_LeftHandIndex1-Matrix-animation-output-transform-array" count="496">

0.995588 0.092197 0.017425 -3.337100 -0.033108 0.518956 -0.854160 9.136300 -0.087794 0.849814 0.519719 0.117700 0.000000 0.000000 0.000000 1.000000
0.995588 0.092197 0.017426 -3.337100 -0.033108 0.518956 -0.854160 9.136300 -0.087794 0.849815 0.519719 0.117700 0.000000 0.000000 0.000000 1.000000
0.995588 0.092197 0.017425 -3.337100 -0.033108 0.518956 -0.854160 9.136300 -0.087794 0.849815 0.519719 0.117700 0.000000 0.000000 0.000000 1.000000
0.995588 0.092197 0.017426 -3.337100 -0.033108 0.518956 -0.854160 9.136300 -0.087794 0.849815 0.519719 0.117700 0.000000 0.000000 0.000000 1.000000
0.995588 0.092197 0.017425 -3.337100 -0.033108 0.518956 -0.854160 9.136300 -0.087794 0.849814 0.519719 0.117700 0.000000 0.000000 0.000000 1.000000
0.995588 0.092197 0.017426 -3.337100 -0.033108 0.518956 -0.854160 9.136300 -0.087794 0.849814 0.519719 0.117700 0.000000 0.000000 0.000000 1.000000
0.995588 0.092197 0.017425 -3.337100 -0.033108 0.518956 -0.854160 9.136300 -0.087794 0.849814 0.519719 0.117700 0.000000 0.000000 0.000000 1.000000
0.995588 0.092197 0.017426 -3.337100 -0.033108 0.518956 -0.854160 9.136300 -0.087794 0.849814 0.519719 0.117700 0.000000 0.000000 0.000000 1.000000
0.995588 0.092197 0.017425 -3.337100 -0.033108 0.518956 -0.854160 9.136300 -0.087794 0.849814 0.519719 0.117700 0.000000 0.000000 0.000000 1.000000
0.995588 0.092197 0.017426 -3.337100 -0.033108 0.518956 -0.854160 9.136300 -0.087794 0.849814 0.519719 0.117700 0.000000 0.000000 0.000000 1.000000
0.995588 0.092197 0.017426 -3.337100 -0.033108 0.518956 -0.854160 9.136300 -0.087794 0.849814 0.519719 0.117700 0.000000 0.000000 0.000000 1.000000
0.995588 0.092197 0.017425 -3.337100 -0.033108 0.518956 -0.854160 9.136300 -0.087794 0.849814 0.519719 0.117700 0.000000 0.000000 0.000000 1.000000
0.995588 0.092197 0.017426 -3.337100 -0.033108 0.518956 -0.854160 9.136300 -0.087794 0.849814 0.519719 0.117700 0.000000 0.000000 0.000000 1.000000
0.995588 0.092197 0.017426 -3.337100 -0.033108 0.518956 -0.854160 9.136300 -0.087794 0.849815 0.519719 0.117700 0.000000 0.000000 0.000000 1.000000
0.995588 0.092197 0.017426 -3.337100 -0.033108 0.518956 -0.854160 9.136300 -0.087794 0.849814 0.519719 0.117700 0.000000 0.000000 0.000000 1.000000
0.995588 0.092197 0.017426 -3.337100 -0.033108 0.518956 -0.854160 9.136300 -0.087794 0.849815 0.519719 0.117700 0.000000 0.000000 0.000000 1.000000
0.995588 0.092197 0.017425 -3.337100 -0.033108 0.518956 -0.854160 9.136300 -0.087794 0.849814 0.519719 0.117700 0.000000 0.000000 0.000000 1.000000
0.995588 0.092197 0.017425 -3.337100 -0.033108 0.518956 -0.854160 9.136300 -0.087794 0.849814 0.519719 0.117700 0.000000 0.000000 0.000000 1.000000
0.995588 0.092197 0.017425 -3.337100 -0.033108 0.518956 -0.854160 9.136300 -0.087794 0.849814 0.519719 0.117700 0.000000 0.000000 0.000000 1.000000
0.995588 0.092197 0.017425 -3.337100 -0.033108 0.518956 -0.854160 9.136300 -0.087794 0.849814 0.519719 0.117700 0.000000 0.000000 0.000000 1.000000
0.995588 0.092197 0.017426 -3.337100 -0.033108 0.518956 -0.854160 9.136300 -0.087794 0.849814 0.519719 0.117700 0.000000 0.000000 0.000000 1.000000
0.995588 0.092197 0.017425 -3.337100 -0.033108 0.518956 -0.854160 9.136300 -0.087794 0.849814 0.519719 0.117700 0.000000 0.000000 0.000000 1.000000
0.995588 0.092197 0.017425 -3.337100 -0.033108 0.518956 -0.854160 9.136300 -0.087794 0.849814 0.519719 0.117700 0.000000 0.000000 0.000000 1.000000
0.995588 0.092197 0.017425 -3.337100 -0.033108 0.518956 -0.854160 9.136300 -0.087794 0.849814 0.519719 0.117700 0.000000 0.000000 0.000000 1.000000
0.995588 0.092197 0.017425 -3.337100 -0.033109 0.518956 -0.854160 9.136300 -0.087794 0.849814 0.519719 0.117700 0.000000 0.000000 0.000000 1.000000
0.995588 0.092197 0.017425 -3.337100 -0.033108 0.518956 -0.854160 9.136300 -0.087794 0.849815 0.519719 0.117700 0.000000 0.000000 0.000000 1.000000
0.995588 0.092197 0.017426 -3.337100 -0.033108 0.518956 -0.854160 9.136300 -0.087794 0.849814 0.519719 0.117700 0.000000 0.000000 0.000000 1.000000
0.995588 0.092197 0.017425 -3.337100 -0.033108 0.518956 -0.854160 9.136300 -0.087794 0.849814 0.519719 0.117700 0.000000 0.000000 0.000000 1.000000
0.995588 0.092197 0.017426 -3.337100 -0.033108 0.518956 -0.854160 9.136300 -0.087794 0.849814 0.519719 0.117700 0.000000 0.000000 0.000000 1.000000
0.995588 0.092197 0.017425 -3.337100 -0.033108 0.518956 -0.854160 9.136300 -0.087794 0.849814 0.519719 0.117700 0.000000 0.000000 0.000000 1.000000
0.995588 0.092197 0.017425 -3.337100 -0.033108 0.518956 -0.854160 9.136300 -0.087794 0.849814 0.519719 0.117700 0.000000 0.000000 0.000000 1.000000</float_array>
        <technique_common>
          <accessor source="#mixamorig2_LeftHandIndex1-Matrix-animation-output-transform-array" count="31" stride="16">
            <param type="float4x4"/>
          </accessor>
        </technique_common>
      </source>
      <source id="mixamorig2_LeftHandIndex1-Interpolations">
        <Name_array id="mixamorig2_LeftHandIndex1-Interpolations-array" count="31">
 LINEAR LINEAR LINEAR LINEAR LINEAR LINEAR LINEAR LINEAR LINEAR LINEAR LINEAR
LINEAR LINEAR LINEAR LINEAR LINEAR LINEAR LINEAR LINEAR LINEAR LINEAR LINEAR LINEAR
LINEAR LINEAR LINEAR LINEAR LINEAR LINEAR LINEAR LINEAR</Name_array>
        <technique_common>
          <accessor source="#mixamorig2_LeftHandIndex1-Interpolations-array" count="31">
            <param type="name"/>
          </accessor>
        </technique_common>
      </source>
      <sampler id="mixamorig2_LeftHandIndex1-Matrix-animation-transform">
        <input semantic="INPUT" source="#mixamorig2_LeftHandIndex1-Matrix-animation-input"/>
        <input semantic="OUTPUT" source="#mixamorig2_LeftHandIndex1-Matrix-animation-output-transform"/>
        <input semantic="INTERPOLATION" source="#mixamorig2_LeftHandIndex1-Interpolations"/>
      </sampler>
      <channel source="#mixamorig2_LeftHandIndex1-Matrix-animation-transform" target="mixamorig2_LeftHandIndex1/matrix"/>
    </animation>
    <animation id="mixamorig2_LeftHandIndex2-anim" name="mixamorig2_LeftHandIndex2">
      <source id="mixamorig2_LeftHandIndex2-Matrix-animation-input">
        <float_array id="mixamorig2_LeftHandIndex2-Matrix-animation-input-array" count="31">

0.000000 0.033333 0.066667 0.100000 0.133333 0.166667 0.200000 0.233333 0.266667 0.300000 0.333333 0.366667 0.400000 0.433333 0.466667 0.500000
0.533333 0.566667 0.600000 0.633333 0.666667 0.700000 0.733333 0.766667 0.800000 0.833333 0.866667 0.900000 0.933333 0.966667 1.000000</float_array>
        <technique_common>
          <accessor source="#mixamorig2_LeftHandIndex2-Matrix-animation-input-array" count="31">
            <param name="TIME" type="float"/>
          </accessor>
        </technique_common>
      </source>
      <source id="mixamorig2_LeftHandIndex2-Matrix-animation-output-transform">
        <float_array id="mixamorig2_LeftHandIndex2-Matrix-animation-output-transform-array" count="496">

0.997968 -0.005123 0.063519 0.009000 0.062917 0.237376 -0.969378 3.075900 -0.010112 0.971404 0.237216 0.000000 0.000000 0.000000 0.000000 1.000000
0.997968 -0.005123 0.063518 0.009000 0.062917 0.237376 -0.969378 3.075900 -0.010112 0.971404 0.237216 0.000000 0.000000 0.000000 0.000000 1.000000
0.997968 -0.005123 0.063519 0.009000 0.062917 0.237376 -0.969378 3.075900 -0.010112 0.971404 0.237216 -0.000000 0.000000 0.000000 0.000000 1.000000
0.997968 -0.005123 0.063518 0.009000 0.062917 0.237376 -0.969378 3.075900 -0.010112 0.971404 0.237216 0.000000 0.000000 0.000000 0.000000 1.000000
0.997968 -0.005123 0.063518 0.009000 0.062917 0.237376 -0.969378 3.075900 -0.010112 0.971404 0.237215 -0.000000 0.000000 0.000000 0.000000 1.000000
0.997968 -0.005123 0.063519 0.009000 0.062917 0.237375 -0.969378 3.075900 -0.010112 0.971404 0.237215 0.000000 0.000000 0.000000 0.000000 1.000000
0.997968 -0.005123 0.063518 0.009000 0.062917 0.237376 -0.969378 3.075900 -0.010112 0.971404 0.237216 0.000000 0.000000 0.000000 0.000000 1.000000
0.997968 -0.005123 0.063518 0.009000 0.062917 0.237376 -0.969378 3.075900 -0.010112 0.971404 0.237215 0.000000 0.000000 0.000000 0.000000 1.000000
0.997967 -0.005123 0.063519 0.009000 0.062918 0.237376 -0.969378 3.075900 -0.010112 0.971404 0.237215 -0.000000 0.000000 0.000000 0.000000 1.000000
0.997968 -0.005123 0.063519 0.009000 0.062917 0.237376 -0.969378 3.075900 -0.010112 0.971404 0.237216 0.000000 0.000000 0.000000 0.000000 1.000000
0.997968 -0.005123 0.063519 0.009000 0.062917 0.237376 -0.969378 3.075900 -0.010112 0.971404 0.237215 0.000000 0.000000 0.000000 0.000000 1.000000
0.997968 -0.005123 0.063519 0.009000 0.062917 0.237376 -0.969378 3.075900 -0.010112 0.971404 0.237216 0.000000 0.000000 0.000000 0.000000 1.000000
0.997968 -0.005123 0.063518 0.009000 0.062917 0.237376 -0.969378 3.075900 -0.010112 0.971404 0.237216 0.000000 0.000000 0.000000 0.000000 1.000000
0.997968 -0.005123 0.063518 0.009000 0.062917 0.237376 -0.969378 3.075900 -0.010112 0.971404 0.237215 0.000000 0.000000 0.000000 0.000000 1.000000
0.997968 -0.005123 0.063519 0.009000 0.062917 0.237376 -0.969378 3.075900 -0.010112 0.971404 0.237216 -0.000000 0.000000 0.000000 0.000000 1.000000
0.997968 -0.005123 0.063519 0.009000 0.062917 0.237376 -0.969378 3.075900 -0.010112 0.971404 0.237215 0.000000 0.000000 0.000000 0.000000 1.000000
0.997968 -0.005123 0.063519 0.009000 0.062917 0.237376 -0.969378 3.075900 -0.010112 0.971404 0.237216 0.000000 0.000000 0.000000 0.000000 1.000000
0.997968 -0.005123 0.063518 0.009000 0.062917 0.237376 -0.969378 3.075900 -0.010112 0.971404 0.237216 0.000000 0.000000 0.000000 0.000000 1.000000
0.997968 -0.005123 0.063519 0.009000 0.062918 0.237376 -0.969378 3.075900 -0.010112 0.971404 0.237216 -0.000000 0.000000 0.000000 0.000000 1.000000
0.997968 -0.005123 0.063519 0.009000 0.062918 0.237376 -0.969378 3.075900 -0.010112 0.971404 0.237216 0.000000 0.000000 0.000000 0.000000 1.000000
0.997967 -0.005123 0.063519 0.009000 0.062918 0.237376 -0.969378 3.075900 -0.010112 0.971404 0.237216 -0.000000 0.000000 0.000000 0.000000 1.000000
0.997968 -0.005123 0.063519 0.009000 0.062917 0.237376 -0.969378 3.075900 -0.010112 0.971404 0.237216 -0.000000 0.000000 0.000000 0.000000 1.000000
0.997968 -0.005123 0.063518 0.009000 0.062917 0.237376 -0.969378 3.075900 -0.010112 0.971404 0.237216 0.000000 0.000000 0.000000 0.000000 1.000000
0.997967 -0.005123 0.063519 0.009000 0.062918 0.237376 -0.969378 3.075900 -0.010112 0.971404 0.237216 -0.000000 0.000000 0.000000 0.000000 1.000000
0.997968 -0.005123 0.063519 0.009000 0.062918 0.237376 -0.969378 3.075900 -0.010112 0.971404 0.237216 0.000000 0.000000 0.000000 0.000000 1.000000
0.997968 -0.005123 0.063518 0.009000 0.062917 0.237376 -0.969378 3.075900 -0.010112 0.971404 0.237216 0.000000 0.000000 0.000000 0.000000 1.000000
0.997968 -0.005123 0.063519 0.009000 0.062917 0.237376 -0.969378 3.075900 -0.010112 0.971404 0.237215 0.000000 0.000000 0.000000 0.000000 1.000000
0.997968 -0.005123 0.063519 0.009000 0.062917 0.237376 -0.969378 3.075900 -0.010112 0.971404 0.237215 0.000000 0.000000 0.000000 0.000000 1.000000
0.997968 -0.005123 0.063518 0.009000 0.062917 0.237376 -0.969378 3.075900 -0.010112 0.971404 0.237215 -0.000000 0.000000 0.000000 0.000000 1.000000
0.997968 -0.005123 0.063518 0.009000 0.062917 0.237375 -0.969378 3.075900 -0.010112 0.971404 0.237215 0.000000 0.000000 0.000000 0.000000 1.000000
0.997968 -0.005123 0.063519 0.009000 0.062917 0.237376 -0.969378 3.075900 -0.010112 0.971404 0.237215 0.000000 0.000000 0.000000 0.000000 1.000000</float_array>
        <technique_common>
          <accessor source="#mixamorig2_LeftHandIndex2-Matrix-animation-output-transform-array" count="31" stride="16">
            <param type="float4x4"/>
          </accessor>
        </technique_common>
      </source>
      <source id="mixamorig2_LeftHandIndex2-Interpolations">
        <Name_array id="mixamorig2_LeftHandIndex2-Interpolations-array" count="31">
 LINEAR LINEAR LINEAR LINEAR LINEAR LINEAR LINEAR LINEAR LINEAR LINEAR LINEAR
LINEAR LINEAR LINEAR LINEAR LINEAR LINEAR LINEAR LINEAR LINEAR LINEAR LINEAR LINEAR
LINEAR LINEAR LINEAR LINEAR LINEAR LINEAR LINEAR LINEAR</Name_array>
        <technique_common>
          <accessor source="#mixamorig2_LeftHandIndex2-Interpolations-array" count="31">
            <param type="name"/>
          </accessor>
        </technique_common>
      </source>
      <sampler id="mixamorig2_LeftHandIndex2-Matrix-animation-transform">
        <input semantic="INPUT" source="#mixamorig2_LeftHandIndex2-Matrix-animation-input"/>
        <input semantic="OUTPUT" source="#mixamorig2_LeftHandIndex2-Matrix-animation-output-transform"/>
        <input semantic="INTERPOLATION" source="#mixamorig2_LeftHandIndex2-Interpolations"/>
      </sampler>
      <channel source="#mixamorig2_LeftHandIndex2-Matrix-animation-transform" target="mixamorig2_LeftHandIndex2/matrix"/>
    </animation>
    <animation id="mixamorig2_LeftHandIndex3-anim" name="mixamorig2_LeftHandIndex3">
      <source id="mixamorig2_LeftHandIndex3-Matrix-animation-input">
        <float_array id="mixamorig2_LeftHandIndex3-Matrix-animation-input-array" count="31">

0.000000 0.033333 0.066667 0.100000 0.133333 0.166667 0.200000 0.233333 0.266667 0.300000 0.333333 0.366667 0.400000 0.433333 0.466667 0.500000
0.533333 0.566667 0.600000 0.633333 0.666667 0.700000 0.733333 0.766667 0.800000 0.833333 0.866667 0.900000 0.933333 0.966667 1.000000</float_array>
        <technique_common>
          <accessor source="#mixamorig2_LeftHandIndex3-Matrix-animation-input-array" count="31">
            <param name="TIME" type="float"/>
          </accessor>
        </technique_common>
      </source>
      <source id="mixamorig2_LeftHandIndex3-Matrix-animation-output-transform">
        <float_array id="mixamorig2_LeftHandIndex3-Matrix-animation-output-transform-array" count="496">

0.999244 0.034957 -0.016987 -0.004900 -0.038820 0.876612 -0.479629 2.800200 -0.001875 0.479926 0.877307 0.000000 0.000000 0.000000 0.000000 1.000000
0.999244 0.034957 -0.016988 -0.004900 -0.038821 0.876612 -0.479629 2.800200 -0.001875 0.479926 0.877307 0.000000 0.000000 0.000000 0.000000 1.000000
0.999244 0.034957 -0.016987 -0.004900 -0.038820 0.876613 -0.479628 2.800200 -0.001875 0.479926 0.877307 0.000000 0.000000 0.000000 0.000000 1.000000
0.999244 0.034957 -0.016987 -0.004900 -0.038820 0.876612 -0.479629 2.800200 -0.001875 0.479926 0.877307 0.000000 0.000000 0.000000 0.000000 1.000000
0.999244 0.034957 -0.016987 -0.004900 -0.038821 0.876612 -0.479629 2.800200 -0.001875 0.479926 0.877307 0.000000 0.000000 0.000000 0.000000 1.000000
0.999244 0.034957 -0.016987 -0.004900 -0.038821 0.876612 -0.479629 2.800200 -0.001875 0.479926 0.877307 -0.000000 0.000000 0.000000 0.000000 1.000000
0.999244 0.034957 -0.016987 -0.004900 -0.038821 0.876612 -0.479629 2.800200 -0.001875 0.479926 0.877307 -0.000000 0.000000 0.000000 0.000000 1.000000
0.999244 0.034957 -0.016987 -0.004900 -0.038821 0.876612 -0.479629 2.800200 -0.001875 0.479926 0.877307 -0.000000 0.000000 0.000000 0.000000 1.000000
0.999244 0.034957 -0.016987 -0.004900 -0.038820 0.876612 -0.479629 2.800200 -0.001875 0.479926 0.877307 0.000000 0.000000 0.000000 0.000000 1.000000
0.999244 0.034957 -0.016988 -0.004900 -0.038821 0.876612 -0.479629 2.800200 -0.001875 0.479926 0.877307 0.000000 0.000000 0.000000 0.000000 1.000000
0.999244 0.034957 -0.016987 -0.004900 -0.038820 0.876612 -0.479629 2.800200 -0.001875 0.479926 0.877307 0.000000 0.000000 0.000000 0.000000 1.000000
0.999244 0.034957 -0.016987 -0.004900 -0.038821 0.876612 -0.479629 2.800200 -0.001875 0.479926 0.877307 -0.000000 0.000000 0.000000 0.000000 1.000000
0.999244 0.034957 -0.016987 -0.004900 -0.038821 0.876612 -0.479629 2.800200 -0.001875 0.479926 0.877307 0.000000 0.000000 0.000000 0.000000 1.000000
0.999244 0.034956 -0.016987 -0.004900 -0.038820 0.876613 -0.479628 2.800200 -0.001875 0.479926 0.877307 0.000000 0.000000 0.000000 0.000000 1.000000
0.999244 0.034957 -0.016987 -0.004900 -0.038821 0.876612 -0.479629 2.800200 -0.001875 0.479926 0.877307 0.000000 0.000000 0.000000 0.000000 1.000000
0.999244 0.034957 -0.016987 -0.004900 -0.038820 0.876612 -0.479629 2.800200 -0.001875 0.479926 0.877307 0.000000 0.000000 0.000000 0.000000 1.000000
0.999244 0.034957 -0.016988 -0.004900 -0.038821 0.876612 -0.479629 2.800200 -0.001875 0.479926 0.877307 -0.000000 0.000000 0.000000 0.000000 1.000000
0.999244 0.034957 -0.016987 -0.004900 -0.038821 0.876612 -0.479629 2.800200 -0.001875 0.479926 0.877307 0.000000 0.000000 0.000000 0.000000 1.000000
0.999244 0.034957 -0.016988 -0.004900 -0.038821 0.876612 -0.479629 2.800200 -0.001875 0.479926 0.877307 0.000000 0.000000 0.000000 0.000000 1.000000
0.999244 0.034957 -0.016987 -0.004900 -0.038821 0.876612 -0.479629 2.800200 -0.001875 0.479926 0.877307 -0.000000 0.000000 0.000000 0.000000 1.000000
0.999244 0.034957 -0.016987 -0.004900 -0.038821 0.876612 -0.479629 2.800200 -0.001875 0.479926 0.877307 0.000000 0.000000 0.000000 0.000000 1.000000
0.999244 0.034957 -0.016988 -0.004900 -0.038821 0.876612 -0.479629 2.800200 -0.001875 0.479926 0.877307 0.000000 0.000000 0.000000 0.000000 1.000000
0.999244 0.034957 -0.016987 -0.004900 -0.038821 0.876612 -0.479629 2.800200 -0.001875 0.479926 0.877307 0.000000 0.000000 0.000000 0.000000 1.000000
0.999244 0.034957 -0.016987 -0.004900 -0.038821 0.876612 -0.479629 2.800200 -0.001875 0.479926 0.877307 -0.000000 0.000000 0.000000 0.000000 1.000000
0.999244 0.034957 -0.016987 -0.004900 -0.038821 0.876612 -0.479629 2.800200 -0.001875 0.479926 0.877307 0.000000 0.000000 0.000000 0.000000 1.000000
0.999244 0.034957 -0.016987 -0.004900 -0.038820 0.876612 -0.479629 2.800200 -0.001875 0.479926 0.877307 -0.000000 0.000000 0.000000 0.000000 1.000000
0.999244 0.034957 -0.016987 -0.004900 -0.038821 0.876612 -0.479629 2.800200 -0.001875 0.479926 0.877307 0.000000 0.000000 0.000000 0.000000 1.000000
0.999244 0.034957 -0.016987 -0.004900 -0.038821 0.876612 -0.479629 2.800200 -0.001875 0.479926 0.877307 0.000000 0.000000 0.000000 0.000000 1.000000
0.999244 0.034957 -0.016987 -0.004900 -0.038821 0.876612 -0.479629 2.800200 -0.001875 0.479926 0.877307 0.000000 0.000000 0.000000 0.000000 1.000000
0.999244 0.034957 -0.016987 -0.004900 -0.038821 0.876613 -0.479628 2.800200 -0.001875 0.479926 0.877307 -0.000000 0.000000 0.000000 0.000000 1.000000
0.999244 0.034957 -0.016987 -0.004900 -0.038821 0.876612 -0.479629 2.800200 -0.001875 0.479926 0.877307 0.000000 0.000000 0.000000 0.000000 1.000000</float_array>
        <technique_common>
          <accessor source="#mixamorig2_LeftHandIndex3-Matrix-animation-output-transform-array" count="31" stride="16">
            <param type="float4x4"/>
          </accessor>
        </technique_common>
      </source>
      <source id="mixamorig2_LeftHandIndex3-Interpolations">
        <Name_array id="mixamorig2_LeftHandIndex3-Interpolations-array" count="31">
 LINEAR LINEAR LINEAR LINEAR LINEAR LINEAR LINEAR LINEAR LINEAR LINEAR LINEAR
LINEAR LINEAR LINEAR LINEAR LINEAR LINEAR LINEAR LINEAR LINEAR LINEAR LINEAR LINEAR
LINEAR LINEAR LINEAR LINEAR LINEAR LINEAR LINEAR LINEAR</Name_array>
        <technique_common>
          <accessor source="#mixamorig2_LeftHandIndex3-Interpolations-array" count="31">
            <param type="name"/>
          </accessor>
        </technique_common>
      </source>
      <sampler id="mixamorig2_LeftHandIndex3-Matrix-animation-transform">
        <input semantic="INPUT" source="#mixamorig2_LeftHandIndex3-Matrix-animation-input"/>
        <input semantic="OUTPUT" source="#mixamorig2_LeftHandIndex3-Matrix-animation-output-transform"/>
        <input semantic="INTERPOLATION" source="#mixamorig2_LeftHandIndex3-Interpolations"/>
      </sampler>
      <channel source="#mixamorig2_LeftHandIndex3-Matrix-animation-transform" target="mixamorig2_LeftHandIndex3/matrix"/>
    </animation>
    <animation id="mixamorig2_LeftHandMiddle1-anim" name="mixamorig2_LeftHandMiddle1">
      <source id="mixamorig2_LeftHandMiddle1-Matrix-animation-input">
        <float_array id="mixamorig2_LeftHandMiddle1-Matrix-animation-input-array" count="31">

0.000000 0.033333 0.066667 0.100000 0.133333 0.166667 0.200000 0.233333 0.266667 0.300000 0.333333 0.366667 0.400000 0.433333 0.466667 0.500000
0.533333 0.566667 0.600000 0.633333 0.666667 0.700000 0.733333 0.766667 0.800000 0.833333 0.866667 0.900000 0.933333 0.966667 1.000000</float_array>
        <technique_common>
          <accessor source="#mixamorig2_LeftHandMiddle1-Matrix-animation-input-array" count="31">
            <param name="TIME" type="float"/>
          </accessor>
        </technique_common>
      </source>
      <source id="mixamorig2_LeftHandMiddle1-Matrix-animation-output-transform">
        <float_array id="mixamorig2_LeftHandMiddle1-Matrix-animation-output-transform-array" count="496">

0.999923 -0.005819 0.010993 -0.939700 0.012428 0.502110 -0.864714 9.032700 -0.000488 0.864784 0.502144 -0.171700 0.000000 0.000000 0.000000 1.000000
0.999923 -0.005819 0.010993 -0.939700 0.012428 0.502110 -0.864715 9.032700 -0.000488 0.864784 0.502143 -0.171700 0.000000 0.000000 0.000000 1.000000
0.999923 -0.005819 0.010993 -0.939700 0.012428 0.502110 -0.864715 9.032700 -0.000488 0.864784 0.502143 -0.171700 0.000000 0.000000 0.000000 1.000000
0.999923 -0.005819 0.010993 -0.939700 0.012428 0.502110 -0.864714 9.032700 -0.000488 0.864784 0.502144 -0.171700 0.000000 0.000000 0.000000 1.000000
0.999923 -0.005819 0.010993 -0.939700 0.012428 0.502110 -0.864714 9.032700 -0.000488 0.864784 0.502143 -0.171700 0.000000 0.000000 0.000000 1.000000
0.999923 -0.005819 0.010993 -0.939700 0.012428 0.502110 -0.864714 9.032700 -0.000488 0.864784 0.502144 -0.171700 0.000000 0.000000 0.000000 1.000000
0.999923 -0.005819 0.010993 -0.939700 0.012428 0.502110 -0.864714 9.032700 -0.000488 0.864784 0.502144 -0.171700 0.000000 0.000000 0.000000 1.000000
0.999923 -0.005819 0.010993 -0.939700 0.012428 0.502110 -0.864714 9.032700 -0.000488 0.864784 0.502144 -0.171700 0.000000 0.000000 0.000000 1.000000
0.999923 -0.005819 0.010993 -0.939700 0.012428 0.502110 -0.864714 9.032700 -0.000488 0.864784 0.502144 -0.171700 0.000000 0.000000 0.000000 1.000000
0.999923 -0.005819 0.010993 -0.939700 0.012428 0.502110 -0.864714 9.032700 -0.000488 0.864784 0.502143 -0.171700 0.000000 0.000000 0.000000 1.000000
0.999923 -0.005819 0.010993 -0.939700 0.012428 0.502110 -0.864714 9.032700 -0.000488 0.864784 0.502144 -0.171700 0.000000 0.000000 0.000000 1.000000
0.999923 -0.005819 0.010993 -0.939700 0.012428 0.502110 -0.864714 9.032700 -0.000488 0.864784 0.502144 -0.171700 0.000000 0.000000 0.000000 1.000000
0.999923 -0.005819 0.010993 -0.939700 0.012428 0.502110 -0.864714 9.032700 -0.000488 0.864784 0.502143 -0.171700 0.000000 0.000000 0.000000 1.000000
0.999923 -0.005819 0.010993 -0.939700 0.012428 0.502110 -0.864714 9.032700 -0.000488 0.864784 0.502144 -0.171700 0.000000 0.000000 0.000000 1.000000
0.999923 -0.005818 0.010993 -0.939700 0.012428 0.502110 -0.864715 9.032700 -0.000488 0.864784 0.502143 -0.171700 0.000000 0.000000 0.000000 1.000000
0.999923 -0.005819 0.010993 -0.939700 0.012428 0.502110 -0.864714 9.032700 -0.000488 0.864784 0.502144 -0.171700 0.000000 0.000000 0.000000 1.000000
0.999923 -0.005819 0.010993 -0.939700 0.012428 0.502110 -0.864714 9.032700 -0.000488 0.864784 0.502144 -0.171700 0.000000 0.000000 0.000000 1.000000
0.999923 -0.005818 0.010993 -0.939700 0.012428 0.502110 -0.864714 9.032700 -0.000488 0.864784 0.502143 -0.171700 0.000000 0.000000 0.000000 1.000000
0.999923 -0.005819 0.010993 -0.939700 0.012428 0.502110 -0.864714 9.032700 -0.000488 0.864784 0.502144 -0.171700 0.000000 0.000000 0.000000 1.000000
0.999923 -0.005819 0.010993 -0.939700 0.012428 0.502110 -0.864714 9.032700 -0.000488 0.864784 0.502144 -0.171700 0.000000 0.000000 0.000000 1.000000
0.999923 -0.005819 0.010993 -0.939700 0.012428 0.502110 -0.864714 9.032700 -0.000488 0.864784 0.502143 -0.171700 0.000000 0.000000 0.000000 1.000000
0.999923 -0.005819 0.010993 -0.939700 0.012428 0.502110 -0.864714 9.032700 -0.000488 0.864784 0.502144 -0.171700 0.000000 0.000000 0.000000 1.000000
0.999923 -0.005819 0.010993 -0.939700 0.012428 0.502110 -0.864714 9.032700 -0.000488 0.864784 0.502144 -0.171700 0.000000 0.000000 0.000000 1.000000
0.999923 -0.005819 0.010993 -0.939700 0.012428 0.502110 -0.864714 9.032700 -0.000488 0.864784 0.502144 -0.171700 0.000000 0.000000 0.000000 1.000000
0.999923 -0.005819 0.010993 -0.939700 0.012428 0.502110 -0.864715 9.032700 -0.000488 0.864784 0.502143 -0.171700 0.000000 0.000000 0.000000 1.000000
0.999923 -0.005819 0.010993 -0.939700 0.012428 0.502110 -0.864714 9.032700 -0.000488 0.864784 0.502143 -0.171700 0.000000 0.000000 0.000000 1.000000
0.999923 -0.005819 0.010993 -0.939700 0.012428 0.502110 -0.864714 9.032700 -0.000488 0.864784 0.502144 -0.171700 0.000000 0.000000 0.000000 1.000000
0.999923 -0.005819 0.010993 -0.939700 0.012428 0.502110 -0.864714 9.032700 -0.000488 0.864784 0.502143 -0.171700 0.000000 0.000000 0.000000 1.000000
0.999923 -0.005819 0.010993 -0.939700 0.012428 0.502110 -0.864714 9.032700 -0.000488 0.864784 0.502144 -0.171700 0.000000 0.000000 0.000000 1.000000
0.999923 -0.005819 0.010993 -0.939700 0.012428 0.502110 -0.864714 9.032700 -0.000488 0.864784 0.502144 -0.171700 0.000000 0.000000 0.000000 1.000000
0.999923 -0.005819 0.010993 -0.939700 0.012428 0.502110 -0.864714 9.032700 -0.000488 0.864784 0.502144 -0.171700 0.000000 0.000000 0.000000 1.000000</float_array>
        <technique_common>
          <accessor source="#mixamorig2_LeftHandMiddle1-Matrix-animation-output-transform-array" count="31" stride="16">
            <param type="float4x4"/>
          </accessor>
        </technique_common>
      </source>
      <source id="mixamorig2_LeftHandMiddle1-Interpolations">
        <Name_array id="mixamorig2_LeftHandMiddle1-Interpolations-array" count="31">
 LINEAR LINEAR LINEAR LINEAR LINEAR LINEAR LINEAR LINEAR LINEAR LINEAR LINEAR
LINEAR LINEAR LINEAR LINEAR LINEAR LINEAR LINEAR LINEAR LINEAR LINEAR LINEAR LINEAR
LINEAR LINEAR LINEAR LINEAR LINEAR LINEAR LINEAR LINEAR</Name_array>
        <technique_common>
          <accessor source="#mixamorig2_LeftHandMiddle1-Interpolations-array" count="31">
            <param type="name"/>
          </accessor>
        </technique_common>
      </source>
      <sampler id="mixamorig2_LeftHandMiddle1-Matrix-animation-transform">
        <input semantic="INPUT" source="#mixamorig2_LeftHandMiddle1-Matrix-animation-input"/>
        <input semantic="OUTPUT" source="#mixamorig2_LeftHandMiddle1-Matrix-animation-output-transform"/>
        <input semantic="INTERPOLATION" source="#mixamorig2_LeftHandMiddle1-Interpolations"/>
      </sampler>
      <channel source="#mixamorig2_LeftHandMiddle1-Matrix-animation-transform" target="mixamorig2_LeftHandMiddle1/matrix"/>
    </animation>
    <animation id="mixamorig2_LeftHandMiddle2-anim" name="mixamorig2_LeftHandMiddle2">
      <source id="mixamorig2_LeftHandMiddle2-Matrix-animation-input">
        <float_array id="mixamorig2_LeftHandMiddle2-Matrix-animation-input-array" count="31">

0.000000 0.033333 0.066667 0.100000 0.133333 0.166667 0.200000 0.233333 0.266667 0.300000 0.333333 0.366667 0.400000 0.433333 0.466667 0.500000
0.533333 0.566667 0.600000 0.633333 0.666667 0.700000 0.733333 0.766667 0.800000 0.833333 0.866667 0.900000 0.933333 0.966667 1.000000</float_array>
        <technique_common>
          <accessor source="#mixamorig2_LeftHandMiddle2-Matrix-animation-input-array" count="31">
            <param name="TIME" type="float"/>
          </accessor>
        </technique_common>
      </source>
      <source id="mixamorig2_LeftHandMiddle2-Matrix-animation-output-transform">
        <float_array id="mixamorig2_LeftHandMiddle2-Matrix-animation-output-transform-array" count="496">

0.997356 0.003617 0.072586 0.008700 0.071994 0.087386 -0.993570 3.307400 -0.009937 0.996168 0.086894 0.000000 0.000000 0.000000 0.000000 1.000000
0.997356 0.003617 0.072586 0.008700 0.071994 0.087385 -0.993570 3.307400 -0.009937 0.996168 0.086894 0.000000 0.000000 0.000000 0.000000 1.000000
0.997356 0.003617 0.072586 0.008700 0.071994 0.087386 -0.993570 3.307400 -0.009937 0.996168 0.086894 0.000000 0.000000 0.000000 0.000000 1.000000
0.997356 0.003617 0.072586 0.008700 0.071994 0.087386 -0.993570 3.307400 -0.009937 0.996168 0.086894 0.000000 0.000000 0.000000 0.000000 1.000000
0.997356 0.003617 0.072586 0.008700 0.071994 0.087386 -0.993570 3.307400 -0.009937 0.996168 0.086895 0.000000 0.000000 0.000000 0.000000 1.000000
0.997356 0.003617 0.072586 0.008700 0.071994 0.087386 -0.993570 3.307400 -0.009937 0.996168 0.086894 0.000000 0.000000 0.000000 0.000000 1.000000
0.997356 0.003617 0.072586 0.008700 0.071994 0.087385 -0.993570 3.307400 -0.009937 0.996168 0.086894 0.000000 0.000000 0.000000 0.000000 1.000000
0.997356 0.003617 0.072586 0.008700 0.071994 0.087386 -0.993570 3.307400 -0.009937 0.996168 0.086894 0.000000 0.000000 0.000000 0.000000 1.000000
0.997356 0.003617 0.072586 0.008700 0.071994 0.087385 -0.993570 3.307400 -0.009937 0.996168 0.086894 -0.000000 0.000000 0.000000 0.000000 1.000000
0.997356 0.003617 0.072586 0.008700 0.071994 0.087386 -0.993570 3.307400 -0.009937 0.996168 0.086894 0.000000 0.000000 0.000000 0.000000 1.000000
0.997356 0.003617 0.072586 0.008700 0.071994 0.087386 -0.993570 3.307400 -0.009937 0.996168 0.086894 -0.000000 0.000000 0.000000 0.000000 1.000000
0.997356 0.003617 0.072586 0.008700 0.071994 0.087386 -0.993570 3.307400 -0.009937 0.996168 0.086894 -0.000000 0.000000 0.000000 0.000000 1.000000
0.997356 0.003617 0.072586 0.008700 0.071994 0.087386 -0.993570 3.307400 -0.009937 0.996168 0.086894 -0.000000 0.000000 0.000000 0.000000 1.000000
0.997356 0.003617 0.072586 0.008700 0.071994 0.087386 -0.993570 3.307400 -0.009937 0.996168 0.086894 -0.000000 0.000000 0.000000 0.000000 1.000000
0.997356 0.003617 0.072586 0.008700 0.071994 0.087386 -0.993570 3.307400 -0.009937 0.996168 0.086894 0.000000 0.000000 0.000000 0.000000 1.000000
0.997356 0.003617 0.072586 0.008700 0.071993 0.087386 -0.993570 3.307400 -0.009937 0.996168 0.086894 0.000000 0.000000 0.000000 0.000000 1.000000
0.997356 0.003617 0.072586 0.008700 0.071994 0.087386 -0.993570 3.307400 -0.009937 0.996168 0.086894 0.000000 0.000000 0.000000 0.000000 1.000000
0.997356 0.003617 0.072586 0.008700 0.071994 0.087386 -0.993570 3.307400 -0.009937 0.996168 0.086894 -0.000000 0.000000 0.000000 0.000000 1.000000
0.997356 0.003617 0.072586 0.008700 0.071994 0.087386 -0.993570 3.307400 -0.009937 0.996168 0.086894 0.000000 0.000000 0.000000 0.000000 1.000000
0.997356 0.003617 0.072586 0.008700 0.071994 0.087386 -0.993570 3.307400 -0.009937 0.996168 0.086894 0.000000 0.000000 0.000000 0.000000 1.000000
0.997356 0.003617 0.072586 0.008700 0.071994 0.087386 -0.993570 3.307400 -0.009937 0.996168 0.086894 0.000000 0.000000 0.000000 0.000000 1.000000
0.997356 0.003617 0.072586 0.008700 0.071994 0.087386 -0.993570 3.307400 -0.009937 0.996168 0.086894 0.000000 0.000000 0.000000 0.000000 1.000000
0.997356 0.003617 0.072586 0.008700 0.071994 0.087385 -0.993570 3.307400 -0.009937 0.996168 0.086894 0.000000 0.000000 0.000000 0.000000 1.000000
0.997356 0.003617 0.072586 0.008700 0.071994 0.087385 -0.993570 3.307400 -0.009937 0.996168 0.086894 -0.000000 0.000000 0.000000 0.000000 1.000000
0.997356 0.003617 0.072586 0.008700 0.071994 0.087385 -0.993570 3.307400 -0.009937 0.996168 0.086894 0.000000 0.000000 0.000000 0.000000 1.000000
0.997356 0.003617 0.072586 0.008700 0.071994 0.087386 -0.993570 3.307400 -0.009937 0.996168 0.086894 0.000000 0.000000 0.000000 0.000000 1.000000
0.997356 0.003617 0.072586 0.008700 0.071994 0.087385 -0.993570 3.307400 -0.009937 0.996168 0.086894 0.000000 0.000000 0.000000 0.000000 1.000000
0.997356 0.003617 0.072586 0.008700 0.071994 0.087386 -0.993570 3.307400 -0.009937 0.996168 0.086894 -0.000000 0.000000 0.000000 0.000000 1.000000
0.997356 0.003617 0.072586 0.008700 0.071994 0.087385 -0.993570 3.307400 -0.009937 0.996168 0.086894 0.000000 0.000000 0.000000 0.000000 1.000000
0.997356 0.003617 0.072586 0.008700 0.071994 0.087386 -0.993570 3.307400 -0.009937 0.996168 0.086894 0.000000 0.000000 0.000000 0.000000 1.000000
0.997356 0.003617 0.072586 0.008700 0.071994 0.087385 -0.993570 3.307400 -0.009937 0.996168 0.086894 0.000000 0.000000 0.000000 0.000000 1.000000</float_array>
        <technique_common>
          <accessor source="#mixamorig2_LeftHandMiddle2-Matrix-animation-output-transform-array" count="31" stride="16">
            <param type="float4x4"/>
          </accessor>
        </technique_common>
      </source>
      <source id="mixamorig2_LeftHandMiddle2-Interpolations">
        <Name_array id="mixamorig2_LeftHandMiddle2-Interpolations-array" count="31">
 LINEAR LINEAR LINEAR LINEAR LINEAR LINEAR LINEAR LINEAR LINEAR LINEAR LINEAR
LINEAR LINEAR LINEAR LINEAR LINEAR LINEAR LINEAR LINEAR LINEAR LINEAR LINEAR LINEAR
LINEAR LINEAR LINEAR LINEAR LINEAR LINEAR LINEAR LINEAR</Name_array>
        <technique_common>
          <accessor source="#mixamorig2_LeftHandMiddle2-Interpolations-array" count="31">
            <param type="name"/>
          </accessor>
        </technique_common>
      </source>
      <sampler id="mixamorig2_LeftHandMiddle2-Matrix-animation-transform">
        <input semantic="INPUT" source="#mixamorig2_LeftHandMiddle2-Matrix-animation-input"/>
        <input semantic="OUTPUT" source="#mixamorig2_LeftHandMiddle2-Matrix-animation-output-transform"/>
        <input semantic="INTERPOLATION" source="#mixamorig2_LeftHandMiddle2-Interpolations"/>
      </sampler>
      <channel source="#mixamorig2_LeftHandMiddle2-Matrix-animation-transform" target="mixamorig2_LeftHandMiddle2/matrix"/>
    </animation>
    <animation id="mixamorig2_LeftHandMiddle3-anim" name="mixamorig2_LeftHandMiddle3">
      <source id="mixamorig2_LeftHandMiddle3-Matrix-animation-input">
        <float_array id="mixamorig2_LeftHandMiddle3-Matrix-animation-input-array" count="31">

0.000000 0.033333 0.066667 0.100000 0.133333 0.166667 0.200000 0.233333 0.266667 0.300000 0.333333 0.366667 0.400000 0.433333 0.466667 0.500000
0.533333 0.566667 0.600000 0.633333 0.666667 0.700000 0.733333 0.766667 0.800000 0.833333 0.866667 0.900000 0.933333 0.966667 1.000000</float_array>
        <technique_common>
          <accessor source="#mixamorig2_LeftHandMiddle3-Matrix-animation-input-array" count="31">
            <param name="TIME" type="float"/>
          </accessor>
        </technique_common>
      </source>
      <source id="mixamorig2_LeftHandMiddle3-Matrix-animation-output-transform">
        <float_array id="mixamorig2_LeftHandMiddle3-Matrix-animation-output-transform-array" count="496">

0.999389 0.025742 -0.023642 -0.004700 -0.034803 0.670646 -0.740961 3.105400 -0.003218 0.741331 0.671132 0.000000 0.000000 0.000000 0.000000 1.000000
0.999389 0.025742 -0.023642 -0.004700 -0.034803 0.670646 -0.740961 3.105400 -0.003218 0.741331 0.671132 0.000000 0.000000 0.000000 0.000000 1.000000
0.999389 0.025742 -0.023642 -0.004700 -0.034803 0.670645 -0.740961 3.105400 -0.003218 0.741331 0.671132 0.000000 0.000000 0.000000 0.000000 1.000000
0.999389 0.025742 -0.023642 -0.004700 -0.034803 0.670645 -0.740961 3.105400 -0.003218 0.741331 0.671132 0.000000 0.000000 0.000000 0.000000 1.000000
0.999389 0.025742 -0.023642 -0.004700 -0.034803 0.670646 -0.740961 3.105400 -0.003218 0.741331 0.671132 0.000000 0.000000 0.000000 0.000000 1.000000
0.999389 0.025742 -0.023643 -0.004700 -0.034803 0.670646 -0.740961 3.105400 -0.003218 0.741331 0.671132 0.000000 0.000000 0.000000 0.000000 1.000000
0.999389 0.025742 -0.023642 -0.004700 -0.034803 0.670646 -0.740961 3.105400 -0.003218 0.741331 0.671132 0.000000 0.000000 0.000000 0.000000 1.000000
0.999389 0.025742 -0.023642 -0.004700 -0.034803 0.670646 -0.740961 3.105400 -0.003218 0.741331 0.671132 -0.000000 0.000000 0.000000 0.000000 1.000000
0.999389 0.025742 -0.023642 -0.004700 -0.034803 0.670646 -0.740961 3.105400 -0.003218 0.741331 0.671132 0.000000 0.000000 0.000000 0.000000 1.000000
0.999389 0.025742 -0.023642 -0.004700 -0.034803 0.670646 -0.740961 3.105400 -0.003218 0.741331 0.671132 -0.000000 0.000000 0.000000 0.000000 1.000000
0.999389 0.025742 -0.023642 -0.004700 -0.034803 0.670646 -0.740961 3.105400 -0.003218 0.741331 0.671132 0.000000 0.000000 0.000000 0.000000 1.000000
0.999389 0.025742 -0.023643 -0.004700 -0.034803 0.670646 -0.740961 3.105400 -0.003218 0.741331 0.671132 0.000000 0.000000 0.000000 0.000000 1.000000
0.999389 0.025742 -0.023642 -0.004700 -0.034803 0.670646 -0.740961 3.105400 -0.003218 0.741331 0.671132 -0.000000 0.000000 0.000000 0.000000 1.000000
0.999389 0.025742 -0.023643 -0.004700 -0.034803 0.670646 -0.740961 3.105400 -0.003218 0.741331 0.671132 0.000000 0.000000 0.000000 0.000000 1.000000
0.999389 0.025742 -0.023643 -0.004700 -0.034803 0.670646 -0.740961 3.105400 -0.003218 0.741331 0.671132 0.000000 0.000000 0.000000 0.000000 1.000000
0.999389 0.025742 -0.023643 -0.004700 -0.034803 0.670646 -0.740961 3.105400 -0.003218 0.741331 0.671132 0.000000 0.000000 0.000000 0.000000 1.000000
0.999389 0.025742 -0.023642 -0.004700 -0.034803 0.670646 -0.740961 3.105400 -0.003218 0.741331 0.671132 0.000000 0.000000 0.000000 0.000000 1.000000
0.999389 0.025742 -0.023642 -0.004700 -0.034803 0.670646 -0.740961 3.105400 -0.003218 0.741331 0.671132 0.000000 0.000000 0.000000 0.000000 1.000000
0.999389 0.025742 -0.023642 -0.004700 -0.034803 0.670646 -0.740961 3.105400 -0.003218 0.741331 0.671132 0.000000 0.000000 0.000000 0.000000 1.000000
0.999389 0.025742 -0.023642 -0.004700 -0.034803 0.670646 -0.740961 3.105400 -0.003218 0.741331 0.671132 0.000000 0.000000 0.000000 0.000000 1.000000
0.999389 0.025742 -0.023643 -0.004700 -0.034803 0.670646 -0.740961 3.105400 -0.003218 0.741331 0.671132 0.000000 0.000000 0.000000 0.000000 1.000000
0.999389 0.025742 -0.023642 -0.004700 -0.034803 0.670646 -0.740961 3.105400 -0.003218 0.741331 0.671132 0.000000 0.000000 0.000000 0.000000 1.000000
0.999389 0.025742 -0.023642 -0.004700 -0.034803 0.670646 -0.740961 3.105400 -0.003218 0.741331 0.671132 0.000000 0.000000 0.000000 0.000000 1.000000
0.999389 0.025742 -0.023642 -0.004700 -0.034803 0.670646 -0.740961 3.105400 -0.003218 0.741331 0.671132 -0.000000 0.000000 0.000000 0.000000 1.000000
0.999389 0.025742 -0.023642 -0.004700 -0.034803 0.670646 -0.740961 3.105400 -0.003218 0.741331 0.671132 0.000000 0.000000 0.000000 0.000000 1.000000
0.999389 0.025742 -0.023642 -0.004700 -0.034803 0.670646 -0.740961 3.105400 -0.003218 0.741331 0.671132 0.000000 0.000000 0.000000 0.000000 1.000000
0.999389 0.025742 -0.023642 -0.004700 -0.034803 0.670646 -0.740961 3.105400 -0.003218 0.741331 0.671132 0.000000 0.000000 0.000000 0.000000 1.000000
0.999389 0.025742 -0.023643 -0.004700 -0.034803 0.670646 -0.740961 3.105400 -0.003218 0.741331 0.671132 0.000000 0.000000 0.000000 0.000000 1.000000
0.999389 0.025742 -0.023642 -0.004700 -0.034803 0.670646 -0.740961 3.105400 -0.003218 0.741331 0.671132 0.000000 0.000000 0.000000 0.000000 1.000000
0.999389 0.025742 -0.023642 -0.004700 -0.034803 0.670646 -0.740961 3.105400 -0.003218 0.741331 0.671132 0.000000 0.000000 0.000000 0.000000 1.000000
0.999389 0.025742 -0.023643 -0.004700 -0.034803 0.670646 -0.740961 3.105400 -0.003218 0.741331 0.671132 0.000000 0.000000 0.000000 0.000000 1.000000</float_array>
        <technique_common>
          <accessor source="#mixamorig2_LeftHandMiddle3-Matrix-animation-output-transform-array" count="31" stride="16">
            <param type="float4x4"/>
          </accessor>
        </technique_common>
      </source>
      <source id="mixamorig2_LeftHandMiddle3-Interpolations">
        <Name_array id="mixamorig2_LeftHandMiddle3-Interpolations-array" count="31">
 LINEAR LINEAR LINEAR LINEAR LINEAR LINEAR LINEAR LINEAR LINEAR LINEAR LINEAR
LINEAR LINEAR LINEAR LINEAR LINEAR LINEAR LINEAR LINEAR LINEAR LINEAR LINEAR LINEAR
LINEAR LINEAR LINEAR LINEAR LINEAR LINEAR LINEAR LINEAR</Name_array>
        <technique_common>
          <accessor source="#mixamorig2_LeftHandMiddle3-Interpolations-array" count="31">
            <param type="name"/>
          </accessor>
        </technique_common>
      </source>
      <sampler id="mixamorig2_LeftHandMiddle3-Matrix-animation-transform">
        <input semantic="INPUT" source="#mixamorig2_LeftHandMiddle3-Matrix-animation-input"/>
        <input semantic="OUTPUT" source="#mixamorig2_LeftHandMiddle3-Matrix-animation-output-transform"/>
        <input semantic="INTERPOLATION" source="#mixamorig2_LeftHandMiddle3-Interpolations"/>
      </sampler>
      <channel source="#mixamorig2_LeftHandMiddle3-Matrix-animation-transform" target="mixamorig2_LeftHandMiddle3/matrix"/>
    </animation>
    <animation id="mixamorig2_LeftHandRing1-anim" name="mixamorig2_LeftHandRing1">
      <source id="mixamorig2_LeftHandRing1-Matrix-animation-input">
        <float_array id="mixamorig2_LeftHandRing1-Matrix-animation-input-array" count="31">

0.000000 0.033333 0.066667 0.100000 0.133333 0.166667 0.200000 0.233333 0.266667 0.300000 0.333333 0.366667 0.400000 0.433333 0.466667 0.500000
0.533333 0.566667 0.600000 0.633333 0.666667 0.700000 0.733333 0.766667 0.800000 0.833333 0.866667 0.900000 0.933333 0.966667 1.000000</float_array>
        <technique_common>
          <accessor source="#mixamorig2_LeftHandRing1-Matrix-animation-input-array" count="31">
            <param name="TIME" type="float"/>
          </accessor>
        </technique_common>
      </source>
      <source id="mixamorig2_LeftHandRing1-Matrix-animation-output-transform">
        <float_array id="mixamorig2_LeftHandRing1-Matrix-animation-output-transform-array" count="496">

0.995479 -0.044734 0.083792 1.114900 0.094947 0.493813 -0.864369 9.026500 -0.002711 0.868416 0.495828 -0.138500 0.000000 0.000000 0.000000 1.000000
0.995479 -0.044734 0.083792 1.114900 0.094947 0.493813 -0.864369 9.026500 -0.002711 0.868417 0.495828 -0.138500 0.000000 0.000000 0.000000 1.000000
0.995479 -0.044734 0.083792 1.114900 0.094947 0.493813 -0.864369 9.026500 -0.002711 0.868417 0.495828 -0.138500 0.000000 0.000000 0.000000 1.000000
0.995479 -0.044735 0.083792 1.114900 0.094947 0.493813 -0.864369 9.026500 -0.002711 0.868417 0.495828 -0.138500 0.000000 0.000000 0.000000 1.000000
0.995479 -0.044734 0.083792 1.114900 0.094947 0.493813 -0.864369 9.026500 -0.002711 0.868416 0.495828 -0.138500 0.000000 0.000000 0.000000 1.000000
0.995479 -0.044734 0.083792 1.114900 0.094947 0.493813 -0.864369 9.026500 -0.002710 0.868417 0.495828 -0.138500 0.000000 0.000000 0.000000 1.000000
0.995479 -0.044734 0.083792 1.114900 0.094947 0.493813 -0.864369 9.026500 -0.002711 0.868417 0.495828 -0.138500 0.000000 0.000000 0.000000 1.000000
0.995479 -0.044734 0.083792 1.114900 0.094947 0.493813 -0.864369 9.026500 -0.002711 0.868416 0.495828 -0.138500 0.000000 0.000000 0.000000 1.000000
0.995479 -0.044734 0.083792 1.114900 0.094947 0.493813 -0.864369 9.026500 -0.002710 0.868417 0.495828 -0.138500 0.000000 0.000000 0.000000 1.000000
0.995479 -0.044734 0.083792 1.114900 0.094947 0.493813 -0.864369 9.026500 -0.002711 0.868416 0.495828 -0.138500 0.000000 0.000000 0.000000 1.000000
0.995479 -0.044734 0.083792 1.114900 0.094947 0.493813 -0.864369 9.026500 -0.002711 0.868416 0.495828 -0.138500 0.000000 0.000000 0.000000 1.000000
0.995479 -0.044734 0.083792 1.114900 0.094947 0.493814 -0.864369 9.026500 -0.002711 0.868416 0.495828 -0.138500 0.000000 0.000000 0.000000 1.000000
0.995479 -0.044734 0.083792 1.114900 0.094947 0.493813 -0.864369 9.026500 -0.002711 0.868417 0.495828 -0.138500 0.000000 0.000000 0.000000 1.000000
0.995479 -0.044734 0.083792 1.114900 0.094947 0.493814 -0.864369 9.026500 -0.002711 0.868416 0.495828 -0.138500 0.000000 0.000000 0.000000 1.000000
0.995479 -0.044734 0.083792 1.114900 0.094947 0.493813 -0.864369 9.026500 -0.002711 0.868416 0.495828 -0.138500 0.000000 0.000000 0.000000 1.000000
0.995479 -0.044734 0.083792 1.114900 0.094947 0.493813 -0.864369 9.026500 -0.002711 0.868417 0.495828 -0.138500 0.000000 0.000000 0.000000 1.000000
0.995479 -0.044734 0.083792 1.114900 0.094947 0.493813 -0.864369 9.026500 -0.002710 0.868417 0.495828 -0.138500 0.000000 0.000000 0.000000 1.000000
0.995479 -0.044734 0.083792 1.114900 0.094946 0.493813 -0.864369 9.026500 -0.002711 0.868417 0.495828 -0.138500 0.000000 0.000000 0.000000 1.000000
0.995479 -0.044734 0.083792 1.114900 0.094947 0.493813 -0.864369 9.026500 -0.002711 0.868416 0.495828 -0.138500 0.000000 0.000000 0.000000 1.000000
0.995479 -0.044734 0.083792 1.114900 0.094947 0.493813 -0.864369 9.026500 -0.002711 0.868417 0.495828 -0.138500 0.000000 0.000000 0.000000 1.000000
0.995479 -0.044734 0.083792 1.114900 0.094947 0.493813 -0.864369 9.026500 -0.002711 0.868417 0.495828 -0.138500 0.000000 0.000000 0.000000 1.000000
0.995479 -0.044734 0.083792 1.114900 0.094947 0.493813 -0.864369 9.026500 -0.002711 0.868417 0.495828 -0.138500 0.000000 0.000000 0.000000 1.000000
0.995479 -0.044734 0.083792 1.114900 0.094947 0.493813 -0.864369 9.026500 -0.002711 0.868417 0.495828 -0.138500 0.000000 0.000000 0.000000 1.000000
0.995479 -0.044734 0.083792 1.114900 0.094947 0.493813 -0.864369 9.026500 -0.002711 0.868417 0.495828 -0.138500 0.000000 0.000000 0.000000 1.000000
0.995479 -0.044734 0.083792 1.114900 0.094946 0.493813 -0.864369 9.026500 -0.002711 0.868417 0.495828 -0.138500 0.000000 0.000000 0.000000 1.000000
0.995479 -0.044734 0.083792 1.114900 0.094947 0.493813 -0.864369 9.026500 -0.002711 0.868416 0.495828 -0.138500 0.000000 0.000000 0.000000 1.000000
0.995479 -0.044734 0.083792 1.114900 0.094947 0.493813 -0.864369 9.026500 -0.002711 0.868416 0.495828 -0.138500 0.000000 0.000000 0.000000 1.000000
0.995479 -0.044734 0.083792 1.114900 0.094947 0.493813 -0.864369 9.026500 -0.002711 0.868417 0.495828 -0.138500 0.000000 0.000000 0.000000 1.000000
0.995479 -0.044734 0.083792 1.114900 0.094947 0.493813 -0.864369 9.026500 -0.002711 0.868417 0.495828 -0.138500 0.000000 0.000000 0.000000 1.000000
0.995479 -0.044734 0.083792 1.114900 0.094947 0.493813 -0.864369 9.026500 -0.002710 0.868416 0.495828 -0.138500 0.000000 0.000000 0.000000 1.000000
0.995479 -0.044734 0.083792 1.114900 0.094947 0.493813 -0.864369 9.026500 -0.002711 0.868416 0.495828 -0.138500 0.000000 0.000000 0.000000 1.000000</float_array>
        <technique_common>
          <accessor source="#mixamorig2_LeftHandRing1-Matrix-animation-output-transform-array" count="31" stride="16">
            <param type="float4x4"/>
          </accessor>
        </technique_common>
      </source>
      <source id="mixamorig2_LeftHandRing1-Interpolations">
        <Name_array id="mixamorig2_LeftHandRing1-Interpolations-array" count="31">
 LINEAR LINEAR LINEAR LINEAR LINEAR LINEAR LINEAR LINEAR LINEAR LINEAR LINEAR
LINEAR LINEAR LINEAR LINEAR LINEAR LINEAR LINEAR LINEAR LINEAR LINEAR LINEAR LINEAR
LINEAR LINEAR LINEAR LINEAR LINEAR LINEAR LINEAR LINEAR</Name_array>
        <technique_common>
          <accessor source="#mixamorig2_LeftHandRing1-Interpolations-array" count="31">
            <param type="name"/>
          </accessor>
        </technique_common>
      </source>
      <sampler id="mixamorig2_LeftHandRing1-Matrix-animation-transform">
        <input semantic="INPUT" source="#mixamorig2_LeftHandRing1-Matrix-animation-input"/>
        <input semantic="OUTPUT" source="#mixamorig2_LeftHandRing1-Matrix-animation-output-transform"/>
        <input semantic="INTERPOLATION" source="#mixamorig2_LeftHandRing1-Interpolations"/>
      </sampler>
      <channel source="#mixamorig2_LeftHandRing1-Matrix-animation-transform" target="mixamorig2_LeftHandRing1/matrix"/>
    </animation>
    <animation id="mixamorig2_LeftHandRing2-anim" name="mixamorig2_LeftHandRing2">
      <source id="mixamorig2_LeftHandRing2-Matrix-animation-input">
        <float_array id="mixamorig2_LeftHandRing2-Matrix-animation-input-array" count="31">

0.000000 0.033333 0.066667 0.100000 0.133333 0.166667 0.200000 0.233333 0.266667 0.300000 0.333333 0.366667 0.400000 0.433333 0.466667 0.500000
0.533333 0.566667 0.600000 0.633333 0.666667 0.700000 0.733333 0.766667 0.800000 0.833333 0.866667 0.900000 0.933333 0.966667 1.000000</float_array>
        <technique_common>
          <accessor source="#mixamorig2_LeftHandRing2-Matrix-animation-input-array" count="31">
            <param name="TIME" type="float"/>
          </accessor>
        </technique_common>
      </source>
      <source id="mixamorig2_LeftHandRing2-Matrix-animation-output-transform">
        <float_array id="mixamorig2_LeftHandRing2-Matrix-animation-output-transform-array" count="496">

0.999897 0.010736 0.009548 0.005400 0.009849 -0.028364 -0.999549 2.751100 -0.010461 0.999540 -0.028467 -0.000000 0.000000 0.000000 0.000000 1.000000
0.999897 0.010736 0.009548 0.005400 0.009849 -0.028363 -0.999549 2.751100 -0.010461 0.999540 -0.028466 0.000000 0.000000 0.000000 0.000000 1.000000
0.999897 0.010736 0.009548 0.005400 0.009849 -0.028364 -0.999549 2.751100 -0.010461 0.999540 -0.028466 0.000000 0.000000 0.000000 0.000000 1.000000
0.999897 0.010736 0.009548 0.005400 0.009849 -0.028364 -0.999549 2.751100 -0.010461 0.999540 -0.028467 0.000000 0.000000 0.000000 0.000000 1.000000
0.999897 0.010736 0.009548 0.005400 0.009849 -0.028364 -0.999549 2.751100 -0.010461 0.999540 -0.028467 0.000000 0.000000 0.000000 0.000000 1.000000
0.999897 0.010736 0.009548 0.005400 0.009849 -0.028364 -0.999549 2.751100 -0.010461 0.999540 -0.028466 0.000000 0.000000 0.000000 0.000000 1.000000
0.999897 0.010737 0.009548 0.005400 0.009849 -0.028364 -0.999549 2.751100 -0.010461 0.999540 -0.028466 0.000000 0.000000 0.000000 0.000000 1.000000
0.999897 0.010736 0.009548 0.005400 0.009849 -0.028364 -0.999549 2.751100 -0.010461 0.999540 -0.028467 0.000000 0.000000 0.000000 0.000000 1.000000
0.999897 0.010737 0.009548 0.005400 0.009849 -0.028364 -0.999549 2.751100 -0.010461 0.999540 -0.028467 0.000000 0.000000 0.000000 0.000000 1.000000
0.999897 0.010736 0.009548 0.005400 0.009849 -0.028364 -0.999549 2.751100 -0.010461 0.999540 -0.028467 0.000000 0.000000 0.000000 0.000000 1.000000
0.999897 0.010737 0.009548 0.005400 0.009849 -0.028364 -0.999549 2.751100 -0.010461 0.999540 -0.028467 0.000000 0.000000 0.000000 0.000000 1.000000
0.999897 0.010736 0.009548 0.005400 0.009849 -0.028364 -0.999549 2.751100 -0.010461 0.999540 -0.028467 0.000000 0.000000 0.000000 0.000000 1.000000
0.999897 0.010736 0.009548 0.005400 0.009849 -0.028364 -0.999549 2.751100 -0.010461 0.999540 -0.028466 0.000000 0.000000 0.000000 0.000000 1.000000
0.999897 0.010736 0.009548 0.005400 0.009849 -0.028364 -0.999549 2.751100 -0.010461 0.999540 -0.028467 0.000000 0.000000 0.000000 0.000000 1.000000
0.999897 0.010737 0.009548 0.005400 0.009849 -0.028364 -0.999549 2.751100 -0.010461 0.999540 -0.028467 -0.000000 0.000000 0.000000 0.000000 1.000000
0.999897 0.010737 0.009548 0.005400 0.009849 -0.028364 -0.999549 2.751100 -0.010461 0.999540 -0.028467 0.000000 0.000000 0.000000 0.000000 1.000000
0.999897 0.010737 0.009548 0.005400 0.009849 -0.028364 -0.999549 2.751100 -0.010461 0.999540 -0.028467 -0.000000 0.000000 0.000000 0.000000 1.000000
0.999897 0.010736 0.009548 0.005400 0.009849 -0.028364 -0.999549 2.751100 -0.010461 0.999540 -0.028467 -0.000000 0.000000 0.000000 0.000000 1.000000
0.999897 0.010737 0.009548 0.005400 0.009849 -0.028363 -0.999549 2.751100 -0.010461 0.999540 -0.028466 -0.000000 0.000000 0.000000 0.000000 1.000000
0.999897 0.010737 0.009548 0.005400 0.009849 -0.028364 -0.999549 2.751100 -0.010461 0.999540 -0.028467 0.000000 0.000000 0.000000 0.000000 1.000000
0.999897 0.010736 0.009548 0.005400 0.009849 -0.028364 -0.999549 2.751100 -0.010460 0.999540 -0.028466 0.000000 0.000000 0.000000 0.000000 1.000000
0.999897 0.010736 0.009548 0.005400 0.009849 -0.028364 -0.999549 2.751100 -0.010461 0.999540 -0.028466 -0.000000 0.000000 0.000000 0.000000 1.000000
0.999897 0.010737 0.009548 0.005400 0.009849 -0.028363 -0.999549 2.751100 -0.010461 0.999540 -0.028466 0.000000 0.000000 0.000000 0.000000 1.000000
0.999897 0.010736 0.009548 0.005400 0.009849 -0.028363 -0.999549 2.751100 -0.010461 0.999540 -0.028466 0.000000 0.000000 0.000000 0.000000 1.000000
0.999897 0.010737 0.009548 0.005400 0.009849 -0.028364 -0.999549 2.751100 -0.010461 0.999540 -0.028467 0.000000 0.000000 0.000000 0.000000 1.000000
0.999897 0.010736 0.009548 0.005400 0.009849 -0.028364 -0.999549 2.751100 -0.010461 0.999540 -0.028467 0.000000 0.000000 0.000000 0.000000 1.000000
0.999897 0.010737 0.009548 0.005400 0.009850 -0.028364 -0.999549 2.751100 -0.010461 0.999540 -0.028467 0.000000 0.000000 0.000000 0.000000 1.000000
0.999897 0.010737 0.009548 0.005400 0.009849 -0.028364 -0.999549 2.751100 -0.010461 0.999540 -0.028467 0.000000 0.000000 0.000000 0.000000 1.000000
0.999897 0.010737 0.009548 0.005400 0.009849 -0.028364 -0.999549 2.751100 -0.010461 0.999540 -0.028466 -0.000000 0.000000 0.000000 0.000000 1.000000
0.999897 0.010736 0.009548 0.005400 0.009849 -0.028364 -0.999549 2.751100 -0.010461 0.999540 -0.028467 0.000000 0.000000 0.000000 0.000000 1.000000
0.999897 0.010737 0.009548 0.005400 0.009849 -0.028364 -0.999549 2.751100 -0.010461 0.999540 -0.028467 0.000000 0.000000 0.000000 0.000000 1.000000</float_array>
        <technique_common>
          <accessor source="#mixamorig2_LeftHandRing2-Matrix-animation-output-transform-array" count="31" stride="16">
            <param type="float4x4"/>
          </accessor>
        </technique_common>
      </source>
      <source id="mixamorig2_LeftHandRing2-Interpolations">
        <Name_array id="mixamorig2_LeftHandRing2-Interpolations-array" count="31">
 LINEAR LINEAR LINEAR LINEAR LINEAR LINEAR LINEAR LINEAR LINEAR LINEAR LINEAR
LINEAR LINEAR LINEAR LINEAR LINEAR LINEAR LINEAR LINEAR LINEAR LINEAR LINEAR LINEAR
LINEAR LINEAR LINEAR LINEAR LINEAR LINEAR LINEAR LINEAR</Name_array>
        <technique_common>
          <accessor source="#mixamorig2_LeftHandRing2-Interpolations-array" count="31">
            <param type="name"/>
          </accessor>
        </technique_common>
      </source>
      <sampler id="mixamorig2_LeftHandRing2-Matrix-animation-transform">
        <input semantic="INPUT" source="#mixamorig2_LeftHandRing2-Matrix-animation-input"/>
        <input semantic="OUTPUT" source="#mixamorig2_LeftHandRing2-Matrix-animation-output-transform"/>
        <input semantic="INTERPOLATION" source="#mixamorig2_LeftHandRing2-Interpolations"/>
      </sampler>
      <channel source="#mixamorig2_LeftHandRing2-Matrix-animation-transform" target="mixamorig2_LeftHandRing2/matrix"/>
    </animation>
    <animation id="mixamorig2_LeftHandRing3-anim" name="mixamorig2_LeftHandRing3">
      <source id="mixamorig2_LeftHandRing3-Matrix-animation-input">
        <float_array id="mixamorig2_LeftHandRing3-Matrix-animation-input-array" count="31">

0.000000 0.033333 0.066667 0.100000 0.133333 0.166667 0.200000 0.233333 0.266667 0.300000 0.333333 0.366667 0.400000 0.433333 0.466667 0.500000
0.533333 0.566667 0.600000 0.633333 0.666667 0.700000 0.733333 0.766667 0.800000 0.833333 0.866667 0.900000 0.933333 0.966667 1.000000</float_array>
        <technique_common>
          <accessor source="#mixamorig2_LeftHandRing3-Matrix-animation-input-array" count="31">
            <param name="TIME" type="float"/>
          </accessor>
        </technique_common>
      </source>
      <source id="mixamorig2_LeftHandRing3-Matrix-animation-output-transform">
        <float_array id="mixamorig2_LeftHandRing3-Matrix-animation-output-transform-array" count="496">

0.999654 0.023539 -0.011743 -0.003300 -0.026293 0.879913 -0.474406 2.789300 -0.000834 0.474551 0.880228 0.000000 0.000000 0.000000 0.000000 1.000000
0.999654 0.023539 -0.011743 -0.003300 -0.026293 0.879913 -0.474406 2.789300 -0.000834 0.474551 0.880228 0.000000 0.000000 0.000000 0.000000 1.000000
0.999654 0.023539 -0.011743 -0.003300 -0.026293 0.879913 -0.474406 2.789300 -0.000834 0.474551 0.880228 0.000000 0.000000 0.000000 0.000000 1.000000
0.999654 0.023539 -0.011743 -0.003300 -0.026293 0.879913 -0.474406 2.789300 -0.000834 0.474551 0.880228 -0.000000 0.000000 0.000000 0.000000 1.000000
0.999654 0.023539 -0.011743 -0.003300 -0.026293 0.879913 -0.474406 2.789300 -0.000834 0.474551 0.880228 0.000000 0.000000 0.000000 0.000000 1.000000
0.999654 0.023540 -0.011743 -0.003300 -0.026293 0.879913 -0.474406 2.789300 -0.000834 0.474551 0.880228 -0.000000 0.000000 0.000000 0.000000 1.000000
0.999654 0.023539 -0.011743 -0.003300 -0.026293 0.879913 -0.474406 2.789300 -0.000834 0.474551 0.880228 0.000000 0.000000 0.000000 0.000000 1.000000
0.999654 0.023539 -0.011743 -0.003300 -0.026293 0.879913 -0.474406 2.789300 -0.000834 0.474551 0.880228 0.000000 0.000000 0.000000 0.000000 1.000000
0.999654 0.023539 -0.011743 -0.003300 -0.026293 0.879913 -0.474406 2.789300 -0.000834 0.474551 0.880228 0.000000 0.000000 0.000000 0.000000 1.000000
0.999654 0.023539 -0.011743 -0.003300 -0.026293 0.879913 -0.474406 2.789300 -0.000834 0.474551 0.880228 0.000000 0.000000 0.000000 0.000000 1.000000
0.999654 0.023539 -0.011743 -0.003300 -0.026293 0.879913 -0.474406 2.789300 -0.000834 0.474551 0.880228 0.000000 0.000000 0.000000 0.000000 1.000000
0.999654 0.023539 -0.011744 -0.003300 -0.026293 0.879913 -0.474406 2.789300 -0.000834 0.474551 0.880228 -0.000000 0.000000 0.000000 0.000000 1.000000
0.999654 0.023539 -0.011743 -0.003300 -0.026293 0.879913 -0.474406 2.789300 -0.000834 0.474551 0.880228 -0.000000 0.000000 0.000000 0.000000 1.000000
0.999654 0.023539 -0.011744 -0.003300 -0.026293 0.879913 -0.474406 2.789300 -0.000834 0.474551 0.880228 0.000000 0.000000 0.000000 0.000000 1.000000
0.999654 0.023539 -0.011744 -0.003300 -0.026293 0.879913 -0.474406 2.789300 -0.000834 0.474551 0.880228 0.000000 0.000000 0.000000 0.000000 1.000000
0.999654 0.023539 -0.011743 -0.003300 -0.026292 0.879913 -0.474406 2.789300 -0.000834 0.474550 0.880228 0.000000 0.000000 0.000000 0.000000 1.000000
0.999654 0.023539 -0.011743 -0.003300 -0.026293 0.879913 -0.474406 2.789300 -0.000834 0.474551 0.880228 0.000000 0.000000 0.000000 0.000000 1.000000
0.999654 0.023540 -0.011743 -0.003300 -0.026293 0.879913 -0.474406 2.789300 -0.000834 0.474551 0.880228 0.000000 0.000000 0.000000 0.000000 1.000000
0.999654 0.023539 -0.011743 -0.003300 -0.026293 0.879913 -0.474407 2.789300 -0.000834 0.474551 0.880228 0.000000 0.000000 0.000000 0.000000 1.000000
0.999654 0.023540 -0.011743 -0.003300 -0.026293 0.879913 -0.474406 2.789300 -0.000834 0.474551 0.880228 0.000000 0.000000 0.000000 0.000000 1.000000
0.999654 0.023539 -0.011743 -0.003300 -0.026293 0.879913 -0.474406 2.789300 -0.000834 0.474551 0.880228 0.000000 0.000000 0.000000 0.000000 1.000000
0.999654 0.023539 -0.011744 -0.003300 -0.026293 0.879913 -0.474406 2.789300 -0.000834 0.474551 0.880228 -0.000000 0.000000 0.000000 0.000000 1.000000
0.999654 0.023539 -0.011743 -0.003300 -0.026293 0.879913 -0.474406 2.789300 -0.000834 0.474551 0.880228 0.000000 0.000000 0.000000 0.000000 1.000000
0.999654 0.023539 -0.011743 -0.003300 -0.026293 0.879913 -0.474406 2.789300 -0.000834 0.474551 0.880228 -0.000000 0.000000 0.000000 0.000000 1.000000
0.999654 0.023539 -0.011743 -0.003300 -0.026293 0.879913 -0.474406 2.789300 -0.000834 0.474551 0.880228 0.000000 0.000000 0.000000 0.000000 1.000000
0.999654 0.023539 -0.011743 -0.003300 -0.026293 0.879913 -0.474406 2.789300 -0.000834 0.474551 0.880228 0.000000 0.000000 0.000000 0.000000 1.000000
0.999654 0.023539 -0.011744 -0.003300 -0.026293 0.879913 -0.474406 2.789300 -0.000834 0.474551 0.880228 -0.000000 0.000000 0.000000 0.000000 1.000000
0.999654 0.023539 -0.011743 -0.003300 -0.026293 0.879913 -0.474406 2.789300 -0.000834 0.474551 0.880228 -0.000000 0.000000 0.000000 0.000000 1.000000
0.999654 0.023539 -0.011743 -0.003300 -0.026293 0.879913 -0.474406 2.789300 -0.000834 0.474551 0.880228 0.000000 0.000000 0.000000 0.000000 1.000000
0.999654 0.023539 -0.011744 -0.003300 -0.026293 0.879913 -0.474406 2.789300 -0.000834 0.474551 0.880228 -0.000000 0.000000 0.000000 0.000000 1.000000
0.999654 0.023539 -0.011743 -0.003300 -0.026293 0.879913 -0.474406 2.789300 -0.000834 0.474551 0.880228 0.000000 0.000000 0.000000 0.000000 1.000000</float_array>
        <technique_common>
          <accessor source="#mixamorig2_LeftHandRing3-Matrix-animation-output-transform-array" count="31" stride="16">
            <param type="float4x4"/>
          </accessor>
        </technique_common>
      </source>
      <source id="mixamorig2_LeftHandRing3-Interpolations">
        <Name_array id="mixamorig2_LeftHandRing3-Interpolations-array" count="31">
 LINEAR LINEAR LINEAR LINEAR LINEAR LINEAR LINEAR LINEAR LINEAR LINEAR LINEAR
LINEAR LINEAR LINEAR LINEAR LINEAR LINEAR LINEAR LINEAR LINEAR LINEAR LINEAR LINEAR
LINEAR LINEAR LINEAR LINEAR LINEAR LINEAR LINEAR LINEAR</Name_array>
        <technique_common>
          <accessor source="#mixamorig2_LeftHandRing3-Interpolations-array" count="31">
            <param type="name"/>
          </accessor>
        </technique_common>
      </source>
      <sampler id="mixamorig2_LeftHandRing3-Matrix-animation-transform">
        <input semantic="INPUT" source="#mixamorig2_LeftHandRing3-Matrix-animation-input"/>
        <input semantic="OUTPUT" source="#mixamorig2_LeftHandRing3-Matrix-animation-output-transform"/>
        <input semantic="INTERPOLATION" source="#mixamorig2_LeftHandRing3-Interpolations"/>
      </sampler>
      <channel source="#mixamorig2_LeftHandRing3-Matrix-animation-transform" target="mixamorig2_LeftHandRing3/matrix"/>
    </animation>
    <animation id="mixamorig2_LeftHandPinky1-anim" name="mixamorig2_LeftHandPinky1">
      <source id="mixamorig2_LeftHandPinky1-Matrix-animation-input">
        <float_array id="mixamorig2_LeftHandPinky1-Matrix-animation-input-array" count="31">

0.000000 0.033333 0.066667 0.100000 0.133333 0.166667 0.200000 0.233333 0.266667 0.300000 0.333333 0.366667 0.400000 0.433333 0.466667 0.500000
0.533333 0.566667 0.600000 0.633333 0.666667 0.700000 0.733333 0.766667 0.800000 0.833333 0.866667 0.900000 0.933333 0.966667 1.000000</float_array>
        <technique_common>
          <accessor source="#mixamorig2_LeftHandPinky1-Matrix-animation-input-array" count="31">
            <param name="TIME" type="float"/>
          </accessor>
        </technique_common>
      </source>
      <source id="mixamorig2_LeftHandPinky1-Matrix-animation-output-transform">
        <float_array id="mixamorig2_LeftHandPinky1-Matrix-animation-output-transform-array" count="496">

0.989166 -0.121691 0.082107 3.161900 0.128783 0.450873 -0.883249 8.506000 0.070464 0.884254 0.461660 0.054600 0.000000 0.000000 0.000000 1.000000
0.989166 -0.121692 0.082107 3.161900 0.128783 0.450873 -0.883249 8.506000 0.070464 0.884254 0.461660 0.054600 0.000000 0.000000 0.000000 1.000000
0.989166 -0.121691 0.082107 3.161900 0.128783 0.450873 -0.883249 8.506000 0.070464 0.884254 0.461660 0.054600 0.000000 0.000000 0.000000 1.000000
0.989166 -0.121692 0.082107 3.161900 0.128784 0.450873 -0.883249 8.506000 0.070464 0.884254 0.461660 0.054600 0.000000 0.000000 0.000000 1.000000
0.989166 -0.121691 0.082107 3.161900 0.128783 0.450873 -0.883249 8.506000 0.070464 0.884254 0.461660 0.054600 0.000000 0.000000 0.000000 1.000000
0.989166 -0.121691 0.082107 3.161900 0.128783 0.450873 -0.883249 8.506000 0.070464 0.884254 0.461660 0.054600 0.000000 0.000000 0.000000 1.000000
0.989166 -0.121691 0.082107 3.161900 0.128783 0.450873 -0.883249 8.506000 0.070464 0.884254 0.461660 0.054600 0.000000 0.000000 0.000000 1.000000
0.989166 -0.121692 0.082107 3.161900 0.128783 0.450873 -0.883249 8.506000 0.070464 0.884254 0.461660 0.054600 0.000000 0.000000 0.000000 1.000000
0.989166 -0.121692 0.082107 3.161900 0.128783 0.450873 -0.883249 8.506000 0.070465 0.884254 0.461660 0.054600 0.000000 0.000000 0.000000 1.000000
0.989166 -0.121692 0.082107 3.161900 0.128783 0.450873 -0.883249 8.506000 0.070464 0.884254 0.461660 0.054600 0.000000 0.000000 0.000000 1.000000
0.989166 -0.121692 0.082107 3.161900 0.128783 0.450873 -0.883249 8.506000 0.070464 0.884254 0.461660 0.054600 0.000000 0.000000 0.000000 1.000000
0.989166 -0.121692 0.082107 3.161900 0.128783 0.450873 -0.883249 8.506000 0.070464 0.884254 0.461660 0.054600 0.000000 0.000000 0.000000 1.000000
0.989166 -0.121692 0.082107 3.161900 0.128783 0.450873 -0.883249 8.506000 0.070464 0.884254 0.461660 0.054600 0.000000 0.000000 0.000000 1.000000
0.989166 -0.121692 0.082107 3.161900 0.128784 0.450873 -0.883249 8.506000 0.070464 0.884254 0.461660 0.054600 0.000000 0.000000 0.000000 1.000000
0.989166 -0.121691 0.082107 3.161900 0.128783 0.450873 -0.883249 8.506000 0.070464 0.884254 0.461660 0.054600 0.000000 0.000000 0.000000 1.000000
0.989166 -0.121691 0.082107 3.161900 0.128783 0.450873 -0.883249 8.506000 0.070464 0.884254 0.461660 0.054600 0.000000 0.000000 0.000000 1.000000
0.989166 -0.121692 0.082107 3.161900 0.128783 0.450873 -0.883249 8.506000 0.070464 0.884254 0.461660 0.054600 0.000000 0.000000 0.000000 1.000000
0.989166 -0.121691 0.082107 3.161900 0.128783 0.450873 -0.883249 8.506000 0.070464 0.884254 0.461660 0.054600 0.000000 0.000000 0.000000 1.000000
0.989166 -0.121691 0.082107 3.161900 0.128783 0.450873 -0.883249 8.506000 0.070464 0.884254 0.461660 0.054600 0.000000 0.000000 0.000000 1.000000
0.989166 -0.121692 0.082107 3.161900 0.128783 0.450873 -0.883249 8.506000 0.070464 0.884254 0.461660 0.054600 0.000000 0.000000 0.000000 1.000000
0.989166 -0.121691 0.082107 3.161900 0.128783 0.450873 -0.883249 8.506000 0.070464 0.884254 0.461660 0.054600 0.000000 0.000000 0.000000 1.000000
0.989166 -0.121691 0.082106 3.161900 0.128783 0.450873 -0.883249 8.506000 0.070464 0.884254 0.461660 0.054600 0.000000 0.000000 0.000000 1.000000
0.989166 -0.121692 0.082107 3.161900 0.128783 0.450873 -0.883249 8.506000 0.070464 0.884254 0.461660 0.054600 0.000000 0.000000 0.000000 1.000000
0.989166 -0.121691 0.082107 3.161900 0.128783 0.450873 -0.883249 8.506000 0.070464 0.884254 0.461660 0.054600 0.000000 0.000000 0.000000 1.000000
0.989166 -0.121692 0.082106 3.161900 0.128783 0.450873 -0.883249 8.506000 0.070464 0.884254 0.461660 0.054600 0.000000 0.000000 0.000000 1.000000
0.989166 -0.121692 0.082106 3.161900 0.128783 0.450873 -0.883249 8.506000 0.070464 0.884254 0.461660 0.054600 0.000000 0.000000 0.000000 1.000000
0.989166 -0.121691 0.082107 3.161900 0.128783 0.450873 -0.883249 8.506000 0.070464 0.884254 0.461660 0.054600 0.000000 0.000000 0.000000 1.000000
0.989166 -0.121692 0.082106 3.161900 0.128783 0.450873 -0.883249 8.506000 0.070464 0.884254 0.461660 0.054600 0.000000 0.000000 0.000000 1.000000
0.989166 -0.121691 0.082107 3.161900 0.128783 0.450873 -0.883249 8.506000 0.070464 0.884254 0.461660 0.054600 0.000000 0.000000 0.000000 1.000000
0.989166 -0.121691 0.082107 3.161900 0.128783 0.450873 -0.883249 8.506000 0.070464 0.884254 0.461660 0.054600 0.000000 0.000000 0.000000 1.000000
0.989166 -0.121691 0.082107 3.161900 0.128783 0.450873 -0.883249 8.506000 0.070464 0.884254 0.461660 0.054600 0.000000 0.000000 0.000000 1.000000</float_array>
        <technique_common>
          <accessor source="#mixamorig2_LeftHandPinky1-Matrix-animation-output-transform-array" count="31" stride="16">
            <param type="float4x4"/>
          </accessor>
        </technique_common>
      </source>
      <source id="mixamorig2_LeftHandPinky1-Interpolations">
        <Name_array id="mixamorig2_LeftHandPinky1-Interpolations-array" count="31">
 LINEAR LINEAR LINEAR LINEAR LINEAR LINEAR LINEAR LINEAR LINEAR LINEAR LINEAR
LINEAR LINEAR LINEAR LINEAR LINEAR LINEAR LINEAR LINEAR LINEAR LINEAR LINEAR LINEAR
LINEAR LINEAR LINEAR LINEAR LINEAR LINEAR LINEAR LINEAR</Name_array>
        <technique_common>
          <accessor source="#mixamorig2_LeftHandPinky1-Interpolations-array" count="31">
            <param type="name"/>
          </accessor>
        </technique_common>
      </source>
      <sampler id="mixamorig2_LeftHandPinky1-Matrix-animation-transform">
        <input semantic="INPUT" source="#mixamorig2_LeftHandPinky1-Matrix-animation-input"/>
        <input semantic="OUTPUT" source="#mixamorig2_LeftHandPinky1-Matrix-animation-output-transform"/>
        <input semantic="INTERPOLATION" source="#mixamorig2_LeftHandPinky1-Interpolations"/>
      </sampler>
      <channel source="#mixamorig2_LeftHandPinky1-Matrix-animation-transform" target="mixamorig2_LeftHandPinky1/matrix"/>
    </animation>
    <animation id="mixamorig2_LeftHandPinky2-anim" name="mixamorig2_LeftHandPinky2">
      <source id="mixamorig2_LeftHandPinky2-Matrix-animation-input">
        <float_array id="mixamorig2_LeftHandPinky2-Matrix-animation-input-array" count="31">

0.000000 0.033333 0.066667 0.100000 0.133333 0.166667 0.200000 0.233333 0.266667 0.300000 0.333333 0.366667 0.400000 0.433333 0.466667 0.500000
0.533333 0.566667 0.600000 0.633333 0.666667 0.700000 0.733333 0.766667 0.800000 0.833333 0.866667 0.900000 0.933333 0.966667 1.000000</float_array>
        <technique_common>
          <accessor source="#mixamorig2_LeftHandPinky2-Matrix-animation-input-array" count="31">
            <param name="TIME" type="float"/>
          </accessor>
        </technique_common>
      </source>
      <source id="mixamorig2_LeftHandPinky2-Matrix-animation-output-transform">
        <float_array id="mixamorig2_LeftHandPinky2-Matrix-animation-output-transform-array" count="496">

0.999794 0.014834 -0.013853 0.002400 -0.015092 0.086939 -0.996099 2.480100 -0.013571 0.996103 0.087145 0.000000 0.000000 0.000000 0.000000 1.000000
0.999794 0.014834 -0.013854 0.002400 -0.015092 0.086939 -0.996099 2.480100 -0.013571 0.996103 0.087145 0.000000 0.000000 0.000000 0.000000 1.000000
0.999794 0.014834 -0.013854 0.002400 -0.015092 0.086939 -0.996099 2.480100 -0.013571 0.996103 0.087145 0.000000 0.000000 0.000000 0.000000 1.000000
0.999794 0.014834 -0.013854 0.002400 -0.015092 0.086939 -0.996099 2.480100 -0.013571 0.996103 0.087145 0.000000 0.000000 0.000000 0.000000 1.000000
0.999794 0.014833 -0.013853 0.002400 -0.015092 0.086939 -0.996099 2.480100 -0.013571 0.996103 0.087145 -0.000000 0.000000 0.000000 0.000000 1.000000
0.999794 0.014833 -0.013853 0.002400 -0.015092 0.086939 -0.996099 2.480100 -0.013571 0.996103 0.087145 0.000000 0.000000 0.000000 0.000000 1.000000
0.999794 0.014833 -0.013854 0.002400 -0.015092 0.086939 -0.996099 2.480100 -0.013571 0.996103 0.087145 0.000000 0.000000 0.000000 0.000000 1.000000
0.999794 0.014834 -0.013853 0.002400 -0.015092 0.086939 -0.996099 2.480100 -0.013571 0.996103 0.087145 -0.000000 0.000000 0.000000 0.000000 1.000000
0.999794 0.014833 -0.013854 0.002400 -0.015092 0.086939 -0.996099 2.480100 -0.013571 0.996103 0.087145 0.000000 0.000000 0.000000 0.000000 1.000000
0.999794 0.014834 -0.013853 0.002400 -0.015092 0.086939 -0.996099 2.480100 -0.013571 0.996103 0.087145 0.000000 0.000000 0.000000 0.000000 1.000000
0.999794 0.014834 -0.013854 0.002400 -0.015092 0.086939 -0.996099 2.480100 -0.013571 0.996103 0.087145 0.000000 0.000000 0.000000 0.000000 1.000000
0.999794 0.014834 -0.013853 0.002400 -0.015092 0.086939 -0.996099 2.480100 -0.013571 0.996103 0.087145 0.000000 0.000000 0.000000 0.000000 1.000000
0.999794 0.014833 -0.013854 0.002400 -0.015092 0.086939 -0.996099 2.480100 -0.013571 0.996103 0.087145 0.000000 0.000000 0.000000 0.000000 1.000000
0.999794 0.014833 -0.013854 0.002400 -0.015092 0.086939 -0.996099 2.480100 -0.013571 0.996103 0.087145 0.000000 0.000000 0.000000 0.000000 1.000000
0.999794 0.014834 -0.013854 0.002400 -0.015092 0.086939 -0.996099 2.480100 -0.013571 0.996103 0.087145 -0.000000 0.000000 0.000000 0.000000 1.000000
0.999794 0.014833 -0.013853 0.002400 -0.015092 0.086940 -0.996099 2.480100 -0.013571 0.996103 0.087145 0.000000 0.000000 0.000000 0.000000 1.000000
0.999794 0.014833 -0.013854 0.002400 -0.015092 0.086939 -0.996099 2.480100 -0.013571 0.996103 0.087145 0.000000 0.000000 0.000000 0.000000 1.000000
0.999794 0.014834 -0.013853 0.002400 -0.015092 0.086939 -0.996099 2.480100 -0.013571 0.996103 0.087145 0.000000 0.000000 0.000000 0.000000 1.000000
0.999794 0.014833 -0.013853 0.002400 -0.015092 0.086940 -0.996099 2.480100 -0.013571 0.996103 0.087145 0.000000 0.000000 0.000000 0.000000 1.000000
0.999794 0.014834 -0.013854 0.002400 -0.015092 0.086939 -0.996099 2.480100 -0.013571 0.996103 0.087145 0.000000 0.000000 0.000000 0.000000 1.000000
0.999794 0.014833 -0.013853 0.002400 -0.015092 0.086939 -0.996099 2.480100 -0.013571 0.996103 0.087145 0.000000 0.000000 0.000000 0.000000 1.000000
0.999794 0.014834 -0.013853 0.002400 -0.015092 0.086939 -0.996099 2.480100 -0.013571 0.996103 0.087145 0.000000 0.000000 0.000000 0.000000 1.000000
0.999794 0.014833 -0.013854 0.002400 -0.015092 0.086940 -0.996099 2.480100 -0.013571 0.996103 0.087146 -0.000000 0.000000 0.000000 0.000000 1.000000
0.999794 0.014834 -0.013854 0.002400 -0.015092 0.086939 -0.996099 2.480100 -0.013571 0.996103 0.087145 0.000000 0.000000 0.000000 0.000000 1.000000
0.999794 0.014833 -0.013854 0.002400 -0.015092 0.086939 -0.996099 2.480100 -0.013571 0.996103 0.087145 0.000000 0.000000 0.000000 0.000000 1.000000
0.999794 0.014834 -0.013854 0.002400 -0.015092 0.086939 -0.996099 2.480100 -0.013571 0.996103 0.087145 0.000000 0.000000 0.000000 0.000000 1.000000
0.999794 0.014834 -0.013853 0.002400 -0.015092 0.086939 -0.996099 2.480100 -0.013571 0.996103 0.087145 -0.000000 0.000000 0.000000 0.000000 1.000000
0.999794 0.014834 -0.013853 0.002400 -0.015092 0.086939 -0.996099 2.480100 -0.013571 0.996103 0.087145 0.000000 0.000000 0.000000 0.000000 1.000000
0.999794 0.014833 -0.013853 0.002400 -0.015092 0.086939 -0.996099 2.480100 -0.013571 0.996103 0.087145 -0.000000 0.000000 0.000000 0.000000 1.000000
0.999794 0.014833 -0.013854 0.002400 -0.015092 0.086940 -0.996099 2.480100 -0.013571 0.996103 0.087145 0.000000 0.000000 0.000000 0.000000 1.000000
0.999794 0.014833 -0.013853 0.002400 -0.015092 0.086939 -0.996099 2.480100 -0.013571 0.996103 0.087145 0.000000 0.000000 0.000000 0.000000 1.000000</float_array>
        <technique_common>
          <accessor source="#mixamorig2_LeftHandPinky2-Matrix-animation-output-transform-array" count="31" stride="16">
            <param type="float4x4"/>
          </accessor>
        </technique_common>
      </source>
      <source id="mixamorig2_LeftHandPinky2-Interpolations">
        <Name_array id="mixamorig2_LeftHandPinky2-Interpolations-array" count="31">
 LINEAR LINEAR LINEAR LINEAR LINEAR LINEAR LINEAR LINEAR LINEAR LINEAR LINEAR
LINEAR LINEAR LINEAR LINEAR LINEAR LINEAR LINEAR LINEAR LINEAR LINEAR LINEAR LINEAR
LINEAR LINEAR LINEAR LINEAR LINEAR LINEAR LINEAR LINEAR</Name_array>
        <technique_common>
          <accessor source="#mixamorig2_LeftHandPinky2-Interpolations-array" count="31">
            <param type="name"/>
          </accessor>
        </technique_common>
      </source>
      <sampler id="mixamorig2_LeftHandPinky2-Matrix-animation-transform">
        <input semantic="INPUT" source="#mixamorig2_LeftHandPinky2-Matrix-animation-input"/>
        <input semantic="OUTPUT" source="#mixamorig2_LeftHandPinky2-Matrix-animation-output-transform"/>
        <input semantic="INTERPOLATION" source="#mixamorig2_LeftHandPinky2-Interpolations"/>
      </sampler>
      <channel source="#mixamorig2_LeftHandPinky2-Matrix-animation-transform" target="mixamorig2_LeftHandPinky2/matrix"/>
    </animation>
    <animation id="mixamorig2_LeftHandPinky3-anim" name="mixamorig2_LeftHandPinky3">
      <source id="mixamorig2_LeftHandPinky3-Matrix-animation-input">
        <float_array id="mixamorig2_LeftHandPinky3-Matrix-animation-input-array" count="31">

0.000000 0.033333 0.066667 0.100000 0.133333 0.166667 0.200000 0.233333 0.266667 0.300000 0.333333 0.366667 0.400000 0.433333 0.466667 0.500000
0.533333 0.566667 0.600000 0.633333 0.666667 0.700000 0.733333 0.766667 0.800000 0.833333 0.866667 0.900000 0.933333 0.966667 1.000000</float_array>
        <technique_common>
          <accessor source="#mixamorig2_LeftHandPinky3-Matrix-animation-input-array" count="31">
            <param name="TIME" type="float"/>
          </accessor>
        </technique_common>
      </source>
      <source id="mixamorig2_LeftHandPinky3-Matrix-animation-output-transform">
        <float_array id="mixamorig2_LeftHandPinky3-Matrix-animation-output-transform-array" count="496">

0.999982 0.005901 -0.001035 -0.001400 -0.005786 0.906224 -0.422759 2.079900 -0.001557 0.422757 0.906242 -0.000000 0.000000 0.000000 0.000000 1.000000
0.999982 0.005902 -0.001035 -0.001400 -0.005786 0.906224 -0.422759 2.079900 -0.001557 0.422757 0.906242 -0.000000 0.000000 0.000000 0.000000 1.000000
0.999982 0.005901 -0.001035 -0.001400 -0.005785 0.906224 -0.422759 2.079900 -0.001557 0.422757 0.906242 -0.000000 0.000000 0.000000 0.000000 1.000000
0.999982 0.005901 -0.001035 -0.001400 -0.005786 0.906224 -0.422759 2.079900 -0.001557 0.422757 0.906242 0.000000 0.000000 0.000000 0.000000 1.000000
0.999982 0.005901 -0.001034 -0.001400 -0.005785 0.906224 -0.422759 2.079900 -0.001557 0.422757 0.906242 0.000000 0.000000 0.000000 0.000000 1.000000
0.999982 0.005901 -0.001035 -0.001400 -0.005785 0.906224 -0.422759 2.079900 -0.001557 0.422757 0.906242 -0.000000 0.000000 0.000000 0.000000 1.000000
0.999982 0.005902 -0.001034 -0.001400 -0.005786 0.906224 -0.422759 2.079900 -0.001558 0.422757 0.906242 0.000000 0.000000 0.000000 0.000000 1.000000
0.999982 0.005902 -0.001034 -0.001400 -0.005786 0.906224 -0.422759 2.079900 -0.001558 0.422757 0.906242 -0.000000 0.000000 0.000000 0.000000 1.000000
0.999982 0.005902 -0.001034 -0.001400 -0.005786 0.906224 -0.422759 2.079900 -0.001558 0.422757 0.906242 0.000000 0.000000 0.000000 0.000000 1.000000
0.999982 0.005902 -0.001035 -0.001400 -0.005786 0.906224 -0.422759 2.079900 -0.001557 0.422757 0.906242 -0.000000 0.000000 0.000000 0.000000 1.000000
0.999982 0.005901 -0.001035 -0.001400 -0.005786 0.906224 -0.422759 2.079900 -0.001557 0.422757 0.906242 -0.000000 0.000000 0.000000 0.000000 1.000000
0.999982 0.005902 -0.001035 -0.001400 -0.005786 0.906224 -0.422759 2.079900 -0.001557 0.422757 0.906242 0.000000 0.000000 0.000000 0.000000 1.000000
0.999982 0.005901 -0.001035 -0.001400 -0.005786 0.906224 -0.422759 2.079900 -0.001557 0.422757 0.906242 0.000000 0.000000 0.000000 0.000000 1.000000
0.999982 0.005901 -0.001035 -0.001400 -0.005785 0.906224 -0.422758 2.079900 -0.001557 0.422757 0.906242 -0.000000 0.000000 0.000000 0.000000 1.000000
0.999982 0.005901 -0.001035 -0.001400 -0.005785 0.906224 -0.422759 2.079900 -0.001557 0.422757 0.906242 0.000000 0.000000 0.000000 0.000000 1.000000
0.999982 0.005901 -0.001035 -0.001400 -0.005785 0.906224 -0.422759 2.079900 -0.001557 0.422757 0.906242 -0.000000 0.000000 0.000000 0.000000 1.000000
0.999982 0.005902 -0.001034 -0.001400 -0.005786 0.906224 -0.422759 2.079900 -0.001557 0.422757 0.906242 0.000000 0.000000 0.000000 0.000000 1.000000
0.999982 0.005902 -0.001035 -0.001400 -0.005786 0.906224 -0.422759 2.079900 -0.001557 0.422757 0.906242 0.000000 0.000000 0.000000 0.000000 1.000000
0.999982 0.005902 -0.001035 -0.001400 -0.005786 0.906224 -0.422759 2.079900 -0.001557 0.422757 0.906242 0.000000 0.000000 0.000000 0.000000 1.000000
0.999982 0.005901 -0.001034 -0.001400 -0.005785 0.906224 -0.422759 2.079900 -0.001557 0.422757 0.906242 0.000000 0.000000 0.000000 0.000000 1.000000
0.999982 0.005901 -0.001035 -0.001400 -0.005785 0.906224 -0.422759 2.079900 -0.001557 0.422757 0.906242 0.000000 0.000000 0.000000 0.000000 1.000000
0.999982 0.005901 -0.001035 -0.001400 -0.005786 0.906224 -0.422759 2.079900 -0.001557 0.422757 0.906242 0.000000 0.000000 0.000000 0.000000 1.000000
0.999982 0.005902 -0.001035 -0.001400 -0.005786 0.906224 -0.422759 2.079900 -0.001557 0.422757 0.906242 0.000000 0.000000 0.000000 0.000000 1.000000
0.999982 0.005902 -0.001035 -0.001400 -0.005786 0.906224 -0.422759 2.079900 -0.001557 0.422757 0.906242 -0.000000 0.000000 0.000000 0.000000 1.000000
0.999982 0.005901 -0.001035 -0.001400 -0.005786 0.906224 -0.422759 2.079900 -0.001557 0.422757 0.906242 -0.000000 0.000000 0.000000 0.000000 1.000000
0.999982 0.005902 -0.001035 -0.001400 -0.005786 0.906224 -0.422759 2.079900 -0.001557 0.422757 0.906242 0.000000 0.000000 0.000000 0.000000 1.000000
0.999982 0.005901 -0.001035 -0.001400 -0.005785 0.906224 -0.422759 2.079900 -0.001557 0.422757 0.906242 0.000000 0.000000 0.000000 0.000000 1.000000
0.999982 0.005901 -0.001035 -0.001400 -0.005786 0.906224 -0.422759 2.079900 -0.001557 0.422757 0.906242 -0.000000 0.000000 0.000000 0.000000 1.000000
0.999982 0.005902 -0.001034 -0.001400 -0.005786 0.906224 -0.422759 2.079900 -0.001557 0.422757 0.906242 0.000000 0.000000 0.000000 0.000000 1.000000
0.999982 0.005901 -0.001035 -0.001400 -0.005785 0.906224 -0.422759 2.079900 -0.001557 0.422757 0.906242 -0.000000 0.000000 0.000000 0.000000 1.000000
0.999982 0.005901 -0.001035 -0.001400 -0.005786 0.906224 -0.422759 2.079900 -0.001557 0.422757 0.906242 -0.000000 0.000000 0.000000 0.000000 1.000000</float_array>
        <technique_common>
          <accessor source="#mixamorig2_LeftHandPinky3-Matrix-animation-output-transform-array" count="31" stride="16">
            <param type="float4x4"/>
          </accessor>
        </technique_common>
      </source>
      <source id="mixamorig2_LeftHandPinky3-Interpolations">
        <Name_array id="mixamorig2_LeftHandPinky3-Interpolations-array" count="31">
 LINEAR LINEAR LINEAR LINEAR LINEAR LINEAR LINEAR LINEAR LINEAR LINEAR LINEAR
LINEAR LINEAR LINEAR LINEAR LINEAR LINEAR LINEAR LINEAR LINEAR LINEAR LINEAR LINEAR
LINEAR LINEAR LINEAR LINEAR LINEAR LINEAR LINEAR LINEAR</Name_array>
        <technique_common>
          <accessor source="#mixamorig2_LeftHandPinky3-Interpolations-array" count="31">
            <param type="name"/>
          </accessor>
        </technique_common>
      </source>
      <sampler id="mixamorig2_LeftHandPinky3-Matrix-animation-transform">
        <input semantic="INPUT" source="#mixamorig2_LeftHandPinky3-Matrix-animation-input"/>
        <input semantic="OUTPUT" source="#mixamorig2_LeftHandPinky3-Matrix-animation-output-transform"/>
        <input semantic="INTERPOLATION" source="#mixamorig2_LeftHandPinky3-Interpolations"/>
      </sampler>
      <channel source="#mixamorig2_LeftHandPinky3-Matrix-animation-transform" target="mixamorig2_LeftHandPinky3/matrix"/>
    </animation>
    <animation id="mixamorig2_RightShoulder-anim" name="mixamorig2_RightShoulder">
      <source id="mixamorig2_RightShoulder-Matrix-animation-input">
        <float_array id="mixamorig2_RightShoulder-Matrix-animation-input-array" count="31">

0.000000 0.033333 0.066667 0.100000 0.133333 0.166667 0.200000 0.233333 0.266667 0.300000 0.333333 0.366667 0.400000 0.433333 0.466667 0.500000
0.533333 0.566667 0.600000 0.633333 0.666667 0.700000 0.733333 0.766667 0.800000 0.833333 0.866667 0.900000 0.933333 0.966667 1.000000</float_array>
        <technique_common>
          <accessor source="#mixamorig2_RightShoulder-Matrix-animation-input-array" count="31">
            <param name="TIME" type="float"/>
          </accessor>
        </technique_common>
      </source>
      <source id="mixamorig2_RightShoulder-Matrix-animation-output-transform">
        <float_array id="mixamorig2_RightShoulder-Matrix-animation-output-transform-array" count="496">

0.160869 -0.732055 0.661979 -5.225300 0.000279 -0.670681 -0.741746 11.903600 0.986976 0.119508 -0.107688 -0.051300 0.000000 0.000000 0.000000 1.000000
0.143710 -0.718305 0.680725 -5.225300 -0.001230 -0.687994 -0.725716 11.903600 0.989619 0.103456 -0.099755 -0.051300 0.000000 0.000000 0.000000 1.000000
0.105588 -0.721046 0.684795 -5.225300 -0.006198 -0.689108 -0.724632 11.903600 0.994391 0.072268 -0.077231 -0.051300 0.000000 0.000000 0.000000 1.000000
0.042862 -0.744542 0.666198 -5.225300 -0.018023 -0.667278 -0.744590 11.903600 0.998918 0.019908 -0.042020 -0.051300 0.000000 0.000000 0.000000 1.000000
-0.039243 -0.777994 0.627045 -5.225300 -0.027041 -0.626471 -0.778975 11.903600 0.998864 -0.047525 0.003546 -0.051300 0.000000 0.000000 0.000000 1.000000
-0.128125 -0.817609 0.561337 -5.225300 -0.037475 -0.561606 -0.826556 11.903600 0.991050 -0.126939 0.041316 -0.051300 0.000000 0.000000 0.000000 1.000000
-0.225344 -0.864090 0.450077 -5.225300 -0.058800 -0.449054 -0.891568 11.903600 0.972503 -0.227374 0.050383 -0.051300 0.000000 0.000000 0.000000 1.000000
-0.325216 -0.886917 0.328043 -5.225300 -0.054230 -0.328838 -0.942828 11.903600 0.944083 -0.324413 0.058846 -0.051300 0.000000 0.000000 0.000000 1.000000
-0.413964 -0.887247 0.203535 -5.225300 0.004255 -0.225476 -0.974239 11.903600 0.910283 -0.402434 0.097114 -0.051300 0.000000 0.000000 0.000000 1.000000
-0.473619 -0.879357 0.049148 -5.225300 0.191661 -0.157373 -0.968762 11.903600 0.859622 -0.449405 0.243073 -0.051300 0.000000 0.000000 0.000000 1.000000
-0.477917 -0.874033 -0.087531 -5.225300 0.365003 -0.106963 -0.924842 11.903600 0.798980 -0.473946 0.370144 -0.051300 0.000000 0.000000 0.000000 1.000000
-0.455745 -0.874856 -0.164085 -5.225300 0.460704 -0.074113 -0.884454 11.903600 0.761609 -0.478680 0.436826 -0.051300 0.000000 0.000000 0.000000 1.000000
-0.426068 -0.878693 -0.215325 -5.225300 0.532225 -0.050984 -0.845067 11.903600 0.731576 -0.474657 0.489385 -0.051300 0.000000 0.000000 0.000000 1.000000
-0.394965 -0.888119 -0.235047 -5.225300 0.569727 -0.036075 -0.821042 11.903600 0.720704 -0.458195 0.520233 -0.051300 0.000000 0.000000 0.000000 1.000000
-0.365536 -0.904659 -0.219032 -5.225300 0.563868 -0.027996 -0.825390 11.903600 0.740565 -0.425215 0.520342 -0.051300 0.000000 0.000000 0.000000 1.000000
-0.333045 -0.928086 -0.166547 -5.225300 0.501325 -0.024692 -0.864907 11.903600 0.798595 -0.371547 0.473496 -0.051300 0.000000 0.000000 0.000000 1.000000
-0.269991 -0.961508 -0.051051 -5.225300 0.281114 -0.028004 -0.959266 11.903600 0.920913 -0.273344 0.277854 -0.051300 0.000000 0.000000 0.000000 1.000000
-0.150420 -0.988004 0.034969 -5.225300 0.017509 -0.038028 -0.999123 11.903600 0.988467 -0.149676 0.023019 -0.051300 0.000000 0.000000 0.000000 1.000000
-0.022858 -0.995903 0.087492 -5.225300 -0.038172 -0.086581 -0.995513 11.903600 0.999010 -0.026095 -0.036036 -0.051300 0.000000 0.000000 0.000000 1.000000
0.106354 -0.980331 0.166251 -5.225300 -0.045125 -0.171785 -0.984100 11.903600 0.993304 0.097161 -0.062508 -0.051300 0.000000 0.000000 0.000000 1.000000
0.215937 -0.938987 0.267722 -5.225300 -0.033246 -0.281102 -0.959102 11.903600 0.975841 0.198205 -0.091918 -0.051300 0.000000 0.000000 0.000000 1.000000
0.297603 -0.856639 0.421429 -5.225300 -0.019335 -0.446748 -0.894451 11.903600 0.954494 0.258043 -0.149517 -0.051300 0.000000 0.000000 0.000000 1.000000
0.363816 -0.734750 0.572521 -5.225300 0.011944 -0.610912 -0.791609 11.903600 0.931394 0.294839 -0.213484 -0.051300 0.000000 0.000000 0.000000 1.000000
0.401924 -0.656166 0.638673 -5.225300 0.040844 -0.683948 -0.728386 11.903600 0.914762 0.318842 -0.248095 -0.051300 0.000000 0.000000 0.000000 1.000000
0.419899 -0.643360 0.640135 -5.225300 0.052189 -0.687045 -0.724739 11.903600 0.906069 0.337725 -0.254913 -0.051300 0.000000 0.000000 0.000000 1.000000
0.428949 -0.664862 0.611524 -5.225300 0.050314 -0.658332 -0.751044 11.903600 0.901927 0.352928 -0.248939 -0.051300 0.000000 0.000000 0.000000 1.000000
0.428528 -0.717641 0.548958 -5.225300 0.034293 -0.594215 -0.803575 11.903600 0.902878 0.363179 -0.230028 -0.051300 0.000000 0.000000 0.000000 1.000000
0.419647 -0.781457 0.461759 -5.225300 0.010688 -0.504431 -0.863386 11.903600 0.907625 0.367252 -0.203330 -0.051300 0.000000 0.000000 0.000000 1.000000
0.405367 -0.841557 0.357016 -5.225300 -0.013629 -0.396062 -0.918122 11.903600 0.914052 0.367311 -0.172021 -0.051300 0.000000 0.000000 0.000000 1.000000
0.388219 -0.888158 0.245889 -5.225300 -0.034825 -0.280764 -0.959145 11.903600 0.920909 0.363795 -0.139928 -0.051300 0.000000 0.000000 0.000000 1.000000
0.367706 -0.919019 0.142113 -5.225300 -0.051615 -0.172753 -0.983612 11.903600 0.928509 0.354345 -0.110958 -0.051300 0.000000 0.000000 0.000000 1.000000</float_array>
        <technique_common>
          <accessor source="#mixamorig2_RightShoulder-Matrix-animation-output-transform-array" count="31" stride="16">
            <param type="float4x4"/>
          </accessor>
        </technique_common>
      </source>
      <source id="mixamorig2_RightShoulder-Interpolations">
        <Name_array id="mixamorig2_RightShoulder-Interpolations-array" count="31">
 LINEAR LINEAR LINEAR LINEAR LINEAR LINEAR LINEAR LINEAR LINEAR LINEAR LINEAR
LINEAR LINEAR LINEAR LINEAR LINEAR LINEAR LINEAR LINEAR LINEAR LINEAR LINEAR LINEAR
LINEAR LINEAR LINEAR LINEAR LINEAR LINEAR LINEAR LINEAR</Name_array>
        <technique_common>
          <accessor source="#mixamorig2_RightShoulder-Interpolations-array" count="31">
            <param type="name"/>
          </accessor>
        </technique_common>
      </source>
      <sampler id="mixamorig2_RightShoulder-Matrix-animation-transform">
        <input semantic="INPUT" source="#mixamorig2_RightShoulder-Matrix-animation-input"/>
        <input semantic="OUTPUT" source="#mixamorig2_RightShoulder-Matrix-animation-output-transform"/>
        <input semantic="INTERPOLATION" source="#mixamorig2_RightShoulder-Interpolations"/>
      </sampler>
      <channel source="#mixamorig2_RightShoulder-Matrix-animation-transform" target="mixamorig2_RightShoulder/matrix"/>
    </animation>
    <animation id="mixamorig2_RightArm-anim" name="mixamorig2_RightArm">
      <source id="mixamorig2_RightArm-Matrix-animation-input">
        <float_array id="mixamorig2_RightArm-Matrix-animation-input-array" count="31">

0.000000 0.033333 0.066667 0.100000 0.133333 0.166667 0.200000 0.233333 0.266667 0.300000 0.333333 0.366667 0.400000 0.433333 0.466667 0.500000
0.533333 0.566667 0.600000 0.633333 0.666667 0.700000 0.733333 0.766667 0.800000 0.833333 0.866667 0.900000 0.933333 0.966667 1.000000</float_array>
        <technique_common>
          <accessor source="#mixamorig2_RightArm-Matrix-animation-input-array" count="31">
            <param name="TIME" type="float"/>
          </accessor>
        </technique_common>
      </source>
      <source id="mixamorig2_RightArm-Matrix-animation-output-transform">
        <float_array id="mixamorig2_RightArm-Matrix-animation-output-transform-array" count="496">

0.952335 0.302483 -0.039523 0.000000 -0.303618 0.952420 -0.026704 10.833400 0.029565 0.037431 0.998862 0.000000 0.000000 0.000000 0.000000 1.000000
0.947361 0.311139 0.075494 0.000000 -0.314262 0.948746 0.033486 10.833400 -0.061206 -0.055449 0.996584 0.000000 0.000000 0.000000 0.000000 1.000000
0.934740 0.287808 0.208396 0.000000 -0.314621 0.942945 0.108939 10.833400 -0.165152 -0.167395 0.971959 -0.000000 0.000000 0.000000 0.000000 1.000000
0.917280 0.243448 0.315168 0.000000 -0.305416 0.937917 0.164414 10.833400 -0.255575 -0.247071 0.934686 0.000000 0.000000 0.000000 0.000000 1.000000
0.897623 0.182294 0.401299 0.000000 -0.289378 0.930494 0.224591 10.833400 -0.332465 -0.317725 0.887985 -0.000000 0.000000 0.000000 0.000000 1.000000
0.867808 0.120269 0.482126 -0.000000 -0.280999 0.919004 0.276536 10.833400 -0.409817 -0.375457 0.831314 0.000000 0.000000 0.000000 0.000000 1.000000
0.821924 0.064559 0.565927 0.000000 -0.266526 0.921666 0.281949 10.833400 -0.503393 -0.382575 0.774746 0.000000 0.000000 0.000000 0.000000 1.000000
0.768920 0.043380 0.637871 0.000000 -0.277045 0.921768 0.271275 10.833400 -0.576201 -0.385308 0.720784 0.000000 0.000000 0.000000 0.000000 1.000000
0.740396 0.062594 0.669250 0.000000 -0.300221 0.921619 0.245939 10.833400 -0.601399 -0.383015 0.701155 0.000000 0.000000 0.000000 0.000000 1.000000
0.819050 0.114411 0.562199 0.000000 -0.295024 0.924418 0.241687 10.833400 -0.492055 -0.363816 0.790898 0.000000 0.000000 0.000000 0.000000 1.000000
0.873353 0.218443 0.435358 0.000000 -0.345246 0.908112 0.236934 10.833400 -0.343597 -0.357232 0.868519 -0.000000 0.000000 0.000000 0.000000 1.000000
0.868701 0.324830 0.373958 -0.000000 -0.419165 0.884333 0.205560 10.833400 -0.263931 -0.335320 0.904379 0.000000 0.000000 0.000000 0.000000 1.000000
0.854287 0.359925 0.375032 0.000000 -0.444941 0.879354 0.169601 10.833400 -0.268742 -0.311755 0.911365 -0.000000 0.000000 0.000000 0.000000 1.000000
0.824615 0.374684 0.423818 0.000000 -0.457913 0.882016 0.111191 10.833400 -0.332152 -0.285762 0.898897 0.000000 0.000000 0.000000 0.000000 1.000000
0.754874 0.424315 0.500123 0.000000 -0.510749 0.858685 0.042386 10.833400 -0.411463 -0.287433 0.864916 -0.000000 0.000000 0.000000 0.000000 1.000000
0.644842 0.522469 0.557857 0.000000 -0.613815 0.788904 -0.029334 10.833400 -0.455422 -0.323505 0.829418 -0.000000 0.000000 0.000000 0.000000 1.000000
0.439711 0.565292 0.697924 0.000000 -0.638239 0.743400 -0.200018 10.833400 -0.631906 -0.357492 0.687673 0.000000 0.000000 0.000000 0.000000 1.000000
0.132453 0.499316 0.856236 0.000000 -0.551210 0.755056 -0.355045 10.833400 -0.823786 -0.424939 0.375238 0.000000 0.000000 0.000000 0.000000 1.000000
0.128412 0.498785 0.857160 0.000000 -0.486463 0.784869 -0.383841 10.833400 -0.864213 -0.367687 0.343427 0.000000 0.000000 0.000000 0.000000 1.000000
0.194518 0.495674 0.846446 0.000000 -0.423079 0.820931 -0.383506 10.833400 -0.884967 -0.283515 0.369395 0.000000 0.000000 0.000000 0.000000 1.000000
0.318987 0.499411 0.805503 -0.000000 -0.386984 0.844459 -0.370314 10.833400 -0.865153 -0.193592 0.462636 -0.000000 0.000000 0.000000 0.000000 1.000000
0.515935 0.572323 0.637384 0.000000 -0.383474 0.819652 -0.425580 10.833400 -0.766002 -0.024849 0.642358 0.000000 0.000000 0.000000 0.000000 1.000000
0.686633 0.662512 0.299353 0.000000 -0.469473 0.718465 -0.513228 10.833400 -0.555094 0.211861 0.804354 -0.000000 0.000000 0.000000 0.000000 1.000000
0.712151 0.698487 -0.070407 0.000000 -0.618723 0.577096 -0.533050 10.833400 -0.331697 0.423174 0.843149 0.000000 0.000000 0.000000 0.000000 1.000000
0.631069 0.671809 -0.387846 0.000000 -0.768386 0.472737 -0.431396 10.833400 -0.106466 0.570256 0.814538 0.000000 0.000000 0.000000 0.000000 1.000000
0.326186 0.793785 -0.513331 0.000000 -0.941184 0.222052 -0.254688 10.833400 -0.088182 0.566215 0.819527 0.000000 0.000000 0.000000 0.000000 1.000000
0.188741 0.870866 -0.453838 0.000000 -0.980036 0.137627 -0.143483 10.833400 -0.062494 0.471859 0.879456 0.000000 0.000000 0.000000 0.000000 1.000000
0.159978 0.927877 -0.336826 0.000000 -0.986628 0.139525 -0.084250 10.833400 -0.031178 0.345801 0.937790 0.000000 0.000000 0.000000 0.000000 1.000000
0.093781 0.970007 -0.224260 0.000000 -0.995591 0.090912 -0.023104 10.833400 -0.002023 0.225437 0.974256 0.000000 0.000000 0.000000 0.000000 1.000000
0.072480 0.994269 -0.078584 0.000000 -0.996767 0.074949 0.028936 10.833400 0.034660 0.076233 0.996487 -0.000000 0.000000 0.000000 0.000000 1.000000
0.095875 0.993433 0.062447 0.000000 -0.994197 0.092496 0.054935 10.833400 0.048798 -0.067351 0.996535 0.000000 0.000000 0.000000 0.000000 1.000000</float_array>
        <technique_common>
          <accessor source="#mixamorig2_RightArm-Matrix-animation-output-transform-array" count="31" stride="16">
            <param type="float4x4"/>
          </accessor>
        </technique_common>
      </source>
      <source id="mixamorig2_RightArm-Interpolations">
        <Name_array id="mixamorig2_RightArm-Interpolations-array" count="31">
 LINEAR LINEAR LINEAR LINEAR LINEAR LINEAR LINEAR LINEAR LINEAR LINEAR LINEAR
LINEAR LINEAR LINEAR LINEAR LINEAR LINEAR LINEAR LINEAR LINEAR LINEAR LINEAR LINEAR
LINEAR LINEAR LINEAR LINEAR LINEAR LINEAR LINEAR LINEAR</Name_array>
        <technique_common>
          <accessor source="#mixamorig2_RightArm-Interpolations-array" count="31">
            <param type="name"/>
          </accessor>
        </technique_common>
      </source>
      <sampler id="mixamorig2_RightArm-Matrix-animation-transform">
        <input semantic="INPUT" source="#mixamorig2_RightArm-Matrix-animation-input"/>
        <input semantic="OUTPUT" source="#mixamorig2_RightArm-Matrix-animation-output-transform"/>
        <input semantic="INTERPOLATION" source="#mixamorig2_RightArm-Interpolations"/>
      </sampler>
      <channel source="#mixamorig2_RightArm-Matrix-animation-transform" target="mixamorig2_RightArm/matrix"/>
    </animation>
    <animation id="mixamorig2_RightForeArm-anim" name="mixamorig2_RightForeArm">
      <source id="mixamorig2_RightForeArm-Matrix-animation-input">
        <float_array id="mixamorig2_RightForeArm-Matrix-animation-input-array" count="31">

0.000000 0.033333 0.066667 0.100000 0.133333 0.166667 0.200000 0.233333 0.266667 0.300000 0.333333 0.366667 0.400000 0.433333 0.466667 0.500000
0.533333 0.566667 0.600000 0.633333 0.666667 0.700000 0.733333 0.766667 0.800000 0.833333 0.866667 0.900000 0.933333 0.966667 1.000000</float_array>
        <technique_common>
          <accessor source="#mixamorig2_RightForeArm-Matrix-animation-input-array" count="31">
            <param name="TIME" type="float"/>
          </accessor>
        </technique_common>
      </source>
      <source id="mixamorig2_RightForeArm-Matrix-animation-output-transform">
        <float_array id="mixamorig2_RightForeArm-Matrix-animation-output-transform-array" count="496">

0.693835 0.710325 -0.118456 0.000000 -0.717268 0.696322 -0.025755 25.508900 0.064189 0.102835 0.992625 0.000000 0.000000 0.000000 0.000000 1.000000
0.756469 0.644615 -0.110576 0.000000 -0.650279 0.759384 -0.021751 25.508900 0.069949 0.088359 0.993630 0.000000 0.000000 0.000000 0.000000 1.000000
0.747345 0.658027 -0.092062 0.000000 -0.660397 0.750892 0.006116 25.508900 0.073153 0.056227 0.995734 0.000000 0.000000 0.000000 0.000000 1.000000
0.681242 0.728745 -0.069572 0.000000 -0.727320 0.684564 0.048760 25.508900 0.083160 0.017384 0.996385 0.000000 0.000000 0.000000 0.000000 1.000000
0.630008 0.775802 -0.034947 0.000000 -0.771408 0.630360 0.087037 25.508900 0.089553 -0.027876 0.995592 0.000000 0.000000 0.000000 0.000000 1.000000
0.620041 0.784550 0.005475 0.000000 -0.779777 0.615469 0.114655 25.508900 0.086583 -0.075360 0.993390 0.000000 0.000000 0.000000 0.000000 1.000000
0.561160 0.825525 0.060066 0.000000 -0.823382 0.549348 0.142333 25.508900 0.084502 -0.129329 0.987995 0.000000 0.000000 0.000000 0.000000 1.000000
0.513502 0.848964 0.124802 -0.000000 -0.854674 0.493057 0.162564 25.508900 0.076477 -0.190142 0.978773 0.000000 0.000000 0.000000 0.000000 1.000000
0.477269 0.856159 0.198003 0.000000 -0.876510 0.447702 0.176899 25.508900 0.062807 -0.257980 0.964107 0.000000 0.000000 0.000000 0.000000 1.000000
0.463347 0.832080 0.304882 -0.000000 -0.884877 0.415792 0.210024 25.508900 0.047989 -0.367096 0.928944 0.000000 0.000000 0.000000 0.000000 1.000000
0.452163 0.792767 0.408740 0.000000 -0.891833 0.394902 0.220650 25.508900 0.013512 -0.464298 0.885576 0.000000 0.000000 0.000000 0.000000 1.000000
0.425531 0.768222 0.478287 0.000000 -0.904899 0.366495 0.216424 25.508900 -0.009028 -0.524896 0.851118 0.000000 0.000000 0.000000 0.000000 1.000000
0.377311 0.747685 0.546447 0.000000 -0.925582 0.323933 0.195869 25.508900 -0.030564 -0.579685 0.814267 -0.000000 0.000000 0.000000 0.000000 1.000000
0.221763 0.738292 0.636982 0.000000 -0.973821 0.201142 0.105898 25.508900 -0.049940 -0.643790 0.763571 -0.000000 0.000000 0.000000 0.000000 1.000000
-0.063429 0.712982 0.698307 0.000000 -0.995682 0.002312 -0.092802 25.508900 -0.067781 -0.701178 0.709757 0.000000 0.000000 0.000000 0.000000 1.000000
-0.392020 0.652996 0.648010 0.000000 -0.915798 -0.210101 -0.342304 25.508900 -0.087375 -0.727636 0.680376 -0.000000 0.000000 0.000000 0.000000 1.000000
-0.658766 0.578578 0.480910 0.000000 -0.743584 -0.403426 -0.533226 25.508900 -0.114501 -0.708869 0.695985 0.000000 0.000000 0.000000 0.000000 1.000000
-0.679791 0.540183 0.496071 -0.000000 -0.723583 -0.383659 -0.573788 25.508900 -0.119628 -0.749005 0.651676 -0.000000 0.000000 0.000000 0.000000 1.000000
-0.168953 0.498142 0.850476 -0.000000 -0.983106 -0.023531 -0.181518 25.508900 -0.070409 -0.866776 0.493702 0.000000 0.000000 0.000000 0.000000 1.000000
0.504686 0.485968 0.713532 0.000000 -0.860779 0.346422 0.372895 25.508900 -0.065968 -0.802388 0.593146 0.000000 0.000000 0.000000 0.000000 1.000000
0.931057 0.301461 0.205558 0.000000 -0.361930 0.834455 0.415562 25.508900 -0.046254 -0.461309 0.886033 0.000000 0.000000 0.000000 0.000000 1.000000
0.983600 0.175097 0.043264 0.000000 -0.180077 0.966869 0.180935 25.508900 -0.010150 -0.185758 0.982543 0.000000 0.000000 0.000000 0.000000 1.000000
0.993578 0.087290 -0.071998 0.000000 -0.092679 0.992848 -0.075255 25.508900 0.064914 0.081444 0.994562 0.000000 0.000000 0.000000 0.000000 1.000000
0.985904 0.079376 -0.147286 0.000000 -0.105588 0.978038 -0.179701 25.508900 0.129787 0.192719 0.972633 0.000000 0.000000 0.000000 0.000000 1.000000
0.946864 0.240363 -0.213718 -0.000000 -0.272241 0.952770 -0.134591 25.508900 0.171273 0.185622 0.967579 0.000000 0.000000 0.000000 0.000000 1.000000
0.948825 0.103445 -0.298378 0.000000 -0.143305 0.982985 -0.114910 25.508900 0.281414 0.151789 0.947505 -0.000000 0.000000 0.000000 0.000000 1.000000
0.881393 0.288593 -0.373980 0.000000 -0.309648 0.950843 0.003970 25.508900 0.356742 0.112303 0.927428 0.000000 0.000000 0.000000 0.000000 1.000000
0.731053 0.565924 -0.381172 0.000000 -0.545096 0.820411 0.172614 25.508900 0.410404 0.081585 0.908247 0.000000 0.000000 0.000000 0.000000 1.000000
0.587131 0.725968 -0.358118 0.000000 -0.642034 0.687066 0.340194 25.508900 0.493020 0.030185 0.869494 -0.000000 0.000000 0.000000 0.000000 1.000000
0.440193 0.850736 -0.287192 0.000000 -0.702242 0.525503 0.480314 25.508900 0.559541 -0.009752 0.828745 -0.000000 0.000000 0.000000 0.000000 1.000000
0.299158 0.935005 -0.190448 0.000000 -0.736886 0.353179 0.576424 25.508900 0.606221 -0.032103 0.794648 0.000000 0.000000 0.000000 0.000000 1.000000</float_array>
        <technique_common>
          <accessor source="#mixamorig2_RightForeArm-Matrix-animation-output-transform-array" count="31" stride="16">
            <param type="float4x4"/>
          </accessor>
        </technique_common>
      </source>
      <source id="mixamorig2_RightForeArm-Interpolations">
        <Name_array id="mixamorig2_RightForeArm-Interpolations-array" count="31">
 LINEAR LINEAR LINEAR LINEAR LINEAR LINEAR LINEAR LINEAR LINEAR LINEAR LINEAR
LINEAR LINEAR LINEAR LINEAR LINEAR LINEAR LINEAR LINEAR LINEAR LINEAR LINEAR LINEAR
LINEAR LINEAR LINEAR LINEAR LINEAR LINEAR LINEAR LINEAR</Name_array>
        <technique_common>
          <accessor source="#mixamorig2_RightForeArm-Interpolations-array" count="31">
            <param type="name"/>
          </accessor>
        </technique_common>
      </source>
      <sampler id="mixamorig2_RightForeArm-Matrix-animation-transform">
        <input semantic="INPUT" source="#mixamorig2_RightForeArm-Matrix-animation-input"/>
        <input semantic="OUTPUT" source="#mixamorig2_RightForeArm-Matrix-animation-output-transform"/>
        <input semantic="INTERPOLATION" source="#mixamorig2_RightForeArm-Interpolations"/>
      </sampler>
      <channel source="#mixamorig2_RightForeArm-Matrix-animation-transform" target="mixamorig2_RightForeArm/matrix"/>
    </animation>
    <animation id="mixamorig2_RightHand-anim" name="mixamorig2_RightHand">
      <source id="mixamorig2_RightHand-Matrix-animation-input">
        <float_array id="mixamorig2_RightHand-Matrix-animation-input-array" count="31">

0.000000 0.033333 0.066667 0.100000 0.133333 0.166667 0.200000 0.233333 0.266667 0.300000 0.333333 0.366667 0.400000 0.433333 0.466667 0.500000
0.533333 0.566667 0.600000 0.633333 0.666667 0.700000 0.733333 0.766667 0.800000 0.833333 0.866667 0.900000 0.933333 0.966667 1.000000</float_array>
        <technique_common>
          <accessor source="#mixamorig2_RightHand-Matrix-animation-input-array" count="31">
            <param name="TIME" type="float"/>
          </accessor>
        </technique_common>
      </source>
      <source id="mixamorig2_RightHand-Matrix-animation-output-transform">
        <float_array id="mixamorig2_RightHand-Matrix-animation-output-transform-array" count="496">

0.960183 0.197890 0.197201 -0.000000 -0.229460 0.961278 0.152617 24.507200 -0.159364 -0.191790 0.968411 0.000000 0.000000 0.000000 0.000000 1.000000
0.953650 0.206086 0.219272 0.000000 -0.236893 0.963496 0.124731 24.507200 -0.185562 -0.170894 0.967658 0.000000 0.000000 0.000000 0.000000 1.000000
0.949074 0.175990 0.261318 -0.000000 -0.210606 0.971275 0.110767 24.507200 -0.234317 -0.160161 0.958876 0.000000 0.000000 0.000000 0.000000 1.000000
0.945428 0.091312 0.312775 0.000000 -0.140723 0.980215 0.139197 24.507200 -0.293876 -0.175615 0.939572 -0.000000 0.000000 0.000000 0.000000 1.000000
0.931458 0.010323 0.363702 0.000000 -0.079642 0.981142 0.176119 24.507200 -0.355026 -0.193013 0.914715 0.000000 0.000000 0.000000 0.000000 1.000000
0.908098 -0.050368 0.415718 -0.000000 -0.038056 0.978706 0.201710 24.507200 -0.417026 -0.198993 0.886843 0.000000 0.000000 0.000000 0.000000 1.000000
0.873553 -0.153380 0.461930 -0.000000 0.047041 0.971212 0.233524 24.507200 -0.484450 -0.182266 0.855621 0.000000 0.000000 0.000000 0.000000 1.000000
0.828731 -0.255445 0.497949 -0.000000 0.105948 0.945275 0.308593 24.507200 -0.549527 -0.202984 0.810443 -0.000000 0.000000 0.000000 0.000000 1.000000
0.775188 -0.356383 0.521608 -0.000000 0.149064 0.905554 0.397179 24.507200 -0.613892 -0.230136 0.755099 0.000000 0.000000 0.000000 0.000000 1.000000
0.721383 -0.397354 0.567200 0.000000 0.172026 0.896163 0.409023 24.507200 -0.670830 -0.197489 0.714832 0.000000 0.000000 0.000000 0.000000 1.000000
0.698889 -0.436164 0.566846 -0.000000 0.199891 0.880069 0.430722 24.507200 -0.686729 -0.187719 0.702257 0.000000 0.000000 0.000000 0.000000 1.000000
0.707565 -0.429872 0.560858 0.000000 0.121769 0.855987 0.502453 24.507200 -0.696077 -0.287223 0.658012 0.000000 0.000000 0.000000 0.000000 1.000000
0.753316 -0.306780 0.581723 -0.000000 -0.036356 0.863757 0.502595 24.507200 -0.656653 -0.399762 0.639529 -0.000000 0.000000 0.000000 0.000000 1.000000
0.830947 -0.139759 0.538512 -0.000000 -0.139127 0.884981 0.444356 24.507200 -0.538675 -0.444158 0.715928 0.000000 0.000000 0.000000 0.000000 1.000000
0.944558 -0.032503 0.326732 0.000000 -0.095417 0.924973 0.367860 24.507200 -0.314175 -0.378641 0.870589 0.000000 0.000000 0.000000 0.000000 1.000000
0.996929 -0.039035 -0.067892 -0.000000 0.058606 0.946896 0.316154 24.507200 0.051946 -0.319162 0.946275 -0.000000 0.000000 0.000000 0.000000 1.000000
0.912861 0.036167 -0.406666 0.000000 0.125080 0.923397 0.362896 24.507200 0.388639 -0.382140 0.838409 -0.000000 0.000000 0.000000 0.000000 1.000000
0.949109 0.122684 -0.290070 -0.000000 -0.003676 0.925262 0.379310 24.507200 0.314926 -0.358940 0.878626 0.000000 0.000000 0.000000 0.000000 1.000000
0.929410 0.142051 0.340614 0.000000 -0.192121 0.974261 0.117917 24.507200 -0.315097 -0.175033 0.932779 -0.000000 0.000000 0.000000 0.000000 1.000000
0.582503 -0.007324 0.812796 0.000000 0.058197 0.997769 -0.032717 24.507200 -0.810743 0.066361 0.581629 0.000000 0.000000 0.000000 0.000000 1.000000
0.276796 -0.319544 0.906242 0.000000 0.477895 0.863967 0.158673 24.507200 -0.833666 0.389169 0.391851 0.000000 0.000000 0.000000 0.000000 1.000000
0.127578 -0.507041 0.852428 0.000000 0.642520 0.696979 0.318415 24.507200 -0.755574 0.507079 0.414703 0.000000 0.000000 0.000000 0.000000 1.000000
0.144350 -0.469867 0.870855 -0.000000 0.542840 0.773425 0.327320 24.507200 -0.827338 0.425486 0.366707 -0.000000 0.000000 0.000000 0.000000 1.000000
0.203528 -0.393368 0.896570 0.000000 0.494869 0.831482 0.252472 24.507200 -0.844796 0.392300 0.363896 -0.000000 0.000000 0.000000 0.000000 1.000000
0.240672 -0.392971 0.887497 0.000000 0.553121 0.806901 0.207288 24.507200 -0.797580 0.441005 0.411559 0.000000 0.000000 0.000000 0.000000 1.000000
0.371513 -0.268314 0.888812 0.000000 0.506917 0.860661 0.047931 24.507200 -0.777826 0.432746 0.455759 -0.000000 0.000000 0.000000 0.000000 1.000000
0.474413 -0.260798 0.840783 0.000000 0.463711 0.885889 0.013139 24.507200 -0.748267 0.383647 0.541212 0.000000 0.000000 0.000000 0.000000 1.000000
0.544896 -0.312682 0.778022 0.000000 0.520051 0.853875 -0.021056 24.507200 -0.657750 0.416085 0.627884 0.000000 0.000000 0.000000 0.000000 1.000000
0.635798 -0.303792 0.709557 0.000000 0.475699 0.878171 -0.050267 24.507200 -0.607842 0.369495 0.702852 -0.000000 0.000000 0.000000 0.000000 1.000000
0.713667 -0.293316 0.636117 0.000000 0.408961 0.911743 -0.038410 24.507200 -0.568709 0.287559 0.770636 0.000000 0.000000 0.000000 0.000000 1.000000
0.752705 -0.324929 0.572587 -0.000000 0.390291 0.920644 0.009379 24.507200 -0.530197 0.216416 0.819790 0.000000 0.000000 0.000000 0.000000 1.000000</float_array>
        <technique_common>
          <accessor source="#mixamorig2_RightHand-Matrix-animation-output-transform-array" count="31" stride="16">
            <param type="float4x4"/>
          </accessor>
        </technique_common>
      </source>
      <source id="mixamorig2_RightHand-Interpolations">
        <Name_array id="mixamorig2_RightHand-Interpolations-array" count="31">
 LINEAR LINEAR LINEAR LINEAR LINEAR LINEAR LINEAR LINEAR LINEAR LINEAR LINEAR
LINEAR LINEAR LINEAR LINEAR LINEAR LINEAR LINEAR LINEAR LINEAR LINEAR LINEAR LINEAR
LINEAR LINEAR LINEAR LINEAR LINEAR LINEAR LINEAR LINEAR</Name_array>
        <technique_common>
          <accessor source="#mixamorig2_RightHand-Interpolations-array" count="31">
            <param type="name"/>
          </accessor>
        </technique_common>
      </source>
      <sampler id="mixamorig2_RightHand-Matrix-animation-transform">
        <input semantic="INPUT" source="#mixamorig2_RightHand-Matrix-animation-input"/>
        <input semantic="OUTPUT" source="#mixamorig2_RightHand-Matrix-animation-output-transform"/>
        <input semantic="INTERPOLATION" source="#mixamorig2_RightHand-Interpolations"/>
      </sampler>
      <channel source="#mixamorig2_RightHand-Matrix-animation-transform" target="mixamorig2_RightHand/matrix"/>
    </animation>
    <animation id="mixamorig2_RightHandThumb1-anim" name="mixamorig2_RightHandThumb1">
      <source id="mixamorig2_RightHandThumb1-Matrix-animation-input">
        <float_array id="mixamorig2_RightHandThumb1-Matrix-animation-input-array" count="31">

0.000000 0.033333 0.066667 0.100000 0.133333 0.166667 0.200000 0.233333 0.266667 0.300000 0.333333 0.366667 0.400000 0.433333 0.466667 0.500000
0.533333 0.566667 0.600000 0.633333 0.666667 0.700000 0.733333 0.766667 0.800000 0.833333 0.866667 0.900000 0.933333 0.966667 1.000000</float_array>
        <technique_common>
          <accessor source="#mixamorig2_RightHandThumb1-Matrix-animation-input-array" count="31">
            <param name="TIME" type="float"/>
          </accessor>
        </technique_common>
      </source>
      <source id="mixamorig2_RightHandThumb1-Matrix-animation-output-transform">
        <float_array id="mixamorig2_RightHandThumb1-Matrix-animation-output-transform-array" count="496">

0.907648 0.086103 -0.410805 2.719800 -0.388710 0.541703 -0.745294 2.723600 0.158362 0.836149 0.525145 1.186400 0.000000 0.000000 0.000000 1.000000
0.907648 0.086103 -0.410805 2.719800 -0.388711 0.541702 -0.745294 2.723600 0.158362 0.836149 0.525145 1.186400 0.000000 0.000000 0.000000 1.000000
0.907649 0.086103 -0.410805 2.719800 -0.388710 0.541702 -0.745294 2.723600 0.158362 0.836149 0.525145 1.186400 0.000000 0.000000 0.000000 1.000000
0.907649 0.086103 -0.410804 2.719800 -0.388710 0.541703 -0.745294 2.723600 0.158362 0.836149 0.525145 1.186400 0.000000 0.000000 0.000000 1.000000
0.907649 0.086103 -0.410804 2.719800 -0.388710 0.541703 -0.745294 2.723600 0.158362 0.836149 0.525145 1.186400 0.000000 0.000000 0.000000 1.000000
0.907649 0.086103 -0.410804 2.719800 -0.388710 0.541703 -0.745294 2.723600 0.158361 0.836149 0.525145 1.186400 0.000000 0.000000 0.000000 1.000000
0.907649 0.086103 -0.410805 2.719800 -0.388710 0.541703 -0.745294 2.723600 0.158362 0.836149 0.525145 1.186400 0.000000 0.000000 0.000000 1.000000
0.907649 0.086103 -0.410804 2.719800 -0.388710 0.541702 -0.745294 2.723600 0.158361 0.836149 0.525145 1.186400 0.000000 0.000000 0.000000 1.000000
0.907649 0.086103 -0.410805 2.719800 -0.388710 0.541702 -0.745294 2.723600 0.158362 0.836149 0.525145 1.186400 0.000000 0.000000 0.000000 1.000000
0.907649 0.086103 -0.410804 2.719800 -0.388710 0.541702 -0.745294 2.723600 0.158361 0.836149 0.525145 1.186400 0.000000 0.000000 0.000000 1.000000
0.907649 0.086103 -0.410804 2.719800 -0.388710 0.541702 -0.745294 2.723600 0.158362 0.836149 0.525145 1.186400 0.000000 0.000000 0.000000 1.000000
0.907649 0.086103 -0.410804 2.719800 -0.388710 0.541702 -0.745294 2.723600 0.158361 0.836149 0.525145 1.186400 0.000000 0.000000 0.000000 1.000000
0.907649 0.086103 -0.410805 2.719800 -0.388710 0.541703 -0.745294 2.723600 0.158362 0.836149 0.525145 1.186400 0.000000 0.000000 0.000000 1.000000
0.907649 0.086103 -0.410804 2.719800 -0.388710 0.541703 -0.745293 2.723600 0.158362 0.836148 0.525145 1.186400 0.000000 0.000000 0.000000 1.000000
0.907649 0.086103 -0.410804 2.719800 -0.388710 0.541702 -0.745294 2.723600 0.158362 0.836149 0.525145 1.186400 0.000000 0.000000 0.000000 1.000000
0.907649 0.086103 -0.410804 2.719800 -0.388710 0.541703 -0.745294 2.723600 0.158361 0.836149 0.525145 1.186400 0.000000 0.000000 0.000000 1.000000
0.907649 0.086103 -0.410804 2.719800 -0.388710 0.541702 -0.745294 2.723600 0.158361 0.836149 0.525145 1.186400 0.000000 0.000000 0.000000 1.000000
0.907649 0.086103 -0.410804 2.719800 -0.388710 0.541702 -0.745294 2.723600 0.158361 0.836149 0.525145 1.186400 0.000000 0.000000 0.000000 1.000000
0.907649 0.086103 -0.410804 2.719800 -0.388710 0.541703 -0.745294 2.723600 0.158361 0.836149 0.525145 1.186400 0.000000 0.000000 0.000000 1.000000
0.907649 0.086103 -0.410804 2.719800 -0.388710 0.541703 -0.745294 2.723600 0.158362 0.836149 0.525145 1.186400 0.000000 0.000000 0.000000 1.000000
0.907649 0.086103 -0.410805 2.719800 -0.388710 0.541702 -0.745294 2.723600 0.158362 0.836149 0.525145 1.186400 0.000000 0.000000 0.000000 1.000000
0.907649 0.086103 -0.410805 2.719800 -0.388710 0.541703 -0.745294 2.723600 0.158362 0.836149 0.525145 1.186400 0.000000 0.000000 0.000000 1.000000
0.907648 0.086103 -0.410805 2.719800 -0.388710 0.541702 -0.745294 2.723600 0.158362 0.836149 0.525145 1.186400 0.000000 0.000000 0.000000 1.000000
0.907649 0.086103 -0.410805 2.719800 -0.388710 0.541702 -0.745294 2.723600 0.158361 0.836149 0.525145 1.186400 0.000000 0.000000 0.000000 1.000000
0.907649 0.086103 -0.410805 2.719800 -0.388710 0.541703 -0.745294 2.723600 0.158362 0.836149 0.525145 1.186400 0.000000 0.000000 0.000000 1.000000
0.907649 0.086103 -0.410805 2.719800 -0.388710 0.541703 -0.745294 2.723600 0.158362 0.836149 0.525145 1.186400 0.000000 0.000000 0.000000 1.000000
0.907648 0.086103 -0.410805 2.719800 -0.388710 0.541703 -0.745294 2.723600 0.158362 0.836149 0.525145 1.186400 0.000000 0.000000 0.000000 1.000000
0.907649 0.086103 -0.410804 2.719800 -0.388710 0.541703 -0.745294 2.723600 0.158362 0.836149 0.525145 1.186400 0.000000 0.000000 0.000000 1.000000
0.907649 0.086103 -0.410804 2.719800 -0.388710 0.541703 -0.745294 2.723600 0.158362 0.836149 0.525145 1.186400 0.000000 0.000000 0.000000 1.000000
0.907649 0.086103 -0.410805 2.719800 -0.388710 0.541703 -0.745294 2.723600 0.158362 0.836149 0.525145 1.186400 0.000000 0.000000 0.000000 1.000000
0.907649 0.086103 -0.410804 2.719800 -0.388710 0.541702 -0.745294 2.723600 0.158362 0.836149 0.525145 1.186400 0.000000 0.000000 0.000000 1.000000</float_array>
        <technique_common>
          <accessor source="#mixamorig2_RightHandThumb1-Matrix-animation-output-transform-array" count="31" stride="16">
            <param type="float4x4"/>
          </accessor>
        </technique_common>
      </source>
      <source id="mixamorig2_RightHandThumb1-Interpolations">
        <Name_array id="mixamorig2_RightHandThumb1-Interpolations-array" count="31">
 LINEAR LINEAR LINEAR LINEAR LINEAR LINEAR LINEAR LINEAR LINEAR LINEAR LINEAR
LINEAR LINEAR LINEAR LINEAR LINEAR LINEAR LINEAR LINEAR LINEAR LINEAR LINEAR LINEAR
LINEAR LINEAR LINEAR LINEAR LINEAR LINEAR LINEAR LINEAR</Name_array>
        <technique_common>
          <accessor source="#mixamorig2_RightHandThumb1-Interpolations-array" count="31">
            <param type="name"/>
          </accessor>
        </technique_common>
      </source>
      <sampler id="mixamorig2_RightHandThumb1-Matrix-animation-transform">
        <input semantic="INPUT" source="#mixamorig2_RightHandThumb1-Matrix-animation-input"/>
        <input semantic="OUTPUT" source="#mixamorig2_RightHandThumb1-Matrix-animation-output-transform"/>
        <input semantic="INTERPOLATION" source="#mixamorig2_RightHandThumb1-Interpolations"/>
      </sampler>
      <channel source="#mixamorig2_RightHandThumb1-Matrix-animation-transform" target="mixamorig2_RightHandThumb1/matrix"/>
    </animation>
    <animation id="mixamorig2_RightHandThumb2-anim" name="mixamorig2_RightHandThumb2">
      <source id="mixamorig2_RightHandThumb2-Matrix-animation-input">
        <float_array id="mixamorig2_RightHandThumb2-Matrix-animation-input-array" count="31">

0.000000 0.033333 0.066667 0.100000 0.133333 0.166667 0.200000 0.233333 0.266667 0.300000 0.333333 0.366667 0.400000 0.433333 0.466667 0.500000
0.533333 0.566667 0.600000 0.633333 0.666667 0.700000 0.733333 0.766667 0.800000 0.833333 0.866667 0.900000 0.933333 0.966667 1.000000</float_array>
        <technique_common>
          <accessor source="#mixamorig2_RightHandThumb2-Matrix-animation-input-array" count="31">
            <param name="TIME" type="float"/>
          </accessor>
        </technique_common>
      </source>
      <source id="mixamorig2_RightHandThumb2-Matrix-animation-output-transform">
        <float_array id="mixamorig2_RightHandThumb2-Matrix-animation-output-transform-array" count="496">

0.846721 -0.431714 0.310945 0.556900 0.359143 0.894982 0.264619 3.173700 -0.392530 -0.112384 0.912847 0.000000 0.000000 0.000000 0.000000 1.000000
0.846721 -0.431714 0.310946 0.556900 0.359143 0.894982 0.264619 3.173700 -0.392530 -0.112384 0.912847 0.000000 0.000000 0.000000 0.000000 1.000000
0.846721 -0.431714 0.310945 0.556900 0.359144 0.894982 0.264619 3.173700 -0.392530 -0.112384 0.912847 -0.000000 0.000000 0.000000 0.000000 1.000000
0.846721 -0.431714 0.310945 0.556900 0.359144 0.894982 0.264619 3.173700 -0.392530 -0.112384 0.912847 0.000000 0.000000 0.000000 0.000000 1.000000
0.846721 -0.431714 0.310945 0.556900 0.359144 0.894982 0.264619 3.173700 -0.392530 -0.112384 0.912847 0.000000 0.000000 0.000000 0.000000 1.000000
0.846721 -0.431714 0.310945 0.556900 0.359144 0.894982 0.264619 3.173700 -0.392530 -0.112384 0.912847 0.000000 0.000000 0.000000 0.000000 1.000000
0.846721 -0.431714 0.310945 0.556900 0.359143 0.894982 0.264619 3.173700 -0.392530 -0.112384 0.912847 0.000000 0.000000 0.000000 0.000000 1.000000
0.846721 -0.431714 0.310945 0.556900 0.359144 0.894982 0.264619 3.173700 -0.392530 -0.112384 0.912847 -0.000000 0.000000 0.000000 0.000000 1.000000
0.846721 -0.431714 0.310946 0.556900 0.359144 0.894982 0.264618 3.173700 -0.392530 -0.112384 0.912847 0.000000 0.000000 0.000000 0.000000 1.000000
0.846721 -0.431714 0.310945 0.556900 0.359143 0.894982 0.264619 3.173700 -0.392530 -0.112384 0.912847 0.000000 0.000000 0.000000 0.000000 1.000000
0.846721 -0.431714 0.310945 0.556900 0.359143 0.894982 0.264619 3.173700 -0.392530 -0.112384 0.912847 -0.000000 0.000000 0.000000 0.000000 1.000000
0.846721 -0.431714 0.310945 0.556900 0.359143 0.894982 0.264619 3.173700 -0.392530 -0.112384 0.912847 0.000000 0.000000 0.000000 0.000000 1.000000
0.846721 -0.431714 0.310945 0.556900 0.359144 0.894982 0.264619 3.173700 -0.392530 -0.112384 0.912847 0.000000 0.000000 0.000000 0.000000 1.000000
0.846721 -0.431714 0.310946 0.556900 0.359143 0.894982 0.264618 3.173700 -0.392530 -0.112384 0.912847 -0.000000 0.000000 0.000000 0.000000 1.000000
0.846721 -0.431714 0.310945 0.556900 0.359144 0.894982 0.264619 3.173700 -0.392530 -0.112384 0.912847 0.000000 0.000000 0.000000 0.000000 1.000000
0.846721 -0.431714 0.310945 0.556900 0.359144 0.894982 0.264619 3.173700 -0.392530 -0.112384 0.912847 0.000000 0.000000 0.000000 0.000000 1.000000
0.846721 -0.431714 0.310945 0.556900 0.359144 0.894982 0.264619 3.173700 -0.392530 -0.112384 0.912847 0.000000 0.000000 0.000000 0.000000 1.000000
0.846721 -0.431714 0.310945 0.556900 0.359144 0.894982 0.264619 3.173700 -0.392530 -0.112384 0.912847 -0.000000 0.000000 0.000000 0.000000 1.000000
0.846721 -0.431714 0.310945 0.556900 0.359144 0.894982 0.264619 3.173700 -0.392530 -0.112384 0.912847 0.000000 0.000000 0.000000 0.000000 1.000000
0.846721 -0.431714 0.310945 0.556900 0.359144 0.894982 0.264619 3.173700 -0.392530 -0.112384 0.912847 -0.000000 0.000000 0.000000 0.000000 1.000000
0.846721 -0.431714 0.310945 0.556900 0.359144 0.894982 0.264619 3.173700 -0.392530 -0.112384 0.912847 0.000000 0.000000 0.000000 0.000000 1.000000
0.846721 -0.431714 0.310945 0.556900 0.359143 0.894982 0.264619 3.173700 -0.392530 -0.112384 0.912847 -0.000000 0.000000 0.000000 0.000000 1.000000
0.846721 -0.431714 0.310946 0.556900 0.359144 0.894982 0.264619 3.173700 -0.392530 -0.112384 0.912847 -0.000000 0.000000 0.000000 0.000000 1.000000
0.846721 -0.431714 0.310946 0.556900 0.359143 0.894982 0.264619 3.173700 -0.392530 -0.112384 0.912847 0.000000 0.000000 0.000000 0.000000 1.000000
0.846721 -0.431714 0.310945 0.556900 0.359143 0.894982 0.264619 3.173700 -0.392530 -0.112384 0.912847 0.000000 0.000000 0.000000 0.000000 1.000000
0.846721 -0.431714 0.310945 0.556900 0.359144 0.894982 0.264619 3.173700 -0.392530 -0.112384 0.912847 0.000000 0.000000 0.000000 0.000000 1.000000
0.846721 -0.431714 0.310946 0.556900 0.359143 0.894982 0.264619 3.173700 -0.392530 -0.112384 0.912847 0.000000 0.000000 0.000000 0.000000 1.000000
0.846721 -0.431714 0.310945 0.556900 0.359143 0.894982 0.264619 3.173700 -0.392530 -0.112384 0.912847 0.000000 0.000000 0.000000 0.000000 1.000000
0.846721 -0.431714 0.310945 0.556900 0.359144 0.894982 0.264618 3.173700 -0.392530 -0.112384 0.912847 -0.000000 0.000000 0.000000 0.000000 1.000000
0.846721 -0.431714 0.310945 0.556900 0.359144 0.894982 0.264619 3.173700 -0.392530 -0.112384 0.912847 0.000000 0.000000 0.000000 0.000000 1.000000
0.846721 -0.431714 0.310945 0.556900 0.359144 0.894982 0.264619 3.173700 -0.392530 -0.112384 0.912847 -0.000000 0.000000 0.000000 0.000000 1.000000</float_array>
        <technique_common>
          <accessor source="#mixamorig2_RightHandThumb2-Matrix-animation-output-transform-array" count="31" stride="16">
            <param type="float4x4"/>
          </accessor>
        </technique_common>
      </source>
      <source id="mixamorig2_RightHandThumb2-Interpolations">
        <Name_array id="mixamorig2_RightHandThumb2-Interpolations-array" count="31">
 LINEAR LINEAR LINEAR LINEAR LINEAR LINEAR LINEAR LINEAR LINEAR LINEAR LINEAR
LINEAR LINEAR LINEAR LINEAR LINEAR LINEAR LINEAR LINEAR LINEAR LINEAR LINEAR LINEAR
LINEAR LINEAR LINEAR LINEAR LINEAR LINEAR LINEAR LINEAR</Name_array>
        <technique_common>
          <accessor source="#mixamorig2_RightHandThumb2-Interpolations-array" count="31">
            <param type="name"/>
          </accessor>
        </technique_common>
      </source>
      <sampler id="mixamorig2_RightHandThumb2-Matrix-animation-transform">
        <input semantic="INPUT" source="#mixamorig2_RightHandThumb2-Matrix-animation-input"/>
        <input semantic="OUTPUT" source="#mixamorig2_RightHandThumb2-Matrix-animation-output-transform"/>
        <input semantic="INTERPOLATION" source="#mixamorig2_RightHandThumb2-Interpolations"/>
      </sampler>
      <channel source="#mixamorig2_RightHandThumb2-Matrix-animation-transform" target="mixamorig2_RightHandThumb2/matrix"/>
    </animation>
    <animation id="mixamorig2_RightHandThumb3-anim" name="mixamorig2_RightHandThumb3">
      <source id="mixamorig2_RightHandThumb3-Matrix-animation-input">
        <float_array id="mixamorig2_RightHandThumb3-Matrix-animation-input-array" count="31">

0.000000 0.033333 0.066667 0.100000 0.133333 0.166667 0.200000 0.233333 0.266667 0.300000 0.333333 0.366667 0.400000 0.433333 0.466667 0.500000
0.533333 0.566667 0.600000 0.633333 0.666667 0.700000 0.733333 0.766667 0.800000 0.833333 0.866667 0.900000 0.933333 0.966667 1.000000</float_array>
        <technique_common>
          <accessor source="#mixamorig2_RightHandThumb3-Matrix-animation-input-array" count="31">
            <param name="TIME" type="float"/>
          </accessor>
        </technique_common>
      </source>
      <source id="mixamorig2_RightHandThumb3-Matrix-animation-output-transform">
        <float_array id="mixamorig2_RightHandThumb3-Matrix-animation-output-transform-array" count="496">

0.820784 -0.570962 -0.017789 -0.206500 0.563549 0.804248 0.188675 3.249300 -0.093420 -0.164886 0.981878 0.000000 0.000000 0.000000 0.000000 1.000000
0.820784 -0.570962 -0.017789 -0.206500 0.563549 0.804248 0.188675 3.249300 -0.093419 -0.164886 0.981878 0.000000 0.000000 0.000000 0.000000 1.000000
0.820784 -0.570962 -0.017789 -0.206500 0.563549 0.804248 0.188675 3.249300 -0.093419 -0.164887 0.981878 -0.000000 0.000000 0.000000 0.000000 1.000000
0.820784 -0.570962 -0.017789 -0.206500 0.563549 0.804248 0.188675 3.249300 -0.093419 -0.164886 0.981878 0.000000 0.000000 0.000000 0.000000 1.000000
0.820784 -0.570962 -0.017789 -0.206500 0.563548 0.804248 0.188675 3.249300 -0.093419 -0.164887 0.981878 0.000000 0.000000 0.000000 0.000000 1.000000
0.820784 -0.570962 -0.017789 -0.206500 0.563549 0.804248 0.188675 3.249300 -0.093419 -0.164886 0.981878 -0.000000 0.000000 0.000000 0.000000 1.000000
0.820784 -0.570962 -0.017789 -0.206500 0.563548 0.804248 0.188675 3.249300 -0.093419 -0.164887 0.981878 -0.000000 0.000000 0.000000 0.000000 1.000000
0.820784 -0.570962 -0.017789 -0.206500 0.563548 0.804248 0.188675 3.249300 -0.093419 -0.164887 0.981878 0.000000 0.000000 0.000000 0.000000 1.000000
0.820784 -0.570962 -0.017789 -0.206500 0.563548 0.804248 0.188675 3.249300 -0.093419 -0.164886 0.981878 0.000000 0.000000 0.000000 0.000000 1.000000
0.820784 -0.570962 -0.017789 -0.206500 0.563548 0.804248 0.188675 3.249300 -0.093419 -0.164887 0.981878 0.000000 0.000000 0.000000 0.000000 1.000000
0.820784 -0.570962 -0.017789 -0.206500 0.563549 0.804248 0.188675 3.249300 -0.093419 -0.164886 0.981878 0.000000 0.000000 0.000000 0.000000 1.000000
0.820784 -0.570962 -0.017789 -0.206500 0.563548 0.804248 0.188675 3.249300 -0.093419 -0.164886 0.981878 0.000000 0.000000 0.000000 0.000000 1.000000
0.820784 -0.570962 -0.017790 -0.206500 0.563549 0.804248 0.188675 3.249300 -0.093419 -0.164887 0.981878 0.000000 0.000000 0.000000 0.000000 1.000000
0.820784 -0.570962 -0.017789 -0.206500 0.563549 0.804248 0.188675 3.249300 -0.093419 -0.164887 0.981878 -0.000000 0.000000 0.000000 0.000000 1.000000
0.820784 -0.570962 -0.017789 -0.206500 0.563549 0.804248 0.188675 3.249300 -0.093419 -0.164886 0.981878 0.000000 0.000000 0.000000 0.000000 1.000000
0.820784 -0.570962 -0.017789 -0.206500 0.563548 0.804248 0.188675 3.249300 -0.093419 -0.164886 0.981878 0.000000 0.000000 0.000000 0.000000 1.000000
0.820784 -0.570962 -0.017789 -0.206500 0.563548 0.804248 0.188675 3.249300 -0.093419 -0.164886 0.981878 0.000000 0.000000 0.000000 0.000000 1.000000
0.820784 -0.570962 -0.017789 -0.206500 0.563548 0.804248 0.188675 3.249300 -0.093419 -0.164886 0.981878 -0.000000 0.000000 0.000000 0.000000 1.000000
0.820784 -0.570962 -0.017790 -0.206500 0.563549 0.804248 0.188675 3.249300 -0.093419 -0.164887 0.981878 -0.000000 0.000000 0.000000 0.000000 1.000000
0.820784 -0.570962 -0.017789 -0.206500 0.563548 0.804248 0.188675 3.249300 -0.093420 -0.164886 0.981878 0.000000 0.000000 0.000000 0.000000 1.000000
0.820784 -0.570962 -0.017789 -0.206500 0.563548 0.804248 0.188675 3.249300 -0.093419 -0.164886 0.981879 -0.000000 0.000000 0.000000 0.000000 1.000000
0.820784 -0.570962 -0.017789 -0.206500 0.563549 0.804248 0.188675 3.249300 -0.093419 -0.164887 0.981878 0.000000 0.000000 0.000000 0.000000 1.000000
0.820784 -0.570962 -0.017789 -0.206500 0.563548 0.804248 0.188675 3.249300 -0.093419 -0.164886 0.981878 0.000000 0.000000 0.000000 0.000000 1.000000
0.820784 -0.570962 -0.017789 -0.206500 0.563549 0.804248 0.188675 3.249300 -0.093419 -0.164886 0.981879 -0.000000 0.000000 0.000000 0.000000 1.000000
0.820784 -0.570962 -0.017789 -0.206500 0.563549 0.804248 0.188675 3.249300 -0.093419 -0.164887 0.981878 0.000000 0.000000 0.000000 0.000000 1.000000
0.820784 -0.570962 -0.017789 -0.206500 0.563548 0.804248 0.188675 3.249300 -0.093419 -0.164886 0.981878 0.000000 0.000000 0.000000 0.000000 1.000000
0.820784 -0.570962 -0.017789 -0.206500 0.563549 0.804248 0.188675 3.249300 -0.093419 -0.164886 0.981878 0.000000 0.000000 0.000000 0.000000 1.000000
0.820784 -0.570962 -0.017789 -0.206500 0.563549 0.804248 0.188675 3.249300 -0.093419 -0.164886 0.981878 0.000000 0.000000 0.000000 0.000000 1.000000
0.820784 -0.570962 -0.017789 -0.206500 0.563548 0.804248 0.188675 3.249300 -0.093420 -0.164887 0.981878 0.000000 0.000000 0.000000 0.000000 1.000000
0.820784 -0.570962 -0.017789 -0.206500 0.563549 0.804248 0.188675 3.249300 -0.093419 -0.164886 0.981878 0.000000 0.000000 0.000000 0.000000 1.000000
0.820784 -0.570962 -0.017789 -0.206500 0.563549 0.804248 0.188675 3.249300 -0.093419 -0.164886 0.981878 -0.000000 0.000000 0.000000 0.000000 1.000000</float_array>
        <technique_common>
          <accessor source="#mixamorig2_RightHandThumb3-Matrix-animation-output-transform-array" count="31" stride="16">
            <param type="float4x4"/>
          </accessor>
        </technique_common>
      </source>
      <source id="mixamorig2_RightHandThumb3-Interpolations">
        <Name_array id="mixamorig2_RightHandThumb3-Interpolations-array" count="31">
 LINEAR LINEAR LINEAR LINEAR LINEAR LINEAR LINEAR LINEAR LINEAR LINEAR LINEAR
LINEAR LINEAR LINEAR LINEAR LINEAR LINEAR LINEAR LINEAR LINEAR LINEAR LINEAR LINEAR
LINEAR LINEAR LINEAR LINEAR LINEAR LINEAR LINEAR LINEAR</Name_array>
        <technique_common>
          <accessor source="#mixamorig2_RightHandThumb3-Interpolations-array" count="31">
            <param type="name"/>
          </accessor>
        </technique_common>
      </source>
      <sampler id="mixamorig2_RightHandThumb3-Matrix-animation-transform">
        <input semantic="INPUT" source="#mixamorig2_RightHandThumb3-Matrix-animation-input"/>
        <input semantic="OUTPUT" source="#mixamorig2_RightHandThumb3-Matrix-animation-output-transform"/>
        <input semantic="INTERPOLATION" source="#mixamorig2_RightHandThumb3-Interpolations"/>
      </sampler>
      <channel source="#mixamorig2_RightHandThumb3-Matrix-animation-transform" target="mixamorig2_RightHandThumb3/matrix"/>
    </animation>
    <animation id="mixamorig2_RightHandIndex1-anim" name="mixamorig2_RightHandIndex1">
      <source id="mixamorig2_RightHandIndex1-Matrix-animation-input">
        <float_array id="mixamorig2_RightHandIndex1-Matrix-animation-input-array" count="31">

0.000000 0.033333 0.066667 0.100000 0.133333 0.166667 0.200000 0.233333 0.266667 0.300000 0.333333 0.366667 0.400000 0.433333 0.466667 0.500000
0.533333 0.566667 0.600000 0.633333 0.666667 0.700000 0.733333 0.766667 0.800000 0.833333 0.866667 0.900000 0.933333 0.966667 1.000000</float_array>
        <technique_common>
          <accessor source="#mixamorig2_RightHandIndex1-Matrix-animation-input-array" count="31">
            <param name="TIME" type="float"/>
          </accessor>
        </technique_common>
      </source>
      <source id="mixamorig2_RightHandIndex1-Matrix-animation-output-transform">
        <float_array id="mixamorig2_RightHandIndex1-Matrix-animation-output-transform-array" count="496">

0.995809 -0.071755 -0.056708 3.283900 -0.024585 0.387202 -0.921667 9.167900 0.088092 0.919199 0.383815 0.012000 0.000000 0.000000 0.000000 1.000000
0.995809 -0.071755 -0.056708 3.283900 -0.024585 0.387201 -0.921667 9.167900 0.088092 0.919199 0.383814 0.012000 0.000000 0.000000 0.000000 1.000000
0.995809 -0.071755 -0.056708 3.283900 -0.024586 0.387202 -0.921667 9.167900 0.088092 0.919199 0.383815 0.012000 0.000000 0.000000 0.000000 1.000000
0.995809 -0.071755 -0.056708 3.283900 -0.024585 0.387201 -0.921667 9.167900 0.088092 0.919199 0.383814 0.012000 0.000000 0.000000 0.000000 1.000000
0.995809 -0.071755 -0.056708 3.283900 -0.024585 0.387201 -0.921667 9.167900 0.088092 0.919199 0.383814 0.012000 0.000000 0.000000 0.000000 1.000000
0.995809 -0.071755 -0.056708 3.283900 -0.024585 0.387201 -0.921667 9.167900 0.088092 0.919199 0.383815 0.012000 0.000000 0.000000 0.000000 1.000000
0.995809 -0.071755 -0.056708 3.283900 -0.024585 0.387202 -0.921667 9.167900 0.088092 0.919199 0.383815 0.012000 0.000000 0.000000 0.000000 1.000000
0.995809 -0.071755 -0.056708 3.283900 -0.024585 0.387202 -0.921667 9.167900 0.088092 0.919199 0.383815 0.012000 0.000000 0.000000 0.000000 1.000000
0.995809 -0.071755 -0.056708 3.283900 -0.024585 0.387201 -0.921667 9.167900 0.088092 0.919199 0.383814 0.012000 0.000000 0.000000 0.000000 1.000000
0.995809 -0.071755 -0.056708 3.283900 -0.024585 0.387201 -0.921667 9.167900 0.088092 0.919199 0.383814 0.012000 0.000000 0.000000 0.000000 1.000000
0.995809 -0.071755 -0.056708 3.283900 -0.024585 0.387201 -0.921667 9.167900 0.088092 0.919199 0.383815 0.012000 0.000000 0.000000 0.000000 1.000000
0.995809 -0.071755 -0.056708 3.283900 -0.024585 0.387202 -0.921667 9.167900 0.088092 0.919199 0.383815 0.012000 0.000000 0.000000 0.000000 1.000000
0.995809 -0.071756 -0.056708 3.283900 -0.024585 0.387202 -0.921667 9.167900 0.088092 0.919199 0.383815 0.012000 0.000000 0.000000 0.000000 1.000000
0.995809 -0.071755 -0.056708 3.283900 -0.024585 0.387202 -0.921667 9.167900 0.088092 0.919199 0.383815 0.012000 0.000000 0.000000 0.000000 1.000000
0.995809 -0.071755 -0.056708 3.283900 -0.024585 0.387201 -0.921667 9.167900 0.088092 0.919199 0.383814 0.012000 0.000000 0.000000 0.000000 1.000000
0.995809 -0.071755 -0.056708 3.283900 -0.024585 0.387201 -0.921667 9.167900 0.088092 0.919199 0.383814 0.012000 0.000000 0.000000 0.000000 1.000000
0.995809 -0.071755 -0.056708 3.283900 -0.024585 0.387201 -0.921667 9.167900 0.088092 0.919199 0.383814 0.012000 0.000000 0.000000 0.000000 1.000000
0.995809 -0.071755 -0.056708 3.283900 -0.024585 0.387201 -0.921667 9.167900 0.088092 0.919199 0.383814 0.012000 0.000000 0.000000 0.000000 1.000000
0.995809 -0.071755 -0.056708 3.283900 -0.024585 0.387201 -0.921667 9.167900 0.088092 0.919199 0.383814 0.012000 0.000000 0.000000 0.000000 1.000000
0.995809 -0.071755 -0.056708 3.283900 -0.024585 0.387201 -0.921667 9.167900 0.088092 0.919199 0.383814 0.012000 0.000000 0.000000 0.000000 1.000000
0.995809 -0.071755 -0.056708 3.283900 -0.024585 0.387202 -0.921667 9.167900 0.088092 0.919199 0.383815 0.012000 0.000000 0.000000 0.000000 1.000000
0.995809 -0.071755 -0.056708 3.283900 -0.024585 0.387201 -0.921667 9.167900 0.088092 0.919199 0.383814 0.012000 0.000000 0.000000 0.000000 1.000000
0.995809 -0.071755 -0.056708 3.283900 -0.024585 0.387201 -0.921667 9.167900 0.088092 0.919199 0.383814 0.012000 0.000000 0.000000 0.000000 1.000000
0.995809 -0.071755 -0.056708 3.283900 -0.024585 0.387201 -0.921667 9.167900 0.088092 0.919199 0.383814 0.012000 0.000000 0.000000 0.000000 1.000000
0.995809 -0.071755 -0.056708 3.283900 -0.024585 0.387201 -0.921667 9.167900 0.088092 0.919199 0.383815 0.012000 0.000000 0.000000 0.000000 1.000000
0.995809 -0.071755 -0.056708 3.283900 -0.024585 0.387202 -0.921667 9.167900 0.088092 0.919199 0.383815 0.012000 0.000000 0.000000 0.000000 1.000000
0.995809 -0.071755 -0.056708 3.283900 -0.024585 0.387202 -0.921667 9.167900 0.088092 0.919199 0.383815 0.012000 0.000000 0.000000 0.000000 1.000000
0.995809 -0.071755 -0.056708 3.283900 -0.024585 0.387201 -0.921667 9.167900 0.088092 0.919199 0.383814 0.012000 0.000000 0.000000 0.000000 1.000000
0.995809 -0.071755 -0.056708 3.283900 -0.024585 0.387201 -0.921667 9.167900 0.088092 0.919199 0.383814 0.012000 0.000000 0.000000 0.000000 1.000000
0.995809 -0.071755 -0.056708 3.283900 -0.024585 0.387201 -0.921667 9.167900 0.088092 0.919199 0.383814 0.012000 0.000000 0.000000 0.000000 1.000000
0.995809 -0.071755 -0.056708 3.283900 -0.024585 0.387201 -0.921667 9.167900 0.088092 0.919199 0.383814 0.012000 0.000000 0.000000 0.000000 1.000000</float_array>
        <technique_common>
          <accessor source="#mixamorig2_RightHandIndex1-Matrix-animation-output-transform-array" count="31" stride="16">
            <param type="float4x4"/>
          </accessor>
        </technique_common>
      </source>
      <source id="mixamorig2_RightHandIndex1-Interpolations">
        <Name_array id="mixamorig2_RightHandIndex1-Interpolations-array" count="31">
 LINEAR LINEAR LINEAR LINEAR LINEAR LINEAR LINEAR LINEAR LINEAR LINEAR LINEAR
LINEAR LINEAR LINEAR LINEAR LINEAR LINEAR LINEAR LINEAR LINEAR LINEAR LINEAR LINEAR
LINEAR LINEAR LINEAR LINEAR LINEAR LINEAR LINEAR LINEAR</Name_array>
        <technique_common>
          <accessor source="#mixamorig2_RightHandIndex1-Interpolations-array" count="31">
            <param type="name"/>
          </accessor>
        </technique_common>
      </source>
      <sampler id="mixamorig2_RightHandIndex1-Matrix-animation-transform">
        <input semantic="INPUT" source="#mixamorig2_RightHandIndex1-Matrix-animation-input"/>
        <input semantic="OUTPUT" source="#mixamorig2_RightHandIndex1-Matrix-animation-output-transform"/>
        <input semantic="INTERPOLATION" source="#mixamorig2_RightHandIndex1-Interpolations"/>
      </sampler>
      <channel source="#mixamorig2_RightHandIndex1-Matrix-animation-transform" target="mixamorig2_RightHandIndex1/matrix"/>
    </animation>
    <animation id="mixamorig2_RightHandIndex2-anim" name="mixamorig2_RightHandIndex2">
      <source id="mixamorig2_RightHandIndex2-Matrix-animation-input">
        <float_array id="mixamorig2_RightHandIndex2-Matrix-animation-input-array" count="31">

0.000000 0.033333 0.066667 0.100000 0.133333 0.166667 0.200000 0.233333 0.266667 0.300000 0.333333 0.366667 0.400000 0.433333 0.466667 0.500000
0.533333 0.566667 0.600000 0.633333 0.666667 0.700000 0.733333 0.766667 0.800000 0.833333 0.866667 0.900000 0.933333 0.966667 1.000000</float_array>
        <technique_common>
          <accessor source="#mixamorig2_RightHandIndex2-Matrix-animation-input-array" count="31">
            <param name="TIME" type="float"/>
          </accessor>
        </technique_common>
      </source>
      <source id="mixamorig2_RightHandIndex2-Matrix-animation-output-transform">
        <float_array id="mixamorig2_RightHandIndex2-Matrix-animation-output-transform-array" count="496">

0.996836 0.030455 -0.073417 -0.001300 -0.079466 0.362356 -0.928646 3.042900 -0.001679 0.931542 0.363630 0.000000 0.000000 0.000000 0.000000 1.000000
0.996836 0.030455 -0.073417 -0.001300 -0.079466 0.362356 -0.928646 3.042900 -0.001679 0.931542 0.363630 0.000000 0.000000 0.000000 0.000000 1.000000
0.996836 0.030456 -0.073417 -0.001300 -0.079465 0.362356 -0.928646 3.042900 -0.001679 0.931542 0.363629 0.000000 0.000000 0.000000 0.000000 1.000000
0.996836 0.030455 -0.073417 -0.001300 -0.079466 0.362356 -0.928646 3.042900 -0.001679 0.931542 0.363630 0.000000 0.000000 0.000000 0.000000 1.000000
0.996836 0.030455 -0.073417 -0.001300 -0.079465 0.362356 -0.928646 3.042900 -0.001679 0.931542 0.363630 0.000000 0.000000 0.000000 0.000000 1.000000
0.996836 0.030455 -0.073417 -0.001300 -0.079466 0.362356 -0.928646 3.042900 -0.001679 0.931542 0.363630 0.000000 0.000000 0.000000 0.000000 1.000000
0.996836 0.030455 -0.073417 -0.001300 -0.079466 0.362356 -0.928646 3.042900 -0.001679 0.931542 0.363630 0.000000 0.000000 0.000000 0.000000 1.000000
0.996836 0.030455 -0.073417 -0.001300 -0.079466 0.362356 -0.928646 3.042900 -0.001679 0.931542 0.363630 -0.000000 0.000000 0.000000 0.000000 1.000000
0.996836 0.030455 -0.073417 -0.001300 -0.079465 0.362356 -0.928646 3.042900 -0.001679 0.931542 0.363630 0.000000 0.000000 0.000000 0.000000 1.000000
0.996836 0.030455 -0.073417 -0.001300 -0.079466 0.362356 -0.928646 3.042900 -0.001679 0.931542 0.363629 0.000000 0.000000 0.000000 0.000000 1.000000
0.996836 0.030455 -0.073417 -0.001300 -0.079466 0.362356 -0.928646 3.042900 -0.001679 0.931542 0.363630 0.000000 0.000000 0.000000 0.000000 1.000000
0.996836 0.030455 -0.073417 -0.001300 -0.079466 0.362356 -0.928646 3.042900 -0.001679 0.931542 0.363630 -0.000000 0.000000 0.000000 0.000000 1.000000
0.996836 0.030455 -0.073417 -0.001300 -0.079466 0.362356 -0.928646 3.042900 -0.001679 0.931542 0.363629 0.000000 0.000000 0.000000 0.000000 1.000000
0.996836 0.030455 -0.073417 -0.001300 -0.079466 0.362356 -0.928646 3.042900 -0.001679 0.931542 0.363630 0.000000 0.000000 0.000000 0.000000 1.000000
0.996836 0.030456 -0.073417 -0.001300 -0.079466 0.362356 -0.928646 3.042900 -0.001679 0.931542 0.363630 0.000000 0.000000 0.000000 0.000000 1.000000
0.996836 0.030455 -0.073417 -0.001300 -0.079466 0.362356 -0.928646 3.042900 -0.001679 0.931542 0.363630 0.000000 0.000000 0.000000 0.000000 1.000000
0.996836 0.030455 -0.073417 -0.001300 -0.079466 0.362356 -0.928646 3.042900 -0.001679 0.931542 0.363630 -0.000000 0.000000 0.000000 0.000000 1.000000
0.996836 0.030455 -0.073417 -0.001300 -0.079465 0.362356 -0.928646 3.042900 -0.001679 0.931542 0.363630 -0.000000 0.000000 0.000000 0.000000 1.000000
0.996836 0.030455 -0.073417 -0.001300 -0.079466 0.362356 -0.928646 3.042900 -0.001679 0.931542 0.363630 -0.000000 0.000000 0.000000 0.000000 1.000000
0.996836 0.030455 -0.073417 -0.001300 -0.079466 0.362356 -0.928646 3.042900 -0.001679 0.931542 0.363629 0.000000 0.000000 0.000000 0.000000 1.000000
0.996836 0.030455 -0.073417 -0.001300 -0.079466 0.362356 -0.928646 3.042900 -0.001679 0.931542 0.363630 0.000000 0.000000 0.000000 0.000000 1.000000
0.996836 0.030455 -0.073417 -0.001300 -0.079466 0.362356 -0.928646 3.042900 -0.001679 0.931542 0.363629 0.000000 0.000000 0.000000 0.000000 1.000000
0.996836 0.030455 -0.073417 -0.001300 -0.079466 0.362356 -0.928646 3.042900 -0.001679 0.931542 0.363630 0.000000 0.000000 0.000000 0.000000 1.000000
0.996836 0.030455 -0.073417 -0.001300 -0.079466 0.362356 -0.928646 3.042900 -0.001679 0.931542 0.363630 0.000000 0.000000 0.000000 0.000000 1.000000
0.996836 0.030455 -0.073417 -0.001300 -0.079466 0.362356 -0.928646 3.042900 -0.001679 0.931542 0.363630 0.000000 0.000000 0.000000 0.000000 1.000000
0.996836 0.030455 -0.073417 -0.001300 -0.079466 0.362356 -0.928646 3.042900 -0.001679 0.931542 0.363629 0.000000 0.000000 0.000000 0.000000 1.000000
0.996836 0.030455 -0.073417 -0.001300 -0.079465 0.362356 -0.928646 3.042900 -0.001679 0.931542 0.363630 0.000000 0.000000 0.000000 0.000000 1.000000
0.996836 0.030455 -0.073417 -0.001300 -0.079466 0.362356 -0.928646 3.042900 -0.001679 0.931542 0.363630 0.000000 0.000000 0.000000 0.000000 1.000000
0.996836 0.030455 -0.073417 -0.001300 -0.079465 0.362356 -0.928646 3.042900 -0.001679 0.931542 0.363630 0.000000 0.000000 0.000000 0.000000 1.000000
0.996836 0.030455 -0.073417 -0.001300 -0.079466 0.362356 -0.928646 3.042900 -0.001679 0.931542 0.363630 0.000000 0.000000 0.000000 0.000000 1.000000
0.996836 0.030455 -0.073417 -0.001300 -0.079466 0.362356 -0.928646 3.042900 -0.001679 0.931542 0.363630 -0.000000 0.000000 0.000000 0.000000 1.000000</float_array>
        <technique_common>
          <accessor source="#mixamorig2_RightHandIndex2-Matrix-animation-output-transform-array" count="31" stride="16">
            <param type="float4x4"/>
          </accessor>
        </technique_common>
      </source>
      <source id="mixamorig2_RightHandIndex2-Interpolations">
        <Name_array id="mixamorig2_RightHandIndex2-Interpolations-array" count="31">
 LINEAR LINEAR LINEAR LINEAR LINEAR LINEAR LINEAR LINEAR LINEAR LINEAR LINEAR
LINEAR LINEAR LINEAR LINEAR LINEAR LINEAR LINEAR LINEAR LINEAR LINEAR LINEAR LINEAR
LINEAR LINEAR LINEAR LINEAR LINEAR LINEAR LINEAR LINEAR</Name_array>
        <technique_common>
          <accessor source="#mixamorig2_RightHandIndex2-Interpolations-array" count="31">
            <param type="name"/>
          </accessor>
        </technique_common>
      </source>
      <sampler id="mixamorig2_RightHandIndex2-Matrix-animation-transform">
        <input semantic="INPUT" source="#mixamorig2_RightHandIndex2-Matrix-animation-input"/>
        <input semantic="OUTPUT" source="#mixamorig2_RightHandIndex2-Matrix-animation-output-transform"/>
        <input semantic="INTERPOLATION" source="#mixamorig2_RightHandIndex2-Interpolations"/>
      </sampler>
      <channel source="#mixamorig2_RightHandIndex2-Matrix-animation-transform" target="mixamorig2_RightHandIndex2/matrix"/>
    </animation>
    <animation id="mixamorig2_RightHandIndex3-anim" name="mixamorig2_RightHandIndex3">
      <source id="mixamorig2_RightHandIndex3-Matrix-animation-input">
        <float_array id="mixamorig2_RightHandIndex3-Matrix-animation-input-array" count="31">

0.000000 0.033333 0.066667 0.100000 0.133333 0.166667 0.200000 0.233333 0.266667 0.300000 0.333333 0.366667 0.400000 0.433333 0.466667 0.500000
0.533333 0.566667 0.600000 0.633333 0.666667 0.700000 0.733333 0.766667 0.800000 0.833333 0.866667 0.900000 0.933333 0.966667 1.000000</float_array>
        <technique_common>
          <accessor source="#mixamorig2_RightHandIndex3-Matrix-animation-input-array" count="31">
            <param name="TIME" type="float"/>
          </accessor>
        </technique_common>
      </source>
      <source id="mixamorig2_RightHandIndex3-Matrix-animation-output-transform">
        <float_array id="mixamorig2_RightHandIndex3-Matrix-animation-output-transform-array" count="496">

0.999544 -0.017505 0.024600 0.001900 0.030134 0.628927 -0.776880 2.864700 -0.001872 0.777267 0.629168 0.000000 0.000000 0.000000 0.000000 1.000000
0.999544 -0.017505 0.024600 0.001900 0.030134 0.628927 -0.776880 2.864700 -0.001872 0.777267 0.629168 0.000000 0.000000 0.000000 0.000000 1.000000
0.999544 -0.017506 0.024600 0.001900 0.030135 0.628927 -0.776880 2.864700 -0.001871 0.777267 0.629168 -0.000000 0.000000 0.000000 0.000000 1.000000
0.999544 -0.017506 0.024599 0.001900 0.030134 0.628927 -0.776880 2.864700 -0.001871 0.777267 0.629168 0.000000 0.000000 0.000000 0.000000 1.000000
0.999544 -0.017506 0.024599 0.001900 0.030134 0.628927 -0.776880 2.864700 -0.001872 0.777267 0.629168 0.000000 0.000000 0.000000 0.000000 1.000000
0.999544 -0.017505 0.024600 0.001900 0.030134 0.628927 -0.776880 2.864700 -0.001872 0.777267 0.629168 0.000000 0.000000 0.000000 0.000000 1.000000
0.999544 -0.017505 0.024599 0.001900 0.030134 0.628927 -0.776880 2.864700 -0.001872 0.777267 0.629168 0.000000 0.000000 0.000000 0.000000 1.000000
0.999544 -0.017505 0.024599 0.001900 0.030134 0.628927 -0.776880 2.864700 -0.001872 0.777267 0.629168 0.000000 0.000000 0.000000 0.000000 1.000000
0.999544 -0.017506 0.024599 0.001900 0.030134 0.628927 -0.776880 2.864700 -0.001872 0.777267 0.629168 0.000000 0.000000 0.000000 0.000000 1.000000
0.999544 -0.017506 0.024599 0.001900 0.030134 0.628927 -0.776880 2.864700 -0.001871 0.777267 0.629168 0.000000 0.000000 0.000000 0.000000 1.000000
0.999544 -0.017506 0.024600 0.001900 0.030134 0.628927 -0.776880 2.864700 -0.001872 0.777267 0.629168 -0.000000 0.000000 0.000000 0.000000 1.000000
0.999544 -0.017505 0.024600 0.001900 0.030134 0.628927 -0.776880 2.864700 -0.001872 0.777267 0.629168 0.000000 0.000000 0.000000 0.000000 1.000000
0.999544 -0.017505 0.024599 0.001900 0.030134 0.628927 -0.776880 2.864700 -0.001872 0.777267 0.629168 0.000000 0.000000 0.000000 0.000000 1.000000
0.999544 -0.017506 0.024600 0.001900 0.030135 0.628927 -0.776880 2.864700 -0.001871 0.777267 0.629168 0.000000 0.000000 0.000000 0.000000 1.000000
0.999544 -0.017506 0.024599 0.001900 0.030134 0.628927 -0.776880 2.864700 -0.001871 0.777267 0.629168 -0.000000 0.000000 0.000000 0.000000 1.000000
0.999544 -0.017506 0.024600 0.001900 0.030134 0.628927 -0.776880 2.864700 -0.001872 0.777267 0.629168 -0.000000 0.000000 0.000000 0.000000 1.000000
0.999544 -0.017506 0.024599 0.001900 0.030134 0.628927 -0.776880 2.864700 -0.001872 0.777267 0.629168 -0.000000 0.000000 0.000000 0.000000 1.000000
0.999544 -0.017506 0.024599 0.001900 0.030134 0.628927 -0.776880 2.864700 -0.001871 0.777267 0.629168 0.000000 0.000000 0.000000 0.000000 1.000000
0.999544 -0.017505 0.024600 0.001900 0.030134 0.628927 -0.776880 2.864700 -0.001872 0.777267 0.629168 0.000000 0.000000 0.000000 0.000000 1.000000
0.999544 -0.017506 0.024600 0.001900 0.030134 0.628927 -0.776880 2.864700 -0.001872 0.777267 0.629168 0.000000 0.000000 0.000000 0.000000 1.000000
0.999544 -0.017505 0.024600 0.001900 0.030134 0.628927 -0.776880 2.864700 -0.001872 0.777267 0.629168 0.000000 0.000000 0.000000 0.000000 1.000000
0.999544 -0.017505 0.024600 0.001900 0.030134 0.628927 -0.776880 2.864700 -0.001872 0.777267 0.629168 -0.000000 0.000000 0.000000 0.000000 1.000000
0.999544 -0.017505 0.024600 0.001900 0.030134 0.628927 -0.776880 2.864700 -0.001872 0.777267 0.629168 0.000000 0.000000 0.000000 0.000000 1.000000
0.999544 -0.017506 0.024600 0.001900 0.030135 0.628927 -0.776880 2.864700 -0.001872 0.777267 0.629168 0.000000 0.000000 0.000000 0.000000 1.000000
0.999544 -0.017506 0.024599 0.001900 0.030134 0.628927 -0.776880 2.864700 -0.001871 0.777267 0.629168 0.000000 0.000000 0.000000 0.000000 1.000000
0.999544 -0.017506 0.024600 0.001900 0.030134 0.628927 -0.776880 2.864700 -0.001872 0.777267 0.629168 -0.000000 0.000000 0.000000 0.000000 1.000000
0.999544 -0.017506 0.024599 0.001900 0.030134 0.628927 -0.776880 2.864700 -0.001871 0.777267 0.629168 0.000000 0.000000 0.000000 0.000000 1.000000
0.999544 -0.017506 0.024599 0.001900 0.030134 0.628927 -0.776880 2.864700 -0.001871 0.777267 0.629168 0.000000 0.000000 0.000000 0.000000 1.000000
0.999544 -0.017506 0.024599 0.001900 0.030134 0.628927 -0.776880 2.864700 -0.001871 0.777267 0.629168 0.000000 0.000000 0.000000 0.000000 1.000000
0.999544 -0.017506 0.024599 0.001900 0.030134 0.628927 -0.776880 2.864700 -0.001871 0.777267 0.629168 0.000000 0.000000 0.000000 0.000000 1.000000
0.999544 -0.017506 0.024600 0.001900 0.030134 0.628927 -0.776880 2.864700 -0.001872 0.777267 0.629168 0.000000 0.000000 0.000000 0.000000 1.000000</float_array>
        <technique_common>
          <accessor source="#mixamorig2_RightHandIndex3-Matrix-animation-output-transform-array" count="31" stride="16">
            <param type="float4x4"/>
          </accessor>
        </technique_common>
      </source>
      <source id="mixamorig2_RightHandIndex3-Interpolations">
        <Name_array id="mixamorig2_RightHandIndex3-Interpolations-array" count="31">
 LINEAR LINEAR LINEAR LINEAR LINEAR LINEAR LINEAR LINEAR LINEAR LINEAR LINEAR
LINEAR LINEAR LINEAR LINEAR LINEAR LINEAR LINEAR LINEAR LINEAR LINEAR LINEAR LINEAR
LINEAR LINEAR LINEAR LINEAR LINEAR LINEAR LINEAR LINEAR</Name_array>
        <technique_common>
          <accessor source="#mixamorig2_RightHandIndex3-Interpolations-array" count="31">
            <param type="name"/>
          </accessor>
        </technique_common>
      </source>
      <sampler id="mixamorig2_RightHandIndex3-Matrix-animation-transform">
        <input semantic="INPUT" source="#mixamorig2_RightHandIndex3-Matrix-animation-input"/>
        <input semantic="OUTPUT" source="#mixamorig2_RightHandIndex3-Matrix-animation-output-transform"/>
        <input semantic="INTERPOLATION" source="#mixamorig2_RightHandIndex3-Interpolations"/>
      </sampler>
      <channel source="#mixamorig2_RightHandIndex3-Matrix-animation-transform" target="mixamorig2_RightHandIndex3/matrix"/>
    </animation>
    <animation id="mixamorig2_RightHandMiddle1-anim" name="mixamorig2_RightHandMiddle1">
      <source id="mixamorig2_RightHandMiddle1-Matrix-animation-input">
        <float_array id="mixamorig2_RightHandMiddle1-Matrix-animation-input-array" count="31">

0.000000 0.033333 0.066667 0.100000 0.133333 0.166667 0.200000 0.233333 0.266667 0.300000 0.333333 0.366667 0.400000 0.433333 0.466667 0.500000
0.533333 0.566667 0.600000 0.633333 0.666667 0.700000 0.733333 0.766667 0.800000 0.833333 0.866667 0.900000 0.933333 0.966667 1.000000</float_array>
        <technique_common>
          <accessor source="#mixamorig2_RightHandMiddle1-Matrix-animation-input-array" count="31">
            <param name="TIME" type="float"/>
          </accessor>
        </technique_common>
      </source>
      <source id="mixamorig2_RightHandMiddle1-Matrix-animation-output-transform">
        <float_array id="mixamorig2_RightHandMiddle1-Matrix-animation-output-transform-array" count="496">

0.999481 0.013711 -0.029147 0.954700 -0.032021 0.324873 -0.945216 8.974800 -0.003491 0.945658 0.325143 0.024900 0.000000 0.000000 0.000000 1.000000
0.999481 0.013711 -0.029146 0.954700 -0.032021 0.324872 -0.945216 8.974800 -0.003491 0.945659 0.325142 0.024900 0.000000 0.000000 0.000000 1.000000
0.999481 0.013711 -0.029147 0.954700 -0.032021 0.324873 -0.945216 8.974800 -0.003491 0.945658 0.325143 0.024900 0.000000 0.000000 0.000000 1.000000
0.999481 0.013711 -0.029146 0.954700 -0.032021 0.324872 -0.945216 8.974800 -0.003491 0.945658 0.325143 0.024900 0.000000 0.000000 0.000000 1.000000
0.999481 0.013711 -0.029146 0.954700 -0.032020 0.324872 -0.945216 8.974800 -0.003491 0.945659 0.325143 0.024900 0.000000 0.000000 0.000000 1.000000
0.999481 0.013711 -0.029146 0.954700 -0.032020 0.324872 -0.945216 8.974800 -0.003491 0.945659 0.325142 0.024900 0.000000 0.000000 0.000000 1.000000
0.999481 0.013711 -0.029146 0.954700 -0.032021 0.324872 -0.945216 8.974800 -0.003491 0.945658 0.325143 0.024900 0.000000 0.000000 0.000000 1.000000
0.999481 0.013711 -0.029146 0.954700 -0.032020 0.324872 -0.945216 8.974800 -0.003491 0.945659 0.325143 0.024900 0.000000 0.000000 0.000000 1.000000
0.999481 0.013711 -0.029146 0.954700 -0.032020 0.324872 -0.945216 8.974800 -0.003491 0.945659 0.325142 0.024900 0.000000 0.000000 0.000000 1.000000
0.999481 0.013711 -0.029146 0.954700 -0.032021 0.324872 -0.945216 8.974800 -0.003491 0.945659 0.325143 0.024900 0.000000 0.000000 0.000000 1.000000
0.999481 0.013711 -0.029146 0.954700 -0.032020 0.324872 -0.945216 8.974800 -0.003491 0.945659 0.325143 0.024900 0.000000 0.000000 0.000000 1.000000
0.999481 0.013711 -0.029146 0.954700 -0.032021 0.324872 -0.945216 8.974800 -0.003491 0.945659 0.325143 0.024900 0.000000 0.000000 0.000000 1.000000
0.999481 0.013711 -0.029146 0.954700 -0.032021 0.324872 -0.945216 8.974800 -0.003491 0.945659 0.325143 0.024900 0.000000 0.000000 0.000000 1.000000
0.999481 0.013711 -0.029146 0.954700 -0.032021 0.324872 -0.945216 8.974800 -0.003491 0.945659 0.325142 0.024900 0.000000 0.000000 0.000000 1.000000
0.999481 0.013711 -0.029146 0.954700 -0.032020 0.324873 -0.945216 8.974800 -0.003491 0.945658 0.325143 0.024900 0.000000 0.000000 0.000000 1.000000
0.999481 0.013711 -0.029146 0.954700 -0.032020 0.324872 -0.945216 8.974800 -0.003491 0.945659 0.325143 0.024900 0.000000 0.000000 0.000000 1.000000
0.999481 0.013711 -0.029146 0.954700 -0.032021 0.324872 -0.945216 8.974800 -0.003491 0.945659 0.325143 0.024900 0.000000 0.000000 0.000000 1.000000
0.999481 0.013711 -0.029146 0.954700 -0.032020 0.324872 -0.945216 8.974800 -0.003491 0.945659 0.325142 0.024900 0.000000 0.000000 0.000000 1.000000
0.999481 0.013711 -0.029146 0.954700 -0.032021 0.324872 -0.945216 8.974800 -0.003491 0.945659 0.325142 0.024900 0.000000 0.000000 0.000000 1.000000
0.999481 0.013711 -0.029146 0.954700 -0.032020 0.324872 -0.945216 8.974800 -0.003491 0.945659 0.325142 0.024900 0.000000 0.000000 0.000000 1.000000
0.999481 0.013711 -0.029146 0.954700 -0.032021 0.324872 -0.945216 8.974800 -0.003491 0.945659 0.325143 0.024900 0.000000 0.000000 0.000000 1.000000
0.999481 0.013711 -0.029146 0.954700 -0.032020 0.324872 -0.945216 8.974800 -0.003491 0.945659 0.325143 0.024900 0.000000 0.000000 0.000000 1.000000
0.999481 0.013711 -0.029147 0.954700 -0.032021 0.324872 -0.945216 8.974800 -0.003491 0.945659 0.325143 0.024900 0.000000 0.000000 0.000000 1.000000
0.999481 0.013711 -0.029146 0.954700 -0.032020 0.324872 -0.945216 8.974800 -0.003491 0.945659 0.325142 0.024900 0.000000 0.000000 0.000000 1.000000
0.999481 0.013711 -0.029146 0.954700 -0.032021 0.324872 -0.945216 8.974800 -0.003491 0.945659 0.325143 0.024900 0.000000 0.000000 0.000000 1.000000
0.999481 0.013711 -0.029146 0.954700 -0.032021 0.324872 -0.945216 8.974800 -0.003491 0.945659 0.325143 0.024900 0.000000 0.000000 0.000000 1.000000
0.999481 0.013711 -0.029146 0.954700 -0.032021 0.324872 -0.945216 8.974800 -0.003491 0.945659 0.325143 0.024900 0.000000 0.000000 0.000000 1.000000
0.999481 0.013711 -0.029147 0.954700 -0.032021 0.324872 -0.945216 8.974800 -0.003491 0.945659 0.325143 0.024900 0.000000 0.000000 0.000000 1.000000
0.999481 0.013711 -0.029146 0.954700 -0.032020 0.324872 -0.945216 8.974800 -0.003491 0.945659 0.325143 0.024900 0.000000 0.000000 0.000000 1.000000
0.999481 0.013711 -0.029146 0.954700 -0.032020 0.324872 -0.945216 8.974800 -0.003491 0.945659 0.325143 0.024900 0.000000 0.000000 0.000000 1.000000
0.999481 0.013711 -0.029146 0.954700 -0.032020 0.324872 -0.945216 8.974800 -0.003491 0.945659 0.325142 0.024900 0.000000 0.000000 0.000000 1.000000</float_array>
        <technique_common>
          <accessor source="#mixamorig2_RightHandMiddle1-Matrix-animation-output-transform-array" count="31" stride="16">
            <param type="float4x4"/>
          </accessor>
        </technique_common>
      </source>
      <source id="mixamorig2_RightHandMiddle1-Interpolations">
        <Name_array id="mixamorig2_RightHandMiddle1-Interpolations-array" count="31">
 LINEAR LINEAR LINEAR LINEAR LINEAR LINEAR LINEAR LINEAR LINEAR LINEAR LINEAR
LINEAR LINEAR LINEAR LINEAR LINEAR LINEAR LINEAR LINEAR LINEAR LINEAR LINEAR LINEAR
LINEAR LINEAR LINEAR LINEAR LINEAR LINEAR LINEAR LINEAR</Name_array>
        <technique_common>
          <accessor source="#mixamorig2_RightHandMiddle1-Interpolations-array" count="31">
            <param type="name"/>
          </accessor>
        </technique_common>
      </source>
      <sampler id="mixamorig2_RightHandMiddle1-Matrix-animation-transform">
        <input semantic="INPUT" source="#mixamorig2_RightHandMiddle1-Matrix-animation-input"/>
        <input semantic="OUTPUT" source="#mixamorig2_RightHandMiddle1-Matrix-animation-output-transform"/>
        <input semantic="INTERPOLATION" source="#mixamorig2_RightHandMiddle1-Interpolations"/>
      </sampler>
      <channel source="#mixamorig2_RightHandMiddle1-Matrix-animation-transform" target="mixamorig2_RightHandMiddle1/matrix"/>
    </animation>
    <animation id="mixamorig2_RightHandMiddle2-anim" name="mixamorig2_RightHandMiddle2">
      <source id="mixamorig2_RightHandMiddle2-Matrix-animation-input">
        <float_array id="mixamorig2_RightHandMiddle2-Matrix-animation-input-array" count="31">

0.000000 0.033333 0.066667 0.100000 0.133333 0.166667 0.200000 0.233333 0.266667 0.300000 0.333333 0.366667 0.400000 0.433333 0.466667 0.500000
0.533333 0.566667 0.600000 0.633333 0.666667 0.700000 0.733333 0.766667 0.800000 0.833333 0.866667 0.900000 0.933333 0.966667 1.000000</float_array>
        <technique_common>
          <accessor source="#mixamorig2_RightHandMiddle2-Matrix-animation-input-array" count="31">
            <param name="TIME" type="float"/>
          </accessor>
        </technique_common>
      </source>
      <source id="mixamorig2_RightHandMiddle2-Matrix-animation-output-transform">
        <float_array id="mixamorig2_RightHandMiddle2-Matrix-animation-output-transform-array" count="496">

0.995356 0.022873 -0.093501 0.002400 -0.095743 0.134904 -0.986222 3.196400 -0.009944 0.990595 0.136467 0.000000 0.000000 0.000000 0.000000 1.000000
0.995356 0.022872 -0.093500 0.002400 -0.095742 0.134904 -0.986222 3.196400 -0.009943 0.990595 0.136467 -0.000000 0.000000 0.000000 0.000000 1.000000
0.995357 0.022872 -0.093500 0.002400 -0.095742 0.134904 -0.986222 3.196400 -0.009944 0.990595 0.136467 0.000000 0.000000 0.000000 0.000000 1.000000
0.995356 0.022872 -0.093501 0.002400 -0.095743 0.134904 -0.986222 3.196400 -0.009944 0.990595 0.136467 0.000000 0.000000 0.000000 0.000000 1.000000
0.995356 0.022872 -0.093500 0.002400 -0.095742 0.134903 -0.986222 3.196400 -0.009944 0.990595 0.136467 0.000000 0.000000 0.000000 0.000000 1.000000
0.995356 0.022872 -0.093501 0.002400 -0.095742 0.134903 -0.986222 3.196400 -0.009944 0.990595 0.136467 0.000000 0.000000 0.000000 0.000000 1.000000
0.995356 0.022872 -0.093500 0.002400 -0.095742 0.134903 -0.986222 3.196400 -0.009944 0.990595 0.136467 -0.000000 0.000000 0.000000 0.000000 1.000000
0.995356 0.022872 -0.093501 0.002400 -0.095743 0.134904 -0.986222 3.196400 -0.009943 0.990595 0.136467 0.000000 0.000000 0.000000 0.000000 1.000000
0.995356 0.022872 -0.093501 0.002400 -0.095742 0.134904 -0.986222 3.196400 -0.009944 0.990595 0.136467 0.000000 0.000000 0.000000 0.000000 1.000000
0.995357 0.022872 -0.093500 0.002400 -0.095742 0.134904 -0.986222 3.196400 -0.009944 0.990595 0.136467 0.000000 0.000000 0.000000 0.000000 1.000000
0.995356 0.022872 -0.093500 0.002400 -0.095742 0.134904 -0.986222 3.196400 -0.009944 0.990595 0.136467 -0.000000 0.000000 0.000000 0.000000 1.000000
0.995356 0.022873 -0.093501 0.002400 -0.095743 0.134904 -0.986222 3.196400 -0.009944 0.990595 0.136467 0.000000 0.000000 0.000000 0.000000 1.000000
0.995356 0.022872 -0.093501 0.002400 -0.095742 0.134904 -0.986222 3.196400 -0.009944 0.990595 0.136467 0.000000 0.000000 0.000000 0.000000 1.000000
0.995356 0.022872 -0.093500 0.002400 -0.095742 0.134904 -0.986222 3.196400 -0.009944 0.990595 0.136467 0.000000 0.000000 0.000000 0.000000 1.000000
0.995356 0.022872 -0.093501 0.002400 -0.095743 0.134904 -0.986222 3.196400 -0.009943 0.990595 0.136467 -0.000000 0.000000 0.000000 0.000000 1.000000
0.995356 0.022872 -0.093500 0.002400 -0.095742 0.134903 -0.986222 3.196400 -0.009944 0.990595 0.136467 0.000000 0.000000 0.000000 0.000000 1.000000
0.995356 0.022872 -0.093501 0.002400 -0.095742 0.134904 -0.986222 3.196400 -0.009944 0.990595 0.136467 0.000000 0.000000 0.000000 0.000000 1.000000
0.995357 0.022872 -0.093500 0.002400 -0.095742 0.134904 -0.986222 3.196400 -0.009944 0.990595 0.136467 0.000000 0.000000 0.000000 0.000000 1.000000
0.995356 0.022872 -0.093500 0.002400 -0.095742 0.134904 -0.986222 3.196400 -0.009944 0.990595 0.136467 -0.000000 0.000000 0.000000 0.000000 1.000000
0.995356 0.022872 -0.093501 0.002400 -0.095742 0.134903 -0.986222 3.196400 -0.009943 0.990595 0.136467 0.000000 0.000000 0.000000 0.000000 1.000000
0.995356 0.022872 -0.093501 0.002400 -0.095743 0.134903 -0.986222 3.196400 -0.009943 0.990595 0.136467 0.000000 0.000000 0.000000 0.000000 1.000000
0.995356 0.022872 -0.093500 0.002400 -0.095742 0.134904 -0.986222 3.196400 -0.009944 0.990595 0.136467 0.000000 0.000000 0.000000 0.000000 1.000000
0.995356 0.022872 -0.093500 0.002400 -0.095742 0.134904 -0.986222 3.196400 -0.009944 0.990595 0.136467 0.000000 0.000000 0.000000 0.000000 1.000000
0.995356 0.022872 -0.093501 0.002400 -0.095742 0.134903 -0.986222 3.196400 -0.009944 0.990595 0.136467 -0.000000 0.000000 0.000000 0.000000 1.000000
0.995356 0.022872 -0.093500 0.002400 -0.095742 0.134904 -0.986222 3.196400 -0.009944 0.990595 0.136467 0.000000 0.000000 0.000000 0.000000 1.000000
0.995356 0.022872 -0.093500 0.002400 -0.095742 0.134904 -0.986222 3.196400 -0.009943 0.990595 0.136467 -0.000000 0.000000 0.000000 0.000000 1.000000
0.995356 0.022872 -0.093500 0.002400 -0.095742 0.134904 -0.986222 3.196400 -0.009944 0.990595 0.136467 0.000000 0.000000 0.000000 0.000000 1.000000
0.995356 0.022872 -0.093501 0.002400 -0.095742 0.134904 -0.986222 3.196400 -0.009944 0.990595 0.136467 0.000000 0.000000 0.000000 0.000000 1.000000
0.995356 0.022872 -0.093500 0.002400 -0.095742 0.134904 -0.986222 3.196400 -0.009944 0.990595 0.136467 -0.000000 0.000000 0.000000 0.000000 1.000000
0.995356 0.022872 -0.093500 0.002400 -0.095742 0.134903 -0.986222 3.196400 -0.009943 0.990595 0.136467 0.000000 0.000000 0.000000 0.000000 1.000000
0.995357 0.022872 -0.093500 0.002400 -0.095742 0.134904 -0.986222 3.196400 -0.009943 0.990595 0.136467 0.000000 0.000000 0.000000 0.000000 1.000000</float_array>
        <technique_common>
          <accessor source="#mixamorig2_RightHandMiddle2-Matrix-animation-output-transform-array" count="31" stride="16">
            <param type="float4x4"/>
          </accessor>
        </technique_common>
      </source>
      <source id="mixamorig2_RightHandMiddle2-Interpolations">
        <Name_array id="mixamorig2_RightHandMiddle2-Interpolations-array" count="31">
 LINEAR LINEAR LINEAR LINEAR LINEAR LINEAR LINEAR LINEAR LINEAR LINEAR LINEAR
LINEAR LINEAR LINEAR LINEAR LINEAR LINEAR LINEAR LINEAR LINEAR LINEAR LINEAR LINEAR
LINEAR LINEAR LINEAR LINEAR LINEAR LINEAR LINEAR LINEAR</Name_array>
        <technique_common>
          <accessor source="#mixamorig2_RightHandMiddle2-Interpolations-array" count="31">
            <param type="name"/>
          </accessor>
        </technique_common>
      </source>
      <sampler id="mixamorig2_RightHandMiddle2-Matrix-animation-transform">
        <input semantic="INPUT" source="#mixamorig2_RightHandMiddle2-Matrix-animation-input"/>
        <input semantic="OUTPUT" source="#mixamorig2_RightHandMiddle2-Matrix-animation-output-transform"/>
        <input semantic="INTERPOLATION" source="#mixamorig2_RightHandMiddle2-Interpolations"/>
      </sampler>
      <channel source="#mixamorig2_RightHandMiddle2-Matrix-animation-transform" target="mixamorig2_RightHandMiddle2/matrix"/>
    </animation>
    <animation id="mixamorig2_RightHandMiddle3-anim" name="mixamorig2_RightHandMiddle3">
      <source id="mixamorig2_RightHandMiddle3-Matrix-animation-input">
        <float_array id="mixamorig2_RightHandMiddle3-Matrix-animation-input-array" count="31">

0.000000 0.033333 0.066667 0.100000 0.133333 0.166667 0.200000 0.233333 0.266667 0.300000 0.333333 0.366667 0.400000 0.433333 0.466667 0.500000
0.533333 0.566667 0.600000 0.633333 0.666667 0.700000 0.733333 0.766667 0.800000 0.833333 0.866667 0.900000 0.933333 0.966667 1.000000</float_array>
        <technique_common>
          <accessor source="#mixamorig2_RightHandMiddle3-Matrix-animation-input-array" count="31">
            <param name="TIME" type="float"/>
          </accessor>
        </technique_common>
      </source>
      <source id="mixamorig2_RightHandMiddle3-Matrix-animation-output-transform">
        <float_array id="mixamorig2_RightHandMiddle3-Matrix-animation-output-transform-array" count="496">

0.999802 -0.003301 0.019630 -0.000600 0.018627 0.502840 -0.864179 3.186600 -0.007018 0.864373 0.502802 0.000000 0.000000 0.000000 0.000000 1.000000
0.999802 -0.003301 0.019630 -0.000600 0.018627 0.502840 -0.864179 3.186600 -0.007018 0.864373 0.502802 0.000000 0.000000 0.000000 0.000000 1.000000
0.999802 -0.003301 0.019630 -0.000600 0.018627 0.502840 -0.864179 3.186600 -0.007018 0.864373 0.502802 0.000000 0.000000 0.000000 0.000000 1.000000
0.999802 -0.003301 0.019630 -0.000600 0.018627 0.502840 -0.864179 3.186600 -0.007018 0.864373 0.502802 -0.000000 0.000000 0.000000 0.000000 1.000000
0.999802 -0.003301 0.019630 -0.000600 0.018627 0.502840 -0.864179 3.186600 -0.007018 0.864373 0.502802 -0.000000 0.000000 0.000000 0.000000 1.000000
0.999802 -0.003301 0.019630 -0.000600 0.018627 0.502840 -0.864179 3.186600 -0.007019 0.864373 0.502802 -0.000000 0.000000 0.000000 0.000000 1.000000
0.999802 -0.003301 0.019630 -0.000600 0.018627 0.502840 -0.864179 3.186600 -0.007018 0.864373 0.502802 -0.000000 0.000000 0.000000 0.000000 1.000000
0.999802 -0.003301 0.019630 -0.000600 0.018627 0.502840 -0.864179 3.186600 -0.007018 0.864373 0.502802 0.000000 0.000000 0.000000 0.000000 1.000000
0.999802 -0.003301 0.019630 -0.000600 0.018627 0.502840 -0.864179 3.186600 -0.007018 0.864373 0.502802 0.000000 0.000000 0.000000 0.000000 1.000000
0.999802 -0.003301 0.019630 -0.000600 0.018628 0.502840 -0.864179 3.186600 -0.007018 0.864373 0.502802 0.000000 0.000000 0.000000 0.000000 1.000000
0.999802 -0.003301 0.019630 -0.000600 0.018627 0.502840 -0.864179 3.186600 -0.007018 0.864373 0.502802 0.000000 0.000000 0.000000 0.000000 1.000000
0.999802 -0.003301 0.019630 -0.000600 0.018627 0.502840 -0.864179 3.186600 -0.007018 0.864373 0.502802 -0.000000 0.000000 0.000000 0.000000 1.000000
0.999802 -0.003301 0.019630 -0.000600 0.018628 0.502841 -0.864178 3.186600 -0.007018 0.864373 0.502802 -0.000000 0.000000 0.000000 0.000000 1.000000
0.999802 -0.003301 0.019630 -0.000600 0.018628 0.502840 -0.864179 3.186600 -0.007018 0.864373 0.502802 -0.000000 0.000000 0.000000 0.000000 1.000000
0.999802 -0.003301 0.019630 -0.000600 0.018627 0.502840 -0.864179 3.186600 -0.007018 0.864373 0.502802 0.000000 0.000000 0.000000 0.000000 1.000000
0.999802 -0.003301 0.019630 -0.000600 0.018627 0.502840 -0.864179 3.186600 -0.007018 0.864373 0.502802 0.000000 0.000000 0.000000 0.000000 1.000000
0.999802 -0.003301 0.019630 -0.000600 0.018627 0.502840 -0.864179 3.186600 -0.007018 0.864373 0.502802 0.000000 0.000000 0.000000 0.000000 1.000000
0.999802 -0.003301 0.019630 -0.000600 0.018627 0.502840 -0.864179 3.186600 -0.007018 0.864373 0.502802 0.000000 0.000000 0.000000 0.000000 1.000000
0.999802 -0.003301 0.019630 -0.000600 0.018627 0.502840 -0.864179 3.186600 -0.007018 0.864373 0.502802 0.000000 0.000000 0.000000 0.000000 1.000000
0.999802 -0.003301 0.019630 -0.000600 0.018627 0.502841 -0.864178 3.186600 -0.007018 0.864373 0.502802 0.000000 0.000000 0.000000 0.000000 1.000000
0.999802 -0.003301 0.019630 -0.000600 0.018627 0.502841 -0.864178 3.186600 -0.007018 0.864373 0.502802 0.000000 0.000000 0.000000 0.000000 1.000000
0.999802 -0.003301 0.019630 -0.000600 0.018627 0.502840 -0.864179 3.186600 -0.007019 0.864373 0.502802 0.000000 0.000000 0.000000 0.000000 1.000000
0.999802 -0.003301 0.019630 -0.000600 0.018627 0.502841 -0.864178 3.186600 -0.007018 0.864373 0.502802 0.000000 0.000000 0.000000 0.000000 1.000000
0.999802 -0.003301 0.019630 -0.000600 0.018627 0.502840 -0.864179 3.186600 -0.007018 0.864373 0.502802 -0.000000 0.000000 0.000000 0.000000 1.000000
0.999802 -0.003301 0.019630 -0.000600 0.018627 0.502840 -0.864179 3.186600 -0.007018 0.864373 0.502802 0.000000 0.000000 0.000000 0.000000 1.000000
0.999802 -0.003301 0.019630 -0.000600 0.018628 0.502840 -0.864179 3.186600 -0.007018 0.864373 0.502802 -0.000000 0.000000 0.000000 0.000000 1.000000
0.999802 -0.003301 0.019630 -0.000600 0.018628 0.502840 -0.864179 3.186600 -0.007018 0.864373 0.502802 0.000000 0.000000 0.000000 0.000000 1.000000
0.999802 -0.003301 0.019630 -0.000600 0.018627 0.502841 -0.864178 3.186600 -0.007018 0.864373 0.502802 0.000000 0.000000 0.000000 0.000000 1.000000
0.999802 -0.003301 0.019630 -0.000600 0.018627 0.502840 -0.864179 3.186600 -0.007018 0.864373 0.502802 -0.000000 0.000000 0.000000 0.000000 1.000000
0.999802 -0.003301 0.019630 -0.000600 0.018627 0.502840 -0.864179 3.186600 -0.007018 0.864373 0.502802 0.000000 0.000000 0.000000 0.000000 1.000000
0.999802 -0.003301 0.019630 -0.000600 0.018627 0.502840 -0.864179 3.186600 -0.007018 0.864373 0.502802 0.000000 0.000000 0.000000 0.000000 1.000000</float_array>
        <technique_common>
          <accessor source="#mixamorig2_RightHandMiddle3-Matrix-animation-output-transform-array" count="31" stride="16">
            <param type="float4x4"/>
          </accessor>
        </technique_common>
      </source>
      <source id="mixamorig2_RightHandMiddle3-Interpolations">
        <Name_array id="mixamorig2_RightHandMiddle3-Interpolations-array" count="31">
 LINEAR LINEAR LINEAR LINEAR LINEAR LINEAR LINEAR LINEAR LINEAR LINEAR LINEAR
LINEAR LINEAR LINEAR LINEAR LINEAR LINEAR LINEAR LINEAR LINEAR LINEAR LINEAR LINEAR
LINEAR LINEAR LINEAR LINEAR LINEAR LINEAR LINEAR LINEAR</Name_array>
        <technique_common>
          <accessor source="#mixamorig2_RightHandMiddle3-Interpolations-array" count="31">
            <param type="name"/>
          </accessor>
        </technique_common>
      </source>
      <sampler id="mixamorig2_RightHandMiddle3-Matrix-animation-transform">
        <input semantic="INPUT" source="#mixamorig2_RightHandMiddle3-Matrix-animation-input"/>
        <input semantic="OUTPUT" source="#mixamorig2_RightHandMiddle3-Matrix-animation-output-transform"/>
        <input semantic="INTERPOLATION" source="#mixamorig2_RightHandMiddle3-Interpolations"/>
      </sampler>
      <channel source="#mixamorig2_RightHandMiddle3-Matrix-animation-transform" target="mixamorig2_RightHandMiddle3/matrix"/>
    </animation>
    <animation id="mixamorig2_RightHandRing1-anim" name="mixamorig2_RightHandRing1">
      <source id="mixamorig2_RightHandRing1-Matrix-animation-input">
        <float_array id="mixamorig2_RightHandRing1-Matrix-animation-input-array" count="31">

0.000000 0.033333 0.066667 0.100000 0.133333 0.166667 0.200000 0.233333 0.266667 0.300000 0.333333 0.366667 0.400000 0.433333 0.466667 0.500000
0.533333 0.566667 0.600000 0.633333 0.666667 0.700000 0.733333 0.766667 0.800000 0.833333 0.866667 0.900000 0.933333 0.966667 1.000000</float_array>
        <technique_common>
          <accessor source="#mixamorig2_RightHandRing1-Matrix-animation-input-array" count="31">
            <param name="TIME" type="float"/>
          </accessor>
        </technique_common>
      </source>
      <source id="mixamorig2_RightHandRing1-Matrix-animation-output-transform">
        <float_array id="mixamorig2_RightHandRing1-Matrix-animation-output-transform-array" count="496">

0.999666 0.022171 0.013302 -1.152200 0.006537 0.281057 -0.959669 9.077600 -0.025016 0.959435 0.280818 -0.233400 0.000000 0.000000 0.000000 1.000000
0.999666 0.022171 0.013303 -1.152200 0.006537 0.281056 -0.959669 9.077600 -0.025016 0.959435 0.280817 -0.233400 0.000000 0.000000 0.000000 1.000000
0.999666 0.022171 0.013302 -1.152200 0.006537 0.281057 -0.959669 9.077600 -0.025016 0.959435 0.280818 -0.233400 0.000000 0.000000 0.000000 1.000000
0.999666 0.022171 0.013302 -1.152200 0.006537 0.281057 -0.959669 9.077600 -0.025016 0.959435 0.280818 -0.233400 0.000000 0.000000 0.000000 1.000000
0.999666 0.022171 0.013302 -1.152200 0.006537 0.281057 -0.959669 9.077600 -0.025016 0.959435 0.280818 -0.233400 0.000000 0.000000 0.000000 1.000000
0.999666 0.022171 0.013302 -1.152200 0.006537 0.281057 -0.959669 9.077600 -0.025016 0.959435 0.280818 -0.233400 0.000000 0.000000 0.000000 1.000000
0.999666 0.022171 0.013302 -1.152200 0.006537 0.281057 -0.959669 9.077600 -0.025016 0.959435 0.280818 -0.233400 0.000000 0.000000 0.000000 1.000000
0.999666 0.022171 0.013302 -1.152200 0.006537 0.281057 -0.959669 9.077600 -0.025016 0.959435 0.280818 -0.233400 0.000000 0.000000 0.000000 1.000000
0.999666 0.022171 0.013302 -1.152200 0.006537 0.281057 -0.959669 9.077600 -0.025016 0.959435 0.280818 -0.233400 0.000000 0.000000 0.000000 1.000000
0.999666 0.022171 0.013302 -1.152200 0.006537 0.281057 -0.959669 9.077600 -0.025016 0.959435 0.280818 -0.233400 0.000000 0.000000 0.000000 1.000000
0.999666 0.022171 0.013302 -1.152200 0.006537 0.281056 -0.959669 9.077600 -0.025016 0.959435 0.280818 -0.233400 0.000000 0.000000 0.000000 1.000000
0.999666 0.022172 0.013302 -1.152200 0.006537 0.281057 -0.959669 9.077600 -0.025016 0.959435 0.280818 -0.233400 0.000000 0.000000 0.000000 1.000000
0.999666 0.022171 0.013302 -1.152200 0.006537 0.281057 -0.959669 9.077600 -0.025016 0.959435 0.280818 -0.233400 0.000000 0.000000 0.000000 1.000000
0.999666 0.022171 0.013302 -1.152200 0.006536 0.281057 -0.959669 9.077600 -0.025016 0.959435 0.280818 -0.233400 0.000000 0.000000 0.000000 1.000000
0.999666 0.022171 0.013302 -1.152200 0.006536 0.281057 -0.959669 9.077600 -0.025016 0.959435 0.280818 -0.233400 0.000000 0.000000 0.000000 1.000000
0.999666 0.022172 0.013303 -1.152200 0.006537 0.281056 -0.959669 9.077600 -0.025016 0.959435 0.280818 -0.233400 0.000000 0.000000 0.000000 1.000000
0.999666 0.022171 0.013302 -1.152200 0.006537 0.281057 -0.959669 9.077600 -0.025016 0.959435 0.280818 -0.233400 0.000000 0.000000 0.000000 1.000000
0.999666 0.022171 0.013303 -1.152200 0.006537 0.281056 -0.959669 9.077600 -0.025016 0.959435 0.280818 -0.233400 0.000000 0.000000 0.000000 1.000000
0.999666 0.022171 0.013302 -1.152200 0.006537 0.281057 -0.959669 9.077600 -0.025016 0.959435 0.280818 -0.233400 0.000000 0.000000 0.000000 1.000000
0.999666 0.022171 0.013302 -1.152200 0.006537 0.281057 -0.959669 9.077600 -0.025016 0.959435 0.280818 -0.233400 0.000000 0.000000 0.000000 1.000000
0.999666 0.022172 0.013302 -1.152200 0.006537 0.281057 -0.959669 9.077600 -0.025016 0.959435 0.280818 -0.233400 0.000000 0.000000 0.000000 1.000000
0.999666 0.022171 0.013302 -1.152200 0.006537 0.281057 -0.959669 9.077600 -0.025016 0.959435 0.280818 -0.233400 0.000000 0.000000 0.000000 1.000000
0.999666 0.022171 0.013302 -1.152200 0.006537 0.281057 -0.959669 9.077600 -0.025016 0.959435 0.280818 -0.233400 0.000000 0.000000 0.000000 1.000000
0.999666 0.022171 0.013303 -1.152200 0.006537 0.281057 -0.959669 9.077600 -0.025016 0.959435 0.280818 -0.233400 0.000000 0.000000 0.000000 1.000000
0.999666 0.022171 0.013302 -1.152200 0.006537 0.281057 -0.959669 9.077600 -0.025016 0.959435 0.280818 -0.233400 0.000000 0.000000 0.000000 1.000000
0.999666 0.022171 0.013302 -1.152200 0.006537 0.281057 -0.959669 9.077600 -0.025016 0.959435 0.280818 -0.233400 0.000000 0.000000 0.000000 1.000000
0.999666 0.022171 0.013302 -1.152200 0.006537 0.281057 -0.959669 9.077600 -0.025016 0.959435 0.280818 -0.233400 0.000000 0.000000 0.000000 1.000000
0.999666 0.022171 0.013303 -1.152200 0.006537 0.281057 -0.959669 9.077600 -0.025016 0.959435 0.280818 -0.233400 0.000000 0.000000 0.000000 1.000000
0.999666 0.022171 0.013302 -1.152200 0.006537 0.281057 -0.959669 9.077600 -0.025016 0.959435 0.280818 -0.233400 0.000000 0.000000 0.000000 1.000000
0.999666 0.022171 0.013302 -1.152200 0.006536 0.281057 -0.959669 9.077600 -0.025016 0.959435 0.280818 -0.233400 0.000000 0.000000 0.000000 1.000000
0.999666 0.022171 0.013302 -1.152200 0.006537 0.281057 -0.959669 9.077600 -0.025016 0.959435 0.280818 -0.233400 0.000000 0.000000 0.000000 1.000000</float_array>
        <technique_common>
          <accessor source="#mixamorig2_RightHandRing1-Matrix-animation-output-transform-array" count="31" stride="16">
            <param type="float4x4"/>
          </accessor>
        </technique_common>
      </source>
      <source id="mixamorig2_RightHandRing1-Interpolations">
        <Name_array id="mixamorig2_RightHandRing1-Interpolations-array" count="31">
 LINEAR LINEAR LINEAR LINEAR LINEAR LINEAR LINEAR LINEAR LINEAR LINEAR LINEAR
LINEAR LINEAR LINEAR LINEAR LINEAR LINEAR LINEAR LINEAR LINEAR LINEAR LINEAR LINEAR
LINEAR LINEAR LINEAR LINEAR LINEAR LINEAR LINEAR LINEAR</Name_array>
        <technique_common>
          <accessor source="#mixamorig2_RightHandRing1-Interpolations-array" count="31">
            <param type="name"/>
          </accessor>
        </technique_common>
      </source>
      <sampler id="mixamorig2_RightHandRing1-Matrix-animation-transform">
        <input semantic="INPUT" source="#mixamorig2_RightHandRing1-Matrix-animation-input"/>
        <input semantic="OUTPUT" source="#mixamorig2_RightHandRing1-Matrix-animation-output-transform"/>
        <input semantic="INTERPOLATION" source="#mixamorig2_RightHandRing1-Interpolations"/>
      </sampler>
      <channel source="#mixamorig2_RightHandRing1-Matrix-animation-transform" target="mixamorig2_RightHandRing1/matrix"/>
    </animation>
    <animation id="mixamorig2_RightHandRing2-anim" name="mixamorig2_RightHandRing2">
      <source id="mixamorig2_RightHandRing2-Matrix-animation-input">
        <float_array id="mixamorig2_RightHandRing2-Matrix-animation-input-array" count="31">

0.000000 0.033333 0.066667 0.100000 0.133333 0.166667 0.200000 0.233333 0.266667 0.300000 0.333333 0.366667 0.400000 0.433333 0.466667 0.500000
0.533333 0.566667 0.600000 0.633333 0.666667 0.700000 0.733333 0.766667 0.800000 0.833333 0.866667 0.900000 0.933333 0.966667 1.000000</float_array>
        <technique_common>
          <accessor source="#mixamorig2_RightHandRing2-Matrix-animation-input-array" count="31">
            <param name="TIME" type="float"/>
          </accessor>
        </technique_common>
      </source>
      <source id="mixamorig2_RightHandRing2-Matrix-animation-output-transform">
        <float_array id="mixamorig2_RightHandRing2-Matrix-animation-output-transform-array" count="496">

0.999666 0.003691 -0.025562 0.002600 -0.025348 -0.049463 -0.998454 2.869600 -0.004950 0.998769 -0.049353 -0.000000 0.000000 0.000000 0.000000 1.000000
0.999666 0.003691 -0.025562 0.002600 -0.025348 -0.049463 -0.998454 2.869600 -0.004950 0.998769 -0.049353 0.000000 0.000000 0.000000 0.000000 1.000000
0.999666 0.003691 -0.025562 0.002600 -0.025348 -0.049463 -0.998454 2.869600 -0.004950 0.998769 -0.049353 -0.000000 0.000000 0.000000 0.000000 1.000000
0.999666 0.003691 -0.025561 0.002600 -0.025348 -0.049463 -0.998454 2.869600 -0.004950 0.998769 -0.049353 0.000000 0.000000 0.000000 0.000000 1.000000
0.999666 0.003691 -0.025561 0.002600 -0.025348 -0.049463 -0.998454 2.869600 -0.004950 0.998769 -0.049353 0.000000 0.000000 0.000000 0.000000 1.000000
0.999666 0.003691 -0.025562 0.002600 -0.025348 -0.049463 -0.998454 2.869600 -0.004949 0.998769 -0.049353 0.000000 0.000000 0.000000 0.000000 1.000000
0.999666 0.003691 -0.025561 0.002600 -0.025348 -0.049463 -0.998454 2.869600 -0.004950 0.998769 -0.049353 0.000000 0.000000 0.000000 0.000000 1.000000
0.999666 0.003691 -0.025561 0.002600 -0.025348 -0.049463 -0.998454 2.869600 -0.004949 0.998769 -0.049353 0.000000 0.000000 0.000000 0.000000 1.000000
0.999666 0.003691 -0.025562 0.002600 -0.025348 -0.049463 -0.998454 2.869600 -0.004950 0.998769 -0.049353 0.000000 0.000000 0.000000 0.000000 1.000000
0.999666 0.003691 -0.025562 0.002600 -0.025348 -0.049463 -0.998454 2.869600 -0.004950 0.998769 -0.049353 0.000000 0.000000 0.000000 0.000000 1.000000
0.999666 0.003691 -0.025562 0.002600 -0.025348 -0.049463 -0.998454 2.869600 -0.004950 0.998769 -0.049353 0.000000 0.000000 0.000000 0.000000 1.000000
0.999666 0.003691 -0.025562 0.002600 -0.025348 -0.049463 -0.998454 2.869600 -0.004950 0.998769 -0.049353 -0.000000 0.000000 0.000000 0.000000 1.000000
0.999666 0.003691 -0.025562 0.002600 -0.025348 -0.049463 -0.998454 2.869600 -0.004950 0.998769 -0.049353 0.000000 0.000000 0.000000 0.000000 1.000000
0.999666 0.003691 -0.025562 0.002600 -0.025348 -0.049463 -0.998454 2.869600 -0.004950 0.998769 -0.049353 0.000000 0.000000 0.000000 0.000000 1.000000
0.999666 0.003692 -0.025562 0.002600 -0.025348 -0.049463 -0.998454 2.869600 -0.004950 0.998769 -0.049353 0.000000 0.000000 0.000000 0.000000 1.000000
0.999666 0.003691 -0.025562 0.002600 -0.025348 -0.049463 -0.998454 2.869600 -0.004950 0.998769 -0.049353 -0.000000 0.000000 0.000000 0.000000 1.000000
0.999666 0.003691 -0.025562 0.002600 -0.025348 -0.049463 -0.998454 2.869600 -0.004949 0.998769 -0.049353 0.000000 0.000000 0.000000 0.000000 1.000000
0.999666 0.003691 -0.025562 0.002600 -0.025348 -0.049463 -0.998454 2.869600 -0.004950 0.998769 -0.049353 0.000000 0.000000 0.000000 0.000000 1.000000
0.999666 0.003691 -0.025562 0.002600 -0.025348 -0.049463 -0.998454 2.869600 -0.004950 0.998769 -0.049353 -0.000000 0.000000 0.000000 0.000000 1.000000
0.999666 0.003691 -0.025562 0.002600 -0.025348 -0.049463 -0.998454 2.869600 -0.004950 0.998769 -0.049353 0.000000 0.000000 0.000000 0.000000 1.000000
0.999666 0.003691 -0.025561 0.002600 -0.025348 -0.049463 -0.998454 2.869600 -0.004950 0.998769 -0.049353 0.000000 0.000000 0.000000 0.000000 1.000000
0.999666 0.003691 -0.025562 0.002600 -0.025348 -0.049463 -0.998454 2.869600 -0.004950 0.998769 -0.049353 0.000000 0.000000 0.000000 0.000000 1.000000
0.999666 0.003691 -0.025561 0.002600 -0.025348 -0.049463 -0.998454 2.869600 -0.004950 0.998769 -0.049353 -0.000000 0.000000 0.000000 0.000000 1.000000
0.999666 0.003691 -0.025562 0.002600 -0.025348 -0.049463 -0.998454 2.869600 -0.004950 0.998769 -0.049353 0.000000 0.000000 0.000000 0.000000 1.000000
0.999666 0.003691 -0.025562 0.002600 -0.025348 -0.049463 -0.998454 2.869600 -0.004950 0.998769 -0.049353 0.000000 0.000000 0.000000 0.000000 1.000000
0.999666 0.003691 -0.025562 0.002600 -0.025348 -0.049463 -0.998454 2.869600 -0.004949 0.998769 -0.049353 0.000000 0.000000 0.000000 0.000000 1.000000
0.999666 0.003691 -0.025562 0.002600 -0.025348 -0.049463 -0.998454 2.869600 -0.004950 0.998769 -0.049353 0.000000 0.000000 0.000000 0.000000 1.000000
0.999666 0.003691 -0.025562 0.002600 -0.025348 -0.049463 -0.998454 2.869600 -0.004950 0.998769 -0.049353 0.000000 0.000000 0.000000 0.000000 1.000000
0.999666 0.003691 -0.025561 0.002600 -0.025348 -0.049463 -0.998454 2.869600 -0.004950 0.998769 -0.049353 0.000000 0.000000 0.000000 0.000000 1.000000
0.999666 0.003691 -0.025562 0.002600 -0.025348 -0.049463 -0.998454 2.869600 -0.004950 0.998769 -0.049353 -0.000000 0.000000 0.000000 0.000000 1.000000
0.999666 0.003691 -0.025562 0.002600 -0.025348 -0.049463 -0.998454 2.869600 -0.004950 0.998769 -0.049353 -0.000000 0.000000 0.000000 0.000000 1.000000</float_array>
        <technique_common>
          <accessor source="#mixamorig2_RightHandRing2-Matrix-animation-output-transform-array" count="31" stride="16">
            <param type="float4x4"/>
          </accessor>
        </technique_common>
      </source>
      <source id="mixamorig2_RightHandRing2-Interpolations">
        <Name_array id="mixamorig2_RightHandRing2-Interpolations-array" count="31">
 LINEAR LINEAR LINEAR LINEAR LINEAR LINEAR LINEAR LINEAR LINEAR LINEAR LINEAR
LINEAR LINEAR LINEAR LINEAR LINEAR LINEAR LINEAR LINEAR LINEAR LINEAR LINEAR LINEAR
LINEAR LINEAR LINEAR LINEAR LINEAR LINEAR LINEAR LINEAR</Name_array>
        <technique_common>
          <accessor source="#mixamorig2_RightHandRing2-Interpolations-array" count="31">
            <param type="name"/>
          </accessor>
        </technique_common>
      </source>
      <sampler id="mixamorig2_RightHandRing2-Matrix-animation-transform">
        <input semantic="INPUT" source="#mixamorig2_RightHandRing2-Matrix-animation-input"/>
        <input semantic="OUTPUT" source="#mixamorig2_RightHandRing2-Matrix-animation-output-transform"/>
        <input semantic="INTERPOLATION" source="#mixamorig2_RightHandRing2-Interpolations"/>
      </sampler>
      <channel source="#mixamorig2_RightHandRing2-Matrix-animation-transform" target="mixamorig2_RightHandRing2/matrix"/>
    </animation>
    <animation id="mixamorig2_RightHandRing3-anim" name="mixamorig2_RightHandRing3">
      <source id="mixamorig2_RightHandRing3-Matrix-animation-input">
        <float_array id="mixamorig2_RightHandRing3-Matrix-animation-input-array" count="31">

0.000000 0.033333 0.066667 0.100000 0.133333 0.166667 0.200000 0.233333 0.266667 0.300000 0.333333 0.366667 0.400000 0.433333 0.466667 0.500000
0.533333 0.566667 0.600000 0.633333 0.666667 0.700000 0.733333 0.766667 0.800000 0.833333 0.866667 0.900000 0.933333 0.966667 1.000000</float_array>
        <technique_common>
          <accessor source="#mixamorig2_RightHandRing3-Matrix-animation-input-array" count="31">
            <param name="TIME" type="float"/>
          </accessor>
        </technique_common>
      </source>
      <source id="mixamorig2_RightHandRing3-Matrix-animation-output-transform">
        <float_array id="mixamorig2_RightHandRing3-Matrix-animation-output-transform-array" count="496">

0.999772 -0.014608 0.015582 -0.002700 0.021309 0.731580 -0.681422 2.695900 -0.001445 0.681599 0.731725 -0.000000 0.000000 0.000000 0.000000 1.000000
0.999772 -0.014607 0.015582 -0.002700 0.021309 0.731581 -0.681422 2.695900 -0.001446 0.681598 0.731725 0.000000 0.000000 0.000000 0.000000 1.000000
0.999772 -0.014607 0.015582 -0.002700 0.021309 0.731581 -0.681422 2.695900 -0.001446 0.681599 0.731725 0.000000 0.000000 0.000000 0.000000 1.000000
0.999772 -0.014607 0.015582 -0.002700 0.021309 0.731580 -0.681422 2.695900 -0.001445 0.681599 0.731725 0.000000 0.000000 0.000000 0.000000 1.000000
0.999772 -0.014607 0.015582 -0.002700 0.021309 0.731581 -0.681422 2.695900 -0.001446 0.681599 0.731725 0.000000 0.000000 0.000000 0.000000 1.000000
0.999772 -0.014607 0.015581 -0.002700 0.021309 0.731580 -0.681422 2.695900 -0.001445 0.681599 0.731725 0.000000 0.000000 0.000000 0.000000 1.000000
0.999772 -0.014607 0.015582 -0.002700 0.021309 0.731580 -0.681422 2.695900 -0.001445 0.681599 0.731725 0.000000 0.000000 0.000000 0.000000 1.000000
0.999772 -0.014607 0.015581 -0.002700 0.021309 0.731581 -0.681422 2.695900 -0.001445 0.681599 0.731725 -0.000000 0.000000 0.000000 0.000000 1.000000
0.999772 -0.014608 0.015582 -0.002700 0.021309 0.731581 -0.681422 2.695900 -0.001445 0.681598 0.731725 0.000000 0.000000 0.000000 0.000000 1.000000
0.999772 -0.014607 0.015582 -0.002700 0.021309 0.731581 -0.681422 2.695900 -0.001446 0.681598 0.731725 -0.000000 0.000000 0.000000 0.000000 1.000000
0.999772 -0.014607 0.015582 -0.002700 0.021309 0.731581 -0.681422 2.695900 -0.001446 0.681599 0.731725 0.000000 0.000000 0.000000 0.000000 1.000000
0.999772 -0.014607 0.015582 -0.002700 0.021309 0.731581 -0.681422 2.695900 -0.001445 0.681599 0.731725 -0.000000 0.000000 0.000000 0.000000 1.000000
0.999772 -0.014607 0.015582 -0.002700 0.021309 0.731581 -0.681422 2.695900 -0.001446 0.681598 0.731725 0.000000 0.000000 0.000000 0.000000 1.000000
0.999772 -0.014607 0.015582 -0.002700 0.021309 0.731581 -0.681422 2.695900 -0.001446 0.681599 0.731725 0.000000 0.000000 0.000000 0.000000 1.000000
0.999772 -0.014608 0.015582 -0.002700 0.021309 0.731580 -0.681422 2.695900 -0.001445 0.681599 0.731725 0.000000 0.000000 0.000000 0.000000 1.000000
0.999772 -0.014607 0.015582 -0.002700 0.021309 0.731581 -0.681422 2.695900 -0.001445 0.681599 0.731725 0.000000 0.000000 0.000000 0.000000 1.000000
0.999772 -0.014607 0.015582 -0.002700 0.021309 0.731580 -0.681422 2.695900 -0.001446 0.681599 0.731725 0.000000 0.000000 0.000000 0.000000 1.000000
0.999772 -0.014607 0.015582 -0.002700 0.021309 0.731581 -0.681422 2.695900 -0.001446 0.681599 0.731725 -0.000000 0.000000 0.000000 0.000000 1.000000
0.999772 -0.014607 0.015582 -0.002700 0.021309 0.731581 -0.681422 2.695900 -0.001446 0.681599 0.731725 0.000000 0.000000 0.000000 0.000000 1.000000
0.999772 -0.014607 0.015582 -0.002700 0.021309 0.731581 -0.681422 2.695900 -0.001446 0.681599 0.731725 -0.000000 0.000000 0.000000 0.000000 1.000000
0.999772 -0.014607 0.015582 -0.002700 0.021309 0.731581 -0.681422 2.695900 -0.001445 0.681599 0.731725 0.000000 0.000000 0.000000 0.000000 1.000000
0.999772 -0.014607 0.015582 -0.002700 0.021309 0.731581 -0.681422 2.695900 -0.001446 0.681599 0.731725 0.000000 0.000000 0.000000 0.000000 1.000000
0.999772 -0.014607 0.015582 -0.002700 0.021309 0.731581 -0.681422 2.695900 -0.001445 0.681599 0.731725 0.000000 0.000000 0.000000 0.000000 1.000000
0.999772 -0.014607 0.015582 -0.002700 0.021309 0.731580 -0.681422 2.695900 -0.001446 0.681599 0.731725 0.000000 0.000000 0.000000 0.000000 1.000000
0.999772 -0.014607 0.015582 -0.002700 0.021309 0.731580 -0.681422 2.695900 -0.001446 0.681599 0.731725 0.000000 0.000000 0.000000 0.000000 1.000000
0.999772 -0.014607 0.015582 -0.002700 0.021309 0.731581 -0.681422 2.695900 -0.001446 0.681598 0.731725 0.000000 0.000000 0.000000 0.000000 1.000000
0.999772 -0.014607 0.015582 -0.002700 0.021309 0.731581 -0.681422 2.695900 -0.001446 0.681599 0.731725 0.000000 0.000000 0.000000 0.000000 1.000000
0.999772 -0.014607 0.015582 -0.002700 0.021309 0.731581 -0.681422 2.695900 -0.001446 0.681599 0.731725 -0.000000 0.000000 0.000000 0.000000 1.000000
0.999772 -0.014607 0.015582 -0.002700 0.021309 0.731580 -0.681422 2.695900 -0.001446 0.681599 0.731725 0.000000 0.000000 0.000000 0.000000 1.000000
0.999772 -0.014607 0.015582 -0.002700 0.021309 0.731581 -0.681422 2.695900 -0.001446 0.681599 0.731725 0.000000 0.000000 0.000000 0.000000 1.000000
0.999772 -0.014607 0.015582 -0.002700 0.021309 0.731581 -0.681422 2.695900 -0.001445 0.681599 0.731725 0.000000 0.000000 0.000000 0.000000 1.000000</float_array>
        <technique_common>
          <accessor source="#mixamorig2_RightHandRing3-Matrix-animation-output-transform-array" count="31" stride="16">
            <param type="float4x4"/>
          </accessor>
        </technique_common>
      </source>
      <source id="mixamorig2_RightHandRing3-Interpolations">
        <Name_array id="mixamorig2_RightHandRing3-Interpolations-array" count="31">
 LINEAR LINEAR LINEAR LINEAR LINEAR LINEAR LINEAR LINEAR LINEAR LINEAR LINEAR
LINEAR LINEAR LINEAR LINEAR LINEAR LINEAR LINEAR LINEAR LINEAR LINEAR LINEAR LINEAR
LINEAR LINEAR LINEAR LINEAR LINEAR LINEAR LINEAR LINEAR</Name_array>
        <technique_common>
          <accessor source="#mixamorig2_RightHandRing3-Interpolations-array" count="31">
            <param type="name"/>
          </accessor>
        </technique_common>
      </source>
      <sampler id="mixamorig2_RightHandRing3-Matrix-animation-transform">
        <input semantic="INPUT" source="#mixamorig2_RightHandRing3-Matrix-animation-input"/>
        <input semantic="OUTPUT" source="#mixamorig2_RightHandRing3-Matrix-animation-output-transform"/>
        <input semantic="INTERPOLATION" source="#mixamorig2_RightHandRing3-Interpolations"/>
      </sampler>
      <channel source="#mixamorig2_RightHandRing3-Matrix-animation-transform" target="mixamorig2_RightHandRing3/matrix"/>
    </animation>
    <animation id="mixamorig2_RightHandPinky1-anim" name="mixamorig2_RightHandPinky1">
      <source id="mixamorig2_RightHandPinky1-Matrix-animation-input">
        <float_array id="mixamorig2_RightHandPinky1-Matrix-animation-input-array" count="31">

0.000000 0.033333 0.066667 0.100000 0.133333 0.166667 0.200000 0.233333 0.266667 0.300000 0.333333 0.366667 0.400000 0.433333 0.466667 0.500000
0.533333 0.566667 0.600000 0.633333 0.666667 0.700000 0.733333 0.766667 0.800000 0.833333 0.866667 0.900000 0.933333 0.966667 1.000000</float_array>
        <technique_common>
          <accessor source="#mixamorig2_RightHandPinky1-Matrix-animation-input-array" count="31">
            <param name="TIME" type="float"/>
          </accessor>
        </technique_common>
      </source>
      <source id="mixamorig2_RightHandPinky1-Matrix-animation-output-transform">
        <float_array id="mixamorig2_RightHandPinky1-Matrix-animation-output-transform-array" count="496">

0.989233 0.078232 0.123685 -3.086400 0.111939 0.139955 -0.983810 8.374700 -0.094276 0.987063 0.129691 0.153800 0.000000 0.000000 0.000000 1.000000
0.989233 0.078232 0.123685 -3.086400 0.111939 0.139955 -0.983810 8.374700 -0.094276 0.987062 0.129691 0.153800 0.000000 0.000000 0.000000 1.000000
0.989233 0.078232 0.123685 -3.086400 0.111939 0.139955 -0.983810 8.374700 -0.094276 0.987062 0.129691 0.153800 0.000000 0.000000 0.000000 1.000000
0.989233 0.078232 0.123685 -3.086400 0.111939 0.139955 -0.983810 8.374700 -0.094275 0.987062 0.129691 0.153800 0.000000 0.000000 0.000000 1.000000
0.989233 0.078232 0.123685 -3.086400 0.111939 0.139955 -0.983810 8.374700 -0.094276 0.987062 0.129691 0.153800 0.000000 0.000000 0.000000 1.000000
0.989233 0.078232 0.123685 -3.086400 0.111939 0.139955 -0.983810 8.374700 -0.094276 0.987062 0.129691 0.153800 0.000000 0.000000 0.000000 1.000000
0.989233 0.078232 0.123685 -3.086400 0.111939 0.139955 -0.983810 8.374700 -0.094276 0.987062 0.129691 0.153800 0.000000 0.000000 0.000000 1.000000
0.989233 0.078232 0.123685 -3.086400 0.111939 0.139955 -0.983810 8.374700 -0.094276 0.987062 0.129691 0.153800 0.000000 0.000000 0.000000 1.000000
0.989233 0.078232 0.123685 -3.086400 0.111939 0.139955 -0.983810 8.374700 -0.094275 0.987062 0.129691 0.153800 0.000000 0.000000 0.000000 1.000000
0.989233 0.078232 0.123685 -3.086400 0.111939 0.139955 -0.983810 8.374700 -0.094276 0.987062 0.129691 0.153800 0.000000 0.000000 0.000000 1.000000
0.989233 0.078232 0.123685 -3.086400 0.111939 0.139955 -0.983810 8.374700 -0.094275 0.987062 0.129691 0.153800 0.000000 0.000000 0.000000 1.000000
0.989233 0.078232 0.123685 -3.086400 0.111939 0.139955 -0.983810 8.374700 -0.094276 0.987062 0.129691 0.153800 0.000000 0.000000 0.000000 1.000000
0.989233 0.078232 0.123685 -3.086400 0.111939 0.139955 -0.983810 8.374700 -0.094275 0.987062 0.129691 0.153800 0.000000 0.000000 0.000000 1.000000
0.989233 0.078232 0.123685 -3.086400 0.111938 0.139955 -0.983810 8.374700 -0.094275 0.987062 0.129691 0.153800 0.000000 0.000000 0.000000 1.000000
0.989233 0.078232 0.123685 -3.086400 0.111939 0.139956 -0.983810 8.374700 -0.094275 0.987062 0.129691 0.153800 0.000000 0.000000 0.000000 1.000000
0.989233 0.078232 0.123685 -3.086400 0.111939 0.139955 -0.983810 8.374700 -0.094276 0.987062 0.129691 0.153800 0.000000 0.000000 0.000000 1.000000
0.989233 0.078232 0.123685 -3.086400 0.111939 0.139955 -0.983810 8.374700 -0.094276 0.987062 0.129691 0.153800 0.000000 0.000000 0.000000 1.000000
0.989233 0.078232 0.123685 -3.086400 0.111939 0.139955 -0.983810 8.374700 -0.094275 0.987062 0.129691 0.153800 0.000000 0.000000 0.000000 1.000000
0.989233 0.078232 0.123685 -3.086400 0.111939 0.139955 -0.983810 8.374700 -0.094276 0.987062 0.129691 0.153800 0.000000 0.000000 0.000000 1.000000
0.989233 0.078232 0.123685 -3.086400 0.111939 0.139955 -0.983810 8.374700 -0.094275 0.987062 0.129691 0.153800 0.000000 0.000000 0.000000 1.000000
0.989233 0.078232 0.123685 -3.086400 0.111939 0.139956 -0.983810 8.374700 -0.094276 0.987062 0.129692 0.153800 0.000000 0.000000 0.000000 1.000000
0.989233 0.078232 0.123685 -3.086400 0.111939 0.139955 -0.983810 8.374700 -0.094276 0.987062 0.129691 0.153800 0.000000 0.000000 0.000000 1.000000
0.989233 0.078232 0.123685 -3.086400 0.111939 0.139956 -0.983810 8.374700 -0.094276 0.987062 0.129691 0.153800 0.000000 0.000000 0.000000 1.000000
0.989233 0.078232 0.123685 -3.086400 0.111939 0.139955 -0.983810 8.374700 -0.094276 0.987062 0.129691 0.153800 0.000000 0.000000 0.000000 1.000000
0.989233 0.078232 0.123685 -3.086400 0.111939 0.139955 -0.983810 8.374700 -0.094276 0.987062 0.129691 0.153800 0.000000 0.000000 0.000000 1.000000
0.989233 0.078232 0.123685 -3.086400 0.111939 0.139956 -0.983810 8.374700 -0.094275 0.987062 0.129692 0.153800 0.000000 0.000000 0.000000 1.000000
0.989233 0.078232 0.123685 -3.086400 0.111939 0.139956 -0.983810 8.374700 -0.094276 0.987062 0.129692 0.153800 0.000000 0.000000 0.000000 1.000000
0.989233 0.078232 0.123685 -3.086400 0.111939 0.139956 -0.983810 8.374700 -0.094276 0.987062 0.129691 0.153800 0.000000 0.000000 0.000000 1.000000
0.989233 0.078232 0.123685 -3.086400 0.111939 0.139955 -0.983810 8.374700 -0.094276 0.987062 0.129691 0.153800 0.000000 0.000000 0.000000 1.000000
0.989233 0.078232 0.123685 -3.086400 0.111939 0.139955 -0.983810 8.374700 -0.094276 0.987062 0.129691 0.153800 0.000000 0.000000 0.000000 1.000000
0.989233 0.078232 0.123685 -3.086400 0.111939 0.139955 -0.983810 8.374700 -0.094276 0.987062 0.129691 0.153800 0.000000 0.000000 0.000000 1.000000</float_array>
        <technique_common>
          <accessor source="#mixamorig2_RightHandPinky1-Matrix-animation-output-transform-array" count="31" stride="16">
            <param type="float4x4"/>
          </accessor>
        </technique_common>
      </source>
      <source id="mixamorig2_RightHandPinky1-Interpolations">
        <Name_array id="mixamorig2_RightHandPinky1-Interpolations-array" count="31">
 LINEAR LINEAR LINEAR LINEAR LINEAR LINEAR LINEAR LINEAR LINEAR LINEAR LINEAR
LINEAR LINEAR LINEAR LINEAR LINEAR LINEAR LINEAR LINEAR LINEAR LINEAR LINEAR LINEAR
LINEAR LINEAR LINEAR LINEAR LINEAR LINEAR LINEAR LINEAR</Name_array>
        <technique_common>
          <accessor source="#mixamorig2_RightHandPinky1-Interpolations-array" count="31">
            <param type="name"/>
          </accessor>
        </technique_common>
      </source>
      <sampler id="mixamorig2_RightHandPinky1-Matrix-animation-transform">
        <input semantic="INPUT" source="#mixamorig2_RightHandPinky1-Matrix-animation-input"/>
        <input semantic="OUTPUT" source="#mixamorig2_RightHandPinky1-Matrix-animation-output-transform"/>
        <input semantic="INTERPOLATION" source="#mixamorig2_RightHandPinky1-Interpolations"/>
      </sampler>
      <channel source="#mixamorig2_RightHandPinky1-Matrix-animation-transform" target="mixamorig2_RightHandPinky1/matrix"/>
    </animation>
    <animation id="mixamorig2_RightHandPinky2-anim" name="mixamorig2_RightHandPinky2">
      <source id="mixamorig2_RightHandPinky2-Matrix-animation-input">
        <float_array id="mixamorig2_RightHandPinky2-Matrix-animation-input-array" count="31">

0.000000 0.033333 0.066667 0.100000 0.133333 0.166667 0.200000 0.233333 0.266667 0.300000 0.333333 0.366667 0.400000 0.433333 0.466667 0.500000
0.533333 0.566667 0.600000 0.633333 0.666667 0.700000 0.733333 0.766667 0.800000 0.833333 0.866667 0.900000 0.933333 0.966667 1.000000</float_array>
        <technique_common>
          <accessor source="#mixamorig2_RightHandPinky2-Matrix-animation-input-array" count="31">
            <param name="TIME" type="float"/>
          </accessor>
        </technique_common>
      </source>
      <source id="mixamorig2_RightHandPinky2-Matrix-animation-output-transform">
        <float_array id="mixamorig2_RightHandPinky2-Matrix-animation-output-transform-array" count="496">

0.999933 0.008411 -0.007992 0.003200 -0.008736 0.092423 -0.995681 2.538400 -0.007636 0.995684 0.092491 -0.000000 0.000000 0.000000 0.000000 1.000000
0.999933 0.008410 -0.007992 0.003200 -0.008735 0.092423 -0.995682 2.538400 -0.007635 0.995684 0.092490 0.000000 0.000000 0.000000 0.000000 1.000000
0.999933 0.008410 -0.007992 0.003200 -0.008736 0.092423 -0.995681 2.538400 -0.007636 0.995684 0.092491 0.000000 0.000000 0.000000 0.000000 1.000000
0.999933 0.008411 -0.007992 0.003200 -0.008735 0.092423 -0.995682 2.538400 -0.007636 0.995684 0.092490 0.000000 0.000000 0.000000 0.000000 1.000000
0.999933 0.008410 -0.007992 0.003200 -0.008736 0.092423 -0.995681 2.538400 -0.007635 0.995684 0.092491 0.000000 0.000000 0.000000 0.000000 1.000000
0.999933 0.008410 -0.007992 0.003200 -0.008735 0.092424 -0.995681 2.538400 -0.007635 0.995684 0.092491 0.000000 0.000000 0.000000 0.000000 1.000000
0.999933 0.008411 -0.007992 0.003200 -0.008735 0.092423 -0.995682 2.538400 -0.007636 0.995684 0.092490 0.000000 0.000000 0.000000 0.000000 1.000000
0.999933 0.008410 -0.007992 0.003200 -0.008735 0.092423 -0.995682 2.538400 -0.007635 0.995684 0.092490 0.000000 0.000000 0.000000 0.000000 1.000000
0.999933 0.008411 -0.007992 0.003200 -0.008736 0.092423 -0.995681 2.538400 -0.007636 0.995684 0.092491 -0.000000 0.000000 0.000000 0.000000 1.000000
0.999933 0.008411 -0.007992 0.003200 -0.008736 0.092423 -0.995682 2.538400 -0.007636 0.995684 0.092490 0.000000 0.000000 0.000000 0.000000 1.000000
0.999933 0.008411 -0.007992 0.003200 -0.008736 0.092423 -0.995681 2.538400 -0.007636 0.995684 0.092491 0.000000 0.000000 0.000000 0.000000 1.000000
0.999933 0.008411 -0.007992 0.003200 -0.008736 0.092423 -0.995681 2.538400 -0.007636 0.995684 0.092490 0.000000 0.000000 0.000000 0.000000 1.000000
0.999933 0.008411 -0.007992 0.003200 -0.008736 0.092423 -0.995682 2.538400 -0.007636 0.995684 0.092490 0.000000 0.000000 0.000000 0.000000 1.000000
0.999933 0.008411 -0.007992 0.003200 -0.008736 0.092423 -0.995681 2.538400 -0.007636 0.995684 0.092490 0.000000 0.000000 0.000000 0.000000 1.000000
0.999933 0.008411 -0.007992 0.003200 -0.008736 0.092423 -0.995682 2.538400 -0.007636 0.995684 0.092490 0.000000 0.000000 0.000000 0.000000 1.000000
0.999933 0.008411 -0.007992 0.003200 -0.008735 0.092423 -0.995681 2.538400 -0.007636 0.995684 0.092490 -0.000000 0.000000 0.000000 0.000000 1.000000
0.999933 0.008411 -0.007992 0.003200 -0.008736 0.092423 -0.995681 2.538400 -0.007636 0.995684 0.092490 -0.000000 0.000000 0.000000 0.000000 1.000000
0.999933 0.008411 -0.007992 0.003200 -0.008735 0.092423 -0.995681 2.538400 -0.007636 0.995684 0.092491 -0.000000 0.000000 0.000000 0.000000 1.000000
0.999933 0.008411 -0.007992 0.003200 -0.008735 0.092423 -0.995681 2.538400 -0.007636 0.995684 0.092490 0.000000 0.000000 0.000000 0.000000 1.000000
0.999933 0.008411 -0.007992 0.003200 -0.008735 0.092423 -0.995681 2.538400 -0.007636 0.995684 0.092491 0.000000 0.000000 0.000000 0.000000 1.000000
0.999933 0.008411 -0.007992 0.003200 -0.008736 0.092423 -0.995682 2.538400 -0.007636 0.995684 0.092490 0.000000 0.000000 0.000000 0.000000 1.000000
0.999933 0.008411 -0.007992 0.003200 -0.008735 0.092423 -0.995682 2.538400 -0.007636 0.995684 0.092490 0.000000 0.000000 0.000000 0.000000 1.000000
0.999933 0.008410 -0.007992 0.003200 -0.008735 0.092423 -0.995681 2.538400 -0.007635 0.995684 0.092490 0.000000 0.000000 0.000000 0.000000 1.000000
0.999933 0.008410 -0.007992 0.003200 -0.008736 0.092423 -0.995681 2.538400 -0.007635 0.995684 0.092490 0.000000 0.000000 0.000000 0.000000 1.000000
0.999933 0.008411 -0.007992 0.003200 -0.008735 0.092423 -0.995681 2.538400 -0.007636 0.995684 0.092491 0.000000 0.000000 0.000000 0.000000 1.000000
0.999933 0.008410 -0.007992 0.003200 -0.008736 0.092423 -0.995682 2.538400 -0.007635 0.995684 0.092490 0.000000 0.000000 0.000000 0.000000 1.000000
0.999933 0.008411 -0.007992 0.003200 -0.008735 0.092423 -0.995681 2.538400 -0.007636 0.995684 0.092490 0.000000 0.000000 0.000000 0.000000 1.000000
0.999933 0.008411 -0.007992 0.003200 -0.008736 0.092423 -0.995681 2.538400 -0.007636 0.995684 0.092490 0.000000 0.000000 0.000000 0.000000 1.000000
0.999933 0.008411 -0.007992 0.003200 -0.008735 0.092423 -0.995681 2.538400 -0.007636 0.995684 0.092490 0.000000 0.000000 0.000000 0.000000 1.000000
0.999933 0.008411 -0.007992 0.003200 -0.008736 0.092423 -0.995682 2.538400 -0.007636 0.995684 0.092490 -0.000000 0.000000 0.000000 0.000000 1.000000
0.999933 0.008411 -0.007992 0.003200 -0.008735 0.092423 -0.995681 2.538400 -0.007636 0.995684 0.092491 0.000000 0.000000 0.000000 0.000000 1.000000</float_array>
        <technique_common>
          <accessor source="#mixamorig2_RightHandPinky2-Matrix-animation-output-transform-array" count="31" stride="16">
            <param type="float4x4"/>
          </accessor>
        </technique_common>
      </source>
      <source id="mixamorig2_RightHandPinky2-Interpolations">
        <Name_array id="mixamorig2_RightHandPinky2-Interpolations-array" count="31">
 LINEAR LINEAR LINEAR LINEAR LINEAR LINEAR LINEAR LINEAR LINEAR LINEAR LINEAR
LINEAR LINEAR LINEAR LINEAR LINEAR LINEAR LINEAR LINEAR LINEAR LINEAR LINEAR LINEAR
LINEAR LINEAR LINEAR LINEAR LINEAR LINEAR LINEAR LINEAR</Name_array>
        <technique_common>
          <accessor source="#mixamorig2_RightHandPinky2-Interpolations-array" count="31">
            <param type="name"/>
          </accessor>
        </technique_common>
      </source>
      <sampler id="mixamorig2_RightHandPinky2-Matrix-animation-transform">
        <input semantic="INPUT" source="#mixamorig2_RightHandPinky2-Matrix-animation-input"/>
        <input semantic="OUTPUT" source="#mixamorig2_RightHandPinky2-Matrix-animation-output-transform"/>
        <input semantic="INTERPOLATION" source="#mixamorig2_RightHandPinky2-Interpolations"/>
      </sampler>
      <channel source="#mixamorig2_RightHandPinky2-Matrix-animation-transform" target="mixamorig2_RightHandPinky2/matrix"/>
    </animation>
    <animation id="mixamorig2_RightHandPinky3-anim" name="mixamorig2_RightHandPinky3">
      <source id="mixamorig2_RightHandPinky3-Matrix-animation-input">
        <float_array id="mixamorig2_RightHandPinky3-Matrix-animation-input-array" count="31">

0.000000 0.033333 0.066667 0.100000 0.133333 0.166667 0.200000 0.233333 0.266667 0.300000 0.333333 0.366667 0.400000 0.433333 0.466667 0.500000
0.533333 0.566667 0.600000 0.633333 0.666667 0.700000 0.733333 0.766667 0.800000 0.833333 0.866667 0.900000 0.933333 0.966667 1.000000</float_array>
        <technique_common>
          <accessor source="#mixamorig2_RightHandPinky3-Matrix-animation-input-array" count="31">
            <param name="TIME" type="float"/>
          </accessor>
        </technique_common>
      </source>
      <source id="mixamorig2_RightHandPinky3-Matrix-animation-output-transform">
        <float_array id="mixamorig2_RightHandPinky3-Matrix-animation-output-transform-array" count="496">

0.999991 0.004182 -0.000811 -0.001900 -0.003894 0.820320 -0.571892 2.145600 -0.001726 0.571890 0.820328 0.000000 0.000000 0.000000 0.000000 1.000000
0.999991 0.004182 -0.000811 -0.001900 -0.003894 0.820319 -0.571892 2.145600 -0.001726 0.571890 0.820328 0.000000 0.000000 0.000000 0.000000 1.000000
0.999991 0.004182 -0.000811 -0.001900 -0.003894 0.820319 -0.571892 2.145600 -0.001727 0.571890 0.820328 0.000000 0.000000 0.000000 0.000000 1.000000
0.999991 0.004181 -0.000811 -0.001900 -0.003894 0.820320 -0.571892 2.145600 -0.001726 0.571890 0.820328 0.000000 0.000000 0.000000 0.000000 1.000000
0.999991 0.004182 -0.000811 -0.001900 -0.003894 0.820320 -0.571892 2.145600 -0.001727 0.571890 0.820328 -0.000000 0.000000 0.000000 0.000000 1.000000
0.999991 0.004181 -0.000811 -0.001900 -0.003894 0.820320 -0.571892 2.145600 -0.001726 0.571890 0.820328 -0.000000 0.000000 0.000000 0.000000 1.000000
0.999991 0.004182 -0.000811 -0.001900 -0.003894 0.820320 -0.571892 2.145600 -0.001726 0.571890 0.820328 0.000000 0.000000 0.000000 0.000000 1.000000
0.999991 0.004182 -0.000811 -0.001900 -0.003894 0.820320 -0.571892 2.145600 -0.001726 0.571890 0.820328 -0.000000 0.000000 0.000000 0.000000 1.000000
0.999991 0.004182 -0.000811 -0.001900 -0.003894 0.820320 -0.571892 2.145600 -0.001726 0.571890 0.820328 0.000000 0.000000 0.000000 0.000000 1.000000
0.999991 0.004182 -0.000811 -0.001900 -0.003894 0.820320 -0.571892 2.145600 -0.001726 0.571890 0.820328 0.000000 0.000000 0.000000 0.000000 1.000000
0.999991 0.004182 -0.000811 -0.001900 -0.003894 0.820320 -0.571892 2.145600 -0.001726 0.571890 0.820328 0.000000 0.000000 0.000000 0.000000 1.000000
0.999991 0.004182 -0.000811 -0.001900 -0.003894 0.820320 -0.571892 2.145600 -0.001726 0.571890 0.820328 0.000000 0.000000 0.000000 0.000000 1.000000
0.999991 0.004182 -0.000811 -0.001900 -0.003894 0.820320 -0.571892 2.145600 -0.001726 0.571890 0.820328 0.000000 0.000000 0.000000 0.000000 1.000000
0.999991 0.004182 -0.000811 -0.001900 -0.003894 0.820320 -0.571892 2.145600 -0.001726 0.571890 0.820328 -0.000000 0.000000 0.000000 0.000000 1.000000
0.999991 0.004181 -0.000811 -0.001900 -0.003894 0.820320 -0.571892 2.145600 -0.001726 0.571890 0.820328 0.000000 0.000000 0.000000 0.000000 1.000000
0.999991 0.004181 -0.000811 -0.001900 -0.003894 0.820320 -0.571892 2.145600 -0.001726 0.571890 0.820328 0.000000 0.000000 0.000000 0.000000 1.000000
0.999991 0.004182 -0.000811 -0.001900 -0.003894 0.820319 -0.571892 2.145600 -0.001727 0.571890 0.820328 0.000000 0.000000 0.000000 0.000000 1.000000
0.999991 0.004182 -0.000811 -0.001900 -0.003894 0.820319 -0.571892 2.145600 -0.001726 0.571890 0.820328 0.000000 0.000000 0.000000 0.000000 1.000000
0.999991 0.004182 -0.000811 -0.001900 -0.003894 0.820320 -0.571892 2.145600 -0.001726 0.571890 0.820328 0.000000 0.000000 0.000000 0.000000 1.000000
0.999991 0.004182 -0.000811 -0.001900 -0.003894 0.820320 -0.571892 2.145600 -0.001727 0.571890 0.820328 0.000000 0.000000 0.000000 0.000000 1.000000
0.999991 0.004182 -0.000810 -0.001900 -0.003894 0.820320 -0.571892 2.145600 -0.001727 0.571890 0.820329 0.000000 0.000000 0.000000 0.000000 1.000000
0.999991 0.004181 -0.000811 -0.001900 -0.003894 0.820320 -0.571892 2.145600 -0.001726 0.571890 0.820329 -0.000000 0.000000 0.000000 0.000000 1.000000
0.999991 0.004182 -0.000811 -0.001900 -0.003894 0.820320 -0.571892 2.145600 -0.001726 0.571890 0.820329 0.000000 0.000000 0.000000 0.000000 1.000000
0.999991 0.004182 -0.000811 -0.001900 -0.003894 0.820319 -0.571892 2.145600 -0.001726 0.571890 0.820328 0.000000 0.000000 0.000000 0.000000 1.000000
0.999991 0.004182 -0.000811 -0.001900 -0.003894 0.820320 -0.571892 2.145600 -0.001727 0.571890 0.820328 -0.000000 0.000000 0.000000 0.000000 1.000000
0.999991 0.004182 -0.000811 -0.001900 -0.003894 0.820320 -0.571892 2.145600 -0.001726 0.571890 0.820328 -0.000000 0.000000 0.000000 0.000000 1.000000
0.999991 0.004182 -0.000811 -0.001900 -0.003894 0.820320 -0.571892 2.145600 -0.001726 0.571890 0.820329 -0.000000 0.000000 0.000000 0.000000 1.000000
0.999991 0.004182 -0.000811 -0.001900 -0.003894 0.820320 -0.571892 2.145600 -0.001726 0.571890 0.820328 0.000000 0.000000 0.000000 0.000000 1.000000
0.999991 0.004182 -0.000811 -0.001900 -0.003894 0.820319 -0.571892 2.145600 -0.001727 0.571890 0.820328 0.000000 0.000000 0.000000 0.000000 1.000000
0.999991 0.004182 -0.000811 -0.001900 -0.003894 0.820320 -0.571892 2.145600 -0.001726 0.571890 0.820329 0.000000 0.000000 0.000000 0.000000 1.000000
0.999991 0.004181 -0.000811 -0.001900 -0.003894 0.820320 -0.571892 2.145600 -0.001726 0.571890 0.820328 0.000000 0.000000 0.000000 0.000000 1.000000</float_array>
        <technique_common>
          <accessor source="#mixamorig2_RightHandPinky3-Matrix-animation-output-transform-array" count="31" stride="16">
            <param type="float4x4"/>
          </accessor>
        </technique_common>
      </source>
      <source id="mixamorig2_RightHandPinky3-Interpolations">
        <Name_array id="mixamorig2_RightHandPinky3-Interpolations-array" count="31">
 LINEAR LINEAR LINEAR LINEAR LINEAR LINEAR LINEAR LINEAR LINEAR LINEAR LINEAR
LINEAR LINEAR LINEAR LINEAR LINEAR LINEAR LINEAR LINEAR LINEAR LINEAR LINEAR LINEAR
LINEAR LINEAR LINEAR LINEAR LINEAR LINEAR LINEAR LINEAR</Name_array>
        <technique_common>
          <accessor source="#mixamorig2_RightHandPinky3-Interpolations-array" count="31">
            <param type="name"/>
          </accessor>
        </technique_common>
      </source>
      <sampler id="mixamorig2_RightHandPinky3-Matrix-animation-transform">
        <input semantic="INPUT" source="#mixamorig2_RightHandPinky3-Matrix-animation-input"/>
        <input semantic="OUTPUT" source="#mixamorig2_RightHandPinky3-Matrix-animation-output-transform"/>
        <input semantic="INTERPOLATION" source="#mixamorig2_RightHandPinky3-Interpolations"/>
      </sampler>
      <channel source="#mixamorig2_RightHandPinky3-Matrix-animation-transform" target="mixamorig2_RightHandPinky3/matrix"/>
    </animation>
    <animation id="mixamorig2_LeftUpLeg-anim" name="mixamorig2_LeftUpLeg">
      <source id="mixamorig2_LeftUpLeg-Matrix-animation-input">
        <float_array id="mixamorig2_LeftUpLeg-Matrix-animation-input-array" count="31">

0.000000 0.033333 0.066667 0.100000 0.133333 0.166667 0.200000 0.233333 0.266667 0.300000 0.333333 0.366667 0.400000 0.433333 0.466667 0.500000
0.533333 0.566667 0.600000 0.633333 0.666667 0.700000 0.733333 0.766667 0.800000 0.833333 0.866667 0.900000 0.933333 0.966667 1.000000</float_array>
        <technique_common>
          <accessor source="#mixamorig2_LeftUpLeg-Matrix-animation-input-array" count="31">
            <param name="TIME" type="float"/>
          </accessor>
        </technique_common>
      </source>
      <source id="mixamorig2_LeftUpLeg-Matrix-animation-output-transform">
        <float_array id="mixamorig2_LeftUpLeg-Matrix-animation-output-transform-array" count="496">

-0.669102 0.661286 0.339122 8.899700 -0.490067 -0.735654 0.467598 -4.969700 0.558692 0.146679 0.816302 -0.781600 0.000000 0.000000 0.000000 1.000000
-0.642704 0.667744 0.375565 8.899700 -0.501880 -0.737356 0.452131 -4.969700 0.578833 0.102097 0.809029 -0.781600 0.000000 0.000000 0.000000 1.000000
-0.613140 0.676211 0.408410 8.899700 -0.514879 -0.734171 0.442599 -4.969700 0.599132 0.061093 0.798316 -0.781600 0.000000 0.000000 0.000000 1.000000
-0.578059 0.689593 0.436244 8.899700 -0.533613 -0.723922 0.437258 -4.969700 0.617337 0.019975 0.786445 -0.781600 0.000000 0.000000 0.000000 1.000000
-0.528245 0.744312 0.408603 8.899700 -0.559851 -0.667119 0.491447 -4.969700 0.638377 0.030847 0.769106 -0.781600 0.000000 0.000000 0.000000 1.000000
-0.469012 0.802725 0.368322 8.899700 -0.583825 -0.594711 0.552691 -4.969700 0.662704 0.044183 0.747577 -0.781600 0.000000 0.000000 0.000000 1.000000
-0.416271 0.843816 0.338664 8.899700 -0.595500 -0.534483 0.599757 -4.969700 0.687094 0.047987 0.724982 -0.781600 0.000000 0.000000 0.000000 1.000000
-0.388987 0.869190 0.305284 8.899700 -0.581858 -0.488722 0.650071 -4.969700 0.714234 0.075237 0.695851 -0.781600 0.000000 0.000000 0.000000 1.000000
-0.379973 0.890228 0.251227 8.899700 -0.554152 -0.436544 0.708763 -4.969700 0.740632 0.130093 0.659196 -0.781600 0.000000 0.000000 0.000000 1.000000
-0.383729 0.898761 0.212087 8.899700 -0.524726 -0.401205 0.750798 -4.969700 0.759878 0.176815 0.625557 -0.781600 0.000000 0.000000 0.000000 1.000000
-0.377307 0.905424 0.194540 8.899700 -0.512022 -0.378993 0.770842 -4.969700 0.771668 0.191235 0.606595 -0.781600 0.000000 0.000000 0.000000 1.000000
-0.372928 0.907956 0.191154 8.899700 -0.505235 -0.371506 0.778923 -4.969700 0.778243 0.193905 0.597276 -0.781600 0.000000 0.000000 0.000000 1.000000
-0.430134 0.888155 0.161759 8.899700 -0.486463 -0.378972 0.787232 -4.969700 0.760485 0.259926 0.595063 -0.781600 0.000000 0.000000 0.000000 1.000000
-0.570127 0.814458 0.107767 8.899700 -0.453789 -0.421538 0.785100 -4.969700 0.684858 0.398703 0.609922 -0.781600 0.000000 0.000000 0.000000 1.000000
-0.738195 0.672368 0.054669 8.899700 -0.389983 -0.491478 0.778693 -4.969700 0.550437 0.553508 0.625018 -0.781600 0.000000 0.000000 0.000000 1.000000
-0.874806 0.484397 0.008645 8.899700 -0.303460 -0.561774 0.769625 -4.969700 0.377660 0.670649 0.638438 -0.781600 0.000000 0.000000 0.000000 1.000000
-0.953075 0.301841 -0.023256 8.899700 -0.213434 -0.615469 0.758712 -4.969700 0.214697 0.728072 0.651011 -0.781600 0.000000 0.000000 0.000000 1.000000
-0.984451 0.172960 -0.030666 8.899700 -0.134695 -0.631231 0.763810 -4.969700 0.112752 0.756064 0.644713 -0.781600 0.000000 0.000000 0.000000 1.000000
-0.996392 0.083792 -0.013514 8.899700 -0.062894 -0.622009 0.780480 -4.969700 0.056992 0.778514 0.625035 -0.781600 0.000000 0.000000 0.000000 1.000000
-0.999506 0.031341 -0.002300 8.899700 -0.020685 -0.601042 0.798950 -4.969700 0.023658 0.798603 0.601393 -0.781600 0.000000 0.000000 0.000000 1.000000
-0.999639 0.026745 -0.002414 8.899700 -0.017496 -0.580494 0.814077 -4.969700 0.020371 0.813825 0.580752 -0.781600 0.000000 0.000000 0.000000 1.000000
-0.999629 0.026973 -0.003840 8.899700 -0.018251 -0.558320 0.829425 -4.969700 0.020228 0.829187 0.558606 -0.781600 0.000000 0.000000 0.000000 1.000000
-0.999208 0.038345 -0.010595 8.899700 -0.029245 -0.527467 0.849072 -4.969700 0.026969 0.848710 0.528171 -0.781600 0.000000 0.000000 0.000000 1.000000
-0.998224 0.055157 -0.022515 8.899700 -0.046217 -0.478502 0.876869 -4.969700 0.037592 0.876352 0.480201 -0.781600 0.000000 0.000000 0.000000 1.000000
-0.996846 0.070567 -0.036302 8.899700 -0.063020 -0.425938 0.902555 -4.969700 0.048228 0.901996 0.429042 -0.781600 0.000000 0.000000 0.000000 1.000000
-0.995016 0.085513 -0.051285 8.899700 -0.080435 -0.384385 0.919662 -4.969700 0.058930 0.919204 0.389348 -0.781600 0.000000 0.000000 0.000000 1.000000
-0.993776 0.093575 -0.060444 8.899700 -0.090261 -0.358360 0.929210 -4.969700 0.065290 0.928882 0.364576 -0.781600 0.000000 0.000000 0.000000 1.000000
-0.994141 0.090118 -0.059677 8.899700 -0.087405 -0.345471 0.934350 -4.969700 0.063585 0.934092 0.351324 -0.781600 0.000000 0.000000 0.000000 1.000000
-0.993364 0.096031 -0.063300 8.899700 -0.092262 -0.336688 0.937085 -4.969700 0.068677 0.936706 0.343314 -0.781600 0.000000 0.000000 0.000000 1.000000
-0.991289 0.111209 -0.070560 8.899700 -0.104728 -0.340714 0.934316 -4.969700 0.079863 0.933567 0.349392 -0.781600 0.000000 0.000000 0.000000 1.000000
-0.990653 0.118228 -0.068029 8.899700 -0.106303 -0.356659 0.928167 -4.969700 0.085472 0.926723 0.365894 -0.781600 0.000000 0.000000 0.000000 1.000000</float_array>
        <technique_common>
          <accessor source="#mixamorig2_LeftUpLeg-Matrix-animation-output-transform-array" count="31" stride="16">
            <param type="float4x4"/>
          </accessor>
        </technique_common>
      </source>
      <source id="mixamorig2_LeftUpLeg-Interpolations">
        <Name_array id="mixamorig2_LeftUpLeg-Interpolations-array" count="31">
 LINEAR LINEAR LINEAR LINEAR LINEAR LINEAR LINEAR LINEAR LINEAR LINEAR LINEAR
LINEAR LINEAR LINEAR LINEAR LINEAR LINEAR LINEAR LINEAR LINEAR LINEAR LINEAR LINEAR
LINEAR LINEAR LINEAR LINEAR LINEAR LINEAR LINEAR LINEAR</Name_array>
        <technique_common>
          <accessor source="#mixamorig2_LeftUpLeg-Interpolations-array" count="31">
            <param type="name"/>
          </accessor>
        </technique_common>
      </source>
      <sampler id="mixamorig2_LeftUpLeg-Matrix-animation-transform">
        <input semantic="INPUT" source="#mixamorig2_LeftUpLeg-Matrix-animation-input"/>
        <input semantic="OUTPUT" source="#mixamorig2_LeftUpLeg-Matrix-animation-output-transform"/>
        <input semantic="INTERPOLATION" source="#mixamorig2_LeftUpLeg-Interpolations"/>
      </sampler>
      <channel source="#mixamorig2_LeftUpLeg-Matrix-animation-transform" target="mixamorig2_LeftUpLeg/matrix"/>
    </animation>
    <animation id="mixamorig2_LeftLeg-anim" name="mixamorig2_LeftLeg">
      <source id="mixamorig2_LeftLeg-Matrix-animation-input">
        <float_array id="mixamorig2_LeftLeg-Matrix-animation-input-array" count="31">

0.000000 0.033333 0.066667 0.100000 0.133333 0.166667 0.200000 0.233333 0.266667 0.300000 0.333333 0.366667 0.400000 0.433333 0.466667 0.500000
0.533333 0.566667 0.600000 0.633333 0.666667 0.700000 0.733333 0.766667 0.800000 0.833333 0.866667 0.900000 0.933333 0.966667 1.000000</float_array>
        <technique_common>
          <accessor source="#mixamorig2_LeftLeg-Matrix-animation-input-array" count="31">
            <param name="TIME" type="float"/>
          </accessor>
        </technique_common>
      </source>
      <source id="mixamorig2_LeftLeg-Matrix-animation-output-transform">
        <float_array id="mixamorig2_LeftLeg-Matrix-animation-output-transform-array" count="496">

0.906332 0.102233 -0.410013 0.000000 0.062568 0.927131 0.369477 42.865002 0.417908 -0.360522 0.833892 0.000000 0.000000 0.000000 0.000000 1.000000
0.852556 0.102781 -0.512430 0.000000 0.090969 0.936323 0.339152 42.865002 0.514659 -0.335761 0.788918 -0.000000 0.000000 0.000000 0.000000 1.000000
0.821100 0.106870 -0.560690 0.000000 0.099141 0.940681 0.324484 42.865002 0.562108 -0.322021 0.761799 -0.000000 0.000000 0.000000 0.000000 1.000000
0.803221 0.126338 -0.582130 -0.000000 0.072727 0.949141 0.306338 42.865002 0.591225 -0.288393 0.753182 0.000000 0.000000 0.000000 0.000000 1.000000
0.798180 0.181032 -0.574575 0.000000 0.098442 0.901763 0.420872 42.865002 0.594322 -0.392494 0.701947 0.000000 0.000000 0.000000 0.000000 1.000000
0.759742 0.256668 -0.597423 0.000000 0.144451 0.829210 0.539949 42.865002 0.633977 -0.496520 0.592909 0.000000 0.000000 0.000000 0.000000 1.000000
0.706138 0.326330 -0.628393 -0.000000 0.188150 0.769088 0.610822 42.865002 0.682619 -0.549557 0.481683 0.000000 0.000000 0.000000 0.000000 1.000000
0.696724 0.381441 -0.607518 -0.000000 0.193205 0.715826 0.671018 42.865002 0.690831 -0.584890 0.425037 0.000000 0.000000 0.000000 0.000000 1.000000
0.735345 0.421892 -0.530353 -0.000000 0.201971 0.610591 0.765759 42.865002 0.646896 -0.670213 0.363785 0.000000 0.000000 0.000000 0.000000 1.000000
0.781197 0.437658 -0.445182 -0.000000 0.185579 0.518069 0.834964 42.865002 0.596064 -0.734888 0.323493 0.000000 0.000000 0.000000 0.000000 1.000000
0.802439 0.445495 -0.397022 0.000000 0.196838 0.430479 0.880876 42.865002 0.563336 -0.784998 0.257743 0.000000 0.000000 0.000000 0.000000 1.000000
0.824394 0.441799 -0.353818 0.000000 0.203361 0.352174 0.913574 42.865002 0.528222 -0.825098 0.200486 -0.000000 0.000000 0.000000 0.000000 1.000000
0.849017 0.421305 -0.318862 0.000000 0.201747 0.299268 0.932597 42.865002 0.488332 -0.856120 0.169086 0.000000 0.000000 0.000000 0.000000 1.000000
0.876792 0.345580 -0.334379 -0.000000 0.233358 0.302213 0.924236 42.865002 0.420451 -0.888393 0.184334 0.000000 0.000000 0.000000 0.000000 1.000000
0.900688 0.226814 -0.370563 0.000000 0.275210 0.362128 0.890574 42.865002 0.336186 -0.904112 0.263742 0.000000 0.000000 0.000000 0.000000 1.000000
0.917478 0.096612 -0.385875 -0.000000 0.304632 0.453151 0.837767 42.865002 0.255798 -0.886183 0.386325 0.000000 0.000000 0.000000 0.000000 1.000000
0.936366 -0.006538 -0.350965 0.000000 0.297659 0.544742 0.784000 42.865002 0.186060 -0.838578 0.512024 0.000000 0.000000 0.000000 0.000000 1.000000
0.997038 -0.052802 0.055917 -0.000000 -0.014727 0.582532 0.812674 42.865002 -0.075485 -0.811091 0.580029 0.000000 0.000000 0.000000 0.000000 1.000000
0.980367 -0.045241 0.191922 0.000000 -0.130496 0.580815 0.803508 42.865002 -0.147823 -0.812777 0.563508 0.000000 0.000000 0.000000 0.000000 1.000000
0.974546 -0.022364 0.223069 -0.000000 -0.175900 0.540616 0.822675 42.865002 -0.138993 -0.840972 0.522921 -0.000000 0.000000 0.000000 0.000000 1.000000
0.974587 0.007409 0.223889 0.000000 -0.200056 0.478475 0.855008 42.865002 -0.100791 -0.878070 0.467798 0.000000 0.000000 0.000000 0.000000 1.000000
0.973943 0.036224 0.223880 0.000000 -0.218050 0.420992 0.880466 42.865002 -0.062358 -0.906341 0.417921 0.000000 0.000000 0.000000 0.000000 1.000000
0.976032 0.056861 0.210070 0.000000 -0.216440 0.354379 0.909708 42.865002 -0.022717 -0.933372 0.358192 0.000000 0.000000 0.000000 0.000000 1.000000
0.976564 0.063994 0.205491 0.000000 -0.215179 0.270644 0.938323 42.865002 0.004432 -0.960550 0.278072 0.000000 0.000000 0.000000 0.000000 1.000000
0.972489 0.066759 0.223179 0.000000 -0.232199 0.200963 0.951681 42.865002 0.018682 -0.977321 0.210936 0.000000 0.000000 0.000000 0.000000 1.000000
0.960515 0.067708 0.269865 -0.000000 -0.277639 0.170116 0.945503 42.865002 0.018110 -0.983095 0.182198 0.000000 0.000000 0.000000 0.000000 1.000000
0.952962 0.068051 0.295352 0.000000 -0.302875 0.177125 0.936426 42.865002 0.011410 -0.981833 0.189405 0.000000 0.000000 0.000000 0.000000 1.000000
0.951591 0.068095 0.299729 0.000000 -0.307366 0.208672 0.928430 42.865002 0.000676 -0.975612 0.219500 0.000000 0.000000 0.000000 0.000000 1.000000
0.950762 0.067834 0.302406 0.000000 -0.309676 0.246763 0.918264 42.865002 -0.012333 -0.966699 0.255619 0.000000 0.000000 0.000000 0.000000 1.000000
0.955842 0.050294 0.289547 -0.000000 -0.292036 0.272837 0.916665 42.865002 -0.032896 -0.960745 0.275477 0.000000 0.000000 0.000000 0.000000 1.000000
0.965498 0.009627 0.260233 0.000000 -0.251381 0.295333 0.921730 42.865002 -0.067981 -0.955346 0.287563 0.000000 0.000000 0.000000 0.000000 1.000000</float_array>
        <technique_common>
          <accessor source="#mixamorig2_LeftLeg-Matrix-animation-output-transform-array" count="31" stride="16">
            <param type="float4x4"/>
          </accessor>
        </technique_common>
      </source>
      <source id="mixamorig2_LeftLeg-Interpolations">
        <Name_array id="mixamorig2_LeftLeg-Interpolations-array" count="31">
 LINEAR LINEAR LINEAR LINEAR LINEAR LINEAR LINEAR LINEAR LINEAR LINEAR LINEAR
LINEAR LINEAR LINEAR LINEAR LINEAR LINEAR LINEAR LINEAR LINEAR LINEAR LINEAR LINEAR
LINEAR LINEAR LINEAR LINEAR LINEAR LINEAR LINEAR LINEAR</Name_array>
        <technique_common>
          <accessor source="#mixamorig2_LeftLeg-Interpolations-array" count="31">
            <param type="name"/>
          </accessor>
        </technique_common>
      </source>
      <sampler id="mixamorig2_LeftLeg-Matrix-animation-transform">
        <input semantic="INPUT" source="#mixamorig2_LeftLeg-Matrix-animation-input"/>
        <input semantic="OUTPUT" source="#mixamorig2_LeftLeg-Matrix-animation-output-transform"/>
        <input semantic="INTERPOLATION" source="#mixamorig2_LeftLeg-Interpolations"/>
      </sampler>
      <channel source="#mixamorig2_LeftLeg-Matrix-animation-transform" target="mixamorig2_LeftLeg/matrix"/>
    </animation>
    <animation id="mixamorig2_LeftFoot-anim" name="mixamorig2_LeftFoot">
      <source id="mixamorig2_LeftFoot-Matrix-animation-input">
        <float_array id="mixamorig2_LeftFoot-Matrix-animation-input-array" count="31">

0.000000 0.033333 0.066667 0.100000 0.133333 0.166667 0.200000 0.233333 0.266667 0.300000 0.333333 0.366667 0.400000 0.433333 0.466667 0.500000
0.533333 0.566667 0.600000 0.633333 0.666667 0.700000 0.733333 0.766667 0.800000 0.833333 0.866667 0.900000 0.933333 0.966667 1.000000</float_array>
        <technique_common>
          <accessor source="#mixamorig2_LeftFoot-Matrix-animation-input-array" count="31">
            <param name="TIME" type="float"/>
          </accessor>
        </technique_common>
      </source>
      <source id="mixamorig2_LeftFoot-Matrix-animation-output-transform">
        <float_array id="mixamorig2_LeftFoot-Matrix-animation-output-transform-array" count="496">

0.922329 0.285413 -0.260478 0.000000 -0.382730 0.582034 -0.717463 42.837601 -0.053166 0.761430 0.646063 0.000000 0.000000 0.000000 0.000000 1.000000
0.934273 0.270531 -0.232263 0.000000 -0.350101 0.572633 -0.741297 42.837601 -0.067542 0.773889 0.629709 -0.000000 0.000000 0.000000 0.000000 1.000000
0.953554 0.240733 -0.181058 0.000000 -0.292744 0.599013 -0.745308 42.837601 -0.070964 0.763695 0.641665 0.000000 0.000000 0.000000 0.000000 1.000000
0.978475 0.188622 -0.083714 0.000000 -0.190451 0.669176 -0.718284 42.837601 -0.079465 0.718767 0.690695 0.000000 0.000000 0.000000 0.000000 1.000000
0.987573 0.156651 -0.012627 0.000000 -0.121835 0.712372 -0.691145 42.837601 -0.099274 0.684095 0.722606 -0.000000 0.000000 0.000000 0.000000 1.000000
0.992612 0.121321 0.001346 -0.000000 -0.091267 0.753934 -0.650580 42.837601 -0.079944 0.645651 0.759437 -0.000000 0.000000 0.000000 0.000000 1.000000
0.998640 0.041362 0.031725 0.000000 -0.013596 0.794213 -0.607487 42.837601 -0.050323 0.606230 0.793696 -0.000000 0.000000 0.000000 0.000000 1.000000
0.995493 -0.020803 0.092526 0.000000 0.075423 0.765119 -0.639457 42.837601 -0.057491 0.643553 0.763239 0.000000 0.000000 0.000000 0.000000 1.000000
0.986698 -0.019918 0.161342 -0.000000 0.135087 0.652590 -0.745572 42.837601 -0.090439 0.757450 0.646600 0.000000 0.000000 0.000000 0.000000 1.000000
0.984514 0.009356 0.175057 -0.000000 0.137532 0.577992 -0.804369 42.837601 -0.108707 0.815989 0.567755 0.000000 0.000000 0.000000 0.000000 1.000000
0.979581 0.057832 0.192554 0.000000 0.138645 0.499270 -0.855282 42.837601 -0.145599 0.864514 0.481057 0.000000 0.000000 0.000000 0.000000 1.000000
0.976582 0.104144 0.188259 0.000000 0.128945 0.417137 -0.899650 42.837601 -0.172223 0.902857 0.393939 0.000000 0.000000 0.000000 0.000000 1.000000
0.973673 0.139245 0.180476 -0.000000 0.124152 0.340060 -0.932173 42.837601 -0.191173 0.930038 0.313819 0.000000 0.000000 0.000000 0.000000 1.000000
0.979920 0.157055 0.122845 -0.000000 0.073466 0.288361 -0.954699 42.837601 -0.185364 0.944554 0.271033 0.000000 0.000000 0.000000 0.000000 1.000000
0.984553 0.163559 0.062480 0.000000 0.015846 0.272147 -0.962125 42.837601 -0.174368 0.948253 0.265352 -0.000000 0.000000 0.000000 0.000000 1.000000
0.983568 0.176403 0.038424 0.000000 -0.014180 0.287656 -0.957629 42.837601 -0.179981 0.941348 0.285431 0.000000 0.000000 0.000000 0.000000 1.000000
0.975257 0.210519 0.067501 0.000000 -0.002281 0.314895 -0.949124 42.837601 -0.221064 0.925485 0.307584 0.000000 0.000000 0.000000 0.000000 1.000000
0.998067 -0.045476 0.042351 0.000000 0.054947 0.327505 -0.943250 42.837601 0.029025 0.943754 0.329371 0.000000 0.000000 0.000000 0.000000 1.000000
0.985190 -0.096614 0.141655 0.000000 0.167011 0.353616 -0.920360 42.837601 0.038828 0.930388 0.364514 0.000000 0.000000 0.000000 0.000000 1.000000
0.968389 -0.113822 0.221963 0.000000 0.248866 0.380253 -0.890771 42.837601 0.016987 0.917852 0.396559 0.000000 0.000000 0.000000 0.000000 1.000000
0.950443 -0.163172 0.264637 0.000000 0.307244 0.362842 -0.879742 42.837601 0.047528 0.917453 0.394995 0.000000 0.000000 0.000000 0.000000 1.000000
0.932540 -0.211824 0.292403 0.000000 0.349622 0.327476 -0.877795 42.837601 0.090183 0.920809 0.379443 0.000000 0.000000 0.000000 0.000000 1.000000
0.923735 -0.220440 0.313242 0.000000 0.367820 0.282312 -0.886007 42.837601 0.106880 0.933652 0.341863 0.000000 0.000000 0.000000 0.000000 1.000000
0.926224 -0.204100 0.316943 0.000000 0.361499 0.242469 -0.900293 42.837601 0.106901 0.948447 0.298363 0.000000 0.000000 0.000000 0.000000 1.000000
0.933993 -0.192119 0.301243 0.000000 0.340603 0.224090 -0.913112 42.837601 0.107921 0.955444 0.274735 0.000000 0.000000 0.000000 0.000000 1.000000
0.943066 -0.165779 0.288347 -0.000000 0.321739 0.234897 -0.917228 42.837601 0.084326 0.957779 0.274861 -0.000000 0.000000 0.000000 0.000000 1.000000
0.950308 -0.119047 0.287651 0.000000 0.309583 0.264138 -0.913449 42.837601 0.032764 0.957110 0.287867 0.000000 0.000000 0.000000 0.000000 1.000000
0.953268 -0.067191 0.294558 0.000000 0.300947 0.297153 -0.906163 42.837601 -0.026642 0.952463 0.303487 -0.000000 0.000000 0.000000 0.000000 1.000000
0.961940 -0.049089 0.268816 0.000000 0.270346 0.314255 -0.910031 42.837601 -0.039804 0.948069 0.315565 0.000000 0.000000 0.000000 0.000000 1.000000
0.971703 -0.031820 0.234052 0.000000 0.231864 0.317594 -0.919442 42.837601 -0.045077 0.947693 0.315986 0.000000 0.000000 0.000000 0.000000 1.000000
0.982418 -0.013046 0.186240 0.000000 0.180872 0.313722 -0.932129 42.837601 -0.046267 0.949425 0.310565 -0.000000 0.000000 0.000000 0.000000 1.000000</float_array>
        <technique_common>
          <accessor source="#mixamorig2_LeftFoot-Matrix-animation-output-transform-array" count="31" stride="16">
            <param type="float4x4"/>
          </accessor>
        </technique_common>
      </source>
      <source id="mixamorig2_LeftFoot-Interpolations">
        <Name_array id="mixamorig2_LeftFoot-Interpolations-array" count="31">
 LINEAR LINEAR LINEAR LINEAR LINEAR LINEAR LINEAR LINEAR LINEAR LINEAR LINEAR
LINEAR LINEAR LINEAR LINEAR LINEAR LINEAR LINEAR LINEAR LINEAR LINEAR LINEAR LINEAR
LINEAR LINEAR LINEAR LINEAR LINEAR LINEAR LINEAR LINEAR</Name_array>
        <technique_common>
          <accessor source="#mixamorig2_LeftFoot-Interpolations-array" count="31">
            <param type="name"/>
          </accessor>
        </technique_common>
      </source>
      <sampler id="mixamorig2_LeftFoot-Matrix-animation-transform">
        <input semantic="INPUT" source="#mixamorig2_LeftFoot-Matrix-animation-input"/>
        <input semantic="OUTPUT" source="#mixamorig2_LeftFoot-Matrix-animation-output-transform"/>
        <input semantic="INTERPOLATION" source="#mixamorig2_LeftFoot-Interpolations"/>
      </sampler>
      <channel source="#mixamorig2_LeftFoot-Matrix-animation-transform" target="mixamorig2_LeftFoot/matrix"/>
    </animation>
    <animation id="mixamorig2_LeftToeBase-anim" name="mixamorig2_LeftToeBase">
      <source id="mixamorig2_LeftToeBase-Matrix-animation-input">
        <float_array id="mixamorig2_LeftToeBase-Matrix-animation-input-array" count="31">

0.000000 0.033333 0.066667 0.100000 0.133333 0.166667 0.200000 0.233333 0.266667 0.300000 0.333333 0.366667 0.400000 0.433333 0.466667 0.500000
0.533333 0.566667 0.600000 0.633333 0.666667 0.700000 0.733333 0.766667 0.800000 0.833333 0.866667 0.900000 0.933333 0.966667 1.000000</float_array>
        <technique_common>
          <accessor source="#mixamorig2_LeftToeBase-Matrix-animation-input-array" count="31">
            <param name="TIME" type="float"/>
          </accessor>
        </technique_common>
      </source>
      <source id="mixamorig2_LeftToeBase-Matrix-animation-output-transform">
        <float_array id="mixamorig2_LeftToeBase-Matrix-animation-output-transform-array" count="496">

0.994164 -0.060497 -0.089320 0.000000 -0.001104 0.822209 -0.569184 15.807000 0.107874 0.565961 0.817344 0.000000 0.000000 0.000000 0.000000 1.000000
0.994000 -0.056554 -0.093626 0.000000 -0.007339 0.819552 -0.572958 15.807000 0.109135 0.570207 0.814220 0.000000 0.000000 0.000000 0.000000 1.000000
0.993609 -0.046202 -0.102991 0.000000 -0.021059 0.820507 -0.571249 15.807000 0.110897 0.569767 0.814290 0.000000 0.000000 0.000000 0.000000 1.000000
0.992323 -0.024335 -0.121255 0.000000 -0.048241 0.826620 -0.560690 15.807000 0.113876 0.562235 0.819100 -0.000000 0.000000 0.000000 0.000000 1.000000
0.992960 -0.032504 -0.113904 0.000000 -0.037378 0.826500 -0.561695 15.807000 0.112399 0.561998 0.819466 0.000000 0.000000 0.000000 0.000000 1.000000
0.994269 -0.060251 -0.088314 -0.000000 0.000237 0.827309 -0.561747 15.807000 0.106909 0.558506 0.822582 0.000000 0.000000 0.000000 0.000000 1.000000
0.993533 -0.061734 -0.095291 0.000000 -0.004222 0.818598 -0.574351 15.807000 0.113462 0.571039 0.813044 -0.000000 0.000000 0.000000 0.000000 1.000000
0.987281 -0.069209 -0.143129 -0.000000 -0.025991 0.817902 -0.574770 15.807000 0.156844 0.571180 0.805701 0.000000 0.000000 0.000000 0.000000 1.000000
0.978121 -0.064480 -0.197792 0.000000 -0.058132 0.828170 -0.557454 15.807000 0.199750 0.556756 0.806302 0.000000 0.000000 0.000000 0.000000 1.000000
0.976742 -0.064613 -0.204452 -0.000000 -0.063713 0.822992 -0.564468 15.807000 0.204734 0.564366 0.799734 0.000000 0.000000 0.000000 0.000000 1.000000
0.976743 -0.064610 -0.204449 0.000000 -0.063707 0.823009 -0.564444 15.807000 0.204732 0.564342 0.799752 0.000000 0.000000 0.000000 0.000000 1.000000
0.976743 -0.064608 -0.204447 0.000000 -0.063706 0.823016 -0.564435 15.807000 0.204730 0.564332 0.799759 -0.000000 0.000000 0.000000 0.000000 1.000000
0.976743 -0.064607 -0.204447 0.000000 -0.063706 0.823016 -0.564435 15.807000 0.204730 0.564333 0.799759 0.000000 0.000000 0.000000 0.000000 1.000000
0.976743 -0.064608 -0.204448 -0.000000 -0.063708 0.823010 -0.564443 15.807000 0.204730 0.564341 0.799753 0.000000 0.000000 0.000000 0.000000 1.000000
0.976743 -0.064609 -0.204449 -0.000000 -0.063710 0.823003 -0.564454 15.807000 0.204731 0.564351 0.799745 0.000000 0.000000 0.000000 0.000000 1.000000
0.976742 -0.064611 -0.204450 -0.000000 -0.063712 0.822996 -0.564463 15.807000 0.204732 0.564361 0.799738 0.000000 0.000000 0.000000 0.000000 1.000000
0.976742 -0.064612 -0.204451 0.000000 -0.063713 0.822992 -0.564469 15.807000 0.204733 0.564366 0.799734 0.000000 0.000000 0.000000 0.000000 1.000000
0.977230 -0.090942 -0.191708 0.000000 -0.034943 0.822183 -0.568150 15.807000 0.209287 0.561912 0.800284 -0.000000 0.000000 0.000000 0.000000 1.000000
0.972443 -0.146062 -0.181715 0.000000 0.010303 0.805584 -0.592392 15.807000 0.232912 0.574195 0.784890 0.000000 0.000000 0.000000 0.000000 1.000000
0.961305 -0.201004 -0.188388 -0.000000 0.041627 0.781970 -0.621925 15.807000 0.272323 0.590017 0.760079 0.000000 0.000000 0.000000 0.000000 1.000000
0.945895 -0.247016 -0.210396 0.000000 0.055733 0.762471 -0.644617 15.807000 0.319652 0.598014 0.734984 0.000000 0.000000 0.000000 0.000000 1.000000
0.930082 -0.277801 -0.240361 -0.000000 0.056179 0.754177 -0.654264 15.807000 0.363030 0.595016 0.717053 0.000000 0.000000 0.000000 0.000000 1.000000
0.918880 -0.289834 -0.267688 0.000000 0.048157 0.755804 -0.653025 15.807000 0.391588 0.587160 0.708450 0.000000 0.000000 0.000000 0.000000 1.000000
0.918834 -0.264532 -0.292860 0.000000 0.012244 0.760837 -0.648827 15.807000 0.394455 0.592579 0.702322 0.000000 0.000000 0.000000 0.000000 1.000000
0.926283 -0.202310 -0.317915 0.000000 -0.053360 0.764740 -0.642126 15.807000 0.373031 0.611755 0.697570 0.000000 0.000000 0.000000 0.000000 1.000000
0.934533 -0.177750 -0.308307 0.000000 -0.064632 0.767151 -0.638203 15.807000 0.349959 0.616348 0.705439 0.000000 0.000000 0.000000 0.000000 1.000000
0.934883 -0.184306 -0.303358 0.000000 -0.055300 0.768571 -0.637370 15.807000 0.350623 0.612642 0.708331 -0.000000 0.000000 0.000000 0.000000 1.000000
0.931097 -0.202363 -0.303492 0.000000 -0.039683 0.770873 -0.635752 15.807000 0.362606 0.603990 0.709727 0.000000 0.000000 0.000000 0.000000 1.000000
0.925387 -0.222616 -0.306758 0.000000 -0.024246 0.772913 -0.634048 15.807000 0.378247 0.594178 0.709846 0.000000 0.000000 0.000000 0.000000 1.000000
0.920592 -0.236069 -0.311098 0.000000 -0.015441 0.773987 -0.633013 15.807000 0.390220 0.587551 0.708881 -0.000000 0.000000 0.000000 0.000000 1.000000
0.919998 -0.233982 -0.314413 0.000000 -0.019735 0.773558 -0.633418 15.807000 0.391425 0.588948 0.707055 0.000000 0.000000 0.000000 0.000000 1.000000</float_array>
        <technique_common>
          <accessor source="#mixamorig2_LeftToeBase-Matrix-animation-output-transform-array" count="31" stride="16">
            <param type="float4x4"/>
          </accessor>
        </technique_common>
      </source>
      <source id="mixamorig2_LeftToeBase-Interpolations">
        <Name_array id="mixamorig2_LeftToeBase-Interpolations-array" count="31">
 LINEAR LINEAR LINEAR LINEAR LINEAR LINEAR LINEAR LINEAR LINEAR LINEAR LINEAR
LINEAR LINEAR LINEAR LINEAR LINEAR LINEAR LINEAR LINEAR LINEAR LINEAR LINEAR LINEAR
LINEAR LINEAR LINEAR LINEAR LINEAR LINEAR LINEAR LINEAR</Name_array>
        <technique_common>
          <accessor source="#mixamorig2_LeftToeBase-Interpolations-array" count="31">
            <param type="name"/>
          </accessor>
        </technique_common>
      </source>
      <sampler id="mixamorig2_LeftToeBase-Matrix-animation-transform">
        <input semantic="INPUT" source="#mixamorig2_LeftToeBase-Matrix-animation-input"/>
        <input semantic="OUTPUT" source="#mixamorig2_LeftToeBase-Matrix-animation-output-transform"/>
        <input semantic="INTERPOLATION" source="#mixamorig2_LeftToeBase-Interpolations"/>
      </sampler>
      <channel source="#mixamorig2_LeftToeBase-Matrix-animation-transform" target="mixamorig2_LeftToeBase/matrix"/>
    </animation>
    <animation id="mixamorig2_RightUpLeg-anim" name="mixamorig2_RightUpLeg">
      <source id="mixamorig2_RightUpLeg-Matrix-animation-input">
        <float_array id="mixamorig2_RightUpLeg-Matrix-animation-input-array" count="31">

0.000000 0.033333 0.066667 0.100000 0.133333 0.166667 0.200000 0.233333 0.266667 0.300000 0.333333 0.366667 0.400000 0.433333 0.466667 0.500000
0.533333 0.566667 0.600000 0.633333 0.666667 0.700000 0.733333 0.766667 0.800000 0.833333 0.866667 0.900000 0.933333 0.966667 1.000000</float_array>
        <technique_common>
          <accessor source="#mixamorig2_RightUpLeg-Matrix-animation-input-array" count="31">
            <param name="TIME" type="float"/>
          </accessor>
        </technique_common>
      </source>
      <source id="mixamorig2_RightUpLeg-Matrix-animation-output-transform">
        <float_array id="mixamorig2_RightUpLeg-Matrix-animation-output-transform-array" count="496">

-0.919074 -0.377388 0.113494 -8.899700 0.392796 -0.853986 0.341202 -4.969700 -0.031843 0.358170 0.933113 -0.953900 0.000000 0.000000 0.000000 1.000000
-0.908203 -0.393718 0.141963 -8.899700 0.418496 -0.849947 0.320081 -4.969700 -0.005361 0.350109 0.936694 -0.953900 0.000000 0.000000 0.000000 1.000000
-0.895998 -0.413285 0.162429 -8.899700 0.443598 -0.849679 0.285073 -4.969700 0.020196 0.327478 0.944643 -0.953900 0.000000 0.000000 0.000000 1.000000
-0.881351 -0.436142 0.181661 -8.899700 0.470257 -0.846903 0.248219 -4.969700 0.045591 0.304196 0.951518 -0.953900 0.000000 0.000000 0.000000 1.000000
-0.860511 -0.468884 0.199171 -8.899700 0.504479 -0.838705 0.205121 -4.969700 0.070867 0.276987 0.958257 -0.953900 0.000000 0.000000 0.000000 1.000000
-0.839179 -0.506055 0.199215 -8.899700 0.535209 -0.833494 0.137253 -4.969700 0.096587 0.221802 0.970296 -0.953900 0.000000 0.000000 0.000000 1.000000
-0.825525 -0.533465 0.184184 -8.899700 0.551119 -0.832304 0.059489 -4.969700 0.121562 0.150617 0.981090 -0.953900 0.000000 0.000000 0.000000 1.000000
-0.827189 -0.540923 0.152189 -8.899700 0.542293 -0.839417 -0.036012 -4.969700 0.147229 0.052742 0.987695 -0.953900 0.000000 0.000000 0.000000 1.000000
-0.836546 -0.528345 0.145058 -8.899700 0.520161 -0.849027 -0.092658 -4.969700 0.172113 -0.002059 0.985075 -0.953900 0.000000 0.000000 0.000000 1.000000
-0.835792 -0.527222 0.153260 -8.899700 0.512444 -0.849280 -0.126987 -4.969700 0.197110 -0.027597 0.979993 -0.953900 0.000000 0.000000 0.000000 1.000000
-0.839378 -0.516472 0.169417 -8.899700 0.498185 -0.855656 -0.140229 -4.969700 0.217387 -0.033304 0.975517 -0.953900 0.000000 0.000000 0.000000 1.000000
-0.843473 -0.513599 0.157383 -8.899700 0.485663 -0.854320 -0.185118 -4.969700 0.229532 -0.079707 0.970032 -0.953900 0.000000 0.000000 0.000000 1.000000
-0.886237 -0.425337 0.183501 -8.899700 0.412894 -0.904897 -0.103346 -4.969700 0.210007 -0.015822 0.977572 -0.953900 0.000000 0.000000 0.000000 1.000000
-0.937969 -0.306748 0.161613 -8.899700 0.314218 -0.949090 0.022245 -4.969700 0.146562 0.071647 0.986603 -0.953900 0.000000 0.000000 0.000000 1.000000
-0.978394 -0.202647 0.040983 -8.899700 0.206705 -0.962912 0.173417 -4.969700 0.004321 0.178142 0.983995 -0.953900 0.000000 0.000000 0.000000 1.000000
-0.981641 -0.141597 -0.127794 -8.899700 0.096095 -0.945895 0.309916 -4.969700 -0.164763 0.291945 0.942136 -0.953900 0.000000 0.000000 0.000000 1.000000
-0.951539 -0.134853 -0.276386 -8.899700 0.005781 -0.906413 0.422353 -4.969700 -0.307475 0.400287 0.863267 -0.953900 0.000000 0.000000 0.000000 1.000000
-0.906605 -0.197690 -0.372808 -8.899700 -0.033180 -0.847342 0.530011 -4.969700 -0.420674 0.492880 0.761645 -0.953900 0.000000 0.000000 0.000000 1.000000
-0.852414 -0.327089 -0.407925 -8.899700 -0.003356 -0.776731 0.629823 -4.969700 -0.522857 0.538239 0.660999 -0.953900 0.000000 0.000000 0.000000 1.000000
-0.778314 -0.473575 -0.412255 -8.899700 0.070314 -0.718199 0.692276 -4.969700 -0.623925 0.509821 0.592283 -0.953900 0.000000 0.000000 0.000000 1.000000
-0.694770 -0.584036 -0.419758 -8.899700 0.145629 -0.685765 0.713105 -4.969700 -0.704334 0.434315 0.561501 -0.953900 0.000000 0.000000 0.000000 1.000000
-0.593494 -0.710339 -0.378396 -8.899700 0.234596 -0.602417 0.762927 -4.969700 -0.769889 0.364023 0.524174 -0.953900 0.000000 0.000000 0.000000 1.000000
-0.501700 -0.773132 -0.388026 -8.899700 0.294112 -0.574294 0.763992 -4.969700 -0.813508 0.269172 0.515511 -0.953900 0.000000 0.000000 0.000000 1.000000
-0.434782 -0.761591 -0.480567 -8.899700 0.329595 -0.631196 0.702110 -4.969700 -0.838052 0.146873 0.525449 -0.953900 0.000000 0.000000 0.000000 1.000000
-0.407863 -0.775008 -0.482712 -8.899700 0.342555 -0.619953 0.705914 -4.969700 -0.846347 0.122561 0.518339 -0.953900 0.000000 0.000000 0.000000 1.000000
-0.396623 -0.804494 -0.442132 -8.899700 0.351768 -0.578065 0.736275 -4.969700 -0.847909 0.136496 0.512269 -0.953900 0.000000 0.000000 0.000000 1.000000
-0.391305 -0.813031 -0.431117 -8.899700 0.356069 -0.565746 0.743738 -4.969700 -0.848584 0.137521 0.510874 -0.953900 0.000000 0.000000 0.000000 1.000000
-0.390507 -0.814040 -0.429935 -8.899700 0.356439 -0.564286 0.744669 -4.969700 -0.848796 0.137553 0.510513 -0.953900 0.000000 0.000000 0.000000 1.000000
-0.410818 -0.817956 -0.402713 -8.899700 0.336501 -0.546554 0.766841 -4.969700 -0.847346 0.179518 0.499777 -0.953900 0.000000 0.000000 0.000000 1.000000
-0.437485 -0.815127 -0.379703 -8.899700 0.317022 -0.534955 0.783147 -4.969700 -0.841489 0.222241 0.492449 -0.953900 0.000000 0.000000 0.000000 1.000000
-0.468246 -0.807112 -0.359604 -8.899700 0.301716 -0.528564 0.793466 -4.969700 -0.830490 0.263039 0.491016 -0.953900 0.000000 0.000000 0.000000 1.000000</float_array>
        <technique_common>
          <accessor source="#mixamorig2_RightUpLeg-Matrix-animation-output-transform-array" count="31" stride="16">
            <param type="float4x4"/>
          </accessor>
        </technique_common>
      </source>
      <source id="mixamorig2_RightUpLeg-Interpolations">
        <Name_array id="mixamorig2_RightUpLeg-Interpolations-array" count="31">
 LINEAR LINEAR LINEAR LINEAR LINEAR LINEAR LINEAR LINEAR LINEAR LINEAR LINEAR
LINEAR LINEAR LINEAR LINEAR LINEAR LINEAR LINEAR LINEAR LINEAR LINEAR LINEAR LINEAR
LINEAR LINEAR LINEAR LINEAR LINEAR LINEAR LINEAR LINEAR</Name_array>
        <technique_common>
          <accessor source="#mixamorig2_RightUpLeg-Interpolations-array" count="31">
            <param type="name"/>
          </accessor>
        </technique_common>
      </source>
      <sampler id="mixamorig2_RightUpLeg-Matrix-animation-transform">
        <input semantic="INPUT" source="#mixamorig2_RightUpLeg-Matrix-animation-input"/>
        <input semantic="OUTPUT" source="#mixamorig2_RightUpLeg-Matrix-animation-output-transform"/>
        <input semantic="INTERPOLATION" source="#mixamorig2_RightUpLeg-Interpolations"/>
      </sampler>
      <channel source="#mixamorig2_RightUpLeg-Matrix-animation-transform" target="mixamorig2_RightUpLeg/matrix"/>
    </animation>
    <animation id="mixamorig2_RightLeg-anim" name="mixamorig2_RightLeg">
      <source id="mixamorig2_RightLeg-Matrix-animation-input">
        <float_array id="mixamorig2_RightLeg-Matrix-animation-input-array" count="31">

0.000000 0.033333 0.066667 0.100000 0.133333 0.166667 0.200000 0.233333 0.266667 0.300000 0.333333 0.366667 0.400000 0.433333 0.466667 0.500000
0.533333 0.566667 0.600000 0.633333 0.666667 0.700000 0.733333 0.766667 0.800000 0.833333 0.866667 0.900000 0.933333 0.966667 1.000000</float_array>
        <technique_common>
          <accessor source="#mixamorig2_RightLeg-Matrix-animation-input-array" count="31">
            <param name="TIME" type="float"/>
          </accessor>
        </technique_common>
      </source>
      <source id="mixamorig2_RightLeg-Matrix-animation-output-transform">
        <float_array id="mixamorig2_RightLeg-Matrix-animation-output-transform-array" count="496">

0.996436 0.076516 0.035506 0.000000 -0.083130 0.819362 0.567217 42.863098 0.014309 -0.568147 0.822803 0.000000 0.000000 0.000000 0.000000 1.000000
0.996520 0.068787 0.047085 0.000000 -0.083224 0.853129 0.515019 42.863098 -0.004743 -0.517145 0.855885 0.000000 0.000000 0.000000 0.000000 1.000000
0.996165 0.060809 0.062904 -0.000000 -0.083145 0.881753 0.464327 42.863098 -0.027230 -0.467776 0.883427 0.000000 0.000000 0.000000 0.000000 1.000000
0.994956 0.056801 0.082681 0.000000 -0.087686 0.892800 0.441837 42.863098 -0.048721 -0.446858 0.893277 0.000000 0.000000 0.000000 0.000000 1.000000
0.992683 0.058127 0.105840 -0.000000 -0.099970 0.887230 0.450365 42.863098 -0.067726 -0.457650 0.886549 -0.000000 0.000000 0.000000 0.000000 1.000000
0.988310 0.057565 0.141175 -0.000000 -0.115558 0.886863 0.447349 42.863098 -0.099451 -0.458433 0.883147 -0.000000 0.000000 0.000000 0.000000 1.000000
0.982810 0.055496 0.176084 0.000000 -0.128910 0.889037 0.439313 42.863098 -0.132165 -0.454460 0.880907 0.000000 0.000000 0.000000 0.000000 1.000000
0.974693 0.048954 0.218121 -0.000000 -0.137512 0.900583 0.412360 42.863098 -0.176249 -0.431919 0.884524 0.000000 0.000000 0.000000 0.000000 1.000000
0.957606 0.057038 0.282379 0.000000 -0.184753 0.873678 0.450060 42.863098 -0.221038 -0.483150 0.847177 0.000000 0.000000 0.000000 0.000000 1.000000
0.951396 0.065692 0.300882 0.000000 -0.213226 0.845454 0.489636 42.863098 -0.222217 -0.529993 0.818368 0.000000 0.000000 0.000000 0.000000 1.000000
0.962863 0.068886 0.261055 0.000000 -0.197069 0.840235 0.505142 42.863098 -0.184551 -0.537829 0.822606 0.000000 0.000000 0.000000 0.000000 1.000000
0.986869 0.074620 0.143250 0.000000 -0.142627 0.818830 0.556036 42.863098 -0.075806 -0.569166 0.818721 -0.000000 0.000000 0.000000 0.000000 1.000000
0.993818 0.106351 0.031871 -0.000000 -0.092025 0.628485 0.772359 42.863098 0.062111 -0.770517 0.634386 0.000000 0.000000 0.000000 0.000000 1.000000
0.990834 0.128202 0.042570 0.000000 -0.090766 0.398443 0.912691 42.863098 0.100048 -0.908189 0.406427 0.000000 0.000000 0.000000 0.000000 1.000000
0.987971 0.137231 0.071284 0.000000 -0.102325 0.234520 0.966711 42.863098 0.115945 -0.962376 0.245742 0.000000 0.000000 0.000000 0.000000 1.000000
0.986969 0.139891 0.079519 -0.000000 -0.102032 0.161941 0.981511 42.863098 0.124427 -0.976835 0.174104 0.000000 0.000000 0.000000 0.000000 1.000000
0.986881 0.139706 0.080925 0.000000 -0.104180 0.168119 0.980246 42.863098 0.123341 -0.975817 0.180468 -0.000000 0.000000 0.000000 0.000000 1.000000
0.985116 0.138731 0.101493 -0.000000 -0.127342 0.192404 0.973018 42.863098 0.115460 -0.971460 0.207207 0.000000 0.000000 0.000000 0.000000 1.000000
0.983349 0.135837 0.120720 0.000000 -0.152835 0.258769 0.953772 42.863098 0.098319 -0.956340 0.275221 0.000000 0.000000 0.000000 0.000000 1.000000
0.985074 0.128815 0.114173 0.000000 -0.155567 0.382356 0.910826 42.863098 0.073673 -0.914992 0.396688 0.000000 0.000000 0.000000 0.000000 1.000000
0.989942 0.113305 0.084720 0.000000 -0.134290 0.564141 0.814685 42.863098 0.044514 -0.817868 0.573682 0.000000 0.000000 0.000000 0.000000 1.000000
0.992977 0.103774 0.056813 0.000000 -0.110737 0.646222 0.755073 42.863098 0.041643 -0.756061 0.653175 0.000000 0.000000 0.000000 0.000000 1.000000
0.995478 0.094233 -0.011990 0.000000 -0.059396 0.715961 0.695609 42.863098 0.074133 -0.691752 0.718320 0.000000 0.000000 0.000000 0.000000 1.000000
0.996730 0.071124 -0.038362 -0.000000 -0.038871 0.838171 0.544021 42.863098 0.070847 -0.540750 0.838194 -0.000000 0.000000 0.000000 0.000000 1.000000
0.995644 0.085432 0.037351 0.000000 -0.089529 0.764074 0.638886 42.863098 0.026043 -0.639447 0.768394 0.000000 0.000000 0.000000 0.000000 1.000000
0.991428 0.108619 0.072612 0.000000 -0.124010 0.607322 0.784717 42.863098 0.041136 -0.786995 0.615586 0.000000 0.000000 0.000000 0.000000 1.000000
0.989560 0.119540 0.080504 0.000000 -0.130394 0.504688 0.853397 42.863098 0.061385 -0.854985 0.515007 0.000000 0.000000 0.000000 0.000000 1.000000
0.986920 0.124776 0.102074 -0.000000 -0.147473 0.443042 0.884288 42.863098 0.065114 -0.887775 0.455649 -0.000000 0.000000 0.000000 0.000000 1.000000
0.984764 0.128177 0.117516 -0.000000 -0.159525 0.396896 0.903894 42.863098 0.069217 -0.908870 0.411297 0.000000 0.000000 0.000000 0.000000 1.000000
0.983796 0.130548 0.122892 0.000000 -0.162650 0.361469 0.918088 42.863098 0.075433 -0.923200 0.376845 0.000000 0.000000 0.000000 0.000000 1.000000
0.982504 0.131845 0.131536 0.000000 -0.169442 0.339691 0.925148 42.863098 0.077295 -0.931250 0.356088 0.000000 0.000000 0.000000 0.000000 1.000000</float_array>
        <technique_common>
          <accessor source="#mixamorig2_RightLeg-Matrix-animation-output-transform-array" count="31" stride="16">
            <param type="float4x4"/>
          </accessor>
        </technique_common>
      </source>
      <source id="mixamorig2_RightLeg-Interpolations">
        <Name_array id="mixamorig2_RightLeg-Interpolations-array" count="31">
 LINEAR LINEAR LINEAR LINEAR LINEAR LINEAR LINEAR LINEAR LINEAR LINEAR LINEAR
LINEAR LINEAR LINEAR LINEAR LINEAR LINEAR LINEAR LINEAR LINEAR LINEAR LINEAR LINEAR
LINEAR LINEAR LINEAR LINEAR LINEAR LINEAR LINEAR LINEAR</Name_array>
        <technique_common>
          <accessor source="#mixamorig2_RightLeg-Interpolations-array" count="31">
            <param type="name"/>
          </accessor>
        </technique_common>
      </source>
      <sampler id="mixamorig2_RightLeg-Matrix-animation-transform">
        <input semantic="INPUT" source="#mixamorig2_RightLeg-Matrix-animation-input"/>
        <input semantic="OUTPUT" source="#mixamorig2_RightLeg-Matrix-animation-output-transform"/>
        <input semantic="INTERPOLATION" source="#mixamorig2_RightLeg-Interpolations"/>
      </sampler>
      <channel source="#mixamorig2_RightLeg-Matrix-animation-transform" target="mixamorig2_RightLeg/matrix"/>
    </animation>
    <animation id="mixamorig2_RightFoot-anim" name="mixamorig2_RightFoot">
      <source id="mixamorig2_RightFoot-Matrix-animation-input">
        <float_array id="mixamorig2_RightFoot-Matrix-animation-input-array" count="31">

0.000000 0.033333 0.066667 0.100000 0.133333 0.166667 0.200000 0.233333 0.266667 0.300000 0.333333 0.366667 0.400000 0.433333 0.466667 0.500000
0.533333 0.566667 0.600000 0.633333 0.666667 0.700000 0.733333 0.766667 0.800000 0.833333 0.866667 0.900000 0.933333 0.966667 1.000000</float_array>
        <technique_common>
          <accessor source="#mixamorig2_RightFoot-Matrix-animation-input-array" count="31">
            <param name="TIME" type="float"/>
          </accessor>
        </technique_common>
      </source>
      <source id="mixamorig2_RightFoot-Matrix-animation-output-transform">
        <float_array id="mixamorig2_RightFoot-Matrix-animation-output-transform-array" count="496">

0.911645 -0.130662 0.389655 -0.000000 0.410319 0.343082 -0.844946 42.834202 -0.023282 0.930173 0.366382 0.000000 0.000000 0.000000 0.000000 1.000000
0.910515 -0.146763 0.386553 0.000000 0.412993 0.367976 -0.833085 42.834202 -0.019976 0.918180 0.395659 -0.000000 0.000000 0.000000 0.000000 1.000000
0.909581 -0.158688 0.384031 0.000000 0.415107 0.388498 -0.822651 42.834202 -0.018650 0.907682 0.419243 0.000000 0.000000 0.000000 0.000000 1.000000
0.904442 -0.165249 0.393290 0.000000 0.426219 0.388808 -0.816802 42.834202 -0.017939 0.906378 0.422087 0.000000 0.000000 0.000000 0.000000 1.000000
0.891638 -0.168845 0.420086 0.000000 0.452462 0.365299 -0.813532 42.834202 -0.016096 0.915450 0.402111 0.000000 0.000000 0.000000 0.000000 1.000000
0.877727 -0.174476 0.446266 0.000000 0.479025 0.341683 -0.808571 42.834202 -0.011405 0.923477 0.383483 -0.000000 0.000000 0.000000 0.000000 1.000000
0.878649 -0.164434 0.448261 0.000000 0.477348 0.323626 -0.816949 42.834202 -0.010735 0.931787 0.362845 0.000000 0.000000 0.000000 0.000000 1.000000
0.883461 -0.140337 0.446991 0.000000 0.467715 0.319538 -0.824098 42.834202 -0.027179 0.937124 0.347938 -0.000000 0.000000 0.000000 0.000000 1.000000
0.872371 -0.129332 0.471426 0.000000 0.474102 0.458892 -0.751429 42.834202 -0.119150 0.879028 0.461641 0.000000 0.000000 0.000000 0.000000 1.000000
0.871574 -0.198963 0.448077 -0.000000 0.448888 0.691340 -0.566170 42.834202 -0.197127 0.694595 0.691866 0.000000 0.000000 0.000000 0.000000 1.000000
0.934516 -0.158114 0.318873 0.000000 0.269792 0.899036 -0.344885 42.834202 -0.232147 0.408330 0.882822 -0.000000 0.000000 0.000000 0.000000 1.000000
0.991591 -0.123507 0.038639 0.000000 0.127130 0.873886 -0.469213 42.834202 0.024185 0.470180 0.882239 0.000000 0.000000 0.000000 0.000000 1.000000
0.980658 -0.086666 -0.175498 0.000000 -0.004088 0.887364 -0.461052 42.834202 0.195688 0.452851 0.869846 0.000000 0.000000 0.000000 0.000000 1.000000
0.994618 0.000964 -0.103603 0.000000 -0.052014 0.869462 -0.491254 42.834202 0.089605 0.493999 0.864833 0.000000 0.000000 0.000000 0.000000 1.000000
0.985701 0.130719 -0.106330 -0.000000 -0.167780 0.819827 -0.547479 42.834202 0.015606 0.557491 0.830037 -0.000000 0.000000 0.000000 0.000000 1.000000
0.980960 0.175154 -0.083892 0.000000 -0.187538 0.742096 -0.643524 42.834202 -0.050460 0.647004 0.760815 -0.000000 0.000000 0.000000 0.000000 1.000000
0.984578 0.173709 -0.020773 0.000000 -0.130311 0.648964 -0.749576 42.834202 -0.116727 0.740723 0.661592 -0.000000 0.000000 0.000000 0.000000 1.000000
0.980800 0.191756 0.035498 0.000000 -0.079175 0.557901 -0.826122 42.834202 -0.178218 0.807450 0.562372 0.000000 0.000000 0.000000 0.000000 1.000000
0.976027 0.204277 0.075119 0.000000 -0.040968 0.511395 -0.858368 42.834202 -0.213760 0.834713 0.507504 0.000000 0.000000 0.000000 0.000000 1.000000
0.979120 0.194621 0.058705 0.000000 -0.053789 0.526534 -0.848450 42.834202 -0.196037 0.827577 0.526009 0.000000 0.000000 0.000000 0.000000 1.000000
0.991699 0.124107 -0.033628 0.000000 -0.106624 0.647558 -0.754520 42.834202 -0.071865 0.751842 0.655415 0.000000 0.000000 0.000000 0.000000 1.000000
0.999260 -0.036526 -0.012016 0.000000 0.022984 0.817920 -0.574873 42.834202 0.030826 0.574172 0.818155 0.000000 0.000000 0.000000 0.000000 1.000000
0.998444 -0.054262 0.012875 -0.000000 0.051647 0.812546 -0.580605 42.834202 0.021043 0.580366 0.814084 0.000000 0.000000 0.000000 0.000000 1.000000
0.996315 -0.070963 0.048173 0.000000 0.085747 0.836958 -0.540508 42.834202 -0.001963 0.542647 0.839958 -0.000000 0.000000 0.000000 0.000000 1.000000
0.994724 -0.073190 0.071886 0.000000 0.102551 0.690540 -0.715987 42.834202 0.002763 0.719581 0.694403 -0.000000 0.000000 0.000000 0.000000 1.000000
0.990174 -0.069561 0.121313 0.000000 0.138978 0.585717 -0.798512 42.834202 -0.015510 0.807525 0.589629 0.000000 0.000000 0.000000 0.000000 1.000000
0.983084 -0.033385 0.180084 0.000000 0.171277 0.515862 -0.839375 42.834202 -0.064876 0.856021 0.512854 0.000000 0.000000 0.000000 0.000000 1.000000
0.975689 -0.008508 0.218996 0.000000 0.197230 0.469793 -0.860462 42.834202 -0.095562 0.882736 0.460049 -0.000000 0.000000 0.000000 0.000000 1.000000
0.972990 0.008307 0.230697 -0.000000 0.204094 0.436016 -0.876490 42.834202 -0.107869 0.899900 0.422544 -0.000000 0.000000 0.000000 0.000000 1.000000
0.974413 0.013359 0.224366 0.000000 0.198725 0.415165 -0.887776 42.834202 -0.105009 0.909648 0.401887 -0.000000 0.000000 0.000000 0.000000 1.000000
0.978002 0.021631 0.207473 0.000000 0.182783 0.390402 -0.902318 42.834202 -0.100515 0.920391 0.377860 0.000000 0.000000 0.000000 0.000000 1.000000</float_array>
        <technique_common>
          <accessor source="#mixamorig2_RightFoot-Matrix-animation-output-transform-array" count="31" stride="16">
            <param type="float4x4"/>
          </accessor>
        </technique_common>
      </source>
      <source id="mixamorig2_RightFoot-Interpolations">
        <Name_array id="mixamorig2_RightFoot-Interpolations-array" count="31">
 LINEAR LINEAR LINEAR LINEAR LINEAR LINEAR LINEAR LINEAR LINEAR LINEAR LINEAR
LINEAR LINEAR LINEAR LINEAR LINEAR LINEAR LINEAR LINEAR LINEAR LINEAR LINEAR LINEAR
LINEAR LINEAR LINEAR LINEAR LINEAR LINEAR LINEAR LINEAR</Name_array>
        <technique_common>
          <accessor source="#mixamorig2_RightFoot-Interpolations-array" count="31">
            <param type="name"/>
          </accessor>
        </technique_common>
      </source>
      <sampler id="mixamorig2_RightFoot-Matrix-animation-transform">
        <input semantic="INPUT" source="#mixamorig2_RightFoot-Matrix-animation-input"/>
        <input semantic="OUTPUT" source="#mixamorig2_RightFoot-Matrix-animation-output-transform"/>
        <input semantic="INTERPOLATION" source="#mixamorig2_RightFoot-Interpolations"/>
      </sampler>
      <channel source="#mixamorig2_RightFoot-Matrix-animation-transform" target="mixamorig2_RightFoot/matrix"/>
    </animation>
    <animation id="mixamorig2_RightToeBase-anim" name="mixamorig2_RightToeBase">
      <source id="mixamorig2_RightToeBase-Matrix-animation-input">
        <float_array id="mixamorig2_RightToeBase-Matrix-animation-input-array" count="31">

0.000000 0.033333 0.066667 0.100000 0.133333 0.166667 0.200000 0.233333 0.266667 0.300000 0.333333 0.366667 0.400000 0.433333 0.466667 0.500000
0.533333 0.566667 0.600000 0.633333 0.666667 0.700000 0.733333 0.766667 0.800000 0.833333 0.866667 0.900000 0.933333 0.966667 1.000000</float_array>
        <technique_common>
          <accessor source="#mixamorig2_RightToeBase-Matrix-animation-input-array" count="31">
            <param name="TIME" type="float"/>
          </accessor>
        </technique_common>
      </source>
      <source id="mixamorig2_RightToeBase-Matrix-animation-output-transform">
        <float_array id="mixamorig2_RightToeBase-Matrix-animation-output-transform-array" count="496">

0.993323 0.070526 0.091300 0.000000 -0.006798 0.825788 -0.563939 15.841200 -0.115167 0.559553 0.820754 -0.000000 0.000000 0.000000 0.000000 1.000000
0.990092 0.079606 0.115674 -0.000000 -0.002376 0.833155 -0.553035 15.841200 -0.140399 0.547280 0.825089 0.000000 0.000000 0.000000 0.000000 1.000000
0.984924 0.090165 0.147633 -0.000000 0.003896 0.841646 -0.540016 15.841200 -0.172945 0.532450 0.828606 0.000000 0.000000 0.000000 0.000000 1.000000
0.977758 0.103296 0.182535 0.000000 0.008328 0.850503 -0.525904 15.841200 -0.209570 0.515727 0.830726 0.000000 0.000000 0.000000 0.000000 1.000000
0.966243 0.115762 0.230161 0.000000 0.018962 0.858988 -0.511645 15.841200 -0.256935 0.498737 0.827796 0.000000 0.000000 0.000000 0.000000 1.000000
0.952557 0.132273 0.274114 0.000000 0.028696 0.857583 -0.513545 15.841200 -0.303004 0.497047 0.813101 0.000000 0.000000 0.000000 0.000000 1.000000
0.942575 0.160231 0.293051 0.000000 0.022875 0.844381 -0.535255 15.841200 -0.333211 0.511221 0.792227 -0.000000 0.000000 0.000000 0.000000 1.000000
0.947723 0.182095 0.262035 0.000000 -0.005683 0.830686 -0.556712 15.841200 -0.319043 0.526120 0.788295 0.000000 0.000000 0.000000 0.000000 1.000000
0.960220 0.141733 0.240601 0.000000 0.070946 0.709521 -0.701104 15.841200 -0.270081 0.690284 0.671241 0.000000 0.000000 0.000000 0.000000 1.000000
0.968328 0.149957 0.199633 0.000000 0.098647 0.504728 -0.857623 15.841200 -0.229367 0.850154 0.473950 -0.000000 0.000000 0.000000 0.000000 1.000000
0.937202 0.137966 0.320340 0.000000 0.230503 0.444293 -0.865721 15.841200 -0.261765 0.885194 0.384591 0.000000 0.000000 0.000000 0.000000 1.000000
0.994802 0.030510 0.097152 0.000000 0.007207 0.930571 -0.366041 15.841200 -0.101575 0.364839 0.925514 -0.000000 0.000000 0.000000 0.000000 1.000000
0.984689 0.074574 0.157563 0.000000 -0.003065 0.911139 -0.412087 15.841200 -0.174293 0.405295 0.897418 0.000000 0.000000 0.000000 0.000000 1.000000
0.987728 0.070437 0.139399 0.000000 -0.004992 0.906312 -0.422581 15.841200 -0.156104 0.416699 0.895541 0.000000 0.000000 0.000000 0.000000 1.000000
0.980719 0.013292 0.194969 0.000000 0.078214 0.887595 -0.453935 15.841200 -0.179087 0.460432 0.869442 -0.000000 0.000000 0.000000 0.000000 1.000000
0.976335 0.018795 0.215444 0.000000 0.098789 0.847444 -0.521613 15.841200 -0.192380 0.530552 0.825533 0.000000 0.000000 0.000000 0.000000 1.000000
0.980195 0.054838 0.190292 -0.000000 0.065408 0.817323 -0.572455 15.841200 -0.186922 0.573564 0.797549 0.000000 0.000000 0.000000 0.000000 1.000000
0.983202 0.059231 0.172643 0.000000 0.056705 0.799945 -0.597387 15.841200 -0.173488 0.597142 0.783149 0.000000 0.000000 0.000000 0.000000 1.000000
0.986377 0.050062 0.156696 0.000000 0.064986 0.756491 -0.650767 15.841200 -0.151118 0.652085 0.742932 0.000000 0.000000 0.000000 0.000000 1.000000
0.982691 0.088386 0.162809 0.000000 0.055059 0.699785 -0.712229 15.841200 -0.176882 0.708865 0.682805 -0.000000 0.000000 0.000000 0.000000 1.000000
0.974036 0.116195 0.194298 0.000000 0.066411 0.673834 -0.735893 15.841200 -0.216431 0.729690 0.648622 0.000000 0.000000 0.000000 0.000000 1.000000
0.977312 0.098968 0.187258 0.000000 0.092695 0.595095 -0.798292 15.841200 -0.190442 0.797539 0.572420 0.000000 0.000000 0.000000 0.000000 1.000000
0.952010 0.049111 0.302102 0.000000 0.194561 0.664846 -0.721198 15.841200 -0.236270 0.745365 0.623384 0.000000 0.000000 0.000000 0.000000 1.000000
0.927651 -0.012860 0.373227 -0.000000 0.278279 0.690292 -0.667876 15.841200 -0.249046 0.723417 0.643928 0.000000 0.000000 0.000000 0.000000 1.000000
0.901726 -0.061673 0.427887 0.000000 0.337632 0.718613 -0.607948 15.841200 -0.269991 0.692670 0.668814 -0.000000 0.000000 0.000000 0.000000 1.000000
0.900074 -0.059472 0.431659 0.000000 0.339277 0.717265 -0.608623 15.841200 -0.273418 0.694258 0.665769 -0.000000 0.000000 0.000000 0.000000 1.000000
0.903827 -0.053505 0.424539 0.000000 0.330005 0.718727 -0.611986 15.841200 -0.272384 0.693230 0.667262 -0.000000 0.000000 0.000000 0.000000 1.000000
0.903432 -0.051956 0.425572 -0.000000 0.330251 0.717319 -0.613505 15.841200 -0.273395 0.694805 0.665207 -0.000000 0.000000 0.000000 0.000000 1.000000
0.904010 -0.049476 0.424639 -0.000000 0.328840 0.715194 -0.616735 15.841200 -0.273185 0.697173 0.662812 0.000000 0.000000 0.000000 0.000000 1.000000
0.906364 -0.044425 0.420156 0.000000 0.324787 0.709291 -0.625635 15.841200 -0.270219 0.703514 0.657304 -0.000000 0.000000 0.000000 0.000000 1.000000
0.906020 -0.045149 0.420819 0.000000 0.324808 0.711634 -0.622958 15.841200 -0.271343 0.701098 0.659420 0.000000 0.000000 0.000000 0.000000 1.000000</float_array>
        <technique_common>
          <accessor source="#mixamorig2_RightToeBase-Matrix-animation-output-transform-array" count="31" stride="16">
            <param type="float4x4"/>
          </accessor>
        </technique_common>
      </source>
      <source id="mixamorig2_RightToeBase-Interpolations">
        <Name_array id="mixamorig2_RightToeBase-Interpolations-array" count="31">
 LINEAR LINEAR LINEAR LINEAR LINEAR LINEAR LINEAR LINEAR LINEAR LINEAR LINEAR
LINEAR LINEAR LINEAR LINEAR LINEAR LINEAR LINEAR LINEAR LINEAR LINEAR LINEAR LINEAR
LINEAR LINEAR LINEAR LINEAR LINEAR LINEAR LINEAR LINEAR</Name_array>
        <technique_common>
          <accessor source="#mixamorig2_RightToeBase-Interpolations-array" count="31">
            <param type="name"/>
          </accessor>
        </technique_common>
      </source>
      <sampler id="mixamorig2_RightToeBase-Matrix-animation-transform">
        <input semantic="INPUT" source="#mixamorig2_RightToeBase-Matrix-animation-input"/>
        <input semantic="OUTPUT" source="#mixamorig2_RightToeBase-Matrix-animation-output-transform"/>
        <input semantic="INTERPOLATION" source="#mixamorig2_RightToeBase-Interpolations"/>
      </sampler>
      <channel source="#mixamorig2_RightToeBase-Matrix-animation-transform" target="mixamorig2_RightToeBase/matrix"/>
    </animation>
  </library_animations>
  <library_visual_scenes>
    <visual_scene id="RootNode" name="RootNode">
      <node id="mixamorig2_Hips" name="mixamorig2_Hips" sid="mixamorig2_Hips" type="JOINT">
        <matrix sid="matrix">0.256374 -0.007734 -0.966547 0.221522 0.017858 0.999835 -0.003263 89.143410 0.966413 -0.016424 0.256469 5.481360 0.000000 0.000000 0.000000 1.000000</matrix>
        <node id="mixamorig2_Spine" name="mixamorig2_Spine" sid="mixamorig2_Spine" type="JOINT">
          <matrix sid="matrix">0.997718 -0.013283 -0.066192 0.000000 0.012331 0.999815 -0.014781 8.951200 0.066376 0.013931 0.997697 -0.286600 0.000000 0.000000 0.000000 1.000000</matrix>
          <node id="mixamorig2_Spine1" name="mixamorig2_Spine1" sid="mixamorig2_Spine1" type="JOINT">
            <matrix sid="matrix">0.990908 -0.026945 -0.131814 0.000000 0.014605 0.995493 -0.093699 10.448400 0.133745 0.090922 0.986836 0.000000 0.000000 0.000000 0.000000 1.000000</matrix>
            <node id="mixamorig2_Spine2" name="mixamorig2_Spine2" sid="mixamorig2_Spine2" type="JOINT">
              <matrix sid="matrix">0.990909 -0.026944 -0.131810 0.000000 0.014605 0.995493 -0.093699 11.941000 0.133740 0.090922 0.986837 0.000000 0.000000 0.000000 0.000000 1.000000</matrix>
              <node id="mixamorig2_Neck" name="mixamorig2_Neck" sid="mixamorig2_Neck" type="JOINT">
                <matrix sid="matrix">0.982779 -0.059089 0.175080 0.000000 0.059225 0.998235 0.004454 13.433600 -0.175034 0.005992 0.984544 -0.000000 0.000000 0.000000 0.000000 1.000000</matrix>
                <node id="mixamorig2_Head" name="mixamorig2_Head" sid="mixamorig2_Head" type="JOINT">
                  <matrix sid="matrix">0.982779 -0.059089 0.175080 -0.000000 0.053592 0.997915 0.035964 8.477300 -0.176840 -0.025962 0.983897 0.443100 0.000000 0.000000 0.000000 1.000000</matrix>
                  <node id="mixamorig2_HeadTop_End" name="mixamorig2_HeadTop_End" sid="mixamorig2_HeadTop_End" type="JOINT">
                    <matrix sid="matrix">1.000000 0.000000 0.000000 0.000000 -0.000000 1.000000 -0.000000 21.306801 0.000000 0.000000 1.000000 1.113600 0.000000 0.000000 0.000000 1.000000</matrix>
                  </node>
                </node>
              </node>
              <node id="mixamorig2_LeftShoulder" name="mixamorig2_LeftShoulder" sid="mixamorig2_LeftShoulder" type="JOINT">
                <matrix sid="matrix">0.149769 0.988668 -0.010232 5.225300 0.077701 -0.022086 -0.996732 11.903500 -0.985663 0.148484 -0.080129 -0.046600 0.000000 0.000000 0.000000 1.000000</matrix>
                <node id="mixamorig2_LeftArm" name="mixamorig2_LeftArm" sid="mixamorig2_LeftArm" type="JOINT">
                  <matrix sid="matrix">-0.285701 -0.798920 -0.529247 0.000000 0.956839 -0.207136 -0.203846 10.833400 0.053231 -0.564643 0.823617 -0.000000 0.000000 0.000000 0.000000 1.000000</matrix>
                  <node id="mixamorig2_LeftForeArm" name="mixamorig2_LeftForeArm" sid="mixamorig2_LeftForeArm" type="JOINT">
                    <matrix sid="matrix">0.087339 -0.995786 -0.027968 0.000000 0.995781 0.088063 -0.025780 25.510300 0.028134 -0.025599 0.999276 -0.000000 0.000000 0.000000 0.000000 1.000000</matrix>
                    <node id="mixamorig2_LeftHand" name="mixamorig2_LeftHand" sid="mixamorig2_LeftHand" type="JOINT">
                      <matrix sid="matrix">0.974665 -0.000061 -0.223668 0.000000 -0.052110 0.972419 -0.227346 24.506201 0.217513 0.233242 0.947780 0.000000 0.000000 0.000000 0.000000 1.000000</matrix>
                      <node id="mixamorig2_LeftHandThumb1" name="mixamorig2_LeftHandThumb1" sid="mixamorig2_LeftHandThumb1" type="JOINT">
                        <matrix sid="matrix">0.922688 0.011290 0.385381 -2.926700 0.267335 0.701515 -0.660612 3.019600 -0.277809 0.712565 0.644262 1.241800 0.000000 0.000000 0.000000 1.000000</matrix>
                        <node id="mixamorig2_LeftHandThumb2" name="mixamorig2_LeftHandThumb2" sid="mixamorig2_LeftHandThumb2" type="JOINT">
                          <matrix sid="matrix">0.979254 0.202523 -0.006717 -0.690300 -0.202429 0.979215 0.012662 3.439200 0.009142 -0.011039 0.999897 0.000000 0.000000 0.000000 0.000000 1.000000</matrix>
                          <node id="mixamorig2_LeftHandThumb3" name="mixamorig2_LeftHandThumb3" sid="mixamorig2_LeftHandThumb3" type="JOINT">
                            <matrix sid="matrix">0.916487 0.399402 -0.023011 0.152400 -0.399897 0.916253 -0.023747 3.077300 0.011599 0.030966 0.999453 0.000000 0.000000 0.000000 0.000000 1.000000</matrix>
                            <node id="mixamorig2_LeftHandThumb4" name="mixamorig2_LeftHandThumb4" sid="mixamorig2_LeftHandThumb4" type="JOINT">
                              <matrix sid="matrix">1.000000 0.000000 -0.000000 0.537800 0.000000 1.000000 0.000000 2.210600 -0.000000 -0.000000 1.000000 0.000000 0.000000 0.000000 0.000000 1.000000</matrix>
                            </node>
                          </node>
                        </node>
                      </node>
                      <node id="mixamorig2_LeftHandIndex1" name="mixamorig2_LeftHandIndex1" sid="mixamorig2_LeftHandIndex1" type="JOINT">
                        <matrix sid="matrix">0.995588 0.092197 0.017425 -3.337100 -0.033108 0.518956 -0.854160 9.136300 -0.087794 0.849814 0.519719 0.117700 0.000000 0.000000 0.000000 1.000000</matrix>
                        <node id="mixamorig2_LeftHandIndex2" name="mixamorig2_LeftHandIndex2" sid="mixamorig2_LeftHandIndex2" type="JOINT">
                          <matrix sid="matrix">0.997968 -0.005123 0.063519 0.009000 0.062917 0.237376 -0.969378 3.075900 -0.010112 0.971404 0.237216 0.000000 0.000000 0.000000 0.000000 1.000000</matrix>
                          <node id="mixamorig2_LeftHandIndex3" name="mixamorig2_LeftHandIndex3" sid="mixamorig2_LeftHandIndex3" type="JOINT">
                            <matrix sid="matrix">0.999244 0.034957 -0.016987 -0.004900 -0.038820 0.876612 -0.479629 2.800200 -0.001875 0.479926 0.877307 0.000000 0.000000 0.000000 0.000000 1.000000</matrix>
                            <node id="mixamorig2_LeftHandIndex4" name="mixamorig2_LeftHandIndex4" sid="mixamorig2_LeftHandIndex4" type="JOINT">
                              <matrix sid="matrix">1.000000 0.000000 0.000000 -0.004200 -0.000000 1.000000 -0.000000 2.445700 0.000000 -0.000000 1.000000 0.000000 0.000000 0.000000 0.000000 1.000000</matrix>
                            </node>
                          </node>
                        </node>
                      </node>
                      <node id="mixamorig2_LeftHandMiddle1" name="mixamorig2_LeftHandMiddle1" sid="mixamorig2_LeftHandMiddle1" type="JOINT">
                        <matrix sid="matrix">0.999923 -0.005819 0.010993 -0.939700 0.012428 0.502110 -0.864714 9.032700 -0.000488 0.864784 0.502144 -0.171700 0.000000 0.000000 0.000000 1.000000</matrix>
                        <node id="mixamorig2_LeftHandMiddle2" name="mixamorig2_LeftHandMiddle2" sid="mixamorig2_LeftHandMiddle2" type="JOINT">
                          <matrix sid="matrix">0.997356 0.003617 0.072586 0.008700 0.071994 0.087386 -0.993570 3.307400 -0.009937 0.996168 0.086894 0.000000 0.000000 0.000000 0.000000 1.000000</matrix>
                          <node id="mixamorig2_LeftHandMiddle3" name="mixamorig2_LeftHandMiddle3" sid="mixamorig2_LeftHandMiddle3" type="JOINT">
                            <matrix sid="matrix">0.999389 0.025742 -0.023642 -0.004700 -0.034803 0.670646 -0.740961 3.105400 -0.003218 0.741331 0.671132 0.000000 0.000000 0.000000 0.000000 1.000000</matrix>
                            <node id="mixamorig2_LeftHandMiddle4" name="mixamorig2_LeftHandMiddle4" sid="mixamorig2_LeftHandMiddle4" type="JOINT">
                              <matrix sid="matrix">1.000000 0.000000 -0.000000 -0.003900 0.000000 1.000000 0.000000 2.734100 -0.000000 0.000000 1.000000 0.000000 0.000000 0.000000 0.000000 1.000000</matrix>
                            </node>
                          </node>
                        </node>
                      </node>
                      <node id="mixamorig2_LeftHandRing1" name="mixamorig2_LeftHandRing1" sid="mixamorig2_LeftHandRing1" type="JOINT">
                        <matrix sid="matrix">0.995479 -0.044734 0.083792 1.114900 0.094947 0.493813 -0.864369 9.026500 -0.002711 0.868416 0.495828 -0.138500 0.000000 0.000000 0.000000 1.000000</matrix>
                        <node id="mixamorig2_LeftHandRing2" name="mixamorig2_LeftHandRing2" sid="mixamorig2_LeftHandRing2" type="JOINT">
                          <matrix sid="matrix">0.999897 0.010736 0.009548 0.005400 0.009849 -0.028364 -0.999549 2.751100 -0.010461 0.999540 -0.028467 -0.000000 0.000000 0.000000 0.000000 1.000000</matrix>
                          <node id="mixamorig2_LeftHandRing3" name="mixamorig2_LeftHandRing3" sid="mixamorig2_LeftHandRing3" type="JOINT">
                            <matrix sid="matrix">0.999654 0.023539 -0.011743 -0.003300 -0.026293 0.879913 -0.474406 2.789300 -0.000834 0.474551 0.880228 0.000000 0.000000 0.000000 0.000000 1.000000</matrix>
                            <node id="mixamorig2_LeftHandRing4" name="mixamorig2_LeftHandRing4" sid="mixamorig2_LeftHandRing4" type="JOINT">
                              <matrix sid="matrix">1.000000 0.000000 -0.000000 -0.002100 -0.000000 1.000000 0.000000 2.382600 -0.000000 0.000000 1.000000 0.000000 0.000000 0.000000 0.000000 1.000000</matrix>
                            </node>
                          </node>
                        </node>
                      </node>
                      <node id="mixamorig2_LeftHandPinky1" name="mixamorig2_LeftHandPinky1" sid="mixamorig2_LeftHandPinky1" type="JOINT">
                        <matrix sid="matrix">0.989166 -0.121691 0.082107 3.161900 0.128783 0.450873 -0.883249 8.506000 0.070464 0.884254 0.461660 0.054600 0.000000 0.000000 0.000000 1.000000</matrix>
                        <node id="mixamorig2_LeftHandPinky2" name="mixamorig2_LeftHandPinky2" sid="mixamorig2_LeftHandPinky2" type="JOINT">
                          <matrix sid="matrix">0.999794 0.014834 -0.013853 0.002400 -0.015092 0.086939 -0.996099 2.480100 -0.013571 0.996103 0.087145 0.000000 0.000000 0.000000 0.000000 1.000000</matrix>
                          <node id="mixamorig2_LeftHandPinky3" name="mixamorig2_LeftHandPinky3" sid="mixamorig2_LeftHandPinky3" type="JOINT">
                            <matrix sid="matrix">0.999982 0.005901 -0.001035 -0.001400 -0.005786 0.906224 -0.422759 2.079900 -0.001557 0.422757 0.906242 -0.000000 0.000000 0.000000 0.000000 1.000000</matrix>
                            <node id="mixamorig2_LeftHandPinky4" name="mixamorig2_LeftHandPinky4" sid="mixamorig2_LeftHandPinky4" type="JOINT">
                              <matrix sid="matrix">1.000000 0.000000 0.000000 -0.001000 -0.000000 1.000000 0.000000 1.842600 -0.000000 0.000000 1.000000 0.000000 0.000000 0.000000 0.000000 1.000000</matrix>
                            </node>
                          </node>
                        </node>
                      </node>
                    </node>
                  </node>
                </node>
              </node>
              <node id="mixamorig2_RightShoulder" name="mixamorig2_RightShoulder" sid="mixamorig2_RightShoulder" type="JOINT">
                <matrix sid="matrix">0.160869 -0.732055 0.661979 -5.225300 0.000279 -0.670681 -0.741746 11.903600 0.986976 0.119508 -0.107688 -0.051300 0.000000 0.000000 0.000000 1.000000</matrix>
                <node id="mixamorig2_RightArm" name="mixamorig2_RightArm" sid="mixamorig2_RightArm" type="JOINT">
                  <matrix sid="matrix">0.952335 0.302483 -0.039523 0.000000 -0.303618 0.952420 -0.026704 10.833400 0.029565 0.037431 0.998862 0.000000 0.000000 0.000000 0.000000 1.000000</matrix>
                  <node id="mixamorig2_RightForeArm" name="mixamorig2_RightForeArm" sid="mixamorig2_RightForeArm" type="JOINT">
                    <matrix sid="matrix">0.693835 0.710325 -0.118456 0.000000 -0.717268 0.696322 -0.025755 25.508900 0.064189 0.102835 0.992625 0.000000 0.000000 0.000000 0.000000 1.000000</matrix>
                    <node id="mixamorig2_RightHand" name="mixamorig2_RightHand" sid="mixamorig2_RightHand" type="JOINT">
                      <matrix sid="matrix">0.960183 0.197890 0.197201 -0.000000 -0.229460 0.961278 0.152617 24.507200 -0.159364 -0.191790 0.968411 0.000000 0.000000 0.000000 0.000000 1.000000</matrix>
                      <node id="mixamorig2_RightHandThumb1" name="mixamorig2_RightHandThumb1" sid="mixamorig2_RightHandThumb1" type="JOINT">
                        <matrix sid="matrix">0.907648 0.086103 -0.410805 2.719800 -0.388710 0.541703 -0.745294 2.723600 0.158362 0.836149 0.525145 1.186400 0.000000 0.000000 0.000000 1.000000</matrix>
                        <node id="mixamorig2_RightHandThumb2" name="mixamorig2_RightHandThumb2" sid="mixamorig2_RightHandThumb2" type="JOINT">
                          <matrix sid="matrix">0.846721 -0.431714 0.310945 0.556900 0.359143 0.894982 0.264619 3.173700 -0.392530 -0.112384 0.912847 0.000000 0.000000 0.000000 0.000000 1.000000</matrix>
                          <node id="mixamorig2_RightHandThumb3" name="mixamorig2_RightHandThumb3" sid="mixamorig2_RightHandThumb3" type="JOINT">
                            <matrix sid="matrix">0.820784 -0.570962 -0.017789 -0.206500 0.563549 0.804248 0.188675 3.249300 -0.093420 -0.164886 0.981878 0.000000 0.000000 0.000000 0.000000 1.000000</matrix>
                            <node id="mixamorig2_RightHandThumb4" name="mixamorig2_RightHandThumb4" sid="mixamorig2_RightHandThumb4" type="JOINT">
                              <matrix sid="matrix">1.000000 -0.000000 0.000000 -0.350400 0.000000 1.000000 -0.000000 2.804700 0.000000 0.000000 1.000000 0.000000 0.000000 0.000000 0.000000 1.000000</matrix>
                            </node>
                          </node>
                        </node>
                      </node>
                      <node id="mixamorig2_RightHandIndex1" name="mixamorig2_RightHandIndex1" sid="mixamorig2_RightHandIndex1" type="JOINT">
                        <matrix sid="matrix">0.995809 -0.071755 -0.056708 3.283900 -0.024585 0.387202 -0.921667 9.167900 0.088092 0.919199 0.383815 0.012000 0.000000 0.000000 0.000000 1.000000</matrix>
                        <node id="mixamorig2_RightHandIndex2" name="mixamorig2_RightHandIndex2" sid="mixamorig2_RightHandIndex2" type="JOINT">
                          <matrix sid="matrix">0.996836 0.030455 -0.073417 -0.001300 -0.079466 0.362356 -0.928646 3.042900 -0.001679 0.931542 0.363630 0.000000 0.000000 0.000000 0.000000 1.000000</matrix>
                          <node id="mixamorig2_RightHandIndex3" name="mixamorig2_RightHandIndex3" sid="mixamorig2_RightHandIndex3" type="JOINT">
                            <matrix sid="matrix">0.999544 -0.017505 0.024600 0.001900 0.030134 0.628927 -0.776880 2.864700 -0.001872 0.777267 0.629168 0.000000 0.000000 0.000000 0.000000 1.000000</matrix>
                            <node id="mixamorig2_RightHandIndex4" name="mixamorig2_RightHandIndex4" sid="mixamorig2_RightHandIndex4" type="JOINT">
                              <matrix sid="matrix">1.000000 0.000000 -0.000000 -0.000700 0.000000 1.000000 0.000000 2.432300 -0.000000 -0.000000 1.000000 0.000000 0.000000 0.000000 0.000000 1.000000</matrix>
                            </node>
                          </node>
                        </node>
                      </node>
                      <node id="mixamorig2_RightHandMiddle1" name="mixamorig2_RightHandMiddle1" sid="mixamorig2_RightHandMiddle1" type="JOINT">
                        <matrix sid="matrix">0.999481 0.013711 -0.029147 0.954700 -0.032021 0.324873 -0.945216 8.974800 -0.003491 0.945658 0.325143 0.024900 0.000000 0.000000 0.000000 1.000000</matrix>
                        <node id="mixamorig2_RightHandMiddle2" name="mixamorig2_RightHandMiddle2" sid="mixamorig2_RightHandMiddle2" type="JOINT">
                          <matrix sid="matrix">0.995356 0.022873 -0.093501 0.002400 -0.095743 0.134904 -0.986222 3.196400 -0.009944 0.990595 0.136467 0.000000 0.000000 0.000000 0.000000 1.000000</matrix>
                          <node id="mixamorig2_RightHandMiddle3" name="mixamorig2_RightHandMiddle3" sid="mixamorig2_RightHandMiddle3" type="JOINT">
                            <matrix sid="matrix">0.999802 -0.003301 0.019630 -0.000600 0.018627 0.502840 -0.864179 3.186600 -0.007018 0.864373 0.502802 0.000000 0.000000 0.000000 0.000000 1.000000</matrix>
                            <node id="mixamorig2_RightHandMiddle4" name="mixamorig2_RightHandMiddle4" sid="mixamorig2_RightHandMiddle4" type="JOINT">
                              <matrix sid="matrix">1.000000 0.000000 0.000000 -0.001800 0.000000 1.000000 0.000000 2.754900 0.000000 -0.000000 1.000000 -0.000000 0.000000 0.000000 0.000000 1.000000</matrix>
                            </node>
                          </node>
                        </node>
                      </node>
                      <node id="mixamorig2_RightHandRing1" name="mixamorig2_RightHandRing1" sid="mixamorig2_RightHandRing1" type="JOINT">
                        <matrix sid="matrix">0.999666 0.022171 0.013302 -1.152200 0.006537 0.281057 -0.959669 9.077600 -0.025016 0.959435 0.280818 -0.233400 0.000000 0.000000 0.000000 1.000000</matrix>
                        <node id="mixamorig2_RightHandRing2" name="mixamorig2_RightHandRing2" sid="mixamorig2_RightHandRing2" type="JOINT">
                          <matrix sid="matrix">0.999666 0.003691 -0.025562 0.002600 -0.025348 -0.049463 -0.998454 2.869600 -0.004950 0.998769 -0.049353 -0.000000 0.000000 0.000000 0.000000 1.000000</matrix>
                          <node id="mixamorig2_RightHandRing3" name="mixamorig2_RightHandRing3" sid="mixamorig2_RightHandRing3" type="JOINT">
                            <matrix sid="matrix">0.999772 -0.014608 0.015582 -0.002700 0.021309 0.731580 -0.681422 2.695900 -0.001445 0.681599 0.731725 -0.000000 0.000000 0.000000 0.000000 1.000000</matrix>
                            <node id="mixamorig2_RightHandRing4" name="mixamorig2_RightHandRing4" sid="mixamorig2_RightHandRing4" type="JOINT">
                              <matrix sid="matrix">1.000000 0.000000 0.000000 0.000100 0.000000 1.000000 -0.000000 2.287400 -0.000000 0.000000 1.000000 0.000000 0.000000 0.000000 0.000000 1.000000</matrix>
                            </node>
                          </node>
                        </node>
                      </node>
                      <node id="mixamorig2_RightHandPinky1" name="mixamorig2_RightHandPinky1" sid="mixamorig2_RightHandPinky1" type="JOINT">
                        <matrix sid="matrix">0.989233 0.078232 0.123685 -3.086400 0.111939 0.139955 -0.983810 8.374700 -0.094276 0.987063 0.129691 0.153800 0.000000 0.000000 0.000000 1.000000</matrix>
                        <node id="mixamorig2_RightHandPinky2" name="mixamorig2_RightHandPinky2" sid="mixamorig2_RightHandPinky2" type="JOINT">
                          <matrix sid="matrix">0.999933 0.008411 -0.007992 0.003200 -0.008736 0.092423 -0.995681 2.538400 -0.007636 0.995684 0.092491 -0.000000 0.000000 0.000000 0.000000 1.000000</matrix>
                          <node id="mixamorig2_RightHandPinky3" name="mixamorig2_RightHandPinky3" sid="mixamorig2_RightHandPinky3" type="JOINT">
                            <matrix sid="matrix">0.999991 0.004182 -0.000811 -0.001900 -0.003894 0.820320 -0.571892 2.145600 -0.001726 0.571890 0.820328 0.000000 0.000000 0.000000 0.000000 1.000000</matrix>
                            <node id="mixamorig2_RightHandPinky4" name="mixamorig2_RightHandPinky4" sid="mixamorig2_RightHandPinky4" type="JOINT">
                              <matrix sid="matrix">1.000000 0.000000 0.000000 -0.001300 0.000000 1.000000 0.000000 1.949400 0.000000 0.000000 1.000000 0.000000 0.000000 0.000000 0.000000 1.000000</matrix>
                            </node>
                          </node>
                        </node>
                      </node>
                    </node>
                  </node>
                </node>
              </node>
            </node>
          </node>
        </node>
        <node id="mixamorig2_LeftUpLeg" name="mixamorig2_LeftUpLeg" sid="mixamorig2_LeftUpLeg" type="JOINT">
          <matrix sid="matrix">-0.669102 0.661286 0.339122 8.899700 -0.490067 -0.735654 0.467598 -4.969700 0.558692 0.146679 0.816302 -0.781600 0.000000 0.000000 0.000000 1.000000</matrix>
          <node id="mixamorig2_LeftLeg" name="mixamorig2_LeftLeg" sid="mixamorig2_LeftLeg" type="JOINT">
            <matrix sid="matrix">0.906332 0.102233 -0.410013 0.000000 0.062568 0.927131 0.369477 42.865002 0.417908 -0.360522 0.833892 0.000000 0.000000 0.000000 0.000000 1.000000</matrix>
            <node id="mixamorig2_LeftFoot" name="mixamorig2_LeftFoot" sid="mixamorig2_LeftFoot" type="JOINT">
              <matrix sid="matrix">0.922329 0.285413 -0.260478 0.000000 -0.382730 0.582034 -0.717463 42.837601 -0.053166 0.761430 0.646063 0.000000 0.000000 0.000000 0.000000 1.000000</matrix>
              <node id="mixamorig2_LeftToeBase" name="mixamorig2_LeftToeBase" sid="mixamorig2_LeftToeBase" type="JOINT">
                <matrix sid="matrix">0.994164 -0.060497 -0.089320 0.000000 -0.001104 0.822209 -0.569184 15.807000 0.107874 0.565961 0.817344 0.000000 0.000000 0.000000 0.000000 1.000000</matrix>
                <node id="mixamorig2_LeftToe_End" name="mixamorig2_LeftToe_End" sid="mixamorig2_LeftToe_End" type="JOINT">
                  <matrix sid="matrix">1.000000 0.000000 -0.000000 0.000000 0.000000 1.000000 -0.000000 6.435300 -0.000000 -0.000000 1.000000 0.000000 0.000000 0.000000 0.000000 1.000000</matrix>
                </node>
              </node>
            </node>
          </node>
        </node>
        <node id="mixamorig2_RightUpLeg" name="mixamorig2_RightUpLeg" sid="mixamorig2_RightUpLeg" type="JOINT">
          <matrix sid="matrix">-0.919074 -0.377388 0.113494 -8.899700 0.392796 -0.853986 0.341202 -4.969700 -0.031843 0.358170 0.933113 -0.953900 0.000000 0.000000 0.000000 1.000000</matrix>
          <node id="mixamorig2_RightLeg" name="mixamorig2_RightLeg" sid="mixamorig2_RightLeg" type="JOINT">
            <matrix sid="matrix">0.996436 0.076516 0.035506 0.000000 -0.083130 0.819362 0.567217 42.863098 0.014309 -0.568147 0.822803 0.000000 0.000000 0.000000 0.000000 1.000000</matrix>
            <node id="mixamorig2_RightFoot" name="mixamorig2_RightFoot" sid="mixamorig2_RightFoot" type="JOINT">
              <matrix sid="matrix">0.911645 -0.130662 0.389655 -0.000000 0.410319 0.343082 -0.844946 42.834202 -0.023282 0.930173 0.366382 0.000000 0.000000 0.000000 0.000000 1.000000</matrix>
              <node id="mixamorig2_RightToeBase" name="mixamorig2_RightToeBase" sid="mixamorig2_RightToeBase" type="JOINT">
                <matrix sid="matrix">0.993323 0.070526 0.091300 0.000000 -0.006798 0.825788 -0.563939 15.841200 -0.115167 0.559553 0.820754 -0.000000 0.000000 0.000000 0.000000 1.000000</matrix>
                <node id="mixamorig2_RightToe_End" name="mixamorig2_RightToe_End" sid="mixamorig2_RightToe_End" type="JOINT">
                  <matrix sid="matrix">1.000000 0.000000 0.000000 0.000000 0.000000 1.000000 -0.000000 6.527900 0.000000 0.000000 1.000000 0.000000 0.000000 0.000000 0.000000 1.000000</matrix>
                </node>
              </node>
            </node>
          </node>
        </node>
      </node>
    </visual_scene>
  </library_visual_scenes>
  <scene>
    <instance_visual_scene url="#RootNode"/>
  </scene>
</COLLADA>
