<?xml version="1.0" encoding="utf-8"?>
<COLLADA xmlns="http://www.collada.org/2005/11/COLLADASchema" version="1.4.1">
  <asset>
    <contributor>
      <author>Mixamo</author>
      <authoring_tool>COLLADA Mixamo exporter</authoring_tool>
      <comments/>
    </contributor>
    <created>2024-09-28T13:07:34Z</created>
    <modified>2024-09-28T13:07:34Z</modified>
    <revision/>
    <title/>
    <unit meter="0.010000"/>
    <up_axis>Y_UP</up_axis>
  </asset>
  <library_animations>
    <animation id="mixamorig_Hips-anim" name="mixamorig_Hips">
      <source id="mixamorig_Hips-Matrix-animation-input">
        <float_array id="mixamorig_Hips-Matrix-animation-input-array" count="35">

0.000000 0.033333 0.066667 0.100000 0.133333 0.166667 0.200000 0.233333 0.266667 0.300000 0.333333 0.366667 0.400000 0.433333 0.466667 0.500000
0.533333 0.566667 0.600000 0.633333 0.666667 0.700000 0.733333 0.766667 0.800000 0.833333 0.866667 0.900000 0.933333 0.966667 1.000000 1.033333
1.066667 1.100000 1.133333</float_array>
        <technique_common>
          <accessor source="#mixamorig_Hips-Matrix-animation-input-array" count="35">
            <param name="TIME" type="float"/>
          </accessor>
        </technique_common>
      </source>
      <source id="mixamorig_Hips-Matrix-animation-output-transform">
        <float_array id="mixamorig_Hips-Matrix-animation-output-transform-array" count="560">

0.979878 -0.185178 -0.074490 5.930600 0.192779 0.974742 0.112758 102.029716 0.051729 -0.124849 0.990826 23.290625 0.000000 0.000000 0.000000 1.000000
0.983940 -0.175644 0.031794 7.615856 0.170129 0.976710 0.130740 102.042030 -0.054017 -0.123232 0.990907 27.739464 0.000000 0.000000 0.000000 1.000000
0.980846 -0.144802 0.130285 9.088027 0.127606 0.983019 0.131873 102.565628 -0.147168 -0.112722 0.982667 32.362640 0.000000 0.000000 0.000000 1.000000
0.969613 -0.107936 0.219546 10.465553 0.085685 0.990398 0.108491 103.129791 -0.229148 -0.086383 0.969551 37.044609 0.000000 0.000000 0.000000 1.000000
0.945987 -0.085423 0.312749 11.536026 0.063809 0.994852 0.078723 103.521477 -0.317864 -0.054514 0.946568 41.545460 0.000000 0.000000 0.000000 1.000000
0.911799 -0.065337 0.405405 12.223212 0.053391 0.997743 0.040719 103.878265 -0.407150 -0.015483 0.913230 46.280876 0.000000 0.000000 0.000000 1.000000
0.862747 -0.064036 0.501564 12.737083 0.074914 0.997189 -0.001547 104.237534 -0.500055 0.038909 0.865119 51.357006 0.000000 0.000000 0.000000 1.000000
0.802213 -0.079720 0.591692 13.072212 0.117402 0.992759 -0.025416 102.833427 -0.585381 0.089855 0.805764 56.469643 0.000000 0.000000 0.000000 1.000000
0.746885 -0.106211 0.656416 12.917192 0.171165 0.984605 -0.035443 100.056007 -0.642546 0.138827 0.753566 62.900364 0.000000 0.000000 0.000000 1.000000
0.702254 -0.121046 0.701560 12.521434 0.209811 0.976862 -0.041472 97.649330 -0.680308 0.176319 0.711402 68.822662 0.000000 0.000000 0.000000 1.000000
0.672670 -0.117691 0.730523 12.157186 0.211636 0.976628 -0.037535 96.584030 -0.709032 0.179854 0.681855 73.851509 0.000000 0.000000 0.000000 1.000000
0.653511 -0.110147 0.748860 12.018532 0.197505 0.979895 -0.028228 96.433105 -0.730695 0.166351 0.662127 77.446747 0.000000 0.000000 0.000000 1.000000
0.639687 -0.104213 0.761538 12.026178 0.194241 0.980526 -0.028980 96.475662 -0.743687 0.166460 0.647472 79.763397 0.000000 0.000000 0.000000 1.000000
0.627153 -0.097012 0.772831 12.094878 0.203099 0.978256 -0.042016 96.548355 -0.751951 0.183312 0.633219 81.706573 0.000000 0.000000 0.000000 1.000000
0.617022 -0.091796 0.781574 12.175066 0.220202 0.973639 -0.059487 96.671196 -0.755510 0.208809 0.620970 83.371330 0.000000 0.000000 0.000000 1.000000
0.608943 -0.090430 0.788043 12.252039 0.236283 0.969059 -0.071381 96.855560 -0.757205 0.229668 0.611468 84.891731 0.000000 0.000000 0.000000 1.000000
0.603016 -0.090455 0.792584 12.329289 0.247859 0.965621 -0.078374 97.038719 -0.758246 0.243710 0.604705 86.297287 0.000000 0.000000 0.000000 1.000000
0.600558 -0.089050 0.794607 12.389925 0.256255 0.962796 -0.085777 97.188316 -0.757406 0.255136 0.601034 87.609787 0.000000 0.000000 0.000000 1.000000
0.602604 -0.085450 0.793452 12.434450 0.261666 0.960442 -0.095295 97.281288 -0.753922 0.265045 0.601126 88.840324 0.000000 0.000000 0.000000 1.000000
0.609061 -0.080747 0.789002 12.481012 0.262825 0.959143 -0.104725 97.312637 -0.748310 0.271153 0.605399 89.971329 0.000000 0.000000 0.000000 1.000000
0.618397 -0.075939 0.782188 12.540622 0.259565 0.959199 -0.112088 97.301735 -0.741762 0.272343 0.612877 90.984116 0.000000 0.000000 0.000000 1.000000
0.628549 -0.071094 0.774514 12.608967 0.253899 0.960015 -0.117927 97.250938 -0.735161 0.270771 0.621467 91.874420 0.000000 0.000000 0.000000 1.000000
0.638107 -0.066504 0.767070 12.669783 0.248652 0.960680 -0.123558 97.155304 -0.728692 0.269576 0.629553 92.649261 0.000000 0.000000 0.000000 1.000000
0.646137 -0.063034 0.760614 12.715311 0.245327 0.960849 -0.128776 97.027290 -0.722718 0.269806 0.636304 93.302139 0.000000 0.000000 0.000000 1.000000
0.651828 -0.060945 0.755914 12.755715 0.243070 0.960968 -0.132123 96.891708 -0.718358 0.269862 0.641200 93.833076 0.000000 0.000000 0.000000 1.000000
0.654935 -0.059686 0.753324 12.802065 0.241046 0.961302 -0.133400 96.765800 -0.716210 0.268954 0.643978 94.286583 0.000000 0.000000 0.000000 1.000000
0.656012 -0.058685 0.752466 12.856392 0.239788 0.961524 -0.134062 96.657501 -0.715647 0.268379 0.644843 94.703117 0.000000 0.000000 0.000000 1.000000
0.655952 -0.057316 0.752624 12.914133 0.239490 0.961395 -0.135513 96.576111 -0.715802 0.269136 0.644355 95.080452 0.000000 0.000000 0.000000 1.000000
0.655556 -0.054577 0.753172 12.971395 0.239383 0.960964 -0.138723 96.518555 -0.716200 0.271238 0.643030 95.408211 0.000000 0.000000 0.000000 1.000000
0.655234 -0.049788 0.753784 13.018902 0.238507 0.960422 -0.143887 96.473999 -0.716787 0.274063 0.641176 95.681114 0.000000 0.000000 0.000000 1.000000
0.655173 -0.043620 0.754218 13.037292 0.236719 0.959911 -0.150117 96.435738 -0.717434 0.276891 0.639234 95.900711 0.000000 0.000000 0.000000 1.000000
0.655330 -0.037387 0.754417 13.017704 0.234747 0.959397 -0.156370 96.397034 -0.717939 0.279572 0.637498 96.078529 0.000000 0.000000 0.000000 1.000000
0.655089 -0.031728 0.754885 12.969474 0.233567 0.958683 -0.162396 96.356552 -0.718544 0.282700 0.635433 96.212631 0.000000 0.000000 0.000000 1.000000
0.654468 -0.026493 0.755626 12.905814 0.233319 0.957689 -0.168507 96.324196 -0.719190 0.286584 0.632958 96.296638 0.000000 0.000000 0.000000 1.000000
0.654410 -0.021633 0.755830 12.838516 0.233798 0.956397 -0.175053 96.295624 -0.719087 0.291269 0.630933 96.345070 0.000000 0.000000 0.000000 1.000000</float_array>
        <technique_common>
          <accessor source="#mixamorig_Hips-Matrix-animation-output-transform-array" count="35" stride="16">
            <param type="float4x4"/>
          </accessor>
        </technique_common>
      </source>
      <source id="mixamorig_Hips-Interpolations">
        <Name_array id="mixamorig_Hips-Interpolations-array" count="35">
 LINEAR LINEAR LINEAR LINEAR LINEAR LINEAR LINEAR LINEAR LINEAR LINEAR LINEAR
LINEAR LINEAR LINEAR LINEAR LINEAR LINEAR LINEAR LINEAR LINEAR LINEAR LINEAR LINEAR
LINEAR LINEAR LINEAR LINEAR LINEAR LINEAR LINEAR LINEAR LINEAR LINEAR LINEAR LINEAR</Name_array>
        <technique_common>
          <accessor source="#mixamorig_Hips-Interpolations-array" count="35">
            <param type="name"/>
          </accessor>
        </technique_common>
      </source>
      <sampler id="mixamorig_Hips-Matrix-animation-transform">
        <input semantic="INPUT" source="#mixamorig_Hips-Matrix-animation-input"/>
        <input semantic="OUTPUT" source="#mixamorig_Hips-Matrix-animation-output-transform"/>
        <input semantic="INTERPOLATION" source="#mixamorig_Hips-Interpolations"/>
      </sampler>
      <channel source="#mixamorig_Hips-Matrix-animation-transform" target="mixamorig_Hips/matrix"/>
    </animation>
    <animation id="mixamorig_Spine-anim" name="mixamorig_Spine">
      <source id="mixamorig_Spine-Matrix-animation-input">
        <float_array id="mixamorig_Spine-Matrix-animation-input-array" count="35">

0.000000 0.033333 0.066667 0.100000 0.133333 0.166667 0.200000 0.233333 0.266667 0.300000 0.333333 0.366667 0.400000 0.433333 0.466667 0.500000
0.533333 0.566667 0.600000 0.633333 0.666667 0.700000 0.733333 0.766667 0.800000 0.833333 0.866667 0.900000 0.933333 0.966667 1.000000 1.033333
1.066667 1.100000 1.133333</float_array>
        <technique_common>
          <accessor source="#mixamorig_Spine-Matrix-animation-input-array" count="35">
            <param name="TIME" type="float"/>
          </accessor>
        </technique_common>
      </source>
      <source id="mixamorig_Spine-Matrix-animation-output-transform">
        <float_array id="mixamorig_Spine-Matrix-animation-output-transform-array" count="560">

0.998676 0.008821 -0.050683 0.000000 -0.008591 0.999952 0.004756 9.635200 0.050723 -0.004314 0.998703 0.000000 0.000000 0.000000 0.000000 1.000000
0.996906 0.051435 -0.059432 0.000000 -0.051661 0.998662 -0.002265 9.635200 0.059236 0.005328 0.998230 0.000000 0.000000 0.000000 0.000000 1.000000
0.996380 0.065934 -0.053659 -0.000000 -0.066266 0.997792 -0.004432 9.635200 0.053249 0.007972 0.998549 0.000000 0.000000 0.000000 0.000000 1.000000
0.997096 0.059985 -0.046921 0.000000 -0.060327 0.998161 -0.005904 9.635200 0.046480 0.008718 0.998881 -0.000000 0.000000 0.000000 0.000000 1.000000
0.997159 0.056348 -0.049990 0.000000 -0.057297 0.998199 -0.017761 9.635200 0.048899 0.020575 0.998592 0.000000 0.000000 0.000000 0.000000 1.000000
0.997969 0.047326 -0.042630 0.000000 -0.048586 0.998397 -0.029032 9.635200 0.041188 0.031044 0.998669 -0.000000 0.000000 0.000000 0.000000 1.000000
0.998567 0.046229 -0.026969 0.000000 -0.047326 0.998015 -0.041550 9.635200 0.024995 0.042766 0.998772 0.000000 0.000000 0.000000 0.000000 1.000000
0.998706 0.050794 -0.002532 0.000000 -0.050850 0.996436 -0.067303 9.635200 -0.000896 0.067345 0.997729 0.000000 0.000000 0.000000 0.000000 1.000000
0.997204 0.065225 0.036460 -0.000000 -0.061709 0.993991 -0.090407 9.635200 -0.042138 0.087904 0.995237 0.000000 0.000000 0.000000 0.000000 1.000000
0.995960 0.063058 0.063941 0.000000 -0.056539 0.993472 -0.099077 9.635200 -0.069771 0.095062 0.993023 0.000000 0.000000 0.000000 0.000000 1.000000
0.997272 0.025907 0.069120 -0.000000 -0.018135 0.993678 -0.110790 9.635200 -0.071554 0.109234 0.991437 0.000000 0.000000 0.000000 0.000000 1.000000
0.998088 -0.009554 0.061067 0.000000 0.017159 0.991978 -0.125244 9.635200 -0.059381 0.126052 0.990245 -0.000000 0.000000 0.000000 0.000000 1.000000
0.997904 -0.032881 0.055739 0.000000 0.039846 0.990864 -0.128848 9.635200 -0.050993 0.130798 0.990097 0.000000 0.000000 0.000000 0.000000 1.000000
0.997267 -0.051376 0.053104 0.000000 0.057624 0.990639 -0.123748 9.635200 -0.046250 0.126469 0.990892 0.000000 0.000000 0.000000 0.000000 1.000000
0.996729 -0.061862 0.052001 0.000000 0.067620 0.990775 -0.117441 9.635200 -0.044256 0.120573 0.991717 0.000000 0.000000 0.000000 0.000000 1.000000
0.996478 -0.067079 0.050311 -0.000000 0.072582 0.990477 -0.116993 9.635200 -0.041984 0.120233 0.991858 0.000000 0.000000 0.000000 0.000000 1.000000
0.996465 -0.069060 0.047827 0.000000 0.074387 0.989933 -0.120412 9.635200 -0.039030 0.123544 0.991571 0.000000 0.000000 0.000000 0.000000 1.000000
0.996576 -0.067925 0.047147 -0.000000 0.073244 0.989799 -0.122200 9.635200 -0.038366 0.125235 0.991385 -0.000000 0.000000 0.000000 0.000000 1.000000
0.996570 -0.065510 0.050556 0.000000 0.071201 0.990158 -0.120485 9.635200 -0.042165 0.123672 0.991427 0.000000 0.000000 0.000000 0.000000 1.000000
0.996221 -0.064734 0.057913 -0.000000 0.071189 0.990530 -0.117400 9.635200 -0.049765 0.121079 0.991395 0.000000 0.000000 0.000000 0.000000 1.000000
0.995566 -0.066405 0.066620 0.000000 0.073766 0.990633 -0.114914 9.635200 -0.058365 0.119319 0.991139 -0.000000 0.000000 0.000000 0.000000 1.000000
0.994912 -0.068433 0.073942 0.000000 0.076521 0.990673 -0.112745 9.635200 -0.065537 0.117829 0.990869 0.000000 0.000000 0.000000 0.000000 1.000000
0.994487 -0.068831 0.079107 0.000000 0.077373 0.990854 -0.110552 9.635200 -0.070774 0.116064 0.990717 0.000000 0.000000 0.000000 0.000000 1.000000
0.994276 -0.068081 0.082347 0.000000 0.076934 0.990993 -0.109608 9.635200 -0.074143 0.115316 0.990558 0.000000 0.000000 0.000000 0.000000 1.000000
0.994213 -0.067843 0.083293 0.000000 0.076916 0.990834 -0.111049 9.635200 -0.074996 0.116813 0.990318 0.000000 0.000000 0.000000 0.000000 1.000000
0.994357 -0.067850 0.081553 0.000000 0.076928 0.990510 -0.113890 9.635200 -0.073052 0.119521 0.990140 -0.000000 0.000000 0.000000 0.000000 1.000000
0.994727 -0.066644 0.077957 0.000000 0.075446 0.990375 -0.116043 9.635200 -0.069473 0.121312 0.990180 0.000000 0.000000 0.000000 0.000000 1.000000
0.995076 -0.065117 0.074718 -0.000000 0.073521 0.990540 -0.115867 9.635200 -0.066467 0.120789 0.990450 0.000000 0.000000 0.000000 0.000000 1.000000
0.995158 -0.065128 0.073609 -0.000000 0.073200 0.990908 -0.112885 9.635200 -0.065588 0.117727 0.990878 -0.000000 0.000000 0.000000 0.000000 1.000000
0.994960 -0.066857 0.074727 0.000000 0.074750 0.991297 -0.108363 9.635200 -0.066831 0.113402 0.991299 0.000000 0.000000 0.000000 0.000000 1.000000
0.994583 -0.069396 0.077393 0.000000 0.077345 0.991465 -0.104955 9.635200 -0.069449 0.110372 0.991461 0.000000 0.000000 0.000000 0.000000 1.000000
0.994245 -0.071439 0.079830 -0.000000 0.079595 0.991371 -0.104153 9.635200 -0.071700 0.109908 0.991352 0.000000 0.000000 0.000000 0.000000 1.000000
0.994181 -0.072055 0.080077 0.000000 0.080284 0.991247 -0.104801 9.635200 -0.071824 0.110620 0.991264 -0.000000 0.000000 0.000000 0.000000 1.000000
0.994310 -0.071685 0.078794 -0.000000 0.079795 0.991253 -0.105123 9.635200 -0.070569 0.110812 0.991333 0.000000 0.000000 0.000000 0.000000 1.000000
0.994402 -0.071284 0.077995 -0.000000 0.079234 0.991406 -0.104100 9.635200 -0.069904 0.109697 0.991504 0.000000 0.000000 0.000000 0.000000 1.000000</float_array>
        <technique_common>
          <accessor source="#mixamorig_Spine-Matrix-animation-output-transform-array" count="35" stride="16">
            <param type="float4x4"/>
          </accessor>
        </technique_common>
      </source>
      <source id="mixamorig_Spine-Interpolations">
        <Name_array id="mixamorig_Spine-Interpolations-array" count="35">
 LINEAR LINEAR LINEAR LINEAR LINEAR LINEAR LINEAR LINEAR LINEAR LINEAR LINEAR
LINEAR LINEAR LINEAR LINEAR LINEAR LINEAR LINEAR LINEAR LINEAR LINEAR LINEAR LINEAR
LINEAR LINEAR LINEAR LINEAR LINEAR LINEAR LINEAR LINEAR LINEAR LINEAR LINEAR LINEAR</Name_array>
        <technique_common>
          <accessor source="#mixamorig_Spine-Interpolations-array" count="35">
            <param type="name"/>
          </accessor>
        </technique_common>
      </source>
      <sampler id="mixamorig_Spine-Matrix-animation-transform">
        <input semantic="INPUT" source="#mixamorig_Spine-Matrix-animation-input"/>
        <input semantic="OUTPUT" source="#mixamorig_Spine-Matrix-animation-output-transform"/>
        <input semantic="INTERPOLATION" source="#mixamorig_Spine-Interpolations"/>
      </sampler>
      <channel source="#mixamorig_Spine-Matrix-animation-transform" target="mixamorig_Spine/matrix"/>
    </animation>
    <animation id="mixamorig_Spine1-anim" name="mixamorig_Spine1">
      <source id="mixamorig_Spine1-Matrix-animation-input">
        <float_array id="mixamorig_Spine1-Matrix-animation-input-array" count="35">

0.000000 0.033333 0.066667 0.100000 0.133333 0.166667 0.200000 0.233333 0.266667 0.300000 0.333333 0.366667 0.400000 0.433333 0.466667 0.500000
0.533333 0.566667 0.600000 0.633333 0.666667 0.700000 0.733333 0.766667 0.800000 0.833333 0.866667 0.900000 0.933333 0.966667 1.000000 1.033333
1.066667 1.100000 1.133333</float_array>
        <technique_common>
          <accessor source="#mixamorig_Spine1-Matrix-animation-input-array" count="35">
            <param name="TIME" type="float"/>
          </accessor>
        </technique_common>
      </source>
      <source id="mixamorig_Spine1-Matrix-animation-output-transform">
        <float_array id="mixamorig_Spine1-Matrix-animation-output-transform-array" count="560">

0.999955 0.001169 -0.009440 0.000000 -0.001161 0.999999 0.000851 9.766500 0.009441 -0.000840 0.999955 -0.000000 0.000000 0.000000 0.000000 1.000000
0.999914 0.006804 -0.011196 0.000000 -0.006808 0.999977 -0.000301 9.766500 0.011194 0.000377 0.999937 0.000000 0.000000 0.000000 0.000000 1.000000
0.999903 0.009689 -0.009994 0.000000 -0.009697 0.999953 -0.000776 9.766500 0.009986 0.000873 0.999950 0.000000 0.000000 0.000000 0.000000 1.000000
0.999915 0.010024 -0.008300 0.000000 -0.010041 0.999947 -0.002067 9.766500 0.008278 0.002150 0.999963 0.000000 0.000000 0.000000 0.000000 1.000000
0.999912 0.010483 -0.008167 0.000000 -0.010520 0.999934 -0.004510 9.766500 0.008119 0.004596 0.999956 0.000000 0.000000 0.000000 0.000000 1.000000
0.999922 0.010517 -0.006688 0.000000 -0.010559 0.999924 -0.006367 9.766500 0.006620 0.006437 0.999957 0.000000 0.000000 0.000000 0.000000 1.000000
0.999921 0.011807 -0.004281 -0.000000 -0.011842 0.999897 -0.008160 9.766500 0.004184 0.008210 0.999958 0.000000 0.000000 0.000000 0.000000 1.000000
0.999885 0.015136 -0.000315 0.000000 -0.015139 0.999815 -0.011828 9.766500 0.000136 0.011831 0.999930 0.000000 0.000000 0.000000 0.000000 1.000000
0.999843 0.016475 0.006548 0.000000 -0.016375 0.999753 -0.015028 9.766500 -0.006794 0.014918 0.999866 0.000000 0.000000 0.000000 0.000000 1.000000
0.999809 0.015858 0.011445 0.000000 -0.015688 0.999767 -0.014819 9.766500 -0.011677 0.014637 0.999825 -0.000000 0.000000 0.000000 0.000000 1.000000
0.999870 0.010535 0.012202 0.000000 -0.010349 0.999831 -0.015215 9.766500 -0.012360 0.015087 0.999810 -0.000000 0.000000 0.000000 0.000000 1.000000
0.999927 0.005727 0.010684 -0.000000 -0.005546 0.999843 -0.016850 9.766500 -0.010779 0.016790 0.999801 0.000000 0.000000 0.000000 0.000000 1.000000
0.999950 0.002497 0.009651 0.000000 -0.002330 0.999848 -0.017275 9.766500 -0.009692 0.017252 0.999804 0.000000 0.000000 0.000000 0.000000 1.000000
0.999958 -0.000317 0.009120 -0.000000 0.000469 0.999861 -0.016678 9.766500 -0.009113 0.016682 0.999819 0.000000 0.000000 0.000000 0.000000 1.000000
0.999958 -0.002130 0.008931 0.000000 0.002273 0.999869 -0.016020 9.766500 -0.008896 0.016040 0.999832 -0.000000 0.000000 0.000000 0.000000 1.000000
0.999958 -0.003085 0.008676 0.000000 0.003225 0.999864 -0.016177 9.766500 -0.008624 0.016205 0.999831 0.000000 0.000000 0.000000 0.000000 1.000000
0.999960 -0.003488 0.008292 -0.000000 0.003628 0.999850 -0.016921 9.766500 -0.008232 0.016950 0.999822 0.000000 0.000000 0.000000 0.000000 1.000000
0.999960 -0.003617 0.008234 0.000000 0.003761 0.999839 -0.017534 9.766500 -0.008169 0.017564 0.999812 0.000000 0.000000 0.000000 0.000000 1.000000
0.999953 -0.003776 0.008875 0.000000 0.003933 0.999835 -0.017735 9.766500 -0.008806 0.017769 0.999803 0.000000 0.000000 0.000000 0.000000 1.000000
0.999940 -0.004202 0.010165 0.000000 0.004382 0.999832 -0.017793 9.766500 -0.010088 0.017836 0.999790 0.000000 0.000000 0.000000 0.000000 1.000000
0.999920 -0.004835 0.011656 0.000000 0.005042 0.999828 -0.017824 9.766500 -0.011568 0.017881 0.999773 0.000000 0.000000 0.000000 0.000000 1.000000
0.999902 -0.005327 0.012911 -0.000000 0.005557 0.999825 -0.017848 9.766500 -0.012814 0.017918 0.999757 0.000000 0.000000 0.000000 0.000000 1.000000
0.999889 -0.005516 0.013815 -0.000000 0.005762 0.999823 -0.017895 9.766500 -0.013714 0.017973 0.999744 0.000000 0.000000 0.000000 0.000000 1.000000
0.999881 -0.005590 0.014395 0.000000 0.005848 0.999821 -0.017988 9.766500 -0.014292 0.018070 0.999735 -0.000000 0.000000 0.000000 0.000000 1.000000
0.999877 -0.005722 0.014575 0.000000 0.005988 0.999815 -0.018270 9.766500 -0.014467 0.018355 0.999727 0.000000 0.000000 0.000000 0.000000 1.000000
0.999881 -0.005774 0.014296 0.000000 0.006041 0.999807 -0.018688 9.766500 -0.014186 0.018772 0.999723 -0.000000 0.000000 0.000000 0.000000 1.000000
0.999891 -0.005541 0.013719 0.000000 0.005801 0.999802 -0.019010 9.766500 -0.013611 0.019088 0.999725 0.000000 0.000000 0.000000 0.000000 1.000000
0.999899 -0.005194 0.013209 0.000000 0.005444 0.999805 -0.018976 9.766500 -0.013108 0.019046 0.999733 0.000000 0.000000 0.000000 0.000000 1.000000
0.999902 -0.005029 0.013047 -0.000000 0.005270 0.999815 -0.018501 9.766500 -0.012951 0.018568 0.999744 0.000000 0.000000 0.000000 0.000000 1.000000
0.999900 -0.005062 0.013242 -0.000000 0.005298 0.999827 -0.017803 9.766500 -0.013149 0.017871 0.999754 0.000000 0.000000 0.000000 0.000000 1.000000
0.999893 -0.005209 0.013681 0.000000 0.005446 0.999836 -0.017294 9.766500 -0.013589 0.017367 0.999757 0.000000 0.000000 0.000000 0.000000 1.000000
0.999887 -0.005316 0.014075 -0.000000 0.005558 0.999836 -0.017211 9.766500 -0.013981 0.017288 0.999753 0.000000 0.000000 0.000000 0.000000 1.000000
0.999888 -0.005204 0.014029 0.000000 0.005447 0.999835 -0.017303 9.766500 -0.013937 0.017377 0.999752 -0.000000 0.000000 0.000000 0.000000 1.000000
0.999891 -0.004884 0.013922 0.000000 0.005126 0.999836 -0.017392 9.766500 -0.013835 0.017462 0.999752 0.000000 0.000000 0.000000 0.000000 1.000000
0.999894 -0.004636 0.013829 0.000000 0.004875 0.999839 -0.017297 9.766500 -0.013746 0.017363 0.999755 0.000000 0.000000 0.000000 0.000000 1.000000</float_array>
        <technique_common>
          <accessor source="#mixamorig_Spine1-Matrix-animation-output-transform-array" count="35" stride="16">
            <param type="float4x4"/>
          </accessor>
        </technique_common>
      </source>
      <source id="mixamorig_Spine1-Interpolations">
        <Name_array id="mixamorig_Spine1-Interpolations-array" count="35">
 LINEAR LINEAR LINEAR LINEAR LINEAR LINEAR LINEAR LINEAR LINEAR LINEAR LINEAR
LINEAR LINEAR LINEAR LINEAR LINEAR LINEAR LINEAR LINEAR LINEAR LINEAR LINEAR LINEAR
LINEAR LINEAR LINEAR LINEAR LINEAR LINEAR LINEAR LINEAR LINEAR LINEAR LINEAR LINEAR</Name_array>
        <technique_common>
          <accessor source="#mixamorig_Spine1-Interpolations-array" count="35">
            <param type="name"/>
          </accessor>
        </technique_common>
      </source>
      <sampler id="mixamorig_Spine1-Matrix-animation-transform">
        <input semantic="INPUT" source="#mixamorig_Spine1-Matrix-animation-input"/>
        <input semantic="OUTPUT" source="#mixamorig_Spine1-Matrix-animation-output-transform"/>
        <input semantic="INTERPOLATION" source="#mixamorig_Spine1-Interpolations"/>
      </sampler>
      <channel source="#mixamorig_Spine1-Matrix-animation-transform" target="mixamorig_Spine1/matrix"/>
    </animation>
    <animation id="mixamorig_Spine2-anim" name="mixamorig_Spine2">
      <source id="mixamorig_Spine2-Matrix-animation-input">
        <float_array id="mixamorig_Spine2-Matrix-animation-input-array" count="35">

0.000000 0.033333 0.066667 0.100000 0.133333 0.166667 0.200000 0.233333 0.266667 0.300000 0.333333 0.366667 0.400000 0.433333 0.466667 0.500000
0.533333 0.566667 0.600000 0.633333 0.666667 0.700000 0.733333 0.766667 0.800000 0.833333 0.866667 0.900000 0.933333 0.966667 1.000000 1.033333
1.066667 1.100000 1.133333</float_array>
        <technique_common>
          <accessor source="#mixamorig_Spine2-Matrix-animation-input-array" count="35">
            <param name="TIME" type="float"/>
          </accessor>
        </technique_common>
      </source>
      <source id="mixamorig_Spine2-Matrix-animation-output-transform">
        <float_array id="mixamorig_Spine2-Matrix-animation-output-transform-array" count="560">

0.999955 0.001166 -0.009439 0.000000 -0.001157 0.999999 0.000876 9.815200 0.009440 -0.000865 0.999955 0.000000 0.000000 0.000000 0.000000 1.000000
0.999914 0.006800 -0.011197 0.000000 -0.006804 0.999977 -0.000279 9.815200 0.011195 0.000355 0.999937 0.000000 0.000000 0.000000 0.000000 1.000000
0.999903 0.009685 -0.009997 0.000000 -0.009694 0.999953 -0.000755 9.815200 0.009989 0.000851 0.999950 0.000000 0.000000 0.000000 0.000000 1.000000
0.999915 0.010019 -0.008299 0.000000 -0.010036 0.999948 -0.002045 9.815200 0.008279 0.002128 0.999963 0.000000 0.000000 0.000000 0.000000 1.000000
0.999912 0.010486 -0.008168 -0.000000 -0.010523 0.999935 -0.004491 9.815200 0.008120 0.004576 0.999957 0.000000 0.000000 0.000000 0.000000 1.000000
0.999922 0.010561 -0.006695 0.000000 -0.010603 0.999924 -0.006350 9.815200 0.006627 0.006420 0.999957 0.000000 0.000000 0.000000 0.000000 1.000000
0.999921 0.011810 -0.004290 -0.000000 -0.011844 0.999897 -0.008148 9.815200 0.004194 0.008198 0.999958 0.000000 0.000000 0.000000 0.000000 1.000000
0.999885 0.015135 -0.000334 0.000000 -0.015138 0.999815 -0.011825 9.815200 0.000155 0.011829 0.999930 0.000000 0.000000 0.000000 0.000000 1.000000
0.999843 0.016476 0.006514 -0.000000 -0.016377 0.999753 -0.015041 9.815200 -0.006760 0.014932 0.999866 0.000000 0.000000 0.000000 0.000000 1.000000
0.999809 0.015874 0.011374 0.000000 -0.015704 0.999766 -0.014859 9.815200 -0.011608 0.014678 0.999825 0.000000 0.000000 0.000000 0.000000 1.000000
0.999871 0.010568 0.012115 0.000000 -0.010383 0.999830 -0.015266 9.815200 -0.012274 0.015138 0.999810 0.000000 0.000000 0.000000 0.000000 1.000000
0.999927 0.005764 0.010586 0.000000 -0.005584 0.999842 -0.016903 9.815200 -0.010681 0.016843 0.999801 0.000000 0.000000 0.000000 0.000000 1.000000
0.999951 0.002533 0.009553 0.000000 -0.002367 0.999847 -0.017327 9.815200 -0.009596 0.017303 0.999804 0.000000 0.000000 0.000000 0.000000 1.000000
0.999959 -0.000284 0.009034 0.000000 0.000435 0.999860 -0.016727 9.815200 -0.009028 0.016730 0.999819 -0.000000 0.000000 0.000000 0.000000 1.000000
0.999959 -0.002101 0.008858 -0.000000 0.002243 0.999868 -0.016066 9.815200 -0.008823 0.016086 0.999832 0.000000 0.000000 0.000000 0.000000 1.000000
0.999958 -0.003058 0.008607 0.000000 0.003197 0.999863 -0.016220 9.815200 -0.008556 0.016247 0.999831 0.000000 0.000000 0.000000 0.000000 1.000000
0.999960 -0.003462 0.008224 0.000000 0.003602 0.999850 -0.016960 9.815200 -0.008164 0.016988 0.999822 0.000000 0.000000 0.000000 0.000000 1.000000
0.999960 -0.003592 0.008169 0.000000 0.003736 0.999839 -0.017569 9.815200 -0.008104 0.017599 0.999812 0.000000 0.000000 0.000000 0.000000 1.000000
0.999954 -0.003753 0.008817 0.000000 0.003909 0.999834 -0.017769 9.815200 -0.008749 0.017802 0.999803 0.000000 0.000000 0.000000 0.000000 1.000000
0.999940 -0.004179 0.010115 0.000000 0.004359 0.999832 -0.017806 9.815200 -0.010039 0.017849 0.999790 0.000000 0.000000 0.000000 0.000000 1.000000
0.999921 -0.004813 0.011611 0.000000 0.005020 0.999828 -0.017841 9.815200 -0.011524 0.017898 0.999773 0.000000 0.000000 0.000000 0.000000 1.000000
0.999903 -0.005307 0.012869 0.000000 0.005537 0.999825 -0.017883 9.815200 -0.012772 0.017952 0.999757 0.000000 0.000000 0.000000 0.000000 1.000000
0.999890 -0.005498 0.013776 0.000000 0.005745 0.999823 -0.017938 9.815200 -0.013675 0.018015 0.999744 -0.000000 0.000000 0.000000 0.000000 1.000000
0.999881 -0.005574 0.014358 0.000000 0.005833 0.999820 -0.018027 9.815200 -0.014255 0.018109 0.999734 0.000000 0.000000 0.000000 0.000000 1.000000
0.999878 -0.005706 0.014540 0.000000 0.005972 0.999815 -0.018308 9.815200 -0.014432 0.018392 0.999727 0.000000 0.000000 0.000000 0.000000 1.000000
0.999882 -0.005758 0.014262 -0.000000 0.006025 0.999807 -0.018724 9.815200 -0.014152 0.018807 0.999723 0.000000 0.000000 0.000000 0.000000 1.000000
0.999891 -0.005525 0.013686 -0.000000 0.005785 0.999802 -0.019044 9.815200 -0.013578 0.019121 0.999725 0.000000 0.000000 0.000000 0.000000 1.000000
0.999900 -0.005178 0.013176 0.000000 0.005428 0.999805 -0.019008 9.815200 -0.013075 0.019077 0.999733 0.000000 0.000000 0.000000 0.000000 1.000000
0.999903 -0.005014 0.013013 0.000000 0.005255 0.999814 -0.018534 9.815200 -0.012918 0.018600 0.999744 0.000000 0.000000 0.000000 0.000000 1.000000
0.999900 -0.005048 0.013207 0.000000 0.005284 0.999827 -0.017838 9.815200 -0.013115 0.017906 0.999754 0.000000 0.000000 0.000000 0.000000 1.000000
0.999893 -0.005196 0.013643 -0.000000 0.005432 0.999835 -0.017333 9.815200 -0.013551 0.017406 0.999757 0.000000 0.000000 0.000000 0.000000 1.000000
0.999887 -0.005307 0.014034 0.000000 0.005549 0.999836 -0.017255 9.815200 -0.013940 0.017331 0.999753 0.000000 0.000000 0.000000 0.000000 1.000000
0.999887 -0.005170 0.014107 0.000000 0.005415 0.999835 -0.017349 9.815200 -0.014015 0.017423 0.999750 0.000000 0.000000 0.000000 0.000000 1.000000
0.999890 -0.004822 0.014007 -0.000000 0.005066 0.999835 -0.017441 9.815200 -0.013921 0.017510 0.999750 0.000000 0.000000 0.000000 0.000000 1.000000
0.999893 -0.004574 0.013893 0.000000 0.004815 0.999838 -0.017348 9.815200 -0.013811 0.017413 0.999753 -0.000000 0.000000 0.000000 0.000000 1.000000</float_array>
        <technique_common>
          <accessor source="#mixamorig_Spine2-Matrix-animation-output-transform-array" count="35" stride="16">
            <param type="float4x4"/>
          </accessor>
        </technique_common>
      </source>
      <source id="mixamorig_Spine2-Interpolations">
        <Name_array id="mixamorig_Spine2-Interpolations-array" count="35">
 LINEAR LINEAR LINEAR LINEAR LINEAR LINEAR LINEAR LINEAR LINEAR LINEAR LINEAR
LINEAR LINEAR LINEAR LINEAR LINEAR LINEAR LINEAR LINEAR LINEAR LINEAR LINEAR LINEAR
LINEAR LINEAR LINEAR LINEAR LINEAR LINEAR LINEAR LINEAR LINEAR LINEAR LINEAR LINEAR</Name_array>
        <technique_common>
          <accessor source="#mixamorig_Spine2-Interpolations-array" count="35">
            <param type="name"/>
          </accessor>
        </technique_common>
      </source>
      <sampler id="mixamorig_Spine2-Matrix-animation-transform">
        <input semantic="INPUT" source="#mixamorig_Spine2-Matrix-animation-input"/>
        <input semantic="OUTPUT" source="#mixamorig_Spine2-Matrix-animation-output-transform"/>
        <input semantic="INTERPOLATION" source="#mixamorig_Spine2-Interpolations"/>
      </sampler>
      <channel source="#mixamorig_Spine2-Matrix-animation-transform" target="mixamorig_Spine2/matrix"/>
    </animation>
    <animation id="mixamorig_Neck-anim" name="mixamorig_Neck">
      <source id="mixamorig_Neck-Matrix-animation-input">
        <float_array id="mixamorig_Neck-Matrix-animation-input-array" count="35">

0.000000 0.033333 0.066667 0.100000 0.133333 0.166667 0.200000 0.233333 0.266667 0.300000 0.333333 0.366667 0.400000 0.433333 0.466667 0.500000
0.533333 0.566667 0.600000 0.633333 0.666667 0.700000 0.733333 0.766667 0.800000 0.833333 0.866667 0.900000 0.933333 0.966667 1.000000 1.033333
1.066667 1.100000 1.133333</float_array>
        <technique_common>
          <accessor source="#mixamorig_Neck-Matrix-animation-input-array" count="35">
            <param name="TIME" type="float"/>
          </accessor>
        </technique_common>
      </source>
      <source id="mixamorig_Neck-Matrix-animation-output-transform">
        <float_array id="mixamorig_Neck-Matrix-animation-output-transform-array" count="560">

0.998614 0.050321 0.015415 0.000100 -0.048390 0.993077 -0.107037 31.180201 -0.020695 0.106143 0.994136 -6.470500 0.000000 0.000000 0.000000 1.000000
0.999322 0.036140 0.007088 0.000100 -0.035015 0.992000 -0.121284 31.180201 -0.011415 0.120954 0.992592 -6.470500 0.000000 0.000000 0.000000 1.000000
0.999729 0.022533 -0.005782 0.000100 -0.023108 0.990544 -0.135234 31.180201 0.002680 0.135331 0.990797 -6.470500 0.000000 0.000000 0.000000 1.000000
0.999690 0.011759 -0.021966 0.000100 -0.014720 0.990053 -0.139923 31.180201 0.020102 0.140203 0.989919 -6.470500 0.000000 0.000000 0.000000 1.000000
0.999218 0.001561 -0.039506 0.000100 -0.006620 0.991718 -0.128264 31.180201 0.038979 0.128425 0.990953 -6.470500 0.000000 0.000000 0.000000 1.000000
0.998100 -0.008348 -0.061049 0.000100 0.002240 0.995040 -0.099446 31.180201 0.061576 0.099120 0.993168 -6.470500 0.000000 0.000000 0.000000 1.000000
0.996493 -0.005294 -0.083514 0.000100 0.000532 0.998378 -0.056934 31.180201 0.083680 0.056690 0.994879 -6.470500 0.000000 0.000000 0.000000 1.000000
0.993792 -0.003229 -0.111208 0.000100 0.001460 0.999871 -0.015983 31.180201 0.111245 0.015722 0.993669 -6.470500 0.000000 0.000000 0.000000 1.000000
0.989463 -0.008685 -0.144527 0.000100 0.012010 0.999682 0.022154 31.180201 0.144289 -0.023656 0.989253 -6.470500 0.000000 0.000000 0.000000 1.000000
0.985818 -0.007207 -0.167663 0.000100 0.014172 0.999084 0.040383 31.180201 0.167218 -0.042186 0.985017 -6.470500 0.000000 0.000000 0.000000 1.000000
0.983888 -0.005789 -0.178693 0.000100 0.012653 0.999224 0.037295 31.180201 0.178339 -0.038955 0.983198 -6.470500 0.000000 0.000000 0.000000 1.000000
0.982954 -0.023280 -0.182371 0.000100 0.028315 0.999285 0.025055 31.180201 0.181657 -0.029791 0.982911 -6.470500 0.000000 0.000000 0.000000 1.000000
0.982464 -0.034670 -0.183199 0.000100 0.038947 0.999045 0.019798 31.180201 0.182338 -0.026586 0.982876 -6.470500 0.000000 0.000000 0.000000 1.000000
0.982144 -0.037824 -0.184290 0.000100 0.043015 0.998780 0.024254 31.180201 0.183147 -0.031748 0.982573 -6.470500 0.000000 0.000000 0.000000 1.000000
0.981774 -0.038760 -0.186058 0.000100 0.045835 0.998375 0.033873 31.180201 0.184443 -0.041784 0.981955 -6.470500 0.000000 0.000000 0.000000 1.000000
0.981328 -0.041856 -0.187733 0.000100 0.050592 0.997836 0.041986 31.180201 0.185569 -0.050700 0.981322 -6.470500 0.000000 0.000000 0.000000 1.000000
0.980933 -0.046313 -0.188750 0.000100 0.055966 0.997366 0.046134 31.180201 0.186116 -0.055818 0.980941 -6.470500 0.000000 0.000000 0.000000 1.000000
0.980745 -0.049137 -0.189012 0.000100 0.059174 0.997101 0.047829 31.180201 0.186114 -0.058092 0.980809 -6.470500 0.000000 0.000000 0.000000 1.000000
0.980863 -0.048625 -0.188528 0.000100 0.059021 0.997008 0.049924 31.180201 0.185537 -0.060096 0.980798 -6.470500 0.000000 0.000000 0.000000 1.000000
0.981223 -0.045628 -0.187404 0.000100 0.056563 0.996969 0.053418 31.180201 0.184399 -0.063016 0.980829 -6.470500 0.000000 0.000000 0.000000 1.000000
0.981644 -0.042549 -0.185918 0.000100 0.053911 0.996947 0.056488 31.180201 0.182947 -0.065474 0.980940 -6.470500 0.000000 0.000000 0.000000 1.000000
0.981997 -0.040929 -0.184410 0.000100 0.052402 0.996954 0.057772 31.180201 0.181484 -0.066396 0.981150 -6.470500 0.000000 0.000000 0.000000 1.000000
0.982455 -0.038183 -0.182552 0.000100 0.049983 0.996917 0.060483 31.180201 0.179680 -0.068546 0.981334 -6.470500 0.000000 0.000000 0.000000 1.000000
0.983111 -0.031802 -0.180228 0.000100 0.044648 0.996708 0.067671 31.180201 0.177482 -0.074575 0.981294 -6.470500 0.000000 0.000000 0.000000 1.000000
0.983611 -0.025169 -0.178536 0.000100 0.039414 0.996275 0.076694 31.180201 0.175940 -0.082474 0.980940 -6.470500 0.000000 0.000000 0.000000 1.000000
0.983790 -0.022233 -0.177942 0.000100 0.037646 0.995778 0.083717 31.180201 0.175329 -0.089059 0.980473 -6.470500 0.000000 0.000000 0.000000 1.000000
0.983771 -0.023226 -0.177920 0.000100 0.039277 0.995414 0.087230 31.180201 0.175078 -0.092802 0.980171 -6.470500 0.000000 0.000000 0.000000 1.000000
0.983767 -0.024020 -0.177835 0.000100 0.040440 0.995184 0.089293 31.180201 0.174834 -0.095036 0.980001 -6.470500 0.000000 0.000000 0.000000 1.000000
0.983866 -0.021787 -0.177575 0.000100 0.038585 0.995039 0.091699 31.180201 0.174696 -0.097072 0.979826 -6.470500 0.000000 0.000000 0.000000 1.000000
0.983929 -0.019491 -0.177494 0.000100 0.036476 0.995003 0.092942 31.180201 0.174796 -0.097922 0.979723 -6.470500 0.000000 0.000000 0.000000 1.000000
0.983853 -0.019590 -0.177905 0.000100 0.036880 0.994851 0.094405 31.180201 0.175140 -0.099442 0.979509 -6.470500 0.000000 0.000000 0.000000 1.000000
0.983738 -0.021397 -0.178330 0.000100 0.039400 0.994403 0.098032 31.180201 0.175234 -0.103464 0.979075 -6.470500 0.000000 0.000000 0.000000 1.000000
0.983634 -0.024916 -0.178450 0.000100 0.043526 0.993919 0.101145 31.180201 0.174844 -0.107257 0.978737 -6.470500 0.000000 0.000000 0.000000 1.000000
0.983404 -0.030342 -0.178872 0.000100 0.049025 0.993681 0.100973 31.180201 0.174678 -0.108066 0.978677 -6.470500 0.000000 0.000000 0.000000 1.000000
0.983143 -0.035464 -0.179368 0.000100 0.053628 0.993795 0.097448 31.180201 0.174799 -0.105425 0.978944 -6.470500 0.000000 0.000000 0.000000 1.000000</float_array>
        <technique_common>
          <accessor source="#mixamorig_Neck-Matrix-animation-output-transform-array" count="35" stride="16">
            <param type="float4x4"/>
          </accessor>
        </technique_common>
      </source>
      <source id="mixamorig_Neck-Interpolations">
        <Name_array id="mixamorig_Neck-Interpolations-array" count="35">
 LINEAR LINEAR LINEAR LINEAR LINEAR LINEAR LINEAR LINEAR LINEAR LINEAR LINEAR
LINEAR LINEAR LINEAR LINEAR LINEAR LINEAR LINEAR LINEAR LINEAR LINEAR LINEAR LINEAR
LINEAR LINEAR LINEAR LINEAR LINEAR LINEAR LINEAR LINEAR LINEAR LINEAR LINEAR LINEAR</Name_array>
        <technique_common>
          <accessor source="#mixamorig_Neck-Interpolations-array" count="35">
            <param type="name"/>
          </accessor>
        </technique_common>
      </source>
      <sampler id="mixamorig_Neck-Matrix-animation-transform">
        <input semantic="INPUT" source="#mixamorig_Neck-Matrix-animation-input"/>
        <input semantic="OUTPUT" source="#mixamorig_Neck-Matrix-animation-output-transform"/>
        <input semantic="INTERPOLATION" source="#mixamorig_Neck-Interpolations"/>
      </sampler>
      <channel source="#mixamorig_Neck-Matrix-animation-transform" target="mixamorig_Neck/matrix"/>
    </animation>
    <animation id="mixamorig_Head-anim" name="mixamorig_Head">
      <source id="mixamorig_Head-Matrix-animation-input">
        <float_array id="mixamorig_Head-Matrix-animation-input-array" count="35">

0.000000 0.033333 0.066667 0.100000 0.133333 0.166667 0.200000 0.233333 0.266667 0.300000 0.333333 0.366667 0.400000 0.433333 0.466667 0.500000
0.533333 0.566667 0.600000 0.633333 0.666667 0.700000 0.733333 0.766667 0.800000 0.833333 0.866667 0.900000 0.933333 0.966667 1.000000 1.033333
1.066667 1.100000 1.133333</float_array>
        <technique_common>
          <accessor source="#mixamorig_Head-Matrix-animation-input-array" count="35">
            <param name="TIME" type="float"/>
          </accessor>
        </technique_common>
      </source>
      <source id="mixamorig_Head-Matrix-animation-output-transform">
        <float_array id="mixamorig_Head-Matrix-animation-output-transform-array" count="560">

0.999482 0.027654 0.016488 0.000000 -0.022972 0.971330 -0.236625 15.371800 -0.022559 0.236123 0.971461 0.000000 0.000000 0.000000 0.000000 1.000000
0.999761 -0.015520 -0.015380 0.000000 0.010751 0.962212 -0.272090 15.371800 0.019022 0.271860 0.962149 0.000000 0.000000 0.000000 0.000000 1.000000
0.995330 -0.064860 -0.071491 0.000000 0.040538 0.953007 -0.300223 15.371800 0.087604 0.295923 0.951186 0.000000 0.000000 0.000000 0.000000 1.000000
0.981571 -0.118529 -0.149897 0.000000 0.070940 0.954359 -0.290114 15.371800 0.177442 0.274134 0.945180 0.000000 0.000000 0.000000 0.000000 1.000000
0.956953 -0.173526 -0.232659 -0.000000 0.104057 0.953428 -0.283103 15.371800 0.270949 0.246706 0.930442 0.000000 0.000000 0.000000 0.000000 1.000000
0.923689 -0.212298 -0.318950 0.000000 0.115974 0.948323 -0.295354 15.371800 0.365170 0.235825 0.900576 -0.000000 0.000000 0.000000 0.000000 1.000000
0.874460 -0.246472 -0.417817 -0.000000 0.136636 0.951579 -0.275370 15.371800 0.465457 0.183712 0.865794 0.000000 0.000000 0.000000 0.000000 1.000000
0.799273 -0.266688 -0.538554 0.000000 0.178622 0.961067 -0.210820 15.371800 0.573809 0.072305 0.815791 0.000000 0.000000 0.000000 0.000000 1.000000
0.705501 -0.248726 -0.663630 0.000000 0.214392 0.967420 -0.134666 15.371800 0.675503 -0.047270 0.735840 -0.000000 0.000000 0.000000 0.000000 1.000000
0.630538 -0.202183 -0.749362 -0.000000 0.228747 0.971001 -0.069507 15.371800 0.741685 -0.127588 0.658502 0.000000 0.000000 0.000000 0.000000 1.000000
0.590215 -0.161235 -0.790980 -0.000000 0.233325 0.972101 -0.024052 15.371800 0.772791 -0.170360 0.611369 -0.000000 0.000000 0.000000 0.000000 1.000000
0.588655 -0.140253 -0.796125 0.000000 0.243225 0.969928 0.008969 15.371800 0.770926 -0.198917 0.605066 -0.000000 0.000000 0.000000 0.000000 1.000000
0.596234 -0.122325 -0.793436 -0.000000 0.243504 0.969320 0.033542 15.371800 0.764991 -0.213204 0.607728 0.000000 0.000000 0.000000 0.000000 1.000000
0.600752 -0.102820 -0.792796 0.000000 0.235893 0.970338 0.052905 15.371800 0.763840 -0.218797 0.607187 0.000000 0.000000 0.000000 0.000000 1.000000
0.601062 -0.089430 -0.794183 0.000000 0.230252 0.970963 0.064926 15.371800 0.765316 -0.221887 0.604200 0.000000 0.000000 0.000000 0.000000 1.000000
0.600615 -0.083547 -0.795161 -0.000000 0.231175 0.970194 0.072677 15.371800 0.765389 -0.227472 0.602027 -0.000000 0.000000 0.000000 0.000000 1.000000
0.601443 -0.081449 -0.794753 0.000000 0.235188 0.968758 0.078700 15.371800 0.763514 -0.234250 0.601809 0.000000 0.000000 0.000000 0.000000 1.000000
0.602915 -0.081081 -0.793675 0.000000 0.238268 0.967720 0.082139 15.371800 0.761395 -0.238631 0.602772 0.000000 0.000000 0.000000 0.000000 1.000000
0.604636 -0.082968 -0.792169 0.000000 0.239676 0.967416 0.081614 15.371800 0.759586 -0.239211 0.604821 0.000000 0.000000 0.000000 0.000000 1.000000
0.607387 -0.085419 -0.789801 -0.000000 0.239673 0.967579 0.079671 15.371800 0.757389 -0.237685 0.608167 0.000000 0.000000 0.000000 0.000000 1.000000
0.611833 -0.085315 -0.786372 0.000000 0.238279 0.967864 0.080387 15.371800 0.754243 -0.236559 0.612500 0.000000 0.000000 0.000000 0.000000 1.000000
0.617470 -0.083248 -0.782177 0.000000 0.235610 0.968302 0.082940 15.371800 0.750479 -0.235501 0.617512 0.000000 0.000000 0.000000 0.000000 1.000000
0.623602 -0.084895 -0.777118 -0.000000 0.232257 0.969319 0.080484 15.371800 0.746443 -0.230681 0.624187 0.000000 0.000000 0.000000 0.000000 1.000000
0.628660 -0.092629 -0.772144 -0.000000 0.229959 0.970623 0.070787 15.371800 0.742903 -0.222062 0.631493 0.000000 0.000000 0.000000 0.000000 1.000000
0.631206 -0.100040 -0.769136 -0.000000 0.228361 0.971662 0.061027 15.371800 0.741235 -0.214162 0.636164 0.000000 0.000000 0.000000 0.000000 1.000000
0.632963 -0.103088 -0.767288 0.000000 0.225533 0.972661 0.055370 15.371800 0.740603 -0.208096 0.638908 0.000000 0.000000 0.000000 0.000000 1.000000
0.635965 -0.103059 -0.764805 -0.000000 0.220728 0.973932 0.052304 15.371800 0.739478 -0.202077 0.642135 0.000000 0.000000 0.000000 0.000000 1.000000
0.639370 -0.101942 -0.762112 -0.000000 0.212315 0.976043 0.047562 15.371800 0.739005 -0.192217 0.645696 0.000000 0.000000 0.000000 0.000000 1.000000
0.640783 -0.100744 -0.761083 -0.000000 0.202440 0.978439 0.040927 15.371800 0.740551 -0.180299 0.647362 0.000000 0.000000 0.000000 0.000000 1.000000
0.640198 -0.098668 -0.761847 0.000000 0.197532 0.979515 0.039132 15.371800 0.742379 -0.175541 0.646574 0.000000 0.000000 0.000000 0.000000 1.000000
0.639166 -0.096304 -0.763015 -0.000000 0.198382 0.979199 0.042592 15.371800 0.743042 -0.178592 0.644976 -0.000000 0.000000 0.000000 0.000000 1.000000
0.639783 -0.095423 -0.762609 0.000000 0.201922 0.978274 0.046992 15.371800 0.741556 -0.184052 0.645151 0.000000 0.000000 0.000000 0.000000 1.000000
0.643135 -0.093218 -0.760058 0.000000 0.205930 0.977052 0.054420 15.371800 0.737544 -0.191518 0.647572 -0.000000 0.000000 0.000000 0.000000 1.000000
0.647033 -0.086972 -0.757486 0.000000 0.207518 0.976057 0.065192 15.371800 0.733679 -0.199373 0.649589 0.000000 0.000000 0.000000 0.000000 1.000000
0.649834 -0.079295 -0.755928 0.000000 0.206823 0.975463 0.075471 15.371800 0.731396 -0.205387 0.650290 0.000000 0.000000 0.000000 0.000000 1.000000</float_array>
        <technique_common>
          <accessor source="#mixamorig_Head-Matrix-animation-output-transform-array" count="35" stride="16">
            <param type="float4x4"/>
          </accessor>
        </technique_common>
      </source>
      <source id="mixamorig_Head-Interpolations">
        <Name_array id="mixamorig_Head-Interpolations-array" count="35">
 LINEAR LINEAR LINEAR LINEAR LINEAR LINEAR LINEAR LINEAR LINEAR LINEAR LINEAR
LINEAR LINEAR LINEAR LINEAR LINEAR LINEAR LINEAR LINEAR LINEAR LINEAR LINEAR LINEAR
LINEAR LINEAR LINEAR LINEAR LINEAR LINEAR LINEAR LINEAR LINEAR LINEAR LINEAR LINEAR</Name_array>
        <technique_common>
          <accessor source="#mixamorig_Head-Interpolations-array" count="35">
            <param type="name"/>
          </accessor>
        </technique_common>
      </source>
      <sampler id="mixamorig_Head-Matrix-animation-transform">
        <input semantic="INPUT" source="#mixamorig_Head-Matrix-animation-input"/>
        <input semantic="OUTPUT" source="#mixamorig_Head-Matrix-animation-output-transform"/>
        <input semantic="INTERPOLATION" source="#mixamorig_Head-Interpolations"/>
      </sampler>
      <channel source="#mixamorig_Head-Matrix-animation-transform" target="mixamorig_Head/matrix"/>
    </animation>
    <animation id="mixamorig_LeftShoulder-anim" name="mixamorig_LeftShoulder">
      <source id="mixamorig_LeftShoulder-Matrix-animation-input">
        <float_array id="mixamorig_LeftShoulder-Matrix-animation-input-array" count="35">

0.000000 0.033333 0.066667 0.100000 0.133333 0.166667 0.200000 0.233333 0.266667 0.300000 0.333333 0.366667 0.400000 0.433333 0.466667 0.500000
0.533333 0.566667 0.600000 0.633333 0.666667 0.700000 0.733333 0.766667 0.800000 0.833333 0.866667 0.900000 0.933333 0.966667 1.000000 1.033333
1.066667 1.100000 1.133333</float_array>
        <technique_common>
          <accessor source="#mixamorig_LeftShoulder-Matrix-animation-input-array" count="35">
            <param name="TIME" type="float"/>
          </accessor>
        </technique_common>
      </source>
      <source id="mixamorig_LeftShoulder-Matrix-animation-output-transform">
        <float_array id="mixamorig_LeftShoulder-Matrix-animation-output-transform-array" count="560">

0.090422 0.977848 -0.188778 8.163700 0.003339 -0.189851 -0.981807 27.405800 -0.995898 0.088147 -0.020432 -9.892500 0.000000 0.000000 0.000000 1.000000
0.089994 0.978176 -0.187276 8.163700 0.003383 -0.188338 -0.982098 27.405800 -0.995937 0.087749 -0.020259 -9.892500 0.000000 0.000000 0.000000 1.000000
0.096110 0.976928 -0.190722 8.163700 0.003017 -0.191894 -0.981411 27.405800 -0.995366 0.093748 -0.021391 -9.892500 0.000000 0.000000 0.000000 1.000000
0.098239 0.974947 -0.199571 8.163700 0.002943 -0.200824 -0.979623 27.405800 -0.995159 0.095650 -0.022598 -9.892500 0.000000 0.000000 0.000000 1.000000
0.102498 0.974187 -0.201131 8.163700 0.002584 -0.202456 -0.979288 27.405800 -0.994730 0.099855 -0.023268 -9.892500 0.000000 0.000000 0.000000 1.000000
0.106326 0.972768 -0.205955 8.163700 0.002356 -0.207375 -0.978259 27.405800 -0.994329 0.103529 -0.024341 -9.892500 0.000000 0.000000 0.000000 1.000000
0.093578 0.972038 -0.215371 8.163700 0.003005 -0.216595 -0.976257 27.405800 -0.995607 0.090709 -0.023190 -9.892500 0.000000 0.000000 0.000000 1.000000
0.078878 0.972109 -0.220869 8.163700 0.003688 -0.221842 -0.975076 27.405800 -0.996877 0.076097 -0.021084 -9.892500 0.000000 0.000000 0.000000 1.000000
0.067420 0.970091 -0.233191 8.163700 0.004506 -0.234017 -0.972222 27.405800 -0.997715 0.064496 -0.020149 -9.892500 0.000000 0.000000 0.000000 1.000000
0.061248 0.967483 -0.245410 8.163700 0.004979 -0.246165 -0.969215 27.405800 -0.998110 0.058140 -0.019894 -9.892500 0.000000 0.000000 0.000000 1.000000
0.062594 0.968261 -0.241978 8.163700 0.004879 -0.242747 -0.970077 27.405800 -0.998027 0.059541 -0.019919 -9.892500 0.000000 0.000000 0.000000 1.000000
0.058825 0.971772 -0.228469 8.163700 0.004983 -0.229149 -0.973379 27.405800 -0.998256 0.056120 -0.018322 -9.892500 0.000000 0.000000 0.000000 1.000000
0.059236 0.974291 -0.217366 8.163700 0.004853 -0.218027 -0.975931 27.405800 -0.998232 0.056755 -0.017643 -9.892500 0.000000 0.000000 0.000000 1.000000
0.062885 0.976109 -0.207980 8.163700 0.004627 -0.208676 -0.977974 27.405800 -0.998010 0.060538 -0.017639 -9.892500 0.000000 0.000000 0.000000 1.000000
0.066150 0.977665 -0.199488 8.163700 0.004433 -0.200212 -0.979743 27.405800 -0.997800 0.063926 -0.017578 -9.892500 0.000000 0.000000 0.000000 1.000000
0.066400 0.979531 -0.190028 8.163700 0.004376 -0.190733 -0.981632 27.405800 -0.997784 0.064348 -0.016951 -9.892500 0.000000 0.000000 0.000000 1.000000
0.062145 0.981721 -0.179894 8.163700 0.004484 -0.180515 -0.983562 27.405800 -0.998057 0.060317 -0.015621 -9.892500 0.000000 0.000000 0.000000 1.000000
0.054551 0.983581 -0.172025 8.163700 0.004674 -0.172531 -0.984993 27.405800 -0.998500 0.052929 -0.014009 -9.892500 0.000000 0.000000 0.000000 1.000000
0.047497 0.984402 -0.169402 8.163700 0.004874 -0.169820 -0.985463 27.405800 -0.998859 0.045981 -0.012864 -9.892500 0.000000 0.000000 0.000000 1.000000
0.044153 0.984097 -0.172059 8.163700 0.005043 -0.172445 -0.985006 27.405800 -0.999012 0.042624 -0.012577 -9.892500 0.000000 0.000000 0.000000 1.000000
0.045034 0.983201 -0.176884 8.163700 0.005104 -0.177287 -0.984146 27.405800 -0.998972 0.043418 -0.013002 -9.892500 0.000000 0.000000 0.000000 1.000000
0.049262 0.982348 -0.180459 8.163700 0.004990 -0.180918 -0.983486 27.405800 -0.998773 0.047548 -0.013815 -9.892500 0.000000 0.000000 0.000000 1.000000
0.054048 0.981859 -0.181747 8.163700 0.004788 -0.182265 -0.983238 27.405800 -0.998527 0.052272 -0.014552 -9.892500 0.000000 0.000000 0.000000 1.000000
0.056317 0.981752 -0.181634 8.163700 0.004688 -0.182181 -0.983254 27.405800 -0.998402 0.054523 -0.014863 -9.892500 0.000000 0.000000 0.000000 1.000000
0.055608 0.981973 -0.180657 8.163700 0.004752 -0.181196 -0.983436 27.405800 -0.998441 0.053828 -0.014743 -9.892500 0.000000 0.000000 0.000000 1.000000
0.052955 0.982472 -0.178729 8.163700 0.004854 -0.179231 -0.983795 27.405800 -0.998585 0.051229 -0.014260 -9.892500 0.000000 0.000000 0.000000 1.000000
0.050667 0.982877 -0.177161 8.163700 0.004863 -0.177629 -0.984085 27.405800 -0.998704 0.048999 -0.013780 -9.892500 0.000000 0.000000 0.000000 1.000000
0.052124 0.982496 -0.178843 8.163700 0.004815 -0.179332 -0.983777 27.405800 -0.998629 0.050417 -0.014078 -9.892500 0.000000 0.000000 0.000000 1.000000
0.057514 0.981030 -0.185130 8.163700 0.004719 -0.185702 -0.982595 27.405800 -0.998334 0.055640 -0.015310 -9.892500 0.000000 0.000000 0.000000 1.000000
0.063675 0.978988 -0.193721 8.163700 0.004525 -0.194396 -0.980913 27.405800 -0.997960 0.061583 -0.016808 -9.892500 0.000000 0.000000 0.000000 1.000000
0.067747 0.977340 -0.200541 8.163700 0.004340 -0.201289 -0.979522 27.405800 -0.997693 0.065489 -0.017879 -9.892500 0.000000 0.000000 0.000000 1.000000
0.068316 0.976807 -0.202931 8.163700 0.004316 -0.203694 -0.979025 27.405800 -0.997654 0.066007 -0.018131 -9.892500 0.000000 0.000000 0.000000 1.000000
0.065955 0.977377 -0.200958 8.163700 0.004438 -0.201682 -0.979441 27.405800 -0.997813 0.063707 -0.017640 -9.892500 0.000000 0.000000 0.000000 1.000000
0.063094 0.978411 -0.196800 8.163700 0.004536 -0.197472 -0.980298 27.405800 -0.997997 0.060958 -0.016897 -9.892500 0.000000 0.000000 0.000000 1.000000
0.062338 0.979204 -0.193061 8.163700 0.004534 -0.193713 -0.981048 27.405800 -0.998045 0.060281 -0.016516 -9.892500 0.000000 0.000000 0.000000 1.000000</float_array>
        <technique_common>
          <accessor source="#mixamorig_LeftShoulder-Matrix-animation-output-transform-array" count="35" stride="16">
            <param type="float4x4"/>
          </accessor>
        </technique_common>
      </source>
      <source id="mixamorig_LeftShoulder-Interpolations">
        <Name_array id="mixamorig_LeftShoulder-Interpolations-array" count="35">
 LINEAR LINEAR LINEAR LINEAR LINEAR LINEAR LINEAR LINEAR LINEAR LINEAR LINEAR
LINEAR LINEAR LINEAR LINEAR LINEAR LINEAR LINEAR LINEAR LINEAR LINEAR LINEAR LINEAR
LINEAR LINEAR LINEAR LINEAR LINEAR LINEAR LINEAR LINEAR LINEAR LINEAR LINEAR LINEAR</Name_array>
        <technique_common>
          <accessor source="#mixamorig_LeftShoulder-Interpolations-array" count="35">
            <param type="name"/>
          </accessor>
        </technique_common>
      </source>
      <sampler id="mixamorig_LeftShoulder-Matrix-animation-transform">
        <input semantic="INPUT" source="#mixamorig_LeftShoulder-Matrix-animation-input"/>
        <input semantic="OUTPUT" source="#mixamorig_LeftShoulder-Matrix-animation-output-transform"/>
        <input semantic="INTERPOLATION" source="#mixamorig_LeftShoulder-Interpolations"/>
      </sampler>
      <channel source="#mixamorig_LeftShoulder-Matrix-animation-transform" target="mixamorig_LeftShoulder/matrix"/>
    </animation>
    <animation id="mixamorig_LeftArm-anim" name="mixamorig_LeftArm">
      <source id="mixamorig_LeftArm-Matrix-animation-input">
        <float_array id="mixamorig_LeftArm-Matrix-animation-input-array" count="35">

0.000000 0.033333 0.066667 0.100000 0.133333 0.166667 0.200000 0.233333 0.266667 0.300000 0.333333 0.366667 0.400000 0.433333 0.466667 0.500000
0.533333 0.566667 0.600000 0.633333 0.666667 0.700000 0.733333 0.766667 0.800000 0.833333 0.866667 0.900000 0.933333 0.966667 1.000000 1.033333
1.066667 1.100000 1.133333</float_array>
        <technique_common>
          <accessor source="#mixamorig_LeftArm-Matrix-animation-input-array" count="35">
            <param name="TIME" type="float"/>
          </accessor>
        </technique_common>
      </source>
      <source id="mixamorig_LeftArm-Matrix-animation-output-transform">
        <float_array id="mixamorig_LeftArm-Matrix-animation-output-transform-array" count="560">

0.903716 -0.232854 0.359272 0.000000 0.218788 0.972491 0.079958 15.851500 -0.368008 0.006345 0.929801 0.000000 0.000000 0.000000 0.000000 1.000000
0.875154 -0.274459 0.398470 0.000000 0.249695 0.961599 0.113930 15.851500 -0.414437 -0.000210 0.910078 0.000000 0.000000 0.000000 0.000000 1.000000
0.838540 -0.306842 0.450222 0.000000 0.283498 0.951386 0.120387 15.851500 -0.465274 0.026687 0.884764 -0.000000 0.000000 0.000000 0.000000 1.000000
0.812768 -0.317475 0.488485 0.000000 0.312435 0.945229 0.094475 15.851500 -0.491724 0.075834 0.867443 -0.000000 0.000000 0.000000 0.000000 1.000000
0.800042 -0.295652 0.522037 0.000000 0.325210 0.944927 0.036756 15.851500 -0.504154 0.140365 0.852131 -0.000000 0.000000 0.000000 0.000000 1.000000
0.789734 -0.263446 0.554000 0.000000 0.332569 0.942727 -0.025781 15.851500 -0.515479 0.204603 0.832117 0.000000 0.000000 0.000000 0.000000 1.000000
0.796828 -0.218320 0.563384 0.000000 0.329474 0.938610 -0.102269 15.851500 -0.506471 0.267111 0.819841 0.000000 0.000000 0.000000 0.000000 1.000000
0.818297 -0.138021 0.557979 -0.000000 0.284471 0.940767 -0.184481 15.851500 -0.499466 0.309689 0.809090 0.000000 0.000000 0.000000 0.000000 1.000000
0.843555 -0.051411 0.534576 -0.000000 0.217511 0.942817 -0.252558 15.851500 -0.491023 0.329323 0.806500 0.000000 0.000000 0.000000 0.000000 1.000000
0.862927 0.073345 0.499977 0.000000 0.123570 0.928745 -0.349519 15.851500 -0.489987 0.363392 0.792376 0.000000 0.000000 0.000000 0.000000 1.000000
0.861234 0.215769 0.460129 0.000000 0.039435 0.874293 -0.483794 15.851500 -0.506676 0.434806 0.744462 0.000000 0.000000 0.000000 0.000000 1.000000
0.845970 0.287318 0.449202 0.000000 0.025649 0.819516 -0.572482 15.851500 -0.532613 0.495824 0.685917 0.000000 0.000000 0.000000 0.000000 1.000000
0.820461 0.314221 0.477607 -0.000000 0.057466 0.785854 -0.615737 15.851500 -0.568807 0.532634 0.626705 0.000000 0.000000 0.000000 0.000000 1.000000
0.784730 0.324163 0.528316 0.000000 0.117837 0.758780 -0.640599 15.851500 -0.608534 0.564953 0.557239 0.000000 0.000000 0.000000 0.000000 1.000000
0.750655 0.321119 0.577408 0.000000 0.185808 0.736064 -0.650912 15.851500 -0.634029 0.595897 0.492863 0.000000 0.000000 0.000000 0.000000 1.000000
0.734540 0.306514 0.605392 0.000000 0.242393 0.714780 -0.656000 15.851500 -0.633796 0.628601 0.450737 0.000000 0.000000 0.000000 0.000000 1.000000
0.741548 0.279541 0.609889 0.000000 0.281762 0.695241 -0.661249 15.851500 -0.608866 0.662191 0.436791 0.000000 0.000000 0.000000 0.000000 1.000000
0.761639 0.242511 0.600912 -0.000000 0.307802 0.680643 -0.664818 15.851500 -0.570232 0.691313 0.443758 0.000000 0.000000 0.000000 0.000000 1.000000
0.782409 0.202954 0.588766 0.000000 0.324800 0.673659 -0.663844 15.851500 -0.531357 0.710629 0.461158 0.000000 0.000000 0.000000 0.000000 1.000000
0.796636 0.168106 0.580614 -0.000000 0.336226 0.675000 -0.656755 15.851500 -0.502318 0.718412 0.481207 0.000000 0.000000 0.000000 0.000000 1.000000
0.803946 0.142309 0.577425 -0.000000 0.342754 0.682587 -0.645441 15.851500 -0.485995 0.716814 0.499986 0.000000 0.000000 0.000000 0.000000 1.000000
0.808651 0.127467 0.574314 -0.000000 0.341825 0.692726 -0.635049 15.851500 -0.478789 0.709848 0.516602 0.000000 0.000000 0.000000 0.000000 1.000000
0.814060 0.120393 0.568165 0.000000 0.334717 0.702217 -0.628376 15.851500 -0.474628 0.701710 0.531349 -0.000000 0.000000 0.000000 0.000000 1.000000
0.819893 0.114807 0.560887 0.000000 0.327613 0.709350 -0.624093 15.851500 -0.469516 0.695443 0.543979 -0.000000 0.000000 0.000000 0.000000 1.000000
0.824649 0.108350 0.555171 -0.000000 0.324054 0.713959 -0.620687 15.851500 -0.463621 0.691754 0.553654 0.000000 0.000000 0.000000 0.000000 1.000000
0.827989 0.103396 0.551130 0.000000 0.322110 0.716817 -0.618401 15.851500 -0.458999 0.689553 0.560211 -0.000000 0.000000 0.000000 0.000000 1.000000
0.829276 0.102955 0.549273 0.000000 0.319360 0.719268 -0.616979 15.851500 -0.458595 0.687062 0.563592 -0.000000 0.000000 0.000000 0.000000 1.000000
0.826657 0.107793 0.552285 0.000000 0.316407 0.722580 -0.614626 15.851500 -0.465323 0.682831 0.563219 0.000000 0.000000 0.000000 0.000000 1.000000
0.820690 0.117179 0.559229 0.000000 0.312818 0.726883 -0.611381 15.851500 -0.478135 0.676691 0.559890 0.000000 0.000000 0.000000 0.000000 1.000000
0.814374 0.129109 0.565797 -0.000000 0.307484 0.730855 -0.609347 15.851500 -0.492188 0.670210 0.555490 -0.000000 0.000000 0.000000 0.000000 1.000000
0.809866 0.139084 0.569888 0.000000 0.303356 0.732205 -0.609796 15.851500 -0.502088 0.666732 0.550796 0.000000 0.000000 0.000000 0.000000 1.000000
0.807769 0.144781 0.571444 0.000000 0.303259 0.729207 -0.613426 15.851500 -0.505513 0.668802 0.545125 0.000000 0.000000 0.000000 0.000000 1.000000
0.807163 0.148094 0.571450 0.000000 0.306472 0.722224 -0.620054 15.851500 -0.504541 0.675619 0.537566 0.000000 0.000000 0.000000 0.000000 1.000000
0.806235 0.151660 0.571826 -0.000000 0.311198 0.713322 -0.627955 15.851500 -0.503131 0.684230 0.527909 -0.000000 0.000000 0.000000 0.000000 1.000000
0.803249 0.157303 0.574497 0.000000 0.316322 0.704600 -0.635200 15.851500 -0.504709 0.691950 0.516211 0.000000 0.000000 0.000000 0.000000 1.000000</float_array>
        <technique_common>
          <accessor source="#mixamorig_LeftArm-Matrix-animation-output-transform-array" count="35" stride="16">
            <param type="float4x4"/>
          </accessor>
        </technique_common>
      </source>
      <source id="mixamorig_LeftArm-Interpolations">
        <Name_array id="mixamorig_LeftArm-Interpolations-array" count="35">
 LINEAR LINEAR LINEAR LINEAR LINEAR LINEAR LINEAR LINEAR LINEAR LINEAR LINEAR
LINEAR LINEAR LINEAR LINEAR LINEAR LINEAR LINEAR LINEAR LINEAR LINEAR LINEAR LINEAR
LINEAR LINEAR LINEAR LINEAR LINEAR LINEAR LINEAR LINEAR LINEAR LINEAR LINEAR LINEAR</Name_array>
        <technique_common>
          <accessor source="#mixamorig_LeftArm-Interpolations-array" count="35">
            <param type="name"/>
          </accessor>
        </technique_common>
      </source>
      <sampler id="mixamorig_LeftArm-Matrix-animation-transform">
        <input semantic="INPUT" source="#mixamorig_LeftArm-Matrix-animation-input"/>
        <input semantic="OUTPUT" source="#mixamorig_LeftArm-Matrix-animation-output-transform"/>
        <input semantic="INTERPOLATION" source="#mixamorig_LeftArm-Interpolations"/>
      </sampler>
      <channel source="#mixamorig_LeftArm-Matrix-animation-transform" target="mixamorig_LeftArm/matrix"/>
    </animation>
    <animation id="mixamorig_LeftForeArm-anim" name="mixamorig_LeftForeArm">
      <source id="mixamorig_LeftForeArm-Matrix-animation-input">
        <float_array id="mixamorig_LeftForeArm-Matrix-animation-input-array" count="35">

0.000000 0.033333 0.066667 0.100000 0.133333 0.166667 0.200000 0.233333 0.266667 0.300000 0.333333 0.366667 0.400000 0.433333 0.466667 0.500000
0.533333 0.566667 0.600000 0.633333 0.666667 0.700000 0.733333 0.766667 0.800000 0.833333 0.866667 0.900000 0.933333 0.966667 1.000000 1.033333
1.066667 1.100000 1.133333</float_array>
        <technique_common>
          <accessor source="#mixamorig_LeftForeArm-Matrix-animation-input-array" count="35">
            <param name="TIME" type="float"/>
          </accessor>
        </technique_common>
      </source>
      <source id="mixamorig_LeftForeArm-Matrix-animation-output-transform">
        <float_array id="mixamorig_LeftForeArm-Matrix-animation-output-transform-array" count="560">

0.804918 -0.593387 -0.000000 0.000000 0.593387 0.804918 -0.000000 32.883701 0.000000 0.000000 1.000000 0.000000 0.000000 0.000000 0.000000 1.000000
0.781854 -0.623461 -0.000000 0.000000 0.623461 0.781854 -0.000000 32.883701 0.000000 0.000000 1.000000 0.000000 0.000000 0.000000 0.000000 1.000000
0.755183 -0.655514 -0.000000 -0.000000 0.655514 0.755183 0.000000 32.883701 0.000000 -0.000000 1.000000 0.000000 0.000000 0.000000 0.000000 1.000000
0.742061 -0.670333 -0.000000 0.000000 0.670333 0.742061 -0.000000 32.883701 0.000000 0.000000 1.000000 0.000000 0.000000 0.000000 0.000000 1.000000
0.742426 -0.669928 -0.000000 0.000000 0.669928 0.742426 -0.000000 32.883701 0.000000 0.000000 1.000000 -0.000000 0.000000 0.000000 0.000000 1.000000
0.752750 -0.658306 0.000000 -0.000000 0.658306 0.752750 -0.000000 32.883701 0.000000 0.000000 1.000000 0.000000 0.000000 0.000000 0.000000 1.000000
0.764997 -0.644033 -0.000000 -0.000000 0.644033 0.764997 -0.000000 32.883701 0.000000 -0.000000 1.000000 0.000000 0.000000 0.000000 0.000000 1.000000
0.771460 -0.636278 -0.000000 0.000000 0.636278 0.771460 -0.000000 32.883701 0.000000 0.000000 1.000000 0.000000 0.000000 0.000000 0.000000 1.000000
0.802285 -0.596941 0.000000 -0.000000 0.596941 0.802285 -0.000000 32.883701 0.000000 0.000000 1.000000 0.000000 0.000000 0.000000 0.000000 1.000000
0.831422 -0.555641 -0.000000 -0.000000 0.555641 0.831422 -0.000000 32.883701 0.000000 -0.000000 1.000000 -0.000000 0.000000 0.000000 0.000000 1.000000
0.848576 -0.529074 0.000000 0.000000 0.529074 0.848576 0.000000 32.883701 -0.000000 -0.000000 1.000000 0.000000 0.000000 0.000000 0.000000 1.000000
0.853352 -0.521335 -0.000000 -0.000000 0.521335 0.853352 0.000000 32.883701 0.000000 -0.000000 1.000000 -0.000000 0.000000 0.000000 0.000000 1.000000
0.848826 -0.528672 0.000000 0.000000 0.528672 0.848826 0.000000 32.883701 -0.000000 -0.000000 1.000000 0.000000 0.000000 0.000000 0.000000 1.000000
0.839574 -0.543246 -0.000000 0.000000 0.543246 0.839574 -0.000000 32.883701 0.000000 0.000000 1.000000 -0.000000 0.000000 0.000000 0.000000 1.000000
0.829589 -0.558374 0.000000 -0.000000 0.558374 0.829589 -0.000000 32.883701 0.000000 0.000000 1.000000 0.000000 0.000000 0.000000 0.000000 1.000000
0.823156 -0.567816 -0.000000 0.000000 0.567816 0.823156 0.000000 32.883701 0.000000 -0.000000 1.000000 0.000000 0.000000 0.000000 0.000000 1.000000
0.820089 -0.572236 -0.000000 -0.000000 0.572236 0.820089 -0.000000 32.883701 0.000000 0.000000 1.000000 0.000000 0.000000 0.000000 0.000000 1.000000
0.818385 -0.574670 -0.000000 -0.000000 0.574670 0.818385 0.000000 32.883701 0.000000 -0.000000 1.000000 -0.000000 0.000000 0.000000 0.000000 1.000000
0.818161 -0.574989 -0.000000 0.000000 0.574989 0.818161 -0.000000 32.883701 0.000000 -0.000000 1.000000 0.000000 0.000000 0.000000 0.000000 1.000000
0.819650 -0.572865 -0.000000 0.000000 0.572865 0.819650 0.000000 32.883701 -0.000000 -0.000000 1.000000 0.000000 0.000000 0.000000 0.000000 1.000000
0.822279 -0.569085 0.000000 0.000000 0.569085 0.822279 0.000000 32.883701 -0.000000 0.000000 1.000000 0.000000 0.000000 0.000000 0.000000 1.000000
0.824933 -0.565231 0.000000 -0.000000 0.565231 0.824933 0.000000 32.883701 -0.000000 0.000000 1.000000 0.000000 0.000000 0.000000 0.000000 1.000000
0.826140 -0.563465 0.000000 -0.000000 0.563465 0.826140 -0.000000 32.883701 0.000000 0.000000 1.000000 0.000000 0.000000 0.000000 0.000000 1.000000
0.825984 -0.563693 0.000000 0.000000 0.563693 0.825984 -0.000000 32.883701 -0.000000 0.000000 1.000000 -0.000000 0.000000 0.000000 0.000000 1.000000
0.825811 -0.563947 0.000000 -0.000000 0.563947 0.825811 -0.000000 32.883701 -0.000000 0.000000 1.000000 0.000000 0.000000 0.000000 0.000000 1.000000
0.825465 -0.564454 -0.000000 0.000000 0.564454 0.825465 0.000000 32.883701 0.000000 -0.000000 1.000000 0.000000 0.000000 0.000000 0.000000 1.000000
0.823783 -0.566905 -0.000000 -0.000000 0.566905 0.823783 0.000000 32.883701 0.000000 -0.000000 1.000000 0.000000 0.000000 0.000000 0.000000 1.000000
0.821822 -0.569744 0.000000 0.000000 0.569744 0.821822 0.000000 32.883701 -0.000000 -0.000000 1.000000 0.000000 0.000000 0.000000 0.000000 1.000000
0.820409 -0.571777 -0.000000 0.000000 0.571777 0.820409 -0.000000 32.883701 0.000000 -0.000000 1.000000 0.000000 0.000000 0.000000 0.000000 1.000000
0.818863 -0.573990 -0.000000 -0.000000 0.573990 0.818863 -0.000000 32.883701 0.000000 -0.000000 1.000000 0.000000 0.000000 0.000000 0.000000 1.000000
0.817927 -0.575322 -0.000000 0.000000 0.575322 0.817927 0.000000 32.883701 0.000000 -0.000000 1.000000 0.000000 0.000000 0.000000 0.000000 1.000000
0.818181 -0.574961 -0.000000 0.000000 0.574961 0.818181 -0.000000 32.883701 0.000000 -0.000000 1.000000 0.000000 0.000000 0.000000 0.000000 1.000000
0.818754 -0.574144 -0.000000 0.000000 0.574144 0.818754 0.000000 32.883701 0.000000 -0.000000 1.000000 -0.000000 0.000000 0.000000 0.000000 1.000000
0.818391 -0.574661 -0.000000 -0.000000 0.574661 0.818391 0.000000 32.883701 -0.000000 -0.000000 1.000000 0.000000 0.000000 0.000000 0.000000 1.000000
0.817468 -0.575974 0.000000 0.000000 0.575974 0.817468 0.000000 32.883701 -0.000000 0.000000 1.000000 0.000000 0.000000 0.000000 0.000000 1.000000</float_array>
        <technique_common>
          <accessor source="#mixamorig_LeftForeArm-Matrix-animation-output-transform-array" count="35" stride="16">
            <param type="float4x4"/>
          </accessor>
        </technique_common>
      </source>
      <source id="mixamorig_LeftForeArm-Interpolations">
        <Name_array id="mixamorig_LeftForeArm-Interpolations-array" count="35">
 LINEAR LINEAR LINEAR LINEAR LINEAR LINEAR LINEAR LINEAR LINEAR LINEAR LINEAR
LINEAR LINEAR LINEAR LINEAR LINEAR LINEAR LINEAR LINEAR LINEAR LINEAR LINEAR LINEAR
LINEAR LINEAR LINEAR LINEAR LINEAR LINEAR LINEAR LINEAR LINEAR LINEAR LINEAR LINEAR</Name_array>
        <technique_common>
          <accessor source="#mixamorig_LeftForeArm-Interpolations-array" count="35">
            <param type="name"/>
          </accessor>
        </technique_common>
      </source>
      <sampler id="mixamorig_LeftForeArm-Matrix-animation-transform">
        <input semantic="INPUT" source="#mixamorig_LeftForeArm-Matrix-animation-input"/>
        <input semantic="OUTPUT" source="#mixamorig_LeftForeArm-Matrix-animation-output-transform"/>
        <input semantic="INTERPOLATION" source="#mixamorig_LeftForeArm-Interpolations"/>
      </sampler>
      <channel source="#mixamorig_LeftForeArm-Matrix-animation-transform" target="mixamorig_LeftForeArm/matrix"/>
    </animation>
    <animation id="mixamorig_LeftHand-anim" name="mixamorig_LeftHand">
      <source id="mixamorig_LeftHand-Matrix-animation-input">
        <float_array id="mixamorig_LeftHand-Matrix-animation-input-array" count="35">

0.000000 0.033333 0.066667 0.100000 0.133333 0.166667 0.200000 0.233333 0.266667 0.300000 0.333333 0.366667 0.400000 0.433333 0.466667 0.500000
0.533333 0.566667 0.600000 0.633333 0.666667 0.700000 0.733333 0.766667 0.800000 0.833333 0.866667 0.900000 0.933333 0.966667 1.000000 1.033333
1.066667 1.100000 1.133333</float_array>
        <technique_common>
          <accessor source="#mixamorig_LeftHand-Matrix-animation-input-array" count="35">
            <param name="TIME" type="float"/>
          </accessor>
        </technique_common>
      </source>
      <source id="mixamorig_LeftHand-Matrix-animation-output-transform">
        <float_array id="mixamorig_LeftHand-Matrix-animation-output-transform-array" count="560">

0.985791 -0.135148 0.099752 0.000000 0.134461 0.990825 0.013607 30.158199 -0.100676 -0.000001 0.994919 0.000000 0.000000 0.000000 0.000000 1.000000
0.975769 -0.184312 0.117917 0.000000 0.183791 0.982845 0.015372 30.158199 -0.118728 0.006673 0.992904 -0.000000 0.000000 0.000000 0.000000 1.000000
0.950147 -0.212010 0.228630 -0.000000 0.215285 0.976491 0.010820 30.158199 -0.225549 0.038940 0.973453 -0.000000 0.000000 0.000000 0.000000 1.000000
0.924406 -0.206139 0.320906 -0.000000 0.216376 0.976303 0.003847 30.158199 -0.314094 0.065880 0.947103 0.000000 0.000000 0.000000 0.000000 1.000000
0.922476 -0.167468 0.347840 -0.000000 0.182348 0.983181 -0.010236 30.158199 -0.340276 0.072871 0.937498 0.000000 0.000000 0.000000 0.000000 1.000000
0.927507 -0.117921 0.354719 0.000000 0.136532 0.990245 -0.027806 30.158199 -0.347980 0.074221 0.934559 0.000000 0.000000 0.000000 0.000000 1.000000
0.929942 -0.089738 0.356588 -0.000000 0.105491 0.994108 -0.024934 30.158199 -0.352250 0.060805 0.933929 0.000000 0.000000 0.000000 0.000000 1.000000
0.951114 -0.081095 0.298004 0.000000 0.087573 0.996122 -0.008428 30.158199 -0.296165 0.034113 0.954528 0.000000 0.000000 0.000000 0.000000 1.000000
0.977864 -0.071630 0.196598 -0.000000 0.074758 0.997165 -0.008527 30.158199 -0.195430 0.023036 0.980447 0.000000 0.000000 0.000000 0.000000 1.000000
0.985408 -0.022360 0.168733 0.000000 0.015669 0.999041 0.040887 30.158199 -0.169486 -0.037647 0.984813 0.000000 0.000000 0.000000 0.000000 1.000000
0.970738 0.087637 0.223581 0.000000 -0.103603 0.992766 0.060685 30.158199 -0.216645 -0.082073 0.972794 -0.000000 0.000000 0.000000 0.000000 1.000000
0.944684 0.175299 0.277205 0.000000 -0.163767 0.984394 -0.064413 30.158199 -0.284171 0.015453 0.958649 0.000000 0.000000 0.000000 0.000000 1.000000
0.931344 0.200762 0.303799 0.000000 -0.142599 0.968736 -0.203018 30.158199 -0.335059 0.145758 0.930854 -0.000000 0.000000 0.000000 0.000000 1.000000
0.932080 0.184536 0.311727 0.000000 -0.080469 0.944496 -0.318517 30.158199 -0.353202 0.271799 0.895195 -0.000000 0.000000 0.000000 0.000000 1.000000
0.944340 0.142390 0.296558 0.000000 -0.016724 0.921086 -0.389000 30.158199 -0.328545 0.362389 0.872200 0.000000 0.000000 0.000000 0.000000 1.000000
0.958562 0.096967 0.267874 0.000000 0.027031 0.905091 -0.424357 30.158199 -0.283599 0.414013 0.864965 -0.000000 0.000000 0.000000 0.000000 1.000000
0.965973 0.061808 0.251150 -0.000000 0.055253 0.899299 -0.433831 30.158199 -0.252673 0.432946 0.865283 -0.000000 0.000000 0.000000 0.000000 1.000000
0.965341 0.033300 0.258860 0.000000 0.080569 0.905362 -0.416928 30.158199 -0.248245 0.423333 0.871300 -0.000000 0.000000 0.000000 0.000000 1.000000
0.963965 -0.001890 0.266022 0.000000 0.104940 0.921588 -0.373715 30.158199 -0.244457 0.388165 0.888577 0.000000 0.000000 0.000000 0.000000 1.000000
0.971762 -0.050464 0.230502 0.000000 0.123062 0.941878 -0.312606 30.158199 -0.201329 0.332144 0.921492 0.000000 0.000000 0.000000 0.000000 1.000000
0.984752 -0.105217 0.138542 -0.000000 0.137581 0.958408 -0.250051 30.158199 -0.106470 0.265299 0.958270 -0.000000 0.000000 0.000000 0.000000 1.000000
0.987835 -0.153454 0.025173 0.000000 0.155357 0.966829 -0.202747 30.158199 0.006774 0.204191 0.978908 0.000000 0.000000 0.000000 0.000000 1.000000
0.980593 -0.187465 -0.057398 -0.000000 0.174804 0.968560 -0.177018 30.158199 0.088778 0.163549 0.982532 0.000000 0.000000 0.000000 0.000000 1.000000
0.974654 -0.205885 -0.087525 0.000000 0.189296 0.967471 -0.167833 30.158199 0.119232 0.147011 0.981922 0.000000 0.000000 0.000000 0.000000 1.000000
0.974467 -0.209696 -0.080263 -0.000000 0.194129 0.966466 -0.168097 30.158199 0.112821 0.148223 0.982497 0.000000 0.000000 0.000000 0.000000 1.000000
0.978084 -0.199490 -0.059629 -0.000000 0.186667 0.967017 -0.173302 30.158199 0.092234 0.158373 0.983062 0.000000 0.000000 0.000000 0.000000 1.000000
0.983268 -0.178169 -0.037943 0.000000 0.168609 0.968986 -0.180658 30.158199 0.068954 0.171238 0.982814 0.000000 0.000000 0.000000 0.000000 1.000000
0.987905 -0.153993 -0.018143 0.000000 0.147887 0.970915 -0.188292 30.158199 0.046611 0.183332 0.981945 0.000000 0.000000 0.000000 0.000000 1.000000
0.990875 -0.134738 -0.003516 0.000000 0.131464 0.971896 -0.195283 30.158199 0.029730 0.193039 0.980741 0.000000 0.000000 0.000000 0.000000 1.000000
0.992486 -0.122327 0.002602 -0.000000 0.120330 0.971988 -0.201890 30.158199 0.022168 0.200686 0.979405 0.000000 0.000000 0.000000 0.000000 1.000000
0.993585 -0.113076 0.001830 0.000000 0.110959 0.971599 -0.209004 30.158199 0.021855 0.207866 0.977913 0.000000 0.000000 0.000000 0.000000 1.000000
0.994899 -0.100880 -0.000179 0.000000 0.098446 0.971279 -0.216621 30.158199 0.022026 0.215499 0.976256 0.000000 0.000000 0.000000 0.000000 1.000000
0.996508 -0.083477 0.001559 -0.000000 0.081708 0.971200 -0.223816 30.158199 0.017170 0.223162 0.974630 0.000000 0.000000 0.000000 0.000000 1.000000
0.997871 -0.064656 0.008556 -0.000000 0.064883 0.970833 -0.230812 30.158199 0.006617 0.230876 0.972961 0.000000 0.000000 0.000000 0.000000 1.000000
0.998505 -0.050903 0.019934 0.000000 0.054199 0.969409 -0.239391 30.158199 -0.007139 0.240114 0.970718 0.000000 0.000000 0.000000 0.000000 1.000000</float_array>
        <technique_common>
          <accessor source="#mixamorig_LeftHand-Matrix-animation-output-transform-array" count="35" stride="16">
            <param type="float4x4"/>
          </accessor>
        </technique_common>
      </source>
      <source id="mixamorig_LeftHand-Interpolations">
        <Name_array id="mixamorig_LeftHand-Interpolations-array" count="35">
 LINEAR LINEAR LINEAR LINEAR LINEAR LINEAR LINEAR LINEAR LINEAR LINEAR LINEAR
LINEAR LINEAR LINEAR LINEAR LINEAR LINEAR LINEAR LINEAR LINEAR LINEAR LINEAR LINEAR
LINEAR LINEAR LINEAR LINEAR LINEAR LINEAR LINEAR LINEAR LINEAR LINEAR LINEAR LINEAR</Name_array>
        <technique_common>
          <accessor source="#mixamorig_LeftHand-Interpolations-array" count="35">
            <param type="name"/>
          </accessor>
        </technique_common>
      </source>
      <sampler id="mixamorig_LeftHand-Matrix-animation-transform">
        <input semantic="INPUT" source="#mixamorig_LeftHand-Matrix-animation-input"/>
        <input semantic="OUTPUT" source="#mixamorig_LeftHand-Matrix-animation-output-transform"/>
        <input semantic="INTERPOLATION" source="#mixamorig_LeftHand-Interpolations"/>
      </sampler>
      <channel source="#mixamorig_LeftHand-Matrix-animation-transform" target="mixamorig_LeftHand/matrix"/>
    </animation>
    <animation id="mixamorig_LeftHandThumb1-anim" name="mixamorig_LeftHandThumb1">
      <source id="mixamorig_LeftHandThumb1-Matrix-animation-input">
        <float_array id="mixamorig_LeftHandThumb1-Matrix-animation-input-array" count="35">

0.000000 0.033333 0.066667 0.100000 0.133333 0.166667 0.200000 0.233333 0.266667 0.300000 0.333333 0.366667 0.400000 0.433333 0.466667 0.500000
0.533333 0.566667 0.600000 0.633333 0.666667 0.700000 0.733333 0.766667 0.800000 0.833333 0.866667 0.900000 0.933333 0.966667 1.000000 1.033333
1.066667 1.100000 1.133333</float_array>
        <technique_common>
          <accessor source="#mixamorig_LeftHandThumb1-Matrix-animation-input-array" count="35">
            <param name="TIME" type="float"/>
          </accessor>
        </technique_common>
      </source>
      <source id="mixamorig_LeftHandThumb1-Matrix-animation-output-transform">
        <float_array id="mixamorig_LeftHandThumb1-Matrix-animation-output-transform-array" count="560">

0.801870 -0.568748 0.183113 -4.918400 0.597310 0.755341 -0.269594 5.220700 0.015018 0.325555 0.945404 2.164100 0.000000 0.000000 0.000000 1.000000
0.801843 -0.568761 0.183190 -4.918400 0.597348 0.755333 -0.269532 5.220700 0.014930 0.325550 0.945407 2.164100 0.000000 0.000000 0.000000 1.000000
0.801817 -0.568774 0.183266 -4.918400 0.597385 0.755326 -0.269468 5.220700 0.014841 0.325544 0.945410 2.164100 0.000000 0.000000 0.000000 1.000000
0.801792 -0.568784 0.183341 -4.918400 0.597421 0.755321 -0.269403 5.220700 0.014751 0.325538 0.945414 2.164100 0.000000 0.000000 0.000000 1.000000
0.801769 -0.568792 0.183417 -4.918400 0.597455 0.755318 -0.269338 5.220700 0.014659 0.325531 0.945418 2.164100 0.000000 0.000000 0.000000 1.000000
0.801746 -0.568801 0.183494 -4.918400 0.597488 0.755315 -0.269272 5.220700 0.014567 0.325523 0.945422 2.164100 0.000000 0.000000 0.000000 1.000000
0.801723 -0.568807 0.183570 -4.918400 0.597520 0.755313 -0.269206 5.220700 0.014473 0.325515 0.945426 2.164100 0.000000 0.000000 0.000000 1.000000
0.801702 -0.568813 0.183646 -4.918400 0.597551 0.755312 -0.269139 5.220700 0.014379 0.325507 0.945430 2.164100 0.000000 0.000000 0.000000 1.000000
0.801681 -0.568818 0.183723 -4.918400 0.597582 0.755312 -0.269071 5.220700 0.014284 0.325498 0.945435 2.164100 0.000000 0.000000 0.000000 1.000000
0.801660 -0.568823 0.183800 -4.918400 0.597612 0.755313 -0.269003 5.220700 0.014188 0.325490 0.945439 2.164100 0.000000 0.000000 0.000000 1.000000
0.801639 -0.568827 0.183877 -4.918400 0.597642 0.755314 -0.268934 5.220700 0.014092 0.325480 0.945444 2.164100 0.000000 0.000000 0.000000 1.000000
0.801619 -0.568831 0.183954 -4.918400 0.597672 0.755315 -0.268865 5.220700 0.013995 0.325471 0.945448 2.164100 0.000000 0.000000 0.000000 1.000000
0.801598 -0.568835 0.184031 -4.918400 0.597702 0.755315 -0.268795 5.220700 0.013898 0.325462 0.945453 2.164100 0.000000 0.000000 0.000000 1.000000
0.801581 -0.568834 0.184109 -4.918400 0.597727 0.755320 -0.268725 5.220700 0.013799 0.325451 0.945458 2.164100 0.000000 0.000000 0.000000 1.000000
0.801566 -0.568830 0.184186 -4.918400 0.597750 0.755328 -0.268654 5.220700 0.013698 0.325441 0.945463 2.164100 0.000000 0.000000 0.000000 1.000000
0.801551 -0.568826 0.184264 -4.918400 0.597772 0.755336 -0.268582 5.220700 0.013596 0.325430 0.945468 2.164100 0.000000 0.000000 0.000000 1.000000
0.801536 -0.568821 0.184342 -4.918400 0.597794 0.755344 -0.268511 5.220700 0.013494 0.325420 0.945473 2.164100 0.000000 0.000000 0.000000 1.000000
0.801522 -0.568817 0.184420 -4.918400 0.597816 0.755352 -0.268439 5.220700 0.013391 0.325409 0.945479 2.164100 0.000000 0.000000 0.000000 1.000000
0.801507 -0.568811 0.184499 -4.918400 0.597837 0.755361 -0.268367 5.220700 0.013287 0.325399 0.945484 2.164100 0.000000 0.000000 0.000000 1.000000
0.801493 -0.568806 0.184577 -4.918400 0.597858 0.755370 -0.268295 5.220700 0.013184 0.325387 0.945489 2.164100 0.000000 0.000000 0.000000 1.000000
0.801479 -0.568800 0.184656 -4.918400 0.597879 0.755379 -0.268223 5.220700 0.013080 0.325377 0.945494 2.164100 0.000000 0.000000 0.000000 1.000000
0.801466 -0.568793 0.184736 -4.918400 0.597900 0.755388 -0.268150 5.220700 0.012975 0.325367 0.945499 2.164100 0.000000 0.000000 0.000000 1.000000
0.801452 -0.568786 0.184815 -4.918400 0.597920 0.755398 -0.268077 5.220700 0.012870 0.325356 0.945504 2.164100 0.000000 0.000000 0.000000 1.000000
0.801439 -0.568779 0.184895 -4.918400 0.597941 0.755408 -0.268004 5.220700 0.012764 0.325345 0.945509 2.164100 0.000000 0.000000 0.000000 1.000000
0.801426 -0.568771 0.184976 -4.918400 0.597960 0.755418 -0.267931 5.220700 0.012658 0.325335 0.945514 2.164100 0.000000 0.000000 0.000000 1.000000
0.801413 -0.568763 0.185056 -4.918400 0.597980 0.755429 -0.267858 5.220700 0.012551 0.325325 0.945519 2.164100 0.000000 0.000000 0.000000 1.000000
0.801401 -0.568754 0.185137 -4.918400 0.597998 0.755439 -0.267786 5.220700 0.012444 0.325316 0.945524 2.164100 0.000000 0.000000 0.000000 1.000000
0.801388 -0.568745 0.185219 -4.918400 0.598017 0.755451 -0.267713 5.220700 0.012337 0.325306 0.945528 2.164100 0.000000 0.000000 0.000000 1.000000
0.801377 -0.568735 0.185300 -4.918400 0.598035 0.755462 -0.267640 5.220700 0.012229 0.325296 0.945533 2.164100 0.000000 0.000000 0.000000 1.000000
0.801367 -0.568722 0.185382 -4.918400 0.598050 0.755476 -0.267567 5.220700 0.012119 0.325287 0.945538 2.164100 0.000000 0.000000 0.000000 1.000000
0.801358 -0.568707 0.185465 -4.918400 0.598064 0.755491 -0.267494 5.220700 0.012009 0.325278 0.945542 2.164100 0.000000 0.000000 0.000000 1.000000
0.801350 -0.568692 0.185547 -4.918400 0.598078 0.755506 -0.267420 5.220700 0.011898 0.325269 0.945547 2.164100 0.000000 0.000000 0.000000 1.000000
0.801341 -0.568677 0.185629 -4.918400 0.598091 0.755522 -0.267347 5.220700 0.011787 0.325259 0.945551 2.164100 0.000000 0.000000 0.000000 1.000000
0.801333 -0.568662 0.185711 -4.918400 0.598104 0.755538 -0.267271 5.220700 0.011675 0.325248 0.945557 2.164100 0.000000 0.000000 0.000000 1.000000
0.801325 -0.568647 0.185793 -4.918400 0.598118 0.755554 -0.267196 5.220700 0.011564 0.325237 0.945562 2.164100 0.000000 0.000000 0.000000 1.000000</float_array>
        <technique_common>
          <accessor source="#mixamorig_LeftHandThumb1-Matrix-animation-output-transform-array" count="35" stride="16">
            <param type="float4x4"/>
          </accessor>
        </technique_common>
      </source>
      <source id="mixamorig_LeftHandThumb1-Interpolations">
        <Name_array id="mixamorig_LeftHandThumb1-Interpolations-array" count="35">
 LINEAR LINEAR LINEAR LINEAR LINEAR LINEAR LINEAR LINEAR LINEAR LINEAR LINEAR
LINEAR LINEAR LINEAR LINEAR LINEAR LINEAR LINEAR LINEAR LINEAR LINEAR LINEAR LINEAR
LINEAR LINEAR LINEAR LINEAR LINEAR LINEAR LINEAR LINEAR LINEAR LINEAR LINEAR LINEAR</Name_array>
        <technique_common>
          <accessor source="#mixamorig_LeftHandThumb1-Interpolations-array" count="35">
            <param type="name"/>
          </accessor>
        </technique_common>
      </source>
      <sampler id="mixamorig_LeftHandThumb1-Matrix-animation-transform">
        <input semantic="INPUT" source="#mixamorig_LeftHandThumb1-Matrix-animation-input"/>
        <input semantic="OUTPUT" source="#mixamorig_LeftHandThumb1-Matrix-animation-output-transform"/>
        <input semantic="INTERPOLATION" source="#mixamorig_LeftHandThumb1-Interpolations"/>
      </sampler>
      <channel source="#mixamorig_LeftHandThumb1-Matrix-animation-transform" target="mixamorig_LeftHandThumb1/matrix"/>
    </animation>
    <animation id="mixamorig_LeftHandThumb2-anim" name="mixamorig_LeftHandThumb2">
      <source id="mixamorig_LeftHandThumb2-Matrix-animation-input">
        <float_array id="mixamorig_LeftHandThumb2-Matrix-animation-input-array" count="35">

0.000000 0.033333 0.066667 0.100000 0.133333 0.166667 0.200000 0.233333 0.266667 0.300000 0.333333 0.366667 0.400000 0.433333 0.466667 0.500000
0.533333 0.566667 0.600000 0.633333 0.666667 0.700000 0.733333 0.766667 0.800000 0.833333 0.866667 0.900000 0.933333 0.966667 1.000000 1.033333
1.066667 1.100000 1.133333</float_array>
        <technique_common>
          <accessor source="#mixamorig_LeftHandThumb2-Matrix-animation-input-array" count="35">
            <param name="TIME" type="float"/>
          </accessor>
        </technique_common>
      </source>
      <source id="mixamorig_LeftHandThumb2-Matrix-animation-output-transform">
        <float_array id="mixamorig_LeftHandThumb2-Matrix-animation-output-transform-array" count="560">

0.966684 0.255891 0.006478 0.000000 -0.255771 0.966617 -0.015249 2.420200 -0.010164 0.013084 0.999863 0.000000 0.000000 0.000000 0.000000 1.000000
0.966625 0.256108 0.006683 0.000000 -0.255988 0.966564 -0.014994 2.420200 -0.010299 0.012782 0.999865 0.000000 0.000000 0.000000 0.000000 1.000000
0.966566 0.256325 0.006887 0.000000 -0.256205 0.966510 -0.014736 2.420200 -0.010433 0.012479 0.999868 0.000000 0.000000 0.000000 0.000000 1.000000
0.966507 0.256542 0.007089 0.000000 -0.256422 0.966457 -0.014475 2.420200 -0.010565 0.012173 0.999870 0.000000 0.000000 0.000000 0.000000 1.000000
0.966448 0.256758 0.007291 0.000000 -0.256639 0.966403 -0.014213 2.420200 -0.010695 0.011865 0.999872 0.000000 0.000000 0.000000 0.000000 1.000000
0.966389 0.256975 0.007491 -0.000000 -0.256856 0.966349 -0.013948 2.420200 -0.010823 0.011555 0.999875 0.000000 0.000000 0.000000 0.000000 1.000000
0.966330 0.257191 0.007691 0.000000 -0.257073 0.966295 -0.013680 2.420200 -0.010950 0.011242 0.999877 0.000000 0.000000 0.000000 0.000000 1.000000
0.966271 0.257407 0.007891 0.000000 -0.257290 0.966241 -0.013411 2.420200 -0.011076 0.010929 0.999879 0.000000 0.000000 0.000000 0.000000 1.000000
0.966211 0.257624 0.008090 0.000000 -0.257508 0.966187 -0.013141 2.420200 -0.011201 0.010613 0.999881 -0.000000 0.000000 0.000000 0.000000 1.000000
0.966152 0.257841 0.008289 -0.000000 -0.257726 0.966132 -0.012868 2.420200 -0.011326 0.010296 0.999883 0.000000 0.000000 0.000000 0.000000 1.000000
0.966092 0.258059 0.008487 -0.000000 -0.257945 0.966078 -0.012595 2.420200 -0.011450 0.009979 0.999885 0.000000 0.000000 0.000000 0.000000 1.000000
0.966032 0.258277 0.008686 -0.000000 -0.258164 0.966023 -0.012320 2.420200 -0.011573 0.009659 0.999886 0.000000 0.000000 0.000000 0.000000 1.000000
0.965972 0.258496 0.008885 0.000000 -0.258384 0.965967 -0.012045 2.420200 -0.011696 0.009339 0.999888 0.000000 0.000000 0.000000 0.000000 1.000000
0.965911 0.258715 0.009085 0.000000 -0.258605 0.965911 -0.011768 2.420200 -0.011820 0.009018 0.999889 0.000000 0.000000 0.000000 0.000000 1.000000
0.965850 0.258936 0.009285 0.000000 -0.258827 0.965855 -0.011491 2.420200 -0.011943 0.008696 0.999891 -0.000000 0.000000 0.000000 0.000000 1.000000
0.965789 0.259157 0.009485 0.000000 -0.259050 0.965799 -0.011214 2.420200 -0.012067 0.008373 0.999892 0.000000 0.000000 0.000000 0.000000 1.000000
0.965727 0.259379 0.009682 0.000000 -0.259273 0.965742 -0.010932 2.420200 -0.012186 0.008048 0.999893 0.000000 0.000000 0.000000 0.000000 1.000000
0.965666 0.259600 0.009875 0.000000 -0.259496 0.965685 -0.010648 2.420200 -0.012300 0.007720 0.999895 -0.000000 0.000000 0.000000 0.000000 1.000000
0.965604 0.259822 0.010068 0.000000 -0.259720 0.965628 -0.010362 2.420200 -0.012414 0.007391 0.999896 0.000000 0.000000 0.000000 0.000000 1.000000
0.965542 0.260045 0.010261 0.000000 -0.259946 0.965571 -0.010076 2.420200 -0.012527 0.007061 0.999897 0.000000 0.000000 0.000000 0.000000 1.000000
0.965479 0.260269 0.010453 0.000000 -0.260172 0.965513 -0.009788 2.420200 -0.012640 0.006731 0.999897 -0.000000 0.000000 0.000000 0.000000 1.000000
0.965417 0.260494 0.010645 0.000000 -0.260400 0.965454 -0.009499 2.420200 -0.012751 0.006399 0.999898 -0.000000 0.000000 0.000000 0.000000 1.000000
0.965353 0.260721 0.010836 -0.000000 -0.260629 0.965395 -0.009210 2.420200 -0.012862 0.006067 0.999899 0.000000 0.000000 0.000000 0.000000 1.000000
0.965290 0.260949 0.011026 0.000000 -0.260860 0.965335 -0.008920 2.420200 -0.012972 0.005734 0.999899 0.000000 0.000000 0.000000 0.000000 1.000000
0.965226 0.261178 0.011217 0.000000 -0.261091 0.965276 -0.008629 2.420200 -0.013081 0.005400 0.999900 0.000000 0.000000 0.000000 0.000000 1.000000
0.965161 0.261408 0.011407 -0.000000 -0.261324 0.965215 -0.008338 2.420200 -0.013190 0.005067 0.999900 0.000000 0.000000 0.000000 0.000000 1.000000
0.965096 0.261641 0.011605 0.000000 -0.261560 0.965154 -0.008037 2.420200 -0.013303 0.004721 0.999900 0.000000 0.000000 0.000000 0.000000 1.000000
0.965029 0.261876 0.011803 0.000000 -0.261798 0.965092 -0.007735 2.420200 -0.013416 0.004375 0.999900 0.000000 0.000000 0.000000 0.000000 1.000000
0.964963 0.262111 0.011999 0.000000 -0.262037 0.965029 -0.007432 2.420200 -0.013527 0.004027 0.999900 0.000000 0.000000 0.000000 0.000000 1.000000
0.964896 0.262347 0.012194 -0.000000 -0.262276 0.964966 -0.007127 2.420200 -0.013636 0.003678 0.999900 -0.000000 0.000000 0.000000 0.000000 1.000000
0.964829 0.262584 0.012388 0.000000 -0.262517 0.964903 -0.006821 2.420200 -0.013745 0.003329 0.999900 0.000000 0.000000 0.000000 0.000000 1.000000
0.964762 0.262821 0.012583 0.000000 -0.262757 0.964840 -0.006515 2.420200 -0.013853 0.002979 0.999900 0.000000 0.000000 0.000000 0.000000 1.000000
0.964694 0.263061 0.012777 0.000000 -0.263001 0.964776 -0.006208 2.420200 -0.013960 0.002629 0.999899 0.000000 0.000000 0.000000 0.000000 1.000000
0.964625 0.263308 0.012970 -0.000000 -0.263252 0.964709 -0.005901 2.420200 -0.014066 0.002278 0.999898 0.000000 0.000000 0.000000 0.000000 1.000000
0.964553 0.263561 0.013162 0.000000 -0.263509 0.964641 -0.005593 2.420200 -0.014170 0.001927 0.999898 0.000000 0.000000 0.000000 0.000000 1.000000</float_array>
        <technique_common>
          <accessor source="#mixamorig_LeftHandThumb2-Matrix-animation-output-transform-array" count="35" stride="16">
            <param type="float4x4"/>
          </accessor>
        </technique_common>
      </source>
      <source id="mixamorig_LeftHandThumb2-Interpolations">
        <Name_array id="mixamorig_LeftHandThumb2-Interpolations-array" count="35">
 LINEAR LINEAR LINEAR LINEAR LINEAR LINEAR LINEAR LINEAR LINEAR LINEAR LINEAR
LINEAR LINEAR LINEAR LINEAR LINEAR LINEAR LINEAR LINEAR LINEAR LINEAR LINEAR LINEAR
LINEAR LINEAR LINEAR LINEAR LINEAR LINEAR LINEAR LINEAR LINEAR LINEAR LINEAR LINEAR</Name_array>
        <technique_common>
          <accessor source="#mixamorig_LeftHandThumb2-Interpolations-array" count="35">
            <param type="name"/>
          </accessor>
        </technique_common>
      </source>
      <sampler id="mixamorig_LeftHandThumb2-Matrix-animation-transform">
        <input semantic="INPUT" source="#mixamorig_LeftHandThumb2-Matrix-animation-input"/>
        <input semantic="OUTPUT" source="#mixamorig_LeftHandThumb2-Matrix-animation-output-transform"/>
        <input semantic="INTERPOLATION" source="#mixamorig_LeftHandThumb2-Interpolations"/>
      </sampler>
      <channel source="#mixamorig_LeftHandThumb2-Matrix-animation-transform" target="mixamorig_LeftHandThumb2/matrix"/>
    </animation>
    <animation id="mixamorig_LeftHandThumb3-anim" name="mixamorig_LeftHandThumb3">
      <source id="mixamorig_LeftHandThumb3-Matrix-animation-input">
        <float_array id="mixamorig_LeftHandThumb3-Matrix-animation-input-array" count="35">

0.000000 0.033333 0.066667 0.100000 0.133333 0.166667 0.200000 0.233333 0.266667 0.300000 0.333333 0.366667 0.400000 0.433333 0.466667 0.500000
0.533333 0.566667 0.600000 0.633333 0.666667 0.700000 0.733333 0.766667 0.800000 0.833333 0.866667 0.900000 0.933333 0.966667 1.000000 1.033333
1.066667 1.100000 1.133333</float_array>
        <technique_common>
          <accessor source="#mixamorig_LeftHandThumb3-Matrix-animation-input-array" count="35">
            <param name="TIME" type="float"/>
          </accessor>
        </technique_common>
      </source>
      <source id="mixamorig_LeftHandThumb3-Matrix-animation-output-transform">
        <float_array id="mixamorig_LeftHandThumb3-Matrix-animation-output-transform-array" count="560">

0.999884 0.015076 0.001932 0.000000 -0.015062 0.965669 0.259340 2.706000 0.002044 -0.259339 0.965784 0.000000 0.000000 0.000000 0.000000 1.000000
0.999884 0.015102 0.001933 -0.000000 -0.015087 0.965671 0.259331 2.706000 0.002049 -0.259330 0.965787 0.000000 0.000000 0.000000 0.000000 1.000000
0.999884 0.015129 0.001934 -0.000000 -0.015113 0.965672 0.259323 2.706000 0.002055 -0.259322 0.965789 0.000000 0.000000 0.000000 0.000000 1.000000
0.999883 0.015156 0.001935 -0.000000 -0.015139 0.965674 0.259316 2.706000 0.002061 -0.259315 0.965791 0.000000 0.000000 0.000000 0.000000 1.000000
0.999883 0.015183 0.001936 -0.000000 -0.015166 0.965675 0.259310 2.706000 0.002068 -0.259309 0.965792 -0.000000 0.000000 0.000000 0.000000 1.000000
0.999882 0.015212 0.001936 0.000000 -0.015194 0.965676 0.259305 2.706000 0.002075 -0.259304 0.965794 0.000000 0.000000 0.000000 0.000000 1.000000
0.999882 0.015244 0.001937 -0.000000 -0.015224 0.965677 0.259300 2.706000 0.002083 -0.259299 0.965795 0.000000 0.000000 0.000000 0.000000 1.000000
0.999881 0.015277 0.001937 0.000000 -0.015257 0.965677 0.259296 2.706000 0.002091 -0.259295 0.965796 -0.000000 0.000000 0.000000 0.000000 1.000000
0.999881 0.015310 0.001937 0.000000 -0.015288 0.965678 0.259293 2.706000 0.002099 -0.259292 0.965797 0.000000 0.000000 0.000000 0.000000 1.000000
0.999880 0.015338 0.001937 -0.000000 -0.015315 0.965678 0.259291 2.706000 0.002106 -0.259290 0.965797 0.000000 0.000000 0.000000 0.000000 1.000000
0.999880 0.015358 0.001936 0.000000 -0.015335 0.965678 0.259289 2.706000 0.002112 -0.259288 0.965798 0.000000 0.000000 0.000000 0.000000 1.000000
0.999880 0.015374 0.001936 0.000000 -0.015350 0.965678 0.259288 2.706000 0.002117 -0.259287 0.965798 0.000000 0.000000 0.000000 0.000000 1.000000
0.999880 0.015389 0.001936 0.000000 -0.015364 0.965678 0.259288 2.706000 0.002121 -0.259286 0.965798 0.000000 0.000000 0.000000 0.000000 1.000000
0.999880 0.015403 0.001935 0.000000 -0.015377 0.965678 0.259288 2.706000 0.002125 -0.259286 0.965798 0.000000 0.000000 0.000000 0.000000 1.000000
0.999879 0.015415 0.001934 -0.000000 -0.015389 0.965677 0.259288 2.706000 0.002129 -0.259287 0.965798 0.000000 0.000000 0.000000 0.000000 1.000000
0.999879 0.015427 0.001933 -0.000000 -0.015401 0.965677 0.259290 2.706000 0.002133 -0.259288 0.965798 0.000000 0.000000 0.000000 0.000000 1.000000
0.999879 0.015438 0.001932 -0.000000 -0.015411 0.965676 0.259292 2.706000 0.002137 -0.259290 0.965797 0.000000 0.000000 0.000000 0.000000 1.000000
0.999879 0.015448 0.001931 0.000000 -0.015421 0.965675 0.259294 2.706000 0.002141 -0.259292 0.965797 -0.000000 0.000000 0.000000 0.000000 1.000000
0.999879 0.015458 0.001929 0.000000 -0.015429 0.965674 0.259297 2.706000 0.002145 -0.259295 0.965796 0.000000 0.000000 0.000000 0.000000 1.000000
0.999879 0.015466 0.001928 0.000000 -0.015437 0.965673 0.259300 2.706000 0.002148 -0.259298 0.965795 -0.000000 0.000000 0.000000 0.000000 1.000000
0.999878 0.015474 0.001926 0.000000 -0.015445 0.965672 0.259303 2.706000 0.002152 -0.259302 0.965794 -0.000000 0.000000 0.000000 0.000000 1.000000
0.999878 0.015482 0.001925 0.000000 -0.015451 0.965671 0.259307 2.706000 0.002156 -0.259306 0.965793 0.000000 0.000000 0.000000 0.000000 1.000000
0.999878 0.015488 0.001923 -0.000000 -0.015457 0.965670 0.259312 2.706000 0.002159 -0.259310 0.965792 0.000000 0.000000 0.000000 0.000000 1.000000
0.999878 0.015494 0.001921 0.000000 -0.015462 0.965669 0.259317 2.706000 0.002163 -0.259315 0.965790 -0.000000 0.000000 0.000000 0.000000 1.000000
0.999878 0.015499 0.001919 0.000000 -0.015466 0.965667 0.259321 2.706000 0.002166 -0.259319 0.965789 0.000000 0.000000 0.000000 0.000000 1.000000
0.999878 0.015503 0.001916 0.000000 -0.015470 0.965666 0.259327 2.706000 0.002170 -0.259325 0.965788 0.000000 0.000000 0.000000 0.000000 1.000000
0.999878 0.015507 0.001914 0.000000 -0.015473 0.965664 0.259332 2.706000 0.002173 -0.259330 0.965786 0.000000 0.000000 0.000000 0.000000 1.000000
0.999878 0.015511 0.001911 -0.000000 -0.015476 0.965663 0.259338 2.706000 0.002177 -0.259336 0.965785 0.000000 0.000000 0.000000 0.000000 1.000000
0.999878 0.015513 0.001909 0.000000 -0.015477 0.965661 0.259344 2.706000 0.002180 -0.259342 0.965783 -0.000000 0.000000 0.000000 0.000000 1.000000
0.999878 0.015515 0.001906 0.000000 -0.015479 0.965659 0.259351 2.706000 0.002183 -0.259348 0.965781 -0.000000 0.000000 0.000000 0.000000 1.000000
0.999878 0.015517 0.001902 0.000000 -0.015479 0.965658 0.259356 2.706000 0.002187 -0.259354 0.965780 0.000000 0.000000 0.000000 0.000000 1.000000
0.999878 0.015518 0.001900 0.000000 -0.015480 0.965656 0.259363 2.706000 0.002190 -0.259361 0.965778 0.000000 0.000000 0.000000 0.000000 1.000000
0.999878 0.015519 0.001896 0.000000 -0.015480 0.965654 0.259370 2.706000 0.002194 -0.259367 0.965776 -0.000000 0.000000 0.000000 0.000000 1.000000
0.999878 0.015519 0.001893 0.000000 -0.015479 0.965652 0.259376 2.706000 0.002198 -0.259374 0.965775 0.000000 0.000000 0.000000 0.000000 1.000000
0.999878 0.015519 0.001889 -0.000000 -0.015478 0.965651 0.259383 2.706000 0.002201 -0.259381 0.965773 -0.000000 0.000000 0.000000 0.000000 1.000000</float_array>
        <technique_common>
          <accessor source="#mixamorig_LeftHandThumb3-Matrix-animation-output-transform-array" count="35" stride="16">
            <param type="float4x4"/>
          </accessor>
        </technique_common>
      </source>
      <source id="mixamorig_LeftHandThumb3-Interpolations">
        <Name_array id="mixamorig_LeftHandThumb3-Interpolations-array" count="35">
 LINEAR LINEAR LINEAR LINEAR LINEAR LINEAR LINEAR LINEAR LINEAR LINEAR LINEAR
LINEAR LINEAR LINEAR LINEAR LINEAR LINEAR LINEAR LINEAR LINEAR LINEAR LINEAR LINEAR
LINEAR LINEAR LINEAR LINEAR LINEAR LINEAR LINEAR LINEAR LINEAR LINEAR LINEAR LINEAR</Name_array>
        <technique_common>
          <accessor source="#mixamorig_LeftHandThumb3-Interpolations-array" count="35">
            <param type="name"/>
          </accessor>
        </technique_common>
      </source>
      <sampler id="mixamorig_LeftHandThumb3-Matrix-animation-transform">
        <input semantic="INPUT" source="#mixamorig_LeftHandThumb3-Matrix-animation-input"/>
        <input semantic="OUTPUT" source="#mixamorig_LeftHandThumb3-Matrix-animation-output-transform"/>
        <input semantic="INTERPOLATION" source="#mixamorig_LeftHandThumb3-Interpolations"/>
      </sampler>
      <channel source="#mixamorig_LeftHandThumb3-Matrix-animation-transform" target="mixamorig_LeftHandThumb3/matrix"/>
    </animation>
    <animation id="mixamorig_LeftHandIndex1-anim" name="mixamorig_LeftHandIndex1">
      <source id="mixamorig_LeftHandIndex1-Matrix-animation-input">
        <float_array id="mixamorig_LeftHandIndex1-Matrix-animation-input-array" count="35">

0.000000 0.033333 0.066667 0.100000 0.133333 0.166667 0.200000 0.233333 0.266667 0.300000 0.333333 0.366667 0.400000 0.433333 0.466667 0.500000
0.533333 0.566667 0.600000 0.633333 0.666667 0.700000 0.733333 0.766667 0.800000 0.833333 0.866667 0.900000 0.933333 0.966667 1.000000 1.033333
1.066667 1.100000 1.133333</float_array>
        <technique_common>
          <accessor source="#mixamorig_LeftHandIndex1-Matrix-animation-input-array" count="35">
            <param name="TIME" type="float"/>
          </accessor>
        </technique_common>
      </source>
      <source id="mixamorig_LeftHandIndex1-Matrix-animation-output-transform">
        <float_array id="mixamorig_LeftHandIndex1-Matrix-animation-output-transform-array" count="560">

0.998811 0.048706 -0.001962 -3.264500 -0.048725 0.996445 -0.068733 13.490600 -0.001393 0.068747 0.997633 0.379600 0.000000 0.000000 0.000000 1.000000
0.998808 0.048769 -0.001974 -3.264500 -0.048788 0.996425 -0.068975 13.490600 -0.001397 0.068989 0.997616 0.379600 0.000000 0.000000 0.000000 1.000000
0.998805 0.048829 -0.001985 -3.264500 -0.048849 0.996405 -0.069218 13.490600 -0.001401 0.069232 0.997600 0.379600 0.000000 0.000000 0.000000 1.000000
0.998802 0.048885 -0.001997 -3.264500 -0.048906 0.996385 -0.069462 13.490600 -0.001406 0.069476 0.997583 0.379600 0.000000 0.000000 0.000000 1.000000
0.998800 0.048936 -0.002009 -3.264500 -0.048957 0.996365 -0.069707 13.490600 -0.001409 0.069722 0.997565 0.379600 0.000000 0.000000 0.000000 1.000000
0.998797 0.048985 -0.002021 -3.264500 -0.049007 0.996346 -0.069954 13.490600 -0.001413 0.069969 0.997548 0.379600 0.000000 0.000000 0.000000 1.000000
0.998795 0.049032 -0.002033 -3.264500 -0.049053 0.996326 -0.070201 13.490600 -0.001417 0.070217 0.997531 0.379600 0.000000 0.000000 0.000000 1.000000
0.998793 0.049076 -0.002045 -3.264500 -0.049098 0.996306 -0.070450 13.490600 -0.001420 0.070466 0.997513 0.379600 0.000000 0.000000 0.000000 1.000000
0.998791 0.049116 -0.002057 -3.264500 -0.049138 0.996287 -0.070700 13.490600 -0.001423 0.070715 0.997496 0.379600 0.000000 0.000000 0.000000 1.000000
0.998789 0.049155 -0.002070 -3.264500 -0.049178 0.996267 -0.070951 13.490600 -0.001426 0.070967 0.997478 0.379600 0.000000 0.000000 0.000000 1.000000
0.998787 0.049192 -0.002082 -3.264500 -0.049215 0.996247 -0.071204 13.490600 -0.001429 0.071220 0.997460 0.379600 0.000000 0.000000 0.000000 1.000000
0.998785 0.049227 -0.002094 -3.264500 -0.049251 0.996227 -0.071456 13.490600 -0.001432 0.071473 0.997442 0.379600 0.000000 0.000000 0.000000 1.000000
0.998784 0.049263 -0.002106 -3.264500 -0.049288 0.996207 -0.071710 13.490600 -0.001434 0.071727 0.997423 0.379600 0.000000 0.000000 0.000000 1.000000
0.998782 0.049298 -0.002119 -3.264500 -0.049323 0.996187 -0.071966 13.490600 -0.001437 0.071982 0.997405 0.379600 0.000000 0.000000 0.000000 1.000000
0.998780 0.049333 -0.002131 -3.264500 -0.049358 0.996167 -0.072222 13.490600 -0.001440 0.072239 0.997386 0.379600 0.000000 0.000000 0.000000 1.000000
0.998778 0.049368 -0.002144 -3.264500 -0.049393 0.996146 -0.072478 13.490600 -0.001443 0.072496 0.997368 0.379600 0.000000 0.000000 0.000000 1.000000
0.998777 0.049401 -0.002156 -3.264500 -0.049427 0.996126 -0.072736 13.490600 -0.001445 0.072753 0.997349 0.379600 0.000000 0.000000 0.000000 1.000000
0.998775 0.049435 -0.002169 -3.264500 -0.049461 0.996105 -0.072995 13.490600 -0.001448 0.073013 0.997330 0.379600 0.000000 0.000000 0.000000 1.000000
0.998773 0.049468 -0.002182 -3.264500 -0.049494 0.996084 -0.073256 13.490600 -0.001451 0.073274 0.997311 0.379600 0.000000 0.000000 0.000000 1.000000
0.998772 0.049500 -0.002194 -3.264500 -0.049528 0.996063 -0.073517 13.490600 -0.001453 0.073536 0.997292 0.379600 0.000000 0.000000 0.000000 1.000000
0.998770 0.049532 -0.002207 -3.264500 -0.049560 0.996042 -0.073779 13.490600 -0.001456 0.073797 0.997272 0.379600 0.000000 0.000000 0.000000 1.000000
0.998768 0.049564 -0.002220 -3.264500 -0.049593 0.996021 -0.074042 13.490600 -0.001458 0.074061 0.997253 0.379600 0.000000 0.000000 0.000000 1.000000
0.998767 0.049596 -0.002233 -3.264500 -0.049624 0.996000 -0.074305 13.490600 -0.001461 0.074324 0.997233 0.379600 0.000000 0.000000 0.000000 1.000000
0.998765 0.049627 -0.002246 -3.264500 -0.049656 0.995979 -0.074570 13.490600 -0.001463 0.074590 0.997213 0.379600 0.000000 0.000000 0.000000 1.000000
0.998764 0.049658 -0.002259 -3.264500 -0.049687 0.995957 -0.074837 13.490600 -0.001466 0.074857 0.997193 0.379600 0.000000 0.000000 0.000000 1.000000
0.998762 0.049688 -0.002272 -3.264500 -0.049718 0.995936 -0.075102 13.490600 -0.001469 0.075122 0.997173 0.379600 0.000000 0.000000 0.000000 1.000000
0.998761 0.049718 -0.002285 -3.264500 -0.049749 0.995914 -0.075369 13.490600 -0.001471 0.075390 0.997153 0.379600 0.000000 0.000000 0.000000 1.000000
0.998759 0.049748 -0.002298 -3.264500 -0.049779 0.995892 -0.075637 13.490600 -0.001474 0.075658 0.997133 0.379600 0.000000 0.000000 0.000000 1.000000
0.998758 0.049778 -0.002312 -3.264500 -0.049809 0.995870 -0.075909 13.490600 -0.001476 0.075930 0.997112 0.379600 0.000000 0.000000 0.000000 1.000000
0.998756 0.049807 -0.002325 -3.264500 -0.049840 0.995847 -0.076185 13.490600 -0.001479 0.076206 0.997091 0.379600 0.000000 0.000000 0.000000 1.000000
0.998755 0.049837 -0.002339 -3.264500 -0.049870 0.995824 -0.076463 13.490600 -0.001481 0.076485 0.997070 0.379600 0.000000 0.000000 0.000000 1.000000
0.998753 0.049866 -0.002352 -3.264500 -0.049900 0.995801 -0.076743 13.490600 -0.001484 0.076764 0.997048 0.379600 0.000000 0.000000 0.000000 1.000000
0.998752 0.049896 -0.002367 -3.264500 -0.049930 0.995778 -0.077023 13.490600 -0.001486 0.077045 0.997027 0.379600 0.000000 0.000000 0.000000 1.000000
0.998750 0.049925 -0.002380 -3.264500 -0.049959 0.995755 -0.077305 13.490600 -0.001489 0.077327 0.997005 0.379600 0.000000 0.000000 0.000000 1.000000
0.998749 0.049954 -0.002394 -3.264500 -0.049989 0.995732 -0.077587 13.490600 -0.001491 0.077610 0.996983 0.379600 0.000000 0.000000 0.000000 1.000000</float_array>
        <technique_common>
          <accessor source="#mixamorig_LeftHandIndex1-Matrix-animation-output-transform-array" count="35" stride="16">
            <param type="float4x4"/>
          </accessor>
        </technique_common>
      </source>
      <source id="mixamorig_LeftHandIndex1-Interpolations">
        <Name_array id="mixamorig_LeftHandIndex1-Interpolations-array" count="35">
 LINEAR LINEAR LINEAR LINEAR LINEAR LINEAR LINEAR LINEAR LINEAR LINEAR LINEAR
LINEAR LINEAR LINEAR LINEAR LINEAR LINEAR LINEAR LINEAR LINEAR LINEAR LINEAR LINEAR
LINEAR LINEAR LINEAR LINEAR LINEAR LINEAR LINEAR LINEAR LINEAR LINEAR LINEAR LINEAR</Name_array>
        <technique_common>
          <accessor source="#mixamorig_LeftHandIndex1-Interpolations-array" count="35">
            <param type="name"/>
          </accessor>
        </technique_common>
      </source>
      <sampler id="mixamorig_LeftHandIndex1-Matrix-animation-transform">
        <input semantic="INPUT" source="#mixamorig_LeftHandIndex1-Matrix-animation-input"/>
        <input semantic="OUTPUT" source="#mixamorig_LeftHandIndex1-Matrix-animation-output-transform"/>
        <input semantic="INTERPOLATION" source="#mixamorig_LeftHandIndex1-Interpolations"/>
      </sampler>
      <channel source="#mixamorig_LeftHandIndex1-Matrix-animation-transform" target="mixamorig_LeftHandIndex1/matrix"/>
    </animation>
    <animation id="mixamorig_LeftHandIndex2-anim" name="mixamorig_LeftHandIndex2">
      <source id="mixamorig_LeftHandIndex2-Matrix-animation-input">
        <float_array id="mixamorig_LeftHandIndex2-Matrix-animation-input-array" count="35">

0.000000 0.033333 0.066667 0.100000 0.133333 0.166667 0.200000 0.233333 0.266667 0.300000 0.333333 0.366667 0.400000 0.433333 0.466667 0.500000
0.533333 0.566667 0.600000 0.633333 0.666667 0.700000 0.733333 0.766667 0.800000 0.833333 0.866667 0.900000 0.933333 0.966667 1.000000 1.033333
1.066667 1.100000 1.133333</float_array>
        <technique_common>
          <accessor source="#mixamorig_LeftHandIndex2-Matrix-animation-input-array" count="35">
            <param name="TIME" type="float"/>
          </accessor>
        </technique_common>
      </source>
      <source id="mixamorig_LeftHandIndex2-Matrix-animation-output-transform">
        <float_array id="mixamorig_LeftHandIndex2-Matrix-animation-output-transform-array" count="560">

0.999330 0.036009 -0.006537 0.000000 -0.036009 0.935544 -0.351370 2.599200 -0.006537 0.351370 0.936214 0.000000 0.000000 0.000000 0.000000 1.000000
0.999330 0.036007 -0.006536 0.000000 -0.036007 0.935552 -0.351348 2.599200 -0.006536 0.351348 0.936222 0.000000 0.000000 0.000000 0.000000 1.000000
0.999330 0.036005 -0.006535 0.000000 -0.036004 0.935560 -0.351327 2.599200 -0.006535 0.351327 0.936230 0.000000 0.000000 0.000000 0.000000 1.000000
0.999330 0.036003 -0.006535 0.000000 -0.036003 0.935567 -0.351309 2.599200 -0.006535 0.351309 0.936237 0.000000 0.000000 0.000000 0.000000 1.000000
0.999330 0.036001 -0.006534 0.000000 -0.036001 0.935573 -0.351294 2.599200 -0.006534 0.351294 0.936242 0.000000 0.000000 0.000000 0.000000 1.000000
0.999330 0.036000 -0.006534 0.000000 -0.036000 0.935578 -0.351280 2.599200 -0.006533 0.351280 0.936248 0.000000 0.000000 0.000000 0.000000 1.000000
0.999330 0.035998 -0.006533 -0.000000 -0.035999 0.935582 -0.351269 2.599200 -0.006533 0.351269 0.936252 0.000000 0.000000 0.000000 0.000000 1.000000
0.999331 0.035997 -0.006533 0.000000 -0.035997 0.935586 -0.351259 2.599200 -0.006533 0.351259 0.936255 0.000000 0.000000 0.000000 0.000000 1.000000
0.999331 0.035997 -0.006533 0.000000 -0.035997 0.935589 -0.351251 2.599200 -0.006532 0.351252 0.936258 0.000000 0.000000 0.000000 0.000000 1.000000
0.999331 0.035996 -0.006532 -0.000000 -0.035996 0.935591 -0.351246 2.599200 -0.006532 0.351246 0.936261 0.000000 0.000000 0.000000 0.000000 1.000000
0.999331 0.035996 -0.006532 0.000000 -0.035995 0.935593 -0.351241 2.599200 -0.006532 0.351241 0.936262 -0.000000 0.000000 0.000000 0.000000 1.000000
0.999331 0.035995 -0.006532 0.000000 -0.035995 0.935594 -0.351239 2.599200 -0.006532 0.351239 0.936263 0.000000 0.000000 0.000000 0.000000 1.000000
0.999331 0.035995 -0.006532 0.000000 -0.035995 0.935594 -0.351237 2.599200 -0.006532 0.351237 0.936264 0.000000 0.000000 0.000000 0.000000 1.000000
0.999331 0.035995 -0.006532 0.000000 -0.035995 0.935594 -0.351237 2.599200 -0.006532 0.351237 0.936264 -0.000000 0.000000 0.000000 0.000000 1.000000
0.999331 0.035995 -0.006532 0.000000 -0.035995 0.935594 -0.351239 2.599200 -0.006532 0.351239 0.936263 0.000000 0.000000 0.000000 0.000000 1.000000
0.999331 0.035996 -0.006532 0.000000 -0.035996 0.935593 -0.351242 2.599200 -0.006532 0.351242 0.936262 -0.000000 0.000000 0.000000 0.000000 1.000000
0.999331 0.035996 -0.006532 0.000000 -0.035996 0.935591 -0.351245 2.599200 -0.006532 0.351245 0.936261 0.000000 0.000000 0.000000 0.000000 1.000000
0.999331 0.035997 -0.006532 0.000000 -0.035997 0.935590 -0.351250 2.599200 -0.006532 0.351250 0.936259 -0.000000 0.000000 0.000000 0.000000 1.000000
0.999331 0.035997 -0.006533 0.000000 -0.035997 0.935588 -0.351254 2.599200 -0.006532 0.351254 0.936257 0.000000 0.000000 0.000000 0.000000 1.000000
0.999331 0.035998 -0.006533 -0.000000 -0.035998 0.935585 -0.351261 2.599200 -0.006533 0.351261 0.936255 0.000000 0.000000 0.000000 0.000000 1.000000
0.999330 0.035998 -0.006533 0.000000 -0.035998 0.935583 -0.351268 2.599200 -0.006533 0.351268 0.936252 -0.000000 0.000000 0.000000 0.000000 1.000000
0.999330 0.035999 -0.006533 0.000000 -0.035999 0.935580 -0.351275 2.599200 -0.006533 0.351275 0.936250 -0.000000 0.000000 0.000000 0.000000 1.000000
0.999330 0.036000 -0.006534 0.000000 -0.036000 0.935577 -0.351283 2.599200 -0.006533 0.351283 0.936247 0.000000 0.000000 0.000000 0.000000 1.000000
0.999330 0.036001 -0.006534 0.000000 -0.036001 0.935574 -0.351291 2.599200 -0.006534 0.351291 0.936244 -0.000000 0.000000 0.000000 0.000000 1.000000
0.999330 0.036002 -0.006534 0.000000 -0.036002 0.935571 -0.351300 2.599200 -0.006534 0.351300 0.936240 -0.000000 0.000000 0.000000 0.000000 1.000000
0.999330 0.036002 -0.006534 0.000000 -0.036002 0.935567 -0.351308 2.599200 -0.006535 0.351308 0.936237 0.000000 0.000000 0.000000 0.000000 1.000000
0.999330 0.036003 -0.006535 0.000000 -0.036003 0.935564 -0.351317 2.599200 -0.006535 0.351317 0.936234 0.000000 0.000000 0.000000 0.000000 1.000000
0.999330 0.036004 -0.006535 0.000000 -0.036004 0.935561 -0.351325 2.599200 -0.006535 0.351325 0.936231 0.000000 0.000000 0.000000 0.000000 1.000000
0.999330 0.036005 -0.006535 0.000000 -0.036005 0.935558 -0.351333 2.599200 -0.006535 0.351333 0.936228 0.000000 0.000000 0.000000 0.000000 1.000000
0.999330 0.036006 -0.006536 -0.000000 -0.036006 0.935555 -0.351342 2.599200 -0.006536 0.351342 0.936224 0.000000 0.000000 0.000000 0.000000 1.000000
0.999330 0.036007 -0.006536 0.000000 -0.036007 0.935552 -0.351350 2.599200 -0.006536 0.351350 0.936221 0.000000 0.000000 0.000000 0.000000 1.000000
0.999330 0.036008 -0.006536 -0.000000 -0.036008 0.935549 -0.351357 2.599200 -0.006536 0.351357 0.936219 0.000000 0.000000 0.000000 0.000000 1.000000
0.999330 0.036009 -0.006537 0.000000 -0.036009 0.935543 -0.351374 2.599200 -0.006537 0.351374 0.936212 0.000000 0.000000 0.000000 0.000000 1.000000
0.999330 0.036011 -0.006537 0.000000 -0.036011 0.935536 -0.351391 2.599200 -0.006538 0.351391 0.936206 0.000000 0.000000 0.000000 0.000000 1.000000
0.999330 0.036013 -0.006538 0.000000 -0.036013 0.935529 -0.351409 2.599200 -0.006539 0.351409 0.936199 0.000000 0.000000 0.000000 0.000000 1.000000</float_array>
        <technique_common>
          <accessor source="#mixamorig_LeftHandIndex2-Matrix-animation-output-transform-array" count="35" stride="16">
            <param type="float4x4"/>
          </accessor>
        </technique_common>
      </source>
      <source id="mixamorig_LeftHandIndex2-Interpolations">
        <Name_array id="mixamorig_LeftHandIndex2-Interpolations-array" count="35">
 LINEAR LINEAR LINEAR LINEAR LINEAR LINEAR LINEAR LINEAR LINEAR LINEAR LINEAR
LINEAR LINEAR LINEAR LINEAR LINEAR LINEAR LINEAR LINEAR LINEAR LINEAR LINEAR LINEAR
LINEAR LINEAR LINEAR LINEAR LINEAR LINEAR LINEAR LINEAR LINEAR LINEAR LINEAR LINEAR</Name_array>
        <technique_common>
          <accessor source="#mixamorig_LeftHandIndex2-Interpolations-array" count="35">
            <param type="name"/>
          </accessor>
        </technique_common>
      </source>
      <sampler id="mixamorig_LeftHandIndex2-Matrix-animation-transform">
        <input semantic="INPUT" source="#mixamorig_LeftHandIndex2-Matrix-animation-input"/>
        <input semantic="OUTPUT" source="#mixamorig_LeftHandIndex2-Matrix-animation-output-transform"/>
        <input semantic="INTERPOLATION" source="#mixamorig_LeftHandIndex2-Interpolations"/>
      </sampler>
      <channel source="#mixamorig_LeftHandIndex2-Matrix-animation-transform" target="mixamorig_LeftHandIndex2/matrix"/>
    </animation>
    <animation id="mixamorig_LeftHandIndex3-anim" name="mixamorig_LeftHandIndex3">
      <source id="mixamorig_LeftHandIndex3-Matrix-animation-input">
        <float_array id="mixamorig_LeftHandIndex3-Matrix-animation-input-array" count="35">

0.000000 0.033333 0.066667 0.100000 0.133333 0.166667 0.200000 0.233333 0.266667 0.300000 0.333333 0.366667 0.400000 0.433333 0.466667 0.500000
0.533333 0.566667 0.600000 0.633333 0.666667 0.700000 0.733333 0.766667 0.800000 0.833333 0.866667 0.900000 0.933333 0.966667 1.000000 1.033333
1.066667 1.100000 1.133333</float_array>
        <technique_common>
          <accessor source="#mixamorig_LeftHandIndex3-Matrix-animation-input-array" count="35">
            <param name="TIME" type="float"/>
          </accessor>
        </technique_common>
      </source>
      <source id="mixamorig_LeftHandIndex3-Matrix-animation-output-transform">
        <float_array id="mixamorig_LeftHandIndex3-Matrix-animation-output-transform-array" count="560">

0.999994 0.003382 -0.000056 -0.000000 -0.003382 0.999450 -0.032999 2.436200 -0.000056 0.032999 0.999455 -0.000000 0.000000 0.000000 0.000000 1.000000
0.999994 0.003441 -0.000058 0.000000 -0.003441 0.999430 -0.033581 2.436200 -0.000058 0.033581 0.999436 0.000000 0.000000 0.000000 0.000000 1.000000
0.999994 0.003502 -0.000060 0.000000 -0.003502 0.999410 -0.034167 2.436200 -0.000060 0.034167 0.999416 -0.000000 0.000000 0.000000 0.000000 1.000000
0.999994 0.003562 -0.000062 -0.000000 -0.003562 0.999389 -0.034756 2.436200 -0.000062 0.034756 0.999396 0.000000 0.000000 0.000000 0.000000 1.000000
0.999993 0.003622 -0.000064 0.000000 -0.003622 0.999369 -0.035346 2.436200 -0.000064 0.035346 0.999375 -0.000000 0.000000 0.000000 0.000000 1.000000
0.999993 0.003683 -0.000066 0.000000 -0.003683 0.999347 -0.035941 2.436200 -0.000066 0.035941 0.999354 0.000000 0.000000 0.000000 0.000000 1.000000
0.999993 0.003745 -0.000068 0.000000 -0.003745 0.999325 -0.036539 2.436200 -0.000069 0.036539 0.999332 -0.000000 0.000000 0.000000 0.000000 1.000000
0.999993 0.003806 -0.000071 0.000000 -0.003806 0.999303 -0.037140 2.436200 -0.000071 0.037140 0.999310 0.000000 0.000000 0.000000 0.000000 1.000000
0.999993 0.003868 -0.000073 -0.000000 -0.003868 0.999280 -0.037743 2.436200 -0.000073 0.037743 0.999287 0.000000 0.000000 0.000000 0.000000 1.000000
0.999992 0.003930 -0.000075 -0.000000 -0.003930 0.999257 -0.038344 2.436200 -0.000075 0.038344 0.999265 0.000000 0.000000 0.000000 0.000000 1.000000
0.999992 0.003991 -0.000078 -0.000000 -0.003991 0.999233 -0.038947 2.436200 -0.000078 0.038947 0.999241 -0.000000 0.000000 0.000000 0.000000 1.000000
0.999992 0.004055 -0.000080 0.000000 -0.004055 0.999209 -0.039564 2.436200 -0.000080 0.039564 0.999217 -0.000000 0.000000 0.000000 0.000000 1.000000
0.999992 0.004119 -0.000083 -0.000000 -0.004119 0.999183 -0.040194 2.436200 -0.000083 0.040194 0.999192 0.000000 0.000000 0.000000 0.000000 1.000000
0.999991 0.004184 -0.000085 -0.000000 -0.004184 0.999158 -0.040826 2.436200 -0.000085 0.040826 0.999166 -0.000000 0.000000 0.000000 0.000000 1.000000
0.999991 0.004249 -0.000088 0.000000 -0.004249 0.999131 -0.041459 2.436200 -0.000088 0.041459 0.999140 -0.000000 0.000000 0.000000 0.000000 1.000000
0.999991 0.004314 -0.000091 0.000000 -0.004314 0.999104 -0.042094 2.436200 -0.000091 0.042094 0.999114 0.000000 0.000000 0.000000 0.000000 1.000000
0.999990 0.004379 -0.000094 0.000000 -0.004379 0.999077 -0.042731 2.436200 -0.000094 0.042731 0.999087 0.000000 0.000000 0.000000 0.000000 1.000000
0.999990 0.004444 -0.000096 0.000000 -0.004444 0.999049 -0.043369 2.436200 -0.000096 0.043369 0.999059 0.000000 0.000000 0.000000 0.000000 1.000000
0.999990 0.004510 -0.000099 0.000000 -0.004510 0.999021 -0.044008 2.436200 -0.000099 0.044008 0.999031 0.000000 0.000000 0.000000 0.000000 1.000000
0.999990 0.004576 -0.000102 0.000000 -0.004576 0.998992 -0.044649 2.436200 -0.000102 0.044649 0.999003 0.000000 0.000000 0.000000 0.000000 1.000000
0.999989 0.004642 -0.000105 -0.000000 -0.004642 0.998963 -0.045292 2.436200 -0.000105 0.045292 0.998974 -0.000000 0.000000 0.000000 0.000000 1.000000
0.999989 0.004708 -0.000108 0.000000 -0.004708 0.998933 -0.045936 2.436200 -0.000108 0.045936 0.998944 0.000000 0.000000 0.000000 0.000000 1.000000
0.999989 0.004774 -0.000111 0.000000 -0.004774 0.998903 -0.046581 2.436200 -0.000111 0.046581 0.998915 0.000000 0.000000 0.000000 0.000000 1.000000
0.999988 0.004840 -0.000114 0.000000 -0.004840 0.998872 -0.047227 2.436200 -0.000114 0.047227 0.998884 0.000000 0.000000 0.000000 0.000000 1.000000
0.999988 0.004906 -0.000118 0.000000 -0.004906 0.998841 -0.047875 2.436200 -0.000117 0.047875 0.998853 -0.000000 0.000000 0.000000 0.000000 1.000000
0.999988 0.004973 -0.000121 -0.000000 -0.004973 0.998810 -0.048524 2.436200 -0.000121 0.048524 0.998822 0.000000 0.000000 0.000000 0.000000 1.000000
0.999987 0.005039 -0.000124 -0.000000 -0.005039 0.998777 -0.049174 2.436200 -0.000124 0.049174 0.998790 0.000000 0.000000 0.000000 0.000000 1.000000
0.999987 0.005106 -0.000127 0.000000 -0.005106 0.998745 -0.049826 2.436200 -0.000127 0.049826 0.998758 0.000000 0.000000 0.000000 0.000000 1.000000
0.999987 0.005173 -0.000131 0.000000 -0.005173 0.998712 -0.050479 2.436200 -0.000130 0.050479 0.998725 0.000000 0.000000 0.000000 0.000000 1.000000
0.999986 0.005240 -0.000134 0.000000 -0.005240 0.998678 -0.051132 2.436200 -0.000134 0.051132 0.998692 0.000000 0.000000 0.000000 0.000000 1.000000
0.999986 0.005307 -0.000137 -0.000000 -0.005307 0.998644 -0.051787 2.436200 -0.000138 0.051787 0.998658 0.000000 0.000000 0.000000 0.000000 1.000000
0.999986 0.005374 -0.000141 0.000000 -0.005374 0.998609 -0.052442 2.436200 -0.000141 0.052442 0.998624 -0.000000 0.000000 0.000000 0.000000 1.000000
0.999985 0.005442 -0.000145 -0.000000 -0.005442 0.998574 -0.053099 2.436200 -0.000145 0.053099 0.998589 0.000000 0.000000 0.000000 0.000000 1.000000
0.999985 0.005509 -0.000148 0.000000 -0.005509 0.998539 -0.053757 2.436200 -0.000148 0.053757 0.998554 0.000000 0.000000 0.000000 0.000000 1.000000
0.999984 0.005577 -0.000152 -0.000000 -0.005577 0.998503 -0.054415 2.436200 -0.000152 0.054415 0.998518 0.000000 0.000000 0.000000 0.000000 1.000000</float_array>
        <technique_common>
          <accessor source="#mixamorig_LeftHandIndex3-Matrix-animation-output-transform-array" count="35" stride="16">
            <param type="float4x4"/>
          </accessor>
        </technique_common>
      </source>
      <source id="mixamorig_LeftHandIndex3-Interpolations">
        <Name_array id="mixamorig_LeftHandIndex3-Interpolations-array" count="35">
 LINEAR LINEAR LINEAR LINEAR LINEAR LINEAR LINEAR LINEAR LINEAR LINEAR LINEAR
LINEAR LINEAR LINEAR LINEAR LINEAR LINEAR LINEAR LINEAR LINEAR LINEAR LINEAR LINEAR
LINEAR LINEAR LINEAR LINEAR LINEAR LINEAR LINEAR LINEAR LINEAR LINEAR LINEAR LINEAR</Name_array>
        <technique_common>
          <accessor source="#mixamorig_LeftHandIndex3-Interpolations-array" count="35">
            <param type="name"/>
          </accessor>
        </technique_common>
      </source>
      <sampler id="mixamorig_LeftHandIndex3-Matrix-animation-transform">
        <input semantic="INPUT" source="#mixamorig_LeftHandIndex3-Matrix-animation-input"/>
        <input semantic="OUTPUT" source="#mixamorig_LeftHandIndex3-Matrix-animation-output-transform"/>
        <input semantic="INTERPOLATION" source="#mixamorig_LeftHandIndex3-Interpolations"/>
      </sampler>
      <channel source="#mixamorig_LeftHandIndex3-Matrix-animation-transform" target="mixamorig_LeftHandIndex3/matrix"/>
    </animation>
    <animation id="mixamorig_LeftHandMiddle1-anim" name="mixamorig_LeftHandMiddle1">
      <source id="mixamorig_LeftHandMiddle1-Matrix-animation-input">
        <float_array id="mixamorig_LeftHandMiddle1-Matrix-animation-input-array" count="35">

0.000000 0.033333 0.066667 0.100000 0.133333 0.166667 0.200000 0.233333 0.266667 0.300000 0.333333 0.366667 0.400000 0.433333 0.466667 0.500000
0.533333 0.566667 0.600000 0.633333 0.666667 0.700000 0.733333 0.766667 0.800000 0.833333 0.866667 0.900000 0.933333 0.966667 1.000000 1.033333
1.066667 1.100000 1.133333</float_array>
        <technique_common>
          <accessor source="#mixamorig_LeftHandMiddle1-Matrix-animation-input-array" count="35">
            <param name="TIME" type="float"/>
          </accessor>
        </technique_common>
      </source>
      <source id="mixamorig_LeftHandMiddle1-Matrix-animation-output-transform">
        <float_array id="mixamorig_LeftHandMiddle1-Matrix-animation-output-transform-array" count="560">

0.997408 0.071714 -0.005837 -0.000000 -0.071811 0.987101 -0.143090 13.592500 -0.004500 0.143138 0.989693 0.000000 0.000000 0.000000 0.000000 1.000000
0.997403 0.071779 -0.005850 0.000000 -0.071875 0.987063 -0.143323 13.592500 -0.004513 0.143371 0.989659 0.000000 0.000000 0.000000 0.000000 1.000000
0.997399 0.071841 -0.005863 -0.000000 -0.071937 0.987024 -0.143557 13.592500 -0.004526 0.143605 0.989625 0.000000 0.000000 0.000000 0.000000 1.000000
0.997394 0.071903 -0.005877 0.000000 -0.071999 0.986985 -0.143792 13.592500 -0.004539 0.143840 0.989590 0.000000 0.000000 0.000000 0.000000 1.000000
0.997390 0.071965 -0.005890 0.000000 -0.072062 0.986946 -0.144028 13.592500 -0.004552 0.144077 0.989556 0.000000 0.000000 0.000000 0.000000 1.000000
0.997385 0.072025 -0.005903 0.000000 -0.072122 0.986907 -0.144265 13.592500 -0.004565 0.144314 0.989521 -0.000000 0.000000 0.000000 0.000000 1.000000
0.997381 0.072081 -0.005917 -0.000000 -0.072179 0.986868 -0.144502 13.592500 -0.004577 0.144551 0.989487 0.000000 0.000000 0.000000 0.000000 1.000000
0.997377 0.072134 -0.005930 0.000000 -0.072232 0.986829 -0.144742 13.592500 -0.004589 0.144791 0.989452 0.000000 0.000000 0.000000 0.000000 1.000000
0.997374 0.072185 -0.005944 -0.000000 -0.072283 0.986790 -0.144983 13.592500 -0.004601 0.145031 0.989416 0.000000 0.000000 0.000000 0.000000 1.000000
0.997370 0.072232 -0.005957 0.000000 -0.072331 0.986751 -0.145224 13.592500 -0.004612 0.145273 0.989381 0.000000 0.000000 0.000000 0.000000 1.000000
0.997367 0.072276 -0.005971 0.000000 -0.072375 0.986712 -0.145466 13.592500 -0.004622 0.145515 0.989345 0.000000 0.000000 0.000000 0.000000 1.000000
0.997364 0.072316 -0.005984 0.000000 -0.072415 0.986674 -0.145710 13.592500 -0.004633 0.145759 0.989309 -0.000000 0.000000 0.000000 0.000000 1.000000
0.997361 0.072353 -0.005998 -0.000000 -0.072453 0.986634 -0.145956 13.592500 -0.004642 0.146005 0.989273 0.000000 0.000000 0.000000 0.000000 1.000000
0.997358 0.072390 -0.006012 0.000000 -0.072490 0.986595 -0.146202 13.592500 -0.004652 0.146251 0.989237 0.000000 0.000000 0.000000 0.000000 1.000000
0.997356 0.072426 -0.006026 0.000000 -0.072527 0.986556 -0.146449 13.592500 -0.004662 0.146498 0.989200 0.000000 0.000000 0.000000 0.000000 1.000000
0.997353 0.072461 -0.006040 -0.000000 -0.072562 0.986517 -0.146696 13.592500 -0.004671 0.146746 0.989163 0.000000 0.000000 0.000000 0.000000 1.000000
0.997350 0.072495 -0.006054 -0.000000 -0.072597 0.986477 -0.146945 13.592500 -0.004680 0.146995 0.989126 -0.000000 0.000000 0.000000 0.000000 1.000000
0.997348 0.072529 -0.006068 0.000000 -0.072631 0.986437 -0.147196 13.592500 -0.004690 0.147246 0.989089 0.000000 0.000000 0.000000 0.000000 1.000000
0.997345 0.072562 -0.006083 0.000000 -0.072664 0.986397 -0.147447 13.592500 -0.004699 0.147497 0.989051 -0.000000 0.000000 0.000000 0.000000 1.000000
0.997343 0.072594 -0.006097 0.000000 -0.072697 0.986357 -0.147699 13.592500 -0.004708 0.147749 0.989014 -0.000000 0.000000 0.000000 0.000000 1.000000
0.997341 0.072626 -0.006111 0.000000 -0.072730 0.986317 -0.147951 13.592500 -0.004717 0.148002 0.988976 0.000000 0.000000 0.000000 0.000000 1.000000
0.997338 0.072657 -0.006126 0.000000 -0.072761 0.986276 -0.148205 13.592500 -0.004727 0.148256 0.988938 0.000000 0.000000 0.000000 0.000000 1.000000
0.997336 0.072688 -0.006140 0.000000 -0.072793 0.986236 -0.148459 13.592500 -0.004736 0.148511 0.988899 -0.000000 0.000000 0.000000 0.000000 1.000000
0.997334 0.072718 -0.006155 -0.000000 -0.072823 0.986195 -0.148716 13.592500 -0.004744 0.148767 0.988861 -0.000000 0.000000 0.000000 0.000000 1.000000
0.997331 0.072747 -0.006169 -0.000000 -0.072853 0.986154 -0.148971 13.592500 -0.004754 0.149023 0.988822 -0.000000 0.000000 0.000000 0.000000 1.000000
0.997329 0.072776 -0.006184 0.000000 -0.072883 0.986113 -0.149227 13.592500 -0.004762 0.149279 0.988784 0.000000 0.000000 0.000000 0.000000 1.000000
0.997327 0.072805 -0.006198 -0.000000 -0.072912 0.986072 -0.149485 13.592500 -0.004771 0.149537 0.988745 0.000000 0.000000 0.000000 0.000000 1.000000
0.997325 0.072833 -0.006213 0.000000 -0.072941 0.986030 -0.149746 13.592500 -0.004780 0.149799 0.988705 0.000000 0.000000 0.000000 0.000000 1.000000
0.997323 0.072862 -0.006229 0.000000 -0.072970 0.985988 -0.150012 13.592500 -0.004789 0.150065 0.988665 0.000000 0.000000 0.000000 0.000000 1.000000
0.997320 0.072890 -0.006244 0.000000 -0.072999 0.985945 -0.150281 13.592500 -0.004798 0.150334 0.988624 -0.000000 0.000000 0.000000 0.000000 1.000000
0.997318 0.072918 -0.006259 0.000000 -0.073028 0.985901 -0.150550 13.592500 -0.004807 0.150604 0.988583 0.000000 0.000000 0.000000 0.000000 1.000000
0.997316 0.072945 -0.006274 -0.000000 -0.073056 0.985858 -0.150821 13.592500 -0.004816 0.150874 0.988541 0.000000 0.000000 0.000000 0.000000 1.000000
0.997314 0.072973 -0.006290 0.000000 -0.073084 0.985814 -0.151092 13.592500 -0.004825 0.151146 0.988500 0.000000 0.000000 0.000000 0.000000 1.000000
0.997312 0.073000 -0.006306 0.000000 -0.073112 0.985770 -0.151365 13.592500 -0.004834 0.151419 0.988458 0.000000 0.000000 0.000000 0.000000 1.000000
0.997310 0.073026 -0.006321 -0.000000 -0.073139 0.985726 -0.151638 13.592500 -0.004842 0.151693 0.988416 0.000000 0.000000 0.000000 0.000000 1.000000</float_array>
        <technique_common>
          <accessor source="#mixamorig_LeftHandMiddle1-Matrix-animation-output-transform-array" count="35" stride="16">
            <param type="float4x4"/>
          </accessor>
        </technique_common>
      </source>
      <source id="mixamorig_LeftHandMiddle1-Interpolations">
        <Name_array id="mixamorig_LeftHandMiddle1-Interpolations-array" count="35">
 LINEAR LINEAR LINEAR LINEAR LINEAR LINEAR LINEAR LINEAR LINEAR LINEAR LINEAR
LINEAR LINEAR LINEAR LINEAR LINEAR LINEAR LINEAR LINEAR LINEAR LINEAR LINEAR LINEAR
LINEAR LINEAR LINEAR LINEAR LINEAR LINEAR LINEAR LINEAR LINEAR LINEAR LINEAR LINEAR</Name_array>
        <technique_common>
          <accessor source="#mixamorig_LeftHandMiddle1-Interpolations-array" count="35">
            <param type="name"/>
          </accessor>
        </technique_common>
      </source>
      <sampler id="mixamorig_LeftHandMiddle1-Matrix-animation-transform">
        <input semantic="INPUT" source="#mixamorig_LeftHandMiddle1-Matrix-animation-input"/>
        <input semantic="OUTPUT" source="#mixamorig_LeftHandMiddle1-Matrix-animation-output-transform"/>
        <input semantic="INTERPOLATION" source="#mixamorig_LeftHandMiddle1-Interpolations"/>
      </sampler>
      <channel source="#mixamorig_LeftHandMiddle1-Matrix-animation-transform" target="mixamorig_LeftHandMiddle1/matrix"/>
    </animation>
    <animation id="mixamorig_LeftHandMiddle2-anim" name="mixamorig_LeftHandMiddle2">
      <source id="mixamorig_LeftHandMiddle2-Matrix-animation-input">
        <float_array id="mixamorig_LeftHandMiddle2-Matrix-animation-input-array" count="35">

0.000000 0.033333 0.066667 0.100000 0.133333 0.166667 0.200000 0.233333 0.266667 0.300000 0.333333 0.366667 0.400000 0.433333 0.466667 0.500000
0.533333 0.566667 0.600000 0.633333 0.666667 0.700000 0.733333 0.766667 0.800000 0.833333 0.866667 0.900000 0.933333 0.966667 1.000000 1.033333
1.066667 1.100000 1.133333</float_array>
        <technique_common>
          <accessor source="#mixamorig_LeftHandMiddle2-Matrix-animation-input-array" count="35">
            <param name="TIME" type="float"/>
          </accessor>
        </technique_common>
      </source>
      <source id="mixamorig_LeftHandMiddle2-Matrix-animation-output-transform">
        <float_array id="mixamorig_LeftHandMiddle2-Matrix-animation-output-transform-array" count="560">

0.999229 0.038524 -0.007520 0.000000 -0.038525 0.925851 -0.375921 2.648600 -0.007520 0.375921 0.926621 0.000000 0.000000 0.000000 0.000000 1.000000
0.999228 0.038549 -0.007530 0.000000 -0.038549 0.925755 -0.376153 2.648600 -0.007530 0.376153 0.926527 0.000000 0.000000 0.000000 0.000000 1.000000
0.999227 0.038572 -0.007539 0.000000 -0.038572 0.925659 -0.376386 2.648600 -0.007539 0.376386 0.926432 0.000000 0.000000 0.000000 0.000000 1.000000
0.999226 0.038597 -0.007549 0.000000 -0.038597 0.925563 -0.376620 2.648600 -0.007549 0.376620 0.926337 0.000000 0.000000 0.000000 0.000000 1.000000
0.999225 0.038620 -0.007559 0.000000 -0.038620 0.925467 -0.376854 2.648600 -0.007559 0.376854 0.926242 -0.000000 0.000000 0.000000 0.000000 1.000000
0.999224 0.038645 -0.007569 -0.000000 -0.038645 0.925370 -0.377089 2.648600 -0.007569 0.377089 0.926146 -0.000000 0.000000 0.000000 0.000000 1.000000
0.999223 0.038669 -0.007578 0.000000 -0.038669 0.925273 -0.377326 2.648600 -0.007579 0.377326 0.926050 -0.000000 0.000000 0.000000 0.000000 1.000000
0.999222 0.038693 -0.007589 -0.000000 -0.038693 0.925175 -0.377563 2.648600 -0.007588 0.377563 0.925953 0.000000 0.000000 0.000000 0.000000 1.000000
0.999221 0.038717 -0.007598 0.000000 -0.038717 0.925077 -0.377800 2.648600 -0.007598 0.377800 0.925856 0.000000 0.000000 0.000000 0.000000 1.000000
0.999220 0.038742 -0.007608 -0.000000 -0.038742 0.924979 -0.378038 2.648600 -0.007609 0.378038 0.925759 0.000000 0.000000 0.000000 0.000000 1.000000
0.999219 0.038766 -0.007618 0.000000 -0.038766 0.924880 -0.378278 2.648600 -0.007618 0.378278 0.925661 0.000000 0.000000 0.000000 0.000000 1.000000
0.999218 0.038791 -0.007628 0.000000 -0.038791 0.924781 -0.378518 2.648600 -0.007628 0.378518 0.925562 0.000000 0.000000 0.000000 0.000000 1.000000
0.999217 0.038816 -0.007639 -0.000000 -0.038816 0.924681 -0.378759 2.648600 -0.007638 0.378759 0.925464 0.000000 0.000000 0.000000 0.000000 1.000000
0.999216 0.038840 -0.007649 -0.000000 -0.038840 0.924581 -0.379000 2.648600 -0.007649 0.379000 0.925365 0.000000 0.000000 0.000000 0.000000 1.000000
0.999215 0.038865 -0.007659 0.000000 -0.038865 0.924481 -0.379243 2.648600 -0.007659 0.379243 0.925265 0.000000 0.000000 0.000000 0.000000 1.000000
0.999214 0.038890 -0.007669 0.000000 -0.038890 0.924379 -0.379487 2.648600 -0.007669 0.379487 0.925165 0.000000 0.000000 0.000000 0.000000 1.000000
0.999213 0.038915 -0.007679 0.000000 -0.038915 0.924278 -0.379731 2.648600 -0.007680 0.379731 0.925065 -0.000000 0.000000 0.000000 0.000000 1.000000
0.999212 0.038940 -0.007690 0.000000 -0.038940 0.924177 -0.379976 2.648600 -0.007690 0.379975 0.924965 0.000000 0.000000 0.000000 0.000000 1.000000
0.999211 0.038966 -0.007700 0.000000 -0.038966 0.924074 -0.380221 2.648600 -0.007700 0.380221 0.924864 -0.000000 0.000000 0.000000 0.000000 1.000000
0.999210 0.038991 -0.007711 0.000000 -0.038991 0.923971 -0.380469 2.648600 -0.007710 0.380469 0.924762 0.000000 0.000000 0.000000 0.000000 1.000000
0.999209 0.039016 -0.007721 -0.000000 -0.039016 0.923868 -0.380717 2.648600 -0.007721 0.380717 0.924659 0.000000 0.000000 0.000000 0.000000 1.000000
0.999208 0.039042 -0.007731 -0.000000 -0.039042 0.923765 -0.380966 2.648600 -0.007732 0.380966 0.924557 0.000000 0.000000 0.000000 0.000000 1.000000
0.999207 0.039067 -0.007742 0.000000 -0.039067 0.923661 -0.381215 2.648600 -0.007742 0.381215 0.924454 0.000000 0.000000 0.000000 0.000000 1.000000
0.999206 0.039093 -0.007753 0.000000 -0.039093 0.923556 -0.381465 2.648600 -0.007752 0.381465 0.924351 0.000000 0.000000 0.000000 0.000000 1.000000
0.999204 0.039119 -0.007763 0.000000 -0.039119 0.923452 -0.381716 2.648600 -0.007763 0.381716 0.924247 0.000000 0.000000 0.000000 0.000000 1.000000
0.999203 0.039145 -0.007774 -0.000000 -0.039145 0.923346 -0.381968 2.648600 -0.007774 0.381968 0.924143 0.000000 0.000000 0.000000 0.000000 1.000000
0.999202 0.039171 -0.007785 0.000000 -0.039171 0.923241 -0.382220 2.648600 -0.007785 0.382220 0.924039 0.000000 0.000000 0.000000 0.000000 1.000000
0.999201 0.039196 -0.007795 0.000000 -0.039196 0.923135 -0.382473 2.648600 -0.007795 0.382473 0.923934 -0.000000 0.000000 0.000000 0.000000 1.000000
0.999200 0.039222 -0.007806 0.000000 -0.039222 0.923029 -0.382726 2.648600 -0.007806 0.382726 0.923829 0.000000 0.000000 0.000000 0.000000 1.000000
0.999199 0.039248 -0.007817 -0.000000 -0.039249 0.922921 -0.382983 2.648600 -0.007817 0.382983 0.923722 -0.000000 0.000000 0.000000 0.000000 1.000000
0.999198 0.039275 -0.007828 -0.000000 -0.039275 0.922812 -0.383243 2.648600 -0.007828 0.383243 0.923614 0.000000 0.000000 0.000000 0.000000 1.000000
0.999197 0.039302 -0.007839 0.000000 -0.039302 0.922702 -0.383505 2.648600 -0.007839 0.383505 0.923505 0.000000 0.000000 0.000000 0.000000 1.000000
0.999195 0.039329 -0.007851 0.000000 -0.039329 0.922591 -0.383768 2.648600 -0.007850 0.383768 0.923396 0.000000 0.000000 0.000000 0.000000 1.000000
0.999194 0.039356 -0.007862 0.000000 -0.039356 0.922480 -0.384033 2.648600 -0.007861 0.384033 0.923286 -0.000000 0.000000 0.000000 0.000000 1.000000
0.999193 0.039383 -0.007873 -0.000000 -0.039383 0.922369 -0.384297 2.648600 -0.007873 0.384297 0.923176 0.000000 0.000000 0.000000 0.000000 1.000000</float_array>
        <technique_common>
          <accessor source="#mixamorig_LeftHandMiddle2-Matrix-animation-output-transform-array" count="35" stride="16">
            <param type="float4x4"/>
          </accessor>
        </technique_common>
      </source>
      <source id="mixamorig_LeftHandMiddle2-Interpolations">
        <Name_array id="mixamorig_LeftHandMiddle2-Interpolations-array" count="35">
 LINEAR LINEAR LINEAR LINEAR LINEAR LINEAR LINEAR LINEAR LINEAR LINEAR LINEAR
LINEAR LINEAR LINEAR LINEAR LINEAR LINEAR LINEAR LINEAR LINEAR LINEAR LINEAR LINEAR
LINEAR LINEAR LINEAR LINEAR LINEAR LINEAR LINEAR LINEAR LINEAR LINEAR LINEAR LINEAR</Name_array>
        <technique_common>
          <accessor source="#mixamorig_LeftHandMiddle2-Interpolations-array" count="35">
            <param type="name"/>
          </accessor>
        </technique_common>
      </source>
      <sampler id="mixamorig_LeftHandMiddle2-Matrix-animation-transform">
        <input semantic="INPUT" source="#mixamorig_LeftHandMiddle2-Matrix-animation-input"/>
        <input semantic="OUTPUT" source="#mixamorig_LeftHandMiddle2-Matrix-animation-output-transform"/>
        <input semantic="INTERPOLATION" source="#mixamorig_LeftHandMiddle2-Interpolations"/>
      </sampler>
      <channel source="#mixamorig_LeftHandMiddle2-Matrix-animation-transform" target="mixamorig_LeftHandMiddle2/matrix"/>
    </animation>
    <animation id="mixamorig_LeftHandMiddle3-anim" name="mixamorig_LeftHandMiddle3">
      <source id="mixamorig_LeftHandMiddle3-Matrix-animation-input">
        <float_array id="mixamorig_LeftHandMiddle3-Matrix-animation-input-array" count="35">

0.000000 0.033333 0.066667 0.100000 0.133333 0.166667 0.200000 0.233333 0.266667 0.300000 0.333333 0.366667 0.400000 0.433333 0.466667 0.500000
0.533333 0.566667 0.600000 0.633333 0.666667 0.700000 0.733333 0.766667 0.800000 0.833333 0.866667 0.900000 0.933333 0.966667 1.000000 1.033333
1.066667 1.100000 1.133333</float_array>
        <technique_common>
          <accessor source="#mixamorig_LeftHandMiddle3-Matrix-animation-input-array" count="35">
            <param name="TIME" type="float"/>
          </accessor>
        </technique_common>
      </source>
      <source id="mixamorig_LeftHandMiddle3-Matrix-animation-output-transform">
        <float_array id="mixamorig_LeftHandMiddle3-Matrix-animation-output-transform-array" count="560">

0.999838 0.017951 -0.001584 0.000000 -0.017951 0.984376 -0.175164 3.529400 -0.001585 0.175164 0.984538 0.000000 0.000000 0.000000 0.000000 1.000000
0.999837 0.018001 -0.001593 0.000000 -0.018001 0.984287 -0.175654 3.529400 -0.001594 0.175654 0.984451 0.000000 0.000000 0.000000 0.000000 1.000000
0.999836 0.018052 -0.001602 0.000000 -0.018052 0.984198 -0.176147 3.529400 -0.001603 0.176147 0.984363 0.000000 0.000000 0.000000 0.000000 1.000000
0.999835 0.018102 -0.001612 0.000000 -0.018102 0.984108 -0.176643 3.529400 -0.001612 0.176643 0.984274 -0.000000 0.000000 0.000000 0.000000 1.000000
0.999834 0.018153 -0.001621 0.000000 -0.018153 0.984018 -0.177141 3.529400 -0.001621 0.177141 0.984184 0.000000 0.000000 0.000000 0.000000 1.000000
0.999833 0.018205 -0.001630 0.000000 -0.018205 0.983927 -0.177642 3.529400 -0.001630 0.177642 0.984094 0.000000 0.000000 0.000000 0.000000 1.000000
0.999832 0.018256 -0.001639 0.000000 -0.018257 0.983835 -0.178146 3.529400 -0.001639 0.178146 0.984003 0.000000 0.000000 0.000000 0.000000 1.000000
0.999831 0.018308 -0.001649 0.000000 -0.018308 0.983742 -0.178651 3.529400 -0.001649 0.178651 0.983911 0.000000 0.000000 0.000000 0.000000 1.000000
0.999830 0.018360 -0.001658 0.000000 -0.018360 0.983649 -0.179159 3.529400 -0.001658 0.179159 0.983819 0.000000 0.000000 0.000000 0.000000 1.000000
0.999829 0.018412 -0.001668 0.000000 -0.018412 0.983555 -0.179667 3.529400 -0.001668 0.179667 0.983726 -0.000000 0.000000 0.000000 0.000000 1.000000
0.999828 0.018465 -0.001677 0.000000 -0.018465 0.983461 -0.180176 3.529400 -0.001677 0.180176 0.983633 -0.000000 0.000000 0.000000 0.000000 1.000000
0.999827 0.018518 -0.001687 0.000000 -0.018518 0.983364 -0.180697 3.529400 -0.001687 0.180697 0.983537 0.000000 0.000000 0.000000 0.000000 1.000000
0.999826 0.018572 -0.001697 0.000000 -0.018572 0.983266 -0.181228 3.529400 -0.001697 0.181228 0.983440 -0.000000 0.000000 0.000000 0.000000 1.000000
0.999825 0.018627 -0.001707 0.000000 -0.018627 0.983167 -0.181760 3.529400 -0.001707 0.181760 0.983342 -0.000000 0.000000 0.000000 0.000000 1.000000
0.999824 0.018682 -0.001717 0.000000 -0.018682 0.983067 -0.182293 3.529400 -0.001717 0.182293 0.983243 0.000000 0.000000 0.000000 0.000000 1.000000
0.999823 0.018736 -0.001728 0.000000 -0.018736 0.982967 -0.182827 3.529400 -0.001727 0.182827 0.983144 0.000000 0.000000 0.000000 0.000000 1.000000
0.999822 0.018791 -0.001738 -0.000000 -0.018791 0.982866 -0.183362 3.529400 -0.001738 0.183362 0.983044 0.000000 0.000000 0.000000 0.000000 1.000000
0.999821 0.018846 -0.001748 -0.000000 -0.018846 0.982764 -0.183899 3.529400 -0.001748 0.183899 0.982944 0.000000 0.000000 0.000000 0.000000 1.000000
0.999820 0.018901 -0.001758 0.000000 -0.018901 0.982663 -0.184437 3.529400 -0.001758 0.184437 0.982843 0.000000 0.000000 0.000000 0.000000 1.000000
0.999819 0.018956 -0.001769 0.000000 -0.018957 0.982560 -0.184976 3.529400 -0.001769 0.184976 0.982741 0.000000 0.000000 0.000000 0.000000 1.000000
0.999818 0.019012 -0.001779 -0.000000 -0.019012 0.982457 -0.185516 3.529400 -0.001779 0.185516 0.982640 0.000000 0.000000 0.000000 0.000000 1.000000
0.999817 0.019067 -0.001790 -0.000000 -0.019067 0.982354 -0.186057 3.529400 -0.001789 0.186057 0.982537 -0.000000 0.000000 0.000000 0.000000 1.000000
0.999816 0.019123 -0.001800 0.000000 -0.019123 0.982250 -0.186599 3.529400 -0.001800 0.186599 0.982434 0.000000 0.000000 0.000000 0.000000 1.000000
0.999814 0.019179 -0.001810 0.000000 -0.019179 0.982146 -0.187143 3.529400 -0.001811 0.187143 0.982331 0.000000 0.000000 0.000000 0.000000 1.000000
0.999813 0.019234 -0.001821 0.000000 -0.019234 0.982041 -0.187687 3.529400 -0.001821 0.187687 0.982227 -0.000000 0.000000 0.000000 0.000000 1.000000
0.999812 0.019290 -0.001832 -0.000000 -0.019290 0.981935 -0.188232 3.529400 -0.001832 0.188232 0.982123 0.000000 0.000000 0.000000 0.000000 1.000000
0.999811 0.019346 -0.001843 -0.000000 -0.019346 0.981829 -0.188778 3.529400 -0.001843 0.188778 0.982018 -0.000000 0.000000 0.000000 0.000000 1.000000
0.999810 0.019402 -0.001854 0.000000 -0.019402 0.981723 -0.189325 3.529400 -0.001854 0.189325 0.981913 0.000000 0.000000 0.000000 0.000000 1.000000
0.999809 0.019458 -0.001864 0.000000 -0.019458 0.981616 -0.189873 3.529400 -0.001864 0.189873 0.981807 0.000000 0.000000 0.000000 0.000000 1.000000
0.999808 0.019515 -0.001875 -0.000000 -0.019515 0.981508 -0.190422 3.529400 -0.001876 0.190422 0.981701 0.000000 0.000000 0.000000 0.000000 1.000000
0.999807 0.019571 -0.001886 0.000000 -0.019571 0.981401 -0.190971 3.529400 -0.001886 0.190971 0.981594 -0.000000 0.000000 0.000000 0.000000 1.000000
0.999806 0.019627 -0.001897 0.000000 -0.019627 0.981292 -0.191521 3.529400 -0.001897 0.191521 0.981487 -0.000000 0.000000 0.000000 0.000000 1.000000
0.999804 0.019684 -0.001908 0.000000 -0.019684 0.981183 -0.192072 3.529400 -0.001908 0.192072 0.981379 0.000000 0.000000 0.000000 0.000000 1.000000
0.999803 0.019740 -0.001919 -0.000000 -0.019740 0.981074 -0.192623 3.529400 -0.001919 0.192623 0.981271 0.000000 0.000000 0.000000 0.000000 1.000000
0.999802 0.019797 -0.001931 -0.000000 -0.019797 0.980965 -0.193175 3.529400 -0.001930 0.193175 0.981162 0.000000 0.000000 0.000000 0.000000 1.000000</float_array>
        <technique_common>
          <accessor source="#mixamorig_LeftHandMiddle3-Matrix-animation-output-transform-array" count="35" stride="16">
            <param type="float4x4"/>
          </accessor>
        </technique_common>
      </source>
      <source id="mixamorig_LeftHandMiddle3-Interpolations">
        <Name_array id="mixamorig_LeftHandMiddle3-Interpolations-array" count="35">
 LINEAR LINEAR LINEAR LINEAR LINEAR LINEAR LINEAR LINEAR LINEAR LINEAR LINEAR
LINEAR LINEAR LINEAR LINEAR LINEAR LINEAR LINEAR LINEAR LINEAR LINEAR LINEAR LINEAR
LINEAR LINEAR LINEAR LINEAR LINEAR LINEAR LINEAR LINEAR LINEAR LINEAR LINEAR LINEAR</Name_array>
        <technique_common>
          <accessor source="#mixamorig_LeftHandMiddle3-Interpolations-array" count="35">
            <param type="name"/>
          </accessor>
        </technique_common>
      </source>
      <sampler id="mixamorig_LeftHandMiddle3-Matrix-animation-transform">
        <input semantic="INPUT" source="#mixamorig_LeftHandMiddle3-Matrix-animation-input"/>
        <input semantic="OUTPUT" source="#mixamorig_LeftHandMiddle3-Matrix-animation-output-transform"/>
        <input semantic="INTERPOLATION" source="#mixamorig_LeftHandMiddle3-Interpolations"/>
      </sampler>
      <channel source="#mixamorig_LeftHandMiddle3-Matrix-animation-transform" target="mixamorig_LeftHandMiddle3/matrix"/>
    </animation>
    <animation id="mixamorig_LeftHandRing1-anim" name="mixamorig_LeftHandRing1">
      <source id="mixamorig_LeftHandRing1-Matrix-animation-input">
        <float_array id="mixamorig_LeftHandRing1-Matrix-animation-input-array" count="35">

0.000000 0.033333 0.066667 0.100000 0.133333 0.166667 0.200000 0.233333 0.266667 0.300000 0.333333 0.366667 0.400000 0.433333 0.466667 0.500000
0.533333 0.566667 0.600000 0.633333 0.666667 0.700000 0.733333 0.766667 0.800000 0.833333 0.866667 0.900000 0.933333 0.966667 1.000000 1.033333
1.066667 1.100000 1.133333</float_array>
        <technique_common>
          <accessor source="#mixamorig_LeftHandRing1-Matrix-animation-input-array" count="35">
            <param name="TIME" type="float"/>
          </accessor>
        </technique_common>
      </source>
      <source id="mixamorig_LeftHandRing1-Matrix-animation-output-transform">
        <float_array id="mixamorig_LeftHandRing1-Matrix-animation-output-transform-array" count="560">

0.997009 0.076632 -0.009993 3.073200 -0.077004 0.974166 -0.212299 12.936800 -0.006534 0.212433 0.977154 0.039800 0.000000 0.000000 0.000000 1.000000
0.997005 0.076688 -0.010009 3.073200 -0.077061 0.974109 -0.212540 12.936800 -0.006550 0.212674 0.977101 0.039800 0.000000 0.000000 0.000000 1.000000
0.997001 0.076732 -0.010024 3.073200 -0.077105 0.974052 -0.212783 12.936800 -0.006563 0.212918 0.977048 0.039800 0.000000 0.000000 0.000000 1.000000
0.996998 0.076775 -0.010040 3.073200 -0.077149 0.973996 -0.213028 12.936800 -0.006577 0.213163 0.976995 0.039800 0.000000 0.000000 0.000000 1.000000
0.996995 0.076816 -0.010055 3.073200 -0.077191 0.973939 -0.213273 12.936800 -0.006589 0.213408 0.976941 0.039800 0.000000 0.000000 0.000000 1.000000
0.996991 0.076856 -0.010071 3.073200 -0.077231 0.973881 -0.213519 12.936800 -0.006602 0.213654 0.976887 0.039800 0.000000 0.000000 0.000000 1.000000
0.996988 0.076894 -0.010087 3.073200 -0.077270 0.973824 -0.213766 12.936800 -0.006614 0.213902 0.976833 0.039800 0.000000 0.000000 0.000000 1.000000
0.996985 0.076931 -0.010103 3.073200 -0.077308 0.973767 -0.214015 12.936800 -0.006626 0.214150 0.976778 0.039800 0.000000 0.000000 0.000000 1.000000
0.996982 0.076966 -0.010119 3.073200 -0.077344 0.973709 -0.214263 12.936800 -0.006638 0.214399 0.976724 0.039800 0.000000 0.000000 0.000000 1.000000
0.996980 0.077000 -0.010135 3.073200 -0.077379 0.973651 -0.214513 12.936800 -0.006650 0.214649 0.976669 0.039800 0.000000 0.000000 0.000000 1.000000
0.996977 0.077033 -0.010151 3.073200 -0.077413 0.973593 -0.214765 12.936800 -0.006661 0.214901 0.976613 0.039800 0.000000 0.000000 0.000000 1.000000
0.996974 0.077065 -0.010167 3.073200 -0.077445 0.973535 -0.215017 12.936800 -0.006673 0.215154 0.976557 0.039800 0.000000 0.000000 0.000000 1.000000
0.996972 0.077095 -0.010183 3.073200 -0.077477 0.973476 -0.215270 12.936800 -0.006683 0.215407 0.976501 0.039800 0.000000 0.000000 0.000000 1.000000
0.996969 0.077125 -0.010199 3.073200 -0.077508 0.973418 -0.215524 12.936800 -0.006694 0.215662 0.976445 0.039800 0.000000 0.000000 0.000000 1.000000
0.996967 0.077153 -0.010216 3.073200 -0.077537 0.973359 -0.215780 12.936800 -0.006704 0.215917 0.976389 0.039800 0.000000 0.000000 0.000000 1.000000
0.996965 0.077181 -0.010232 3.073200 -0.077566 0.973299 -0.216036 12.936800 -0.006715 0.216174 0.976332 0.039800 0.000000 0.000000 0.000000 1.000000
0.996962 0.077208 -0.010249 3.073200 -0.077594 0.973240 -0.216293 12.936800 -0.006725 0.216432 0.976275 0.039800 0.000000 0.000000 0.000000 1.000000
0.996960 0.077234 -0.010265 3.073200 -0.077621 0.973181 -0.216551 12.936800 -0.006735 0.216690 0.976217 0.039800 0.000000 0.000000 0.000000 1.000000
0.996958 0.077259 -0.010282 3.073200 -0.077648 0.973121 -0.216810 12.936800 -0.006745 0.216949 0.976160 0.039800 0.000000 0.000000 0.000000 1.000000
0.996956 0.077283 -0.010299 3.073200 -0.077674 0.973061 -0.217071 12.936800 -0.006754 0.217210 0.976101 0.039800 0.000000 0.000000 0.000000 1.000000
0.996954 0.077307 -0.010316 3.073200 -0.077699 0.973000 -0.217333 12.936800 -0.006764 0.217472 0.976043 0.039800 0.000000 0.000000 0.000000 1.000000
0.996952 0.077331 -0.010333 3.073200 -0.077723 0.972940 -0.217595 12.936800 -0.006774 0.217735 0.975984 0.039800 0.000000 0.000000 0.000000 1.000000
0.996950 0.077353 -0.010349 3.073200 -0.077747 0.972879 -0.217858 12.936800 -0.006783 0.217998 0.975926 0.039800 0.000000 0.000000 0.000000 1.000000
0.996948 0.077376 -0.010367 3.073200 -0.077771 0.972818 -0.218122 12.936800 -0.006792 0.218262 0.975867 0.039800 0.000000 0.000000 0.000000 1.000000
0.996946 0.077398 -0.010384 3.073200 -0.077794 0.972757 -0.218387 12.936800 -0.006802 0.218528 0.975807 0.039800 0.000000 0.000000 0.000000 1.000000
0.996944 0.077419 -0.010401 3.073200 -0.077817 0.972695 -0.218653 12.936800 -0.006811 0.218794 0.975747 0.039800 0.000000 0.000000 0.000000 1.000000
0.996943 0.077441 -0.010418 3.073200 -0.077840 0.972633 -0.218920 12.936800 -0.006820 0.219061 0.975687 0.039800 0.000000 0.000000 0.000000 1.000000
0.996941 0.077462 -0.010435 3.073200 -0.077862 0.972571 -0.219186 12.936800 -0.006830 0.219328 0.975627 0.039800 0.000000 0.000000 0.000000 1.000000
0.996939 0.077483 -0.010453 3.073200 -0.077885 0.972509 -0.219454 12.936800 -0.006839 0.219597 0.975567 0.039800 0.000000 0.000000 0.000000 1.000000
0.996937 0.077504 -0.010470 3.073200 -0.077907 0.972446 -0.219726 12.936800 -0.006848 0.219868 0.975506 0.039800 0.000000 0.000000 0.000000 1.000000
0.996935 0.077525 -0.010488 3.073200 -0.077930 0.972382 -0.220000 12.936800 -0.006857 0.220143 0.975443 0.039800 0.000000 0.000000 0.000000 1.000000
0.996933 0.077546 -0.010506 3.073200 -0.077953 0.972317 -0.220278 12.936800 -0.006867 0.220421 0.975381 0.039800 0.000000 0.000000 0.000000 1.000000
0.996932 0.077568 -0.010524 3.073200 -0.077976 0.972252 -0.220556 12.936800 -0.006876 0.220700 0.975318 0.039800 0.000000 0.000000 0.000000 1.000000
0.996930 0.077589 -0.010542 3.073200 -0.077999 0.972187 -0.220834 12.936800 -0.006886 0.220979 0.975254 0.039800 0.000000 0.000000 0.000000 1.000000
0.996928 0.077611 -0.010560 3.073200 -0.078022 0.972122 -0.221115 12.936800 -0.006895 0.221259 0.975191 0.039800 0.000000 0.000000 0.000000 1.000000</float_array>
        <technique_common>
          <accessor source="#mixamorig_LeftHandRing1-Matrix-animation-output-transform-array" count="35" stride="16">
            <param type="float4x4"/>
          </accessor>
        </technique_common>
      </source>
      <source id="mixamorig_LeftHandRing1-Interpolations">
        <Name_array id="mixamorig_LeftHandRing1-Interpolations-array" count="35">
 LINEAR LINEAR LINEAR LINEAR LINEAR LINEAR LINEAR LINEAR LINEAR LINEAR LINEAR
LINEAR LINEAR LINEAR LINEAR LINEAR LINEAR LINEAR LINEAR LINEAR LINEAR LINEAR LINEAR
LINEAR LINEAR LINEAR LINEAR LINEAR LINEAR LINEAR LINEAR LINEAR LINEAR LINEAR LINEAR</Name_array>
        <technique_common>
          <accessor source="#mixamorig_LeftHandRing1-Interpolations-array" count="35">
            <param type="name"/>
          </accessor>
        </technique_common>
      </source>
      <sampler id="mixamorig_LeftHandRing1-Matrix-animation-transform">
        <input semantic="INPUT" source="#mixamorig_LeftHandRing1-Matrix-animation-input"/>
        <input semantic="OUTPUT" source="#mixamorig_LeftHandRing1-Matrix-animation-output-transform"/>
        <input semantic="INTERPOLATION" source="#mixamorig_LeftHandRing1-Interpolations"/>
      </sampler>
      <channel source="#mixamorig_LeftHandRing1-Matrix-animation-transform" target="mixamorig_LeftHandRing1/matrix"/>
    </animation>
    <animation id="mixamorig_LeftHandRing2-anim" name="mixamorig_LeftHandRing2">
      <source id="mixamorig_LeftHandRing2-Matrix-animation-input">
        <float_array id="mixamorig_LeftHandRing2-Matrix-animation-input-array" count="35">

0.000000 0.033333 0.066667 0.100000 0.133333 0.166667 0.200000 0.233333 0.266667 0.300000 0.333333 0.366667 0.400000 0.433333 0.466667 0.500000
0.533333 0.566667 0.600000 0.633333 0.666667 0.700000 0.733333 0.766667 0.800000 0.833333 0.866667 0.900000 0.933333 0.966667 1.000000 1.033333
1.066667 1.100000 1.133333</float_array>
        <technique_common>
          <accessor source="#mixamorig_LeftHandRing2-Matrix-animation-input-array" count="35">
            <param name="TIME" type="float"/>
          </accessor>
        </technique_common>
      </source>
      <source id="mixamorig_LeftHandRing2-Matrix-animation-output-transform">
        <float_array id="mixamorig_LeftHandRing2-Matrix-animation-output-transform-array" count="560">

0.998815 0.047270 -0.011561 0.000000 -0.047270 0.886008 -0.461255 2.705500 -0.011561 0.461255 0.887192 0.000000 0.000000 0.000000 0.000000 1.000000
0.998813 0.047320 -0.011587 -0.000000 -0.047320 0.885750 -0.461745 2.705500 -0.011587 0.461745 0.886937 0.000000 0.000000 0.000000 0.000000 1.000000
0.998810 0.047371 -0.011613 0.000000 -0.047371 0.885490 -0.462238 2.705500 -0.011613 0.462238 0.886680 0.000000 0.000000 0.000000 0.000000 1.000000
0.998807 0.047421 -0.011640 0.000000 -0.047421 0.885229 -0.462732 2.705500 -0.011640 0.462732 0.886422 -0.000000 0.000000 0.000000 0.000000 1.000000
0.998804 0.047472 -0.011666 -0.000000 -0.047472 0.884966 -0.463229 2.705500 -0.011666 0.463229 0.886162 0.000000 0.000000 0.000000 0.000000 1.000000
0.998802 0.047523 -0.011693 -0.000000 -0.047523 0.884701 -0.463729 2.705500 -0.011693 0.463729 0.885900 -0.000000 0.000000 0.000000 0.000000 1.000000
0.998799 0.047575 -0.011720 -0.000000 -0.047575 0.884435 -0.464231 2.705500 -0.011720 0.464231 0.885636 -0.000000 0.000000 0.000000 0.000000 1.000000
0.998796 0.047627 -0.011747 0.000000 -0.047627 0.884168 -0.464736 2.705500 -0.011747 0.464736 0.885371 -0.000000 0.000000 0.000000 0.000000 1.000000
0.998793 0.047679 -0.011775 0.000000 -0.047679 0.883898 -0.465243 2.705500 -0.011775 0.465243 0.885104 -0.000000 0.000000 0.000000 0.000000 1.000000
0.998791 0.047731 -0.011802 0.000000 -0.047731 0.883627 -0.465753 2.705500 -0.011802 0.465753 0.884836 0.000000 0.000000 0.000000 0.000000 1.000000
0.998788 0.047783 -0.011830 0.000000 -0.047783 0.883355 -0.466263 2.705500 -0.011830 0.466263 0.884567 0.000000 0.000000 0.000000 0.000000 1.000000
0.998785 0.047836 -0.011858 0.000000 -0.047836 0.883081 -0.466776 2.705500 -0.011857 0.466776 0.884296 0.000000 0.000000 0.000000 0.000000 1.000000
0.998782 0.047889 -0.011886 0.000000 -0.047889 0.882805 -0.467292 2.705500 -0.011885 0.467292 0.884023 0.000000 0.000000 0.000000 0.000000 1.000000
0.998779 0.047941 -0.011913 -0.000000 -0.047941 0.882529 -0.467808 2.705500 -0.011914 0.467808 0.883750 -0.000000 0.000000 0.000000 0.000000 1.000000
0.998776 0.047995 -0.011942 0.000000 -0.047995 0.882251 -0.468326 2.705500 -0.011942 0.468326 0.883475 -0.000000 0.000000 0.000000 0.000000 1.000000
0.998773 0.048048 -0.011970 0.000000 -0.048048 0.881969 -0.468852 2.705500 -0.011970 0.468852 0.883196 0.000000 0.000000 0.000000 0.000000 1.000000
0.998770 0.048103 -0.011999 -0.000000 -0.048103 0.881684 -0.469382 2.705500 -0.011999 0.469382 0.882914 0.000000 0.000000 0.000000 0.000000 1.000000
0.998767 0.048157 -0.012028 0.000000 -0.048157 0.881398 -0.469913 2.705500 -0.012028 0.469913 0.882631 -0.000000 0.000000 0.000000 0.000000 1.000000
0.998764 0.048212 -0.012057 0.000000 -0.048212 0.881110 -0.470447 2.705500 -0.012058 0.470447 0.882346 0.000000 0.000000 0.000000 0.000000 1.000000
0.998761 0.048267 -0.012087 0.000000 -0.048267 0.880821 -0.470982 2.705500 -0.012087 0.470982 0.882060 0.000000 0.000000 0.000000 0.000000 1.000000
0.998758 0.048322 -0.012116 0.000000 -0.048322 0.880531 -0.471519 2.705500 -0.012116 0.471519 0.881773 0.000000 0.000000 0.000000 0.000000 1.000000
0.998755 0.048377 -0.012146 0.000000 -0.048377 0.880240 -0.472056 2.705500 -0.012145 0.472056 0.881485 0.000000 0.000000 0.000000 0.000000 1.000000
0.998752 0.048432 -0.012175 0.000000 -0.048432 0.879948 -0.472595 2.705500 -0.012175 0.472595 0.881196 0.000000 0.000000 0.000000 0.000000 1.000000
0.998749 0.048487 -0.012205 -0.000000 -0.048487 0.879655 -0.473135 2.705500 -0.012205 0.473135 0.880906 0.000000 0.000000 0.000000 0.000000 1.000000
0.998746 0.048543 -0.012235 -0.000000 -0.048543 0.879361 -0.473675 2.705500 -0.012235 0.473675 0.880615 0.000000 0.000000 0.000000 0.000000 1.000000
0.998743 0.048598 -0.012265 0.000000 -0.048598 0.879066 -0.474216 2.705500 -0.012265 0.474216 0.880323 0.000000 0.000000 0.000000 0.000000 1.000000
0.998740 0.048654 -0.012295 0.000000 -0.048654 0.878771 -0.474757 2.705500 -0.012294 0.474757 0.880031 -0.000000 0.000000 0.000000 0.000000 1.000000
0.998737 0.048709 -0.012325 -0.000000 -0.048709 0.878475 -0.475298 2.705500 -0.012324 0.475298 0.879738 -0.000000 0.000000 0.000000 0.000000 1.000000
0.998734 0.048765 -0.012355 0.000000 -0.048765 0.878179 -0.475840 2.705500 -0.012355 0.475840 0.879445 0.000000 0.000000 0.000000 0.000000 1.000000
0.998731 0.048820 -0.012385 0.000000 -0.048820 0.877882 -0.476382 2.705500 -0.012385 0.476382 0.879151 0.000000 0.000000 0.000000 0.000000 1.000000
0.998728 0.048876 -0.012415 0.000000 -0.048876 0.877585 -0.476924 2.705500 -0.012415 0.476924 0.878857 -0.000000 0.000000 0.000000 0.000000 1.000000
0.998725 0.048931 -0.012445 0.000000 -0.048931 0.877287 -0.477465 2.705500 -0.012445 0.477465 0.878563 -0.000000 0.000000 0.000000 0.000000 1.000000
0.998721 0.048987 -0.012475 -0.000000 -0.048987 0.876987 -0.478010 2.705500 -0.012476 0.478010 0.878266 -0.000000 0.000000 0.000000 0.000000 1.000000
0.998718 0.049044 -0.012507 0.000000 -0.049044 0.876683 -0.478562 2.705500 -0.012506 0.478562 0.877965 0.000000 0.000000 0.000000 0.000000 1.000000
0.998715 0.049100 -0.012537 0.000000 -0.049100 0.876378 -0.479115 2.705500 -0.012537 0.479115 0.877663 0.000000 0.000000 0.000000 0.000000 1.000000</float_array>
        <technique_common>
          <accessor source="#mixamorig_LeftHandRing2-Matrix-animation-output-transform-array" count="35" stride="16">
            <param type="float4x4"/>
          </accessor>
        </technique_common>
      </source>
      <source id="mixamorig_LeftHandRing2-Interpolations">
        <Name_array id="mixamorig_LeftHandRing2-Interpolations-array" count="35">
 LINEAR LINEAR LINEAR LINEAR LINEAR LINEAR LINEAR LINEAR LINEAR LINEAR LINEAR
LINEAR LINEAR LINEAR LINEAR LINEAR LINEAR LINEAR LINEAR LINEAR LINEAR LINEAR LINEAR
LINEAR LINEAR LINEAR LINEAR LINEAR LINEAR LINEAR LINEAR LINEAR LINEAR LINEAR LINEAR</Name_array>
        <technique_common>
          <accessor source="#mixamorig_LeftHandRing2-Interpolations-array" count="35">
            <param type="name"/>
          </accessor>
        </technique_common>
      </source>
      <sampler id="mixamorig_LeftHandRing2-Matrix-animation-transform">
        <input semantic="INPUT" source="#mixamorig_LeftHandRing2-Matrix-animation-input"/>
        <input semantic="OUTPUT" source="#mixamorig_LeftHandRing2-Matrix-animation-output-transform"/>
        <input semantic="INTERPOLATION" source="#mixamorig_LeftHandRing2-Interpolations"/>
      </sampler>
      <channel source="#mixamorig_LeftHandRing2-Matrix-animation-transform" target="mixamorig_LeftHandRing2/matrix"/>
    </animation>
    <animation id="mixamorig_LeftHandRing3-anim" name="mixamorig_LeftHandRing3">
      <source id="mixamorig_LeftHandRing3-Matrix-animation-input">
        <float_array id="mixamorig_LeftHandRing3-Matrix-animation-input-array" count="35">

0.000000 0.033333 0.066667 0.100000 0.133333 0.166667 0.200000 0.233333 0.266667 0.300000 0.333333 0.366667 0.400000 0.433333 0.466667 0.500000
0.533333 0.566667 0.600000 0.633333 0.666667 0.700000 0.733333 0.766667 0.800000 0.833333 0.866667 0.900000 0.933333 0.966667 1.000000 1.033333
1.066667 1.100000 1.133333</float_array>
        <technique_common>
          <accessor source="#mixamorig_LeftHandRing3-Matrix-animation-input-array" count="35">
            <param name="TIME" type="float"/>
          </accessor>
        </technique_common>
      </source>
      <source id="mixamorig_LeftHandRing3-Matrix-animation-output-transform">
        <float_array id="mixamorig_LeftHandRing3-Matrix-animation-output-transform-array" count="560">

0.999768 0.021408 -0.002261 0.000000 -0.021408 0.977703 -0.208897 2.078000 -0.002261 0.208897 0.977935 -0.000000 0.000000 0.000000 0.000000 1.000000
0.999766 0.021501 -0.002281 0.000000 -0.021501 0.977506 -0.209807 2.078000 -0.002281 0.209807 0.977740 -0.000000 0.000000 0.000000 0.000000 1.000000
0.999764 0.021594 -0.002301 -0.000000 -0.021594 0.977309 -0.210717 2.078000 -0.002301 0.210717 0.977544 0.000000 0.000000 0.000000 0.000000 1.000000
0.999762 0.021688 -0.002321 0.000000 -0.021688 0.977110 -0.211627 2.078000 -0.002322 0.211627 0.977348 0.000000 0.000000 0.000000 0.000000 1.000000
0.999760 0.021781 -0.002342 0.000000 -0.021781 0.976910 -0.212537 2.078000 -0.002342 0.212537 0.977150 0.000000 0.000000 0.000000 0.000000 1.000000
0.999758 0.021874 -0.002362 0.000000 -0.021874 0.976710 -0.213447 2.078000 -0.002362 0.213447 0.976952 0.000000 0.000000 0.000000 0.000000 1.000000
0.999756 0.021968 -0.002383 -0.000000 -0.021968 0.976508 -0.214358 2.078000 -0.002382 0.214358 0.976752 0.000000 0.000000 0.000000 0.000000 1.000000
0.999754 0.022061 -0.002403 0.000000 -0.022061 0.976306 -0.215269 2.078000 -0.002403 0.215269 0.976552 0.000000 0.000000 0.000000 0.000000 1.000000
0.999752 0.022154 -0.002424 0.000000 -0.022154 0.976102 -0.216181 2.078000 -0.002424 0.216181 0.976350 -0.000000 0.000000 0.000000 0.000000 1.000000
0.999749 0.022248 -0.002445 0.000000 -0.022248 0.975897 -0.217093 2.078000 -0.002444 0.217093 0.976148 0.000000 0.000000 0.000000 0.000000 1.000000
0.999747 0.022342 -0.002465 0.000000 -0.022342 0.975692 -0.218006 2.078000 -0.002465 0.218006 0.975944 -0.000000 0.000000 0.000000 0.000000 1.000000
0.999745 0.022435 -0.002486 0.000000 -0.022435 0.975485 -0.218917 2.078000 -0.002486 0.218917 0.975740 -0.000000 0.000000 0.000000 0.000000 1.000000
0.999743 0.022529 -0.002507 -0.000000 -0.022529 0.975278 -0.219830 2.078000 -0.002507 0.219830 0.975535 -0.000000 0.000000 0.000000 0.000000 1.000000
0.999741 0.022622 -0.002529 -0.000000 -0.022622 0.975070 -0.220742 2.078000 -0.002528 0.220742 0.975329 0.000000 0.000000 0.000000 0.000000 1.000000
0.999739 0.022715 -0.002550 0.000000 -0.022715 0.974861 -0.221653 2.078000 -0.002549 0.221653 0.975122 0.000000 0.000000 0.000000 0.000000 1.000000
0.999737 0.022809 -0.002571 0.000000 -0.022809 0.974651 -0.222564 2.078000 -0.002571 0.222564 0.974915 0.000000 0.000000 0.000000 0.000000 1.000000
0.999734 0.022902 -0.002592 0.000000 -0.022902 0.974440 -0.223476 2.078000 -0.002592 0.223476 0.974706 0.000000 0.000000 0.000000 0.000000 1.000000
0.999732 0.022996 -0.002614 0.000000 -0.022996 0.974228 -0.224391 2.078000 -0.002614 0.224391 0.974496 -0.000000 0.000000 0.000000 0.000000 1.000000
0.999730 0.023090 -0.002635 0.000000 -0.023090 0.974013 -0.225312 2.078000 -0.002636 0.225312 0.974283 -0.000000 0.000000 0.000000 0.000000 1.000000
0.999728 0.023185 -0.002657 0.000000 -0.023185 0.973797 -0.226235 2.078000 -0.002658 0.226235 0.974069 0.000000 0.000000 0.000000 0.000000 1.000000
0.999725 0.023280 -0.002679 -0.000000 -0.023280 0.973580 -0.227158 2.078000 -0.002679 0.227158 0.973854 0.000000 0.000000 0.000000 0.000000 1.000000
0.999723 0.023374 -0.002702 0.000000 -0.023374 0.973361 -0.228082 2.078000 -0.002702 0.228082 0.973638 0.000000 0.000000 0.000000 0.000000 1.000000
0.999721 0.023469 -0.002724 -0.000000 -0.023469 0.973142 -0.229006 2.078000 -0.002724 0.229006 0.973421 0.000000 0.000000 0.000000 0.000000 1.000000
0.999719 0.023563 -0.002746 0.000000 -0.023563 0.972922 -0.229930 2.078000 -0.002746 0.229930 0.973203 0.000000 0.000000 0.000000 0.000000 1.000000
0.999716 0.023658 -0.002769 0.000000 -0.023658 0.972701 -0.230854 2.078000 -0.002769 0.230854 0.972984 -0.000000 0.000000 0.000000 0.000000 1.000000
0.999714 0.023753 -0.002791 -0.000000 -0.023753 0.972479 -0.231779 2.078000 -0.002791 0.231779 0.972765 0.000000 0.000000 0.000000 0.000000 1.000000
0.999712 0.023848 -0.002814 0.000000 -0.023848 0.972255 -0.232704 2.078000 -0.002814 0.232704 0.972544 0.000000 0.000000 0.000000 0.000000 1.000000
0.999709 0.023943 -0.002836 0.000000 -0.023943 0.972031 -0.233628 2.078000 -0.002837 0.233628 0.972322 0.000000 0.000000 0.000000 0.000000 1.000000
0.999707 0.024037 -0.002859 0.000000 -0.024037 0.971806 -0.234553 2.078000 -0.002859 0.234553 0.972099 -0.000000 0.000000 0.000000 0.000000 1.000000
0.999705 0.024132 -0.002882 0.000000 -0.024132 0.971580 -0.235479 2.078000 -0.002882 0.235479 0.971875 0.000000 0.000000 0.000000 0.000000 1.000000
0.999702 0.024227 -0.002905 -0.000000 -0.024227 0.971353 -0.236404 2.078000 -0.002905 0.236404 0.971650 0.000000 0.000000 0.000000 0.000000 1.000000
0.999700 0.024322 -0.002928 0.000000 -0.024322 0.971125 -0.237330 2.078000 -0.002928 0.237330 0.971425 0.000000 0.000000 0.000000 0.000000 1.000000
0.999698 0.024417 -0.002952 -0.000000 -0.024417 0.970895 -0.238256 2.078000 -0.002952 0.238256 0.971198 -0.000000 0.000000 0.000000 0.000000 1.000000
0.999695 0.024512 -0.002975 0.000000 -0.024512 0.970665 -0.239182 2.078000 -0.002975 0.239182 0.970970 0.000000 0.000000 0.000000 0.000000 1.000000
0.999693 0.024607 -0.002998 0.000000 -0.024607 0.970434 -0.240109 2.078000 -0.002999 0.240109 0.970741 0.000000 0.000000 0.000000 0.000000 1.000000</float_array>
        <technique_common>
          <accessor source="#mixamorig_LeftHandRing3-Matrix-animation-output-transform-array" count="35" stride="16">
            <param type="float4x4"/>
          </accessor>
        </technique_common>
      </source>
      <source id="mixamorig_LeftHandRing3-Interpolations">
        <Name_array id="mixamorig_LeftHandRing3-Interpolations-array" count="35">
 LINEAR LINEAR LINEAR LINEAR LINEAR LINEAR LINEAR LINEAR LINEAR LINEAR LINEAR
LINEAR LINEAR LINEAR LINEAR LINEAR LINEAR LINEAR LINEAR LINEAR LINEAR LINEAR LINEAR
LINEAR LINEAR LINEAR LINEAR LINEAR LINEAR LINEAR LINEAR LINEAR LINEAR LINEAR LINEAR</Name_array>
        <technique_common>
          <accessor source="#mixamorig_LeftHandRing3-Interpolations-array" count="35">
            <param type="name"/>
          </accessor>
        </technique_common>
      </source>
      <sampler id="mixamorig_LeftHandRing3-Matrix-animation-transform">
        <input semantic="INPUT" source="#mixamorig_LeftHandRing3-Matrix-animation-input"/>
        <input semantic="OUTPUT" source="#mixamorig_LeftHandRing3-Matrix-animation-output-transform"/>
        <input semantic="INTERPOLATION" source="#mixamorig_LeftHandRing3-Interpolations"/>
      </sampler>
      <channel source="#mixamorig_LeftHandRing3-Matrix-animation-transform" target="mixamorig_LeftHandRing3/matrix"/>
    </animation>
    <animation id="mixamorig_LeftHandPinky1-anim" name="mixamorig_LeftHandPinky1">
      <source id="mixamorig_LeftHandPinky1-Matrix-animation-input">
        <float_array id="mixamorig_LeftHandPinky1-Matrix-animation-input-array" count="35">

0.000000 0.033333 0.066667 0.100000 0.133333 0.166667 0.200000 0.233333 0.266667 0.300000 0.333333 0.366667 0.400000 0.433333 0.466667 0.500000
0.533333 0.566667 0.600000 0.633333 0.666667 0.700000 0.733333 0.766667 0.800000 0.833333 0.866667 0.900000 0.933333 0.966667 1.000000 1.033333
1.066667 1.100000 1.133333</float_array>
        <technique_common>
          <accessor source="#mixamorig_LeftHandPinky1-Matrix-animation-input-array" count="35">
            <param name="TIME" type="float"/>
          </accessor>
        </technique_common>
      </source>
      <source id="mixamorig_LeftHandPinky1-Matrix-animation-output-transform">
        <float_array id="mixamorig_LeftHandPinky1-Matrix-animation-output-transform-array" count="560">

0.997784 0.065299 -0.012762 5.659100 -0.066452 0.968505 -0.239964 11.531700 -0.003309 0.240281 0.970698 0.354400 0.000000 0.000000 0.000000 1.000000
0.997779 0.065368 -0.012806 5.659100 -0.066528 0.968408 -0.240332 11.531700 -0.003309 0.240650 0.970606 0.354400 0.000000 0.000000 0.000000 1.000000
0.997774 0.065436 -0.012849 5.659100 -0.066603 0.968312 -0.240700 11.531700 -0.003308 0.241020 0.970514 0.354400 0.000000 0.000000 0.000000 1.000000
0.997769 0.065504 -0.012893 5.659100 -0.066678 0.968214 -0.241070 11.531700 -0.003308 0.241392 0.970422 0.354400 0.000000 0.000000 0.000000 1.000000
0.997764 0.065570 -0.012937 5.659100 -0.066752 0.968117 -0.241441 11.531700 -0.003307 0.241765 0.970329 0.354400 0.000000 0.000000 0.000000 1.000000
0.997759 0.065635 -0.012981 5.659100 -0.066825 0.968019 -0.241814 11.531700 -0.003306 0.242140 0.970236 0.354400 0.000000 0.000000 0.000000 1.000000
0.997754 0.065702 -0.013025 5.659100 -0.066899 0.967920 -0.242188 11.531700 -0.003305 0.242515 0.970142 0.354400 0.000000 0.000000 0.000000 1.000000
0.997749 0.065767 -0.013069 5.659100 -0.066971 0.967821 -0.242563 11.531700 -0.003305 0.242892 0.970048 0.354400 0.000000 0.000000 0.000000 1.000000
0.997745 0.065828 -0.013113 5.659100 -0.067040 0.967722 -0.242939 11.531700 -0.003302 0.243271 0.969953 0.354400 0.000000 0.000000 0.000000 1.000000
0.997741 0.065882 -0.013157 5.659100 -0.067102 0.967623 -0.243318 11.531700 -0.003299 0.243651 0.969857 0.354400 0.000000 0.000000 0.000000 1.000000
0.997737 0.065932 -0.013201 5.659100 -0.067160 0.967523 -0.243699 11.531700 -0.003295 0.244034 0.969761 0.354400 0.000000 0.000000 0.000000 1.000000
0.997733 0.065981 -0.013245 5.659100 -0.067216 0.967423 -0.244081 11.531700 -0.003291 0.244418 0.969664 0.354400 0.000000 0.000000 0.000000 1.000000
0.997729 0.066029 -0.013290 5.659100 -0.067273 0.967322 -0.244464 11.531700 -0.003286 0.244803 0.969567 0.354400 0.000000 0.000000 0.000000 1.000000
0.997725 0.066076 -0.013334 5.659100 -0.067328 0.967221 -0.244848 11.531700 -0.003282 0.245189 0.969470 0.354400 0.000000 0.000000 0.000000 1.000000
0.997722 0.066123 -0.013378 5.659100 -0.067383 0.967119 -0.245235 11.531700 -0.003277 0.245578 0.969371 0.354400 0.000000 0.000000 0.000000 1.000000
0.997718 0.066169 -0.013423 5.659100 -0.067438 0.967017 -0.245623 11.531700 -0.003273 0.245967 0.969273 0.354400 0.000000 0.000000 0.000000 1.000000
0.997715 0.066214 -0.013468 5.659100 -0.067491 0.966914 -0.246012 11.531700 -0.003267 0.246358 0.969173 0.354400 0.000000 0.000000 0.000000 1.000000
0.997711 0.066259 -0.013512 5.659100 -0.067544 0.966811 -0.246403 11.531700 -0.003262 0.246751 0.969073 0.354400 0.000000 0.000000 0.000000 1.000000
0.997707 0.066303 -0.013557 5.659100 -0.067597 0.966707 -0.246795 11.531700 -0.003257 0.247146 0.968973 0.354400 0.000000 0.000000 0.000000 1.000000
0.997704 0.066346 -0.013602 5.659100 -0.067648 0.966603 -0.247188 11.531700 -0.003252 0.247541 0.968872 0.354400 0.000000 0.000000 0.000000 1.000000
0.997700 0.066389 -0.013647 5.659100 -0.067700 0.966499 -0.247583 11.531700 -0.003247 0.247937 0.968771 0.354400 0.000000 0.000000 0.000000 1.000000
0.997697 0.066431 -0.013693 5.659100 -0.067750 0.966393 -0.247980 11.531700 -0.003241 0.248337 0.968668 0.354400 0.000000 0.000000 0.000000 1.000000
0.997694 0.066473 -0.013738 5.659100 -0.067801 0.966287 -0.248379 11.531700 -0.003236 0.248737 0.968566 0.354400 0.000000 0.000000 0.000000 1.000000
0.997690 0.066514 -0.013784 5.659100 -0.067851 0.966181 -0.248778 11.531700 -0.003230 0.249138 0.968463 0.354400 0.000000 0.000000 0.000000 1.000000
0.997687 0.066555 -0.013829 5.659100 -0.067900 0.966074 -0.249179 11.531700 -0.003224 0.249542 0.968359 0.354400 0.000000 0.000000 0.000000 1.000000
0.997684 0.066595 -0.013875 5.659100 -0.067949 0.965967 -0.249583 11.531700 -0.003219 0.249948 0.968254 0.354400 0.000000 0.000000 0.000000 1.000000
0.997680 0.066635 -0.013921 5.659100 -0.067998 0.965858 -0.249988 11.531700 -0.003213 0.250354 0.968149 0.354400 0.000000 0.000000 0.000000 1.000000
0.997677 0.066675 -0.013966 5.659100 -0.068046 0.965750 -0.250393 11.531700 -0.003207 0.250762 0.968043 0.354400 0.000000 0.000000 0.000000 1.000000
0.997674 0.066714 -0.014012 5.659100 -0.068094 0.965641 -0.250801 11.531700 -0.003201 0.251172 0.967937 0.354400 0.000000 0.000000 0.000000 1.000000
0.997671 0.066752 -0.014058 5.659100 -0.068142 0.965531 -0.251209 11.531700 -0.003195 0.251581 0.967831 0.354400 0.000000 0.000000 0.000000 1.000000
0.997667 0.066790 -0.014104 5.659100 -0.068189 0.965422 -0.251616 11.531700 -0.003189 0.251991 0.967724 0.354400 0.000000 0.000000 0.000000 1.000000
0.997664 0.066828 -0.014151 5.659100 -0.068235 0.965312 -0.252027 11.531700 -0.003183 0.252404 0.967617 0.354400 0.000000 0.000000 0.000000 1.000000
0.997661 0.066866 -0.014197 5.659100 -0.068283 0.965199 -0.252446 11.531700 -0.003177 0.252825 0.967507 0.354400 0.000000 0.000000 0.000000 1.000000
0.997658 0.066904 -0.014244 5.659100 -0.068330 0.965085 -0.252869 11.531700 -0.003171 0.253250 0.967396 0.354400 0.000000 0.000000 0.000000 1.000000
0.997654 0.066942 -0.014292 5.659100 -0.068378 0.964970 -0.253293 11.531700 -0.003165 0.253676 0.967284 0.354400 0.000000 0.000000 0.000000 1.000000</float_array>
        <technique_common>
          <accessor source="#mixamorig_LeftHandPinky1-Matrix-animation-output-transform-array" count="35" stride="16">
            <param type="float4x4"/>
          </accessor>
        </technique_common>
      </source>
      <source id="mixamorig_LeftHandPinky1-Interpolations">
        <Name_array id="mixamorig_LeftHandPinky1-Interpolations-array" count="35">
 LINEAR LINEAR LINEAR LINEAR LINEAR LINEAR LINEAR LINEAR LINEAR LINEAR LINEAR
LINEAR LINEAR LINEAR LINEAR LINEAR LINEAR LINEAR LINEAR LINEAR LINEAR LINEAR LINEAR
LINEAR LINEAR LINEAR LINEAR LINEAR LINEAR LINEAR LINEAR LINEAR LINEAR LINEAR LINEAR</Name_array>
        <technique_common>
          <accessor source="#mixamorig_LeftHandPinky1-Interpolations-array" count="35">
            <param type="name"/>
          </accessor>
        </technique_common>
      </source>
      <sampler id="mixamorig_LeftHandPinky1-Matrix-animation-transform">
        <input semantic="INPUT" source="#mixamorig_LeftHandPinky1-Matrix-animation-input"/>
        <input semantic="OUTPUT" source="#mixamorig_LeftHandPinky1-Matrix-animation-output-transform"/>
        <input semantic="INTERPOLATION" source="#mixamorig_LeftHandPinky1-Interpolations"/>
      </sampler>
      <channel source="#mixamorig_LeftHandPinky1-Matrix-animation-transform" target="mixamorig_LeftHandPinky1/matrix"/>
    </animation>
    <animation id="mixamorig_LeftHandPinky2-anim" name="mixamorig_LeftHandPinky2">
      <source id="mixamorig_LeftHandPinky2-Matrix-animation-input">
        <float_array id="mixamorig_LeftHandPinky2-Matrix-animation-input-array" count="35">

0.000000 0.033333 0.066667 0.100000 0.133333 0.166667 0.200000 0.233333 0.266667 0.300000 0.333333 0.366667 0.400000 0.433333 0.466667 0.500000
0.533333 0.566667 0.600000 0.633333 0.666667 0.700000 0.733333 0.766667 0.800000 0.833333 0.866667 0.900000 0.933333 0.966667 1.000000 1.033333
1.066667 1.100000 1.133333</float_array>
        <technique_common>
          <accessor source="#mixamorig_LeftHandPinky2-Matrix-animation-input-array" count="35">
            <param name="TIME" type="float"/>
          </accessor>
        </technique_common>
      </source>
      <source id="mixamorig_LeftHandPinky2-Matrix-animation-output-transform">
        <float_array id="mixamorig_LeftHandPinky2-Matrix-animation-output-transform-array" count="560">

0.998991 0.043817 -0.009845 -0.000000 -0.043817 0.902925 -0.427559 2.643100 -0.009845 0.427559 0.903934 0.000000 0.000000 0.000000 0.000000 1.000000
0.998991 0.043815 -0.009844 -0.000000 -0.043815 0.902934 -0.427540 2.643100 -0.009844 0.427540 0.903943 0.000000 0.000000 0.000000 0.000000 1.000000
0.998991 0.043813 -0.009843 0.000000 -0.043813 0.902942 -0.427523 2.643100 -0.009843 0.427523 0.903951 0.000000 0.000000 0.000000 0.000000 1.000000
0.998991 0.043812 -0.009842 -0.000000 -0.043812 0.902949 -0.427508 2.643100 -0.009842 0.427508 0.903958 0.000000 0.000000 0.000000 0.000000 1.000000
0.998991 0.043810 -0.009842 0.000000 -0.043810 0.902956 -0.427494 2.643100 -0.009842 0.427494 0.903964 0.000000 0.000000 0.000000 0.000000 1.000000
0.998991 0.043809 -0.009841 -0.000000 -0.043809 0.902961 -0.427483 2.643100 -0.009841 0.427483 0.903970 0.000000 0.000000 0.000000 0.000000 1.000000
0.998992 0.043808 -0.009841 0.000000 -0.043808 0.902965 -0.427474 2.643100 -0.009841 0.427474 0.903974 0.000000 0.000000 0.000000 0.000000 1.000000
0.998992 0.043807 -0.009841 -0.000000 -0.043807 0.902969 -0.427467 2.643100 -0.009840 0.427467 0.903977 0.000000 0.000000 0.000000 0.000000 1.000000
0.998992 0.043807 -0.009840 0.000000 -0.043807 0.902972 -0.427461 2.643100 -0.009840 0.427461 0.903980 0.000000 0.000000 0.000000 0.000000 1.000000
0.998992 0.043806 -0.009840 0.000000 -0.043806 0.902974 -0.427456 2.643100 -0.009840 0.427456 0.903982 0.000000 0.000000 0.000000 0.000000 1.000000
0.998992 0.043806 -0.009840 0.000000 -0.043806 0.902976 -0.427453 2.643100 -0.009840 0.427453 0.903984 0.000000 0.000000 0.000000 0.000000 1.000000
0.998992 0.043806 -0.009840 0.000000 -0.043806 0.902976 -0.427451 2.643100 -0.009840 0.427451 0.903985 0.000000 0.000000 0.000000 0.000000 1.000000
0.998992 0.043806 -0.009840 0.000000 -0.043806 0.902977 -0.427451 2.643100 -0.009840 0.427451 0.903985 0.000000 0.000000 0.000000 0.000000 1.000000
0.998992 0.043806 -0.009840 0.000000 -0.043806 0.902976 -0.427451 2.643100 -0.009840 0.427451 0.903985 0.000000 0.000000 0.000000 0.000000 1.000000
0.998992 0.043806 -0.009840 0.000000 -0.043806 0.902976 -0.427452 2.643100 -0.009840 0.427452 0.903984 0.000000 0.000000 0.000000 0.000000 1.000000
0.998992 0.043806 -0.009840 0.000000 -0.043806 0.902975 -0.427455 2.643100 -0.009840 0.427455 0.903983 0.000000 0.000000 0.000000 0.000000 1.000000
0.998992 0.043806 -0.009840 0.000000 -0.043806 0.902973 -0.427458 2.643100 -0.009840 0.427458 0.903982 -0.000000 0.000000 0.000000 0.000000 1.000000
0.998992 0.043807 -0.009840 0.000000 -0.043807 0.902972 -0.427461 2.643100 -0.009840 0.427461 0.903980 0.000000 0.000000 0.000000 0.000000 1.000000
0.998992 0.043807 -0.009840 -0.000000 -0.043807 0.902970 -0.427465 2.643100 -0.009840 0.427465 0.903978 0.000000 0.000000 0.000000 0.000000 1.000000
0.998992 0.043808 -0.009841 0.000000 -0.043808 0.902968 -0.427470 2.643100 -0.009841 0.427470 0.903976 0.000000 0.000000 0.000000 0.000000 1.000000
0.998991 0.043808 -0.009841 -0.000000 -0.043808 0.902965 -0.427475 2.643100 -0.009841 0.427475 0.903974 0.000000 0.000000 0.000000 0.000000 1.000000
0.998991 0.043809 -0.009841 -0.000000 -0.043809 0.902963 -0.427480 2.643100 -0.009841 0.427480 0.903971 0.000000 0.000000 0.000000 0.000000 1.000000
0.998991 0.043809 -0.009841 0.000000 -0.043809 0.902960 -0.427485 2.643100 -0.009841 0.427485 0.903969 0.000000 0.000000 0.000000 0.000000 1.000000
0.998991 0.043810 -0.009842 -0.000000 -0.043810 0.902958 -0.427490 2.643100 -0.009842 0.427490 0.903966 0.000000 0.000000 0.000000 0.000000 1.000000
0.998991 0.043810 -0.009842 0.000000 -0.043810 0.902956 -0.427495 2.643100 -0.009842 0.427495 0.903964 -0.000000 0.000000 0.000000 0.000000 1.000000
0.998991 0.043811 -0.009842 -0.000000 -0.043811 0.902953 -0.427500 2.643100 -0.009842 0.427500 0.903962 0.000000 0.000000 0.000000 0.000000 1.000000
0.998991 0.043812 -0.009843 0.000000 -0.043812 0.902948 -0.427512 2.643100 -0.009843 0.427512 0.903956 0.000000 0.000000 0.000000 0.000000 1.000000
0.998991 0.043813 -0.009843 0.000000 -0.043813 0.902941 -0.427525 2.643100 -0.009843 0.427525 0.903950 -0.000000 0.000000 0.000000 0.000000 1.000000
0.998991 0.043815 -0.009844 -0.000000 -0.043815 0.902935 -0.427538 2.643100 -0.009844 0.427538 0.903944 0.000000 0.000000 0.000000 0.000000 1.000000
0.998991 0.043816 -0.009845 0.000000 -0.043816 0.902928 -0.427552 2.643100 -0.009844 0.427552 0.903937 0.000000 0.000000 0.000000 0.000000 1.000000
0.998991 0.043817 -0.009845 0.000000 -0.043817 0.902922 -0.427565 2.643100 -0.009845 0.427565 0.903931 0.000000 0.000000 0.000000 0.000000 1.000000
0.998991 0.043819 -0.009846 0.000000 -0.043819 0.902915 -0.427580 2.643100 -0.009846 0.427580 0.903924 0.000000 0.000000 0.000000 0.000000 1.000000
0.998991 0.043820 -0.009846 -0.000000 -0.043820 0.902908 -0.427594 2.643100 -0.009847 0.427594 0.903917 0.000000 0.000000 0.000000 0.000000 1.000000
0.998991 0.043822 -0.009847 -0.000000 -0.043822 0.902901 -0.427608 2.643100 -0.009847 0.427608 0.903911 0.000000 0.000000 0.000000 0.000000 1.000000
0.998991 0.043823 -0.009848 0.000000 -0.043823 0.902894 -0.427623 2.643100 -0.009848 0.427623 0.903904 -0.000000 0.000000 0.000000 0.000000 1.000000</float_array>
        <technique_common>
          <accessor source="#mixamorig_LeftHandPinky2-Matrix-animation-output-transform-array" count="35" stride="16">
            <param type="float4x4"/>
          </accessor>
        </technique_common>
      </source>
      <source id="mixamorig_LeftHandPinky2-Interpolations">
        <Name_array id="mixamorig_LeftHandPinky2-Interpolations-array" count="35">
 LINEAR LINEAR LINEAR LINEAR LINEAR LINEAR LINEAR LINEAR LINEAR LINEAR LINEAR
LINEAR LINEAR LINEAR LINEAR LINEAR LINEAR LINEAR LINEAR LINEAR LINEAR LINEAR LINEAR
LINEAR LINEAR LINEAR LINEAR LINEAR LINEAR LINEAR LINEAR LINEAR LINEAR LINEAR LINEAR</Name_array>
        <technique_common>
          <accessor source="#mixamorig_LeftHandPinky2-Interpolations-array" count="35">
            <param type="name"/>
          </accessor>
        </technique_common>
      </source>
      <sampler id="mixamorig_LeftHandPinky2-Matrix-animation-transform">
        <input semantic="INPUT" source="#mixamorig_LeftHandPinky2-Matrix-animation-input"/>
        <input semantic="OUTPUT" source="#mixamorig_LeftHandPinky2-Matrix-animation-output-transform"/>
        <input semantic="INTERPOLATION" source="#mixamorig_LeftHandPinky2-Interpolations"/>
      </sampler>
      <channel source="#mixamorig_LeftHandPinky2-Matrix-animation-transform" target="mixamorig_LeftHandPinky2/matrix"/>
    </animation>
    <animation id="mixamorig_LeftHandPinky3-anim" name="mixamorig_LeftHandPinky3">
      <source id="mixamorig_LeftHandPinky3-Matrix-animation-input">
        <float_array id="mixamorig_LeftHandPinky3-Matrix-animation-input-array" count="35">

0.000000 0.033333 0.066667 0.100000 0.133333 0.166667 0.200000 0.233333 0.266667 0.300000 0.333333 0.366667 0.400000 0.433333 0.466667 0.500000
0.533333 0.566667 0.600000 0.633333 0.666667 0.700000 0.733333 0.766667 0.800000 0.833333 0.866667 0.900000 0.933333 0.966667 1.000000 1.033333
1.066667 1.100000 1.133333</float_array>
        <technique_common>
          <accessor source="#mixamorig_LeftHandPinky3-Matrix-animation-input-array" count="35">
            <param name="TIME" type="float"/>
          </accessor>
        </technique_common>
      </source>
      <source id="mixamorig_LeftHandPinky3-Matrix-animation-output-transform">
        <float_array id="mixamorig_LeftHandPinky3-Matrix-animation-output-transform-array" count="560">

0.999694 0.024563 -0.002988 -0.000000 -0.024563 0.970540 -0.239683 2.080800 -0.002988 0.239683 0.970847 0.000000 0.000000 0.000000 0.000000 1.000000
0.999689 0.024736 -0.003030 0.000000 -0.024736 0.970118 -0.241368 2.080800 -0.003030 0.241368 0.970429 0.000000 0.000000 0.000000 0.000000 1.000000
0.999685 0.024908 -0.003074 0.000000 -0.024908 0.969693 -0.243053 2.080800 -0.003074 0.243053 0.970008 0.000000 0.000000 0.000000 0.000000 1.000000
0.999681 0.025081 -0.003117 0.000000 -0.025081 0.969265 -0.244738 2.080800 -0.003117 0.244738 0.969584 0.000000 0.000000 0.000000 0.000000 1.000000
0.999676 0.025254 -0.003161 -0.000000 -0.025254 0.968833 -0.246424 2.080800 -0.003161 0.246424 0.969157 0.000000 0.000000 0.000000 0.000000 1.000000
0.999672 0.025427 -0.003205 0.000000 -0.025427 0.968398 -0.248109 2.080800 -0.003205 0.248109 0.968727 0.000000 0.000000 0.000000 0.000000 1.000000
0.999667 0.025599 -0.003249 -0.000000 -0.025599 0.967960 -0.249795 2.080800 -0.003250 0.249795 0.968293 0.000000 0.000000 0.000000 0.000000 1.000000
0.999662 0.025772 -0.003294 0.000000 -0.025772 0.967519 -0.251482 2.080800 -0.003294 0.251482 0.967856 -0.000000 0.000000 0.000000 0.000000 1.000000
0.999658 0.025945 -0.003339 -0.000000 -0.025945 0.967074 -0.253168 2.080800 -0.003339 0.253168 0.967417 0.000000 0.000000 0.000000 0.000000 1.000000
0.999653 0.026118 -0.003384 -0.000000 -0.026118 0.966627 -0.254855 2.080800 -0.003385 0.254855 0.966973 0.000000 0.000000 0.000000 0.000000 1.000000
0.999648 0.026291 -0.003430 -0.000000 -0.026291 0.966176 -0.256541 2.080800 -0.003430 0.256541 0.966527 -0.000000 0.000000 0.000000 0.000000 1.000000
0.999644 0.026464 -0.003476 -0.000000 -0.026463 0.965721 -0.258229 2.080800 -0.003477 0.258229 0.966078 -0.000000 0.000000 0.000000 0.000000 1.000000
0.999639 0.026636 -0.003523 -0.000000 -0.026636 0.965264 -0.259916 2.080800 -0.003523 0.259916 0.965625 0.000000 0.000000 0.000000 0.000000 1.000000
0.999634 0.026809 -0.003570 0.000000 -0.026809 0.964803 -0.261604 2.080800 -0.003569 0.261604 0.965169 0.000000 0.000000 0.000000 0.000000 1.000000
0.999629 0.026983 -0.003617 0.000000 -0.026983 0.964339 -0.263291 2.080800 -0.003617 0.263291 0.964710 0.000000 0.000000 0.000000 0.000000 1.000000
0.999625 0.027155 -0.003664 0.000000 -0.027155 0.963871 -0.264980 2.080800 -0.003664 0.264980 0.964247 -0.000000 0.000000 0.000000 0.000000 1.000000
0.999620 0.027328 -0.003712 0.000000 -0.027328 0.963401 -0.266669 2.080800 -0.003712 0.266669 0.963781 0.000000 0.000000 0.000000 0.000000 1.000000
0.999615 0.027501 -0.003760 0.000000 -0.027501 0.962927 -0.268357 2.080800 -0.003759 0.268357 0.963312 -0.000000 0.000000 0.000000 0.000000 1.000000
0.999610 0.027675 -0.003808 -0.000000 -0.027675 0.962450 -0.270046 2.080800 -0.003808 0.270046 0.962840 0.000000 0.000000 0.000000 0.000000 1.000000
0.999605 0.027848 -0.003857 -0.000000 -0.027848 0.961969 -0.271736 2.080800 -0.003857 0.271736 0.962364 -0.000000 0.000000 0.000000 0.000000 1.000000
0.999600 0.028021 -0.003906 -0.000000 -0.028021 0.961485 -0.273426 2.080800 -0.003906 0.273426 0.961885 -0.000000 0.000000 0.000000 0.000000 1.000000
0.999595 0.028194 -0.003955 0.000000 -0.028194 0.960998 -0.275116 2.080800 -0.003956 0.275116 0.961403 -0.000000 0.000000 0.000000 0.000000 1.000000
0.999590 0.028367 -0.004005 0.000000 -0.028367 0.960507 -0.276806 2.080800 -0.004005 0.276806 0.960917 0.000000 0.000000 0.000000 0.000000 1.000000
0.999584 0.028541 -0.004055 -0.000000 -0.028541 0.960013 -0.278496 2.080800 -0.004055 0.278496 0.960429 0.000000 0.000000 0.000000 0.000000 1.000000
0.999579 0.028714 -0.004106 0.000000 -0.028714 0.959516 -0.280188 2.080800 -0.004106 0.280188 0.959936 0.000000 0.000000 0.000000 0.000000 1.000000
0.999574 0.028887 -0.004157 0.000000 -0.028887 0.959015 -0.281879 2.080800 -0.004156 0.281879 0.959441 0.000000 0.000000 0.000000 0.000000 1.000000
0.999569 0.029061 -0.004207 0.000000 -0.029061 0.958511 -0.283572 2.080800 -0.004208 0.283572 0.958942 0.000000 0.000000 0.000000 0.000000 1.000000
0.999564 0.029234 -0.004259 0.000000 -0.029234 0.958002 -0.285266 2.080800 -0.004259 0.285266 0.958439 -0.000000 0.000000 0.000000 0.000000 1.000000
0.999558 0.029408 -0.004311 0.000000 -0.029408 0.957489 -0.286965 2.080800 -0.004311 0.286965 0.957931 -0.000000 0.000000 0.000000 0.000000 1.000000
0.999553 0.029583 -0.004364 0.000000 -0.029583 0.956972 -0.288667 2.080800 -0.004364 0.288667 0.957420 0.000000 0.000000 0.000000 0.000000 1.000000
0.999547 0.029757 -0.004417 -0.000000 -0.029757 0.956452 -0.290369 2.080800 -0.004416 0.290369 0.956905 0.000000 0.000000 0.000000 0.000000 1.000000
0.999542 0.029932 -0.004470 -0.000000 -0.029932 0.955928 -0.292072 2.080800 -0.004470 0.292072 0.956386 0.000000 0.000000 0.000000 0.000000 1.000000
0.999536 0.030106 -0.004523 0.000000 -0.030106 0.955401 -0.293774 2.080800 -0.004523 0.293774 0.955864 0.000000 0.000000 0.000000 0.000000 1.000000
0.999531 0.030281 -0.004577 0.000000 -0.030281 0.954870 -0.295477 2.080800 -0.004577 0.295477 0.955339 0.000000 0.000000 0.000000 0.000000 1.000000
0.999525 0.030455 -0.004631 0.000000 -0.030455 0.954336 -0.297180 2.080800 -0.004631 0.297180 0.954810 0.000000 0.000000 0.000000 0.000000 1.000000</float_array>
        <technique_common>
          <accessor source="#mixamorig_LeftHandPinky3-Matrix-animation-output-transform-array" count="35" stride="16">
            <param type="float4x4"/>
          </accessor>
        </technique_common>
      </source>
      <source id="mixamorig_LeftHandPinky3-Interpolations">
        <Name_array id="mixamorig_LeftHandPinky3-Interpolations-array" count="35">
 LINEAR LINEAR LINEAR LINEAR LINEAR LINEAR LINEAR LINEAR LINEAR LINEAR LINEAR
LINEAR LINEAR LINEAR LINEAR LINEAR LINEAR LINEAR LINEAR LINEAR LINEAR LINEAR LINEAR
LINEAR LINEAR LINEAR LINEAR LINEAR LINEAR LINEAR LINEAR LINEAR LINEAR LINEAR LINEAR</Name_array>
        <technique_common>
          <accessor source="#mixamorig_LeftHandPinky3-Interpolations-array" count="35">
            <param type="name"/>
          </accessor>
        </technique_common>
      </source>
      <sampler id="mixamorig_LeftHandPinky3-Matrix-animation-transform">
        <input semantic="INPUT" source="#mixamorig_LeftHandPinky3-Matrix-animation-input"/>
        <input semantic="OUTPUT" source="#mixamorig_LeftHandPinky3-Matrix-animation-output-transform"/>
        <input semantic="INTERPOLATION" source="#mixamorig_LeftHandPinky3-Interpolations"/>
      </sampler>
      <channel source="#mixamorig_LeftHandPinky3-Matrix-animation-transform" target="mixamorig_LeftHandPinky3/matrix"/>
    </animation>
    <animation id="mixamorig_RightShoulder-anim" name="mixamorig_RightShoulder">
      <source id="mixamorig_RightShoulder-Matrix-animation-input">
        <float_array id="mixamorig_RightShoulder-Matrix-animation-input-array" count="35">

0.000000 0.033333 0.066667 0.100000 0.133333 0.166667 0.200000 0.233333 0.266667 0.300000 0.333333 0.366667 0.400000 0.433333 0.466667 0.500000
0.533333 0.566667 0.600000 0.633333 0.666667 0.700000 0.733333 0.766667 0.800000 0.833333 0.866667 0.900000 0.933333 0.966667 1.000000 1.033333
1.066667 1.100000 1.133333</float_array>
        <technique_common>
          <accessor source="#mixamorig_RightShoulder-Matrix-animation-input-array" count="35">
            <param name="TIME" type="float"/>
          </accessor>
        </technique_common>
      </source>
      <source id="mixamorig_RightShoulder-Matrix-animation-output-transform">
        <float_array id="mixamorig_RightShoulder-Matrix-animation-output-transform-array" count="560">

0.415160 -0.872822 -0.256563 -8.163700 0.570534 0.469458 -0.673869 27.406200 0.708613 0.133386 0.692875 -9.892500 0.000000 0.000000 0.000000 1.000000
0.406507 -0.876455 -0.258030 -8.163700 0.560261 0.462214 -0.687362 27.406200 0.721706 0.134853 0.678936 -9.892500 0.000000 0.000000 0.000000 1.000000
0.398403 -0.880289 -0.257617 -8.163700 0.546097 0.453318 -0.704472 27.406200 0.736921 0.139980 0.661327 -9.892500 0.000000 0.000000 0.000000 1.000000
0.390544 -0.884478 -0.255293 -8.163700 0.528340 0.442447 -0.724637 27.406200 0.753879 0.148121 0.640099 -9.892500 0.000000 0.000000 0.000000 1.000000
0.382623 -0.889146 -0.251035 -8.163700 0.507272 0.429269 -0.747264 27.406200 0.772188 0.158577 0.615287 -9.892500 0.000000 0.000000 0.000000 1.000000
0.371915 -0.896068 -0.242367 -8.163700 0.484335 0.410059 -0.772833 27.406200 0.791896 0.170041 0.586504 -9.892500 0.000000 0.000000 0.000000 1.000000
0.353727 -0.907892 -0.224963 -8.163700 0.460984 0.378490 -0.802645 27.406200 0.813861 0.180213 0.552406 -9.892500 0.000000 0.000000 0.000000 1.000000
0.332890 -0.920520 -0.204515 -8.163700 0.433828 0.342075 -0.833533 27.406200 0.837244 0.188751 0.513221 -9.892500 0.000000 0.000000 0.000000 1.000000
0.314793 -0.930426 -0.187651 -8.163700 0.400795 0.309514 -0.862302 27.406200 0.860388 0.196237 0.470343 -9.892500 0.000000 0.000000 0.000000 1.000000
0.294973 -0.940217 -0.170243 -8.163700 0.363595 0.275216 -0.889975 27.406200 0.883623 0.200619 0.423040 -9.892500 0.000000 0.000000 0.000000 1.000000
0.271834 -0.950487 -0.150602 -8.163700 0.322685 0.237461 -0.916235 27.406200 0.906632 0.200467 0.371258 -9.892500 0.000000 0.000000 0.000000 1.000000
0.253691 -0.957619 -0.136408 -8.163700 0.287447 0.209286 -0.934652 27.406200 0.923588 0.197903 0.328358 -9.892500 0.000000 0.000000 0.000000 1.000000
0.241650 -0.961854 -0.128229 -8.163700 0.260098 0.191514 -0.946399 27.406200 0.934855 0.195345 0.296456 -9.892500 0.000000 0.000000 0.000000 1.000000
0.231697 -0.964959 -0.123169 -8.163700 0.232141 0.177803 -0.956293 27.406200 0.944684 0.192977 0.265203 -9.892500 0.000000 0.000000 0.000000 1.000000
0.224626 -0.966747 -0.122240 -8.163700 0.204032 0.169326 -0.964209 27.406200 0.952845 0.191645 0.235282 -9.892500 0.000000 0.000000 0.000000 1.000000
0.221447 -0.966921 -0.126591 -8.163700 0.176246 0.167360 -0.970014 27.406200 0.959113 0.192495 0.207477 -9.892500 0.000000 0.000000 0.000000 1.000000
0.221426 -0.965645 -0.136012 -8.163700 0.148878 0.171314 -0.973903 27.406200 0.963746 0.195399 0.181696 -9.892500 0.000000 0.000000 0.000000 1.000000
0.221572 -0.963799 -0.148313 -8.163700 0.121588 0.178213 -0.976451 27.406200 0.967534 0.198321 0.156673 -9.892500 0.000000 0.000000 0.000000 1.000000
0.220422 -0.961832 -0.162153 -8.163700 0.094323 0.186481 -0.977920 27.406200 0.970833 0.200260 0.131828 -9.892500 0.000000 0.000000 0.000000 1.000000
0.218174 -0.959653 -0.177385 -8.163700 0.067308 0.196127 -0.978266 27.406200 0.973586 0.201492 0.107382 -9.892500 0.000000 0.000000 0.000000 1.000000
0.214860 -0.957236 -0.193736 -8.163700 0.040733 0.206980 -0.977497 27.406200 0.975795 0.202133 0.083462 -9.892500 0.000000 0.000000 0.000000 1.000000
0.210520 -0.954563 -0.210930 -8.163700 0.014789 0.218850 -0.975646 27.406200 0.977478 0.202273 0.060189 -9.892500 0.000000 0.000000 0.000000 1.000000
0.205206 -0.951622 -0.228704 -8.163700 -0.010340 0.231556 -0.972767 27.406200 0.978664 0.201982 0.037677 -9.892500 0.000000 0.000000 0.000000 1.000000
0.198979 -0.948449 -0.246683 -8.163700 -0.034452 0.244790 -0.968964 27.406200 0.979398 0.201302 0.016032 -9.892500 0.000000 0.000000 0.000000 1.000000
0.191913 -0.945064 -0.264618 -8.163700 -0.057383 0.258363 -0.964342 27.406200 0.979733 0.200254 -0.004647 -9.892500 0.000000 0.000000 0.000000 1.000000
0.184063 -0.941437 -0.282519 -8.163700 -0.079024 0.272326 -0.958955 27.406200 0.979733 0.198834 -0.024271 -9.892500 0.000000 0.000000 0.000000 1.000000
0.175479 -0.937576 -0.300265 -8.163700 -0.099245 0.286597 -0.952897 27.406200 0.979468 0.197013 -0.042758 -9.892500 0.000000 0.000000 0.000000 1.000000
0.166222 -0.933538 -0.317612 -8.163700 -0.117899 0.300968 -0.946318 27.406200 0.979015 0.194745 -0.060036 -9.892500 0.000000 0.000000 0.000000 1.000000
0.156351 -0.929393 -0.334341 -8.163700 -0.134853 0.315247 -0.939379 27.406200 0.978452 0.191959 -0.076042 -9.892500 0.000000 0.000000 0.000000 1.000000
0.145923 -0.925222 -0.350244 -8.163700 -0.149984 0.329251 -0.932255 27.406200 0.977860 0.188569 -0.090723 -9.892500 0.000000 0.000000 0.000000 1.000000
0.134995 -0.921119 -0.365125 -8.163700 -0.163181 0.342799 -0.925127 27.406200 0.977317 0.184469 -0.104033 -9.892500 0.000000 0.000000 0.000000 1.000000
0.123612 -0.917186 -0.378801 -8.163700 -0.174341 0.355719 -0.918188 27.406200 0.976896 0.179540 -0.115932 -9.892500 0.000000 0.000000 0.000000 1.000000
0.111815 -0.913531 -0.391100 -8.163700 -0.183372 0.367841 -0.911629 27.406200 0.976664 0.173650 -0.126386 -9.892500 0.000000 0.000000 0.000000 1.000000
0.099628 -0.910264 -0.401862 -8.163700 -0.190189 0.379004 -0.905640 27.406200 0.976679 0.166657 -0.135363 -9.892500 0.000000 0.000000 0.000000 1.000000
0.087085 -0.907480 -0.410970 -8.163700 -0.194751 0.389069 -0.900387 27.406200 0.976979 0.158447 -0.142850 -9.892500 0.000000 0.000000 0.000000 1.000000</float_array>
        <technique_common>
          <accessor source="#mixamorig_RightShoulder-Matrix-animation-output-transform-array" count="35" stride="16">
            <param type="float4x4"/>
          </accessor>
        </technique_common>
      </source>
      <source id="mixamorig_RightShoulder-Interpolations">
        <Name_array id="mixamorig_RightShoulder-Interpolations-array" count="35">
 LINEAR LINEAR LINEAR LINEAR LINEAR LINEAR LINEAR LINEAR LINEAR LINEAR LINEAR
LINEAR LINEAR LINEAR LINEAR LINEAR LINEAR LINEAR LINEAR LINEAR LINEAR LINEAR LINEAR
LINEAR LINEAR LINEAR LINEAR LINEAR LINEAR LINEAR LINEAR LINEAR LINEAR LINEAR LINEAR</Name_array>
        <technique_common>
          <accessor source="#mixamorig_RightShoulder-Interpolations-array" count="35">
            <param type="name"/>
          </accessor>
        </technique_common>
      </source>
      <sampler id="mixamorig_RightShoulder-Matrix-animation-transform">
        <input semantic="INPUT" source="#mixamorig_RightShoulder-Matrix-animation-input"/>
        <input semantic="OUTPUT" source="#mixamorig_RightShoulder-Matrix-animation-output-transform"/>
        <input semantic="INTERPOLATION" source="#mixamorig_RightShoulder-Interpolations"/>
      </sampler>
      <channel source="#mixamorig_RightShoulder-Matrix-animation-transform" target="mixamorig_RightShoulder/matrix"/>
    </animation>
    <animation id="mixamorig_RightArm-anim" name="mixamorig_RightArm">
      <source id="mixamorig_RightArm-Matrix-animation-input">
        <float_array id="mixamorig_RightArm-Matrix-animation-input-array" count="35">

0.000000 0.033333 0.066667 0.100000 0.133333 0.166667 0.200000 0.233333 0.266667 0.300000 0.333333 0.366667 0.400000 0.433333 0.466667 0.500000
0.533333 0.566667 0.600000 0.633333 0.666667 0.700000 0.733333 0.766667 0.800000 0.833333 0.866667 0.900000 0.933333 0.966667 1.000000 1.033333
1.066667 1.100000 1.133333</float_array>
        <technique_common>
          <accessor source="#mixamorig_RightArm-Matrix-animation-input-array" count="35">
            <param name="TIME" type="float"/>
          </accessor>
        </technique_common>
      </source>
      <source id="mixamorig_RightArm-Matrix-animation-output-transform">
        <float_array id="mixamorig_RightArm-Matrix-animation-output-transform-array" count="560">

0.329468 0.258593 0.908064 0.000000 -0.144976 0.964213 -0.221982 15.851600 -0.932970 -0.058512 0.355167 -0.000000 0.000000 0.000000 0.000000 1.000000
0.329316 0.320026 0.888332 0.000000 -0.146878 0.946721 -0.286612 15.851600 -0.932726 -0.036091 0.358775 0.000000 0.000000 0.000000 0.000000 1.000000
0.321071 0.337096 0.885031 0.000000 -0.144041 0.941018 -0.306165 15.851600 -0.936037 -0.029180 0.350689 -0.000000 0.000000 0.000000 0.000000 1.000000
0.270535 0.351230 0.896353 0.000000 -0.166687 0.934099 -0.315712 15.851600 -0.948170 -0.063999 0.311252 0.000000 0.000000 0.000000 0.000000 1.000000
0.219688 0.346468 0.911974 0.000000 -0.196813 0.931331 -0.306411 15.851600 -0.955511 -0.112173 0.272792 0.000000 0.000000 0.000000 0.000000 1.000000
0.169320 0.325453 0.930275 0.000000 -0.227281 0.931356 -0.284464 15.851600 -0.958997 -0.163268 0.231666 0.000000 0.000000 0.000000 0.000000 1.000000
0.121376 0.291598 0.948809 0.000000 -0.264537 0.930808 -0.252224 15.851600 -0.956707 -0.220381 0.190116 -0.000000 0.000000 0.000000 0.000000 1.000000
0.099029 0.248746 0.963493 0.000000 -0.290061 0.933420 -0.211169 15.851600 -0.951871 -0.258560 0.164587 0.000000 0.000000 0.000000 0.000000 1.000000
0.240507 0.127047 0.962297 0.000000 -0.252503 0.965453 -0.064355 15.851600 -0.937229 -0.227505 0.264278 0.000000 0.000000 0.000000 0.000000 1.000000
0.491556 0.041489 0.869857 -0.000000 -0.176298 0.982923 0.052744 15.851600 -0.852814 -0.179281 0.490476 0.000000 0.000000 0.000000 0.000000 1.000000
0.676026 0.114262 0.727965 -0.000000 -0.215544 0.975359 0.047071 15.851600 -0.704649 -0.188730 0.683996 0.000000 0.000000 0.000000 0.000000 1.000000
0.775493 0.153569 0.612394 0.000000 -0.178245 0.983763 -0.020980 15.851600 -0.605672 -0.092886 0.790274 0.000000 0.000000 0.000000 0.000000 1.000000
0.811827 0.183122 0.554440 0.000000 -0.167011 0.982702 -0.080027 15.851600 -0.559504 -0.027629 0.828367 -0.000000 0.000000 0.000000 0.000000 1.000000
0.806325 0.238963 0.541052 0.000000 -0.206800 0.970919 -0.120627 15.851600 -0.554143 -0.014625 0.832293 -0.000000 0.000000 0.000000 0.000000 1.000000
0.767560 0.299312 0.566802 0.000000 -0.272179 0.952792 -0.134559 15.851600 -0.580319 -0.050989 0.812791 0.000000 0.000000 0.000000 0.000000 1.000000
0.726794 0.322185 0.606603 0.000000 -0.311937 0.941657 -0.126400 15.851600 -0.611936 -0.097355 0.784893 0.000000 0.000000 0.000000 0.000000 1.000000
0.693391 0.318197 0.646499 0.000000 -0.328017 0.938248 -0.109982 15.851600 -0.641572 -0.135802 0.754946 0.000000 0.000000 0.000000 0.000000 1.000000
0.663620 0.310419 0.680623 0.000000 -0.337452 0.936230 -0.097974 15.851600 -0.667633 -0.164660 0.726053 0.000000 0.000000 0.000000 0.000000 1.000000
0.639063 0.303871 0.706584 0.000000 -0.341970 0.935112 -0.092859 15.851600 -0.688952 -0.182288 0.701510 0.000000 0.000000 0.000000 0.000000 1.000000
0.620181 0.295943 0.726494 -0.000000 -0.337719 0.936617 -0.093241 15.851600 -0.708041 -0.187525 0.680818 0.000000 0.000000 0.000000 0.000000 1.000000
0.604613 0.288377 0.742483 -0.000000 -0.326540 0.939966 -0.099173 15.851600 -0.726508 -0.182489 0.662483 0.000000 0.000000 0.000000 0.000000 1.000000
0.589803 0.284293 0.755851 0.000000 -0.313646 0.943147 -0.109996 15.851600 -0.744150 -0.172193 0.645438 0.000000 0.000000 0.000000 0.000000 1.000000
0.573893 0.283367 0.768343 -0.000000 -0.302404 0.945245 -0.122737 15.851600 -0.761051 -0.161912 0.628160 -0.000000 0.000000 0.000000 0.000000 1.000000
0.554680 0.284217 0.782018 0.000000 -0.295933 0.945787 -0.133834 15.851600 -0.777659 -0.157190 0.608718 0.000000 0.000000 0.000000 0.000000 1.000000
0.531551 0.285920 0.797310 -0.000000 -0.294497 0.944963 -0.142534 15.851600 -0.794182 -0.159042 0.586499 -0.000000 0.000000 0.000000 0.000000 1.000000
0.506619 0.287545 0.812807 -0.000000 -0.294343 0.943788 -0.150419 15.851600 -0.810370 -0.163039 0.562777 -0.000000 0.000000 0.000000 0.000000 1.000000
0.481765 0.290072 0.826898 0.000000 -0.293541 0.942527 -0.159612 15.851600 -0.825673 -0.165833 0.539225 0.000000 0.000000 0.000000 0.000000 1.000000
0.456990 0.294378 0.839346 -0.000000 -0.292569 0.940886 -0.170698 15.851600 -0.839978 -0.167559 0.516101 0.000000 0.000000 0.000000 0.000000 1.000000
0.432528 0.298738 0.850691 -0.000000 -0.290837 0.939306 -0.181983 15.851600 -0.853425 -0.168700 0.493160 0.000000 0.000000 0.000000 0.000000 1.000000
0.409724 0.300774 0.861197 -0.000000 -0.286101 0.938814 -0.191766 15.851600 -0.866182 -0.167818 0.470707 -0.000000 0.000000 0.000000 0.000000 1.000000
0.390713 0.298904 0.870632 0.000000 -0.275241 0.940477 -0.199364 15.851600 -0.878400 -0.161740 0.449727 -0.000000 0.000000 0.000000 0.000000 1.000000
0.374626 0.296857 0.878368 -0.000000 -0.263248 0.942427 -0.206231 15.851600 -0.889020 -0.153969 0.431205 0.000000 0.000000 0.000000 0.000000 1.000000
0.359295 0.299768 0.883768 -0.000000 -0.256411 0.942269 -0.215368 15.851600 -0.897307 -0.149227 0.415417 0.000000 0.000000 0.000000 0.000000 1.000000
0.344829 0.307562 0.886848 0.000000 -0.253524 0.940199 -0.227488 15.851600 -0.903780 -0.146392 0.402182 0.000000 0.000000 0.000000 0.000000 1.000000
0.331107 0.318811 0.888104 0.000000 -0.254817 0.936435 -0.241159 15.851600 -0.908536 -0.146454 0.391298 0.000000 0.000000 0.000000 0.000000 1.000000</float_array>
        <technique_common>
          <accessor source="#mixamorig_RightArm-Matrix-animation-output-transform-array" count="35" stride="16">
            <param type="float4x4"/>
          </accessor>
        </technique_common>
      </source>
      <source id="mixamorig_RightArm-Interpolations">
        <Name_array id="mixamorig_RightArm-Interpolations-array" count="35">
 LINEAR LINEAR LINEAR LINEAR LINEAR LINEAR LINEAR LINEAR LINEAR LINEAR LINEAR
LINEAR LINEAR LINEAR LINEAR LINEAR LINEAR LINEAR LINEAR LINEAR LINEAR LINEAR LINEAR
LINEAR LINEAR LINEAR LINEAR LINEAR LINEAR LINEAR LINEAR LINEAR LINEAR LINEAR LINEAR</Name_array>
        <technique_common>
          <accessor source="#mixamorig_RightArm-Interpolations-array" count="35">
            <param type="name"/>
          </accessor>
        </technique_common>
      </source>
      <sampler id="mixamorig_RightArm-Matrix-animation-transform">
        <input semantic="INPUT" source="#mixamorig_RightArm-Matrix-animation-input"/>
        <input semantic="OUTPUT" source="#mixamorig_RightArm-Matrix-animation-output-transform"/>
        <input semantic="INTERPOLATION" source="#mixamorig_RightArm-Interpolations"/>
      </sampler>
      <channel source="#mixamorig_RightArm-Matrix-animation-transform" target="mixamorig_RightArm/matrix"/>
    </animation>
    <animation id="mixamorig_RightForeArm-anim" name="mixamorig_RightForeArm">
      <source id="mixamorig_RightForeArm-Matrix-animation-input">
        <float_array id="mixamorig_RightForeArm-Matrix-animation-input-array" count="35">

0.000000 0.033333 0.066667 0.100000 0.133333 0.166667 0.200000 0.233333 0.266667 0.300000 0.333333 0.366667 0.400000 0.433333 0.466667 0.500000
0.533333 0.566667 0.600000 0.633333 0.666667 0.700000 0.733333 0.766667 0.800000 0.833333 0.866667 0.900000 0.933333 0.966667 1.000000 1.033333
1.066667 1.100000 1.133333</float_array>
        <technique_common>
          <accessor source="#mixamorig_RightForeArm-Matrix-animation-input-array" count="35">
            <param name="TIME" type="float"/>
          </accessor>
        </technique_common>
      </source>
      <source id="mixamorig_RightForeArm-Matrix-animation-output-transform">
        <float_array id="mixamorig_RightForeArm-Matrix-animation-output-transform-array" count="560">

0.218204 0.975903 -0.000000 -0.000000 -0.975903 0.218204 -0.000000 32.883701 -0.000000 0.000000 1.000000 -0.000000 0.000000 0.000000 0.000000 1.000000
0.255386 0.966839 0.000000 0.000000 -0.966839 0.255386 -0.000000 32.883701 -0.000000 -0.000000 1.000000 0.000000 0.000000 0.000000 0.000000 1.000000
0.300540 0.953769 -0.000000 0.000000 -0.953769 0.300540 -0.000000 32.883701 -0.000000 0.000000 1.000000 0.000000 0.000000 0.000000 0.000000 1.000000
0.354743 0.934964 0.000000 0.000000 -0.934964 0.354743 -0.000000 32.883701 -0.000000 -0.000000 1.000000 0.000000 0.000000 0.000000 0.000000 1.000000
0.404629 0.914481 -0.000000 0.000000 -0.914481 0.404629 0.000000 32.883701 0.000000 0.000000 1.000000 0.000000 0.000000 0.000000 0.000000 1.000000
0.438554 0.898705 0.000000 0.000000 -0.898705 0.438554 -0.000000 32.883701 -0.000000 -0.000000 1.000000 0.000000 0.000000 0.000000 0.000000 1.000000
0.456277 0.889838 -0.000000 0.000000 -0.889838 0.456277 0.000000 32.883701 0.000000 0.000000 1.000000 -0.000000 0.000000 0.000000 0.000000 1.000000
0.442955 0.896544 0.000000 0.000000 -0.896544 0.442955 -0.000000 32.883701 -0.000000 -0.000000 1.000000 0.000000 0.000000 0.000000 0.000000 1.000000
0.455422 0.890276 -0.000000 0.000000 -0.890276 0.455422 0.000000 32.883701 0.000000 0.000000 1.000000 0.000000 0.000000 0.000000 0.000000 1.000000
0.642302 0.766451 -0.000000 0.000000 -0.766451 0.642302 0.000000 32.883701 0.000000 -0.000000 1.000000 0.000000 0.000000 0.000000 0.000000 1.000000
0.856282 0.516508 -0.000000 -0.000000 -0.516508 0.856282 0.000000 32.883701 0.000000 -0.000000 1.000000 0.000000 0.000000 0.000000 0.000000 1.000000
0.892207 0.451626 0.000000 -0.000000 -0.451626 0.892207 -0.000000 32.883701 -0.000000 0.000000 1.000000 0.000000 0.000000 0.000000 0.000000 1.000000
0.894777 0.446513 0.000000 0.000000 -0.446513 0.894777 0.000000 32.883701 -0.000000 -0.000000 1.000000 0.000000 0.000000 0.000000 0.000000 1.000000
0.911326 0.411684 0.000000 0.000000 -0.411684 0.911326 -0.000000 32.883701 -0.000000 -0.000000 1.000000 0.000000 0.000000 0.000000 0.000000 1.000000
0.934761 0.355278 -0.000000 0.000000 -0.355278 0.934761 0.000000 32.883701 0.000000 -0.000000 1.000000 -0.000000 0.000000 0.000000 0.000000 1.000000
0.941958 0.335731 0.000000 0.000000 -0.335731 0.941958 0.000000 32.883701 -0.000000 -0.000000 1.000000 -0.000000 0.000000 0.000000 0.000000 1.000000
0.941727 0.336378 0.000000 0.000000 -0.336378 0.941727 0.000000 32.883701 0.000000 -0.000000 1.000000 -0.000000 0.000000 0.000000 0.000000 1.000000
0.943826 0.330443 0.000000 0.000000 -0.330443 0.943826 0.000000 32.883701 -0.000000 -0.000000 1.000000 0.000000 0.000000 0.000000 0.000000 1.000000
0.947253 0.320486 -0.000000 0.000000 -0.320486 0.947253 -0.000000 32.883701 0.000000 0.000000 1.000000 0.000000 0.000000 0.000000 0.000000 1.000000
0.947881 0.318624 0.000000 -0.000000 -0.318624 0.947881 0.000000 32.883701 -0.000000 -0.000000 1.000000 0.000000 0.000000 0.000000 0.000000 1.000000
0.945162 0.326602 0.000000 0.000000 -0.326602 0.945162 -0.000000 32.883701 -0.000000 0.000000 1.000000 0.000000 0.000000 0.000000 0.000000 1.000000
0.941892 0.335915 0.000000 0.000000 -0.335915 0.941892 0.000000 32.883701 -0.000000 -0.000000 1.000000 0.000000 0.000000 0.000000 0.000000 1.000000
0.940013 0.341140 0.000000 0.000000 -0.341140 0.940013 -0.000000 32.883701 -0.000000 0.000000 1.000000 0.000000 0.000000 0.000000 0.000000 1.000000
0.940549 0.339659 -0.000000 0.000000 -0.339659 0.940549 0.000000 32.883701 0.000000 -0.000000 1.000000 0.000000 0.000000 0.000000 0.000000 1.000000
0.943466 0.331470 0.000000 0.000000 -0.331470 0.943466 0.000000 32.883701 -0.000000 -0.000000 1.000000 -0.000000 0.000000 0.000000 0.000000 1.000000
0.947516 0.319710 0.000000 0.000000 -0.319710 0.947516 0.000000 32.883701 -0.000000 -0.000000 1.000000 0.000000 0.000000 0.000000 0.000000 1.000000
0.952175 0.305554 0.000000 -0.000000 -0.305554 0.952175 -0.000000 32.883701 -0.000000 0.000000 1.000000 0.000000 0.000000 0.000000 0.000000 1.000000
0.957172 0.289520 0.000000 0.000000 -0.289520 0.957172 -0.000000 32.883701 -0.000000 0.000000 1.000000 0.000000 0.000000 0.000000 0.000000 1.000000
0.961601 0.274452 -0.000000 -0.000000 -0.274452 0.961601 -0.000000 32.883701 0.000000 0.000000 1.000000 0.000000 0.000000 0.000000 0.000000 1.000000
0.964721 0.263274 0.000000 -0.000000 -0.263274 0.964721 0.000000 32.883701 -0.000000 -0.000000 1.000000 -0.000000 0.000000 0.000000 0.000000 1.000000
0.965432 0.260655 -0.000000 -0.000000 -0.260655 0.965432 -0.000000 32.883701 0.000000 0.000000 1.000000 0.000000 0.000000 0.000000 0.000000 1.000000
0.965732 0.259541 -0.000000 0.000000 -0.259541 0.965732 0.000000 32.883701 0.000000 -0.000000 1.000000 -0.000000 0.000000 0.000000 0.000000 1.000000
0.968192 0.250207 0.000000 -0.000000 -0.250207 0.968192 0.000000 32.883701 -0.000000 -0.000000 1.000000 -0.000000 0.000000 0.000000 0.000000 1.000000
0.971823 0.235714 0.000000 0.000000 -0.235714 0.971823 0.000000 32.883701 -0.000000 -0.000000 1.000000 -0.000000 0.000000 0.000000 0.000000 1.000000
0.975519 0.219916 0.000000 0.000000 -0.219916 0.975519 0.000000 32.883701 -0.000000 -0.000000 1.000000 0.000000 0.000000 0.000000 0.000000 1.000000</float_array>
        <technique_common>
          <accessor source="#mixamorig_RightForeArm-Matrix-animation-output-transform-array" count="35" stride="16">
            <param type="float4x4"/>
          </accessor>
        </technique_common>
      </source>
      <source id="mixamorig_RightForeArm-Interpolations">
        <Name_array id="mixamorig_RightForeArm-Interpolations-array" count="35">
 LINEAR LINEAR LINEAR LINEAR LINEAR LINEAR LINEAR LINEAR LINEAR LINEAR LINEAR
LINEAR LINEAR LINEAR LINEAR LINEAR LINEAR LINEAR LINEAR LINEAR LINEAR LINEAR LINEAR
LINEAR LINEAR LINEAR LINEAR LINEAR LINEAR LINEAR LINEAR LINEAR LINEAR LINEAR LINEAR</Name_array>
        <technique_common>
          <accessor source="#mixamorig_RightForeArm-Interpolations-array" count="35">
            <param type="name"/>
          </accessor>
        </technique_common>
      </source>
      <sampler id="mixamorig_RightForeArm-Matrix-animation-transform">
        <input semantic="INPUT" source="#mixamorig_RightForeArm-Matrix-animation-input"/>
        <input semantic="OUTPUT" source="#mixamorig_RightForeArm-Matrix-animation-output-transform"/>
        <input semantic="INTERPOLATION" source="#mixamorig_RightForeArm-Interpolations"/>
      </sampler>
      <channel source="#mixamorig_RightForeArm-Matrix-animation-transform" target="mixamorig_RightForeArm/matrix"/>
    </animation>
    <animation id="mixamorig_RightHand-anim" name="mixamorig_RightHand">
      <source id="mixamorig_RightHand-Matrix-animation-input">
        <float_array id="mixamorig_RightHand-Matrix-animation-input-array" count="35">

0.000000 0.033333 0.066667 0.100000 0.133333 0.166667 0.200000 0.233333 0.266667 0.300000 0.333333 0.366667 0.400000 0.433333 0.466667 0.500000
0.533333 0.566667 0.600000 0.633333 0.666667 0.700000 0.733333 0.766667 0.800000 0.833333 0.866667 0.900000 0.933333 0.966667 1.000000 1.033333
1.066667 1.100000 1.133333</float_array>
        <technique_common>
          <accessor source="#mixamorig_RightHand-Matrix-animation-input-array" count="35">
            <param name="TIME" type="float"/>
          </accessor>
        </technique_common>
      </source>
      <source id="mixamorig_RightHand-Matrix-animation-output-transform">
        <float_array id="mixamorig_RightHand-Matrix-animation-output-transform-array" count="560">

0.801756 0.597356 -0.018780 -0.000000 -0.594222 0.800124 0.081864 30.158199 0.063928 -0.054475 0.996467 -0.000000 0.000000 0.000000 0.000000 1.000000
0.658413 0.749820 0.065281 0.000000 -0.750947 0.648599 0.124094 30.158199 0.050707 -0.130727 0.990121 0.000000 0.000000 0.000000 0.000000 1.000000
0.558838 0.825142 0.082706 0.000000 -0.825427 0.543872 0.151238 30.158199 0.079812 -0.152785 0.985031 0.000000 0.000000 0.000000 0.000000 1.000000
0.539399 0.841453 0.031726 0.000000 -0.829609 0.524599 0.191169 30.158199 0.144217 -0.129436 0.981044 -0.000000 0.000000 0.000000 0.000000 1.000000
0.542721 0.839764 -0.015840 0.000000 -0.809212 0.527842 0.257990 30.158199 0.225012 -0.127198 0.966018 0.000000 0.000000 0.000000 0.000000 1.000000
0.533286 0.845838 -0.012799 0.000000 -0.803127 0.510993 0.306386 30.158199 0.265693 -0.153112 0.951821 0.000000 0.000000 0.000000 0.000000 1.000000
0.528455 0.848933 -0.006961 0.000000 -0.804537 0.503403 0.315128 30.158199 0.271027 -0.160931 0.949024 0.000000 0.000000 0.000000 0.000000 1.000000
0.522923 0.837237 -0.159956 0.000000 -0.747906 0.540698 0.385074 30.158199 0.408886 -0.081732 0.908918 0.000000 0.000000 0.000000 0.000000 1.000000
0.516591 0.736836 -0.436126 -0.000000 -0.533530 0.675391 0.509109 30.158199 0.669686 -0.030314 0.742025 0.000000 0.000000 0.000000 0.000000 1.000000
0.620882 0.498906 -0.604648 0.000000 -0.197982 0.846122 0.494853 30.158199 0.758491 -0.187536 0.624116 -0.000000 0.000000 0.000000 0.000000 1.000000
0.827433 0.158967 -0.538595 0.000000 0.045874 0.936757 0.346960 30.158199 0.559688 -0.311794 0.767811 0.000000 0.000000 0.000000 0.000000 1.000000
0.892645 -0.065331 -0.446001 0.000000 0.165194 0.968016 0.188830 30.158199 0.419399 -0.242235 0.874887 0.000000 0.000000 0.000000 0.000000 1.000000
0.894225 -0.146061 -0.423117 0.000000 0.196227 0.977509 0.077272 30.158199 0.402314 -0.152125 0.902774 0.000000 0.000000 0.000000 0.000000 1.000000
0.878391 -0.167333 -0.447693 -0.000000 0.182354 0.983185 -0.009697 30.158199 0.441788 -0.073121 0.894135 0.000000 0.000000 0.000000 0.000000 1.000000
0.851569 -0.158343 -0.499757 0.000000 0.148101 0.987126 -0.060403 30.158199 0.502887 -0.022577 0.864057 0.000000 0.000000 0.000000 0.000000 1.000000
0.823414 -0.139717 -0.549972 -0.000000 0.117182 0.990190 -0.076106 30.158199 0.555210 -0.001780 0.831708 0.000000 0.000000 0.000000 0.000000 1.000000
0.803684 -0.121045 -0.582616 -0.000000 0.097912 0.992647 -0.071170 30.158199 0.586946 0.000153 0.809626 -0.000000 0.000000 0.000000 0.000000 1.000000
0.791253 -0.108901 -0.601713 0.000000 0.088078 0.994050 -0.064085 30.158199 0.605112 -0.002290 0.796137 0.000000 0.000000 0.000000 0.000000 1.000000
0.781547 -0.106590 -0.614673 -0.000000 0.084767 0.994302 -0.064641 30.158199 0.618061 -0.001585 0.786129 0.000000 0.000000 0.000000 0.000000 1.000000
0.774032 -0.113483 -0.622894 0.000000 0.087517 0.993539 -0.072259 30.158199 0.627069 0.001417 0.778962 -0.000000 0.000000 0.000000 0.000000 1.000000
0.770031 -0.126945 -0.625249 0.000000 0.096466 0.991904 -0.082583 30.158199 0.630671 0.003276 0.776043 0.000000 0.000000 0.000000 0.000000 1.000000
0.769668 -0.142419 -0.622357 0.000000 0.109130 0.989803 -0.091543 30.158199 0.629048 0.002540 0.777362 0.000000 0.000000 0.000000 0.000000 1.000000
0.771293 -0.154432 -0.617460 0.000000 0.120242 0.988003 -0.096908 30.158199 0.625019 0.000500 0.780610 0.000000 0.000000 0.000000 0.000000 1.000000
0.773649 -0.158741 -0.613408 -0.000000 0.125029 0.987320 -0.097814 30.158199 0.621156 -0.001020 0.783686 -0.000000 0.000000 0.000000 0.000000 1.000000
0.776648 -0.155676 -0.610395 0.000000 0.123516 0.987807 -0.094774 30.158199 0.617706 -0.001788 0.786407 0.000000 0.000000 0.000000 0.000000 1.000000
0.779975 -0.151079 -0.607301 0.000000 0.121114 0.988517 -0.090364 30.158199 0.613979 -0.003071 0.789316 0.000000 0.000000 0.000000 0.000000 1.000000
0.781937 -0.151598 -0.604643 0.000000 0.123452 0.988426 -0.088171 30.158199 0.611011 -0.005700 0.791602 0.000000 0.000000 0.000000 0.000000 1.000000
0.780227 -0.157786 -0.605268 0.000000 0.130182 0.987433 -0.089600 30.158199 0.611799 -0.008887 0.790963 -0.000000 0.000000 0.000000 0.000000 1.000000
0.773899 -0.162764 -0.612036 0.000000 0.134756 0.986600 -0.091980 30.158199 0.618806 -0.011292 0.785462 -0.000000 0.000000 0.000000 0.000000 1.000000
0.764314 -0.159051 -0.624922 -0.000000 0.131282 0.987188 -0.090687 30.158199 0.631339 -0.012727 0.775402 -0.000000 0.000000 0.000000 0.000000 1.000000
0.754394 -0.146316 -0.639907 0.000000 0.120817 0.989137 -0.083735 30.158199 0.645208 -0.014142 0.763876 -0.000000 0.000000 0.000000 0.000000 1.000000
0.747472 -0.131232 -0.651202 0.000000 0.109778 0.991217 -0.073746 30.158199 0.655160 -0.016365 0.755313 0.000000 0.000000 0.000000 0.000000 1.000000
0.745452 -0.120075 -0.655655 0.000000 0.103077 0.992574 -0.064583 30.158199 0.658541 -0.019440 0.752293 0.000000 0.000000 0.000000 0.000000 1.000000
0.746891 -0.113157 -0.655248 -0.000000 0.100025 0.993321 -0.057525 30.158199 0.657380 -0.022577 0.753221 -0.000000 0.000000 0.000000 0.000000 1.000000
0.747926 -0.106813 -0.655132 -0.000000 0.096382 0.993984 -0.052027 30.158199 0.656748 -0.024231 0.753721 0.000000 0.000000 0.000000 0.000000 1.000000</float_array>
        <technique_common>
          <accessor source="#mixamorig_RightHand-Matrix-animation-output-transform-array" count="35" stride="16">
            <param type="float4x4"/>
          </accessor>
        </technique_common>
      </source>
      <source id="mixamorig_RightHand-Interpolations">
        <Name_array id="mixamorig_RightHand-Interpolations-array" count="35">
 LINEAR LINEAR LINEAR LINEAR LINEAR LINEAR LINEAR LINEAR LINEAR LINEAR LINEAR
LINEAR LINEAR LINEAR LINEAR LINEAR LINEAR LINEAR LINEAR LINEAR LINEAR LINEAR LINEAR
LINEAR LINEAR LINEAR LINEAR LINEAR LINEAR LINEAR LINEAR LINEAR LINEAR LINEAR LINEAR</Name_array>
        <technique_common>
          <accessor source="#mixamorig_RightHand-Interpolations-array" count="35">
            <param type="name"/>
          </accessor>
        </technique_common>
      </source>
      <sampler id="mixamorig_RightHand-Matrix-animation-transform">
        <input semantic="INPUT" source="#mixamorig_RightHand-Matrix-animation-input"/>
        <input semantic="OUTPUT" source="#mixamorig_RightHand-Matrix-animation-output-transform"/>
        <input semantic="INTERPOLATION" source="#mixamorig_RightHand-Interpolations"/>
      </sampler>
      <channel source="#mixamorig_RightHand-Matrix-animation-transform" target="mixamorig_RightHand/matrix"/>
    </animation>
    <animation id="mixamorig_RightHandThumb1-anim" name="mixamorig_RightHandThumb1">
      <source id="mixamorig_RightHandThumb1-Matrix-animation-input">
        <float_array id="mixamorig_RightHandThumb1-Matrix-animation-input-array" count="35">

0.000000 0.033333 0.066667 0.100000 0.133333 0.166667 0.200000 0.233333 0.266667 0.300000 0.333333 0.366667 0.400000 0.433333 0.466667 0.500000
0.533333 0.566667 0.600000 0.633333 0.666667 0.700000 0.733333 0.766667 0.800000 0.833333 0.866667 0.900000 0.933333 0.966667 1.000000 1.033333
1.066667 1.100000 1.133333</float_array>
        <technique_common>
          <accessor source="#mixamorig_RightHandThumb1-Matrix-animation-input-array" count="35">
            <param name="TIME" type="float"/>
          </accessor>
        </technique_common>
      </source>
      <source id="mixamorig_RightHandThumb1-Matrix-animation-output-transform">
        <float_array id="mixamorig_RightHandThumb1-Matrix-animation-output-transform-array" count="560">

0.870007 0.459913 -0.177672 4.918400 -0.489822 0.765162 -0.417853 5.220700 -0.056228 0.450563 0.890972 2.164000 0.000000 0.000000 0.000000 1.000000
0.871246 0.457404 -0.178077 4.918400 -0.487555 0.764494 -0.421711 5.220700 -0.056753 0.454236 0.889072 2.164000 0.000000 0.000000 0.000000 1.000000
0.872444 0.454960 -0.178471 4.918400 -0.485349 0.763821 -0.425457 5.220700 -0.057246 0.457808 0.887206 2.164000 0.000000 0.000000 0.000000 1.000000
0.873601 0.452585 -0.178853 4.918400 -0.483209 0.763148 -0.429086 5.220700 -0.057707 0.461273 0.885380 2.164000 0.000000 0.000000 0.000000 1.000000
0.874715 0.450282 -0.179221 4.918400 -0.481138 0.762476 -0.432592 5.220700 -0.058137 0.464625 0.883597 2.164000 0.000000 0.000000 0.000000 1.000000
0.875785 0.448056 -0.179575 4.918400 -0.479139 0.761810 -0.435972 5.220700 -0.058538 0.467859 0.881862 2.164000 0.000000 0.000000 0.000000 1.000000
0.876810 0.445909 -0.179915 4.918400 -0.477215 0.761151 -0.439221 5.220700 -0.058910 0.470972 0.880179 2.164000 0.000000 0.000000 0.000000 1.000000
0.877789 0.443846 -0.180241 4.918400 -0.475369 0.760503 -0.442335 5.220700 -0.059255 0.473958 0.878552 2.164000 0.000000 0.000000 0.000000 1.000000
0.878721 0.441871 -0.180552 4.918400 -0.473604 0.759869 -0.445308 5.220700 -0.059572 0.476811 0.876985 2.164000 0.000000 0.000000 0.000000 1.000000
0.879606 0.439987 -0.180848 4.918400 -0.471922 0.759252 -0.448136 5.220700 -0.059865 0.479529 0.875482 2.164000 0.000000 0.000000 0.000000 1.000000
0.880440 0.438198 -0.181128 4.918400 -0.470328 0.758655 -0.450814 5.220700 -0.060132 0.482105 0.874048 2.164000 0.000000 0.000000 0.000000 1.000000
0.881068 0.436846 -0.181339 4.918400 -0.469126 0.758197 -0.452833 5.220700 -0.060328 0.484048 0.872960 2.164000 0.000000 0.000000 0.000000 1.000000
0.881513 0.435886 -0.181488 4.918400 -0.468272 0.757868 -0.454266 5.220700 -0.060464 0.485427 0.872184 2.164000 0.000000 0.000000 0.000000 1.000000
0.881940 0.434961 -0.181632 4.918400 -0.467451 0.757548 -0.455644 5.220700 -0.060592 0.486755 0.871435 2.164000 0.000000 0.000000 0.000000 1.000000
0.882349 0.434074 -0.181770 4.918400 -0.466663 0.757238 -0.456964 5.220700 -0.060713 0.488027 0.870714 2.164000 0.000000 0.000000 0.000000 1.000000
0.882751 0.433199 -0.181905 4.918400 -0.465887 0.756930 -0.458264 5.220700 -0.060830 0.489280 0.870003 2.164000 0.000000 0.000000 0.000000 1.000000
0.883040 0.432568 -0.182004 4.918400 -0.465328 0.756704 -0.459204 5.220700 -0.060914 0.490187 0.869486 2.164000 0.000000 0.000000 0.000000 1.000000
0.883142 0.432347 -0.182034 4.918400 -0.465132 0.756640 -0.459508 5.220700 -0.060933 0.490480 0.869319 2.164000 0.000000 0.000000 0.000000 1.000000
0.883246 0.432139 -0.182022 4.918400 -0.464934 0.756640 -0.459709 5.220700 -0.060932 0.490664 0.869216 2.164000 0.000000 0.000000 0.000000 1.000000
0.883445 0.431714 -0.182064 4.918400 -0.464562 0.756623 -0.460113 5.220700 -0.060883 0.491065 0.868993 2.164000 0.000000 0.000000 0.000000 1.000000
0.883690 0.431202 -0.182091 4.918400 -0.464101 0.756602 -0.460613 5.220700 -0.060847 0.491547 0.868723 2.164000 0.000000 0.000000 0.000000 1.000000
0.883932 0.430693 -0.182117 4.918400 -0.463644 0.756580 -0.461108 5.220700 -0.060810 0.492026 0.868454 2.164000 0.000000 0.000000 0.000000 1.000000
0.884129 0.430280 -0.182139 4.918400 -0.463272 0.756563 -0.461510 5.220700 -0.060779 0.492415 0.868236 2.164000 0.000000 0.000000 0.000000 1.000000
0.884232 0.430054 -0.182172 4.918400 -0.463081 0.756553 -0.461719 5.220700 -0.060742 0.492627 0.868118 2.164000 0.000000 0.000000 0.000000 1.000000
0.884208 0.430107 -0.182163 4.918400 -0.463125 0.756555 -0.461670 5.220700 -0.060751 0.492577 0.868146 2.164000 0.000000 0.000000 0.000000 1.000000
0.884010 0.430531 -0.182126 4.918400 -0.463498 0.756573 -0.461266 5.220700 -0.060798 0.492179 0.868368 2.164000 0.000000 0.000000 0.000000 1.000000
0.883592 0.431407 -0.182080 4.918400 -0.464285 0.756610 -0.460413 5.220700 -0.060861 0.491354 0.868831 2.164000 0.000000 0.000000 0.000000 1.000000
0.882891 0.432873 -0.182003 4.918400 -0.465604 0.756669 -0.458982 5.220700 -0.060965 0.489973 0.869603 2.164000 0.000000 0.000000 0.000000 1.000000
0.881646 0.435459 -0.181867 4.918400 -0.467935 0.756763 -0.456451 5.220700 -0.061136 0.487530 0.870963 2.164000 0.000000 0.000000 0.000000 1.000000
0.879799 0.439262 -0.181665 4.918400 -0.471368 0.756876 -0.452715 5.220700 -0.061363 0.483929 0.872953 2.164000 0.000000 0.000000 0.000000 1.000000
0.877657 0.443623 -0.181431 4.918400 -0.475317 0.756970 -0.448408 5.220700 -0.061586 0.479786 0.875222 2.164000 0.000000 0.000000 0.000000 1.000000
0.875341 0.448277 -0.181178 4.918400 -0.479543 0.757029 -0.443786 5.220700 -0.061782 0.475347 0.877626 2.164000 0.000000 0.000000 0.000000 1.000000
0.872760 0.453395 -0.180897 4.918400 -0.484204 0.757043 -0.438672 5.220700 -0.061945 0.470446 0.880252 2.164000 0.000000 0.000000 0.000000 1.000000
0.869819 0.459138 -0.180576 4.918400 -0.489453 0.756995 -0.432891 5.220700 -0.062062 0.464920 0.883175 2.164000 0.000000 0.000000 0.000000 1.000000
0.866056 0.466356 -0.180165 4.918400 -0.496075 0.756838 -0.425566 5.220700 -0.062109 0.457939 0.886811 2.164000 0.000000 0.000000 0.000000 1.000000</float_array>
        <technique_common>
          <accessor source="#mixamorig_RightHandThumb1-Matrix-animation-output-transform-array" count="35" stride="16">
            <param type="float4x4"/>
          </accessor>
        </technique_common>
      </source>
      <source id="mixamorig_RightHandThumb1-Interpolations">
        <Name_array id="mixamorig_RightHandThumb1-Interpolations-array" count="35">
 LINEAR LINEAR LINEAR LINEAR LINEAR LINEAR LINEAR LINEAR LINEAR LINEAR LINEAR
LINEAR LINEAR LINEAR LINEAR LINEAR LINEAR LINEAR LINEAR LINEAR LINEAR LINEAR LINEAR
LINEAR LINEAR LINEAR LINEAR LINEAR LINEAR LINEAR LINEAR LINEAR LINEAR LINEAR LINEAR</Name_array>
        <technique_common>
          <accessor source="#mixamorig_RightHandThumb1-Interpolations-array" count="35">
            <param type="name"/>
          </accessor>
        </technique_common>
      </source>
      <sampler id="mixamorig_RightHandThumb1-Matrix-animation-transform">
        <input semantic="INPUT" source="#mixamorig_RightHandThumb1-Matrix-animation-input"/>
        <input semantic="OUTPUT" source="#mixamorig_RightHandThumb1-Matrix-animation-output-transform"/>
        <input semantic="INTERPOLATION" source="#mixamorig_RightHandThumb1-Interpolations"/>
      </sampler>
      <channel source="#mixamorig_RightHandThumb1-Matrix-animation-transform" target="mixamorig_RightHandThumb1/matrix"/>
    </animation>
    <animation id="mixamorig_RightHandThumb2-anim" name="mixamorig_RightHandThumb2">
      <source id="mixamorig_RightHandThumb2-Matrix-animation-input">
        <float_array id="mixamorig_RightHandThumb2-Matrix-animation-input-array" count="35">

0.000000 0.033333 0.066667 0.100000 0.133333 0.166667 0.200000 0.233333 0.266667 0.300000 0.333333 0.366667 0.400000 0.433333 0.466667 0.500000
0.533333 0.566667 0.600000 0.633333 0.666667 0.700000 0.733333 0.766667 0.800000 0.833333 0.866667 0.900000 0.933333 0.966667 1.000000 1.033333
1.066667 1.100000 1.133333</float_array>
        <technique_common>
          <accessor source="#mixamorig_RightHandThumb2-Matrix-animation-input-array" count="35">
            <param name="TIME" type="float"/>
          </accessor>
        </technique_common>
      </source>
      <source id="mixamorig_RightHandThumb2-Matrix-animation-output-transform">
        <float_array id="mixamorig_RightHandThumb2-Matrix-animation-output-transform-array" count="560">

0.800342 -0.590209 0.105387 0.000000 0.598005 0.773271 -0.210812 2.420100 0.042931 0.231743 0.971829 0.000000 0.000000 0.000000 0.000000 1.000000
0.796379 -0.595248 0.107051 0.000000 0.603083 0.768260 -0.214632 2.420100 0.045516 0.235489 0.970810 -0.000000 0.000000 0.000000 0.000000 1.000000
0.792496 -0.600119 0.108660 0.000000 0.607979 0.763342 -0.218337 2.420100 0.048084 0.239094 0.969805 0.000000 0.000000 0.000000 0.000000 1.000000
0.788701 -0.604818 0.110210 -0.000000 0.612689 0.758526 -0.221923 2.420100 0.050626 0.242555 0.968816 -0.000000 0.000000 0.000000 0.000000 1.000000
0.785003 -0.609339 0.111700 -0.000000 0.617209 0.753826 -0.225386 2.420100 0.053134 0.245871 0.967845 0.000000 0.000000 0.000000 0.000000 1.000000
0.781409 -0.613679 0.113130 -0.000000 0.621537 0.749252 -0.228721 2.420100 0.055598 0.249039 0.966896 0.000000 0.000000 0.000000 0.000000 1.000000
0.777928 -0.617833 0.114498 0.000000 0.625669 0.744815 -0.231923 2.420100 0.058010 0.252057 0.965972 -0.000000 0.000000 0.000000 0.000000 1.000000
0.774568 -0.621799 0.115802 0.000000 0.629604 0.740526 -0.234990 2.420100 0.060362 0.254925 0.965075 0.000000 0.000000 0.000000 0.000000 1.000000
0.771338 -0.625571 0.117042 0.000000 0.633336 0.736398 -0.237916 2.420100 0.062644 0.257640 0.964208 0.000000 0.000000 0.000000 0.000000 1.000000
0.768244 -0.629148 0.118215 0.000000 0.636864 0.732440 -0.240698 2.420100 0.064849 0.260202 0.963374 0.000000 0.000000 0.000000 0.000000 1.000000
0.765298 -0.632514 0.119354 0.000000 0.640188 0.728672 -0.243303 2.420100 0.066923 0.262608 0.962579 -0.000000 0.000000 0.000000 0.000000 1.000000
0.763125 -0.634823 0.120996 0.000000 0.642724 0.726007 -0.244580 2.420100 0.067421 0.264412 0.962050 0.000000 0.000000 0.000000 0.000000 1.000000
0.761597 -0.636377 0.122447 0.000000 0.644537 0.724176 -0.245236 2.420100 0.067389 0.265693 0.961700 0.000000 0.000000 0.000000 0.000000 1.000000
0.760123 -0.637868 0.123842 0.000000 0.646278 0.722409 -0.245865 2.420100 0.067365 0.266924 0.961360 0.000000 0.000000 0.000000 0.000000 1.000000
0.758704 -0.639296 0.125180 0.000000 0.647945 0.720708 -0.246468 2.420100 0.067348 0.268106 0.961032 0.000000 0.000000 0.000000 0.000000 1.000000
0.757302 -0.640697 0.126496 0.000000 0.649584 0.719028 -0.247061 2.420100 0.067337 0.269269 0.960708 0.000000 0.000000 0.000000 0.000000 1.000000
0.756288 -0.641706 0.127446 0.000000 0.650765 0.717812 -0.247488 2.420100 0.067332 0.270110 0.960472 -0.000000 0.000000 0.000000 0.000000 1.000000
0.755938 -0.642055 0.127767 0.000000 0.651172 0.717395 -0.247628 2.420100 0.067331 0.270390 0.960394 0.000000 0.000000 0.000000 0.000000 1.000000
0.755628 -0.642366 0.128036 0.000000 0.651532 0.717031 -0.247736 2.420100 0.067332 0.270616 0.960330 0.000000 0.000000 0.000000 0.000000 1.000000
0.754989 -0.643006 0.128591 0.000000 0.652272 0.716281 -0.247959 2.420100 0.067332 0.271082 0.960198 -0.000000 0.000000 0.000000 0.000000 1.000000
0.754217 -0.643776 0.129260 0.000000 0.653163 0.715375 -0.248227 2.420100 0.067334 0.271645 0.960039 0.000000 0.000000 0.000000 0.000000 1.000000
0.753451 -0.644540 0.129923 0.000000 0.654047 0.714474 -0.248493 2.420100 0.067337 0.272203 0.959881 0.000000 0.000000 0.000000 0.000000 1.000000
0.752828 -0.645159 0.130462 0.000000 0.654763 0.713743 -0.248709 2.420100 0.067341 0.272657 0.959752 0.000000 0.000000 0.000000 0.000000 1.000000
0.752485 -0.645501 0.130749 0.000000 0.655158 0.713343 -0.248817 2.420100 0.067343 0.272892 0.959685 0.000000 0.000000 0.000000 0.000000 1.000000
0.752567 -0.645418 0.130687 0.000000 0.655063 0.713436 -0.248799 2.420100 0.067343 0.272846 0.959698 0.000000 0.000000 0.000000 0.000000 1.000000
0.753206 -0.644783 0.130135 -0.000000 0.654329 0.714187 -0.248578 2.420100 0.067338 0.272381 0.959830 0.000000 0.000000 0.000000 0.000000 1.000000
0.754526 -0.643468 0.128992 0.000000 0.652806 0.715738 -0.248120 2.420100 0.067333 0.271419 0.960103 0.000000 0.000000 0.000000 0.000000 1.000000
0.756729 -0.641259 0.127077 0.000000 0.650252 0.718325 -0.247350 2.420100 0.067333 0.269809 0.960557 0.000000 0.000000 0.000000 0.000000 1.000000
0.760598 -0.637332 0.123685 0.000000 0.645718 0.722869 -0.245984 2.420100 0.067366 0.266961 0.961350 0.000000 0.000000 0.000000 0.000000 1.000000
0.766297 -0.631290 0.119424 0.000000 0.639041 0.729678 -0.243305 2.420100 0.066454 0.262761 0.962570 0.000000 0.000000 0.000000 0.000000 1.000000
0.772919 -0.623739 0.116386 0.000000 0.631378 0.737871 -0.238555 2.420100 0.062918 0.257867 0.964130 0.000000 0.000000 0.000000 0.000000 1.000000
0.779974 -0.615390 0.113737 0.000000 0.623082 0.746681 -0.232886 2.420100 0.058391 0.252512 0.965830 0.000000 0.000000 0.000000 0.000000 1.000000
0.787650 -0.606098 0.110693 0.000000 0.613781 0.756237 -0.226669 2.420100 0.053673 0.246477 0.967661 0.000000 0.000000 0.000000 0.000000 1.000000
0.796171 -0.595497 0.107216 0.000000 0.603120 0.766821 -0.219620 2.420100 0.048567 0.239519 0.969676 0.000000 0.000000 0.000000 0.000000 1.000000
0.806729 -0.581918 0.102757 0.000000 0.589395 0.779897 -0.210652 2.420100 0.042442 0.230503 0.972145 0.000000 0.000000 0.000000 0.000000 1.000000</float_array>
        <technique_common>
          <accessor source="#mixamorig_RightHandThumb2-Matrix-animation-output-transform-array" count="35" stride="16">
            <param type="float4x4"/>
          </accessor>
        </technique_common>
      </source>
      <source id="mixamorig_RightHandThumb2-Interpolations">
        <Name_array id="mixamorig_RightHandThumb2-Interpolations-array" count="35">
 LINEAR LINEAR LINEAR LINEAR LINEAR LINEAR LINEAR LINEAR LINEAR LINEAR LINEAR
LINEAR LINEAR LINEAR LINEAR LINEAR LINEAR LINEAR LINEAR LINEAR LINEAR LINEAR LINEAR
LINEAR LINEAR LINEAR LINEAR LINEAR LINEAR LINEAR LINEAR LINEAR LINEAR LINEAR LINEAR</Name_array>
        <technique_common>
          <accessor source="#mixamorig_RightHandThumb2-Interpolations-array" count="35">
            <param type="name"/>
          </accessor>
        </technique_common>
      </source>
      <sampler id="mixamorig_RightHandThumb2-Matrix-animation-transform">
        <input semantic="INPUT" source="#mixamorig_RightHandThumb2-Matrix-animation-input"/>
        <input semantic="OUTPUT" source="#mixamorig_RightHandThumb2-Matrix-animation-output-transform"/>
        <input semantic="INTERPOLATION" source="#mixamorig_RightHandThumb2-Interpolations"/>
      </sampler>
      <channel source="#mixamorig_RightHandThumb2-Matrix-animation-transform" target="mixamorig_RightHandThumb2/matrix"/>
    </animation>
    <animation id="mixamorig_RightHandThumb3-anim" name="mixamorig_RightHandThumb3">
      <source id="mixamorig_RightHandThumb3-Matrix-animation-input">
        <float_array id="mixamorig_RightHandThumb3-Matrix-animation-input-array" count="35">

0.000000 0.033333 0.066667 0.100000 0.133333 0.166667 0.200000 0.233333 0.266667 0.300000 0.333333 0.366667 0.400000 0.433333 0.466667 0.500000
0.533333 0.566667 0.600000 0.633333 0.666667 0.700000 0.733333 0.766667 0.800000 0.833333 0.866667 0.900000 0.933333 0.966667 1.000000 1.033333
1.066667 1.100000 1.133333</float_array>
        <technique_common>
          <accessor source="#mixamorig_RightHandThumb3-Matrix-animation-input-array" count="35">
            <param name="TIME" type="float"/>
          </accessor>
        </technique_common>
      </source>
      <source id="mixamorig_RightHandThumb3-Matrix-animation-output-transform">
        <float_array id="mixamorig_RightHandThumb3-Matrix-animation-output-transform-array" count="560">

0.778488 -0.625536 -0.051585 0.000000 0.623011 0.780092 -0.057561 2.706400 0.076247 0.012672 0.997008 0.000000 0.000000 0.000000 0.000000 1.000000
0.772409 -0.633202 -0.049397 0.000000 0.630391 0.773808 -0.061879 2.706400 0.077406 0.016656 0.996861 0.000000 0.000000 0.000000 0.000000 1.000000
0.766387 -0.640637 -0.047269 0.000000 0.637550 0.767570 -0.066081 2.706400 0.078616 0.020507 0.996694 0.000000 0.000000 0.000000 0.000000 1.000000
0.760435 -0.647839 -0.045204 0.000000 0.644484 0.761393 -0.070159 2.706400 0.079870 0.024218 0.996511 0.000000 0.000000 0.000000 0.000000 1.000000
0.754565 -0.654802 -0.043204 -0.000000 0.651188 0.755290 -0.074108 2.706400 0.081158 0.027786 0.996314 0.000000 0.000000 0.000000 0.000000 1.000000
0.748789 -0.661522 -0.041272 0.000000 0.657658 0.749276 -0.077923 2.706400 0.082472 0.031205 0.996105 0.000000 0.000000 0.000000 0.000000 1.000000
0.743119 -0.667997 -0.039412 0.000000 0.663890 0.743365 -0.081596 2.706400 0.083804 0.034470 0.995886 0.000000 0.000000 0.000000 0.000000 1.000000
0.737570 -0.674222 -0.037627 0.000000 0.669882 0.737572 -0.085122 2.706400 0.085143 0.037578 0.995660 0.000000 0.000000 0.000000 0.000000 1.000000
0.732152 -0.680193 -0.035917 0.000000 0.675629 0.731912 -0.088495 2.706400 0.086482 0.040525 0.995429 0.000000 0.000000 0.000000 0.000000 1.000000
0.726879 -0.685909 -0.034288 0.000000 0.681128 0.726398 -0.091708 2.706400 0.087810 0.043306 0.995195 0.000000 0.000000 0.000000 0.000000 1.000000
0.721751 -0.691377 -0.032750 0.000000 0.686392 0.721035 -0.094736 2.706400 0.089113 0.045896 0.994964 0.000000 0.000000 0.000000 0.000000 1.000000
0.717555 -0.695779 -0.031724 -0.000000 0.690660 0.716684 -0.096710 2.706400 0.090025 0.047484 0.994807 0.000000 0.000000 0.000000 0.000000 1.000000
0.714405 -0.699042 -0.031062 0.000000 0.693837 0.713438 -0.097958 2.706400 0.090637 0.048429 0.994706 -0.000000 0.000000 0.000000 0.000000 1.000000
0.711337 -0.702192 -0.030420 0.000000 0.696903 0.710276 -0.099168 2.706400 0.091242 0.049342 0.994606 0.000000 0.000000 0.000000 0.000000 1.000000
0.708344 -0.705238 -0.029804 0.000000 0.699869 0.707190 -0.100327 2.706400 0.091831 0.050207 0.994508 0.000000 0.000000 0.000000 0.000000 1.000000
0.705419 -0.708189 -0.029200 -0.000000 0.702739 0.704175 -0.101465 2.706400 0.092418 0.051056 0.994410 0.000000 0.000000 0.000000 0.000000 1.000000
0.702608 -0.710996 -0.028745 0.000000 0.705489 0.701301 -0.102285 2.706400 0.092883 0.051587 0.994340 0.000000 0.000000 0.000000 0.000000 1.000000
0.700291 -0.713287 -0.028550 0.000000 0.707759 0.698969 -0.102569 2.706400 0.093116 0.051622 0.994316 -0.000000 0.000000 0.000000 0.000000 1.000000
0.698730 -0.714822 -0.028386 0.000000 0.709275 0.697392 -0.102830 2.706400 0.093301 0.051717 0.994294 -0.000000 0.000000 0.000000 0.000000 1.000000
0.697790 -0.715750 -0.028115 0.000000 0.710166 0.696406 -0.103365 2.706400 0.093563 0.052161 0.994246 0.000000 0.000000 0.000000 0.000000 1.000000
0.697337 -0.716204 -0.027807 0.000000 0.710574 0.695893 -0.104008 2.706400 0.093842 0.052770 0.994188 0.000000 0.000000 0.000000 0.000000 1.000000
0.697231 -0.716319 -0.027512 0.000000 0.710643 0.695726 -0.104647 2.706400 0.094101 0.053412 0.994129 0.000000 0.000000 0.000000 0.000000 1.000000
0.697367 -0.716195 -0.027279 0.000000 0.710484 0.695811 -0.105164 2.706400 0.094299 0.053957 0.994081 0.000000 0.000000 0.000000 0.000000 1.000000
0.698004 -0.715579 -0.027169 -0.000000 0.709848 0.696417 -0.105446 2.706400 0.094375 0.054316 0.994054 0.000000 0.000000 0.000000 0.000000 1.000000
0.699298 -0.714311 -0.027234 0.000000 0.708586 0.697711 -0.105382 2.706400 0.094277 0.054396 0.994059 0.000000 0.000000 0.000000 0.000000 1.000000
0.700928 -0.712700 -0.027523 0.000000 0.707013 0.699384 -0.104851 2.706400 0.093977 0.054034 0.994107 0.000000 0.000000 0.000000 0.000000 1.000000
0.702464 -0.711166 -0.028069 0.000000 0.705556 0.701018 -0.103752 2.706400 0.093462 0.053077 0.994207 0.000000 0.000000 0.000000 0.000000 1.000000
0.703964 -0.709645 -0.028956 -0.000000 0.704164 0.702686 -0.101906 2.706400 0.092665 0.051348 0.994372 0.000000 0.000000 0.000000 0.000000 1.000000
0.709833 -0.703705 -0.030601 0.000000 0.698450 0.708823 -0.098680 2.706400 0.091132 0.048673 0.994649 0.000000 0.000000 0.000000 0.000000 1.000000
0.720950 -0.692185 -0.033316 -0.000000 0.687288 0.720348 -0.093453 2.706400 0.088686 0.044477 0.995066 0.000000 0.000000 0.000000 0.000000 1.000000
0.732459 -0.679817 -0.036762 0.000000 0.675376 0.732362 -0.086679 2.706400 0.085849 0.038661 0.995558 0.000000 0.000000 0.000000 0.000000 1.000000
0.743750 -0.667226 -0.040555 -0.000000 0.663285 0.744169 -0.079158 2.706400 0.082996 0.031975 0.996037 0.000000 0.000000 0.000000 0.000000 1.000000
0.756036 -0.653000 -0.044731 -0.000000 0.649604 0.756960 -0.070899 2.706400 0.080157 0.024545 0.996480 0.000000 0.000000 0.000000 0.000000 1.000000
0.769543 -0.636678 -0.049442 0.000000 0.633895 0.770962 -0.061597 2.706400 0.077336 0.016061 0.996876 0.000000 0.000000 0.000000 0.000000 1.000000
0.786078 -0.615640 -0.055397 0.000000 0.613640 0.788010 -0.049861 2.706400 0.074350 0.005200 0.997219 0.000000 0.000000 0.000000 0.000000 1.000000</float_array>
        <technique_common>
          <accessor source="#mixamorig_RightHandThumb3-Matrix-animation-output-transform-array" count="35" stride="16">
            <param type="float4x4"/>
          </accessor>
        </technique_common>
      </source>
      <source id="mixamorig_RightHandThumb3-Interpolations">
        <Name_array id="mixamorig_RightHandThumb3-Interpolations-array" count="35">
 LINEAR LINEAR LINEAR LINEAR LINEAR LINEAR LINEAR LINEAR LINEAR LINEAR LINEAR
LINEAR LINEAR LINEAR LINEAR LINEAR LINEAR LINEAR LINEAR LINEAR LINEAR LINEAR LINEAR
LINEAR LINEAR LINEAR LINEAR LINEAR LINEAR LINEAR LINEAR LINEAR LINEAR LINEAR LINEAR</Name_array>
        <technique_common>
          <accessor source="#mixamorig_RightHandThumb3-Interpolations-array" count="35">
            <param type="name"/>
          </accessor>
        </technique_common>
      </source>
      <sampler id="mixamorig_RightHandThumb3-Matrix-animation-transform">
        <input semantic="INPUT" source="#mixamorig_RightHandThumb3-Matrix-animation-input"/>
        <input semantic="OUTPUT" source="#mixamorig_RightHandThumb3-Matrix-animation-output-transform"/>
        <input semantic="INTERPOLATION" source="#mixamorig_RightHandThumb3-Interpolations"/>
      </sampler>
      <channel source="#mixamorig_RightHandThumb3-Matrix-animation-transform" target="mixamorig_RightHandThumb3/matrix"/>
    </animation>
    <animation id="mixamorig_RightHandIndex1-anim" name="mixamorig_RightHandIndex1">
      <source id="mixamorig_RightHandIndex1-Matrix-animation-input">
        <float_array id="mixamorig_RightHandIndex1-Matrix-animation-input-array" count="35">

0.000000 0.033333 0.066667 0.100000 0.133333 0.166667 0.200000 0.233333 0.266667 0.300000 0.333333 0.366667 0.400000 0.433333 0.466667 0.500000
0.533333 0.566667 0.600000 0.633333 0.666667 0.700000 0.733333 0.766667 0.800000 0.833333 0.866667 0.900000 0.933333 0.966667 1.000000 1.033333
1.066667 1.100000 1.133333</float_array>
        <technique_common>
          <accessor source="#mixamorig_RightHandIndex1-Matrix-animation-input-array" count="35">
            <param name="TIME" type="float"/>
          </accessor>
        </technique_common>
      </source>
      <source id="mixamorig_RightHandIndex1-Matrix-animation-output-transform">
        <float_array id="mixamorig_RightHandIndex1-Matrix-animation-output-transform-array" count="560">

0.998989 -0.044932 0.001559 3.264500 0.044948 0.997373 -0.056810 13.491000 0.000998 0.056823 0.998384 0.380000 0.000000 0.000000 0.000000 1.000000
0.998986 -0.044991 0.001570 3.264500 0.045008 0.997355 -0.057068 13.491000 0.001002 0.057081 0.998369 0.380000 0.000000 0.000000 0.000000 1.000000
0.998984 -0.045048 0.001582 3.264500 0.045064 0.997338 -0.057324 13.491000 0.001005 0.057337 0.998354 0.380000 0.000000 0.000000 0.000000 1.000000
0.998981 -0.045099 0.001593 3.264500 0.045116 0.997321 -0.057580 13.491000 0.001008 0.057593 0.998340 0.380000 0.000000 0.000000 0.000000 1.000000
0.998979 -0.045146 0.001604 3.264500 0.045163 0.997304 -0.057835 13.491000 0.001011 0.057848 0.998325 0.380000 0.000000 0.000000 0.000000 1.000000
0.998977 -0.045189 0.001615 3.264500 0.045207 0.997288 -0.058070 13.491000 0.001013 0.058084 0.998311 0.380000 0.000000 0.000000 0.000000 1.000000
0.998975 -0.045229 0.001625 3.264500 0.045247 0.997273 -0.058304 13.491000 0.001016 0.058318 0.998298 0.380000 0.000000 0.000000 0.000000 1.000000
0.998974 -0.045266 0.001636 3.264500 0.045284 0.997258 -0.058537 13.491000 0.001019 0.058551 0.998284 0.380000 0.000000 0.000000 0.000000 1.000000
0.998972 -0.045301 0.001646 3.264500 0.045319 0.997242 -0.058769 13.491000 0.001021 0.058783 0.998270 0.380000 0.000000 0.000000 0.000000 1.000000
0.998971 -0.045332 0.001657 3.264500 0.045351 0.997227 -0.058998 13.491000 0.001022 0.059013 0.998257 0.380000 0.000000 0.000000 0.000000 1.000000
0.998969 -0.045362 0.001667 3.264500 0.045381 0.997212 -0.059227 13.491000 0.001025 0.059242 0.998243 0.380000 0.000000 0.000000 0.000000 1.000000
0.998968 -0.045391 0.001677 3.264500 0.045410 0.997198 -0.059455 13.491000 0.001026 0.059470 0.998230 0.380000 0.000000 0.000000 0.000000 1.000000
0.998967 -0.045419 0.001687 3.264500 0.045438 0.997183 -0.059682 13.491000 0.001028 0.059697 0.998216 0.380000 0.000000 0.000000 0.000000 1.000000
0.998965 -0.045446 0.001697 3.264500 0.045466 0.997168 -0.059909 13.491000 0.001030 0.059924 0.998202 0.380000 0.000000 0.000000 0.000000 1.000000
0.998964 -0.045474 0.001707 3.264500 0.045494 0.997153 -0.060136 13.491000 0.001032 0.060151 0.998189 0.380000 0.000000 0.000000 0.000000 1.000000
0.998963 -0.045500 0.001718 3.264500 0.045521 0.997138 -0.060362 13.491000 0.001034 0.060377 0.998175 0.380000 0.000000 0.000000 0.000000 1.000000
0.998962 -0.045526 0.001728 3.264500 0.045547 0.997123 -0.060589 13.491000 0.001036 0.060604 0.998161 0.380000 0.000000 0.000000 0.000000 1.000000
0.998960 -0.045552 0.001738 3.264500 0.045573 0.997108 -0.060816 13.491000 0.001037 0.060832 0.998147 0.380000 0.000000 0.000000 0.000000 1.000000
0.998959 -0.045577 0.001748 3.264500 0.045599 0.997093 -0.061044 13.491000 0.001039 0.061061 0.998134 0.380000 0.000000 0.000000 0.000000 1.000000
0.998958 -0.045601 0.001758 3.264500 0.045623 0.997078 -0.061273 13.491000 0.001041 0.061290 0.998119 0.380000 0.000000 0.000000 0.000000 1.000000
0.998957 -0.045625 0.001769 3.264500 0.045648 0.997063 -0.061503 13.491000 0.001043 0.061520 0.998105 0.380000 0.000000 0.000000 0.000000 1.000000
0.998956 -0.045649 0.001779 3.264500 0.045672 0.997047 -0.061735 13.491000 0.001044 0.061752 0.998091 0.380000 0.000000 0.000000 0.000000 1.000000
0.998955 -0.045673 0.001790 3.264500 0.045696 0.997032 -0.061968 13.491000 0.001046 0.061985 0.998077 0.380000 0.000000 0.000000 0.000000 1.000000
0.998954 -0.045696 0.001800 3.264500 0.045720 0.997016 -0.062203 13.491000 0.001048 0.062220 0.998062 0.380000 0.000000 0.000000 0.000000 1.000000
0.998953 -0.045719 0.001811 3.264500 0.045743 0.997000 -0.062439 13.491000 0.001049 0.062457 0.998047 0.380000 0.000000 0.000000 0.000000 1.000000
0.998952 -0.045741 0.001821 3.264500 0.045766 0.996984 -0.062675 13.491000 0.001051 0.062693 0.998032 0.380000 0.000000 0.000000 0.000000 1.000000
0.998951 -0.045764 0.001832 3.264500 0.045788 0.996968 -0.062914 13.491000 0.001053 0.062932 0.998017 0.380000 0.000000 0.000000 0.000000 1.000000
0.998950 -0.045787 0.001843 3.264500 0.045811 0.996951 -0.063161 13.491000 0.001054 0.063179 0.998002 0.380000 0.000000 0.000000 0.000000 1.000000
0.998948 -0.045810 0.001855 3.264500 0.045835 0.996934 -0.063416 13.491000 0.001056 0.063434 0.997985 0.380000 0.000000 0.000000 0.000000 1.000000
0.998947 -0.045832 0.001866 3.264500 0.045858 0.996917 -0.063674 13.491000 0.001058 0.063692 0.997969 0.380000 0.000000 0.000000 0.000000 1.000000
0.998946 -0.045855 0.001878 3.264500 0.045881 0.996899 -0.063933 13.491000 0.001059 0.063952 0.997952 0.380000 0.000000 0.000000 0.000000 1.000000
0.998945 -0.045877 0.001890 3.264500 0.045904 0.996881 -0.064196 13.491000 0.001061 0.064215 0.997936 0.380000 0.000000 0.000000 0.000000 1.000000
0.998944 -0.045899 0.001902 3.264500 0.045926 0.996863 -0.064461 13.491000 0.001063 0.064480 0.997918 0.380000 0.000000 0.000000 0.000000 1.000000
0.998943 -0.045921 0.001914 3.264500 0.045949 0.996845 -0.064728 13.491000 0.001064 0.064747 0.997901 0.380000 0.000000 0.000000 0.000000 1.000000
0.998942 -0.045943 0.001926 3.264500 0.045971 0.996826 -0.064998 13.491000 0.001066 0.065018 0.997884 0.380000 0.000000 0.000000 0.000000 1.000000</float_array>
        <technique_common>
          <accessor source="#mixamorig_RightHandIndex1-Matrix-animation-output-transform-array" count="35" stride="16">
            <param type="float4x4"/>
          </accessor>
        </technique_common>
      </source>
      <source id="mixamorig_RightHandIndex1-Interpolations">
        <Name_array id="mixamorig_RightHandIndex1-Interpolations-array" count="35">
 LINEAR LINEAR LINEAR LINEAR LINEAR LINEAR LINEAR LINEAR LINEAR LINEAR LINEAR
LINEAR LINEAR LINEAR LINEAR LINEAR LINEAR LINEAR LINEAR LINEAR LINEAR LINEAR LINEAR
LINEAR LINEAR LINEAR LINEAR LINEAR LINEAR LINEAR LINEAR LINEAR LINEAR LINEAR LINEAR</Name_array>
        <technique_common>
          <accessor source="#mixamorig_RightHandIndex1-Interpolations-array" count="35">
            <param type="name"/>
          </accessor>
        </technique_common>
      </source>
      <sampler id="mixamorig_RightHandIndex1-Matrix-animation-transform">
        <input semantic="INPUT" source="#mixamorig_RightHandIndex1-Matrix-animation-input"/>
        <input semantic="OUTPUT" source="#mixamorig_RightHandIndex1-Matrix-animation-output-transform"/>
        <input semantic="INTERPOLATION" source="#mixamorig_RightHandIndex1-Interpolations"/>
      </sampler>
      <channel source="#mixamorig_RightHandIndex1-Matrix-animation-transform" target="mixamorig_RightHandIndex1/matrix"/>
    </animation>
    <animation id="mixamorig_RightHandIndex2-anim" name="mixamorig_RightHandIndex2">
      <source id="mixamorig_RightHandIndex2-Matrix-animation-input">
        <float_array id="mixamorig_RightHandIndex2-Matrix-animation-input-array" count="35">

0.000000 0.033333 0.066667 0.100000 0.133333 0.166667 0.200000 0.233333 0.266667 0.300000 0.333333 0.366667 0.400000 0.433333 0.466667 0.500000
0.533333 0.566667 0.600000 0.633333 0.666667 0.700000 0.733333 0.766667 0.800000 0.833333 0.866667 0.900000 0.933333 0.966667 1.000000 1.033333
1.066667 1.100000 1.133333</float_array>
        <technique_common>
          <accessor source="#mixamorig_RightHandIndex2-Matrix-animation-input-array" count="35">
            <param name="TIME" type="float"/>
          </accessor>
        </technique_common>
      </source>
      <source id="mixamorig_RightHandIndex2-Matrix-animation-output-transform">
        <float_array id="mixamorig_RightHandIndex2-Matrix-animation-output-transform-array" count="560">

1.000000 -0.000000 -0.000000 0.000000 0.000000 1.000000 -0.000000 2.599000 0.000000 0.000000 1.000000 -0.000000 0.000000 0.000000 0.000000 1.000000
1.000000 0.000000 -0.000000 -0.000000 -0.000000 1.000000 0.000000 2.599000 -0.000000 0.000000 1.000000 0.000000 0.000000 0.000000 0.000000 1.000000
1.000000 -0.000000 -0.000000 0.000000 -0.000000 1.000000 0.000000 2.599000 0.000000 -0.000000 1.000000 -0.000000 0.000000 0.000000 0.000000 1.000000
1.000000 -0.000000 0.000000 0.000000 0.000000 1.000000 -0.000001 2.599000 -0.000000 0.000001 1.000000 -0.000000 0.000000 0.000000 0.000000 1.000000
1.000000 -0.000000 -0.000000 0.000000 0.000000 1.000000 -0.000001 2.599000 0.000000 0.000001 1.000000 -0.000000 0.000000 0.000000 0.000000 1.000000
1.000000 -0.000000 -0.000000 0.000000 0.000000 1.000000 -0.000000 2.599000 0.000000 0.000000 1.000000 0.000000 0.000000 0.000000 0.000000 1.000000
1.000000 0.000000 0.000000 0.000000 -0.000000 1.000000 -0.000000 2.599000 -0.000000 0.000000 1.000000 0.000000 0.000000 0.000000 0.000000 1.000000
1.000000 0.000000 0.000000 0.000000 -0.000000 1.000000 0.000000 2.599000 -0.000000 -0.000000 1.000000 -0.000000 0.000000 0.000000 0.000000 1.000000
1.000000 0.000000 -0.000000 0.000000 -0.000000 1.000000 -0.000001 2.599000 0.000000 0.000001 1.000000 0.000000 0.000000 0.000000 0.000000 1.000000
1.000000 0.000000 0.000000 -0.000000 -0.000000 1.000000 -0.000004 2.599000 -0.000000 0.000004 1.000000 0.000000 0.000000 0.000000 0.000000 1.000000
1.000000 0.000000 0.000000 0.000000 -0.000000 1.000000 -0.000004 2.599000 -0.000000 0.000004 1.000000 0.000000 0.000000 0.000000 0.000000 1.000000
1.000000 -0.000000 -0.000000 0.000000 -0.000000 1.000000 0.000000 2.599000 0.000000 0.000000 1.000000 -0.000000 0.000000 0.000000 0.000000 1.000000
1.000000 0.000000 0.000000 0.000000 -0.000000 1.000000 -0.000003 2.599000 -0.000000 0.000003 1.000000 0.000000 0.000000 0.000000 0.000000 1.000000
1.000000 -0.000000 0.000000 0.000000 0.000000 1.000000 -0.000002 2.599000 -0.000000 0.000002 1.000000 0.000000 0.000000 0.000000 0.000000 1.000000
1.000000 0.000000 0.000000 0.000000 -0.000000 1.000000 -0.000001 2.599000 -0.000000 0.000001 1.000000 -0.000000 0.000000 0.000000 0.000000 1.000000
1.000000 0.000000 -0.000000 -0.000000 -0.000000 1.000000 0.000000 2.599000 0.000000 -0.000000 1.000000 0.000000 0.000000 0.000000 0.000000 1.000000
1.000000 0.000000 0.000000 -0.000000 -0.000000 1.000000 -0.000002 2.599000 -0.000000 0.000002 1.000000 0.000000 0.000000 0.000000 0.000000 1.000000
1.000000 -0.000000 0.000000 0.000000 0.000000 1.000000 -0.000001 2.599000 -0.000000 0.000001 1.000000 0.000000 0.000000 0.000000 0.000000 1.000000
1.000000 -0.000000 -0.000000 0.000000 0.000000 1.000000 -0.000002 2.599000 0.000000 0.000002 1.000000 0.000000 0.000000 0.000000 0.000000 1.000000
1.000000 -0.000000 -0.000000 0.000000 0.000000 1.000000 -0.000004 2.599000 0.000000 0.000004 1.000000 -0.000000 0.000000 0.000000 0.000000 1.000000
1.000000 0.000000 0.000000 0.000000 0.000000 1.000000 0.000000 2.599000 0.000000 0.000000 1.000000 -0.000000 0.000000 0.000000 0.000000 1.000000
1.000000 -0.000000 -0.000000 0.000000 0.000000 1.000000 0.000000 2.599000 0.000000 -0.000000 1.000000 0.000000 0.000000 0.000000 0.000000 1.000000
1.000000 0.000000 0.000000 0.000000 -0.000000 1.000000 -0.000001 2.599000 -0.000000 0.000001 1.000000 0.000000 0.000000 0.000000 0.000000 1.000000
1.000000 -0.000000 -0.000000 0.000000 0.000000 1.000000 0.000000 2.599000 0.000000 -0.000000 1.000000 0.000000 0.000000 0.000000 0.000000 1.000000
1.000000 -0.000000 0.000000 0.000000 0.000000 1.000000 0.000000 2.599000 0.000000 0.000000 1.000000 -0.000000 0.000000 0.000000 0.000000 1.000000
1.000000 -0.000000 -0.000000 0.000000 0.000000 1.000000 0.000000 2.599000 0.000000 -0.000000 1.000000 0.000000 0.000000 0.000000 0.000000 1.000000
1.000000 0.000000 -0.000000 0.000000 -0.000000 1.000000 -0.000000 2.599000 0.000000 0.000000 1.000000 -0.000000 0.000000 0.000000 0.000000 1.000000
1.000000 -0.000000 0.000000 0.000000 0.000000 1.000000 -0.000003 2.599000 -0.000000 0.000003 1.000000 0.000000 0.000000 0.000000 0.000000 1.000000
1.000000 0.000000 0.000000 0.000000 -0.000000 1.000000 -0.000000 2.599000 -0.000000 0.000000 1.000000 0.000000 0.000000 0.000000 0.000000 1.000000
1.000000 0.000000 0.000000 0.000000 -0.000000 1.000000 -0.000001 2.599000 -0.000000 0.000001 1.000000 -0.000000 0.000000 0.000000 0.000000 1.000000
1.000000 0.000000 -0.000000 0.000000 -0.000000 1.000000 -0.000003 2.599000 0.000000 0.000003 1.000000 -0.000000 0.000000 0.000000 0.000000 1.000000
1.000000 0.000000 -0.000000 0.000000 -0.000000 1.000000 -0.000003 2.599000 0.000000 0.000003 1.000000 0.000000 0.000000 0.000000 0.000000 1.000000
1.000000 0.000000 0.000000 0.000000 -0.000000 1.000000 -0.000002 2.599000 -0.000000 0.000002 1.000000 0.000000 0.000000 0.000000 0.000000 1.000000
1.000000 0.000000 0.000000 -0.000000 0.000000 1.000000 0.000000 2.599000 0.000000 0.000000 1.000000 0.000000 0.000000 0.000000 0.000000 1.000000
1.000000 0.000000 -0.000000 -0.000000 -0.000000 1.000000 -0.000002 2.599000 0.000000 0.000002 1.000000 0.000000 0.000000 0.000000 0.000000 1.000000</float_array>
        <technique_common>
          <accessor source="#mixamorig_RightHandIndex2-Matrix-animation-output-transform-array" count="35" stride="16">
            <param type="float4x4"/>
          </accessor>
        </technique_common>
      </source>
      <source id="mixamorig_RightHandIndex2-Interpolations">
        <Name_array id="mixamorig_RightHandIndex2-Interpolations-array" count="35">
 LINEAR LINEAR LINEAR LINEAR LINEAR LINEAR LINEAR LINEAR LINEAR LINEAR LINEAR
LINEAR LINEAR LINEAR LINEAR LINEAR LINEAR LINEAR LINEAR LINEAR LINEAR LINEAR LINEAR
LINEAR LINEAR LINEAR LINEAR LINEAR LINEAR LINEAR LINEAR LINEAR LINEAR LINEAR LINEAR</Name_array>
        <technique_common>
          <accessor source="#mixamorig_RightHandIndex2-Interpolations-array" count="35">
            <param type="name"/>
          </accessor>
        </technique_common>
      </source>
      <sampler id="mixamorig_RightHandIndex2-Matrix-animation-transform">
        <input semantic="INPUT" source="#mixamorig_RightHandIndex2-Matrix-animation-input"/>
        <input semantic="OUTPUT" source="#mixamorig_RightHandIndex2-Matrix-animation-output-transform"/>
        <input semantic="INTERPOLATION" source="#mixamorig_RightHandIndex2-Interpolations"/>
      </sampler>
      <channel source="#mixamorig_RightHandIndex2-Matrix-animation-transform" target="mixamorig_RightHandIndex2/matrix"/>
    </animation>
    <animation id="mixamorig_RightHandIndex3-anim" name="mixamorig_RightHandIndex3">
      <source id="mixamorig_RightHandIndex3-Matrix-animation-input">
        <float_array id="mixamorig_RightHandIndex3-Matrix-animation-input-array" count="35">

0.000000 0.033333 0.066667 0.100000 0.133333 0.166667 0.200000 0.233333 0.266667 0.300000 0.333333 0.366667 0.400000 0.433333 0.466667 0.500000
0.533333 0.566667 0.600000 0.633333 0.666667 0.700000 0.733333 0.766667 0.800000 0.833333 0.866667 0.900000 0.933333 0.966667 1.000000 1.033333
1.066667 1.100000 1.133333</float_array>
        <technique_common>
          <accessor source="#mixamorig_RightHandIndex3-Matrix-animation-input-array" count="35">
            <param name="TIME" type="float"/>
          </accessor>
        </technique_common>
      </source>
      <source id="mixamorig_RightHandIndex3-Matrix-animation-output-transform">
        <float_array id="mixamorig_RightHandIndex3-Matrix-animation-output-transform-array" count="560">

1.000000 -0.000032 -0.000000 0.000000 0.000032 1.000000 -0.000396 2.436000 0.000000 0.000396 1.000000 0.000000 0.000000 0.000000 0.000000 1.000000
1.000000 -0.000032 0.000000 0.000000 0.000032 1.000000 -0.000399 2.436000 -0.000000 0.000399 1.000000 0.000000 0.000000 0.000000 0.000000 1.000000
1.000000 -0.000033 -0.000000 0.000000 0.000033 1.000000 -0.000400 2.436000 0.000000 0.000400 1.000000 0.000000 0.000000 0.000000 0.000000 1.000000
1.000000 -0.000033 0.000000 0.000000 0.000033 1.000000 -0.000401 2.436000 -0.000000 0.000401 1.000000 0.000000 0.000000 0.000000 0.000000 1.000000
1.000000 -0.000032 -0.000000 -0.000000 0.000032 1.000000 -0.000400 2.436000 0.000000 0.000400 1.000000 0.000000 0.000000 0.000000 0.000000 1.000000
1.000000 -0.000032 0.000000 -0.000000 0.000032 1.000000 -0.000398 2.436000 -0.000000 0.000398 1.000000 0.000000 0.000000 0.000000 0.000000 1.000000
1.000000 -0.000032 -0.000000 0.000000 0.000032 1.000000 -0.000395 2.436000 0.000000 0.000395 1.000000 0.000000 0.000000 0.000000 0.000000 1.000000
1.000000 -0.000032 -0.000000 0.000000 0.000032 1.000000 -0.000392 2.436000 0.000000 0.000392 1.000000 0.000000 0.000000 0.000000 0.000000 1.000000
1.000000 -0.000032 0.000000 0.000000 0.000032 1.000000 -0.000387 2.436000 -0.000000 0.000387 1.000000 -0.000000 0.000000 0.000000 0.000000 1.000000
1.000000 -0.000031 -0.000000 0.000000 0.000031 1.000000 -0.000381 2.436000 0.000000 0.000381 1.000000 0.000000 0.000000 0.000000 0.000000 1.000000
1.000000 -0.000030 0.000000 0.000000 0.000030 1.000000 -0.000375 2.436000 -0.000000 0.000375 1.000000 0.000000 0.000000 0.000000 0.000000 1.000000
1.000000 -0.000030 0.000000 -0.000000 0.000030 1.000000 -0.000368 2.436000 -0.000000 0.000368 1.000000 0.000000 0.000000 0.000000 0.000000 1.000000
1.000000 -0.000029 0.000000 0.000000 0.000029 1.000000 -0.000361 2.436000 -0.000000 0.000361 1.000000 0.000000 0.000000 0.000000 0.000000 1.000000
1.000000 -0.000029 -0.000000 0.000000 0.000029 1.000000 -0.000353 2.436000 0.000000 0.000353 1.000000 0.000000 0.000000 0.000000 0.000000 1.000000
1.000000 -0.000028 0.000000 0.000000 0.000028 1.000000 -0.000345 2.436000 0.000000 0.000345 1.000000 -0.000000 0.000000 0.000000 0.000000 1.000000
1.000000 -0.000028 -0.000000 0.000000 0.000028 1.000000 -0.000337 2.436000 0.000000 0.000337 1.000000 0.000000 0.000000 0.000000 0.000000 1.000000
1.000000 -0.000027 -0.000000 -0.000000 0.000027 1.000000 -0.000328 2.436000 0.000000 0.000328 1.000000 0.000000 0.000000 0.000000 0.000000 1.000000
1.000000 -0.000026 -0.000000 0.000000 0.000026 1.000000 -0.000319 2.436000 0.000000 0.000319 1.000000 -0.000000 0.000000 0.000000 0.000000 1.000000
1.000000 -0.000025 0.000000 0.000000 0.000025 1.000000 -0.000311 2.436000 0.000000 0.000311 1.000000 0.000000 0.000000 0.000000 0.000000 1.000000
1.000000 -0.000025 0.000000 0.000000 0.000025 1.000000 -0.000302 2.436000 -0.000000 0.000302 1.000000 0.000000 0.000000 0.000000 0.000000 1.000000
1.000000 -0.000023 -0.000000 0.000000 0.000023 1.000000 -0.000282 2.436000 0.000000 0.000282 1.000000 0.000000 0.000000 0.000000 0.000000 1.000000
1.000000 -0.000022 -0.000000 0.000000 0.000022 1.000000 -0.000264 2.436000 0.000000 0.000264 1.000000 0.000000 0.000000 0.000000 0.000000 1.000000
1.000000 -0.000020 0.000000 0.000000 0.000020 1.000000 -0.000246 2.436000 -0.000000 0.000246 1.000000 0.000000 0.000000 0.000000 0.000000 1.000000
1.000000 -0.000019 -0.000000 0.000000 0.000019 1.000000 -0.000230 2.436000 0.000000 0.000230 1.000000 0.000000 0.000000 0.000000 0.000000 1.000000
1.000000 -0.000017 -0.000000 0.000000 0.000017 1.000000 -0.000212 2.436000 0.000000 0.000212 1.000000 0.000000 0.000000 0.000000 0.000000 1.000000
1.000000 -0.000016 0.000000 0.000000 0.000016 1.000000 -0.000194 2.436000 0.000000 0.000194 1.000000 0.000000 0.000000 0.000000 0.000000 1.000000
1.000000 -0.000014 0.000000 -0.000000 0.000014 1.000000 -0.000173 2.436000 -0.000000 0.000173 1.000000 0.000000 0.000000 0.000000 0.000000 1.000000
1.000000 -0.000012 -0.000000 0.000000 0.000012 1.000000 -0.000149 2.436000 0.000000 0.000149 1.000000 -0.000000 0.000000 0.000000 0.000000 1.000000
1.000000 -0.000010 -0.000000 0.000000 0.000010 1.000000 -0.000121 2.436000 0.000000 0.000121 1.000000 0.000000 0.000000 0.000000 0.000000 1.000000
1.000000 -0.000006 -0.000000 0.000000 0.000006 1.000000 -0.000079 2.436000 0.000000 0.000079 1.000000 0.000000 0.000000 0.000000 0.000000 1.000000
1.000000 -0.000002 -0.000000 0.000000 0.000002 1.000000 -0.000024 2.436000 0.000000 0.000024 1.000000 0.000000 0.000000 0.000000 0.000000 1.000000
1.000000 0.000003 0.000000 0.000000 -0.000003 1.000000 0.000036 2.436000 -0.000000 -0.000036 1.000000 0.000000 0.000000 0.000000 0.000000 1.000000
1.000000 0.000008 0.000000 0.000000 -0.000008 1.000000 0.000098 2.436000 -0.000000 -0.000098 1.000000 0.000000 0.000000 0.000000 0.000000 1.000000
1.000000 0.000013 -0.000000 0.000000 -0.000013 1.000000 0.000162 2.436000 0.000000 -0.000162 1.000000 0.000000 0.000000 0.000000 0.000000 1.000000
1.000000 0.000018 0.000000 0.000000 -0.000018 1.000000 0.000226 2.436000 -0.000000 -0.000226 1.000000 0.000000 0.000000 0.000000 0.000000 1.000000</float_array>
        <technique_common>
          <accessor source="#mixamorig_RightHandIndex3-Matrix-animation-output-transform-array" count="35" stride="16">
            <param type="float4x4"/>
          </accessor>
        </technique_common>
      </source>
      <source id="mixamorig_RightHandIndex3-Interpolations">
        <Name_array id="mixamorig_RightHandIndex3-Interpolations-array" count="35">
 LINEAR LINEAR LINEAR LINEAR LINEAR LINEAR LINEAR LINEAR LINEAR LINEAR LINEAR
LINEAR LINEAR LINEAR LINEAR LINEAR LINEAR LINEAR LINEAR LINEAR LINEAR LINEAR LINEAR
LINEAR LINEAR LINEAR LINEAR LINEAR LINEAR LINEAR LINEAR LINEAR LINEAR LINEAR LINEAR</Name_array>
        <technique_common>
          <accessor source="#mixamorig_RightHandIndex3-Interpolations-array" count="35">
            <param type="name"/>
          </accessor>
        </technique_common>
      </source>
      <sampler id="mixamorig_RightHandIndex3-Matrix-animation-transform">
        <input semantic="INPUT" source="#mixamorig_RightHandIndex3-Matrix-animation-input"/>
        <input semantic="OUTPUT" source="#mixamorig_RightHandIndex3-Matrix-animation-output-transform"/>
        <input semantic="INTERPOLATION" source="#mixamorig_RightHandIndex3-Interpolations"/>
      </sampler>
      <channel source="#mixamorig_RightHandIndex3-Matrix-animation-transform" target="mixamorig_RightHandIndex3/matrix"/>
    </animation>
    <animation id="mixamorig_RightHandMiddle1-anim" name="mixamorig_RightHandMiddle1">
      <source id="mixamorig_RightHandMiddle1-Matrix-animation-input">
        <float_array id="mixamorig_RightHandMiddle1-Matrix-animation-input-array" count="35">

0.000000 0.033333 0.066667 0.100000 0.133333 0.166667 0.200000 0.233333 0.266667 0.300000 0.333333 0.366667 0.400000 0.433333 0.466667 0.500000
0.533333 0.566667 0.600000 0.633333 0.666667 0.700000 0.733333 0.766667 0.800000 0.833333 0.866667 0.900000 0.933333 0.966667 1.000000 1.033333
1.066667 1.100000 1.133333</float_array>
        <technique_common>
          <accessor source="#mixamorig_RightHandMiddle1-Matrix-animation-input-array" count="35">
            <param name="TIME" type="float"/>
          </accessor>
        </technique_common>
      </source>
      <source id="mixamorig_RightHandMiddle1-Matrix-animation-output-transform">
        <float_array id="mixamorig_RightHandMiddle1-Matrix-animation-output-transform-array" count="560">

0.991184 -0.092945 0.094421 0.000000 0.117963 0.294615 -0.948307 13.592000 0.060322 0.951085 0.302982 -0.000000 0.000000 0.000000 0.000000 1.000000
0.991182 -0.092940 0.094450 0.000000 0.117970 0.294311 -0.948401 13.592000 0.060347 0.951180 0.302680 -0.000000 0.000000 0.000000 0.000000 1.000000
0.991180 -0.092936 0.094478 0.000000 0.117976 0.294009 -0.948494 13.592000 0.060371 0.951274 0.302380 0.000000 0.000000 0.000000 0.000000 1.000000
0.991177 -0.092931 0.094507 0.000000 0.117983 0.293707 -0.948586 13.592000 0.060396 0.951367 0.302080 0.000000 0.000000 0.000000 0.000000 1.000000
0.991175 -0.092926 0.094535 0.000000 0.117990 0.293406 -0.948679 13.592000 0.060420 0.951461 0.301781 0.000000 0.000000 0.000000 0.000000 1.000000
0.991173 -0.092921 0.094563 -0.000000 0.117996 0.293106 -0.948771 13.592000 0.060444 0.951554 0.301483 0.000000 0.000000 0.000000 0.000000 1.000000
0.991170 -0.092917 0.094591 -0.000000 0.118003 0.292807 -0.948862 13.592000 0.060469 0.951646 0.301186 0.000000 0.000000 0.000000 0.000000 1.000000
0.991168 -0.092912 0.094619 0.000000 0.118009 0.292508 -0.948954 13.592000 0.060493 0.951739 0.300889 0.000000 0.000000 0.000000 0.000000 1.000000
0.991166 -0.092905 0.094647 0.000000 0.118015 0.292210 -0.949045 13.592000 0.060514 0.951831 0.300593 0.000000 0.000000 0.000000 0.000000 1.000000
0.991164 -0.092897 0.094676 0.000000 0.118021 0.291912 -0.949136 13.592000 0.060535 0.951923 0.300297 0.000000 0.000000 0.000000 0.000000 1.000000
0.991162 -0.092888 0.094703 0.000000 0.118026 0.291616 -0.949226 13.592000 0.060555 0.952015 0.300002 0.000000 0.000000 0.000000 0.000000 1.000000
0.991161 -0.092877 0.094731 -0.000000 0.118030 0.291319 -0.949317 13.592000 0.060573 0.952107 0.299707 0.000000 0.000000 0.000000 0.000000 1.000000
0.991159 -0.092866 0.094759 0.000000 0.118035 0.291023 -0.949407 13.592000 0.060591 0.952198 0.299412 -0.000000 0.000000 0.000000 0.000000 1.000000
0.991158 -0.092854 0.094787 0.000000 0.118039 0.290727 -0.949497 13.592000 0.060608 0.952290 0.299117 -0.000000 0.000000 0.000000 0.000000 1.000000
0.991156 -0.092841 0.094815 0.000000 0.118043 0.290431 -0.949587 13.592000 0.060623 0.952381 0.298822 -0.000000 0.000000 0.000000 0.000000 1.000000
0.991155 -0.092828 0.094843 0.000000 0.118047 0.290136 -0.949677 13.592000 0.060639 0.952473 0.298528 0.000000 0.000000 0.000000 0.000000 1.000000
0.991153 -0.092814 0.094871 0.000000 0.118051 0.289843 -0.949766 13.592000 0.060654 0.952563 0.298235 -0.000000 0.000000 0.000000 0.000000 1.000000
0.991152 -0.092800 0.094898 -0.000000 0.118054 0.289555 -0.949853 13.592000 0.060669 0.952652 0.297948 -0.000000 0.000000 0.000000 0.000000 1.000000
0.991151 -0.092787 0.094925 0.000000 0.118058 0.289270 -0.949940 13.592000 0.060683 0.952740 0.297664 -0.000000 0.000000 0.000000 0.000000 1.000000
0.991150 -0.092773 0.094951 0.000000 0.118061 0.288987 -0.950025 13.592000 0.060697 0.952827 0.297382 0.000000 0.000000 0.000000 0.000000 1.000000
0.991148 -0.092760 0.094978 -0.000000 0.118065 0.288704 -0.950111 13.592000 0.060712 0.952914 0.297101 -0.000000 0.000000 0.000000 0.000000 1.000000
0.991147 -0.092747 0.095005 0.000000 0.118069 0.288421 -0.950196 13.592000 0.060727 0.953001 0.296818 -0.000000 0.000000 0.000000 0.000000 1.000000
0.991145 -0.092735 0.095032 0.000000 0.118073 0.288136 -0.950282 13.592000 0.060743 0.953089 0.296534 0.000000 0.000000 0.000000 0.000000 1.000000
0.991144 -0.092724 0.095059 0.000000 0.118077 0.287846 -0.950370 13.592000 0.060760 0.953177 0.296245 0.000000 0.000000 0.000000 0.000000 1.000000
0.991142 -0.092713 0.095086 0.000000 0.118082 0.287555 -0.950457 13.592000 0.060777 0.953266 0.295956 -0.000000 0.000000 0.000000 0.000000 1.000000
0.991140 -0.092704 0.095114 0.000000 0.118086 0.287263 -0.950545 13.592000 0.060796 0.953355 0.295665 0.000000 0.000000 0.000000 0.000000 1.000000
0.991139 -0.092695 0.095141 -0.000000 0.118091 0.286972 -0.950632 13.592000 0.060816 0.953444 0.295375 0.000000 0.000000 0.000000 0.000000 1.000000
0.991137 -0.092688 0.095168 0.000000 0.118097 0.286680 -0.950720 13.592000 0.060838 0.953532 0.295085 0.000000 0.000000 0.000000 0.000000 1.000000
0.991134 -0.092683 0.095196 0.000000 0.118103 0.286387 -0.950807 13.592000 0.060861 0.953621 0.294794 0.000000 0.000000 0.000000 0.000000 1.000000
0.991132 -0.092679 0.095223 0.000000 0.118110 0.286094 -0.950894 13.592000 0.060886 0.953709 0.294504 0.000000 0.000000 0.000000 0.000000 1.000000
0.991130 -0.092678 0.095251 0.000000 0.118117 0.285802 -0.950982 13.592000 0.060912 0.953797 0.294213 0.000000 0.000000 0.000000 0.000000 1.000000
0.991127 -0.092678 0.095278 0.000000 0.118125 0.285507 -0.951069 13.592000 0.060941 0.953885 0.293921 -0.000000 0.000000 0.000000 0.000000 1.000000
0.991123 -0.092690 0.095306 -0.000000 0.118136 0.285212 -0.951156 13.592000 0.060980 0.953972 0.293630 0.000000 0.000000 0.000000 0.000000 1.000000
0.991104 -0.092864 0.095332 0.000000 0.118193 0.284909 -0.951240 13.592000 0.061175 0.954046 0.293350 -0.000000 0.000000 0.000000 0.000000 1.000000
0.991062 -0.093286 0.095357 -0.000000 0.118321 0.284595 -0.951318 13.592000 0.061607 0.954098 0.293089 0.000000 0.000000 0.000000 0.000000 1.000000</float_array>
        <technique_common>
          <accessor source="#mixamorig_RightHandMiddle1-Matrix-animation-output-transform-array" count="35" stride="16">
            <param type="float4x4"/>
          </accessor>
        </technique_common>
      </source>
      <source id="mixamorig_RightHandMiddle1-Interpolations">
        <Name_array id="mixamorig_RightHandMiddle1-Interpolations-array" count="35">
 LINEAR LINEAR LINEAR LINEAR LINEAR LINEAR LINEAR LINEAR LINEAR LINEAR LINEAR
LINEAR LINEAR LINEAR LINEAR LINEAR LINEAR LINEAR LINEAR LINEAR LINEAR LINEAR LINEAR
LINEAR LINEAR LINEAR LINEAR LINEAR LINEAR LINEAR LINEAR LINEAR LINEAR LINEAR LINEAR</Name_array>
        <technique_common>
          <accessor source="#mixamorig_RightHandMiddle1-Interpolations-array" count="35">
            <param type="name"/>
          </accessor>
        </technique_common>
      </source>
      <sampler id="mixamorig_RightHandMiddle1-Matrix-animation-transform">
        <input semantic="INPUT" source="#mixamorig_RightHandMiddle1-Matrix-animation-input"/>
        <input semantic="OUTPUT" source="#mixamorig_RightHandMiddle1-Matrix-animation-output-transform"/>
        <input semantic="INTERPOLATION" source="#mixamorig_RightHandMiddle1-Interpolations"/>
      </sampler>
      <channel source="#mixamorig_RightHandMiddle1-Matrix-animation-transform" target="mixamorig_RightHandMiddle1/matrix"/>
    </animation>
    <animation id="mixamorig_RightHandMiddle2-anim" name="mixamorig_RightHandMiddle2">
      <source id="mixamorig_RightHandMiddle2-Matrix-animation-input">
        <float_array id="mixamorig_RightHandMiddle2-Matrix-animation-input-array" count="35">

0.000000 0.033333 0.066667 0.100000 0.133333 0.166667 0.200000 0.233333 0.266667 0.300000 0.333333 0.366667 0.400000 0.433333 0.466667 0.500000
0.533333 0.566667 0.600000 0.633333 0.666667 0.700000 0.733333 0.766667 0.800000 0.833333 0.866667 0.900000 0.933333 0.966667 1.000000 1.033333
1.066667 1.100000 1.133333</float_array>
        <technique_common>
          <accessor source="#mixamorig_RightHandMiddle2-Matrix-animation-input-array" count="35">
            <param name="TIME" type="float"/>
          </accessor>
        </technique_common>
      </source>
      <source id="mixamorig_RightHandMiddle2-Matrix-animation-output-transform">
        <float_array id="mixamorig_RightHandMiddle2-Matrix-animation-output-transform-array" count="560">

0.992157 -0.079825 0.096193 0.000000 0.079825 -0.187585 -0.978999 2.649000 0.096193 0.978999 -0.179742 0.000000 0.000000 0.000000 0.000000 1.000000
0.992149 -0.079807 0.096291 -0.000000 0.079806 -0.188794 -0.978768 2.649000 0.096291 0.978768 -0.180943 0.000000 0.000000 0.000000 0.000000 1.000000
0.992141 -0.079787 0.096389 0.000000 0.079787 -0.190007 -0.978535 2.649000 0.096389 0.978535 -0.182147 -0.000000 0.000000 0.000000 0.000000 1.000000
0.992133 -0.079768 0.096488 0.000000 0.079768 -0.191222 -0.978300 2.649000 0.096488 0.978300 -0.183354 0.000000 0.000000 0.000000 0.000000 1.000000
0.992125 -0.079749 0.096586 0.000000 0.079749 -0.192440 -0.978063 2.649000 0.096586 0.978063 -0.184564 0.000000 0.000000 0.000000 0.000000 1.000000
0.992117 -0.079729 0.096685 0.000000 0.079729 -0.193660 -0.977824 2.649000 0.096685 0.977824 -0.185776 -0.000000 0.000000 0.000000 0.000000 1.000000
0.992108 -0.079710 0.096784 0.000000 0.079709 -0.194882 -0.977582 2.649000 0.096784 0.977582 -0.186991 -0.000000 0.000000 0.000000 0.000000 1.000000
0.992100 -0.079690 0.096883 -0.000000 0.079690 -0.196106 -0.977339 2.649000 0.096883 0.977339 -0.188207 0.000000 0.000000 0.000000 0.000000 1.000000
0.992092 -0.079670 0.096983 0.000000 0.079670 -0.197331 -0.977094 2.649000 0.096982 0.977094 -0.189424 0.000000 0.000000 0.000000 0.000000 1.000000
0.992084 -0.079650 0.097082 0.000000 0.079649 -0.198558 -0.976847 2.649000 0.097082 0.976847 -0.190642 0.000000 0.000000 0.000000 0.000000 1.000000
0.992076 -0.079629 0.097183 -0.000000 0.079629 -0.199797 -0.976596 2.649000 0.097182 0.976596 -0.191873 0.000000 0.000000 0.000000 0.000000 1.000000
0.992068 -0.079609 0.097283 0.000000 0.079609 -0.201041 -0.976343 2.649000 0.097283 0.976343 -0.193109 0.000000 0.000000 0.000000 0.000000 1.000000
0.992060 -0.079588 0.097384 0.000000 0.079588 -0.202288 -0.976087 2.649000 0.097384 0.976087 -0.194347 0.000000 0.000000 0.000000 0.000000 1.000000
0.992051 -0.079567 0.097485 0.000000 0.079567 -0.203535 -0.975829 2.649000 0.097485 0.975829 -0.195586 0.000000 0.000000 0.000000 0.000000 1.000000
0.992043 -0.079546 0.097586 0.000000 0.079545 -0.204783 -0.975570 2.649000 0.097586 0.975570 -0.196826 -0.000000 0.000000 0.000000 0.000000 1.000000
0.992035 -0.079524 0.097687 0.000000 0.079524 -0.206033 -0.975308 2.649000 0.097687 0.975308 -0.198068 0.000000 0.000000 0.000000 0.000000 1.000000
0.992027 -0.079503 0.097789 0.000000 0.079503 -0.207283 -0.975045 2.649000 0.097789 0.975045 -0.199310 0.000000 0.000000 0.000000 0.000000 1.000000
0.992018 -0.079481 0.097890 0.000000 0.079481 -0.208538 -0.974779 2.649000 0.097890 0.974779 -0.200556 0.000000 0.000000 0.000000 0.000000 1.000000
0.992010 -0.079459 0.097992 0.000000 0.079459 -0.209795 -0.974511 2.649000 0.097992 0.974511 -0.201805 0.000000 0.000000 0.000000 0.000000 1.000000
0.992002 -0.079437 0.098094 0.000000 0.079437 -0.211052 -0.974242 2.649000 0.098094 0.974242 -0.203054 -0.000000 0.000000 0.000000 0.000000 1.000000
0.991993 -0.079415 0.098196 0.000000 0.079415 -0.212310 -0.973970 2.649000 0.098196 0.973970 -0.204303 0.000000 0.000000 0.000000 0.000000 1.000000
0.991985 -0.079393 0.098298 0.000000 0.079393 -0.213568 -0.973697 2.649000 0.098298 0.973697 -0.205553 0.000000 0.000000 0.000000 0.000000 1.000000
0.991977 -0.079370 0.098400 -0.000000 0.079370 -0.214828 -0.973421 2.649000 0.098400 0.973421 -0.206804 0.000000 0.000000 0.000000 0.000000 1.000000
0.991968 -0.079348 0.098502 0.000000 0.079348 -0.216088 -0.973144 2.649000 0.098502 0.973144 -0.208056 0.000000 0.000000 0.000000 0.000000 1.000000
0.991960 -0.079325 0.098604 0.000000 0.079325 -0.217348 -0.972866 2.649000 0.098604 0.972866 -0.209308 0.000000 0.000000 0.000000 0.000000 1.000000
0.991952 -0.079302 0.098706 0.000000 0.079302 -0.218608 -0.972585 2.649000 0.098706 0.972585 -0.210560 0.000000 0.000000 0.000000 0.000000 1.000000
0.991943 -0.079279 0.098808 0.000000 0.079279 -0.219868 -0.972303 2.649000 0.098808 0.972303 -0.211811 0.000000 0.000000 0.000000 0.000000 1.000000
0.991935 -0.079256 0.098910 0.000000 0.079256 -0.221128 -0.972019 2.649000 0.098910 0.972019 -0.213063 0.000000 0.000000 0.000000 0.000000 1.000000
0.991927 -0.079233 0.099012 0.000000 0.079233 -0.222386 -0.971734 2.649000 0.099012 0.971734 -0.214313 0.000000 0.000000 0.000000 0.000000 1.000000
0.991919 -0.079209 0.099114 0.000000 0.079209 -0.223645 -0.971447 2.649000 0.099114 0.971447 -0.215563 0.000000 0.000000 0.000000 0.000000 1.000000
0.991910 -0.079186 0.099216 -0.000000 0.079186 -0.224902 -0.971158 2.649000 0.099216 0.971159 -0.216812 0.000000 0.000000 0.000000 0.000000 1.000000
0.991902 -0.079162 0.099318 -0.000000 0.079162 -0.226157 -0.970869 2.649000 0.099317 0.970869 -0.218059 0.000000 0.000000 0.000000 0.000000 1.000000
0.991894 -0.079139 0.099419 -0.000000 0.079138 -0.227412 -0.970578 2.649000 0.099419 0.970578 -0.219305 0.000000 0.000000 0.000000 0.000000 1.000000
0.991885 -0.079115 0.099521 0.000000 0.079115 -0.228664 -0.970285 2.649000 0.099521 0.970285 -0.220550 0.000000 0.000000 0.000000 0.000000 1.000000
0.991877 -0.079091 0.099622 0.000000 0.079091 -0.229915 -0.969992 2.649000 0.099622 0.969992 -0.221792 0.000000 0.000000 0.000000 0.000000 1.000000</float_array>
        <technique_common>
          <accessor source="#mixamorig_RightHandMiddle2-Matrix-animation-output-transform-array" count="35" stride="16">
            <param type="float4x4"/>
          </accessor>
        </technique_common>
      </source>
      <source id="mixamorig_RightHandMiddle2-Interpolations">
        <Name_array id="mixamorig_RightHandMiddle2-Interpolations-array" count="35">
 LINEAR LINEAR LINEAR LINEAR LINEAR LINEAR LINEAR LINEAR LINEAR LINEAR LINEAR
LINEAR LINEAR LINEAR LINEAR LINEAR LINEAR LINEAR LINEAR LINEAR LINEAR LINEAR LINEAR
LINEAR LINEAR LINEAR LINEAR LINEAR LINEAR LINEAR LINEAR LINEAR LINEAR LINEAR LINEAR</Name_array>
        <technique_common>
          <accessor source="#mixamorig_RightHandMiddle2-Interpolations-array" count="35">
            <param type="name"/>
          </accessor>
        </technique_common>
      </source>
      <sampler id="mixamorig_RightHandMiddle2-Matrix-animation-transform">
        <input semantic="INPUT" source="#mixamorig_RightHandMiddle2-Matrix-animation-input"/>
        <input semantic="OUTPUT" source="#mixamorig_RightHandMiddle2-Matrix-animation-output-transform"/>
        <input semantic="INTERPOLATION" source="#mixamorig_RightHandMiddle2-Interpolations"/>
      </sampler>
      <channel source="#mixamorig_RightHandMiddle2-Matrix-animation-transform" target="mixamorig_RightHandMiddle2/matrix"/>
    </animation>
    <animation id="mixamorig_RightHandMiddle3-anim" name="mixamorig_RightHandMiddle3">
      <source id="mixamorig_RightHandMiddle3-Matrix-animation-input">
        <float_array id="mixamorig_RightHandMiddle3-Matrix-animation-input-array" count="35">

0.000000 0.033333 0.066667 0.100000 0.133333 0.166667 0.200000 0.233333 0.266667 0.300000 0.333333 0.366667 0.400000 0.433333 0.466667 0.500000
0.533333 0.566667 0.600000 0.633333 0.666667 0.700000 0.733333 0.766667 0.800000 0.833333 0.866667 0.900000 0.933333 0.966667 1.000000 1.033333
1.066667 1.100000 1.133333</float_array>
        <technique_common>
          <accessor source="#mixamorig_RightHandMiddle3-Matrix-animation-input-array" count="35">
            <param name="TIME" type="float"/>
          </accessor>
        </technique_common>
      </source>
      <source id="mixamorig_RightHandMiddle3-Matrix-animation-output-transform">
        <float_array id="mixamorig_RightHandMiddle3-Matrix-animation-output-transform-array" count="560">

0.995876 -0.075320 0.050582 0.000000 0.075320 0.375525 -0.923747 3.529000 0.050582 0.923747 0.379649 0.000000 0.000000 0.000000 0.000000 1.000000
0.995876 -0.075320 0.050582 0.000000 0.075320 0.375526 -0.923746 3.529000 0.050582 0.923746 0.379650 0.000000 0.000000 0.000000 0.000000 1.000000
0.995876 -0.075320 0.050582 0.000000 0.075320 0.375524 -0.923747 3.529000 0.050582 0.923747 0.379648 -0.000000 0.000000 0.000000 0.000000 1.000000
0.995876 -0.075320 0.050582 0.000000 0.075320 0.375521 -0.923748 3.529000 0.050582 0.923748 0.379645 0.000000 0.000000 0.000000 0.000000 1.000000
0.995876 -0.075320 0.050583 -0.000000 0.075320 0.375516 -0.923750 3.529000 0.050582 0.923750 0.379640 0.000000 0.000000 0.000000 0.000000 1.000000
0.995876 -0.075320 0.050583 0.000000 0.075320 0.375509 -0.923753 3.529000 0.050583 0.923753 0.379634 0.000000 0.000000 0.000000 0.000000 1.000000
0.995876 -0.075321 0.050584 0.000000 0.075321 0.375501 -0.923756 3.529000 0.050584 0.923756 0.379626 -0.000000 0.000000 0.000000 0.000000 1.000000
0.995875 -0.075321 0.050584 0.000000 0.075321 0.375492 -0.923760 3.529000 0.050584 0.923760 0.379616 -0.000000 0.000000 0.000000 0.000000 1.000000
0.995875 -0.075321 0.050585 0.000000 0.075321 0.375480 -0.923765 3.529000 0.050585 0.923765 0.379605 0.000000 0.000000 0.000000 0.000000 1.000000
0.995875 -0.075322 0.050586 0.000000 0.075322 0.375468 -0.923770 3.529000 0.050587 0.923770 0.379593 0.000000 0.000000 0.000000 0.000000 1.000000
0.995875 -0.075323 0.050589 0.000000 0.075323 0.375438 -0.923782 3.529000 0.050589 0.923782 0.379563 -0.000000 0.000000 0.000000 0.000000 1.000000
0.995875 -0.075324 0.050591 0.000000 0.075324 0.375414 -0.923791 3.529000 0.050591 0.923791 0.379539 -0.000000 0.000000 0.000000 0.000000 1.000000
0.995875 -0.075324 0.050593 0.000000 0.075324 0.375391 -0.923801 3.529000 0.050593 0.923801 0.379517 0.000000 0.000000 0.000000 0.000000 1.000000
0.995875 -0.075325 0.050594 0.000000 0.075325 0.375370 -0.923809 3.529000 0.050594 0.923809 0.379495 -0.000000 0.000000 0.000000 0.000000 1.000000
0.995875 -0.075326 0.050596 -0.000000 0.075326 0.375350 -0.923817 3.529000 0.050596 0.923817 0.379476 -0.000000 0.000000 0.000000 0.000000 1.000000
0.995874 -0.075326 0.050598 0.000000 0.075326 0.375333 -0.923824 3.529000 0.050597 0.923824 0.379458 0.000000 0.000000 0.000000 0.000000 1.000000
0.995874 -0.075327 0.050599 0.000000 0.075327 0.375317 -0.923830 3.529000 0.050599 0.923830 0.379443 0.000000 0.000000 0.000000 0.000000 1.000000
0.995874 -0.075327 0.050600 0.000000 0.075327 0.375304 -0.923836 3.529000 0.050600 0.923836 0.379429 -0.000000 0.000000 0.000000 0.000000 1.000000
0.995874 -0.075328 0.050601 0.000000 0.075328 0.375292 -0.923841 3.529000 0.050601 0.923841 0.379417 0.000000 0.000000 0.000000 0.000000 1.000000
0.995874 -0.075328 0.050601 0.000000 0.075328 0.375281 -0.923845 3.529000 0.050601 0.923845 0.379407 -0.000000 0.000000 0.000000 0.000000 1.000000
0.995874 -0.075328 0.050602 -0.000000 0.075328 0.375272 -0.923849 3.529000 0.050602 0.923849 0.379398 0.000000 0.000000 0.000000 0.000000 1.000000
0.995874 -0.075329 0.050603 0.000000 0.075329 0.375263 -0.923852 3.529000 0.050603 0.923852 0.379389 0.000000 0.000000 0.000000 0.000000 1.000000
0.995874 -0.075329 0.050604 0.000000 0.075329 0.375256 -0.923855 3.529000 0.050603 0.923855 0.379382 -0.000000 0.000000 0.000000 0.000000 1.000000
0.995874 -0.075329 0.050604 0.000000 0.075329 0.375249 -0.923858 3.529000 0.050604 0.923858 0.379375 0.000000 0.000000 0.000000 0.000000 1.000000
0.995874 -0.075329 0.050605 0.000000 0.075330 0.375242 -0.923861 3.529000 0.050605 0.923861 0.379368 0.000000 0.000000 0.000000 0.000000 1.000000
0.995874 -0.075329 0.050605 0.000000 0.075329 0.375235 -0.923864 3.529000 0.050605 0.923864 0.379361 -0.000000 0.000000 0.000000 0.000000 1.000000
0.995874 -0.075330 0.050606 0.000000 0.075330 0.375227 -0.923867 3.529000 0.050606 0.923867 0.379354 -0.000000 0.000000 0.000000 0.000000 1.000000
0.995874 -0.075330 0.050606 0.000000 0.075330 0.375220 -0.923870 3.529000 0.050606 0.923870 0.379346 -0.000000 0.000000 0.000000 0.000000 1.000000
0.995874 -0.075330 0.050607 0.000000 0.075330 0.375211 -0.923873 3.529000 0.050607 0.923873 0.379337 0.000000 0.000000 0.000000 0.000000 1.000000
0.995874 -0.075330 0.050608 0.000000 0.075331 0.375202 -0.923877 3.529000 0.050608 0.923877 0.379328 -0.000000 0.000000 0.000000 0.000000 1.000000
0.995873 -0.075331 0.050609 -0.000000 0.075331 0.375191 -0.923882 3.529000 0.050609 0.923882 0.379317 0.000000 0.000000 0.000000 0.000000 1.000000
0.995873 -0.075331 0.050610 0.000000 0.075331 0.375177 -0.923887 3.529000 0.050610 0.923887 0.379303 -0.000000 0.000000 0.000000 0.000000 1.000000
0.995856 -0.075416 0.050820 0.000000 0.075416 0.372577 -0.924932 3.529000 0.050821 0.924932 0.376721 -0.000000 0.000000 0.000000 0.000000 1.000000
0.995981 -0.074782 0.049292 -0.000000 0.074782 0.391454 -0.917154 3.529000 0.049292 0.917154 0.395473 0.000000 0.000000 0.000000 0.000000 1.000000
0.996308 -0.072939 0.045279 0.000000 0.072939 0.440996 -0.894541 3.529000 0.045279 0.894541 0.444687 0.000000 0.000000 0.000000 0.000000 1.000000</float_array>
        <technique_common>
          <accessor source="#mixamorig_RightHandMiddle3-Matrix-animation-output-transform-array" count="35" stride="16">
            <param type="float4x4"/>
          </accessor>
        </technique_common>
      </source>
      <source id="mixamorig_RightHandMiddle3-Interpolations">
        <Name_array id="mixamorig_RightHandMiddle3-Interpolations-array" count="35">
 LINEAR LINEAR LINEAR LINEAR LINEAR LINEAR LINEAR LINEAR LINEAR LINEAR LINEAR
LINEAR LINEAR LINEAR LINEAR LINEAR LINEAR LINEAR LINEAR LINEAR LINEAR LINEAR LINEAR
LINEAR LINEAR LINEAR LINEAR LINEAR LINEAR LINEAR LINEAR LINEAR LINEAR LINEAR LINEAR</Name_array>
        <technique_common>
          <accessor source="#mixamorig_RightHandMiddle3-Interpolations-array" count="35">
            <param type="name"/>
          </accessor>
        </technique_common>
      </source>
      <sampler id="mixamorig_RightHandMiddle3-Matrix-animation-transform">
        <input semantic="INPUT" source="#mixamorig_RightHandMiddle3-Matrix-animation-input"/>
        <input semantic="OUTPUT" source="#mixamorig_RightHandMiddle3-Matrix-animation-output-transform"/>
        <input semantic="INTERPOLATION" source="#mixamorig_RightHandMiddle3-Interpolations"/>
      </sampler>
      <channel source="#mixamorig_RightHandMiddle3-Matrix-animation-transform" target="mixamorig_RightHandMiddle3/matrix"/>
    </animation>
    <animation id="mixamorig_RightHandRing1-anim" name="mixamorig_RightHandRing1">
      <source id="mixamorig_RightHandRing1-Matrix-animation-input">
        <float_array id="mixamorig_RightHandRing1-Matrix-animation-input-array" count="35">

0.000000 0.033333 0.066667 0.100000 0.133333 0.166667 0.200000 0.233333 0.266667 0.300000 0.333333 0.366667 0.400000 0.433333 0.466667 0.500000
0.533333 0.566667 0.600000 0.633333 0.666667 0.700000 0.733333 0.766667 0.800000 0.833333 0.866667 0.900000 0.933333 0.966667 1.000000 1.033333
1.066667 1.100000 1.133333</float_array>
        <technique_common>
          <accessor source="#mixamorig_RightHandRing1-Matrix-animation-input-array" count="35">
            <param name="TIME" type="float"/>
          </accessor>
        </technique_common>
      </source>
      <source id="mixamorig_RightHandRing1-Matrix-animation-output-transform">
        <float_array id="mixamorig_RightHandRing1-Matrix-animation-output-transform-array" count="560">

0.991315 -0.095691 0.090209 -3.073200 0.117637 0.338611 -0.933544 12.936900 0.058786 0.936048 0.346927 0.040000 0.000000 0.000000 0.000000 1.000000
0.991315 -0.095689 0.090209 -3.073200 0.117637 0.338608 -0.933545 12.936900 0.058785 0.936049 0.346924 0.040000 0.000000 0.000000 0.000000 1.000000
0.991315 -0.095689 0.090209 -3.073200 0.117637 0.338604 -0.933546 12.936900 0.058785 0.936051 0.346920 0.040000 0.000000 0.000000 0.000000 1.000000
0.991315 -0.095689 0.090210 -3.073200 0.117637 0.338600 -0.933548 12.936900 0.058785 0.936052 0.346916 0.040000 0.000000 0.000000 0.000000 1.000000
0.991315 -0.095688 0.090210 -3.073200 0.117637 0.338594 -0.933550 12.936900 0.058785 0.936054 0.346910 0.040000 0.000000 0.000000 0.000000 1.000000
0.991315 -0.095685 0.090211 -3.073200 0.117636 0.338588 -0.933552 12.936900 0.058783 0.936057 0.346903 0.040000 0.000000 0.000000 0.000000 1.000000
0.991316 -0.095681 0.090212 -3.073200 0.117635 0.338581 -0.933555 12.936900 0.058779 0.936060 0.346896 0.040000 0.000000 0.000000 0.000000 1.000000
0.991316 -0.095675 0.090213 -3.073200 0.117633 0.338573 -0.933558 12.936900 0.058775 0.936063 0.346888 0.040000 0.000000 0.000000 0.000000 1.000000
0.991317 -0.095668 0.090214 -3.073200 0.117631 0.338565 -0.933561 12.936900 0.058768 0.936067 0.346879 0.040000 0.000000 0.000000 0.000000 1.000000
0.991318 -0.095659 0.090215 -3.073200 0.117629 0.338557 -0.933564 12.936900 0.058761 0.936071 0.346870 0.040000 0.000000 0.000000 0.000000 1.000000
0.991318 -0.095650 0.090215 -3.073200 0.117626 0.338549 -0.933568 12.936900 0.058754 0.936075 0.346861 0.040000 0.000000 0.000000 0.000000 1.000000
0.991319 -0.095640 0.090216 -3.073200 0.117622 0.338540 -0.933571 12.936900 0.058745 0.936079 0.346851 0.040000 0.000000 0.000000 0.000000 1.000000
0.991320 -0.095629 0.090217 -3.073200 0.117619 0.338532 -0.933575 12.936900 0.058735 0.936083 0.346841 0.040000 0.000000 0.000000 0.000000 1.000000
0.991321 -0.095618 0.090218 -3.073200 0.117616 0.338524 -0.933578 12.936900 0.058726 0.936087 0.346832 0.040000 0.000000 0.000000 0.000000 1.000000
0.991322 -0.095606 0.090219 -3.073200 0.117612 0.338516 -0.933582 12.936900 0.058716 0.936091 0.346822 0.040000 0.000000 0.000000 0.000000 1.000000
0.991323 -0.095595 0.090221 -3.073200 0.117608 0.338498 -0.933588 12.936900 0.058707 0.936099 0.346804 0.040000 0.000000 0.000000 0.000000 1.000000
0.991324 -0.095583 0.090222 -3.073200 0.117605 0.338486 -0.933593 12.936900 0.058697 0.936104 0.346791 0.040000 0.000000 0.000000 0.000000 1.000000
0.991325 -0.095572 0.090223 -3.073200 0.117601 0.338475 -0.933598 12.936900 0.058688 0.936109 0.346778 0.040000 0.000000 0.000000 0.000000 1.000000
0.991326 -0.095562 0.090225 -3.073200 0.117598 0.338465 -0.933602 12.936900 0.058679 0.936114 0.346767 0.040000 0.000000 0.000000 0.000000 1.000000
0.991327 -0.095551 0.090225 -3.073200 0.117595 0.338456 -0.933606 12.936900 0.058670 0.936118 0.346756 0.040000 0.000000 0.000000 0.000000 1.000000
0.991328 -0.095542 0.090226 -3.073200 0.117592 0.338447 -0.933609 12.936900 0.058662 0.936122 0.346747 0.040000 0.000000 0.000000 0.000000 1.000000
0.991329 -0.095534 0.090227 -3.073200 0.117589 0.338439 -0.933612 12.936900 0.058655 0.936126 0.346738 0.040000 0.000000 0.000000 0.000000 1.000000
0.991329 -0.095527 0.090228 -3.073200 0.117587 0.338432 -0.933615 12.936900 0.058650 0.936130 0.346730 0.040000 0.000000 0.000000 0.000000 1.000000
0.991330 -0.095522 0.090229 -3.073200 0.117586 0.338424 -0.933618 12.936900 0.058645 0.936133 0.346722 0.040000 0.000000 0.000000 0.000000 1.000000
0.991330 -0.095518 0.090230 -3.073200 0.117585 0.338417 -0.933621 12.936900 0.058642 0.936136 0.346714 0.040000 0.000000 0.000000 0.000000 1.000000
0.991330 -0.095516 0.090230 -3.073200 0.117584 0.338409 -0.933624 12.936900 0.058641 0.936139 0.346706 0.040000 0.000000 0.000000 0.000000 1.000000
0.991330 -0.095515 0.090231 -3.073200 0.117584 0.338401 -0.933627 12.936900 0.058641 0.936142 0.346698 0.040000 0.000000 0.000000 0.000000 1.000000
0.991330 -0.095517 0.090232 -3.073200 0.117585 0.338392 -0.933630 12.936900 0.058644 0.936145 0.346690 0.040000 0.000000 0.000000 0.000000 1.000000
0.991329 -0.095521 0.090233 -3.073200 0.117587 0.338383 -0.933633 12.936900 0.058648 0.936148 0.346681 0.040000 0.000000 0.000000 0.000000 1.000000
0.991329 -0.095528 0.090234 -3.073200 0.117589 0.338373 -0.933636 12.936900 0.058655 0.936151 0.346671 0.040000 0.000000 0.000000 0.000000 1.000000
0.991328 -0.095537 0.090235 -3.073200 0.117593 0.338362 -0.933640 12.936900 0.058665 0.936154 0.346662 0.040000 0.000000 0.000000 0.000000 1.000000
0.991326 -0.095548 0.090236 -3.073200 0.117597 0.338347 -0.933645 12.936900 0.058677 0.936158 0.346648 0.040000 0.000000 0.000000 0.000000 1.000000
0.991303 -0.095554 0.090489 -3.073200 0.117672 0.335708 -0.934587 12.936900 0.058926 0.937107 0.344032 0.040000 0.000000 0.000000 0.000000 1.000000
0.991422 -0.096053 0.088638 -3.073200 0.117306 0.354852 -0.927534 12.936900 0.057639 0.929975 0.363075 0.040000 0.000000 0.000000 0.000000 1.000000
0.991749 -0.097108 0.083686 -3.073200 0.116194 0.405179 -0.906823 12.936900 0.054152 0.909065 0.413120 0.040000 0.000000 0.000000 0.000000 1.000000</float_array>
        <technique_common>
          <accessor source="#mixamorig_RightHandRing1-Matrix-animation-output-transform-array" count="35" stride="16">
            <param type="float4x4"/>
          </accessor>
        </technique_common>
      </source>
      <source id="mixamorig_RightHandRing1-Interpolations">
        <Name_array id="mixamorig_RightHandRing1-Interpolations-array" count="35">
 LINEAR LINEAR LINEAR LINEAR LINEAR LINEAR LINEAR LINEAR LINEAR LINEAR LINEAR
LINEAR LINEAR LINEAR LINEAR LINEAR LINEAR LINEAR LINEAR LINEAR LINEAR LINEAR LINEAR
LINEAR LINEAR LINEAR LINEAR LINEAR LINEAR LINEAR LINEAR LINEAR LINEAR LINEAR LINEAR</Name_array>
        <technique_common>
          <accessor source="#mixamorig_RightHandRing1-Interpolations-array" count="35">
            <param type="name"/>
          </accessor>
        </technique_common>
      </source>
      <sampler id="mixamorig_RightHandRing1-Matrix-animation-transform">
        <input semantic="INPUT" source="#mixamorig_RightHandRing1-Matrix-animation-input"/>
        <input semantic="OUTPUT" source="#mixamorig_RightHandRing1-Matrix-animation-output-transform"/>
        <input semantic="INTERPOLATION" source="#mixamorig_RightHandRing1-Interpolations"/>
      </sampler>
      <channel source="#mixamorig_RightHandRing1-Matrix-animation-transform" target="mixamorig_RightHandRing1/matrix"/>
    </animation>
    <animation id="mixamorig_RightHandRing2-anim" name="mixamorig_RightHandRing2">
      <source id="mixamorig_RightHandRing2-Matrix-animation-input">
        <float_array id="mixamorig_RightHandRing2-Matrix-animation-input-array" count="35">

0.000000 0.033333 0.066667 0.100000 0.133333 0.166667 0.200000 0.233333 0.266667 0.300000 0.333333 0.366667 0.400000 0.433333 0.466667 0.500000
0.533333 0.566667 0.600000 0.633333 0.666667 0.700000 0.733333 0.766667 0.800000 0.833333 0.866667 0.900000 0.933333 0.966667 1.000000 1.033333
1.066667 1.100000 1.133333</float_array>
        <technique_common>
          <accessor source="#mixamorig_RightHandRing2-Matrix-animation-input-array" count="35">
            <param name="TIME" type="float"/>
          </accessor>
        </technique_common>
      </source>
      <source id="mixamorig_RightHandRing2-Matrix-animation-output-transform">
        <float_array id="mixamorig_RightHandRing2-Matrix-animation-output-transform-array" count="560">

0.991948 -0.079291 0.098758 0.000000 0.079291 -0.219245 -0.972443 2.705100 0.098758 0.972443 -0.211193 0.000000 0.000000 0.000000 0.000000 1.000000
0.991938 -0.079265 0.098871 0.000000 0.079265 -0.220651 -0.972127 2.705100 0.098872 0.972127 -0.212589 0.000000 0.000000 0.000000 0.000000 1.000000
0.991929 -0.079239 0.098986 -0.000000 0.079239 -0.222057 -0.971809 2.705100 0.098985 0.971809 -0.213986 0.000000 0.000000 0.000000 0.000000 1.000000
0.991920 -0.079213 0.099100 -0.000000 0.079213 -0.223463 -0.971488 2.705100 0.099100 0.971488 -0.215383 -0.000000 0.000000 0.000000 0.000000 1.000000
0.991910 -0.079186 0.099213 0.000000 0.079186 -0.224869 -0.971166 2.705100 0.099213 0.971166 -0.216780 0.000000 0.000000 0.000000 0.000000 1.000000
0.991901 -0.079160 0.099327 0.000000 0.079160 -0.226276 -0.970841 2.705100 0.099327 0.970841 -0.218177 -0.000000 0.000000 0.000000 0.000000 1.000000
0.991892 -0.079134 0.099441 -0.000000 0.079133 -0.227683 -0.970515 2.705100 0.099441 0.970515 -0.219574 -0.000000 0.000000 0.000000 0.000000 1.000000
0.991883 -0.079106 0.099555 0.000000 0.079107 -0.229089 -0.970186 2.705100 0.099555 0.970186 -0.220972 0.000000 0.000000 0.000000 0.000000 1.000000
0.991873 -0.079079 0.099669 0.000000 0.079080 -0.230496 -0.969855 2.705100 0.099669 0.969855 -0.222370 -0.000000 0.000000 0.000000 0.000000 1.000000
0.991864 -0.079052 0.099783 -0.000000 0.079052 -0.231903 -0.969521 2.705100 0.099783 0.969521 -0.223767 0.000000 0.000000 0.000000 0.000000 1.000000
0.991855 -0.079025 0.099897 0.000000 0.079025 -0.233310 -0.969186 2.705100 0.099897 0.969186 -0.225165 0.000000 0.000000 0.000000 0.000000 1.000000
0.991845 -0.078998 0.100011 -0.000000 0.078997 -0.234717 -0.968849 2.705100 0.100011 0.968849 -0.226562 0.000000 0.000000 0.000000 0.000000 1.000000
0.991836 -0.078970 0.100125 -0.000000 0.078970 -0.236124 -0.968509 2.705100 0.100125 0.968509 -0.227960 -0.000000 0.000000 0.000000 0.000000 1.000000
0.991827 -0.078942 0.100239 0.000000 0.078942 -0.237530 -0.968167 2.705100 0.100239 0.968167 -0.229357 -0.000000 0.000000 0.000000 0.000000 1.000000
0.991817 -0.078914 0.100353 0.000000 0.078914 -0.238937 -0.967823 2.705100 0.100353 0.967823 -0.230754 0.000000 0.000000 0.000000 0.000000 1.000000
0.991808 -0.078886 0.100467 -0.000000 0.078886 -0.240344 -0.967477 2.705100 0.100467 0.967477 -0.232152 -0.000000 0.000000 0.000000 0.000000 1.000000
0.991799 -0.078857 0.100580 -0.000000 0.078857 -0.241750 -0.967129 2.705100 0.100581 0.967129 -0.233549 0.000000 0.000000 0.000000 0.000000 1.000000
0.991790 -0.078829 0.100694 0.000000 0.078829 -0.243157 -0.966779 2.705100 0.100694 0.966779 -0.234946 0.000000 0.000000 0.000000 0.000000 1.000000
0.991780 -0.078800 0.100808 -0.000000 0.078800 -0.244563 -0.966426 2.705100 0.100808 0.966426 -0.236343 0.000000 0.000000 0.000000 0.000000 1.000000
0.991771 -0.078771 0.100922 0.000000 0.078771 -0.245969 -0.966072 2.705100 0.100922 0.966072 -0.237740 0.000000 0.000000 0.000000 0.000000 1.000000
0.991762 -0.078742 0.101036 -0.000000 0.078742 -0.247374 -0.965715 2.705100 0.101036 0.965715 -0.239136 0.000000 0.000000 0.000000 0.000000 1.000000
0.991752 -0.078713 0.101150 0.000000 0.078713 -0.248780 -0.965356 2.705100 0.101150 0.965356 -0.240533 0.000000 0.000000 0.000000 0.000000 1.000000
0.991743 -0.078683 0.101264 0.000000 0.078683 -0.250185 -0.964995 2.705100 0.101264 0.964995 -0.241929 0.000000 0.000000 0.000000 0.000000 1.000000
0.991734 -0.078653 0.101378 -0.000000 0.078654 -0.251590 -0.964633 2.705100 0.101377 0.964633 -0.243324 -0.000000 0.000000 0.000000 0.000000 1.000000
0.991725 -0.078624 0.101491 0.000000 0.078624 -0.252995 -0.964268 2.705100 0.101491 0.964268 -0.244720 -0.000000 0.000000 0.000000 0.000000 1.000000
0.991715 -0.078594 0.101605 -0.000000 0.078594 -0.254399 -0.963900 2.705100 0.101605 0.963900 -0.246115 0.000000 0.000000 0.000000 0.000000 1.000000
0.991706 -0.078564 0.101719 -0.000000 0.078564 -0.255803 -0.963531 2.705100 0.101719 0.963531 -0.247509 0.000000 0.000000 0.000000 0.000000 1.000000
0.991697 -0.078534 0.101832 0.000000 0.078534 -0.257207 -0.963160 2.705100 0.101833 0.963160 -0.248904 -0.000000 0.000000 0.000000 0.000000 1.000000
0.991688 -0.078503 0.101946 0.000000 0.078503 -0.258610 -0.962787 2.705100 0.101946 0.962787 -0.250297 0.000000 0.000000 0.000000 0.000000 1.000000
0.991678 -0.078473 0.102060 -0.000000 0.078473 -0.260013 -0.962411 2.705100 0.102060 0.962411 -0.251691 0.000000 0.000000 0.000000 0.000000 1.000000
0.991669 -0.078442 0.102173 0.000000 0.078442 -0.261415 -0.962034 2.705100 0.102173 0.962034 -0.253084 -0.000000 0.000000 0.000000 0.000000 1.000000
0.991660 -0.078411 0.102287 0.000000 0.078411 -0.262817 -0.961654 2.705100 0.102287 0.961654 -0.254477 0.000000 0.000000 0.000000 0.000000 1.000000
0.991650 -0.078380 0.102401 0.000000 0.078380 -0.264227 -0.961271 2.705100 0.102401 0.961270 -0.255877 0.000000 0.000000 0.000000 0.000000 1.000000
0.991641 -0.078348 0.102515 -0.000000 0.078348 -0.265636 -0.960885 2.705100 0.102515 0.960885 -0.257277 0.000000 0.000000 0.000000 0.000000 1.000000
0.991632 -0.078317 0.102629 0.000000 0.078316 -0.267044 -0.960497 2.705100 0.102629 0.960497 -0.258676 0.000000 0.000000 0.000000 0.000000 1.000000</float_array>
        <technique_common>
          <accessor source="#mixamorig_RightHandRing2-Matrix-animation-output-transform-array" count="35" stride="16">
            <param type="float4x4"/>
          </accessor>
        </technique_common>
      </source>
      <source id="mixamorig_RightHandRing2-Interpolations">
        <Name_array id="mixamorig_RightHandRing2-Interpolations-array" count="35">
 LINEAR LINEAR LINEAR LINEAR LINEAR LINEAR LINEAR LINEAR LINEAR LINEAR LINEAR
LINEAR LINEAR LINEAR LINEAR LINEAR LINEAR LINEAR LINEAR LINEAR LINEAR LINEAR LINEAR
LINEAR LINEAR LINEAR LINEAR LINEAR LINEAR LINEAR LINEAR LINEAR LINEAR LINEAR LINEAR</Name_array>
        <technique_common>
          <accessor source="#mixamorig_RightHandRing2-Interpolations-array" count="35">
            <param type="name"/>
          </accessor>
        </technique_common>
      </source>
      <sampler id="mixamorig_RightHandRing2-Matrix-animation-transform">
        <input semantic="INPUT" source="#mixamorig_RightHandRing2-Matrix-animation-input"/>
        <input semantic="OUTPUT" source="#mixamorig_RightHandRing2-Matrix-animation-output-transform"/>
        <input semantic="INTERPOLATION" source="#mixamorig_RightHandRing2-Interpolations"/>
      </sampler>
      <channel source="#mixamorig_RightHandRing2-Matrix-animation-transform" target="mixamorig_RightHandRing2/matrix"/>
    </animation>
    <animation id="mixamorig_RightHandRing3-anim" name="mixamorig_RightHandRing3">
      <source id="mixamorig_RightHandRing3-Matrix-animation-input">
        <float_array id="mixamorig_RightHandRing3-Matrix-animation-input-array" count="35">

0.000000 0.033333 0.066667 0.100000 0.133333 0.166667 0.200000 0.233333 0.266667 0.300000 0.333333 0.366667 0.400000 0.433333 0.466667 0.500000
0.533333 0.566667 0.600000 0.633333 0.666667 0.700000 0.733333 0.766667 0.800000 0.833333 0.866667 0.900000 0.933333 0.966667 1.000000 1.033333
1.066667 1.100000 1.133333</float_array>
        <technique_common>
          <accessor source="#mixamorig_RightHandRing3-Matrix-animation-input-array" count="35">
            <param name="TIME" type="float"/>
          </accessor>
        </technique_common>
      </source>
      <source id="mixamorig_RightHandRing3-Matrix-animation-output-transform">
        <float_array id="mixamorig_RightHandRing3-Matrix-animation-output-transform-array" count="560">

0.995248 -0.078005 0.058279 0.000000 0.078005 0.280500 -0.956679 2.078000 0.058279 0.956679 0.285252 0.000000 0.000000 0.000000 0.000000 1.000000
0.995239 -0.078038 0.058393 0.000000 0.078038 0.279094 -0.957088 2.078000 0.058392 0.957088 0.283855 0.000000 0.000000 0.000000 0.000000 1.000000
0.995230 -0.078072 0.058507 -0.000000 0.078072 0.277686 -0.957494 2.078000 0.058507 0.957494 0.282457 0.000000 0.000000 0.000000 0.000000 1.000000
0.995220 -0.078105 0.058621 -0.000000 0.078105 0.276278 -0.957899 2.078000 0.058621 0.957899 0.281058 0.000000 0.000000 0.000000 0.000000 1.000000
0.995211 -0.078138 0.058735 -0.000000 0.078137 0.274868 -0.958302 2.078000 0.058735 0.958302 0.279657 0.000000 0.000000 0.000000 0.000000 1.000000
0.995202 -0.078170 0.058849 0.000000 0.078170 0.273457 -0.958703 2.078000 0.058849 0.958703 0.278256 0.000000 0.000000 0.000000 0.000000 1.000000
0.995192 -0.078203 0.058964 0.000000 0.078203 0.272045 -0.959101 2.078000 0.058964 0.959101 0.276853 0.000000 0.000000 0.000000 0.000000 1.000000
0.995183 -0.078235 0.059078 0.000000 0.078235 0.270633 -0.959498 2.078000 0.059078 0.959498 0.275450 0.000000 0.000000 0.000000 0.000000 1.000000
0.995174 -0.078267 0.059192 0.000000 0.078267 0.269220 -0.959893 2.078000 0.059192 0.959893 0.274046 -0.000000 0.000000 0.000000 0.000000 1.000000
0.995164 -0.078299 0.059307 -0.000000 0.078299 0.267806 -0.960286 2.078000 0.059307 0.960286 0.272641 0.000000 0.000000 0.000000 0.000000 1.000000
0.995155 -0.078331 0.059421 -0.000000 0.078331 0.266391 -0.960677 2.078000 0.059421 0.960677 0.271236 -0.000000 0.000000 0.000000 0.000000 1.000000
0.995146 -0.078363 0.059536 0.000000 0.078363 0.264976 -0.961066 2.078000 0.059536 0.961066 0.269831 -0.000000 0.000000 0.000000 0.000000 1.000000
0.995136 -0.078394 0.059651 0.000000 0.078394 0.263561 -0.961452 2.078000 0.059651 0.961452 0.268424 -0.000000 0.000000 0.000000 0.000000 1.000000
0.995127 -0.078425 0.059765 -0.000000 0.078425 0.262145 -0.961837 2.078000 0.059765 0.961837 0.267018 -0.000000 0.000000 0.000000 0.000000 1.000000
0.995118 -0.078457 0.059880 -0.000000 0.078457 0.260725 -0.962220 2.078000 0.059880 0.962220 0.265607 -0.000000 0.000000 0.000000 0.000000 1.000000
0.995108 -0.078488 0.059996 0.000000 0.078488 0.259299 -0.962602 2.078000 0.059996 0.962602 0.264191 0.000000 0.000000 0.000000 0.000000 1.000000
0.995099 -0.078519 0.060111 0.000000 0.078519 0.257873 -0.962983 2.078000 0.060112 0.962983 0.262774 0.000000 0.000000 0.000000 0.000000 1.000000
0.995089 -0.078550 0.060227 0.000000 0.078550 0.256445 -0.963362 2.078000 0.060227 0.963362 0.261356 -0.000000 0.000000 0.000000 0.000000 1.000000
0.995080 -0.078581 0.060343 -0.000000 0.078581 0.255016 -0.963739 2.078000 0.060343 0.963739 0.259936 0.000000 0.000000 0.000000 0.000000 1.000000
0.995070 -0.078611 0.060459 0.000000 0.078611 0.253586 -0.964113 2.078000 0.060459 0.964113 0.258515 0.000000 0.000000 0.000000 0.000000 1.000000
0.995061 -0.078642 0.060575 0.000000 0.078642 0.252154 -0.964486 2.078000 0.060575 0.964486 0.257093 0.000000 0.000000 0.000000 0.000000 1.000000
0.995051 -0.078672 0.060691 0.000000 0.078672 0.250722 -0.964857 2.078000 0.060691 0.964857 0.255670 0.000000 0.000000 0.000000 0.000000 1.000000
0.995042 -0.078702 0.060807 0.000000 0.078702 0.249288 -0.965226 2.078000 0.060807 0.965226 0.254246 -0.000000 0.000000 0.000000 0.000000 1.000000
0.995032 -0.078732 0.060923 0.000000 0.078732 0.247853 -0.965593 2.078000 0.060923 0.965593 0.252821 0.000000 0.000000 0.000000 0.000000 1.000000
0.995023 -0.078762 0.061040 0.000000 0.078762 0.246418 -0.965958 2.078000 0.061039 0.965958 0.251395 0.000000 0.000000 0.000000 0.000000 1.000000
0.995013 -0.078792 0.061156 0.000000 0.078791 0.244982 -0.966321 2.078000 0.061156 0.966321 0.249968 0.000000 0.000000 0.000000 0.000000 1.000000
0.995004 -0.078821 0.061272 0.000000 0.078821 0.243545 -0.966682 2.078000 0.061272 0.966682 0.248541 0.000000 0.000000 0.000000 0.000000 1.000000
0.994995 -0.078850 0.061388 -0.000000 0.078850 0.242108 -0.967040 2.078000 0.061389 0.967040 0.247113 -0.000000 0.000000 0.000000 0.000000 1.000000
0.994985 -0.078879 0.061505 0.000000 0.078879 0.240670 -0.967397 2.078000 0.061505 0.967397 0.245685 0.000000 0.000000 0.000000 0.000000 1.000000
0.994976 -0.078908 0.061621 -0.000000 0.078908 0.239231 -0.967751 2.078000 0.061621 0.967751 0.244255 0.000000 0.000000 0.000000 0.000000 1.000000
0.994966 -0.078937 0.061738 0.000000 0.078936 0.237792 -0.968103 2.078000 0.061738 0.968103 0.242826 0.000000 0.000000 0.000000 0.000000 1.000000
0.994957 -0.078965 0.061855 0.000000 0.078965 0.236351 -0.968454 2.078000 0.061855 0.968454 0.241394 0.000000 0.000000 0.000000 0.000000 1.000000
0.994947 -0.078994 0.061971 0.000000 0.078993 0.234909 -0.968802 2.078000 0.061972 0.968802 0.239962 0.000000 0.000000 0.000000 0.000000 1.000000
0.994937 -0.079022 0.062088 0.000000 0.079022 0.233468 -0.969148 2.078000 0.062088 0.969148 0.238531 0.000000 0.000000 0.000000 0.000000 1.000000
0.994928 -0.079050 0.062205 -0.000000 0.079050 0.232026 -0.969492 2.078000 0.062205 0.969492 0.237098 0.000000 0.000000 0.000000 0.000000 1.000000</float_array>
        <technique_common>
          <accessor source="#mixamorig_RightHandRing3-Matrix-animation-output-transform-array" count="35" stride="16">
            <param type="float4x4"/>
          </accessor>
        </technique_common>
      </source>
      <source id="mixamorig_RightHandRing3-Interpolations">
        <Name_array id="mixamorig_RightHandRing3-Interpolations-array" count="35">
 LINEAR LINEAR LINEAR LINEAR LINEAR LINEAR LINEAR LINEAR LINEAR LINEAR LINEAR
LINEAR LINEAR LINEAR LINEAR LINEAR LINEAR LINEAR LINEAR LINEAR LINEAR LINEAR LINEAR
LINEAR LINEAR LINEAR LINEAR LINEAR LINEAR LINEAR LINEAR LINEAR LINEAR LINEAR LINEAR</Name_array>
        <technique_common>
          <accessor source="#mixamorig_RightHandRing3-Interpolations-array" count="35">
            <param type="name"/>
          </accessor>
        </technique_common>
      </source>
      <sampler id="mixamorig_RightHandRing3-Matrix-animation-transform">
        <input semantic="INPUT" source="#mixamorig_RightHandRing3-Matrix-animation-input"/>
        <input semantic="OUTPUT" source="#mixamorig_RightHandRing3-Matrix-animation-output-transform"/>
        <input semantic="INTERPOLATION" source="#mixamorig_RightHandRing3-Interpolations"/>
      </sampler>
      <channel source="#mixamorig_RightHandRing3-Matrix-animation-transform" target="mixamorig_RightHandRing3/matrix"/>
    </animation>
    <animation id="mixamorig_RightHandPinky1-anim" name="mixamorig_RightHandPinky1">
      <source id="mixamorig_RightHandPinky1-Matrix-animation-input">
        <float_array id="mixamorig_RightHandPinky1-Matrix-animation-input-array" count="35">

0.000000 0.033333 0.066667 0.100000 0.133333 0.166667 0.200000 0.233333 0.266667 0.300000 0.333333 0.366667 0.400000 0.433333 0.466667 0.500000
0.533333 0.566667 0.600000 0.633333 0.666667 0.700000 0.733333 0.766667 0.800000 0.833333 0.866667 0.900000 0.933333 0.966667 1.000000 1.033333
1.066667 1.100000 1.133333</float_array>
        <technique_common>
          <accessor source="#mixamorig_RightHandPinky1-Matrix-animation-input-array" count="35">
            <param name="TIME" type="float"/>
          </accessor>
        </technique_common>
      </source>
      <source id="mixamorig_RightHandPinky1-Matrix-animation-output-transform">
        <float_array id="mixamorig_RightHandPinky1-Matrix-animation-output-transform-array" count="560">

0.991205 -0.090403 0.096642 -5.659100 0.118111 0.274977 -0.954168 11.531700 0.059686 0.957191 0.283237 0.354000 0.000000 0.000000 0.000000 1.000000
0.991194 -0.090428 0.096734 -5.659100 0.118150 0.274084 -0.954420 11.531700 0.059793 0.957445 0.282355 0.354000 0.000000 0.000000 0.000000 1.000000
0.991183 -0.090453 0.096826 -5.659100 0.118190 0.273190 -0.954672 11.531700 0.059901 0.957698 0.281472 0.354000 0.000000 0.000000 0.000000 1.000000
0.991172 -0.090476 0.096917 -5.659100 0.118229 0.272294 -0.954923 11.531700 0.060008 0.957951 0.280587 0.354000 0.000000 0.000000 0.000000 1.000000
0.991161 -0.090494 0.097009 -5.659100 0.118266 0.271396 -0.955174 11.531700 0.060110 0.958204 0.279700 0.354000 0.000000 0.000000 0.000000 1.000000
0.991151 -0.090508 0.097101 -5.659100 0.118302 0.270498 -0.955424 11.531700 0.060207 0.958457 0.278812 0.354000 0.000000 0.000000 0.000000 1.000000
0.991141 -0.090517 0.097192 -5.659100 0.118336 0.269598 -0.955674 11.531700 0.060302 0.958709 0.277922 0.354000 0.000000 0.000000 0.000000 1.000000
0.991131 -0.090524 0.097284 -5.659100 0.118370 0.268698 -0.955924 11.531700 0.060394 0.958961 0.277030 0.354000 0.000000 0.000000 0.000000 1.000000
0.991122 -0.090527 0.097376 -5.659100 0.118402 0.267797 -0.956172 11.531700 0.060482 0.959213 0.276138 0.354000 0.000000 0.000000 0.000000 1.000000
0.991113 -0.090526 0.097467 -5.659100 0.118433 0.266895 -0.956421 11.531700 0.060568 0.959465 0.275244 0.354000 0.000000 0.000000 0.000000 1.000000
0.991104 -0.090523 0.097559 -5.659100 0.118464 0.265992 -0.956668 11.531700 0.060651 0.959715 0.274350 0.354000 0.000000 0.000000 0.000000 1.000000
0.991096 -0.090519 0.097650 -5.659100 0.118493 0.265089 -0.956916 11.531700 0.060733 0.959966 0.273454 0.354000 0.000000 0.000000 0.000000 1.000000
0.991087 -0.090514 0.097742 -5.659100 0.118523 0.264185 -0.957162 11.531700 0.060815 0.960215 0.272559 0.354000 0.000000 0.000000 0.000000 1.000000
0.991079 -0.090508 0.097833 -5.659100 0.118553 0.263281 -0.957407 11.531700 0.060896 0.960464 0.271662 0.354000 0.000000 0.000000 0.000000 1.000000
0.991070 -0.090502 0.097924 -5.659100 0.118582 0.262376 -0.957652 11.531700 0.060976 0.960712 0.270765 0.354000 0.000000 0.000000 0.000000 1.000000
0.991062 -0.090495 0.098015 -5.659100 0.118611 0.261472 -0.957896 11.531700 0.061056 0.960960 0.269868 0.354000 0.000000 0.000000 0.000000 1.000000
0.991054 -0.090487 0.098107 -5.659100 0.118639 0.260567 -0.958139 11.531700 0.061135 0.961206 0.268972 0.354000 0.000000 0.000000 0.000000 1.000000
0.991045 -0.090478 0.098198 -5.659100 0.118667 0.259663 -0.958381 11.531700 0.061214 0.961451 0.268075 0.354000 0.000000 0.000000 0.000000 1.000000
0.991037 -0.090469 0.098289 -5.659100 0.118695 0.258759 -0.958622 11.531700 0.061292 0.961696 0.267178 0.354000 0.000000 0.000000 0.000000 1.000000
0.991029 -0.090459 0.098381 -5.659100 0.118723 0.257848 -0.958863 11.531700 0.061370 0.961942 0.266274 0.354000 0.000000 0.000000 0.000000 1.000000
0.991021 -0.090448 0.098473 -5.659100 0.118751 0.256929 -0.959107 11.531700 0.061449 0.962188 0.265363 0.354000 0.000000 0.000000 0.000000 1.000000
0.991013 -0.090437 0.098566 -5.659100 0.118779 0.256007 -0.959350 11.531700 0.061527 0.962435 0.264448 0.354000 0.000000 0.000000 0.000000 1.000000
0.991004 -0.090424 0.098659 -5.659100 0.118806 0.255082 -0.959593 11.531700 0.061605 0.962682 0.263530 0.354000 0.000000 0.000000 0.000000 1.000000
0.990996 -0.090412 0.098751 -5.659100 0.118833 0.254155 -0.959835 11.531700 0.061682 0.962928 0.262610 0.354000 0.000000 0.000000 0.000000 1.000000
0.990988 -0.090399 0.098845 -5.659100 0.118861 0.253227 -0.960077 11.531700 0.061759 0.963174 0.261690 0.354000 0.000000 0.000000 0.000000 1.000000
0.990980 -0.090385 0.098938 -5.659100 0.118888 0.252300 -0.960318 11.531700 0.061836 0.963419 0.260770 0.354000 0.000000 0.000000 0.000000 1.000000
0.990972 -0.090370 0.099030 -5.659100 0.118914 0.251373 -0.960558 11.531700 0.061912 0.963662 0.259850 0.354000 0.000000 0.000000 0.000000 1.000000
0.990965 -0.090355 0.099122 -5.659100 0.118940 0.250446 -0.960797 11.531700 0.061988 0.963905 0.258930 0.354000 0.000000 0.000000 0.000000 1.000000
0.990957 -0.090341 0.099216 -5.659100 0.118967 0.249519 -0.961034 11.531700 0.062064 0.964147 0.258010 0.354000 0.000000 0.000000 0.000000 1.000000
0.990949 -0.090325 0.099308 -5.659100 0.118993 0.248592 -0.961271 11.531700 0.062139 0.964388 0.257090 0.354000 0.000000 0.000000 0.000000 1.000000
0.990941 -0.090308 0.099401 -5.659100 0.119019 0.247665 -0.961507 11.531700 0.062214 0.964628 0.256170 0.354000 0.000000 0.000000 0.000000 1.000000
0.990933 -0.090292 0.099493 -5.659100 0.119044 0.246738 -0.961743 11.531700 0.062289 0.964867 0.255249 0.354000 0.000000 0.000000 0.000000 1.000000
0.990925 -0.090275 0.099585 -5.659100 0.119070 0.245811 -0.961977 11.531700 0.062363 0.965105 0.254329 0.354000 0.000000 0.000000 0.000000 1.000000
0.990918 -0.090257 0.099678 -5.659100 0.119096 0.244884 -0.962210 11.531700 0.062437 0.965342 0.253409 0.354000 0.000000 0.000000 0.000000 1.000000
0.990910 -0.090240 0.099770 -5.659100 0.119120 0.243958 -0.962442 11.531700 0.062511 0.965578 0.252490 0.354000 0.000000 0.000000 0.000000 1.000000</float_array>
        <technique_common>
          <accessor source="#mixamorig_RightHandPinky1-Matrix-animation-output-transform-array" count="35" stride="16">
            <param type="float4x4"/>
          </accessor>
        </technique_common>
      </source>
      <source id="mixamorig_RightHandPinky1-Interpolations">
        <Name_array id="mixamorig_RightHandPinky1-Interpolations-array" count="35">
 LINEAR LINEAR LINEAR LINEAR LINEAR LINEAR LINEAR LINEAR LINEAR LINEAR LINEAR
LINEAR LINEAR LINEAR LINEAR LINEAR LINEAR LINEAR LINEAR LINEAR LINEAR LINEAR LINEAR
LINEAR LINEAR LINEAR LINEAR LINEAR LINEAR LINEAR LINEAR LINEAR LINEAR LINEAR LINEAR</Name_array>
        <technique_common>
          <accessor source="#mixamorig_RightHandPinky1-Interpolations-array" count="35">
            <param type="name"/>
          </accessor>
        </technique_common>
      </source>
      <sampler id="mixamorig_RightHandPinky1-Matrix-animation-transform">
        <input semantic="INPUT" source="#mixamorig_RightHandPinky1-Matrix-animation-input"/>
        <input semantic="OUTPUT" source="#mixamorig_RightHandPinky1-Matrix-animation-output-transform"/>
        <input semantic="INTERPOLATION" source="#mixamorig_RightHandPinky1-Interpolations"/>
      </sampler>
      <channel source="#mixamorig_RightHandPinky1-Matrix-animation-transform" target="mixamorig_RightHandPinky1/matrix"/>
    </animation>
    <animation id="mixamorig_RightHandPinky2-anim" name="mixamorig_RightHandPinky2">
      <source id="mixamorig_RightHandPinky2-Matrix-animation-input">
        <float_array id="mixamorig_RightHandPinky2-Matrix-animation-input-array" count="35">

0.000000 0.033333 0.066667 0.100000 0.133333 0.166667 0.200000 0.233333 0.266667 0.300000 0.333333 0.366667 0.400000 0.433333 0.466667 0.500000
0.533333 0.566667 0.600000 0.633333 0.666667 0.700000 0.733333 0.766667 0.800000 0.833333 0.866667 0.900000 0.933333 0.966667 1.000000 1.033333
1.066667 1.100000 1.133333</float_array>
        <technique_common>
          <accessor source="#mixamorig_RightHandPinky2-Matrix-animation-input-array" count="35">
            <param name="TIME" type="float"/>
          </accessor>
        </technique_common>
      </source>
      <source id="mixamorig_RightHandPinky2-Matrix-animation-output-transform">
        <float_array id="mixamorig_RightHandPinky2-Matrix-animation-output-transform-array" count="560">

0.992161 -0.079834 0.096146 0.000000 0.079834 -0.187002 -0.979110 2.643300 0.096146 0.979110 -0.179162 -0.000000 0.000000 0.000000 0.000000 1.000000
0.992153 -0.079815 0.096244 0.000000 0.079816 -0.188205 -0.978881 2.643300 0.096243 0.978881 -0.180357 0.000000 0.000000 0.000000 0.000000 1.000000
0.992145 -0.079796 0.096341 0.000000 0.079797 -0.189410 -0.978650 2.643300 0.096341 0.978650 -0.181554 -0.000000 0.000000 0.000000 0.000000 1.000000
0.992137 -0.079778 0.096439 0.000000 0.079778 -0.190618 -0.978417 2.643300 0.096439 0.978417 -0.182755 0.000000 0.000000 0.000000 0.000000 1.000000
0.992129 -0.079759 0.096537 0.000000 0.079758 -0.191828 -0.978182 2.643300 0.096537 0.978182 -0.183956 0.000000 0.000000 0.000000 0.000000 1.000000
0.992121 -0.079739 0.096635 0.000000 0.079739 -0.193039 -0.977946 2.643300 0.096635 0.977946 -0.185160 0.000000 0.000000 0.000000 0.000000 1.000000
0.992113 -0.079720 0.096734 0.000000 0.079720 -0.194253 -0.977707 2.643300 0.096733 0.977707 -0.186366 0.000000 0.000000 0.000000 0.000000 1.000000
0.992105 -0.079700 0.096831 0.000000 0.079700 -0.195467 -0.977466 2.643300 0.096831 0.977466 -0.187572 0.000000 0.000000 0.000000 0.000000 1.000000
0.992097 -0.079680 0.096930 -0.000000 0.079680 -0.196682 -0.977224 2.643300 0.096930 0.977224 -0.188779 0.000000 0.000000 0.000000 0.000000 1.000000
0.992089 -0.079661 0.097028 0.000000 0.079660 -0.197898 -0.976980 2.643300 0.097029 0.976980 -0.189986 0.000000 0.000000 0.000000 0.000000 1.000000
0.992080 -0.079641 0.097127 0.000000 0.079641 -0.199113 -0.976735 2.643300 0.097127 0.976735 -0.191194 0.000000 0.000000 0.000000 0.000000 1.000000
0.992072 -0.079620 0.097225 0.000000 0.079620 -0.200329 -0.976488 2.643300 0.097225 0.976488 -0.192402 0.000000 0.000000 0.000000 0.000000 1.000000
0.992064 -0.079600 0.097324 0.000000 0.079600 -0.201544 -0.976240 2.643300 0.097324 0.976240 -0.193609 0.000000 0.000000 0.000000 0.000000 1.000000
0.992056 -0.079580 0.097422 -0.000000 0.079580 -0.202759 -0.975990 2.643300 0.097422 0.975990 -0.194815 0.000000 0.000000 0.000000 0.000000 1.000000
0.992048 -0.079559 0.097521 -0.000000 0.079559 -0.203981 -0.975737 2.643300 0.097521 0.975737 -0.196029 0.000000 0.000000 0.000000 0.000000 1.000000
0.992040 -0.079538 0.097621 0.000000 0.079538 -0.205216 -0.975479 2.643300 0.097621 0.975479 -0.197256 0.000000 0.000000 0.000000 0.000000 1.000000
0.992032 -0.079517 0.097722 0.000000 0.079517 -0.206456 -0.975219 2.643300 0.097722 0.975219 -0.198488 0.000000 0.000000 0.000000 0.000000 1.000000
0.992024 -0.079495 0.097822 0.000000 0.079496 -0.207700 -0.974957 2.643300 0.097822 0.974957 -0.199724 0.000000 0.000000 0.000000 0.000000 1.000000
0.992016 -0.079474 0.097923 -0.000000 0.079474 -0.208945 -0.974693 2.643300 0.097923 0.974693 -0.200960 0.000000 0.000000 0.000000 0.000000 1.000000
0.992007 -0.079452 0.098024 0.000000 0.079452 -0.210189 -0.974427 2.643300 0.098024 0.974427 -0.202197 0.000000 0.000000 0.000000 0.000000 1.000000
0.991999 -0.079430 0.098125 0.000000 0.079431 -0.211434 -0.974159 2.643300 0.098125 0.974159 -0.203433 0.000000 0.000000 0.000000 0.000000 1.000000
0.991991 -0.079408 0.098226 0.000000 0.079409 -0.212681 -0.973890 2.643300 0.098226 0.973890 -0.204672 0.000000 0.000000 0.000000 0.000000 1.000000
0.991983 -0.079387 0.098327 0.000000 0.079386 -0.213928 -0.973618 2.643300 0.098327 0.973618 -0.205911 0.000000 0.000000 0.000000 0.000000 1.000000
0.991974 -0.079364 0.098428 -0.000000 0.079364 -0.215175 -0.973345 2.643300 0.098428 0.973345 -0.207149 0.000000 0.000000 0.000000 0.000000 1.000000
0.991966 -0.079342 0.098529 0.000000 0.079342 -0.216422 -0.973070 2.643300 0.098529 0.973071 -0.208389 0.000000 0.000000 0.000000 0.000000 1.000000
0.991958 -0.079319 0.098630 0.000000 0.079319 -0.217670 -0.972794 2.643300 0.098630 0.972794 -0.209628 -0.000000 0.000000 0.000000 0.000000 1.000000
0.991950 -0.079296 0.098731 0.000000 0.079297 -0.218917 -0.972516 2.643300 0.098731 0.972516 -0.210867 0.000000 0.000000 0.000000 0.000000 1.000000
0.991941 -0.079274 0.098832 -0.000000 0.079274 -0.220164 -0.972236 2.643300 0.098832 0.972236 -0.212106 0.000000 0.000000 0.000000 0.000000 1.000000
0.991933 -0.079251 0.098933 0.000000 0.079251 -0.221410 -0.971955 2.643300 0.098933 0.971955 -0.213344 0.000000 0.000000 0.000000 0.000000 1.000000
0.991925 -0.079228 0.099034 0.000000 0.079228 -0.222655 -0.971673 2.643300 0.099034 0.971673 -0.214580 -0.000000 0.000000 0.000000 0.000000 1.000000
0.991917 -0.079204 0.099135 -0.000000 0.079205 -0.223900 -0.971388 2.643300 0.099135 0.971388 -0.215817 0.000000 0.000000 0.000000 0.000000 1.000000
0.991909 -0.079181 0.099235 0.000000 0.079181 -0.225143 -0.971103 2.643300 0.099235 0.971103 -0.217052 -0.000000 0.000000 0.000000 0.000000 1.000000
0.991900 -0.079158 0.099336 0.000000 0.079158 -0.226385 -0.970816 2.643300 0.099336 0.970816 -0.218286 0.000000 0.000000 0.000000 0.000000 1.000000
0.991892 -0.079134 0.099436 0.000000 0.079134 -0.227625 -0.970528 2.643300 0.099436 0.970528 -0.219517 -0.000000 0.000000 0.000000 0.000000 1.000000
0.991884 -0.079111 0.099537 0.000000 0.079111 -0.228863 -0.970239 2.643300 0.099537 0.970239 -0.220747 0.000000 0.000000 0.000000 0.000000 1.000000</float_array>
        <technique_common>
          <accessor source="#mixamorig_RightHandPinky2-Matrix-animation-output-transform-array" count="35" stride="16">
            <param type="float4x4"/>
          </accessor>
        </technique_common>
      </source>
      <source id="mixamorig_RightHandPinky2-Interpolations">
        <Name_array id="mixamorig_RightHandPinky2-Interpolations-array" count="35">
 LINEAR LINEAR LINEAR LINEAR LINEAR LINEAR LINEAR LINEAR LINEAR LINEAR LINEAR
LINEAR LINEAR LINEAR LINEAR LINEAR LINEAR LINEAR LINEAR LINEAR LINEAR LINEAR LINEAR
LINEAR LINEAR LINEAR LINEAR LINEAR LINEAR LINEAR LINEAR LINEAR LINEAR LINEAR LINEAR</Name_array>
        <technique_common>
          <accessor source="#mixamorig_RightHandPinky2-Interpolations-array" count="35">
            <param type="name"/>
          </accessor>
        </technique_common>
      </source>
      <sampler id="mixamorig_RightHandPinky2-Matrix-animation-transform">
        <input semantic="INPUT" source="#mixamorig_RightHandPinky2-Matrix-animation-input"/>
        <input semantic="OUTPUT" source="#mixamorig_RightHandPinky2-Matrix-animation-output-transform"/>
        <input semantic="INTERPOLATION" source="#mixamorig_RightHandPinky2-Interpolations"/>
      </sampler>
      <channel source="#mixamorig_RightHandPinky2-Matrix-animation-transform" target="mixamorig_RightHandPinky2/matrix"/>
    </animation>
    <animation id="mixamorig_RightHandPinky3-anim" name="mixamorig_RightHandPinky3">
      <source id="mixamorig_RightHandPinky3-Matrix-animation-input">
        <float_array id="mixamorig_RightHandPinky3-Matrix-animation-input-array" count="35">

0.000000 0.033333 0.066667 0.100000 0.133333 0.166667 0.200000 0.233333 0.266667 0.300000 0.333333 0.366667 0.400000 0.433333 0.466667 0.500000
0.533333 0.566667 0.600000 0.633333 0.666667 0.700000 0.733333 0.766667 0.800000 0.833333 0.866667 0.900000 0.933333 0.966667 1.000000 1.033333
1.066667 1.100000 1.133333</float_array>
        <technique_common>
          <accessor source="#mixamorig_RightHandPinky3-Matrix-animation-input-array" count="35">
            <param name="TIME" type="float"/>
          </accessor>
        </technique_common>
      </source>
      <source id="mixamorig_RightHandPinky3-Matrix-animation-output-transform">
        <float_array id="mixamorig_RightHandPinky3-Matrix-animation-output-transform-array" count="560">

0.995056 -0.078658 0.060638 0.000000 0.078658 0.251371 -0.964689 2.081000 0.060638 0.964689 0.256316 0.000000 0.000000 0.000000 0.000000 1.000000
0.995041 -0.078704 0.060815 0.000000 0.078704 0.249193 -0.965250 2.081000 0.060815 0.965250 0.254152 0.000000 0.000000 0.000000 0.000000 1.000000
0.995027 -0.078749 0.060991 -0.000000 0.078750 0.247011 -0.965807 2.081000 0.060991 0.965807 0.251984 0.000000 0.000000 0.000000 0.000000 1.000000
0.995013 -0.078794 0.061168 0.000000 0.078794 0.244828 -0.966360 2.081000 0.061168 0.966360 0.249815 0.000000 0.000000 0.000000 0.000000 1.000000
0.994998 -0.078839 0.061345 0.000000 0.078839 0.242641 -0.966907 2.081000 0.061345 0.966907 0.247643 0.000000 0.000000 0.000000 0.000000 1.000000
0.994984 -0.078883 0.061523 -0.000000 0.078883 0.240452 -0.967450 2.081000 0.061523 0.967450 0.245468 0.000000 0.000000 0.000000 0.000000 1.000000
0.994969 -0.078927 0.061700 0.000000 0.078927 0.238261 -0.967989 2.081000 0.061700 0.967989 0.243292 -0.000000 0.000000 0.000000 0.000000 1.000000
0.994955 -0.078971 0.061878 0.000000 0.078971 0.236067 -0.968523 2.081000 0.061878 0.968523 0.241112 0.000000 0.000000 0.000000 0.000000 1.000000
0.994940 -0.079014 0.062056 0.000000 0.079014 0.233871 -0.969052 2.081000 0.062056 0.969052 0.238930 0.000000 0.000000 0.000000 0.000000 1.000000
0.994926 -0.079057 0.062234 -0.000000 0.079057 0.231673 -0.969576 2.081000 0.062234 0.969576 0.236747 -0.000000 0.000000 0.000000 0.000000 1.000000
0.994911 -0.079099 0.062412 0.000000 0.079099 0.229472 -0.970096 2.081000 0.062412 0.970096 0.234561 -0.000000 0.000000 0.000000 0.000000 1.000000
0.994897 -0.079141 0.062590 0.000000 0.079141 0.227270 -0.970611 2.081000 0.062590 0.970611 0.232373 0.000000 0.000000 0.000000 0.000000 1.000000
0.994882 -0.079183 0.062769 0.000000 0.079183 0.225066 -0.971121 2.081000 0.062769 0.971121 0.230184 0.000000 0.000000 0.000000 0.000000 1.000000
0.994867 -0.079224 0.062947 0.000000 0.079224 0.222860 -0.971626 2.081000 0.062947 0.971626 0.227993 0.000000 0.000000 0.000000 0.000000 1.000000
0.994853 -0.079265 0.063126 0.000000 0.079265 0.220653 -0.972126 2.081000 0.063126 0.972126 0.225800 -0.000000 0.000000 0.000000 0.000000 1.000000
0.994838 -0.079305 0.063305 0.000000 0.079305 0.218443 -0.972622 2.081000 0.063305 0.972622 0.223605 0.000000 0.000000 0.000000 0.000000 1.000000
0.994824 -0.079345 0.063484 0.000000 0.079345 0.216232 -0.973113 2.081000 0.063484 0.973113 0.221408 0.000000 0.000000 0.000000 0.000000 1.000000
0.994809 -0.079385 0.063664 0.000000 0.079385 0.214019 -0.973598 2.081000 0.063664 0.973598 0.219210 0.000000 0.000000 0.000000 0.000000 1.000000
0.994794 -0.079424 0.063843 0.000000 0.079424 0.211805 -0.974079 2.081000 0.063843 0.974079 0.217011 -0.000000 0.000000 0.000000 0.000000 1.000000
0.994780 -0.079463 0.064023 0.000000 0.079463 0.209578 -0.974558 2.081000 0.064023 0.974558 0.214799 0.000000 0.000000 0.000000 0.000000 1.000000
0.994765 -0.079502 0.064204 -0.000000 0.079502 0.207349 -0.975031 2.081000 0.064204 0.975031 0.212584 -0.000000 0.000000 0.000000 0.000000 1.000000
0.994750 -0.079540 0.064385 0.000000 0.079540 0.205119 -0.975500 2.081000 0.064385 0.975500 0.210369 0.000000 0.000000 0.000000 0.000000 1.000000
0.994736 -0.079578 0.064565 0.000000 0.079577 0.202887 -0.975963 2.081000 0.064565 0.975963 0.208151 0.000000 0.000000 0.000000 0.000000 1.000000
0.994721 -0.079615 0.064746 0.000000 0.079615 0.200654 -0.976422 2.081000 0.064746 0.976422 0.205933 0.000000 0.000000 0.000000 0.000000 1.000000
0.994706 -0.079652 0.064927 -0.000000 0.079652 0.198419 -0.976875 2.081000 0.064927 0.976875 0.203713 0.000000 0.000000 0.000000 0.000000 1.000000
0.994691 -0.079689 0.065108 0.000000 0.079688 0.196184 -0.977324 2.081000 0.065108 0.977324 0.201493 -0.000000 0.000000 0.000000 0.000000 1.000000
0.994676 -0.079725 0.065290 0.000000 0.079725 0.193947 -0.977767 2.081000 0.065290 0.977767 0.199271 0.000000 0.000000 0.000000 0.000000 1.000000
0.994662 -0.079760 0.065471 -0.000000 0.079760 0.191709 -0.978206 2.081000 0.065471 0.978205 0.197047 0.000000 0.000000 0.000000 0.000000 1.000000
0.994647 -0.079796 0.065652 0.000000 0.079796 0.189470 -0.978639 2.081000 0.065652 0.978639 0.194823 0.000000 0.000000 0.000000 0.000000 1.000000
0.994632 -0.079831 0.065834 0.000000 0.079831 0.187230 -0.979067 2.081000 0.065834 0.979067 0.192598 0.000000 0.000000 0.000000 0.000000 1.000000
0.994617 -0.079865 0.066015 0.000000 0.079865 0.184989 -0.979490 2.081000 0.066015 0.979490 0.190371 0.000000 0.000000 0.000000 0.000000 1.000000
0.994602 -0.079899 0.066197 -0.000000 0.079899 0.182747 -0.979908 2.081000 0.066197 0.979908 0.188145 0.000000 0.000000 0.000000 0.000000 1.000000
0.994588 -0.079933 0.066378 -0.000000 0.079933 0.180505 -0.980321 2.081000 0.066378 0.980321 0.185917 0.000000 0.000000 0.000000 0.000000 1.000000
0.994573 -0.079966 0.066560 0.000000 0.079966 0.178262 -0.980728 2.081000 0.066560 0.980728 0.183689 -0.000000 0.000000 0.000000 0.000000 1.000000
0.994558 -0.079999 0.066741 0.000000 0.079999 0.176018 -0.981131 2.081000 0.066742 0.981131 0.181460 0.000000 0.000000 0.000000 0.000000 1.000000</float_array>
        <technique_common>
          <accessor source="#mixamorig_RightHandPinky3-Matrix-animation-output-transform-array" count="35" stride="16">
            <param type="float4x4"/>
          </accessor>
        </technique_common>
      </source>
      <source id="mixamorig_RightHandPinky3-Interpolations">
        <Name_array id="mixamorig_RightHandPinky3-Interpolations-array" count="35">
 LINEAR LINEAR LINEAR LINEAR LINEAR LINEAR LINEAR LINEAR LINEAR LINEAR LINEAR
LINEAR LINEAR LINEAR LINEAR LINEAR LINEAR LINEAR LINEAR LINEAR LINEAR LINEAR LINEAR
LINEAR LINEAR LINEAR LINEAR LINEAR LINEAR LINEAR LINEAR LINEAR LINEAR LINEAR LINEAR</Name_array>
        <technique_common>
          <accessor source="#mixamorig_RightHandPinky3-Interpolations-array" count="35">
            <param type="name"/>
          </accessor>
        </technique_common>
      </source>
      <sampler id="mixamorig_RightHandPinky3-Matrix-animation-transform">
        <input semantic="INPUT" source="#mixamorig_RightHandPinky3-Matrix-animation-input"/>
        <input semantic="OUTPUT" source="#mixamorig_RightHandPinky3-Matrix-animation-output-transform"/>
        <input semantic="INTERPOLATION" source="#mixamorig_RightHandPinky3-Interpolations"/>
      </sampler>
      <channel source="#mixamorig_RightHandPinky3-Matrix-animation-transform" target="mixamorig_RightHandPinky3/matrix"/>
    </animation>
    <animation id="mixamorig_LeftUpLeg-anim" name="mixamorig_LeftUpLeg">
      <source id="mixamorig_LeftUpLeg-Matrix-animation-input">
        <float_array id="mixamorig_LeftUpLeg-Matrix-animation-input-array" count="35">

0.000000 0.033333 0.066667 0.100000 0.133333 0.166667 0.200000 0.233333 0.266667 0.300000 0.333333 0.366667 0.400000 0.433333 0.466667 0.500000
0.533333 0.566667 0.600000 0.633333 0.666667 0.700000 0.733333 0.766667 0.800000 0.833333 0.866667 0.900000 0.933333 0.966667 1.000000 1.033333
1.066667 1.100000 1.133333</float_array>
        <technique_common>
          <accessor source="#mixamorig_LeftUpLeg-Matrix-animation-input-array" count="35">
            <param name="TIME" type="float"/>
          </accessor>
        </technique_common>
      </source>
      <source id="mixamorig_LeftUpLeg-Matrix-animation-output-transform">
        <float_array id="mixamorig_LeftUpLeg-Matrix-animation-output-transform-array" count="560">

-0.993203 -0.036940 0.110379 10.932900 0.058924 -0.977381 0.203113 -7.228100 0.100380 0.208237 0.972914 -0.321800 0.000000 0.000000 0.000000 1.000000
-0.994646 -0.026776 0.099810 10.932900 0.041954 -0.987301 0.153219 -7.228100 0.094440 0.156586 0.983139 -0.321800 0.000000 0.000000 0.000000 1.000000
-0.996562 0.013803 0.081687 10.932900 -0.005292 -0.994615 0.103503 -7.228100 0.082676 0.102715 0.991269 -0.321800 0.000000 0.000000 0.000000 1.000000
-0.995771 0.062637 0.067213 10.932900 -0.057955 -0.995899 0.069476 -7.228100 0.071290 0.065287 0.995317 -0.321800 0.000000 0.000000 0.000000 1.000000
-0.993034 0.101903 0.059154 10.932900 -0.099626 -0.994211 0.040245 -7.228100 0.062912 0.034071 0.997437 -0.321800 0.000000 0.000000 0.000000 1.000000
-0.988535 0.140294 0.055821 10.932900 -0.139904 -0.990106 0.010862 -7.228100 0.056793 0.002928 0.998382 -0.321800 0.000000 0.000000 0.000000 1.000000
-0.986450 0.150803 0.064611 10.932900 -0.153008 -0.987750 -0.030633 -7.228100 0.059200 -0.040104 0.997440 -0.321800 0.000000 0.000000 0.000000 1.000000
-0.997347 0.025600 0.068142 10.932900 -0.020176 -0.996660 0.079129 -7.228100 0.069940 0.077544 0.994533 -0.321800 0.000000 0.000000 0.000000 1.000000
-0.998441 0.015341 0.053665 10.932900 -0.008308 -0.991623 0.128895 -7.228100 0.055193 0.128249 0.990205 -0.321800 0.000000 0.000000 0.000000 1.000000
-0.999387 0.008715 0.033899 10.932900 -0.002997 -0.986254 0.165206 -7.228100 0.034873 0.165004 0.985676 -0.321800 0.000000 0.000000 0.000000 1.000000
-0.999134 0.041545 0.002258 10.932900 -0.040553 -0.984539 0.170406 -7.228100 0.009303 0.170167 0.985371 -0.321800 0.000000 0.000000 0.000000 1.000000
-0.996311 0.078997 -0.033533 10.932900 -0.083314 -0.984058 0.157124 -7.228100 -0.020586 0.159339 0.987009 -0.321800 0.000000 0.000000 0.000000 1.000000
-0.994313 0.093253 -0.051426 10.932900 -0.100267 -0.982484 0.157072 -7.228100 -0.035877 0.161335 0.986247 -0.321800 0.000000 0.000000 0.000000 1.000000
-0.993979 0.091884 -0.059693 10.932900 -0.100840 -0.980219 0.170297 -7.228100 -0.042865 0.175291 0.983583 -0.321800 0.000000 0.000000 0.000000 1.000000
-0.995042 0.084001 -0.053247 10.932900 -0.092533 -0.978174 0.186044 -7.228100 -0.036457 0.190049 0.981098 -0.321800 0.000000 0.000000 0.000000 1.000000
-0.995849 0.083957 -0.035158 10.932900 -0.089142 -0.977678 0.190262 -7.228100 -0.018399 0.192606 0.981104 -0.321800 0.000000 0.000000 0.000000 1.000000
-0.995806 0.090336 -0.014478 10.932900 -0.091454 -0.978525 0.184730 -7.228100 0.002521 0.185280 0.982683 -0.321800 0.000000 0.000000 0.000000 1.000000
-0.995221 0.097429 0.006529 10.932900 -0.094710 -0.979396 0.178365 -7.228100 0.023772 0.176894 0.983943 -0.321800 0.000000 0.000000 0.000000 1.000000
-0.994194 0.104255 0.026636 10.932900 -0.098066 -0.979759 0.174517 -7.228100 0.044291 0.170892 0.984294 -0.321800 0.000000 0.000000 0.000000 1.000000
-0.992639 0.112391 0.045123 10.932900 -0.103201 -0.979934 0.170523 -7.228100 0.063383 0.164611 0.984320 -0.321800 0.000000 0.000000 0.000000 1.000000
-0.990600 0.123149 0.059552 10.932900 -0.111950 -0.980020 0.164400 -7.228100 0.078608 0.156188 0.984594 -0.321800 0.000000 0.000000 0.000000 1.000000
-0.988230 0.136501 0.069059 10.932900 -0.124215 -0.979504 0.158566 -7.228100 0.089288 0.148122 0.984930 -0.321800 0.000000 0.000000 0.000000 1.000000
-0.985889 0.148990 0.076321 10.932900 -0.135895 -0.978549 0.154836 -7.228100 0.097753 0.142280 0.984988 -0.321800 0.000000 0.000000 0.000000 1.000000
-0.984022 0.157931 0.082208 10.932900 -0.144200 -0.977755 0.152320 -7.228100 0.104435 0.138032 0.984906 -0.321800 0.000000 0.000000 0.000000 1.000000
-0.982480 0.164877 0.086881 10.932900 -0.150634 -0.977032 0.150725 -7.228100 0.109737 0.134997 0.984751 -0.321800 0.000000 0.000000 0.000000 1.000000
-0.981023 0.171369 0.090697 10.932900 -0.156692 -0.976235 0.149710 -7.228100 0.114197 0.132657 0.984561 -0.321800 0.000000 0.000000 0.000000 1.000000
-0.979864 0.176581 0.093198 10.932900 -0.161643 -0.975553 0.148891 -7.228100 0.117210 0.130828 0.984452 -0.321800 0.000000 0.000000 0.000000 1.000000
-0.979300 0.179401 0.093738 10.932900 -0.164437 -0.975159 0.148410 -7.228100 0.118034 0.129924 0.984473 -0.321800 0.000000 0.000000 0.000000 1.000000
-0.979253 0.180350 0.092395 10.932900 -0.165476 -0.974877 0.149103 -7.228100 0.116964 0.130720 0.984496 -0.321800 0.000000 0.000000 0.000000 1.000000
-0.979303 0.181256 0.090063 10.932900 -0.166381 -0.974320 0.151717 -7.228100 0.115250 0.133592 0.984312 -0.321800 0.000000 0.000000 0.000000 1.000000
-0.979122 0.183337 0.087799 10.932900 -0.168297 -0.973363 0.155695 -7.228100 0.114005 0.137668 0.983896 -0.321800 0.000000 0.000000 0.000000 1.000000
-0.978693 0.186362 0.086191 10.932900 -0.171042 -0.972199 0.159920 -7.228100 0.113598 0.141770 0.983360 -0.321800 0.000000 0.000000 0.000000 1.000000
-0.978279 0.189145 0.084823 10.932900 -0.173472 -0.970998 0.164529 -7.228100 0.113483 0.146240 0.982718 -0.321800 0.000000 0.000000 0.000000 1.000000
-0.978058 0.190983 0.083234 10.932900 -0.174898 -0.969792 0.170043 -7.228100 0.113195 0.151755 0.981915 -0.321800 0.000000 0.000000 0.000000 1.000000
-0.978161 0.191366 0.081116 10.932900 -0.174884 -0.968667 0.176350 -7.228100 0.112321 0.158312 0.980980 -0.321800 0.000000 0.000000 0.000000 1.000000</float_array>
        <technique_common>
          <accessor source="#mixamorig_LeftUpLeg-Matrix-animation-output-transform-array" count="35" stride="16">
            <param type="float4x4"/>
          </accessor>
        </technique_common>
      </source>
      <source id="mixamorig_LeftUpLeg-Interpolations">
        <Name_array id="mixamorig_LeftUpLeg-Interpolations-array" count="35">
 LINEAR LINEAR LINEAR LINEAR LINEAR LINEAR LINEAR LINEAR LINEAR LINEAR LINEAR
LINEAR LINEAR LINEAR LINEAR LINEAR LINEAR LINEAR LINEAR LINEAR LINEAR LINEAR LINEAR
LINEAR LINEAR LINEAR LINEAR LINEAR LINEAR LINEAR LINEAR LINEAR LINEAR LINEAR LINEAR</Name_array>
        <technique_common>
          <accessor source="#mixamorig_LeftUpLeg-Interpolations-array" count="35">
            <param type="name"/>
          </accessor>
        </technique_common>
      </source>
      <sampler id="mixamorig_LeftUpLeg-Matrix-animation-transform">
        <input semantic="INPUT" source="#mixamorig_LeftUpLeg-Matrix-animation-input"/>
        <input semantic="OUTPUT" source="#mixamorig_LeftUpLeg-Matrix-animation-output-transform"/>
        <input semantic="INTERPOLATION" source="#mixamorig_LeftUpLeg-Interpolations"/>
      </sampler>
      <channel source="#mixamorig_LeftUpLeg-Matrix-animation-transform" target="mixamorig_LeftUpLeg/matrix"/>
    </animation>
    <animation id="mixamorig_LeftLeg-anim" name="mixamorig_LeftLeg">
      <source id="mixamorig_LeftLeg-Matrix-animation-input">
        <float_array id="mixamorig_LeftLeg-Matrix-animation-input-array" count="35">

0.000000 0.033333 0.066667 0.100000 0.133333 0.166667 0.200000 0.233333 0.266667 0.300000 0.333333 0.366667 0.400000 0.433333 0.466667 0.500000
0.533333 0.566667 0.600000 0.633333 0.666667 0.700000 0.733333 0.766667 0.800000 0.833333 0.866667 0.900000 0.933333 0.966667 1.000000 1.033333
1.066667 1.100000 1.133333</float_array>
        <technique_common>
          <accessor source="#mixamorig_LeftLeg-Matrix-animation-input-array" count="35">
            <param name="TIME" type="float"/>
          </accessor>
        </technique_common>
      </source>
      <source id="mixamorig_LeftLeg-Matrix-animation-output-transform">
        <float_array id="mixamorig_LeftLeg-Matrix-animation-output-transform-array" count="560">

0.971754 0.155808 0.177253 0.000000 -0.234390 0.724708 0.647965 42.863998 -0.027498 -0.671209 0.740758 -0.000000 0.000000 0.000000 0.000000 1.000000
0.967604 0.156223 0.198336 -0.000000 -0.248795 0.723613 0.643806 42.863998 -0.042941 -0.672294 0.739038 0.000000 0.000000 0.000000 0.000000 1.000000
0.966680 0.158300 0.201172 0.000000 -0.250955 0.741079 0.622754 42.863998 -0.050502 -0.652489 0.756113 0.000000 0.000000 0.000000 0.000000 1.000000
0.965791 0.160169 0.203946 0.000000 -0.251785 0.767415 0.589643 42.863998 -0.062069 -0.620823 0.781490 0.000000 0.000000 0.000000 0.000000 1.000000
0.965689 0.160059 0.204512 -0.000000 -0.248273 0.800011 0.546207 42.863998 -0.076187 -0.578241 0.812301 0.000000 0.000000 0.000000 0.000000 1.000000
0.966880 0.156932 0.201286 0.000000 -0.237267 0.843298 0.482237 42.863998 -0.094066 -0.514024 0.852603 0.000000 0.000000 0.000000 0.000000 1.000000
0.969627 0.149833 0.193323 -0.000000 -0.213751 0.903285 0.372002 42.863998 -0.118887 -0.402026 0.907877 -0.000000 0.000000 0.000000 0.000000 1.000000
0.988025 -0.077457 0.133446 -0.000000 -0.013730 0.817300 0.576049 42.863998 -0.153684 -0.570982 0.806449 0.000000 0.000000 0.000000 0.000000 1.000000
0.984437 -0.115260 0.132659 0.000000 -0.002376 0.746076 0.665857 42.863998 -0.175720 -0.655809 0.734191 0.000000 0.000000 0.000000 0.000000 1.000000
0.978653 -0.165259 0.122180 0.000000 0.021873 0.674867 0.737615 42.863998 -0.204353 -0.719197 0.664075 0.000000 0.000000 0.000000 0.000000 1.000000
0.975635 -0.184668 0.118462 0.000000 0.026612 0.635563 0.771591 42.863998 -0.217778 -0.749639 0.624992 0.000000 0.000000 0.000000 0.000000 1.000000
0.974939 -0.183952 0.125120 -0.000000 0.018473 0.627406 0.778473 42.863998 -0.221703 -0.756653 0.615081 0.000000 0.000000 0.000000 0.000000 1.000000
0.974552 -0.183513 0.128732 0.000000 0.014939 0.626171 0.779542 42.863998 -0.223664 -0.757781 0.612978 0.000000 0.000000 0.000000 0.000000 1.000000
0.974544 -0.183879 0.128270 0.000000 0.016321 0.628795 0.777400 42.863998 -0.223603 -0.755516 0.615789 0.000000 0.000000 0.000000 0.000000 1.000000
0.974557 -0.184267 0.127609 0.000000 0.020188 0.639179 0.768793 42.863998 -0.223228 -0.746656 0.626637 0.000000 0.000000 0.000000 0.000000 1.000000
0.974577 -0.184697 0.126830 0.000000 0.026358 0.656657 0.753728 42.863998 -0.222495 -0.731224 0.644832 0.000000 0.000000 0.000000 0.000000 1.000000
0.974630 -0.185191 0.125703 0.000000 0.034023 0.677670 0.734579 42.863998 -0.221223 -0.711665 0.666778 -0.000000 0.000000 0.000000 0.000000 1.000000
0.974679 -0.185785 0.124439 0.000000 0.041835 0.698180 0.714699 42.863998 -0.219661 -0.691396 0.688274 0.000000 0.000000 0.000000 0.000000 1.000000
0.974728 -0.186422 0.123098 0.000000 0.048584 0.714734 0.697707 42.863998 -0.218050 -0.674094 0.705728 0.000000 0.000000 0.000000 0.000000 1.000000
0.974779 -0.187100 0.121654 0.000000 0.054238 0.727378 0.684090 42.863998 -0.216482 -0.660239 0.719181 0.000000 0.000000 0.000000 0.000000 1.000000
0.975003 -0.186740 0.120404 -0.000000 0.057822 0.736469 0.673996 42.863998 -0.214536 -0.650186 0.728857 0.000000 0.000000 0.000000 0.000000 1.000000
0.975921 -0.181842 0.120467 0.000000 0.055990 0.742615 0.667374 42.863998 -0.210817 -0.644559 0.734915 0.000000 0.000000 0.000000 0.000000 1.000000
0.977009 -0.175260 0.121397 -0.000000 0.051573 0.746783 0.663065 42.863998 -0.206866 -0.641560 0.738652 0.000000 0.000000 0.000000 0.000000 1.000000
0.977703 -0.170840 0.122111 -0.000000 0.048510 0.749515 0.660208 42.863998 -0.204314 -0.639563 0.741090 0.000000 0.000000 0.000000 0.000000 1.000000
0.978158 -0.167781 0.122701 -0.000000 0.046125 0.750790 0.658929 42.863998 -0.202678 -0.638878 0.742130 0.000000 0.000000 0.000000 0.000000 1.000000
0.978441 -0.165804 0.123139 -0.000000 0.044412 0.751197 0.658582 42.863998 -0.201697 -0.638915 0.742365 0.000000 0.000000 0.000000 0.000000 1.000000
0.978573 -0.164800 0.123430 0.000000 0.043704 0.752063 0.657641 42.863998 -0.201207 -0.638156 0.743151 0.000000 0.000000 0.000000 0.000000 1.000000
0.978582 -0.164939 0.123173 0.000000 0.044572 0.753921 0.655451 42.863998 -0.200973 -0.635923 0.745126 0.000000 0.000000 0.000000 0.000000 1.000000
0.978375 -0.166230 0.123084 -0.000000 0.046449 0.756449 0.652401 42.863998 -0.201555 -0.632576 0.747812 0.000000 0.000000 0.000000 0.000000 1.000000
0.977994 -0.168174 0.123470 -0.000000 0.048616 0.759219 0.649017 42.863998 -0.202889 -0.628732 0.750688 0.000000 0.000000 0.000000 0.000000 1.000000
0.977625 -0.170136 0.123708 -0.000000 0.050952 0.762096 0.645457 42.863998 -0.204092 -0.624711 0.753712 0.000000 0.000000 0.000000 0.000000 1.000000
0.977276 -0.171782 0.124187 -0.000000 0.052939 0.765103 0.641728 42.863998 -0.205254 -0.620571 0.756811 0.000000 0.000000 0.000000 0.000000 1.000000
0.976933 -0.173206 0.124909 -0.000000 0.054575 0.768001 0.638119 42.863998 -0.206457 -0.616582 0.759738 0.000000 0.000000 0.000000 0.000000 1.000000
0.976553 -0.174682 0.125817 0.000000 0.055943 0.770288 0.635238 42.863998 -0.207880 -0.613305 0.761999 0.000000 0.000000 0.000000 0.000000 1.000000
0.976136 -0.176247 0.126868 0.000000 0.056894 0.771363 0.633848 42.863998 -0.209575 -0.611503 0.762982 0.000000 0.000000 0.000000 0.000000 1.000000</float_array>
        <technique_common>
          <accessor source="#mixamorig_LeftLeg-Matrix-animation-output-transform-array" count="35" stride="16">
            <param type="float4x4"/>
          </accessor>
        </technique_common>
      </source>
      <source id="mixamorig_LeftLeg-Interpolations">
        <Name_array id="mixamorig_LeftLeg-Interpolations-array" count="35">
 LINEAR LINEAR LINEAR LINEAR LINEAR LINEAR LINEAR LINEAR LINEAR LINEAR LINEAR
LINEAR LINEAR LINEAR LINEAR LINEAR LINEAR LINEAR LINEAR LINEAR LINEAR LINEAR LINEAR
LINEAR LINEAR LINEAR LINEAR LINEAR LINEAR LINEAR LINEAR LINEAR LINEAR LINEAR LINEAR</Name_array>
        <technique_common>
          <accessor source="#mixamorig_LeftLeg-Interpolations-array" count="35">
            <param type="name"/>
          </accessor>
        </technique_common>
      </source>
      <sampler id="mixamorig_LeftLeg-Matrix-animation-transform">
        <input semantic="INPUT" source="#mixamorig_LeftLeg-Matrix-animation-input"/>
        <input semantic="OUTPUT" source="#mixamorig_LeftLeg-Matrix-animation-output-transform"/>
        <input semantic="INTERPOLATION" source="#mixamorig_LeftLeg-Interpolations"/>
      </sampler>
      <channel source="#mixamorig_LeftLeg-Matrix-animation-transform" target="mixamorig_LeftLeg/matrix"/>
    </animation>
    <animation id="mixamorig_LeftFoot-anim" name="mixamorig_LeftFoot">
      <source id="mixamorig_LeftFoot-Matrix-animation-input">
        <float_array id="mixamorig_LeftFoot-Matrix-animation-input-array" count="35">

0.000000 0.033333 0.066667 0.100000 0.133333 0.166667 0.200000 0.233333 0.266667 0.300000 0.333333 0.366667 0.400000 0.433333 0.466667 0.500000
0.533333 0.566667 0.600000 0.633333 0.666667 0.700000 0.733333 0.766667 0.800000 0.833333 0.866667 0.900000 0.933333 0.966667 1.000000 1.033333
1.066667 1.100000 1.133333</float_array>
        <technique_common>
          <accessor source="#mixamorig_LeftFoot-Matrix-animation-input-array" count="35">
            <param name="TIME" type="float"/>
          </accessor>
        </technique_common>
      </source>
      <source id="mixamorig_LeftFoot-Matrix-animation-output-transform">
        <float_array id="mixamorig_LeftFoot-Matrix-animation-output-transform-array" count="560">

0.796287 -0.559610 -0.229703 0.000000 -0.094059 0.260567 -0.960863 49.118999 0.597561 0.786729 0.154850 0.000000 0.000000 0.000000 0.000000 1.000000
0.842925 -0.511962 -0.165448 0.000000 -0.063501 0.210691 -0.975488 49.118999 0.534271 0.832769 0.145087 0.000000 0.000000 0.000000 0.000000 1.000000
0.886500 -0.448515 -0.113805 0.000000 -0.036958 0.176528 -0.983602 49.118999 0.461250 0.876169 0.139916 0.000000 0.000000 0.000000 0.000000 1.000000
0.919518 -0.385841 -0.074922 -0.000000 -0.016074 0.153542 -0.988011 49.118999 0.392718 0.909699 0.134983 0.000000 0.000000 0.000000 0.000000 1.000000
0.950211 -0.308737 -0.042205 -0.000000 0.003251 0.145258 -0.989388 49.118999 0.311592 0.939990 0.139030 0.000000 0.000000 0.000000 0.000000 1.000000
0.975427 -0.219282 -0.021384 0.000000 0.012885 0.153668 -0.988038 49.118999 0.219945 0.963484 0.152718 0.000000 0.000000 0.000000 0.000000 1.000000
0.992799 -0.118852 -0.014987 0.000000 0.010789 0.213305 -0.976926 49.118999 0.119307 0.969729 0.213051 -0.000000 0.000000 0.000000 0.000000 1.000000
0.993912 -0.038424 -0.103260 0.000000 -0.091782 0.229739 -0.968915 49.118999 0.060952 0.972494 0.224814 0.000000 0.000000 0.000000 0.000000 1.000000
0.993518 0.036258 -0.107737 -0.000000 -0.113151 0.224638 -0.967851 49.118999 -0.010890 0.973768 0.227284 -0.000000 0.000000 0.000000 0.000000 1.000000
0.993214 0.059295 -0.100054 0.000000 -0.112065 0.257742 -0.959693 49.118999 -0.031117 0.964393 0.262638 -0.000000 0.000000 0.000000 0.000000 1.000000
0.996939 0.040991 -0.066575 0.000000 -0.076613 0.342452 -0.936407 49.118999 -0.015585 0.938641 0.344544 0.000000 0.000000 0.000000 0.000000 1.000000
0.999336 0.011403 -0.034617 -0.000000 -0.036161 0.429050 -0.902557 49.118999 0.004561 0.903209 0.429177 0.000000 0.000000 0.000000 0.000000 1.000000
0.999838 -0.011908 -0.013505 -0.000000 -0.006007 0.486467 -0.873678 49.118999 0.016974 0.873618 0.486317 0.000000 0.000000 0.000000 0.000000 1.000000
0.999487 -0.031981 -0.001968 0.000000 0.015368 0.532391 -0.846359 49.118999 0.028115 0.845894 0.532609 0.000000 0.000000 0.000000 0.000000 1.000000
0.998923 -0.044604 0.012746 0.000000 0.036075 0.574173 -0.817939 49.118999 0.029165 0.817518 0.575164 0.000000 0.000000 0.000000 0.000000 1.000000
0.998523 -0.042805 0.033455 0.000000 0.052609 0.608189 -0.792047 49.118999 0.013557 0.792638 0.609542 0.000000 0.000000 0.000000 0.000000 1.000000
0.997950 -0.032333 0.055231 0.000000 0.063176 0.635689 -0.769355 49.118999 -0.010234 0.771267 0.636429 -0.000000 0.000000 0.000000 0.000000 1.000000
0.996706 -0.023595 0.077595 0.000000 0.073815 0.660307 -0.747359 49.118999 -0.033603 0.750625 0.659874 -0.000000 0.000000 0.000000 0.000000 1.000000
0.995015 -0.020305 0.097637 0.000000 0.085233 0.681447 -0.726887 49.118999 -0.051775 0.731586 0.679781 0.000000 0.000000 0.000000 0.000000 1.000000
0.993454 -0.021723 0.112152 0.000000 0.095303 0.698913 -0.708829 49.118999 -0.062987 0.714877 0.696408 -0.000000 0.000000 0.000000 0.000000 1.000000
0.992414 -0.027120 0.119913 0.000000 0.103277 0.713051 -0.693464 49.118999 -0.066698 0.700587 0.710443 -0.000000 0.000000 0.000000 0.000000 1.000000
0.991464 -0.036384 0.125200 0.000000 0.112470 0.724408 -0.680135 49.118999 -0.065950 0.688411 0.722317 -0.000000 0.000000 0.000000 0.000000 1.000000
0.990280 -0.045322 0.131496 0.000000 0.122388 0.733098 -0.669020 49.118999 -0.066078 0.678611 0.731520 0.000000 0.000000 0.000000 0.000000 1.000000
0.989234 -0.050942 0.137189 -0.000000 0.129683 0.739545 -0.660496 49.118999 -0.067810 0.671177 0.738190 0.000000 0.000000 0.000000 0.000000 1.000000
0.988376 -0.054901 0.141769 -0.000000 0.135056 0.745242 -0.652973 49.118999 -0.069803 0.664530 0.743995 0.000000 0.000000 0.000000 0.000000 1.000000
0.987681 -0.057850 0.145392 -0.000000 0.139021 0.750884 -0.645637 49.118999 -0.071823 0.657896 0.749676 0.000000 0.000000 0.000000 0.000000 1.000000
0.987166 -0.060054 0.147977 0.000000 0.141750 0.756290 -0.638696 49.118999 -0.073557 0.651475 0.755096 0.000000 0.000000 0.000000 0.000000 1.000000
0.986772 -0.061993 0.149791 0.000000 0.143826 0.761103 -0.632485 49.118999 -0.074796 0.645662 0.759951 0.000000 0.000000 0.000000 0.000000 1.000000
0.986659 -0.064196 0.149609 -0.000000 0.144904 0.765179 -0.627298 49.118999 -0.074207 0.640609 0.764274 0.000000 0.000000 0.000000 0.000000 1.000000
0.986819 -0.067306 0.147164 0.000000 0.145448 0.767544 -0.624276 49.118999 -0.070938 0.637453 0.767217 0.000000 0.000000 0.000000 0.000000 1.000000
0.986997 -0.070222 0.144588 0.000000 0.145977 0.768144 -0.623415 49.118999 -0.067287 0.636415 0.768406 0.000000 0.000000 0.000000 0.000000 1.000000
0.987222 -0.070809 0.142753 0.000000 0.145281 0.767993 -0.623763 49.118999 -0.065465 0.636532 0.768467 0.000000 0.000000 0.000000 0.000000 1.000000
0.987588 -0.068483 0.141354 0.000000 0.142723 0.767018 -0.625551 49.118999 -0.065581 0.637960 0.767272 0.000000 0.000000 0.000000 0.000000 1.000000
0.988175 -0.063881 0.139389 0.000000 0.138168 0.765146 -0.628857 49.118999 -0.066481 0.640680 0.764924 0.000000 0.000000 0.000000 0.000000 1.000000
0.988987 -0.058595 0.135912 -0.000000 0.132164 0.762969 -0.632780 49.118999 -0.066619 0.643773 0.762311 0.000000 0.000000 0.000000 0.000000 1.000000</float_array>
        <technique_common>
          <accessor source="#mixamorig_LeftFoot-Matrix-animation-output-transform-array" count="35" stride="16">
            <param type="float4x4"/>
          </accessor>
        </technique_common>
      </source>
      <source id="mixamorig_LeftFoot-Interpolations">
        <Name_array id="mixamorig_LeftFoot-Interpolations-array" count="35">
 LINEAR LINEAR LINEAR LINEAR LINEAR LINEAR LINEAR LINEAR LINEAR LINEAR LINEAR
LINEAR LINEAR LINEAR LINEAR LINEAR LINEAR LINEAR LINEAR LINEAR LINEAR LINEAR LINEAR
LINEAR LINEAR LINEAR LINEAR LINEAR LINEAR LINEAR LINEAR LINEAR LINEAR LINEAR LINEAR</Name_array>
        <technique_common>
          <accessor source="#mixamorig_LeftFoot-Interpolations-array" count="35">
            <param type="name"/>
          </accessor>
        </technique_common>
      </source>
      <sampler id="mixamorig_LeftFoot-Matrix-animation-transform">
        <input semantic="INPUT" source="#mixamorig_LeftFoot-Matrix-animation-input"/>
        <input semantic="OUTPUT" source="#mixamorig_LeftFoot-Matrix-animation-output-transform"/>
        <input semantic="INTERPOLATION" source="#mixamorig_LeftFoot-Interpolations"/>
      </sampler>
      <channel source="#mixamorig_LeftFoot-Matrix-animation-transform" target="mixamorig_LeftFoot/matrix"/>
    </animation>
    <animation id="mixamorig_LeftToeBase-anim" name="mixamorig_LeftToeBase">
      <source id="mixamorig_LeftToeBase-Matrix-animation-input">
        <float_array id="mixamorig_LeftToeBase-Matrix-animation-input-array" count="35">

0.000000 0.033333 0.066667 0.100000 0.133333 0.166667 0.200000 0.233333 0.266667 0.300000 0.333333 0.366667 0.400000 0.433333 0.466667 0.500000
0.533333 0.566667 0.600000 0.633333 0.666667 0.700000 0.733333 0.766667 0.800000 0.833333 0.866667 0.900000 0.933333 0.966667 1.000000 1.033333
1.066667 1.100000 1.133333</float_array>
        <technique_common>
          <accessor source="#mixamorig_LeftToeBase-Matrix-animation-input-array" count="35">
            <param name="TIME" type="float"/>
          </accessor>
        </technique_common>
      </source>
      <source id="mixamorig_LeftToeBase-Matrix-animation-output-transform">
        <float_array id="mixamorig_LeftToeBase-Matrix-animation-output-transform-array" count="560">

0.997475 -0.002794 -0.070962 -0.000000 -0.039887 0.804686 -0.592359 19.299999 0.058757 0.593694 0.802543 0.000000 0.000000 0.000000 0.000000 1.000000
0.997475 -0.002794 -0.070962 -0.000000 -0.039887 0.804686 -0.592359 19.299999 0.058757 0.593694 0.802543 0.000000 0.000000 0.000000 0.000000 1.000000
0.997475 -0.002794 -0.070962 -0.000000 -0.039887 0.804687 -0.592359 19.299999 0.058757 0.593693 0.802543 0.000000 0.000000 0.000000 0.000000 1.000000
0.997475 -0.002794 -0.070962 0.000000 -0.039887 0.804687 -0.592358 19.299999 0.058757 0.593693 0.802544 0.000000 0.000000 0.000000 0.000000 1.000000
0.997475 -0.002794 -0.070962 0.000000 -0.039887 0.804687 -0.592358 19.299999 0.058757 0.593693 0.802544 0.000000 0.000000 0.000000 0.000000 1.000000
0.997475 -0.002794 -0.070962 0.000000 -0.039887 0.804687 -0.592357 19.299999 0.058757 0.593692 0.802544 0.000000 0.000000 0.000000 0.000000 1.000000
0.997284 -0.004295 -0.073529 0.000000 -0.041478 0.792192 -0.608860 19.299999 0.060864 0.610256 0.789862 0.000000 0.000000 0.000000 0.000000 1.000000
0.995468 -0.018557 -0.093273 -0.000000 -0.056104 0.677334 -0.733533 19.299999 0.076790 0.735442 0.673223 0.000000 0.000000 0.000000 0.000000 1.000000
0.994898 -0.023348 -0.098143 0.000000 -0.060571 0.639726 -0.766213 19.299999 0.080674 0.768248 0.635048 0.000000 0.000000 0.000000 0.000000 1.000000
0.988079 -0.032975 -0.150374 -0.000000 -0.102217 0.589875 -0.800999 19.299999 0.115115 0.806821 0.579473 0.000000 0.000000 0.000000 0.000000 1.000000
0.972453 -0.046174 -0.228482 -0.000000 -0.166973 0.545970 -0.820997 19.299999 0.162653 0.836531 0.523220 0.000000 0.000000 0.000000 0.000000 1.000000
0.955064 -0.064002 -0.289409 -0.000000 -0.219154 0.504921 -0.834881 19.299999 0.199562 0.860790 0.468205 0.000000 0.000000 0.000000 0.000000 1.000000
0.940976 -0.074179 -0.330245 -0.000000 -0.254296 0.488978 -0.834406 19.299999 0.223378 0.869136 0.441253 0.000000 0.000000 0.000000 0.000000 1.000000
0.928170 -0.074636 -0.364596 0.000000 -0.283804 0.491786 -0.823166 19.299999 0.240741 0.867512 0.435279 0.000000 0.000000 0.000000 0.000000 1.000000
0.920962 -0.078736 -0.381615 -0.000000 -0.300996 0.478196 -0.825064 19.299999 0.247449 0.874717 0.416701 0.000000 0.000000 0.000000 0.000000 1.000000
0.918063 -0.081491 -0.387970 0.000000 -0.307667 0.470705 -0.826909 19.299999 0.250005 0.878519 0.407065 0.000000 0.000000 0.000000 0.000000 1.000000
0.916843 -0.082787 -0.390570 -0.000000 -0.310582 0.466815 -0.828023 19.299999 0.250874 0.880471 0.402284 0.000000 0.000000 0.000000 0.000000 1.000000
0.915765 -0.084651 -0.392695 0.000000 -0.314503 0.457100 -0.831954 19.299999 0.249926 0.885378 0.391973 0.000000 0.000000 0.000000 0.000000 1.000000
0.915345 -0.086518 -0.393266 0.000000 -0.317790 0.444569 -0.837477 19.299999 0.247291 0.891556 0.379440 -0.000000 0.000000 0.000000 0.000000 1.000000
0.915076 -0.088447 -0.393464 -0.000000 -0.320911 0.431183 -0.843266 19.299999 0.244239 0.897919 0.366181 0.000000 0.000000 0.000000 0.000000 1.000000
0.914966 -0.089884 -0.393392 -0.000000 -0.322904 0.421586 -0.847348 19.299999 0.242012 0.902322 0.356713 0.000000 0.000000 0.000000 0.000000 1.000000
0.914914 -0.091256 -0.393197 0.000000 -0.324726 0.412202 -0.851259 19.299999 0.239759 0.906511 0.347497 0.000000 0.000000 0.000000 0.000000 1.000000
0.914699 -0.092777 -0.393341 -0.000000 -0.327078 0.401721 -0.855360 19.299999 0.237372 0.911050 0.337109 0.000000 0.000000 0.000000 0.000000 1.000000
0.914792 -0.093734 -0.392900 0.000000 -0.328376 0.393846 -0.858519 19.299999 0.235214 0.914385 0.329507 -0.000000 0.000000 0.000000 0.000000 1.000000
0.914806 -0.094634 -0.392650 -0.000000 -0.329701 0.386571 -0.861313 19.299999 0.233297 0.917392 0.322436 0.000000 0.000000 0.000000 0.000000 1.000000
0.914696 -0.095582 -0.392676 0.000000 -0.331174 0.379618 -0.863837 19.299999 0.231634 0.920193 0.315580 0.000000 0.000000 0.000000 0.000000 1.000000
0.914613 -0.096454 -0.392658 0.000000 -0.332444 0.373363 -0.866072 19.299999 0.230140 0.922657 0.309417 -0.000000 0.000000 0.000000 0.000000 1.000000
0.914537 -0.097243 -0.392640 -0.000000 -0.333529 0.367929 -0.867978 19.299999 0.228868 0.924755 0.304051 0.000000 0.000000 0.000000 0.000000 1.000000
0.914373 -0.098019 -0.392827 0.000000 -0.334659 0.363098 -0.869577 19.299999 0.227870 0.926581 0.299204 0.000000 0.000000 0.000000 0.000000 1.000000
0.914283 -0.098736 -0.392859 0.000000 -0.335490 0.358938 -0.870982 19.299999 0.227009 0.928124 0.295046 0.000000 0.000000 0.000000 0.000000 1.000000
0.914387 -0.099272 -0.392481 0.000000 -0.335742 0.355767 -0.872185 19.299999 0.226215 0.929288 0.291979 0.000000 0.000000 0.000000 0.000000 1.000000
0.914626 -0.099528 -0.391858 0.000000 -0.335556 0.353774 -0.873067 19.299999 0.225524 0.930020 0.290174 0.000000 0.000000 0.000000 0.000000 1.000000
0.914976 -0.099398 -0.391073 0.000000 -0.334857 0.353726 -0.873355 19.299999 0.225143 0.930053 0.290367 0.000000 0.000000 0.000000 0.000000 1.000000
0.915411 -0.098704 -0.390231 0.000000 -0.333396 0.357297 -0.872460 19.299999 0.225543 0.928761 0.294166 -0.000000 0.000000 0.000000 0.000000 1.000000
0.915757 -0.097538 -0.389712 0.000000 -0.331464 0.364652 -0.870149 19.299999 0.226982 0.926021 0.301603 -0.000000 0.000000 0.000000 0.000000 1.000000</float_array>
        <technique_common>
          <accessor source="#mixamorig_LeftToeBase-Matrix-animation-output-transform-array" count="35" stride="16">
            <param type="float4x4"/>
          </accessor>
        </technique_common>
      </source>
      <source id="mixamorig_LeftToeBase-Interpolations">
        <Name_array id="mixamorig_LeftToeBase-Interpolations-array" count="35">
 LINEAR LINEAR LINEAR LINEAR LINEAR LINEAR LINEAR LINEAR LINEAR LINEAR LINEAR
LINEAR LINEAR LINEAR LINEAR LINEAR LINEAR LINEAR LINEAR LINEAR LINEAR LINEAR LINEAR
LINEAR LINEAR LINEAR LINEAR LINEAR LINEAR LINEAR LINEAR LINEAR LINEAR LINEAR LINEAR</Name_array>
        <technique_common>
          <accessor source="#mixamorig_LeftToeBase-Interpolations-array" count="35">
            <param type="name"/>
          </accessor>
        </technique_common>
      </source>
      <sampler id="mixamorig_LeftToeBase-Matrix-animation-transform">
        <input semantic="INPUT" source="#mixamorig_LeftToeBase-Matrix-animation-input"/>
        <input semantic="OUTPUT" source="#mixamorig_LeftToeBase-Matrix-animation-output-transform"/>
        <input semantic="INTERPOLATION" source="#mixamorig_LeftToeBase-Interpolations"/>
      </sampler>
      <channel source="#mixamorig_LeftToeBase-Matrix-animation-transform" target="mixamorig_LeftToeBase/matrix"/>
    </animation>
    <animation id="mixamorig_RightUpLeg-anim" name="mixamorig_RightUpLeg">
      <source id="mixamorig_RightUpLeg-Matrix-animation-input">
        <float_array id="mixamorig_RightUpLeg-Matrix-animation-input-array" count="35">

0.000000 0.033333 0.066667 0.100000 0.133333 0.166667 0.200000 0.233333 0.266667 0.300000 0.333333 0.366667 0.400000 0.433333 0.466667 0.500000
0.533333 0.566667 0.600000 0.633333 0.666667 0.700000 0.733333 0.766667 0.800000 0.833333 0.866667 0.900000 0.933333 0.966667 1.000000 1.033333
1.066667 1.100000 1.133333</float_array>
        <technique_common>
          <accessor source="#mixamorig_RightUpLeg-Matrix-animation-input-array" count="35">
            <param name="TIME" type="float"/>
          </accessor>
        </technique_common>
      </source>
      <source id="mixamorig_RightUpLeg-Matrix-animation-output-transform">
        <float_array id="mixamorig_RightUpLeg-Matrix-animation-output-transform-array" count="560">

-0.957858 -0.285707 0.029654 -10.932800 0.262488 -0.828710 0.494308 -7.227900 -0.116653 0.481260 0.868781 -0.321800 0.000000 0.000000 0.000000 1.000000
-0.956956 -0.287867 0.036976 -10.932800 0.259268 -0.790635 0.554686 -7.227900 -0.130442 0.540397 0.831237 -0.321800 0.000000 0.000000 0.000000 1.000000
-0.957651 -0.287928 -0.001044 -10.932800 0.231354 -0.771632 0.592503 -7.227900 -0.171404 0.567169 0.805568 -0.321800 0.000000 0.000000 0.000000 1.000000
-0.959651 -0.277104 -0.047786 -10.932800 0.188860 -0.761065 0.620574 -7.227900 -0.208332 0.586509 0.782691 -0.321800 0.000000 0.000000 0.000000 1.000000
-0.960889 -0.267917 -0.070097 -10.932800 0.167184 -0.762980 0.624428 -7.227900 -0.220777 0.588287 0.777931 -0.321800 0.000000 0.000000 0.000000 1.000000
-0.967470 -0.244874 -0.063552 -10.932800 0.156709 -0.777278 0.609329 -7.227900 -0.198606 0.579548 0.790367 -0.321800 0.000000 0.000000 0.000000 1.000000
-0.963826 -0.264721 -0.031016 -10.932800 0.202019 -0.801482 0.562863 -7.227900 -0.173860 0.536236 0.825968 -0.321800 0.000000 0.000000 0.000000 1.000000
-0.937619 -0.347571 -0.008030 -10.932800 0.275832 -0.757756 0.591373 -7.227900 -0.211629 0.552268 0.806358 -0.321800 0.000000 0.000000 0.000000 1.000000
-0.908865 -0.414497 0.046452 -10.932800 0.328408 -0.642511 0.692335 -7.227900 -0.257125 0.644494 0.720079 -0.321800 0.000000 0.000000 0.000000 1.000000
-0.886869 -0.457406 0.065145 -10.932800 0.343437 -0.558337 0.755189 -7.227900 -0.309055 0.692127 0.652261 -0.321800 0.000000 0.000000 0.000000 1.000000
-0.884816 -0.464278 0.039334 -10.932800 0.319023 -0.542129 0.777381 -7.227900 -0.339597 0.700387 0.627800 -0.321800 0.000000 0.000000 0.000000 1.000000
-0.892098 -0.451449 0.018851 -10.932800 0.298138 -0.556769 0.775321 -7.227900 -0.339522 0.697282 0.631287 -0.321800 0.000000 0.000000 0.000000 1.000000
-0.895450 -0.445007 0.011795 -10.932800 0.290044 -0.563120 0.773802 -7.227900 -0.337705 0.696322 0.633317 -0.321800 0.000000 0.000000 0.000000 1.000000
-0.895098 -0.445544 0.017055 -10.932800 0.291081 -0.554952 0.779295 -7.227900 -0.337745 0.702509 0.626425 -0.321800 0.000000 0.000000 0.000000 1.000000
-0.892152 -0.450775 0.029446 -10.932800 0.298497 -0.539333 0.787413 -7.227900 -0.339065 0.711281 0.615722 -0.321800 0.000000 0.000000 0.000000 1.000000
-0.889184 -0.455949 0.038234 -10.932800 0.305509 -0.529432 0.791433 -7.227900 -0.340611 0.715410 0.610059 -0.321800 0.000000 0.000000 0.000000 1.000000
-0.887654 -0.458619 0.041710 -10.932800 0.308978 -0.525959 0.792401 -7.227900 -0.341472 0.716265 0.608573 -0.321800 0.000000 0.000000 0.000000 1.000000
-0.887904 -0.458012 0.043021 -10.932800 0.308545 -0.523552 0.794162 -7.227900 -0.341212 0.718414 0.606182 -0.321800 0.000000 0.000000 0.000000 1.000000
-0.890156 -0.453610 0.043122 -10.932800 0.303773 -0.520240 0.798168 -7.227900 -0.339624 0.723594 0.600889 -0.321800 0.000000 0.000000 0.000000 1.000000
-0.894416 -0.445410 0.040370 -10.932800 0.294284 -0.518158 0.803062 -7.227900 -0.336774 0.730152 0.594526 -0.321800 0.000000 0.000000 0.000000 1.000000
-0.900048 -0.434469 0.033909 -10.932800 0.281003 -0.519130 0.807181 -7.227900 -0.333092 0.736030 0.589329 -0.321800 0.000000 0.000000 0.000000 1.000000
-0.905929 -0.422644 0.025779 -10.932800 0.266340 -0.521449 0.810650 -7.227900 -0.329174 0.741257 0.584963 -0.321800 0.000000 0.000000 0.000000 1.000000
-0.911050 -0.411862 0.018916 -10.932800 0.252982 -0.522196 0.814440 -7.227900 -0.325559 0.746781 0.579940 -0.321800 0.000000 0.000000 0.000000 1.000000
-0.914878 -0.403468 0.014518 -10.932800 0.242656 -0.520778 0.818479 -7.227900 -0.322670 0.752332 0.574352 -0.321800 0.000000 0.000000 0.000000 1.000000
-0.917536 -0.397493 0.011292 -10.932800 0.235164 -0.519494 0.821477 -7.227900 -0.320665 0.756390 0.570130 -0.321800 0.000000 0.000000 0.000000 1.000000
-0.919363 -0.393327 0.008125 -10.932800 0.229631 -0.519741 0.822884 -7.227900 -0.319439 0.758395 0.568151 -0.321800 0.000000 0.000000 0.000000 1.000000
-0.920511 -0.390675 0.005602 -10.932800 0.225885 -0.520423 0.823490 -7.227900 -0.318802 0.759297 0.567303 -0.321800 0.000000 0.000000 0.000000 1.000000
-0.921207 -0.389049 0.004197 -10.932800 0.223535 -0.520404 0.824143 -7.227900 -0.318448 0.760145 0.566366 -0.321800 0.000000 0.000000 0.000000 1.000000
-0.921883 -0.387452 0.003604 -10.932800 0.221441 -0.519206 0.825463 -7.227900 -0.317956 0.761778 0.564445 -0.321800 0.000000 0.000000 0.000000 1.000000
-0.922918 -0.384983 0.003150 -10.932800 0.218464 -0.516951 0.827668 -7.227900 -0.317010 0.764558 0.561209 -0.321800 0.000000 0.000000 0.000000 1.000000
-0.924352 -0.381532 0.002416 -10.932800 0.214383 -0.514136 0.830484 -7.227900 -0.315614 0.768178 0.557037 -0.321800 0.000000 0.000000 0.000000 1.000000
-0.925906 -0.377749 0.001665 -10.932800 0.209956 -0.510951 0.833575 -7.227900 -0.314032 0.772162 0.552404 -0.321800 0.000000 0.000000 0.000000 1.000000
-0.927171 -0.374635 0.001775 -10.932800 0.206473 -0.507027 0.836835 -7.227900 -0.312608 0.776255 0.547453 -0.321800 0.000000 0.000000 0.000000 1.000000
-0.928090 -0.372343 0.002972 -10.932800 0.204187 -0.502243 0.840274 -7.227900 -0.311378 0.780457 0.542154 -0.321800 0.000000 0.000000 0.000000 1.000000
-0.928845 -0.370434 0.005105 -10.932800 0.202596 -0.496367 0.844141 -7.227900 -0.310165 0.785110 0.536097 -0.321800 0.000000 0.000000 0.000000 1.000000</float_array>
        <technique_common>
          <accessor source="#mixamorig_RightUpLeg-Matrix-animation-output-transform-array" count="35" stride="16">
            <param type="float4x4"/>
          </accessor>
        </technique_common>
      </source>
      <source id="mixamorig_RightUpLeg-Interpolations">
        <Name_array id="mixamorig_RightUpLeg-Interpolations-array" count="35">
 LINEAR LINEAR LINEAR LINEAR LINEAR LINEAR LINEAR LINEAR LINEAR LINEAR LINEAR
LINEAR LINEAR LINEAR LINEAR LINEAR LINEAR LINEAR LINEAR LINEAR LINEAR LINEAR LINEAR
LINEAR LINEAR LINEAR LINEAR LINEAR LINEAR LINEAR LINEAR LINEAR LINEAR LINEAR LINEAR</Name_array>
        <technique_common>
          <accessor source="#mixamorig_RightUpLeg-Interpolations-array" count="35">
            <param type="name"/>
          </accessor>
        </technique_common>
      </source>
      <sampler id="mixamorig_RightUpLeg-Matrix-animation-transform">
        <input semantic="INPUT" source="#mixamorig_RightUpLeg-Matrix-animation-input"/>
        <input semantic="OUTPUT" source="#mixamorig_RightUpLeg-Matrix-animation-output-transform"/>
        <input semantic="INTERPOLATION" source="#mixamorig_RightUpLeg-Interpolations"/>
      </sampler>
      <channel source="#mixamorig_RightUpLeg-Matrix-animation-transform" target="mixamorig_RightUpLeg/matrix"/>
    </animation>
    <animation id="mixamorig_RightLeg-anim" name="mixamorig_RightLeg">
      <source id="mixamorig_RightLeg-Matrix-animation-input">
        <float_array id="mixamorig_RightLeg-Matrix-animation-input-array" count="35">

0.000000 0.033333 0.066667 0.100000 0.133333 0.166667 0.200000 0.233333 0.266667 0.300000 0.333333 0.366667 0.400000 0.433333 0.466667 0.500000
0.533333 0.566667 0.600000 0.633333 0.666667 0.700000 0.733333 0.766667 0.800000 0.833333 0.866667 0.900000 0.933333 0.966667 1.000000 1.033333
1.066667 1.100000 1.133333</float_array>
        <technique_common>
          <accessor source="#mixamorig_RightLeg-Matrix-animation-input-array" count="35">
            <param name="TIME" type="float"/>
          </accessor>
        </technique_common>
      </source>
      <source id="mixamorig_RightLeg-Matrix-animation-output-transform">
        <float_array id="mixamorig_RightLeg-Matrix-animation-output-transform-array" count="560">

0.975264 0.176149 -0.133532 0.000000 0.091530 0.228052 0.969337 42.864201 0.201200 -0.957582 0.206288 0.000000 0.000000 0.000000 0.000000 1.000000
0.984419 0.107355 -0.139265 -0.000000 0.123999 0.137729 0.982677 42.864201 0.124677 -0.984635 0.122271 0.000000 0.000000 0.000000 0.000000 1.000000
0.988262 0.029132 -0.149968 0.000000 0.143654 0.156838 0.977121 42.864201 0.051986 -0.987195 0.150812 -0.000000 0.000000 0.000000 0.000000 1.000000
0.993142 -0.030542 -0.112858 0.000000 0.116914 0.266841 0.956623 42.864201 0.000898 -0.963256 0.268582 0.000000 0.000000 0.000000 0.000000 1.000000
0.998586 -0.052648 0.007372 -0.000000 0.017587 0.458022 0.888767 42.864201 -0.050168 -0.887380 0.458301 0.000000 0.000000 0.000000 0.000000 1.000000
0.995247 -0.015007 0.096215 0.000000 -0.059683 0.686718 0.724469 42.864201 -0.076945 -0.726769 0.682559 0.000000 0.000000 0.000000 0.000000 1.000000
0.985299 0.046668 0.164344 0.000000 -0.116633 0.886658 0.447475 42.864201 -0.124834 -0.460064 0.879066 0.000000 0.000000 0.000000 0.000000 1.000000
0.978120 0.082259 0.191090 -0.000000 -0.145193 0.927742 0.343824 42.864201 -0.149000 -0.364046 0.919386 -0.000000 0.000000 0.000000 0.000000 1.000000
0.983109 0.102325 0.151744 0.000000 -0.168615 0.828805 0.533527 42.864201 -0.071173 -0.550102 0.832059 0.000000 0.000000 0.000000 0.000000 1.000000
0.991877 0.110451 0.063097 0.000000 -0.124260 0.735222 0.666339 42.864201 0.027208 -0.668766 0.742975 0.000000 0.000000 0.000000 0.000000 1.000000
0.993419 0.114278 0.007717 0.000000 -0.082563 0.667762 0.739782 42.864201 0.079387 -0.735551 0.672802 0.000000 0.000000 0.000000 0.000000 1.000000
0.993448 0.111831 0.023538 -0.000000 -0.087368 0.610441 0.787228 42.864201 0.073668 -0.784127 0.616213 0.000000 0.000000 0.000000 0.000000 1.000000
0.993009 0.109355 0.044433 0.000000 -0.099732 0.575947 0.811380 42.864201 0.063137 -0.810140 0.582827 0.000000 0.000000 0.000000 0.000000 1.000000
0.992205 0.107060 0.063775 0.000000 -0.112466 0.548895 0.828291 42.864201 0.053671 -0.829007 0.556657 0.000000 0.000000 0.000000 0.000000 1.000000
0.991300 0.105211 0.079092 0.000000 -0.123072 0.527837 0.840381 42.864201 0.046670 -0.842804 0.536194 0.000000 0.000000 0.000000 0.000000 1.000000
0.990511 0.103840 0.090030 0.000000 -0.130841 0.512031 0.848944 42.864201 0.042056 -0.852668 0.520758 0.000000 0.000000 0.000000 0.000000 1.000000
0.989867 0.102810 0.097945 0.000000 -0.136521 0.499345 0.855580 42.864201 0.039054 -0.860282 0.508321 0.000000 0.000000 0.000000 0.000000 1.000000
0.989414 0.102096 0.103134 0.000000 -0.140177 0.488445 0.861262 42.864201 0.037556 -0.866601 0.497586 0.000000 0.000000 0.000000 0.000000 1.000000
0.989255 0.101787 0.104945 0.000000 -0.141168 0.478364 0.866741 42.864201 0.038021 -0.872243 0.487593 0.000000 0.000000 0.000000 0.000000 1.000000
0.989476 0.101971 0.102662 -0.000000 -0.138830 0.469031 0.872202 42.864201 0.040788 -0.877275 0.478251 0.000000 0.000000 0.000000 0.000000 1.000000
0.989982 0.102552 0.097045 0.000000 -0.133747 0.460927 0.877301 42.864201 0.045238 -0.881493 0.470026 0.000000 0.000000 0.000000 0.000000 1.000000
0.990559 0.103304 0.090112 0.000000 -0.127536 0.453444 0.882113 42.864201 0.050265 -0.885278 0.462338 0.000000 0.000000 0.000000 0.000000 1.000000
0.991077 0.104061 0.083299 0.000000 -0.121334 0.445568 0.886988 42.864201 0.055185 -0.889180 0.454218 0.000000 0.000000 0.000000 0.000000 1.000000
0.991492 0.104739 0.077293 0.000000 -0.115713 0.437208 0.891885 42.864201 0.059622 -0.893241 0.445608 0.000000 0.000000 0.000000 0.000000 1.000000
0.991774 0.105250 0.072848 -0.000000 -0.111381 0.429160 0.896335 42.864201 0.063076 -0.897076 0.437352 0.000000 0.000000 0.000000 0.000000 1.000000
0.991910 0.105519 0.070564 0.000000 -0.108903 0.421773 0.900138 42.864201 0.065220 -0.900541 0.429852 -0.000000 0.000000 0.000000 0.000000 1.000000
0.991927 0.105562 0.070265 -0.000000 -0.108156 0.415002 0.903369 42.864201 0.066201 -0.903676 0.423069 -0.000000 0.000000 0.000000 0.000000 1.000000
0.991863 0.105441 0.071348 -0.000000 -0.108677 0.409319 0.905896 42.864201 0.066315 -0.906278 0.417447 0.000000 0.000000 0.000000 0.000000 1.000000
0.991737 0.105202 0.073419 0.000000 -0.110157 0.405015 0.907650 42.864201 0.065751 -0.908238 0.413257 -0.000000 0.000000 0.000000 0.000000 1.000000
0.991553 0.104860 0.076339 0.000000 -0.112475 0.402015 0.908699 42.864201 0.064597 -0.909609 0.410414 0.000000 0.000000 0.000000 0.000000 1.000000
0.991337 0.104475 0.079604 0.000000 -0.115170 0.400031 0.909237 42.864201 0.063149 -0.910528 0.408597 0.000000 0.000000 0.000000 0.000000 1.000000
0.991123 0.104109 0.082689 -0.000000 -0.117740 0.398438 0.909607 42.864201 0.061752 -0.911268 0.407159 0.000000 0.000000 0.000000 0.000000 1.000000
0.990882 0.103719 0.085991 0.000000 -0.120508 0.396867 0.909931 42.864201 0.060250 -0.911997 0.405748 -0.000000 0.000000 0.000000 0.000000 1.000000
0.990612 0.103304 0.089537 -0.000000 -0.123520 0.395706 0.910033 42.864201 0.058579 -0.912548 0.404752 0.000000 0.000000 0.000000 0.000000 1.000000
0.990390 0.102980 0.092316 -0.000000 -0.125886 0.394842 0.910084 42.864201 0.057270 -0.912959 0.404012 0.000000 0.000000 0.000000 0.000000 1.000000</float_array>
        <technique_common>
          <accessor source="#mixamorig_RightLeg-Matrix-animation-output-transform-array" count="35" stride="16">
            <param type="float4x4"/>
          </accessor>
        </technique_common>
      </source>
      <source id="mixamorig_RightLeg-Interpolations">
        <Name_array id="mixamorig_RightLeg-Interpolations-array" count="35">
 LINEAR LINEAR LINEAR LINEAR LINEAR LINEAR LINEAR LINEAR LINEAR LINEAR LINEAR
LINEAR LINEAR LINEAR LINEAR LINEAR LINEAR LINEAR LINEAR LINEAR LINEAR LINEAR LINEAR
LINEAR LINEAR LINEAR LINEAR LINEAR LINEAR LINEAR LINEAR LINEAR LINEAR LINEAR LINEAR</Name_array>
        <technique_common>
          <accessor source="#mixamorig_RightLeg-Interpolations-array" count="35">
            <param type="name"/>
          </accessor>
        </technique_common>
      </source>
      <sampler id="mixamorig_RightLeg-Matrix-animation-transform">
        <input semantic="INPUT" source="#mixamorig_RightLeg-Matrix-animation-input"/>
        <input semantic="OUTPUT" source="#mixamorig_RightLeg-Matrix-animation-output-transform"/>
        <input semantic="INTERPOLATION" source="#mixamorig_RightLeg-Interpolations"/>
      </sampler>
      <channel source="#mixamorig_RightLeg-Matrix-animation-transform" target="mixamorig_RightLeg/matrix"/>
    </animation>
    <animation id="mixamorig_RightFoot-anim" name="mixamorig_RightFoot">
      <source id="mixamorig_RightFoot-Matrix-animation-input">
        <float_array id="mixamorig_RightFoot-Matrix-animation-input-array" count="35">

0.000000 0.033333 0.066667 0.100000 0.133333 0.166667 0.200000 0.233333 0.266667 0.300000 0.333333 0.366667 0.400000 0.433333 0.466667 0.500000
0.533333 0.566667 0.600000 0.633333 0.666667 0.700000 0.733333 0.766667 0.800000 0.833333 0.866667 0.900000 0.933333 0.966667 1.000000 1.033333
1.066667 1.100000 1.133333</float_array>
        <technique_common>
          <accessor source="#mixamorig_RightFoot-Matrix-animation-input-array" count="35">
            <param name="TIME" type="float"/>
          </accessor>
        </technique_common>
      </source>
      <source id="mixamorig_RightFoot-Matrix-animation-output-transform">
        <float_array id="mixamorig_RightFoot-Matrix-animation-output-transform-array" count="560">

0.937256 -0.348599 0.005461 -0.000000 0.239052 0.631165 -0.737892 49.118900 0.253782 0.692899 0.674897 0.000000 0.000000 0.000000 0.000000 1.000000
0.944603 -0.327876 -0.014933 -0.000000 0.229126 0.691316 -0.685261 49.118900 0.235004 0.643878 0.728144 -0.000000 0.000000 0.000000 0.000000 1.000000
0.975536 -0.219331 0.014980 0.000000 0.165522 0.687941 -0.706639 49.118900 0.144682 0.691832 0.707415 -0.000000 0.000000 0.000000 0.000000 1.000000
0.994910 -0.039029 0.092907 0.000000 0.095713 0.654436 -0.750035 49.118900 -0.031529 0.755109 0.654840 0.000000 0.000000 0.000000 0.000000 1.000000
0.992560 0.046294 0.112613 0.000000 0.063542 0.592006 -0.803425 49.118900 -0.103861 0.804603 0.584659 0.000000 0.000000 0.000000 0.000000 1.000000
0.984101 0.108705 0.140458 -0.000000 0.060982 0.535946 -0.842047 49.118900 -0.166813 0.837224 0.520796 0.000000 0.000000 0.000000 0.000000 1.000000
0.979483 0.108769 0.169653 -0.000000 0.089676 0.518657 -0.850267 49.118900 -0.180474 0.848036 0.498262 -0.000000 0.000000 0.000000 0.000000 1.000000
0.979614 0.037113 0.197433 0.000000 0.152694 0.501081 -0.851823 49.118900 -0.130543 0.864604 0.485199 0.000000 0.000000 0.000000 0.000000 1.000000
0.972684 -0.005653 0.232065 0.000000 0.204022 0.497687 -0.843020 49.118900 -0.110730 0.867338 0.485245 0.000000 0.000000 0.000000 0.000000 1.000000
0.972733 -0.020812 0.230993 0.000000 0.201271 0.570634 -0.796157 49.118900 -0.115243 0.820940 0.559264 0.000000 0.000000 0.000000 0.000000 1.000000
0.976378 -0.011654 0.215757 0.000000 0.178485 0.606281 -0.774962 49.118900 -0.121778 0.795165 0.594039 0.000000 0.000000 0.000000 0.000000 1.000000
0.977456 0.001392 0.211135 -0.000000 0.173248 0.566294 -0.805789 49.118900 -0.120686 0.824202 0.553286 0.000000 0.000000 0.000000 0.000000 1.000000
0.977568 0.008599 0.210444 0.000000 0.174029 0.529820 -0.830063 49.118900 -0.118636 0.848067 0.516438 0.000000 0.000000 0.000000 0.000000 1.000000
0.977282 0.012653 0.211566 0.000000 0.176936 0.500823 -0.847272 49.118900 -0.116678 0.865457 0.487206 -0.000000 0.000000 0.000000 0.000000 1.000000
0.976972 0.015481 0.212803 0.000000 0.179758 0.477577 -0.860004 49.118900 -0.114944 0.878453 0.463797 0.000000 0.000000 0.000000 0.000000 1.000000
0.976909 0.018635 0.212840 0.000000 0.180988 0.457223 -0.870741 49.118900 -0.113542 0.889157 0.443293 0.000000 0.000000 0.000000 0.000000 1.000000
0.977080 0.022264 0.211704 0.000000 0.180755 0.438522 -0.880356 49.118900 -0.112437 0.898445 0.424447 0.000000 0.000000 0.000000 0.000000 1.000000
0.977491 0.026418 0.209319 0.000000 0.178977 0.421493 -0.888994 49.118900 -0.111712 0.906447 0.407277 0.000000 0.000000 0.000000 0.000000 1.000000
0.978182 0.031344 0.205372 0.000000 0.175315 0.405866 -0.896960 49.118900 -0.111468 0.913395 0.391516 0.000000 0.000000 0.000000 0.000000 1.000000
0.979133 0.037094 0.199805 0.000000 0.169736 0.391370 -0.904444 49.118900 -0.111747 0.919485 0.376908 -0.000000 0.000000 0.000000 0.000000 1.000000
0.980229 0.043316 0.193066 0.000000 0.162794 0.378058 -0.911356 49.118900 -0.112466 0.924768 0.363532 0.000000 0.000000 0.000000 0.000000 1.000000
0.981292 0.049385 0.186083 0.000000 0.155584 0.365887 -0.917562 49.118900 -0.113399 0.929348 0.351358 0.000000 0.000000 0.000000 0.000000 1.000000
0.982205 0.054845 0.179627 0.000000 0.148994 0.354744 -0.923015 49.118900 -0.114344 0.933354 0.340260 -0.000000 0.000000 0.000000 0.000000 1.000000
0.982928 0.059455 0.174121 0.000000 0.143479 0.344746 -0.927666 49.118900 -0.115182 0.936811 0.330330 -0.000000 0.000000 0.000000 0.000000 1.000000
0.983437 0.063016 0.169941 0.000000 0.139441 0.335939 -0.931505 49.118900 -0.115790 0.939773 0.321588 0.000000 0.000000 0.000000 0.000000 1.000000
0.983746 0.065574 0.167164 0.000000 0.136984 0.327850 -0.934746 49.118900 -0.116099 0.942451 0.313538 0.000000 0.000000 0.000000 0.000000 1.000000
0.983900 0.067325 0.165556 0.000000 0.135845 0.320227 -0.937551 49.118900 -0.116136 0.944946 0.305925 0.000000 0.000000 0.000000 0.000000 1.000000
0.983951 0.068447 0.164788 0.000000 0.135591 0.313532 -0.939847 49.118900 -0.115996 0.947108 0.299219 -0.000000 0.000000 0.000000 0.000000 1.000000
0.983941 0.069085 0.164585 0.000000 0.135865 0.308142 -0.941589 49.118900 -0.115765 0.948829 0.293807 0.000000 0.000000 0.000000 0.000000 1.000000
0.983897 0.069380 0.164719 -0.000000 0.136395 0.304140 -0.942812 49.118900 -0.115510 0.950097 0.289780 -0.000000 0.000000 0.000000 0.000000 1.000000
0.983869 0.069585 0.164800 -0.000000 0.136745 0.301400 -0.943641 49.118900 -0.115334 0.950955 0.287023 0.000000 0.000000 0.000000 0.000000 1.000000
0.983883 0.069881 0.164591 0.000000 0.136690 0.299501 -0.944254 49.118900 -0.115281 0.951533 0.285122 -0.000000 0.000000 0.000000 0.000000 1.000000
0.983886 0.070040 0.164508 0.000000 0.136714 0.298261 -0.944643 49.118900 -0.115229 0.951911 0.283879 0.000000 0.000000 0.000000 0.000000 1.000000
0.983858 0.069945 0.164716 -0.000000 0.136986 0.297888 -0.944721 49.118900 -0.115145 0.952035 0.283498 0.000000 0.000000 0.000000 0.000000 1.000000
0.983851 0.069874 0.164785 0.000000 0.137038 0.298174 -0.944623 49.118900 -0.115139 0.951951 0.283784 0.000000 0.000000 0.000000 0.000000 1.000000</float_array>
        <technique_common>
          <accessor source="#mixamorig_RightFoot-Matrix-animation-output-transform-array" count="35" stride="16">
            <param type="float4x4"/>
          </accessor>
        </technique_common>
      </source>
      <source id="mixamorig_RightFoot-Interpolations">
        <Name_array id="mixamorig_RightFoot-Interpolations-array" count="35">
 LINEAR LINEAR LINEAR LINEAR LINEAR LINEAR LINEAR LINEAR LINEAR LINEAR LINEAR
LINEAR LINEAR LINEAR LINEAR LINEAR LINEAR LINEAR LINEAR LINEAR LINEAR LINEAR LINEAR
LINEAR LINEAR LINEAR LINEAR LINEAR LINEAR LINEAR LINEAR LINEAR LINEAR LINEAR LINEAR</Name_array>
        <technique_common>
          <accessor source="#mixamorig_RightFoot-Interpolations-array" count="35">
            <param type="name"/>
          </accessor>
        </technique_common>
      </source>
      <sampler id="mixamorig_RightFoot-Matrix-animation-transform">
        <input semantic="INPUT" source="#mixamorig_RightFoot-Matrix-animation-input"/>
        <input semantic="OUTPUT" source="#mixamorig_RightFoot-Matrix-animation-output-transform"/>
        <input semantic="INTERPOLATION" source="#mixamorig_RightFoot-Interpolations"/>
      </sampler>
      <channel source="#mixamorig_RightFoot-Matrix-animation-transform" target="mixamorig_RightFoot/matrix"/>
    </animation>
    <animation id="mixamorig_RightToeBase-anim" name="mixamorig_RightToeBase">
      <source id="mixamorig_RightToeBase-Matrix-animation-input">
        <float_array id="mixamorig_RightToeBase-Matrix-animation-input-array" count="35">

0.000000 0.033333 0.066667 0.100000 0.133333 0.166667 0.200000 0.233333 0.266667 0.300000 0.333333 0.366667 0.400000 0.433333 0.466667 0.500000
0.533333 0.566667 0.600000 0.633333 0.666667 0.700000 0.733333 0.766667 0.800000 0.833333 0.866667 0.900000 0.933333 0.966667 1.000000 1.033333
1.066667 1.100000 1.133333</float_array>
        <technique_common>
          <accessor source="#mixamorig_RightToeBase-Matrix-animation-input-array" count="35">
            <param name="TIME" type="float"/>
          </accessor>
        </technique_common>
      </source>
      <source id="mixamorig_RightToeBase-Matrix-animation-output-transform">
        <float_array id="mixamorig_RightToeBase-Matrix-animation-output-transform-array" count="560">

0.997971 0.005819 -0.063405 0.000000 -0.060614 0.391697 -0.918096 19.299999 0.019493 0.920076 0.391255 -0.000000 0.000000 0.000000 0.000000 1.000000
0.999761 0.019877 0.009049 -0.000000 -0.003566 0.557369 -0.830257 19.299999 -0.021547 0.830027 0.557307 0.000000 0.000000 0.000000 0.000000 1.000000
0.999377 0.018745 0.029888 0.000000 0.011719 0.622690 -0.782381 19.299999 -0.033277 0.782244 0.622082 0.000000 0.000000 0.000000 0.000000 1.000000
0.998822 0.019883 0.044267 0.000000 0.021479 0.636842 -0.770695 19.299999 -0.043514 0.770738 0.635665 0.000000 0.000000 0.000000 0.000000 1.000000
0.997995 0.011515 0.062240 0.000000 0.034298 0.728056 -0.684659 19.299999 -0.053199 0.685421 0.726201 -0.000000 0.000000 0.000000 0.000000 1.000000
0.996980 0.006682 0.077375 -0.000000 0.043985 0.772518 -0.633468 19.299999 -0.064006 0.634958 0.769890 -0.000000 0.000000 0.000000 0.000000 1.000000
0.996890 0.007386 0.078459 -0.000000 0.044719 0.766756 -0.640379 19.299999 -0.064889 0.641896 0.764041 0.000000 0.000000 0.000000 0.000000 1.000000
0.996932 0.007056 0.077954 0.000000 0.044376 0.769455 -0.637157 19.299999 -0.064478 0.638662 0.766781 0.000000 0.000000 0.000000 0.000000 1.000000
0.996985 0.006639 0.077309 -0.000000 0.043941 0.772868 -0.633043 19.299999 -0.063952 0.634532 0.770246 0.000000 0.000000 0.000000 0.000000 1.000000
0.997042 0.006190 0.076605 -0.000000 0.043471 0.776553 -0.628550 19.299999 -0.063378 0.630021 0.773987 -0.000000 0.000000 0.000000 0.000000 1.000000
0.997081 0.005883 0.076119 0.000000 0.043151 0.779073 -0.625447 19.299999 -0.062982 0.626906 0.776545 0.000000 0.000000 0.000000 0.000000 1.000000
0.997087 0.005837 0.076045 -0.000000 0.043102 0.779454 -0.624975 19.299999 -0.062922 0.626432 0.776932 0.000000 0.000000 0.000000 0.000000 1.000000
0.997087 0.005837 0.076045 -0.000000 0.043102 0.779454 -0.624975 19.299999 -0.062922 0.626432 0.776932 -0.000000 0.000000 0.000000 0.000000 1.000000
0.997087 0.005837 0.076045 0.000000 0.043102 0.779454 -0.624975 19.299999 -0.062922 0.626432 0.776932 0.000000 0.000000 0.000000 0.000000 1.000000
0.997087 0.005837 0.076045 0.000000 0.043102 0.779454 -0.624975 19.299999 -0.062922 0.626432 0.776932 0.000000 0.000000 0.000000 0.000000 1.000000
0.997087 0.005837 0.076045 -0.000000 0.043102 0.779454 -0.624975 19.299999 -0.062922 0.626432 0.776932 -0.000000 0.000000 0.000000 0.000000 1.000000
0.997087 0.005837 0.076045 0.000000 0.043102 0.779454 -0.624975 19.299999 -0.062922 0.626432 0.776932 0.000000 0.000000 0.000000 0.000000 1.000000
0.997087 0.005837 0.076045 0.000000 0.043102 0.779454 -0.624975 19.299999 -0.062922 0.626432 0.776932 0.000000 0.000000 0.000000 0.000000 1.000000
0.997087 0.005837 0.076045 -0.000000 0.043102 0.779454 -0.624975 19.299999 -0.062922 0.626432 0.776932 0.000000 0.000000 0.000000 0.000000 1.000000
0.997087 0.005837 0.076045 -0.000000 0.043102 0.779454 -0.624975 19.299999 -0.062922 0.626432 0.776932 0.000000 0.000000 0.000000 0.000000 1.000000
0.997087 0.005837 0.076045 0.000000 0.043102 0.779454 -0.624975 19.299999 -0.062922 0.626432 0.776932 0.000000 0.000000 0.000000 0.000000 1.000000
0.997087 0.005837 0.076045 0.000000 0.043102 0.779454 -0.624975 19.299999 -0.062922 0.626432 0.776932 0.000000 0.000000 0.000000 0.000000 1.000000
0.997087 0.005837 0.076045 0.000000 0.043102 0.779454 -0.624975 19.299999 -0.062922 0.626432 0.776932 0.000000 0.000000 0.000000 0.000000 1.000000
0.997087 0.005838 0.076045 0.000000 0.043102 0.779454 -0.624975 19.299999 -0.062922 0.626432 0.776932 -0.000000 0.000000 0.000000 0.000000 1.000000
0.997087 0.005838 0.076045 -0.000000 0.043102 0.779454 -0.624975 19.299999 -0.062922 0.626432 0.776932 -0.000000 0.000000 0.000000 0.000000 1.000000
0.997087 0.005837 0.076045 0.000000 0.043102 0.779454 -0.624975 19.299999 -0.062922 0.626432 0.776932 0.000000 0.000000 0.000000 0.000000 1.000000
0.997087 0.005837 0.076045 0.000000 0.043102 0.779454 -0.624975 19.299999 -0.062922 0.626432 0.776932 0.000000 0.000000 0.000000 0.000000 1.000000
0.997087 0.005837 0.076045 0.000000 0.043102 0.779454 -0.624975 19.299999 -0.062922 0.626432 0.776932 0.000000 0.000000 0.000000 0.000000 1.000000
0.997087 0.005837 0.076045 0.000000 0.043102 0.779454 -0.624975 19.299999 -0.062922 0.626432 0.776932 0.000000 0.000000 0.000000 0.000000 1.000000
0.997087 0.005837 0.076045 0.000000 0.043102 0.779454 -0.624975 19.299999 -0.062922 0.626432 0.776932 0.000000 0.000000 0.000000 0.000000 1.000000
0.997087 0.005837 0.076045 -0.000000 0.043102 0.779454 -0.624975 19.299999 -0.062922 0.626432 0.776932 0.000000 0.000000 0.000000 0.000000 1.000000
0.997087 0.005837 0.076045 -0.000000 0.043102 0.779454 -0.624975 19.299999 -0.062922 0.626432 0.776932 -0.000000 0.000000 0.000000 0.000000 1.000000
0.997087 0.005837 0.076045 -0.000000 0.043102 0.779454 -0.624975 19.299999 -0.062922 0.626432 0.776932 0.000000 0.000000 0.000000 0.000000 1.000000
0.997087 0.005837 0.076045 0.000000 0.043102 0.779454 -0.624975 19.299999 -0.062922 0.626432 0.776932 0.000000 0.000000 0.000000 0.000000 1.000000
0.997087 0.005837 0.076045 -0.000000 0.043102 0.779454 -0.624975 19.299999 -0.062922 0.626432 0.776932 0.000000 0.000000 0.000000 0.000000 1.000000</float_array>
        <technique_common>
          <accessor source="#mixamorig_RightToeBase-Matrix-animation-output-transform-array" count="35" stride="16">
            <param type="float4x4"/>
          </accessor>
        </technique_common>
      </source>
      <source id="mixamorig_RightToeBase-Interpolations">
        <Name_array id="mixamorig_RightToeBase-Interpolations-array" count="35">
 LINEAR LINEAR LINEAR LINEAR LINEAR LINEAR LINEAR LINEAR LINEAR LINEAR LINEAR
LINEAR LINEAR LINEAR LINEAR LINEAR LINEAR LINEAR LINEAR LINEAR LINEAR LINEAR LINEAR
LINEAR LINEAR LINEAR LINEAR LINEAR LINEAR LINEAR LINEAR LINEAR LINEAR LINEAR LINEAR</Name_array>
        <technique_common>
          <accessor source="#mixamorig_RightToeBase-Interpolations-array" count="35">
            <param type="name"/>
          </accessor>
        </technique_common>
      </source>
      <sampler id="mixamorig_RightToeBase-Matrix-animation-transform">
        <input semantic="INPUT" source="#mixamorig_RightToeBase-Matrix-animation-input"/>
        <input semantic="OUTPUT" source="#mixamorig_RightToeBase-Matrix-animation-output-transform"/>
        <input semantic="INTERPOLATION" source="#mixamorig_RightToeBase-Interpolations"/>
      </sampler>
      <channel source="#mixamorig_RightToeBase-Matrix-animation-transform" target="mixamorig_RightToeBase/matrix"/>
    </animation>
  </library_animations>
  <library_visual_scenes>
    <visual_scene id="RootNode" name="RootNode">
      <node id="mixamorig_Hips" name="mixamorig_Hips" sid="mixamorig_Hips" type="JOINT">
        <matrix sid="matrix">0.979878 -0.185178 -0.074490 5.930600 0.192779 0.974742 0.112758 102.029716 0.051729 -0.124849 0.990826 23.290625 0.000000 0.000000 0.000000 1.000000</matrix>
        <node id="mixamorig_Spine" name="mixamorig_Spine" sid="mixamorig_Spine" type="JOINT">
          <matrix sid="matrix">0.998676 0.008821 -0.050683 0.000000 -0.008591 0.999952 0.004756 9.635200 0.050723 -0.004314 0.998703 0.000000 0.000000 0.000000 0.000000 1.000000</matrix>
          <node id="mixamorig_Spine1" name="mixamorig_Spine1" sid="mixamorig_Spine1" type="JOINT">
            <matrix sid="matrix">0.999955 0.001169 -0.009440 0.000000 -0.001161 0.999999 0.000851 9.766500 0.009441 -0.000840 0.999955 -0.000000 0.000000 0.000000 0.000000 1.000000</matrix>
            <node id="mixamorig_Spine2" name="mixamorig_Spine2" sid="mixamorig_Spine2" type="JOINT">
              <matrix sid="matrix">0.999955 0.001166 -0.009439 0.000000 -0.001157 0.999999 0.000876 9.815200 0.009440 -0.000865 0.999955 0.000000 0.000000 0.000000 0.000000 1.000000</matrix>
              <node id="mixamorig_Neck" name="mixamorig_Neck" sid="mixamorig_Neck" type="JOINT">
                <matrix sid="matrix">0.998614 0.050321 0.015415 0.000100 -0.048390 0.993077 -0.107037 31.180201 -0.020695 0.106143 0.994136 -6.470500 0.000000 0.000000 0.000000 1.000000</matrix>
                <node id="mixamorig_Head" name="mixamorig_Head" sid="mixamorig_Head" type="JOINT">
                  <matrix sid="matrix">0.999482 0.027654 0.016488 0.000000 -0.022972 0.971330 -0.236625 15.371800 -0.022559 0.236123 0.971461 0.000000 0.000000 0.000000 0.000000 1.000000</matrix>
                  <node id="mixamorig_HeadTop_End" name="mixamorig_HeadTop_End" sid="mixamorig_HeadTop_End" type="JOINT">
                    <matrix sid="matrix">1.000000 0.000000 0.000000 -0.000000 -0.000000 1.000000 0.000000 18.538900 -0.000000 -0.000000 1.000000 -6.013000 0.000000 0.000000 0.000000 1.000000</matrix>
                  </node>
                </node>
              </node>
              <node id="mixamorig_LeftShoulder" name="mixamorig_LeftShoulder" sid="mixamorig_LeftShoulder" type="JOINT">
                <matrix sid="matrix">0.090422 0.977848 -0.188778 8.163700 0.003339 -0.189851 -0.981807 27.405800 -0.995898 0.088147 -0.020432 -9.892500 0.000000 0.000000 0.000000 1.000000</matrix>
                <node id="mixamorig_LeftArm" name="mixamorig_LeftArm" sid="mixamorig_LeftArm" type="JOINT">
                  <matrix sid="matrix">0.903716 -0.232854 0.359272 0.000000 0.218788 0.972491 0.079958 15.851500 -0.368008 0.006345 0.929801 0.000000 0.000000 0.000000 0.000000 1.000000</matrix>
                  <node id="mixamorig_LeftForeArm" name="mixamorig_LeftForeArm" sid="mixamorig_LeftForeArm" type="JOINT">
                    <matrix sid="matrix">0.804918 -0.593387 -0.000000 0.000000 0.593387 0.804918 -0.000000 32.883701 0.000000 0.000000 1.000000 0.000000 0.000000 0.000000 0.000000 1.000000</matrix>
                    <node id="mixamorig_LeftHand" name="mixamorig_LeftHand" sid="mixamorig_LeftHand" type="JOINT">
                      <matrix sid="matrix">0.985791 -0.135148 0.099752 0.000000 0.134461 0.990825 0.013607 30.158199 -0.100676 -0.000001 0.994919 0.000000 0.000000 0.000000 0.000000 1.000000</matrix>
                      <node id="mixamorig_LeftHandThumb1" name="mixamorig_LeftHandThumb1" sid="mixamorig_LeftHandThumb1" type="JOINT">
                        <matrix sid="matrix">0.801870 -0.568748 0.183113 -4.918400 0.597310 0.755341 -0.269594 5.220700 0.015018 0.325555 0.945404 2.164100 0.000000 0.000000 0.000000 1.000000</matrix>
                        <node id="mixamorig_LeftHandThumb2" name="mixamorig_LeftHandThumb2" sid="mixamorig_LeftHandThumb2" type="JOINT">
                          <matrix sid="matrix">0.966684 0.255891 0.006478 0.000000 -0.255771 0.966617 -0.015249 2.420200 -0.010164 0.013084 0.999863 0.000000 0.000000 0.000000 0.000000 1.000000</matrix>
                          <node id="mixamorig_LeftHandThumb3" name="mixamorig_LeftHandThumb3" sid="mixamorig_LeftHandThumb3" type="JOINT">
                            <matrix sid="matrix">0.999884 0.015076 0.001932 0.000000 -0.015062 0.965669 0.259340 2.706000 0.002044 -0.259339 0.965784 0.000000 0.000000 0.000000 0.000000 1.000000</matrix>
                            <node id="mixamorig_LeftHandThumb4" name="mixamorig_LeftHandThumb4" sid="mixamorig_LeftHandThumb4" type="JOINT">
                              <matrix sid="matrix">1.000000 0.000000 -0.000000 0.000000 0.000000 1.000000 0.000000 3.239100 0.000000 -0.000000 1.000000 -0.000000 0.000000 0.000000 0.000000 1.000000</matrix>
                            </node>
                          </node>
                        </node>
                      </node>
                      <node id="mixamorig_LeftHandIndex1" name="mixamorig_LeftHandIndex1" sid="mixamorig_LeftHandIndex1" type="JOINT">
                        <matrix sid="matrix">0.998811 0.048706 -0.001962 -3.264500 -0.048725 0.996445 -0.068733 13.490600 -0.001393 0.068747 0.997633 0.379600 0.000000 0.000000 0.000000 1.000000</matrix>
                        <node id="mixamorig_LeftHandIndex2" name="mixamorig_LeftHandIndex2" sid="mixamorig_LeftHandIndex2" type="JOINT">
                          <matrix sid="matrix">0.999330 0.036009 -0.006537 0.000000 -0.036009 0.935544 -0.351370 2.599200 -0.006537 0.351370 0.936214 0.000000 0.000000 0.000000 0.000000 1.000000</matrix>
                          <node id="mixamorig_LeftHandIndex3" name="mixamorig_LeftHandIndex3" sid="mixamorig_LeftHandIndex3" type="JOINT">
                            <matrix sid="matrix">0.999994 0.003382 -0.000056 -0.000000 -0.003382 0.999450 -0.032999 2.436200 -0.000056 0.032999 0.999455 -0.000000 0.000000 0.000000 0.000000 1.000000</matrix>
                            <node id="mixamorig_LeftHandIndex4" name="mixamorig_LeftHandIndex4" sid="mixamorig_LeftHandIndex4" type="JOINT">
                              <matrix sid="matrix">1.000000 0.000000 -0.000000 0.000000 0.000000 1.000000 0.000000 3.129900 -0.000000 0.000000 1.000000 0.000000 0.000000 0.000000 0.000000 1.000000</matrix>
                            </node>
                          </node>
                        </node>
                      </node>
                      <node id="mixamorig_LeftHandMiddle1" name="mixamorig_LeftHandMiddle1" sid="mixamorig_LeftHandMiddle1" type="JOINT">
                        <matrix sid="matrix">0.997408 0.071714 -0.005837 -0.000000 -0.071811 0.987101 -0.143090 13.592500 -0.004500 0.143138 0.989693 0.000000 0.000000 0.000000 0.000000 1.000000</matrix>
                        <node id="mixamorig_LeftHandMiddle2" name="mixamorig_LeftHandMiddle2" sid="mixamorig_LeftHandMiddle2" type="JOINT">
                          <matrix sid="matrix">0.999229 0.038524 -0.007520 0.000000 -0.038525 0.925851 -0.375921 2.648600 -0.007520 0.375921 0.926621 0.000000 0.000000 0.000000 0.000000 1.000000</matrix>
                          <node id="mixamorig_LeftHandMiddle3" name="mixamorig_LeftHandMiddle3" sid="mixamorig_LeftHandMiddle3" type="JOINT">
                            <matrix sid="matrix">0.999838 0.017951 -0.001584 0.000000 -0.017951 0.984376 -0.175164 3.529400 -0.001585 0.175164 0.984538 0.000000 0.000000 0.000000 0.000000 1.000000</matrix>
                            <node id="mixamorig_LeftHandMiddle4" name="mixamorig_LeftHandMiddle4" sid="mixamorig_LeftHandMiddle4" type="JOINT">
                              <matrix sid="matrix">1.000000 0.000000 0.000000 0.000000 0.000000 1.000000 0.000000 2.576300 0.000000 0.000000 1.000000 0.000000 0.000000 0.000000 0.000000 1.000000</matrix>
                            </node>
                          </node>
                        </node>
                      </node>
                      <node id="mixamorig_LeftHandRing1" name="mixamorig_LeftHandRing1" sid="mixamorig_LeftHandRing1" type="JOINT">
                        <matrix sid="matrix">0.997009 0.076632 -0.009993 3.073200 -0.077004 0.974166 -0.212299 12.936800 -0.006534 0.212433 0.977154 0.039800 0.000000 0.000000 0.000000 1.000000</matrix>
                        <node id="mixamorig_LeftHandRing2" name="mixamorig_LeftHandRing2" sid="mixamorig_LeftHandRing2" type="JOINT">
                          <matrix sid="matrix">0.998815 0.047270 -0.011561 0.000000 -0.047270 0.886008 -0.461255 2.705500 -0.011561 0.461255 0.887192 0.000000 0.000000 0.000000 0.000000 1.000000</matrix>
                          <node id="mixamorig_LeftHandRing3" name="mixamorig_LeftHandRing3" sid="mixamorig_LeftHandRing3" type="JOINT">
                            <matrix sid="matrix">0.999768 0.021408 -0.002261 0.000000 -0.021408 0.977703 -0.208897 2.078000 -0.002261 0.208897 0.977935 -0.000000 0.000000 0.000000 0.000000 1.000000</matrix>
                            <node id="mixamorig_LeftHandRing4" name="mixamorig_LeftHandRing4" sid="mixamorig_LeftHandRing4" type="JOINT">
                              <matrix sid="matrix">1.000000 0.000000 -0.000000 0.000000 0.000000 1.000000 0.000000 3.107900 0.000000 -0.000000 1.000000 0.000000 0.000000 0.000000 0.000000 1.000000</matrix>
                            </node>
                          </node>
                        </node>
                      </node>
                      <node id="mixamorig_LeftHandPinky1" name="mixamorig_LeftHandPinky1" sid="mixamorig_LeftHandPinky1" type="JOINT">
                        <matrix sid="matrix">0.997784 0.065299 -0.012762 5.659100 -0.066452 0.968505 -0.239964 11.531700 -0.003309 0.240281 0.970698 0.354400 0.000000 0.000000 0.000000 1.000000</matrix>
                        <node id="mixamorig_LeftHandPinky2" name="mixamorig_LeftHandPinky2" sid="mixamorig_LeftHandPinky2" type="JOINT">
                          <matrix sid="matrix">0.998991 0.043817 -0.009845 -0.000000 -0.043817 0.902925 -0.427559 2.643100 -0.009845 0.427559 0.903934 0.000000 0.000000 0.000000 0.000000 1.000000</matrix>
                          <node id="mixamorig_LeftHandPinky3" name="mixamorig_LeftHandPinky3" sid="mixamorig_LeftHandPinky3" type="JOINT">
                            <matrix sid="matrix">0.999694 0.024563 -0.002988 -0.000000 -0.024563 0.970540 -0.239683 2.080800 -0.002988 0.239683 0.970847 0.000000 0.000000 0.000000 0.000000 1.000000</matrix>
                            <node id="mixamorig_LeftHandPinky4" name="mixamorig_LeftHandPinky4" sid="mixamorig_LeftHandPinky4" type="JOINT">
                              <matrix sid="matrix">1.000000 -0.000000 0.000000 0.000000 0.000000 1.000000 0.000000 1.726900 -0.000000 0.000000 1.000000 0.000000 0.000000 0.000000 0.000000 1.000000</matrix>
                            </node>
                          </node>
                        </node>
                      </node>
                    </node>
                  </node>
                </node>
              </node>
              <node id="mixamorig_RightShoulder" name="mixamorig_RightShoulder" sid="mixamorig_RightShoulder" type="JOINT">
                <matrix sid="matrix">0.415160 -0.872822 -0.256563 -8.163700 0.570534 0.469458 -0.673869 27.406200 0.708613 0.133386 0.692875 -9.892500 0.000000 0.000000 0.000000 1.000000</matrix>
                <node id="mixamorig_RightArm" name="mixamorig_RightArm" sid="mixamorig_RightArm" type="JOINT">
                  <matrix sid="matrix">0.329468 0.258593 0.908064 0.000000 -0.144976 0.964213 -0.221982 15.851600 -0.932970 -0.058512 0.355167 -0.000000 0.000000 0.000000 0.000000 1.000000</matrix>
                  <node id="mixamorig_RightForeArm" name="mixamorig_RightForeArm" sid="mixamorig_RightForeArm" type="JOINT">
                    <matrix sid="matrix">0.218204 0.975903 -0.000000 -0.000000 -0.975903 0.218204 -0.000000 32.883701 -0.000000 0.000000 1.000000 -0.000000 0.000000 0.000000 0.000000 1.000000</matrix>
                    <node id="mixamorig_RightHand" name="mixamorig_RightHand" sid="mixamorig_RightHand" type="JOINT">
                      <matrix sid="matrix">0.801756 0.597356 -0.018780 -0.000000 -0.594222 0.800124 0.081864 30.158199 0.063928 -0.054475 0.996467 -0.000000 0.000000 0.000000 0.000000 1.000000</matrix>
                      <node id="mixamorig_RightHandThumb1" name="mixamorig_RightHandThumb1" sid="mixamorig_RightHandThumb1" type="JOINT">
                        <matrix sid="matrix">0.870007 0.459913 -0.177672 4.918400 -0.489822 0.765162 -0.417853 5.220700 -0.056228 0.450563 0.890972 2.164000 0.000000 0.000000 0.000000 1.000000</matrix>
                        <node id="mixamorig_RightHandThumb2" name="mixamorig_RightHandThumb2" sid="mixamorig_RightHandThumb2" type="JOINT">
                          <matrix sid="matrix">0.800342 -0.590209 0.105387 0.000000 0.598005 0.773271 -0.210812 2.420100 0.042931 0.231743 0.971829 0.000000 0.000000 0.000000 0.000000 1.000000</matrix>
                          <node id="mixamorig_RightHandThumb3" name="mixamorig_RightHandThumb3" sid="mixamorig_RightHandThumb3" type="JOINT">
                            <matrix sid="matrix">0.778488 -0.625536 -0.051585 0.000000 0.623011 0.780092 -0.057561 2.706400 0.076247 0.012672 0.997008 0.000000 0.000000 0.000000 0.000000 1.000000</matrix>
                            <node id="mixamorig_RightHandThumb4" name="mixamorig_RightHandThumb4" sid="mixamorig_RightHandThumb4" type="JOINT">
                              <matrix sid="matrix">1.000000 0.000000 0.000000 0.000000 0.000000 1.000000 0.000000 3.238800 0.000000 -0.000000 1.000000 0.000000 0.000000 0.000000 0.000000 1.000000</matrix>
                            </node>
                          </node>
                        </node>
                      </node>
                      <node id="mixamorig_RightHandIndex1" name="mixamorig_RightHandIndex1" sid="mixamorig_RightHandIndex1" type="JOINT">
                        <matrix sid="matrix">0.998989 -0.044932 0.001559 3.264500 0.044948 0.997373 -0.056810 13.491000 0.000998 0.056823 0.998384 0.380000 0.000000 0.000000 0.000000 1.000000</matrix>
                        <node id="mixamorig_RightHandIndex2" name="mixamorig_RightHandIndex2" sid="mixamorig_RightHandIndex2" type="JOINT">
                          <matrix sid="matrix">1.000000 -0.000000 -0.000000 0.000000 0.000000 1.000000 -0.000000 2.599000 0.000000 0.000000 1.000000 -0.000000 0.000000 0.000000 0.000000 1.000000</matrix>
                          <node id="mixamorig_RightHandIndex3" name="mixamorig_RightHandIndex3" sid="mixamorig_RightHandIndex3" type="JOINT">
                            <matrix sid="matrix">1.000000 -0.000032 -0.000000 0.000000 0.000032 1.000000 -0.000396 2.436000 0.000000 0.000396 1.000000 0.000000 0.000000 0.000000 0.000000 1.000000</matrix>
                            <node id="mixamorig_RightHandIndex4" name="mixamorig_RightHandIndex4" sid="mixamorig_RightHandIndex4" type="JOINT">
                              <matrix sid="matrix">1.000000 0.000000 0.000000 0.000000 0.000000 1.000000 0.000000 3.130000 -0.000000 -0.000000 1.000000 0.000000 0.000000 0.000000 0.000000 1.000000</matrix>
                            </node>
                          </node>
                        </node>
                      </node>
                      <node id="mixamorig_RightHandMiddle1" name="mixamorig_RightHandMiddle1" sid="mixamorig_RightHandMiddle1" type="JOINT">
                        <matrix sid="matrix">0.991184 -0.092945 0.094421 0.000000 0.117963 0.294615 -0.948307 13.592000 0.060322 0.951085 0.302982 -0.000000 0.000000 0.000000 0.000000 1.000000</matrix>
                        <node id="mixamorig_RightHandMiddle2" name="mixamorig_RightHandMiddle2" sid="mixamorig_RightHandMiddle2" type="JOINT">
                          <matrix sid="matrix">0.992157 -0.079825 0.096193 0.000000 0.079825 -0.187585 -0.978999 2.649000 0.096193 0.978999 -0.179742 0.000000 0.000000 0.000000 0.000000 1.000000</matrix>
                          <node id="mixamorig_RightHandMiddle3" name="mixamorig_RightHandMiddle3" sid="mixamorig_RightHandMiddle3" type="JOINT">
                            <matrix sid="matrix">0.995876 -0.075320 0.050582 0.000000 0.075320 0.375525 -0.923747 3.529000 0.050582 0.923747 0.379649 0.000000 0.000000 0.000000 0.000000 1.000000</matrix>
                            <node id="mixamorig_RightHandMiddle4" name="mixamorig_RightHandMiddle4" sid="mixamorig_RightHandMiddle4" type="JOINT">
                              <matrix sid="matrix">1.000000 0.000000 0.000000 0.000000 0.000000 1.000000 0.000000 2.577000 0.000000 -0.000000 1.000000 0.000000 0.000000 0.000000 0.000000 1.000000</matrix>
                            </node>
                          </node>
                        </node>
                      </node>
                      <node id="mixamorig_RightHandRing1" name="mixamorig_RightHandRing1" sid="mixamorig_RightHandRing1" type="JOINT">
                        <matrix sid="matrix">0.991315 -0.095691 0.090209 -3.073200 0.117637 0.338611 -0.933544 12.936900 0.058786 0.936048 0.346927 0.040000 0.000000 0.000000 0.000000 1.000000</matrix>
                        <node id="mixamorig_RightHandRing2" name="mixamorig_RightHandRing2" sid="mixamorig_RightHandRing2" type="JOINT">
                          <matrix sid="matrix">0.991948 -0.079291 0.098758 0.000000 0.079291 -0.219245 -0.972443 2.705100 0.098758 0.972443 -0.211193 0.000000 0.000000 0.000000 0.000000 1.000000</matrix>
                          <node id="mixamorig_RightHandRing3" name="mixamorig_RightHandRing3" sid="mixamorig_RightHandRing3" type="JOINT">
                            <matrix sid="matrix">0.995248 -0.078005 0.058279 0.000000 0.078005 0.280500 -0.956679 2.078000 0.058279 0.956679 0.285252 0.000000 0.000000 0.000000 0.000000 1.000000</matrix>
                            <node id="mixamorig_RightHandRing4" name="mixamorig_RightHandRing4" sid="mixamorig_RightHandRing4" type="JOINT">
                              <matrix sid="matrix">1.000000 0.000000 -0.000000 0.000000 -0.000000 1.000000 -0.000000 3.108000 0.000000 -0.000000 1.000000 -0.000000 0.000000 0.000000 0.000000 1.000000</matrix>
                            </node>
                          </node>
                        </node>
                      </node>
                      <node id="mixamorig_RightHandPinky1" name="mixamorig_RightHandPinky1" sid="mixamorig_RightHandPinky1" type="JOINT">
                        <matrix sid="matrix">0.991205 -0.090403 0.096642 -5.659100 0.118111 0.274977 -0.954168 11.531700 0.059686 0.957191 0.283237 0.354000 0.000000 0.000000 0.000000 1.000000</matrix>
                        <node id="mixamorig_RightHandPinky2" name="mixamorig_RightHandPinky2" sid="mixamorig_RightHandPinky2" type="JOINT">
                          <matrix sid="matrix">0.992161 -0.079834 0.096146 0.000000 0.079834 -0.187002 -0.979110 2.643300 0.096146 0.979110 -0.179162 -0.000000 0.000000 0.000000 0.000000 1.000000</matrix>
                          <node id="mixamorig_RightHandPinky3" name="mixamorig_RightHandPinky3" sid="mixamorig_RightHandPinky3" type="JOINT">
                            <matrix sid="matrix">0.995056 -0.078658 0.060638 0.000000 0.078658 0.251371 -0.964689 2.081000 0.060638 0.964689 0.256316 0.000000 0.000000 0.000000 0.000000 1.000000</matrix>
                            <node id="mixamorig_RightHandPinky4" name="mixamorig_RightHandPinky4" sid="mixamorig_RightHandPinky4" type="JOINT">
                              <matrix sid="matrix">1.000000 -0.000000 0.000000 -0.000000 -0.000000 1.000000 0.000000 1.726000 0.000000 -0.000000 1.000000 0.000000 0.000000 0.000000 0.000000 1.000000</matrix>
                            </node>
                          </node>
                        </node>
                      </node>
                    </node>
                  </node>
                </node>
              </node>
            </node>
          </node>
        </node>
        <node id="mixamorig_LeftUpLeg" name="mixamorig_LeftUpLeg" sid="mixamorig_LeftUpLeg" type="JOINT">
          <matrix sid="matrix">-0.993203 -0.036940 0.110379 10.932900 0.058924 -0.977381 0.203113 -7.228100 0.100380 0.208237 0.972914 -0.321800 0.000000 0.000000 0.000000 1.000000</matrix>
          <node id="mixamorig_LeftLeg" name="mixamorig_LeftLeg" sid="mixamorig_LeftLeg" type="JOINT">
            <matrix sid="matrix">0.971754 0.155808 0.177253 0.000000 -0.234390 0.724708 0.647965 42.863998 -0.027498 -0.671209 0.740758 -0.000000 0.000000 0.000000 0.000000 1.000000</matrix>
            <node id="mixamorig_LeftFoot" name="mixamorig_LeftFoot" sid="mixamorig_LeftFoot" type="JOINT">
              <matrix sid="matrix">0.796287 -0.559610 -0.229703 0.000000 -0.094059 0.260567 -0.960863 49.118999 0.597561 0.786729 0.154850 0.000000 0.000000 0.000000 0.000000 1.000000</matrix>
              <node id="mixamorig_LeftToeBase" name="mixamorig_LeftToeBase" sid="mixamorig_LeftToeBase" type="JOINT">
                <matrix sid="matrix">0.997475 -0.002794 -0.070962 -0.000000 -0.039887 0.804686 -0.592359 19.299999 0.058757 0.593694 0.802543 0.000000 0.000000 0.000000 0.000000 1.000000</matrix>
                <node id="mixamorig_LeftToe_End" name="mixamorig_LeftToe_End" sid="mixamorig_LeftToe_End" type="JOINT">
                  <matrix sid="matrix">1.000000 0.000000 0.000000 0.000000 -0.000000 1.000000 -0.000000 8.850000 0.000000 0.000000 1.000000 0.000000 0.000000 0.000000 0.000000 1.000000</matrix>
                </node>
              </node>
            </node>
          </node>
        </node>
        <node id="mixamorig_RightUpLeg" name="mixamorig_RightUpLeg" sid="mixamorig_RightUpLeg" type="JOINT">
          <matrix sid="matrix">-0.957858 -0.285707 0.029654 -10.932800 0.262488 -0.828710 0.494308 -7.227900 -0.116653 0.481260 0.868781 -0.321800 0.000000 0.000000 0.000000 1.000000</matrix>
          <node id="mixamorig_RightLeg" name="mixamorig_RightLeg" sid="mixamorig_RightLeg" type="JOINT">
            <matrix sid="matrix">0.975264 0.176149 -0.133532 0.000000 0.091530 0.228052 0.969337 42.864201 0.201200 -0.957582 0.206288 0.000000 0.000000 0.000000 0.000000 1.000000</matrix>
            <node id="mixamorig_RightFoot" name="mixamorig_RightFoot" sid="mixamorig_RightFoot" type="JOINT">
              <matrix sid="matrix">0.937256 -0.348599 0.005461 -0.000000 0.239052 0.631165 -0.737892 49.118900 0.253782 0.692899 0.674897 0.000000 0.000000 0.000000 0.000000 1.000000</matrix>
              <node id="mixamorig_RightToeBase" name="mixamorig_RightToeBase" sid="mixamorig_RightToeBase" type="JOINT">
                <matrix sid="matrix">0.997971 0.005819 -0.063405 0.000000 -0.060614 0.391697 -0.918096 19.299999 0.019493 0.920076 0.391255 -0.000000 0.000000 0.000000 0.000000 1.000000</matrix>
                <node id="mixamorig_RightToe_End" name="mixamorig_RightToe_End" sid="mixamorig_RightToe_End" type="JOINT">
                  <matrix sid="matrix">1.000000 0.000000 -0.000000 0.000000 -0.000000 1.000000 0.000000 8.850000 0.000000 0.000000 1.000000 0.000000 0.000000 0.000000 0.000000 1.000000</matrix>
                </node>
              </node>
            </node>
          </node>
        </node>
      </node>
    </visual_scene>
  </library_visual_scenes>
  <scene>
    <instance_visual_scene url="#RootNode"/>
  </scene>
</COLLADA>
