<?xml version="1.0" encoding="utf-8"?>
<COLLADA xmlns="http://www.collada.org/2005/11/COLLADASchema" version="1.4.1">
  <asset>
    <contributor>
      <author>Mixamo</author>
      <authoring_tool>COLLADA Mixamo exporter</authoring_tool>
      <comments/>
    </contributor>
    <created>2024-09-24T07:38:59Z</created>
    <modified>2024-09-24T07:38:59Z</modified>
    <revision/>
    <title/>
    <unit meter="0.010000"/>
    <up_axis>Y_UP</up_axis>
  </asset>
  <library_animations>
    <animation id="mixamorig_Hips-anim" name="mixamorig_Hips">
      <source id="mixamorig_Hips-Matrix-animation-input">
        <float_array id="mixamorig_Hips-Matrix-animation-input-array" count="32">

0.000000 0.033333 0.066667 0.100000 0.133333 0.166667 0.200000 0.233333 0.266667 0.300000 0.333333 0.366667 0.400000 0.433333 0.466667 0.500000
0.533333 0.566667 0.600000 0.633333 0.666667 0.700000 0.733333 0.766667 0.800000 0.833333 0.866667 0.900000 0.933333 0.966667 1.000000 1.033333</float_array>
        <technique_common>
          <accessor source="#mixamorig_Hips-Matrix-animation-input-array" count="32">
            <param name="TIME" type="float"/>
          </accessor>
        </technique_common>
      </source>
      <source id="mixamorig_Hips-Matrix-animation-output-transform">
        <float_array id="mixamorig_Hips-Matrix-animation-output-transform-array" count="512">

0.998108 0.038675 0.047794 -0.115082 -0.037862 0.999125 -0.017785 82.533783 -0.048440 0.015942 0.998699 0.511671 0.000000 0.000000 0.000000 1.000000
0.999065 0.036064 0.023842 -0.228097 -0.035645 0.999206 -0.017801 83.125092 -0.024465 0.016934 0.999557 0.280956 0.000000 0.000000 0.000000 1.000000
0.999306 0.037035 0.003874 -0.312909 -0.036970 0.999195 -0.015596 83.252869 -0.004448 0.015442 0.999871 -0.050967 0.000000 0.000000 0.000000 1.000000
0.999230 0.037879 -0.010203 -0.340981 -0.038001 0.999205 -0.012025 82.985031 0.009739 0.012403 0.999876 -0.228513 0.000000 0.000000 0.000000 1.000000
0.999129 0.036308 -0.020562 -0.359898 -0.036523 0.999281 -0.010134 82.421280 0.020179 0.010876 0.999737 -0.558250 0.000000 0.000000 0.000000 1.000000
0.998955 0.033401 -0.031210 -0.321522 -0.033771 0.999364 -0.011410 81.642632 0.030809 0.012452 0.999448 -0.910441 0.000000 0.000000 0.000000 1.000000
0.998500 0.032151 -0.044320 -0.195519 -0.032777 0.999372 -0.013467 80.775589 0.043859 0.014900 0.998927 -1.094089 0.000000 0.000000 0.000000 1.000000
0.997846 0.031699 -0.057430 0.031340 -0.032508 0.999384 -0.013204 79.767250 0.056976 0.015043 0.998262 -0.860500 0.000000 0.000000 0.000000 1.000000
0.997302 0.029074 -0.067410 0.451603 -0.029967 0.999476 -0.012263 78.640083 0.067018 0.014250 0.997650 -0.095520 0.000000 0.000000 0.000000 1.000000
0.997115 0.021291 -0.072855 0.868243 -0.022503 0.999621 -0.015857 77.941696 0.072490 0.017451 0.997216 0.781625 0.000000 0.000000 0.000000 1.000000
0.997304 0.008692 -0.072857 1.313050 -0.010457 0.999660 -0.023884 77.548744 0.072625 0.024582 0.997056 1.296836 0.000000 0.000000 0.000000 1.000000
0.997755 -0.004699 -0.066808 1.712515 0.002773 0.999579 -0.028887 77.451538 0.066916 0.028637 0.997348 1.321469 0.000000 0.000000 0.000000 1.000000
0.998224 -0.011624 -0.058422 2.122946 0.010102 0.999604 -0.026279 78.206993 0.058705 0.025642 0.997946 1.253495 0.000000 0.000000 0.000000 1.000000
0.998698 -0.009608 -0.050095 2.469869 0.008630 0.999768 -0.019711 79.595329 0.050273 0.019253 0.998550 1.194914 0.000000 0.000000 0.000000 1.000000
0.999320 -0.000238 -0.036862 2.693126 -0.000314 0.999888 -0.014961 81.076317 0.036861 0.014962 0.999208 1.047241 0.000000 0.000000 0.000000 1.000000
0.999860 0.011368 -0.012284 2.881538 -0.011554 0.999818 -0.015176 82.450386 0.012110 0.015316 0.999809 0.989423 0.000000 0.000000 0.000000 1.000000
0.999630 0.017020 0.021219 3.011953 -0.016590 0.999656 -0.020289 83.317566 -0.021557 0.019930 0.999569 0.582331 0.000000 0.000000 0.000000 1.000000
0.998496 0.012975 0.053262 3.081384 -0.011549 0.999569 -0.026996 83.559753 -0.053590 0.026340 0.998216 0.049632 0.000000 0.000000 0.000000 1.000000
0.997136 0.003000 0.075570 3.119365 -0.000626 0.999506 -0.031419 83.237434 -0.075627 0.031282 0.996645 -0.310228 0.000000 0.000000 0.000000 1.000000
0.996059 -0.006979 0.088417 3.166352 0.009892 0.999421 -0.032544 82.475128 -0.088139 0.033290 0.995552 -0.620862 0.000000 0.000000 0.000000 1.000000
0.995108 -0.014206 0.097770 3.171445 0.017429 0.999330 -0.032192 81.488632 -0.097248 0.033739 0.994688 -0.879881 0.000000 0.000000 0.000000 1.000000
0.993762 -0.019500 0.109799 3.126091 0.023199 0.999202 -0.032513 80.292328 -0.109078 0.034857 0.993422 -0.981999 0.000000 0.000000 0.000000 1.000000
0.991903 -0.021879 0.125102 2.979876 0.026376 0.999060 -0.034406 79.133522 -0.124232 0.037427 0.991547 -1.009498 0.000000 0.000000 0.000000 1.000000
0.990115 -0.018889 0.138982 2.623118 0.024426 0.998970 -0.038237 78.119354 -0.138117 0.041254 0.989556 -0.585659 0.000000 0.000000 0.000000 1.000000
0.989434 -0.008237 0.144746 2.174165 0.014870 0.998885 -0.044806 77.613686 -0.144216 0.046485 0.988454 0.068012 0.000000 0.000000 0.000000 1.000000
0.989994 0.011149 0.140671 1.691594 -0.003687 0.998577 -0.053197 77.448807 -0.141064 0.052146 0.988626 0.369700 0.000000 0.000000 0.000000 1.000000
0.990876 0.033177 0.130629 1.248726 -0.025715 0.997962 -0.058406 77.774132 -0.132301 0.054514 0.989709 0.431227 0.000000 0.000000 0.000000 1.000000
0.991010 0.052810 0.122928 0.730532 -0.046319 0.997407 -0.055076 78.342865 -0.125518 0.048887 0.990886 0.230302 0.000000 0.000000 0.000000 1.000000
0.991447 0.060329 0.115733 0.408895 -0.055587 0.997494 -0.043779 79.391014 -0.118085 0.036971 0.992315 0.165614 0.000000 0.000000 0.000000 1.000000
0.993207 0.055586 0.102227 0.186357 -0.052695 0.998137 -0.030760 80.643593 -0.103746 0.025164 0.994285 0.409491 0.000000 0.000000 0.000000 1.000000
0.995806 0.046267 0.078925 0.016675 -0.044691 0.998767 -0.021624 81.738876 -0.079828 0.018006 0.996646 0.622849 0.000000 0.000000 0.000000 1.000000
0.998108 0.038675 0.047794 -0.115081 -0.037862 0.999125 -0.017785 82.533798 -0.048440 0.015942 0.998699 0.511673 0.000000 0.000000 0.000000 1.000000</float_array>
        <technique_common>
          <accessor source="#mixamorig_Hips-Matrix-animation-output-transform-array" count="32" stride="16">
            <param type="float4x4"/>
          </accessor>
        </technique_common>
      </source>
      <source id="mixamorig_Hips-Interpolations">
        <Name_array id="mixamorig_Hips-Interpolations-array" count="32">
 LINEAR LINEAR LINEAR LINEAR LINEAR LINEAR LINEAR LINEAR LINEAR LINEAR LINEAR
LINEAR LINEAR LINEAR LINEAR LINEAR LINEAR LINEAR LINEAR LINEAR LINEAR LINEAR LINEAR
LINEAR LINEAR LINEAR LINEAR LINEAR LINEAR LINEAR LINEAR LINEAR</Name_array>
        <technique_common>
          <accessor source="#mixamorig_Hips-Interpolations-array" count="32">
            <param type="name"/>
          </accessor>
        </technique_common>
      </source>
      <sampler id="mixamorig_Hips-Matrix-animation-transform">
        <input semantic="INPUT" source="#mixamorig_Hips-Matrix-animation-input"/>
        <input semantic="OUTPUT" source="#mixamorig_Hips-Matrix-animation-output-transform"/>
        <input semantic="INTERPOLATION" source="#mixamorig_Hips-Interpolations"/>
      </sampler>
      <channel source="#mixamorig_Hips-Matrix-animation-transform" target="mixamorig_Hips/matrix"/>
    </animation>
    <animation id="mixamorig_Spine-anim" name="mixamorig_Spine">
      <source id="mixamorig_Spine-Matrix-animation-input">
        <float_array id="mixamorig_Spine-Matrix-animation-input-array" count="32">

0.000000 0.033333 0.066667 0.100000 0.133333 0.166667 0.200000 0.233333 0.266667 0.300000 0.333333 0.366667 0.400000 0.433333 0.466667 0.500000
0.533333 0.566667 0.600000 0.633333 0.666667 0.700000 0.733333 0.766667 0.800000 0.833333 0.866667 0.900000 0.933333 0.966667 1.000000 1.033333</float_array>
        <technique_common>
          <accessor source="#mixamorig_Spine-Matrix-animation-input-array" count="32">
            <param name="TIME" type="float"/>
          </accessor>
        </technique_common>
      </source>
      <source id="mixamorig_Spine-Matrix-animation-output-transform">
        <float_array id="mixamorig_Spine-Matrix-animation-output-transform-array" count="512">

0.999848 -0.016438 0.005812 0.000000 0.016608 0.999396 -0.030531 7.722000 -0.005306 0.030623 0.999517 1.166200 0.000000 0.000000 0.000000 1.000000
0.999872 -0.010582 0.011987 -0.000000 0.010947 0.999465 -0.030834 7.722000 -0.011654 0.030961 0.999453 1.166200 0.000000 0.000000 0.000000 1.000000
0.999837 -0.005849 0.017088 -0.000000 0.006407 0.999442 -0.032770 7.722000 -0.016887 0.032875 0.999317 1.166200 0.000000 0.000000 0.000000 1.000000
0.999779 -0.002664 0.020833 0.000000 0.003366 0.999425 -0.033752 7.722000 -0.020731 0.033815 0.999213 1.166200 0.000000 0.000000 0.000000 1.000000
0.999716 0.000463 0.023833 0.000000 0.000374 0.999383 -0.035119 7.722000 -0.023835 0.035118 0.999099 1.166200 0.000000 0.000000 0.000000 1.000000
0.999641 0.003803 0.026535 -0.000000 -0.002861 0.999368 -0.035426 7.722000 -0.026653 0.035337 0.999020 1.166200 0.000000 0.000000 0.000000 1.000000
0.999530 0.006369 0.029984 0.000000 -0.005311 0.999364 -0.035258 7.722000 -0.030190 0.035082 0.998928 1.166200 0.000000 0.000000 0.000000 1.000000
0.999394 0.008564 0.033726 0.000000 -0.007387 0.999365 -0.034868 7.722000 -0.034003 0.034598 0.998823 1.166200 0.000000 0.000000 0.000000 1.000000
0.999263 0.010833 0.036838 0.000000 -0.009588 0.999382 -0.033807 7.722000 -0.037182 0.033429 0.998749 1.166200 0.000000 0.000000 0.000000 1.000000
0.999152 0.014023 0.038724 0.000000 -0.012863 0.999466 -0.030052 7.722000 -0.039125 0.029528 0.998798 1.166200 0.000000 0.000000 0.000000 1.000000
0.999046 0.019561 0.039053 0.000000 -0.018597 0.999516 -0.024919 7.722000 -0.039522 0.024169 0.998926 1.166200 0.000000 0.000000 0.000000 1.000000
0.998981 0.026196 0.036750 0.000000 -0.025360 0.999413 -0.023024 7.722000 -0.037331 0.022069 0.999059 1.166200 0.000000 0.000000 0.000000 1.000000
0.999057 0.029107 0.032218 0.000000 -0.028318 0.999294 -0.024674 7.722000 -0.032913 0.023738 0.999176 1.166200 0.000000 0.000000 0.000000 1.000000
0.999243 0.028717 0.026263 0.000000 -0.028005 0.999241 -0.027076 7.722000 -0.027021 0.026320 0.999288 1.166200 0.000000 0.000000 0.000000 1.000000
0.999522 0.024509 0.018852 0.000000 -0.023960 0.999297 -0.028830 7.722000 -0.019545 0.028365 0.999407 1.166200 0.000000 0.000000 0.000000 1.000000
0.999796 0.017650 0.009813 0.000000 -0.017357 0.999423 -0.029181 7.722000 -0.010323 0.029005 0.999526 1.166200 0.000000 0.000000 0.000000 1.000000
0.999930 0.011822 0.000215 0.000000 -0.011811 0.999485 -0.029830 7.722000 -0.000568 0.029826 0.999555 1.166200 0.000000 0.000000 0.000000 1.000000
0.999933 0.008534 -0.007778 0.000000 -0.008768 0.999496 -0.030509 7.722000 0.007514 0.030575 0.999504 1.166200 0.000000 0.000000 0.000000 1.000000
0.999893 0.006860 -0.012906 -0.000000 -0.007259 0.999489 -0.031134 7.722000 0.012686 0.031224 0.999432 1.166200 0.000000 0.000000 0.000000 1.000000
0.999864 0.004524 -0.015834 -0.000000 -0.005041 0.999450 -0.032775 7.722000 0.015677 0.032850 0.999337 1.166200 0.000000 0.000000 0.000000 1.000000
0.999837 0.002550 -0.017859 -0.000000 -0.003164 0.999403 -0.034409 7.722000 0.017761 0.034460 0.999248 1.166200 0.000000 0.000000 0.000000 1.000000
0.999787 0.000717 -0.020619 -0.000000 -0.001445 0.999376 -0.035300 7.722000 0.020581 0.035322 0.999164 1.166200 0.000000 0.000000 0.000000 1.000000
0.999708 -0.001601 -0.024125 0.000000 0.000745 0.999371 -0.035463 7.722000 0.024167 0.035435 0.999080 1.166200 0.000000 0.000000 0.000000 1.000000
0.999626 -0.003786 -0.027083 -0.000000 0.002880 0.999437 -0.033415 7.722000 0.027194 0.033325 0.999075 1.166200 0.000000 0.000000 0.000000 1.000000
0.999587 -0.006581 -0.027985 0.000000 0.005776 0.999570 -0.028761 7.722000 0.028163 0.028587 0.999194 1.166200 0.000000 0.000000 0.000000 1.000000
0.999558 -0.011601 -0.027389 0.000000 0.010945 0.999652 -0.024001 7.722000 0.027657 0.023690 0.999337 1.166200 0.000000 0.000000 0.000000 1.000000
0.999525 -0.018620 -0.024561 0.000000 0.018088 0.999601 -0.021705 7.722000 0.024955 0.021250 0.999463 1.166200 0.000000 0.000000 0.000000 1.000000
0.999406 -0.026928 -0.021510 0.000000 0.026432 0.999386 -0.023004 7.722000 0.022116 0.022422 0.999504 1.166200 0.000000 0.000000 0.000000 1.000000
0.999367 -0.031172 -0.017161 -0.000000 0.030718 0.999187 -0.026107 7.722000 0.017961 0.025563 0.999512 1.166200 0.000000 0.000000 0.000000 1.000000
0.999536 -0.028444 -0.010924 0.000000 0.028122 0.999196 -0.028559 7.722000 0.011727 0.028239 0.999532 1.166200 0.000000 0.000000 0.000000 1.000000
0.999747 -0.022299 -0.002992 -0.000000 0.022202 0.999320 -0.029450 7.722000 0.003646 0.029377 0.999562 1.166200 0.000000 0.000000 0.000000 1.000000
0.999848 -0.016438 0.005812 0.000000 0.016608 0.999396 -0.030531 7.722000 -0.005306 0.030622 0.999517 1.166200 0.000000 0.000000 0.000000 1.000000</float_array>
        <technique_common>
          <accessor source="#mixamorig_Spine-Matrix-animation-output-transform-array" count="32" stride="16">
            <param type="float4x4"/>
          </accessor>
        </technique_common>
      </source>
      <source id="mixamorig_Spine-Interpolations">
        <Name_array id="mixamorig_Spine-Interpolations-array" count="32">
 LINEAR LINEAR LINEAR LINEAR LINEAR LINEAR LINEAR LINEAR LINEAR LINEAR LINEAR
LINEAR LINEAR LINEAR LINEAR LINEAR LINEAR LINEAR LINEAR LINEAR LINEAR LINEAR LINEAR
LINEAR LINEAR LINEAR LINEAR LINEAR LINEAR LINEAR LINEAR LINEAR</Name_array>
        <technique_common>
          <accessor source="#mixamorig_Spine-Interpolations-array" count="32">
            <param type="name"/>
          </accessor>
        </technique_common>
      </source>
      <sampler id="mixamorig_Spine-Matrix-animation-transform">
        <input semantic="INPUT" source="#mixamorig_Spine-Matrix-animation-input"/>
        <input semantic="OUTPUT" source="#mixamorig_Spine-Matrix-animation-output-transform"/>
        <input semantic="INTERPOLATION" source="#mixamorig_Spine-Interpolations"/>
      </sampler>
      <channel source="#mixamorig_Spine-Matrix-animation-transform" target="mixamorig_Spine/matrix"/>
    </animation>
    <animation id="mixamorig_Spine1-anim" name="mixamorig_Spine1">
      <source id="mixamorig_Spine1-Matrix-animation-input">
        <float_array id="mixamorig_Spine1-Matrix-animation-input-array" count="32">

0.000000 0.033333 0.066667 0.100000 0.133333 0.166667 0.200000 0.233333 0.266667 0.300000 0.333333 0.366667 0.400000 0.433333 0.466667 0.500000
0.533333 0.566667 0.600000 0.633333 0.666667 0.700000 0.733333 0.766667 0.800000 0.833333 0.866667 0.900000 0.933333 0.966667 1.000000 1.033333</float_array>
        <technique_common>
          <accessor source="#mixamorig_Spine1-Matrix-animation-input-array" count="32">
            <param name="TIME" type="float"/>
          </accessor>
        </technique_common>
      </source>
      <source id="mixamorig_Spine1-Matrix-animation-output-transform">
        <float_array id="mixamorig_Spine1-Matrix-animation-output-transform-array" count="512">

0.999889 -0.009216 0.011673 0.000000 0.008421 0.997756 0.066418 9.598400 -0.012259 -0.066313 0.997724 0.000000 0.000000 0.000000 0.000000 1.000000
0.999723 -0.003679 0.023232 0.000000 0.002145 0.997836 0.065719 9.598400 -0.023424 -0.065651 0.997568 0.000000 0.000000 0.000000 0.000000 1.000000
0.999450 -0.000760 0.033156 -0.000000 -0.001292 0.998086 0.061828 9.598400 -0.033139 -0.061836 0.997536 0.000000 0.000000 0.000000 0.000000 1.000000
0.999167 0.000540 0.040811 0.000000 -0.002985 0.998201 0.059887 9.598400 -0.040705 -0.059959 0.997371 0.000000 0.000000 0.000000 0.000000 1.000000
0.998865 0.003107 0.047530 0.000000 -0.005825 0.998348 0.057163 9.598400 -0.047273 -0.057375 0.997233 0.000000 0.000000 0.000000 0.000000 1.000000
0.998454 0.006785 0.055168 -0.000000 -0.009908 0.998352 0.056527 9.598400 -0.054693 -0.056987 0.996876 -0.000000 0.000000 0.000000 0.000000 1.000000
0.997879 0.010765 0.064202 0.000000 -0.014422 0.998283 0.056765 9.598400 -0.063481 -0.057571 0.996321 0.000000 0.000000 0.000000 0.000000 1.000000
0.997228 0.014040 0.073067 0.000000 -0.018262 0.998182 0.057442 9.598400 -0.072128 -0.058617 0.995671 0.000000 0.000000 0.000000 0.000000 1.000000
0.996679 0.016892 0.079658 0.000000 -0.021669 0.997993 0.059494 9.598400 -0.078493 -0.061022 0.995045 -0.000000 0.000000 0.000000 0.000000 1.000000
0.996396 0.020419 0.082324 0.000000 -0.025974 0.997416 0.066978 9.598400 -0.080743 -0.068875 0.994352 -0.000000 0.000000 0.000000 0.000000 1.000000
0.996446 0.026538 0.079947 0.000000 -0.032739 0.996472 0.077283 9.598400 -0.077614 -0.079626 0.993799 -0.000000 0.000000 0.000000 0.000000 1.000000
0.996911 0.030994 0.072163 0.000000 -0.036856 0.996003 0.081365 9.598400 -0.069352 -0.083774 0.994069 0.000000 0.000000 0.000000 0.000000 1.000000
0.997703 0.029501 0.060976 0.000000 -0.034252 0.996333 0.078404 9.598400 -0.058440 -0.080312 0.995055 -0.000000 0.000000 0.000000 0.000000 1.000000
0.998475 0.025708 0.048847 0.000000 -0.029274 0.996847 0.073747 9.598400 -0.046797 -0.075065 0.996080 0.000000 0.000000 0.000000 0.000000 1.000000
0.999203 0.019008 0.035107 0.000000 -0.021439 0.997301 0.070222 9.598400 -0.033677 -0.070919 0.996913 -0.000000 0.000000 0.000000 0.000000 1.000000
0.999763 0.011495 0.018475 0.000000 -0.012751 0.997509 0.069382 9.598400 -0.017632 -0.069601 0.997419 0.000000 0.000000 0.000000 0.000000 1.000000
0.999973 0.007366 0.000578 0.000000 -0.007388 0.997662 0.067940 9.598400 -0.000076 -0.067943 0.997689 0.000000 0.000000 0.000000 0.000000 1.000000
0.999868 0.007225 -0.014561 -0.000000 -0.006241 0.997765 0.066523 9.598400 0.015009 -0.066423 0.997679 -0.000000 0.000000 0.000000 0.000000 1.000000
0.999659 0.008951 -0.024533 0.000000 -0.007333 0.997839 0.065294 9.598400 0.025064 -0.065092 0.997564 0.000000 0.000000 0.000000 0.000000 1.000000
0.999496 0.007864 -0.030751 0.000000 -0.005943 0.998056 0.062046 9.598400 0.031179 -0.061832 0.997599 0.000000 0.000000 0.000000 0.000000 1.000000
0.999319 0.006305 -0.036370 0.000000 -0.004158 0.998261 0.058801 9.598400 0.036677 -0.058610 0.997607 0.000000 0.000000 0.000000 0.000000 1.000000
0.999040 0.003353 -0.043680 0.000000 -0.000859 0.998374 0.056992 9.598400 0.043800 -0.056900 0.997419 0.000000 0.000000 0.000000 0.000000 1.000000
0.998636 -0.000523 -0.052213 0.000000 0.003483 0.998390 0.056607 9.598400 0.052099 -0.056712 0.997030 0.000000 0.000000 0.000000 0.000000 1.000000
0.998240 -0.003818 -0.059176 0.000000 0.007413 0.998132 0.060641 9.598400 0.058834 -0.060973 0.996404 -0.000000 0.000000 0.000000 0.000000 1.000000
0.998082 -0.008247 -0.061347 0.000000 0.012537 0.997477 0.069873 9.598400 0.060616 -0.070508 0.995668 0.000000 0.000000 0.000000 0.000000 1.000000
0.998264 -0.013750 -0.057277 0.000000 0.018285 0.996673 0.079427 9.598400 0.055994 -0.080337 0.995194 0.000000 0.000000 0.000000 0.000000 1.000000
0.998541 -0.022018 -0.049307 0.000000 0.026116 0.996117 0.084077 9.598400 0.047265 -0.085242 0.995239 -0.000000 0.000000 0.000000 0.000000 1.000000
0.998841 -0.026300 -0.040323 -0.000000 0.029530 0.996217 0.081734 9.598400 0.038020 -0.082830 0.995838 0.000000 0.000000 0.000000 0.000000 1.000000
0.999166 -0.026663 -0.030918 0.000000 0.028939 0.996714 0.075655 9.598400 0.028799 -0.076487 0.996655 0.000000 0.000000 0.000000 0.000000 1.000000
0.999563 -0.022379 -0.019287 -0.000000 0.023690 0.997218 0.070679 9.598400 0.017652 -0.071105 0.997313 0.000000 0.000000 0.000000 0.000000 1.000000
0.999866 -0.015685 -0.004695 -0.000000 0.015971 0.997506 0.068744 9.598400 0.003605 -0.068810 0.997623 0.000000 0.000000 0.000000 0.000000 1.000000
0.999889 -0.009217 0.011673 0.000000 0.008421 0.997756 0.066419 9.598400 -0.012259 -0.066313 0.997724 -0.000000 0.000000 0.000000 0.000000 1.000000</float_array>
        <technique_common>
          <accessor source="#mixamorig_Spine1-Matrix-animation-output-transform-array" count="32" stride="16">
            <param type="float4x4"/>
          </accessor>
        </technique_common>
      </source>
      <source id="mixamorig_Spine1-Interpolations">
        <Name_array id="mixamorig_Spine1-Interpolations-array" count="32">
 LINEAR LINEAR LINEAR LINEAR LINEAR LINEAR LINEAR LINEAR LINEAR LINEAR LINEAR
LINEAR LINEAR LINEAR LINEAR LINEAR LINEAR LINEAR LINEAR LINEAR LINEAR LINEAR LINEAR
LINEAR LINEAR LINEAR LINEAR LINEAR LINEAR LINEAR LINEAR LINEAR</Name_array>
        <technique_common>
          <accessor source="#mixamorig_Spine1-Interpolations-array" count="32">
            <param type="name"/>
          </accessor>
        </technique_common>
      </source>
      <sampler id="mixamorig_Spine1-Matrix-animation-transform">
        <input semantic="INPUT" source="#mixamorig_Spine1-Matrix-animation-input"/>
        <input semantic="OUTPUT" source="#mixamorig_Spine1-Matrix-animation-output-transform"/>
        <input semantic="INTERPOLATION" source="#mixamorig_Spine1-Interpolations"/>
      </sampler>
      <channel source="#mixamorig_Spine1-Matrix-animation-transform" target="mixamorig_Spine1/matrix"/>
    </animation>
    <animation id="mixamorig_Spine2-anim" name="mixamorig_Spine2">
      <source id="mixamorig_Spine2-Matrix-animation-input">
        <float_array id="mixamorig_Spine2-Matrix-animation-input-array" count="32">

0.000000 0.033333 0.066667 0.100000 0.133333 0.166667 0.200000 0.233333 0.266667 0.300000 0.333333 0.366667 0.400000 0.433333 0.466667 0.500000
0.533333 0.566667 0.600000 0.633333 0.666667 0.700000 0.733333 0.766667 0.800000 0.833333 0.866667 0.900000 0.933333 0.966667 1.000000 1.033333</float_array>
        <technique_common>
          <accessor source="#mixamorig_Spine2-Matrix-animation-input-array" count="32">
            <param name="TIME" type="float"/>
          </accessor>
        </technique_common>
      </source>
      <source id="mixamorig_Spine2-Matrix-animation-output-transform">
        <float_array id="mixamorig_Spine2-Matrix-animation-output-transform-array" count="512">

0.999890 -0.008598 0.012074 -0.000000 0.009222 0.998571 -0.052646 11.048200 -0.011604 0.052752 0.998540 0.000000 0.000000 0.000000 0.000000 1.000000
0.999724 -0.002535 0.023366 -0.000000 0.003779 0.998570 -0.053333 11.048200 -0.023198 0.053407 0.998303 0.000000 0.000000 0.000000 0.000000 1.000000
0.999450 0.000837 0.033145 0.000000 0.001061 0.998362 -0.057206 11.048200 -0.033139 0.057210 0.997812 -0.000000 0.000000 0.000000 0.000000 1.000000
0.999167 0.002487 0.040733 -0.000000 -0.000074 0.998251 -0.059126 11.048200 -0.040808 0.059074 0.997419 0.000000 0.000000 0.000000 0.000000 1.000000
0.998865 0.005360 0.047326 -0.000000 -0.002426 0.998084 -0.061828 11.048200 -0.047567 0.061643 0.996964 0.000000 0.000000 0.000000 0.000000 1.000000
0.998454 0.009385 0.054788 -0.000000 -0.005955 0.998031 -0.062434 11.048200 -0.055266 0.062011 0.996544 0.000000 0.000000 0.000000 0.000000 1.000000
0.997879 0.013776 0.063629 0.000000 -0.009815 0.998018 -0.062155 11.048200 -0.064359 0.061399 0.996036 -0.000000 0.000000 0.000000 0.000000 1.000000
0.997228 0.017455 0.072335 -0.000000 -0.013012 0.998026 -0.061433 11.048200 -0.073264 0.060321 0.995487 0.000000 0.000000 0.000000 0.000000 1.000000
0.996678 0.020606 0.078787 0.000000 -0.015944 0.998110 -0.059342 11.048200 -0.079861 0.057889 0.995124 0.000000 0.000000 0.000000 0.000000 1.000000
0.996396 0.024252 0.081288 -0.000000 -0.020073 0.998454 -0.051835 11.048200 -0.082420 0.050017 0.995342 0.000000 0.000000 0.000000 0.000000 1.000000
0.996444 0.030255 0.078633 -0.000000 -0.027049 0.998771 -0.041521 11.048200 -0.079793 0.039246 0.996039 0.000000 0.000000 0.000000 0.000000 1.000000
0.996909 0.034349 0.070652 0.000000 -0.031759 0.998793 -0.037466 11.048200 -0.071854 0.035106 0.996797 0.000000 0.000000 0.000000 0.000000 1.000000
0.997701 0.032343 0.059546 0.000000 -0.029960 0.998731 -0.040492 11.048200 -0.060780 0.038615 0.997404 0.000000 0.000000 0.000000 0.000000 1.000000
0.998474 0.027997 0.047604 -0.000000 -0.025846 0.998643 -0.045212 11.048200 -0.048805 0.043913 0.997843 0.000000 0.000000 0.000000 0.000000 1.000000
0.999202 0.020674 0.034186 0.000000 -0.018992 0.998628 -0.048792 11.048200 -0.035148 0.048103 0.998224 0.000000 0.000000 0.000000 0.000000 1.000000
0.999763 0.012405 0.017917 -0.000000 -0.011501 0.998699 -0.049671 11.048200 -0.018510 0.049453 0.998605 0.000000 0.000000 0.000000 0.000000 1.000000
0.999972 0.007458 0.000228 -0.000000 -0.007436 0.998664 -0.051128 11.048200 -0.000609 0.051125 0.998692 0.000000 0.000000 0.000000 0.000000 1.000000
0.999867 0.006622 -0.014888 -0.000000 -0.007396 0.998591 -0.052539 11.048200 0.014519 0.052643 0.998508 -0.000000 0.000000 0.000000 0.000000 1.000000
0.999658 0.007888 -0.024929 0.000000 -0.009219 0.998512 -0.053754 11.048200 0.024468 0.053966 0.998243 0.000000 0.000000 0.000000 0.000000 1.000000
0.999495 0.006516 -0.031090 -0.000000 -0.008281 0.998340 -0.056992 11.048200 0.030668 0.057220 0.997890 -0.000000 0.000000 0.000000 0.000000 1.000000
0.999318 0.004700 -0.036632 0.000000 -0.006902 0.998161 -0.060224 11.048200 0.036281 0.060436 0.997512 -0.000000 0.000000 0.000000 0.000000 1.000000
0.999039 0.001416 -0.043799 0.000000 -0.004133 0.998067 -0.062012 11.048200 0.043626 0.062134 0.997114 0.000000 0.000000 0.000000 0.000000 1.000000
0.998635 -0.002849 -0.052144 0.000000 -0.000410 0.998053 -0.062367 11.048200 0.052221 0.062303 0.996690 0.000000 0.000000 0.000000 0.000000 1.000000
0.998240 -0.006460 -0.058948 -0.000000 0.003017 0.998294 -0.058305 11.048200 0.059224 0.058025 0.996557 -0.000000 0.000000 0.000000 0.000000 1.000000
0.998083 -0.010984 -0.060914 0.000000 0.007998 0.998764 -0.049056 11.048200 0.061377 0.048475 0.996937 0.000000 0.000000 0.000000 0.000000 1.000000
0.998264 -0.016294 -0.056595 0.000000 0.014069 0.999121 -0.039499 11.048200 0.057189 0.038634 0.997616 0.000000 0.000000 0.000000 0.000000 1.000000
0.998542 -0.024187 -0.048254 0.000000 0.022516 0.999139 -0.034861 11.048200 0.049056 0.033723 0.998227 0.000000 0.000000 0.000000 0.000000 1.000000
0.998842 -0.028051 -0.039082 0.000000 0.026598 0.998953 -0.037235 11.048200 0.040086 0.036152 0.998542 0.000000 0.000000 0.000000 0.000000 1.000000
0.999168 -0.027983 -0.029670 0.000000 0.026682 0.998703 -0.043353 11.048200 0.030845 0.042525 0.998619 0.000000 0.000000 0.000000 0.000000 1.000000
0.999565 -0.023168 -0.018250 -0.000000 0.022262 0.998582 -0.048363 11.048200 0.019344 0.047936 0.998663 -0.000000 0.000000 0.000000 0.000000 1.000000
0.999867 -0.015811 -0.003979 -0.000000 0.015591 0.998611 -0.050319 11.048200 0.004770 0.050250 0.998725 0.000000 0.000000 0.000000 0.000000 1.000000
0.999890 -0.008598 0.012074 0.000000 0.009222 0.998571 -0.052646 11.048200 -0.011604 0.052752 0.998540 -0.000000 0.000000 0.000000 0.000000 1.000000</float_array>
        <technique_common>
          <accessor source="#mixamorig_Spine2-Matrix-animation-output-transform-array" count="32" stride="16">
            <param type="float4x4"/>
          </accessor>
        </technique_common>
      </source>
      <source id="mixamorig_Spine2-Interpolations">
        <Name_array id="mixamorig_Spine2-Interpolations-array" count="32">
 LINEAR LINEAR LINEAR LINEAR LINEAR LINEAR LINEAR LINEAR LINEAR LINEAR LINEAR
LINEAR LINEAR LINEAR LINEAR LINEAR LINEAR LINEAR LINEAR LINEAR LINEAR LINEAR LINEAR
LINEAR LINEAR LINEAR LINEAR LINEAR LINEAR LINEAR LINEAR LINEAR</Name_array>
        <technique_common>
          <accessor source="#mixamorig_Spine2-Interpolations-array" count="32">
            <param type="name"/>
          </accessor>
        </technique_common>
      </source>
      <sampler id="mixamorig_Spine2-Matrix-animation-transform">
        <input semantic="INPUT" source="#mixamorig_Spine2-Matrix-animation-input"/>
        <input semantic="OUTPUT" source="#mixamorig_Spine2-Matrix-animation-output-transform"/>
        <input semantic="INTERPOLATION" source="#mixamorig_Spine2-Interpolations"/>
      </sampler>
      <channel source="#mixamorig_Spine2-Matrix-animation-transform" target="mixamorig_Spine2/matrix"/>
    </animation>
    <animation id="mixamorig_Neck-anim" name="mixamorig_Neck">
      <source id="mixamorig_Neck-Matrix-animation-input">
        <float_array id="mixamorig_Neck-Matrix-animation-input-array" count="32">

0.000000 0.033333 0.066667 0.100000 0.133333 0.166667 0.200000 0.233333 0.266667 0.300000 0.333333 0.366667 0.400000 0.433333 0.466667 0.500000
0.533333 0.566667 0.600000 0.633333 0.666667 0.700000 0.733333 0.766667 0.800000 0.833333 0.866667 0.900000 0.933333 0.966667 1.000000 1.033333</float_array>
        <technique_common>
          <accessor source="#mixamorig_Neck-Matrix-animation-input-array" count="32">
            <param name="TIME" type="float"/>
          </accessor>
        </technique_common>
      </source>
      <source id="mixamorig_Neck-Matrix-animation-output-transform">
        <float_array id="mixamorig_Neck-Matrix-animation-output-transform-array" count="512">

0.999746 0.021083 -0.007958 -0.001600 -0.021083 0.999778 0.000075 21.684401 0.007958 0.000093 0.999968 -3.096600 0.000000 0.000000 0.000000 1.000000
0.999909 0.008095 -0.010777 -0.001600 -0.008196 0.999922 -0.009394 21.684401 0.010700 0.009482 0.999898 -3.096600 0.000000 0.000000 0.000000 1.000000
0.999848 -0.009064 -0.014863 -0.001600 0.008909 0.999906 -0.010458 21.684401 0.014956 0.010324 0.999835 -3.096600 0.000000 0.000000 0.000000 1.000000
0.999628 -0.021022 -0.017352 -0.001600 0.020548 0.999423 -0.027058 21.684401 0.017911 0.026692 0.999483 -3.096600 0.000000 0.000000 0.000000 1.000000
0.999162 -0.035487 -0.020381 -0.001600 0.034733 0.998740 -0.036233 21.684401 0.021641 0.035495 0.999136 -3.096600 0.000000 0.000000 0.000000 1.000000
0.998259 -0.053529 -0.024755 -0.001600 0.052377 0.997611 -0.045039 21.684401 0.027107 0.043664 0.998678 -3.096600 0.000000 0.000000 0.000000 1.000000
0.996879 -0.072846 -0.030425 -0.001600 0.071410 0.996392 -0.045870 21.684401 0.033657 0.043555 0.998484 -3.096600 0.000000 0.000000 0.000000 1.000000
0.995707 -0.085504 -0.035455 -0.001600 0.084353 0.995897 -0.032777 21.684401 0.038112 0.029645 0.998834 -3.096600 0.000000 0.000000 0.000000 1.000000
0.995584 -0.086101 -0.037401 -0.001600 0.085813 0.996268 -0.009246 21.684401 0.038058 0.005996 0.999258 -3.096600 0.000000 0.000000 0.000000 1.000000
0.996181 -0.079903 -0.035187 -0.001600 0.079600 0.996777 -0.009944 21.684401 0.035868 0.007105 0.999331 -3.096600 0.000000 0.000000 0.000000 1.000000
0.996334 -0.079391 -0.031871 -0.001600 0.078656 0.996620 -0.023687 21.684401 0.033644 0.021093 0.999211 -3.096600 0.000000 0.000000 0.000000 1.000000
0.997093 -0.071280 -0.026913 -0.001600 0.070757 0.997295 -0.019919 21.684401 0.028260 0.017957 0.999439 -3.096600 0.000000 0.000000 0.000000 1.000000
0.998647 -0.048600 -0.018487 -0.001600 0.048308 0.998706 -0.015924 21.684401 0.019237 0.015010 0.999702 -3.096600 0.000000 0.000000 0.000000 1.000000
0.999337 -0.034502 -0.011603 -0.001600 0.034222 0.999138 -0.023502 21.684401 0.012404 0.023089 0.999656 -3.096600 0.000000 0.000000 0.000000 1.000000
0.999735 -0.022408 -0.005258 -0.001600 0.022219 0.999187 -0.033641 21.684401 0.006008 0.033515 0.999420 -3.096600 0.000000 0.000000 0.000000 1.000000
0.999933 -0.011586 0.000596 -0.001600 0.011602 0.998588 -0.051836 21.684401 0.000006 0.051840 0.998655 -3.096600 0.000000 0.000000 0.000000 1.000000
0.999961 -0.007402 0.004883 -0.001600 0.007667 0.998368 -0.056599 21.684401 -0.004456 0.056635 0.998385 -3.096600 0.000000 0.000000 0.000000 1.000000
0.999949 -0.006031 0.008138 -0.001600 0.006476 0.998420 -0.055822 21.684401 -0.007788 0.055872 0.998408 -3.096600 0.000000 0.000000 0.000000 1.000000
0.999937 -0.003519 0.010673 -0.001600 0.004131 0.998313 -0.057912 21.684401 -0.010451 0.057953 0.998265 -3.096600 0.000000 0.000000 0.000000 1.000000
0.999837 0.011058 0.014284 -0.001600 -0.010273 0.998496 -0.053859 21.684401 -0.014858 0.053703 0.998446 -3.096600 0.000000 0.000000 0.000000 1.000000
0.999647 0.021206 0.016033 -0.001600 -0.020341 0.998423 -0.052315 21.684401 -0.017117 0.051970 0.998502 -3.096600 0.000000 0.000000 0.000000 1.000000
0.999268 0.033675 0.018132 -0.001600 -0.032847 0.998484 -0.044158 21.684401 -0.019592 0.043530 0.998860 -3.096600 0.000000 0.000000 0.000000 1.000000
0.998653 0.047332 0.021257 -0.001600 -0.046837 0.998633 -0.023220 21.684401 -0.022327 0.022193 0.999504 -3.096600 0.000000 0.000000 0.000000 1.000000
0.998376 0.052244 0.022726 -0.001600 -0.052175 0.998631 -0.003609 21.684401 -0.022883 0.002417 0.999735 -3.096600 0.000000 0.000000 0.000000 1.000000
0.998296 0.053920 0.022328 -0.001600 -0.053877 0.998544 -0.002539 21.684401 -0.022433 0.001331 0.999747 -3.096600 0.000000 0.000000 0.000000 1.000000
0.998775 0.045768 0.018820 -0.001600 -0.045788 0.998951 0.000644 21.684401 -0.018770 -0.001505 0.999823 -3.096600 0.000000 0.000000 0.000000 1.000000
0.998939 0.043302 0.015680 -0.001600 -0.043465 0.999003 0.010229 21.684401 -0.015221 -0.010899 0.999825 -3.096600 0.000000 0.000000 0.000000 1.000000
0.999538 0.028922 0.009387 -0.001600 -0.029169 0.999199 0.027379 21.684401 -0.008588 -0.027640 0.999581 -3.096600 0.000000 0.000000 0.000000 1.000000
0.999810 0.019127 0.003694 -0.001600 -0.019249 0.999153 0.036359 21.684401 -0.002995 -0.036424 0.999332 -3.096600 0.000000 0.000000 0.000000 1.000000
0.999933 0.011452 -0.001796 -0.001600 -0.011394 0.999499 0.029515 21.684401 0.002133 -0.029492 0.999563 -3.096600 0.000000 0.000000 0.000000 1.000000
0.999932 0.009976 -0.006056 -0.001600 -0.009906 0.999886 0.011424 21.684401 0.006169 -0.011363 0.999916 -3.096600 0.000000 0.000000 0.000000 1.000000
0.999746 0.021083 -0.007959 -0.001600 -0.021083 0.999778 0.000075 21.684401 0.007958 0.000092 0.999968 -3.096600 0.000000 0.000000 0.000000 1.000000</float_array>
        <technique_common>
          <accessor source="#mixamorig_Neck-Matrix-animation-output-transform-array" count="32" stride="16">
            <param type="float4x4"/>
          </accessor>
        </technique_common>
      </source>
      <source id="mixamorig_Neck-Interpolations">
        <Name_array id="mixamorig_Neck-Interpolations-array" count="32">
 LINEAR LINEAR LINEAR LINEAR LINEAR LINEAR LINEAR LINEAR LINEAR LINEAR LINEAR
LINEAR LINEAR LINEAR LINEAR LINEAR LINEAR LINEAR LINEAR LINEAR LINEAR LINEAR LINEAR
LINEAR LINEAR LINEAR LINEAR LINEAR LINEAR LINEAR LINEAR LINEAR</Name_array>
        <technique_common>
          <accessor source="#mixamorig_Neck-Interpolations-array" count="32">
            <param type="name"/>
          </accessor>
        </technique_common>
      </source>
      <sampler id="mixamorig_Neck-Matrix-animation-transform">
        <input semantic="INPUT" source="#mixamorig_Neck-Matrix-animation-input"/>
        <input semantic="OUTPUT" source="#mixamorig_Neck-Matrix-animation-output-transform"/>
        <input semantic="INTERPOLATION" source="#mixamorig_Neck-Interpolations"/>
      </sampler>
      <channel source="#mixamorig_Neck-Matrix-animation-transform" target="mixamorig_Neck/matrix"/>
    </animation>
    <animation id="mixamorig_Head-anim" name="mixamorig_Head">
      <source id="mixamorig_Head-Matrix-animation-input">
        <float_array id="mixamorig_Head-Matrix-animation-input-array" count="32">

0.000000 0.033333 0.066667 0.100000 0.133333 0.166667 0.200000 0.233333 0.266667 0.300000 0.333333 0.366667 0.400000 0.433333 0.466667 0.500000
0.533333 0.566667 0.600000 0.633333 0.666667 0.700000 0.733333 0.766667 0.800000 0.833333 0.866667 0.900000 0.933333 0.966667 1.000000 1.033333</float_array>
        <technique_common>
          <accessor source="#mixamorig_Head-Matrix-animation-input-array" count="32">
            <param name="TIME" type="float"/>
          </accessor>
        </technique_common>
      </source>
      <source id="mixamorig_Head-Matrix-animation-output-transform">
        <float_array id="mixamorig_Head-Matrix-animation-output-transform-array" count="512">

0.998050 -0.033250 -0.052817 -0.000700 0.030730 0.998383 -0.047823 8.918400 0.054322 0.046107 0.997458 1.007300 0.000000 0.000000 0.000000 1.000000
0.998313 -0.027046 -0.051370 -0.000700 0.024995 0.998880 -0.040165 8.918400 0.052399 0.038814 0.997872 1.007300 0.000000 0.000000 0.000000 1.000000
0.998764 -0.015367 -0.047267 -0.000700 0.013615 0.999216 -0.037166 8.918400 0.047801 0.036477 0.998191 1.007300 0.000000 0.000000 0.000000 1.000000
0.999017 -0.007256 -0.043735 -0.000700 0.006089 0.999624 -0.026748 8.918400 0.043913 0.026455 0.998685 1.007300 0.000000 0.000000 0.000000 1.000000
0.999175 0.000758 -0.040598 -0.000700 -0.001576 0.999796 -0.020114 8.918400 0.040575 0.020162 0.998973 1.007300 0.000000 0.000000 0.000000 1.000000
0.999234 0.008478 -0.038206 -0.000700 -0.008978 0.999876 -0.012931 8.918400 0.038092 0.013265 0.999186 1.007300 0.000000 0.000000 0.000000 1.000000
0.999212 0.013339 -0.037377 -0.000700 -0.013677 0.999868 -0.008804 8.918400 0.037255 0.009308 0.999262 1.007300 0.000000 0.000000 0.000000 1.000000
0.999150 0.010153 -0.039958 -0.000700 -0.010711 0.999848 -0.013780 8.918400 0.039812 0.014196 0.999106 1.007300 0.000000 0.000000 0.000000 1.000000
0.998933 -0.003274 -0.046072 -0.000700 0.002056 0.999648 -0.026442 8.918400 0.046142 0.026319 0.998588 1.007300 0.000000 0.000000 0.000000 1.000000
0.998476 -0.021051 -0.051009 -0.000700 0.019928 0.999550 -0.022423 8.918400 0.051459 0.021372 0.998446 1.007300 0.000000 0.000000 0.000000 1.000000
0.998235 -0.032220 -0.049890 -0.000700 0.031583 0.999410 -0.013522 8.918400 0.050296 0.011923 0.998663 1.007300 0.000000 0.000000 0.000000 1.000000
0.998225 -0.040334 -0.043820 -0.000700 0.039453 0.999005 -0.020803 8.918400 0.044615 0.019037 0.998823 1.007300 0.000000 0.000000 0.000000 1.000000
0.998204 -0.048961 -0.034508 -0.000700 0.047931 0.998398 -0.030083 8.918400 0.035926 0.028375 0.998952 1.007300 0.000000 0.000000 0.000000 1.000000
0.998543 -0.049893 -0.020539 -0.000700 0.049164 0.998191 -0.034594 8.918400 0.022228 0.033534 0.999190 1.007300 0.000000 0.000000 0.000000 1.000000
0.998705 -0.050341 -0.007298 -0.000700 0.050026 0.998012 -0.038322 8.918400 0.009212 0.037907 0.999239 1.007300 0.000000 0.000000 0.000000 1.000000
0.998553 -0.053703 0.002758 -0.000700 0.053763 0.998061 -0.031377 8.918400 -0.001067 0.031480 0.999504 1.007300 0.000000 0.000000 0.000000 1.000000
0.998294 -0.057564 0.009730 -0.000700 0.057790 0.998021 -0.024769 8.918400 -0.008285 0.025289 0.999646 1.007300 0.000000 0.000000 0.000000 1.000000
0.997974 -0.062093 0.013902 -0.000700 0.062313 0.997929 -0.015970 8.918400 -0.012882 0.016804 0.999776 1.007300 0.000000 0.000000 0.000000 1.000000
0.997666 -0.066417 0.015871 -0.000700 0.066487 0.997780 -0.003920 8.918400 -0.015576 0.004966 0.999866 1.007300 0.000000 0.000000 0.000000 1.000000
0.997179 -0.073652 0.014440 -0.000700 0.073612 0.997282 0.003239 8.918400 -0.014640 -0.002167 0.999890 1.007300 0.000000 0.000000 0.000000 1.000000
0.997132 -0.074326 0.014256 -0.000700 0.074194 0.997197 0.009617 8.918400 -0.014931 -0.008532 0.999852 1.007300 0.000000 0.000000 0.000000 1.000000
0.997315 -0.071916 0.013805 -0.000700 0.071821 0.997391 0.007226 8.918400 -0.014288 -0.006215 0.999879 1.007300 0.000000 0.000000 0.000000 1.000000
0.997661 -0.067196 0.012520 -0.000700 0.067266 0.997721 -0.005228 8.918400 -0.012140 0.006058 0.999908 1.007300 0.000000 0.000000 0.000000 1.000000
0.998297 -0.057129 0.011787 -0.000700 0.057345 0.998177 -0.018831 8.918400 -0.010689 0.019475 0.999753 1.007300 0.000000 0.000000 0.000000 1.000000
0.998812 -0.047867 0.009104 -0.000700 0.048039 0.998652 -0.019676 8.918400 -0.008150 0.020090 0.999765 1.007300 0.000000 0.000000 0.000000 1.000000
0.999262 -0.038054 0.005220 -0.000700 0.038161 0.999023 -0.022303 8.918400 -0.004366 0.022486 0.999738 1.007300 0.000000 0.000000 0.000000 1.000000
0.999308 -0.037080 -0.002826 -0.000700 0.036988 0.998930 -0.027761 8.918400 0.003853 0.027637 0.999611 1.007300 0.000000 0.000000 0.000000 1.000000
0.999355 -0.034233 -0.010818 -0.000700 0.033781 0.998646 -0.039549 8.918400 0.012157 0.039158 0.999159 1.007300 0.000000 0.000000 0.000000 1.000000
0.999168 -0.035088 -0.020776 -0.000700 0.034041 0.998230 -0.048762 8.918400 0.022450 0.048014 0.998594 1.007300 0.000000 0.000000 0.000000 1.000000
0.998901 -0.035036 -0.031144 -0.000700 0.033407 0.998121 -0.051360 8.918400 0.032885 0.050264 0.998194 1.007300 0.000000 0.000000 0.000000 1.000000
0.998551 -0.034099 -0.041642 -0.000700 0.032041 0.998278 -0.049128 8.918400 0.043246 0.047722 0.997924 1.007300 0.000000 0.000000 0.000000 1.000000
0.998050 -0.033250 -0.052817 -0.000700 0.030730 0.998383 -0.047824 8.918400 0.054322 0.046108 0.997458 1.007300 0.000000 0.000000 0.000000 1.000000</float_array>
        <technique_common>
          <accessor source="#mixamorig_Head-Matrix-animation-output-transform-array" count="32" stride="16">
            <param type="float4x4"/>
          </accessor>
        </technique_common>
      </source>
      <source id="mixamorig_Head-Interpolations">
        <Name_array id="mixamorig_Head-Interpolations-array" count="32">
 LINEAR LINEAR LINEAR LINEAR LINEAR LINEAR LINEAR LINEAR LINEAR LINEAR LINEAR
LINEAR LINEAR LINEAR LINEAR LINEAR LINEAR LINEAR LINEAR LINEAR LINEAR LINEAR LINEAR
LINEAR LINEAR LINEAR LINEAR LINEAR LINEAR LINEAR LINEAR LINEAR</Name_array>
        <technique_common>
          <accessor source="#mixamorig_Head-Interpolations-array" count="32">
            <param type="name"/>
          </accessor>
        </technique_common>
      </source>
      <sampler id="mixamorig_Head-Matrix-animation-transform">
        <input semantic="INPUT" source="#mixamorig_Head-Matrix-animation-input"/>
        <input semantic="OUTPUT" source="#mixamorig_Head-Matrix-animation-output-transform"/>
        <input semantic="INTERPOLATION" source="#mixamorig_Head-Interpolations"/>
      </sampler>
      <channel source="#mixamorig_Head-Matrix-animation-transform" target="mixamorig_Head/matrix"/>
    </animation>
    <animation id="mixamorig_LeftShoulder-anim" name="mixamorig_LeftShoulder">
      <source id="mixamorig_LeftShoulder-Matrix-animation-input">
        <float_array id="mixamorig_LeftShoulder-Matrix-animation-input-array" count="32">

0.000000 0.033333 0.066667 0.100000 0.133333 0.166667 0.200000 0.233333 0.266667 0.300000 0.333333 0.366667 0.400000 0.433333 0.466667 0.500000
0.533333 0.566667 0.600000 0.633333 0.666667 0.700000 0.733333 0.766667 0.800000 0.833333 0.866667 0.900000 0.933333 0.966667 1.000000 1.033333</float_array>
        <technique_common>
          <accessor source="#mixamorig_LeftShoulder-Matrix-animation-input-array" count="32">
            <param name="TIME" type="float"/>
          </accessor>
        </technique_common>
      </source>
      <source id="mixamorig_LeftShoulder-Matrix-animation-output-transform">
        <float_array id="mixamorig_LeftShoulder-Matrix-animation-output-transform-array" count="512">

-0.046416 0.986028 -0.159985 4.217400 0.059739 -0.157131 -0.985769 16.560900 -0.997134 -0.055312 -0.051611 -4.061100 0.000000 0.000000 0.000000 1.000000
-0.068340 0.986851 -0.146476 4.217400 0.060633 -0.142440 -0.987945 16.560900 -0.995818 -0.076398 -0.050102 -4.061100 0.000000 0.000000 0.000000 1.000000
-0.077591 0.985785 -0.149022 4.217400 0.062892 -0.144335 -0.987528 16.560900 -0.995000 -0.085996 -0.050799 -4.061100 0.000000 0.000000 0.000000 1.000000
-0.093770 0.985213 -0.143398 4.217400 0.064426 -0.137726 -0.988373 16.560900 -0.993507 -0.101918 -0.050559 -4.061100 0.000000 0.000000 0.000000 1.000000
-0.100581 0.986097 -0.132272 4.217400 0.062907 -0.126378 -0.989986 16.560900 -0.992938 -0.107895 -0.049322 -4.061100 0.000000 0.000000 0.000000 1.000000
-0.096539 0.987260 -0.126482 4.217400 0.060843 -0.120984 -0.990788 16.560900 -0.993468 -0.103345 -0.048388 -4.061100 0.000000 0.000000 0.000000 1.000000
-0.100942 0.987586 -0.120351 4.217400 0.060132 -0.114692 -0.991579 16.560900 -0.993073 -0.107329 -0.047809 -4.061100 0.000000 0.000000 0.000000 1.000000
-0.106963 0.986683 -0.122541 4.217400 0.061714 -0.116422 -0.991281 16.560900 -0.992346 -0.113593 -0.048440 -4.061100 0.000000 0.000000 0.000000 1.000000
-0.101047 0.985520 -0.136158 4.217400 0.064064 -0.130129 -0.989425 16.560900 -0.992817 -0.108701 -0.049987 -4.061100 0.000000 0.000000 0.000000 1.000000
-0.083105 0.985342 -0.148980 4.217400 0.063945 -0.143916 -0.987522 16.560900 -0.994487 -0.091595 -0.051048 -4.061100 0.000000 0.000000 0.000000 1.000000
-0.087850 0.985772 -0.143305 4.217400 0.063498 -0.138027 -0.988391 16.560900 -0.994108 -0.095930 -0.050469 -4.061100 0.000000 0.000000 0.000000 1.000000
-0.075738 0.985792 -0.149928 4.217400 0.062846 -0.145342 -0.987384 16.560900 -0.995145 -0.084205 -0.050945 -4.061100 0.000000 0.000000 0.000000 1.000000
-0.032533 0.981237 -0.190043 4.217400 0.063150 -0.187746 -0.980185 16.560900 -0.997474 -0.043890 -0.055858 -4.061100 0.000000 0.000000 0.000000 1.000000
-0.020305 0.981266 -0.191583 4.217400 0.060886 -0.190053 -0.979884 16.560900 -0.997938 -0.031562 -0.055886 -4.061100 0.000000 0.000000 0.000000 1.000000
-0.027926 0.982644 -0.183388 4.217400 0.060763 -0.181452 -0.981521 16.560900 -0.997762 -0.038553 -0.054641 -4.061100 0.000000 0.000000 0.000000 1.000000
-0.031260 0.983392 -0.178781 4.217400 0.060475 -0.176680 -0.982409 16.560900 -0.997680 -0.041522 -0.053948 -4.061100 0.000000 0.000000 0.000000 1.000000
-0.025866 0.986286 -0.163009 4.217400 0.056216 -0.161370 -0.985292 16.560900 -0.998084 -0.034649 -0.051271 -4.061100 0.000000 0.000000 0.000000 1.000000
-0.018041 0.988407 -0.150749 4.217400 0.052309 -0.149634 -0.987357 16.560900 -0.998468 -0.025699 -0.049003 -4.061100 0.000000 0.000000 0.000000 1.000000
-0.023555 0.990324 -0.136764 4.217400 0.050644 -0.135445 -0.989490 16.560900 -0.998439 -0.030234 -0.046963 -4.061100 0.000000 0.000000 0.000000 1.000000
-0.014176 0.990606 -0.136010 4.217400 0.048803 -0.135176 -0.989619 16.560900 -0.998708 -0.020666 -0.046428 -4.061100 0.000000 0.000000 0.000000 1.000000
-0.016064 0.990624 -0.135669 4.217400 0.049105 -0.134741 -0.989663 16.560900 -0.998664 -0.022560 -0.046480 -4.061100 0.000000 0.000000 0.000000 1.000000
-0.017664 0.990822 -0.134015 4.217400 0.049107 -0.133014 -0.989897 16.560900 -0.998637 -0.024066 -0.046307 -4.061100 0.000000 0.000000 0.000000 1.000000
-0.004973 0.989729 -0.142868 4.217400 0.048402 -0.142465 -0.988616 16.560900 -0.998816 -0.011831 -0.047196 -4.061100 0.000000 0.000000 0.000000 1.000000
-0.001145 0.989691 -0.143212 4.217400 0.047752 -0.142994 -0.988571 16.560900 -0.998859 -0.007971 -0.047096 -4.061100 0.000000 0.000000 0.000000 1.000000
0.010003 0.986969 -0.160597 4.217400 0.048633 -0.160895 -0.985773 16.560900 -0.998767 0.002050 -0.049609 -4.061100 0.000000 0.000000 0.000000 1.000000
0.009079 0.986640 -0.162660 4.217400 0.049162 -0.162910 -0.985415 16.560900 -0.998750 0.000950 -0.049985 -4.061100 0.000000 0.000000 0.000000 1.000000
-0.003689 0.987716 -0.156215 4.217400 0.050568 -0.155831 -0.986488 16.560900 -0.998714 -0.011539 -0.049372 -4.061100 0.000000 0.000000 0.000000 1.000000
-0.011887 0.987804 -0.155249 4.217400 0.052009 -0.154439 -0.986633 16.560900 -0.998576 -0.019803 -0.049539 -4.061100 0.000000 0.000000 0.000000 1.000000
-0.012315 0.988287 -0.152108 4.217400 0.051540 -0.151290 -0.987145 16.560900 -0.998595 -0.019996 -0.049073 -4.061100 0.000000 0.000000 0.000000 1.000000
-0.014623 0.986935 -0.160453 4.217400 0.053497 -0.159468 -0.985753 16.560900 -0.998461 -0.022998 -0.050466 -4.061100 0.000000 0.000000 0.000000 1.000000
-0.031990 0.986377 -0.161363 4.217400 0.057127 -0.159377 -0.985563 16.560900 -0.997854 -0.040746 -0.051250 -4.061100 0.000000 0.000000 0.000000 1.000000
-0.046416 0.986028 -0.159983 4.217400 0.059739 -0.157129 -0.985770 16.560900 -0.997134 -0.055312 -0.051611 -4.061100 0.000000 0.000000 0.000000 1.000000</float_array>
        <technique_common>
          <accessor source="#mixamorig_LeftShoulder-Matrix-animation-output-transform-array" count="32" stride="16">
            <param type="float4x4"/>
          </accessor>
        </technique_common>
      </source>
      <source id="mixamorig_LeftShoulder-Interpolations">
        <Name_array id="mixamorig_LeftShoulder-Interpolations-array" count="32">
 LINEAR LINEAR LINEAR LINEAR LINEAR LINEAR LINEAR LINEAR LINEAR LINEAR LINEAR
LINEAR LINEAR LINEAR LINEAR LINEAR LINEAR LINEAR LINEAR LINEAR LINEAR LINEAR LINEAR
LINEAR LINEAR LINEAR LINEAR LINEAR LINEAR LINEAR LINEAR LINEAR</Name_array>
        <technique_common>
          <accessor source="#mixamorig_LeftShoulder-Interpolations-array" count="32">
            <param type="name"/>
          </accessor>
        </technique_common>
      </source>
      <sampler id="mixamorig_LeftShoulder-Matrix-animation-transform">
        <input semantic="INPUT" source="#mixamorig_LeftShoulder-Matrix-animation-input"/>
        <input semantic="OUTPUT" source="#mixamorig_LeftShoulder-Matrix-animation-output-transform"/>
        <input semantic="INTERPOLATION" source="#mixamorig_LeftShoulder-Interpolations"/>
      </sampler>
      <channel source="#mixamorig_LeftShoulder-Matrix-animation-transform" target="mixamorig_LeftShoulder/matrix"/>
    </animation>
    <animation id="mixamorig_LeftArm-anim" name="mixamorig_LeftArm">
      <source id="mixamorig_LeftArm-Matrix-animation-input">
        <float_array id="mixamorig_LeftArm-Matrix-animation-input-array" count="32">

0.000000 0.033333 0.066667 0.100000 0.133333 0.166667 0.200000 0.233333 0.266667 0.300000 0.333333 0.366667 0.400000 0.433333 0.466667 0.500000
0.533333 0.566667 0.600000 0.633333 0.666667 0.700000 0.733333 0.766667 0.800000 0.833333 0.866667 0.900000 0.933333 0.966667 1.000000 1.033333</float_array>
        <technique_common>
          <accessor source="#mixamorig_LeftArm-Matrix-animation-input-array" count="32">
            <param name="TIME" type="float"/>
          </accessor>
        </technique_common>
      </source>
      <source id="mixamorig_LeftArm-Matrix-animation-output-transform">
        <float_array id="mixamorig_LeftArm-Matrix-animation-output-transform-array" count="512">

0.979353 -0.170628 0.108417 0.000000 0.180822 0.499554 -0.847201 5.607700 0.090396 0.849312 0.520093 -0.000000 0.000000 0.000000 0.000000 1.000000
0.991797 -0.088390 0.092335 -0.000000 0.123507 0.476557 -0.870425 5.607700 0.032934 0.874689 0.483564 0.000000 0.000000 0.000000 0.000000 1.000000
0.995577 -0.002784 0.093906 0.000000 0.083636 0.481548 -0.872420 5.607700 -0.042791 0.876415 0.479651 0.000000 0.000000 0.000000 0.000000 1.000000
0.992852 0.064602 0.100359 0.000000 0.058642 0.468322 -0.881610 5.607700 -0.103954 0.881193 0.461186 0.000000 0.000000 0.000000 0.000000 1.000000
0.987731 0.122778 0.096509 0.000000 0.032596 0.442287 -0.896281 5.607700 -0.152728 0.888430 0.432858 0.000000 0.000000 0.000000 0.000000 1.000000
0.980279 0.179559 0.082529 0.000000 -0.000305 0.418995 -0.907988 5.607700 -0.197617 0.890057 0.410787 0.000000 0.000000 0.000000 0.000000 1.000000
0.973784 0.218359 0.063752 0.000000 -0.029252 0.398137 -0.916859 5.607700 -0.225587 0.890958 0.394087 0.000000 0.000000 0.000000 0.000000 1.000000
0.963307 0.264481 0.045711 0.000000 -0.065351 0.396302 -0.915792 5.607700 -0.260325 0.879201 0.399044 0.000000 0.000000 0.000000 0.000000 1.000000
0.947978 0.316709 0.032146 0.000000 -0.105920 0.409034 -0.906351 5.607700 -0.300198 0.855796 0.421301 0.000000 0.000000 0.000000 0.000000 1.000000
0.936919 0.348787 0.023035 -0.000000 -0.131170 0.411904 -0.901737 5.607700 -0.324002 0.841833 0.431671 0.000000 0.000000 0.000000 0.000000 1.000000
0.938895 0.343699 0.018618 0.000000 -0.132720 0.411404 -0.901738 5.607700 -0.317586 0.844167 0.431881 -0.000000 0.000000 0.000000 0.000000 1.000000
0.943300 0.331822 0.008942 0.000000 -0.139820 0.421625 -0.895926 5.607700 -0.301058 0.843876 0.444114 0.000000 0.000000 0.000000 0.000000 1.000000
0.951187 0.308610 0.001969 -0.000000 -0.144102 0.449770 -0.881443 5.607700 -0.272908 0.838133 0.472286 0.000000 0.000000 0.000000 0.000000 1.000000
0.973271 0.228965 0.017828 -0.000000 -0.090371 0.453195 -0.886819 5.607700 -0.211130 0.861504 0.461774 0.000000 0.000000 0.000000 0.000000 1.000000
0.988885 0.137577 0.056386 0.000000 -0.011701 0.450062 -0.892921 5.607700 -0.148223 0.882336 0.446669 0.000000 0.000000 0.000000 0.000000 1.000000
0.993053 0.068130 0.095942 0.000000 0.054837 0.453447 -0.889595 5.607700 -0.104113 0.888676 0.446560 0.000000 0.000000 0.000000 0.000000 1.000000
0.991637 0.021149 0.127317 -0.000000 0.103196 0.462499 -0.880593 5.607700 -0.077508 0.886367 0.456449 0.000000 0.000000 0.000000 0.000000 1.000000
0.989003 -0.009429 0.147592 -0.000000 0.133549 0.485676 -0.863877 5.607700 -0.063536 0.874088 0.481595 0.000000 0.000000 0.000000 0.000000 1.000000
0.984441 -0.056497 0.166384 0.000000 0.172061 0.502032 -0.847561 5.607700 -0.035645 0.863002 0.503942 0.000000 0.000000 0.000000 0.000000 1.000000
0.980701 -0.100765 0.167549 -0.000000 0.195481 0.521465 -0.830579 5.607700 -0.003678 0.847302 0.531098 -0.000000 0.000000 0.000000 0.000000 1.000000
0.971942 -0.162206 0.170348 0.000000 0.231531 0.531929 -0.814521 5.607700 0.041507 0.831108 0.554560 0.000000 0.000000 0.000000 0.000000 1.000000
0.962102 -0.217572 0.164385 0.000000 0.258312 0.533995 -0.805061 5.607700 0.087378 0.817014 0.569959 0.000000 0.000000 0.000000 0.000000 1.000000
0.957698 -0.250343 0.141928 0.000000 0.260982 0.547739 -0.794902 5.607700 0.121259 0.798317 0.589904 0.000000 0.000000 0.000000 0.000000 1.000000
0.955788 -0.266066 0.125215 0.000000 0.258029 0.554612 -0.791092 5.607700 0.141037 0.788425 0.598744 0.000000 0.000000 0.000000 0.000000 1.000000
0.962349 -0.248061 0.111132 0.000000 0.239618 0.581187 -0.777692 5.607700 0.128327 0.775040 0.618744 0.000000 0.000000 0.000000 0.000000 1.000000
0.965342 -0.237422 0.108382 0.000000 0.231451 0.586870 -0.775895 5.607700 0.120608 0.774089 0.621482 0.000000 0.000000 0.000000 0.000000 1.000000
0.958314 -0.256371 0.126127 0.000000 0.254751 0.566813 -0.783470 5.607700 0.129369 0.782941 0.608496 0.000000 0.000000 0.000000 0.000000 1.000000
0.948583 -0.282111 0.143543 0.000000 0.283056 0.553059 -0.783585 5.607700 0.141670 0.783926 0.604475 -0.000000 0.000000 0.000000 0.000000 1.000000
0.938994 -0.300955 0.166485 0.000000 0.309519 0.528371 -0.790584 5.607700 0.149964 0.793883 0.589288 0.000000 0.000000 0.000000 0.000000 1.000000
0.942428 -0.294537 0.158357 0.000000 0.296650 0.517754 -0.802452 5.607700 0.154362 0.803230 0.575321 0.000000 0.000000 0.000000 0.000000 1.000000
0.956965 -0.259968 0.128977 -0.000000 0.248538 0.504730 -0.826727 5.607700 0.149824 0.823204 0.547621 0.000000 0.000000 0.000000 0.000000 1.000000
0.979353 -0.170627 0.108417 0.000000 0.180821 0.499554 -0.847201 5.607700 0.090395 0.849313 0.520093 -0.000000 0.000000 0.000000 0.000000 1.000000</float_array>
        <technique_common>
          <accessor source="#mixamorig_LeftArm-Matrix-animation-output-transform-array" count="32" stride="16">
            <param type="float4x4"/>
          </accessor>
        </technique_common>
      </source>
      <source id="mixamorig_LeftArm-Interpolations">
        <Name_array id="mixamorig_LeftArm-Interpolations-array" count="32">
 LINEAR LINEAR LINEAR LINEAR LINEAR LINEAR LINEAR LINEAR LINEAR LINEAR LINEAR
LINEAR LINEAR LINEAR LINEAR LINEAR LINEAR LINEAR LINEAR LINEAR LINEAR LINEAR LINEAR
LINEAR LINEAR LINEAR LINEAR LINEAR LINEAR LINEAR LINEAR LINEAR</Name_array>
        <technique_common>
          <accessor source="#mixamorig_LeftArm-Interpolations-array" count="32">
            <param type="name"/>
          </accessor>
        </technique_common>
      </source>
      <sampler id="mixamorig_LeftArm-Matrix-animation-transform">
        <input semantic="INPUT" source="#mixamorig_LeftArm-Matrix-animation-input"/>
        <input semantic="OUTPUT" source="#mixamorig_LeftArm-Matrix-animation-output-transform"/>
        <input semantic="INTERPOLATION" source="#mixamorig_LeftArm-Interpolations"/>
      </sampler>
      <channel source="#mixamorig_LeftArm-Matrix-animation-transform" target="mixamorig_LeftArm/matrix"/>
    </animation>
    <animation id="mixamorig_LeftForeArm-anim" name="mixamorig_LeftForeArm">
      <source id="mixamorig_LeftForeArm-Matrix-animation-input">
        <float_array id="mixamorig_LeftForeArm-Matrix-animation-input-array" count="32">

0.000000 0.033333 0.066667 0.100000 0.133333 0.166667 0.200000 0.233333 0.266667 0.300000 0.333333 0.366667 0.400000 0.433333 0.466667 0.500000
0.533333 0.566667 0.600000 0.633333 0.666667 0.700000 0.733333 0.766667 0.800000 0.833333 0.866667 0.900000 0.933333 0.966667 1.000000 1.033333</float_array>
        <technique_common>
          <accessor source="#mixamorig_LeftForeArm-Matrix-animation-input-array" count="32">
            <param name="TIME" type="float"/>
          </accessor>
        </technique_common>
      </source>
      <source id="mixamorig_LeftForeArm-Matrix-animation-output-transform">
        <float_array id="mixamorig_LeftForeArm-Matrix-animation-output-transform-array" count="512">

0.806392 -0.473149 0.354771 0.000000 0.529017 0.845280 -0.075122 21.869200 -0.264337 0.248258 0.931930 0.000000 0.000000 0.000000 0.000000 1.000000
0.823779 -0.458672 0.333179 0.000000 0.506179 0.859748 -0.067944 21.869200 -0.255286 0.224619 0.940412 0.000000 0.000000 0.000000 0.000000 1.000000
0.815224 -0.467117 0.342362 0.000000 0.514792 0.855292 -0.058854 21.869200 -0.265328 0.224224 0.937723 0.000000 0.000000 0.000000 0.000000 1.000000
0.820847 -0.446933 0.355614 -0.000000 0.496273 0.866310 -0.056751 21.869200 -0.282708 0.223065 0.932908 -0.000000 0.000000 0.000000 0.000000 1.000000
0.832868 -0.418059 0.362709 0.000000 0.465125 0.883872 -0.049287 21.869200 -0.299984 0.209755 0.930598 -0.000000 0.000000 0.000000 0.000000 1.000000
0.842482 -0.396336 0.364885 0.000000 0.438356 0.898054 -0.036656 21.869200 -0.313158 0.190832 0.930331 -0.000000 0.000000 0.000000 0.000000 1.000000
0.849350 -0.380803 0.365505 -0.000000 0.417306 0.908469 -0.023232 21.869200 -0.323203 0.172260 0.930520 0.000000 0.000000 0.000000 0.000000 1.000000
0.829175 -0.417361 0.371859 0.000000 0.452792 0.891571 -0.008974 21.869200 -0.327793 0.175816 0.928246 0.000000 0.000000 0.000000 0.000000 1.000000
0.785337 -0.490574 0.377602 -0.000000 0.528066 0.849189 0.004978 21.869200 -0.323097 0.195489 0.925955 0.000000 0.000000 0.000000 0.000000 1.000000
0.763602 -0.531234 0.367018 -0.000000 0.566017 0.824250 0.015418 21.869200 -0.310705 0.195966 0.930086 0.000000 0.000000 0.000000 0.000000 1.000000
0.758279 -0.543959 0.359336 0.000000 0.579459 0.814929 0.010843 21.869200 -0.298731 0.199998 0.933145 0.000000 0.000000 0.000000 0.000000 1.000000
0.746386 -0.566266 0.349645 -0.000000 0.602155 0.798344 0.007537 21.869200 -0.283405 0.204915 0.936852 0.000000 0.000000 0.000000 0.000000 1.000000
0.750707 -0.571530 0.331348 0.000000 0.601544 0.798703 0.014786 21.869200 -0.273099 0.188221 0.943393 0.000000 0.000000 0.000000 0.000000 1.000000
0.806589 -0.501411 0.313053 0.000000 0.526469 0.850178 0.005255 21.869200 -0.268785 0.160574 0.949721 0.000000 0.000000 0.000000 0.000000 1.000000
0.843459 -0.442012 0.305290 -0.000000 0.463792 0.885943 0.001337 21.869200 -0.271061 0.140464 0.952258 0.000000 0.000000 0.000000 0.000000 1.000000
0.846102 -0.435693 0.307054 0.000000 0.457505 0.889206 0.001060 21.869200 -0.273496 0.139583 0.951691 0.000000 0.000000 0.000000 0.000000 1.000000
0.815707 -0.486822 0.312454 -0.000000 0.513533 0.858062 -0.003744 21.869200 -0.266282 0.163509 0.949926 0.000000 0.000000 0.000000 0.000000 1.000000
0.747889 -0.583105 0.317255 0.000000 0.615003 0.788524 -0.000510 21.869200 -0.249866 0.195494 0.948340 0.000000 0.000000 0.000000 0.000000 1.000000
0.675259 -0.667703 0.313364 0.000000 0.702356 0.711819 0.003227 21.869200 -0.225214 0.217914 0.949627 0.000000 0.000000 0.000000 0.000000 1.000000
0.603753 -0.739758 0.297054 0.000000 0.772921 0.634439 0.009015 21.869200 -0.195131 0.224156 0.954818 0.000000 0.000000 0.000000 0.000000 1.000000
0.557020 -0.782970 0.276924 0.000000 0.812087 0.583323 0.015801 21.869200 -0.173908 0.216085 0.960762 -0.000000 0.000000 0.000000 0.000000 1.000000
0.529034 -0.808486 0.257825 0.000000 0.833463 0.552165 0.021287 21.869200 -0.159573 0.203626 0.965957 0.000000 0.000000 0.000000 0.000000 1.000000
0.513510 -0.822170 0.245649 0.000000 0.844660 0.534761 0.024111 21.869200 -0.151187 0.195109 0.969059 0.000000 0.000000 0.000000 0.000000 1.000000
0.509338 -0.825913 0.241748 -0.000000 0.847859 0.529707 0.023349 21.869200 -0.147340 0.193075 0.970058 0.000000 0.000000 0.000000 0.000000 1.000000
0.502686 -0.829065 0.244864 0.000000 0.851639 0.523564 0.024345 21.869200 -0.148386 0.196298 0.969252 0.000000 0.000000 0.000000 0.000000 1.000000
0.525851 -0.809291 0.261782 0.000000 0.836417 0.547921 0.013738 21.869200 -0.154554 0.211734 0.965029 0.000000 0.000000 0.000000 0.000000 1.000000
0.591933 -0.755039 0.282013 -0.000000 0.788061 0.615568 -0.006032 21.869200 -0.169044 0.225814 0.959392 0.000000 0.000000 0.000000 0.000000 1.000000
0.662950 -0.682098 0.308609 0.000000 0.723479 0.689704 -0.029761 21.869200 -0.192549 0.243002 0.950723 0.000000 0.000000 0.000000 0.000000 1.000000
0.739685 -0.587572 0.328061 0.000000 0.634393 0.771480 -0.048621 21.869200 -0.224524 0.244084 0.943404 -0.000000 0.000000 0.000000 0.000000 1.000000
0.792130 -0.504732 0.343183 0.000000 0.559215 0.825464 -0.076731 21.869200 -0.244557 0.252694 0.936129 0.000000 0.000000 0.000000 0.000000 1.000000
0.821352 -0.449751 0.350864 0.000000 0.510848 0.853643 -0.101632 21.869200 -0.253803 0.262714 0.930895 0.000000 0.000000 0.000000 0.000000 1.000000
0.806391 -0.473150 0.354771 -0.000000 0.529018 0.845279 -0.075123 21.869200 -0.264336 0.248259 0.931930 0.000000 0.000000 0.000000 0.000000 1.000000</float_array>
        <technique_common>
          <accessor source="#mixamorig_LeftForeArm-Matrix-animation-output-transform-array" count="32" stride="16">
            <param type="float4x4"/>
          </accessor>
        </technique_common>
      </source>
      <source id="mixamorig_LeftForeArm-Interpolations">
        <Name_array id="mixamorig_LeftForeArm-Interpolations-array" count="32">
 LINEAR LINEAR LINEAR LINEAR LINEAR LINEAR LINEAR LINEAR LINEAR LINEAR LINEAR
LINEAR LINEAR LINEAR LINEAR LINEAR LINEAR LINEAR LINEAR LINEAR LINEAR LINEAR LINEAR
LINEAR LINEAR LINEAR LINEAR LINEAR LINEAR LINEAR LINEAR LINEAR</Name_array>
        <technique_common>
          <accessor source="#mixamorig_LeftForeArm-Interpolations-array" count="32">
            <param type="name"/>
          </accessor>
        </technique_common>
      </source>
      <sampler id="mixamorig_LeftForeArm-Matrix-animation-transform">
        <input semantic="INPUT" source="#mixamorig_LeftForeArm-Matrix-animation-input"/>
        <input semantic="OUTPUT" source="#mixamorig_LeftForeArm-Matrix-animation-output-transform"/>
        <input semantic="INTERPOLATION" source="#mixamorig_LeftForeArm-Interpolations"/>
      </sampler>
      <channel source="#mixamorig_LeftForeArm-Matrix-animation-transform" target="mixamorig_LeftForeArm/matrix"/>
    </animation>
    <animation id="mixamorig_LeftHand-anim" name="mixamorig_LeftHand">
      <source id="mixamorig_LeftHand-Matrix-animation-input">
        <float_array id="mixamorig_LeftHand-Matrix-animation-input-array" count="32">

0.000000 0.033333 0.066667 0.100000 0.133333 0.166667 0.200000 0.233333 0.266667 0.300000 0.333333 0.366667 0.400000 0.433333 0.466667 0.500000
0.533333 0.566667 0.600000 0.633333 0.666667 0.700000 0.733333 0.766667 0.800000 0.833333 0.866667 0.900000 0.933333 0.966667 1.000000 1.033333</float_array>
        <technique_common>
          <accessor source="#mixamorig_LeftHand-Matrix-animation-input-array" count="32">
            <param name="TIME" type="float"/>
          </accessor>
        </technique_common>
      </source>
      <source id="mixamorig_LeftHand-Matrix-animation-output-transform">
        <float_array id="mixamorig_LeftHand-Matrix-animation-output-transform-array" count="512">

0.931334 -0.224093 0.287054 0.000000 0.157184 0.958408 0.238217 23.865299 -0.328498 -0.176739 0.927821 0.000000 0.000000 0.000000 0.000000 1.000000
0.916225 -0.240202 0.320679 0.000000 0.172009 0.958672 0.226631 23.865299 -0.361863 -0.152485 0.919676 0.000000 0.000000 0.000000 0.000000 1.000000
0.924562 -0.232897 0.301568 0.000000 0.168284 0.959668 0.225207 23.865299 -0.341855 -0.157469 0.926466 0.000000 0.000000 0.000000 0.000000 1.000000
0.925218 -0.241419 0.292725 0.000000 0.177850 0.957406 0.227470 23.865299 -0.335172 -0.158399 0.928746 -0.000000 0.000000 0.000000 0.000000 1.000000
0.915859 -0.262445 0.303850 -0.000000 0.198840 0.953946 0.224611 23.865299 -0.348805 -0.145294 0.925864 0.000000 0.000000 0.000000 0.000000 1.000000
0.899963 -0.284986 0.329923 -0.000000 0.221166 0.950598 0.217828 23.865299 -0.375702 -0.123070 0.918533 0.000000 0.000000 0.000000 0.000000 1.000000
0.888221 -0.265613 0.374851 -0.000000 0.207991 0.960010 0.187405 23.865299 -0.409638 -0.088492 0.907946 -0.000000 0.000000 0.000000 0.000000 1.000000
0.895796 -0.160402 0.414512 0.000000 0.121337 0.985439 0.119112 23.865299 -0.427582 -0.056405 0.902215 0.000000 0.000000 0.000000 0.000000 1.000000
0.908104 -0.026554 0.417902 0.000000 0.008040 0.998909 0.046002 23.865299 -0.418667 -0.038415 0.907327 0.000000 0.000000 0.000000 0.000000 1.000000
0.912999 0.065125 0.402731 -0.000000 -0.071007 0.997476 -0.000327 23.865299 -0.401736 -0.028298 0.915318 -0.000000 0.000000 0.000000 0.000000 1.000000
0.903780 0.143987 0.403049 0.000000 -0.139123 0.989405 -0.041497 23.865299 -0.404754 -0.018570 0.914237 0.000000 0.000000 0.000000 0.000000 1.000000
0.890810 0.208096 0.403923 -0.000000 -0.192738 0.978079 -0.078831 23.865299 -0.411472 -0.007628 0.911390 0.000000 0.000000 0.000000 0.000000 1.000000
0.892719 0.221463 0.392437 0.000000 -0.201513 0.975164 -0.091910 23.865299 -0.403045 0.002969 0.915175 0.000000 0.000000 0.000000 0.000000 1.000000
0.900569 0.163129 0.402944 -0.000000 -0.149555 0.986604 -0.065168 23.865299 -0.408177 -0.001574 0.912901 0.000000 0.000000 0.000000 0.000000 1.000000
0.913110 0.095172 0.396449 0.000000 -0.088960 0.995452 -0.034075 23.865299 -0.397889 -0.004154 0.917424 0.000000 0.000000 0.000000 0.000000 1.000000
0.927944 0.044540 0.370049 -0.000000 -0.041371 0.999008 -0.016500 23.865299 -0.370417 0.000002 0.928866 0.000000 0.000000 0.000000 0.000000 1.000000
0.943200 0.018478 0.331710 -0.000000 -0.015357 0.999810 -0.012030 23.865299 -0.331869 0.006252 0.943305 0.000000 0.000000 0.000000 0.000000 1.000000
0.958148 0.019497 0.285610 0.000000 -0.014721 0.999714 -0.018860 23.865299 -0.285896 0.013867 0.958160 0.000000 0.000000 0.000000 0.000000 1.000000
0.968957 0.024573 0.246007 -0.000000 -0.020489 0.999607 -0.019147 23.865299 -0.246381 0.013512 0.969079 0.000000 0.000000 0.000000 0.000000 1.000000
0.976966 0.026404 0.211754 -0.000000 -0.026103 0.999650 -0.004214 23.865299 -0.211791 -0.001410 0.977314 -0.000000 0.000000 0.000000 0.000000 1.000000
0.982441 0.013783 0.186061 0.000000 -0.019360 0.999415 0.028189 23.865299 -0.185564 -0.031296 0.982134 0.000000 0.000000 0.000000 0.000000 1.000000
0.984316 -0.020368 0.175236 -0.000000 0.005910 0.996562 0.082636 23.865299 -0.176317 -0.080304 0.981052 0.000000 0.000000 0.000000 0.000000 1.000000
0.982393 -0.073165 0.171904 0.000000 0.046454 0.986890 0.154564 23.865299 -0.180959 -0.143857 0.972913 0.000000 0.000000 0.000000 0.000000 1.000000
0.976691 -0.127463 0.172707 -0.000000 0.087825 0.971469 0.220306 23.865299 -0.195861 -0.200003 0.960020 -0.000000 0.000000 0.000000 0.000000 1.000000
0.972129 -0.166051 0.165505 0.000000 0.117715 0.956216 0.267945 23.865299 -0.202751 -0.240995 0.949112 0.000000 0.000000 0.000000 0.000000 1.000000
0.967931 -0.193911 0.159713 0.000000 0.139818 0.944019 0.298797 23.865299 -0.208712 -0.266884 0.940857 0.000000 0.000000 0.000000 0.000000 1.000000
0.965141 -0.212254 0.153137 0.000000 0.156199 0.936585 0.313705 23.865299 -0.210011 -0.278850 0.937090 0.000000 0.000000 0.000000 0.000000 1.000000
0.966617 -0.210213 0.146499 0.000000 0.156351 0.936887 0.312725 23.865299 -0.202992 -0.279380 0.938478 -0.000000 0.000000 0.000000 0.000000 1.000000
0.966894 -0.212157 0.141795 0.000000 0.161363 0.938801 0.304327 23.865299 -0.197683 -0.271372 0.941955 0.000000 0.000000 0.000000 0.000000 1.000000
0.960184 -0.214698 0.178749 0.000000 0.158192 0.945216 0.285555 23.865299 -0.230265 -0.245909 0.941545 0.000000 0.000000 0.000000 0.000000 1.000000
0.942471 -0.222916 0.249114 0.000000 0.155412 0.951954 0.263875 23.865299 -0.295967 -0.209979 0.931833 0.000000 0.000000 0.000000 0.000000 1.000000
0.931334 -0.224093 0.287054 0.000000 0.157184 0.958408 0.238218 23.865299 -0.328498 -0.176740 0.927821 0.000000 0.000000 0.000000 0.000000 1.000000</float_array>
        <technique_common>
          <accessor source="#mixamorig_LeftHand-Matrix-animation-output-transform-array" count="32" stride="16">
            <param type="float4x4"/>
          </accessor>
        </technique_common>
      </source>
      <source id="mixamorig_LeftHand-Interpolations">
        <Name_array id="mixamorig_LeftHand-Interpolations-array" count="32">
 LINEAR LINEAR LINEAR LINEAR LINEAR LINEAR LINEAR LINEAR LINEAR LINEAR LINEAR
LINEAR LINEAR LINEAR LINEAR LINEAR LINEAR LINEAR LINEAR LINEAR LINEAR LINEAR LINEAR
LINEAR LINEAR LINEAR LINEAR LINEAR LINEAR LINEAR LINEAR LINEAR</Name_array>
        <technique_common>
          <accessor source="#mixamorig_LeftHand-Interpolations-array" count="32">
            <param type="name"/>
          </accessor>
        </technique_common>
      </source>
      <sampler id="mixamorig_LeftHand-Matrix-animation-transform">
        <input semantic="INPUT" source="#mixamorig_LeftHand-Matrix-animation-input"/>
        <input semantic="OUTPUT" source="#mixamorig_LeftHand-Matrix-animation-output-transform"/>
        <input semantic="INTERPOLATION" source="#mixamorig_LeftHand-Interpolations"/>
      </sampler>
      <channel source="#mixamorig_LeftHand-Matrix-animation-transform" target="mixamorig_LeftHand/matrix"/>
    </animation>
    <animation id="mixamorig_LeftHandThumb1-anim" name="mixamorig_LeftHandThumb1">
      <source id="mixamorig_LeftHandThumb1-Matrix-animation-input">
        <float_array id="mixamorig_LeftHandThumb1-Matrix-animation-input-array" count="32">

0.000000 0.033333 0.066667 0.100000 0.133333 0.166667 0.200000 0.233333 0.266667 0.300000 0.333333 0.366667 0.400000 0.433333 0.466667 0.500000
0.533333 0.566667 0.600000 0.633333 0.666667 0.700000 0.733333 0.766667 0.800000 0.833333 0.866667 0.900000 0.933333 0.966667 1.000000 1.033333</float_array>
        <technique_common>
          <accessor source="#mixamorig_LeftHandThumb1-Matrix-animation-input-array" count="32">
            <param name="TIME" type="float"/>
          </accessor>
        </technique_common>
      </source>
      <source id="mixamorig_LeftHandThumb1-Matrix-animation-output-transform">
        <float_array id="mixamorig_LeftHandThumb1-Matrix-animation-output-transform-array" count="512">

0.925696 -0.365459 0.097598 -3.107300 0.359776 0.770948 -0.525547 4.377300 0.116823 0.521611 0.845148 2.078700 0.000000 0.000000 0.000000 1.000000
0.925696 -0.365460 0.097598 -3.107300 0.359776 0.770948 -0.525548 4.377300 0.116823 0.521611 0.845148 2.078700 0.000000 0.000000 0.000000 1.000000
0.925696 -0.365459 0.097598 -3.107300 0.359776 0.770948 -0.525547 4.377300 0.116823 0.521611 0.845148 2.078700 0.000000 0.000000 0.000000 1.000000
0.925696 -0.365460 0.097598 -3.107300 0.359776 0.770948 -0.525548 4.377300 0.116823 0.521611 0.845147 2.078700 0.000000 0.000000 0.000000 1.000000
0.925697 -0.365459 0.097598 -3.107300 0.359775 0.770949 -0.525547 4.377300 0.116823 0.521611 0.845148 2.078700 0.000000 0.000000 0.000000 1.000000
0.925696 -0.365460 0.097598 -3.107300 0.359776 0.770948 -0.525547 4.377300 0.116823 0.521611 0.845148 2.078700 0.000000 0.000000 0.000000 1.000000
0.925696 -0.365459 0.097598 -3.107300 0.359775 0.770948 -0.525547 4.377300 0.116823 0.521611 0.845148 2.078700 0.000000 0.000000 0.000000 1.000000
0.925697 -0.365459 0.097598 -3.107300 0.359775 0.770949 -0.525547 4.377300 0.116823 0.521611 0.845148 2.078700 0.000000 0.000000 0.000000 1.000000
0.925696 -0.365460 0.097598 -3.107300 0.359776 0.770948 -0.525547 4.377300 0.116823 0.521611 0.845148 2.078700 0.000000 0.000000 0.000000 1.000000
0.925696 -0.365460 0.097598 -3.107300 0.359776 0.770948 -0.525548 4.377300 0.116823 0.521611 0.845148 2.078700 0.000000 0.000000 0.000000 1.000000
0.925696 -0.365459 0.097599 -3.107300 0.359776 0.770948 -0.525547 4.377300 0.116823 0.521611 0.845148 2.078700 0.000000 0.000000 0.000000 1.000000
0.925697 -0.365459 0.097598 -3.107300 0.359775 0.770948 -0.525547 4.377300 0.116823 0.521611 0.845148 2.078700 0.000000 0.000000 0.000000 1.000000
0.925696 -0.365460 0.097598 -3.107300 0.359776 0.770949 -0.525547 4.377300 0.116823 0.521611 0.845148 2.078700 0.000000 0.000000 0.000000 1.000000
0.925697 -0.365459 0.097598 -3.107300 0.359775 0.770948 -0.525547 4.377300 0.116823 0.521611 0.845148 2.078700 0.000000 0.000000 0.000000 1.000000
0.925696 -0.365460 0.097598 -3.107300 0.359776 0.770948 -0.525547 4.377300 0.116823 0.521611 0.845148 2.078700 0.000000 0.000000 0.000000 1.000000
0.925697 -0.365459 0.097598 -3.107300 0.359775 0.770948 -0.525548 4.377300 0.116823 0.521611 0.845147 2.078700 0.000000 0.000000 0.000000 1.000000
0.925696 -0.365459 0.097599 -3.107300 0.359776 0.770948 -0.525547 4.377300 0.116823 0.521611 0.845148 2.078700 0.000000 0.000000 0.000000 1.000000
0.925696 -0.365460 0.097599 -3.107300 0.359776 0.770948 -0.525548 4.377300 0.116823 0.521611 0.845147 2.078700 0.000000 0.000000 0.000000 1.000000
0.925696 -0.365459 0.097598 -3.107300 0.359776 0.770948 -0.525548 4.377300 0.116823 0.521611 0.845147 2.078700 0.000000 0.000000 0.000000 1.000000
0.925697 -0.365459 0.097598 -3.107300 0.359775 0.770948 -0.525548 4.377300 0.116823 0.521611 0.845147 2.078700 0.000000 0.000000 0.000000 1.000000
0.925696 -0.365460 0.097598 -3.107300 0.359775 0.770948 -0.525547 4.377300 0.116823 0.521611 0.845148 2.078700 0.000000 0.000000 0.000000 1.000000
0.925697 -0.365459 0.097598 -3.107300 0.359775 0.770948 -0.525548 4.377300 0.116823 0.521611 0.845148 2.078700 0.000000 0.000000 0.000000 1.000000
0.925696 -0.365459 0.097598 -3.107300 0.359775 0.770948 -0.525547 4.377300 0.116823 0.521611 0.845148 2.078700 0.000000 0.000000 0.000000 1.000000
0.925696 -0.365459 0.097598 -3.107300 0.359775 0.770948 -0.525547 4.377300 0.116823 0.521611 0.845148 2.078700 0.000000 0.000000 0.000000 1.000000
0.925696 -0.365459 0.097598 -3.107300 0.359776 0.770948 -0.525548 4.377300 0.116823 0.521611 0.845148 2.078700 0.000000 0.000000 0.000000 1.000000
0.925697 -0.365459 0.097598 -3.107300 0.359775 0.770949 -0.525547 4.377300 0.116823 0.521611 0.845148 2.078700 0.000000 0.000000 0.000000 1.000000
0.925696 -0.365459 0.097598 -3.107300 0.359776 0.770948 -0.525548 4.377300 0.116823 0.521611 0.845148 2.078700 0.000000 0.000000 0.000000 1.000000
0.925697 -0.365459 0.097598 -3.107300 0.359775 0.770949 -0.525547 4.377300 0.116823 0.521611 0.845148 2.078700 0.000000 0.000000 0.000000 1.000000
0.925697 -0.365459 0.097598 -3.107300 0.359775 0.770948 -0.525548 4.377300 0.116823 0.521611 0.845147 2.078700 0.000000 0.000000 0.000000 1.000000
0.925696 -0.365460 0.097598 -3.107300 0.359775 0.770948 -0.525548 4.377300 0.116823 0.521611 0.845147 2.078700 0.000000 0.000000 0.000000 1.000000
0.925697 -0.365459 0.097598 -3.107300 0.359775 0.770948 -0.525547 4.377300 0.116823 0.521611 0.845148 2.078700 0.000000 0.000000 0.000000 1.000000
0.925697 -0.365459 0.097598 -3.107300 0.359775 0.770948 -0.525548 4.377300 0.116823 0.521611 0.845147 2.078700 0.000000 0.000000 0.000000 1.000000</float_array>
        <technique_common>
          <accessor source="#mixamorig_LeftHandThumb1-Matrix-animation-output-transform-array" count="32" stride="16">
            <param type="float4x4"/>
          </accessor>
        </technique_common>
      </source>
      <source id="mixamorig_LeftHandThumb1-Interpolations">
        <Name_array id="mixamorig_LeftHandThumb1-Interpolations-array" count="32">
 LINEAR LINEAR LINEAR LINEAR LINEAR LINEAR LINEAR LINEAR LINEAR LINEAR LINEAR
LINEAR LINEAR LINEAR LINEAR LINEAR LINEAR LINEAR LINEAR LINEAR LINEAR LINEAR LINEAR
LINEAR LINEAR LINEAR LINEAR LINEAR LINEAR LINEAR LINEAR LINEAR</Name_array>
        <technique_common>
          <accessor source="#mixamorig_LeftHandThumb1-Interpolations-array" count="32">
            <param type="name"/>
          </accessor>
        </technique_common>
      </source>
      <sampler id="mixamorig_LeftHandThumb1-Matrix-animation-transform">
        <input semantic="INPUT" source="#mixamorig_LeftHandThumb1-Matrix-animation-input"/>
        <input semantic="OUTPUT" source="#mixamorig_LeftHandThumb1-Matrix-animation-output-transform"/>
        <input semantic="INTERPOLATION" source="#mixamorig_LeftHandThumb1-Interpolations"/>
      </sampler>
      <channel source="#mixamorig_LeftHandThumb1-Matrix-animation-transform" target="mixamorig_LeftHandThumb1/matrix"/>
    </animation>
    <animation id="mixamorig_LeftHandThumb2-anim" name="mixamorig_LeftHandThumb2">
      <source id="mixamorig_LeftHandThumb2-Matrix-animation-input">
        <float_array id="mixamorig_LeftHandThumb2-Matrix-animation-input-array" count="32">

0.000000 0.033333 0.066667 0.100000 0.133333 0.166667 0.200000 0.233333 0.266667 0.300000 0.333333 0.366667 0.400000 0.433333 0.466667 0.500000
0.533333 0.566667 0.600000 0.633333 0.666667 0.700000 0.733333 0.766667 0.800000 0.833333 0.866667 0.900000 0.933333 0.966667 1.000000 1.033333</float_array>
        <technique_common>
          <accessor source="#mixamorig_LeftHandThumb2-Matrix-animation-input-array" count="32">
            <param name="TIME" type="float"/>
          </accessor>
        </technique_common>
      </source>
      <source id="mixamorig_LeftHandThumb2-Matrix-animation-output-transform">
        <float_array id="mixamorig_LeftHandThumb2-Matrix-animation-output-transform-array" count="512">

0.991569 0.129576 -0.000352 0.000000 -0.129566 0.991519 0.010125 4.021300 0.001661 -0.009994 0.999949 0.000000 0.000000 0.000000 0.000000 1.000000
0.991569 0.129576 -0.000353 0.000000 -0.129566 0.991519 0.010125 4.021300 0.001662 -0.009994 0.999949 0.000000 0.000000 0.000000 0.000000 1.000000
0.991569 0.129576 -0.000353 0.000000 -0.129566 0.991519 0.010125 4.021300 0.001662 -0.009994 0.999949 0.000000 0.000000 0.000000 0.000000 1.000000
0.991569 0.129576 -0.000353 -0.000000 -0.129566 0.991519 0.010125 4.021300 0.001662 -0.009994 0.999949 0.000000 0.000000 0.000000 0.000000 1.000000
0.991569 0.129576 -0.000353 0.000000 -0.129566 0.991519 0.010125 4.021300 0.001662 -0.009994 0.999949 0.000000 0.000000 0.000000 0.000000 1.000000
0.991569 0.129576 -0.000353 -0.000000 -0.129566 0.991519 0.010125 4.021300 0.001662 -0.009994 0.999949 0.000000 0.000000 0.000000 0.000000 1.000000
0.991569 0.129576 -0.000353 0.000000 -0.129566 0.991519 0.010125 4.021300 0.001662 -0.009994 0.999949 -0.000000 0.000000 0.000000 0.000000 1.000000
0.991569 0.129576 -0.000353 -0.000000 -0.129566 0.991519 0.010125 4.021300 0.001662 -0.009994 0.999949 0.000000 0.000000 0.000000 0.000000 1.000000
0.991569 0.129576 -0.000353 -0.000000 -0.129566 0.991519 0.010125 4.021300 0.001661 -0.009994 0.999949 0.000000 0.000000 0.000000 0.000000 1.000000
0.991569 0.129576 -0.000352 -0.000000 -0.129566 0.991519 0.010125 4.021300 0.001661 -0.009994 0.999949 0.000000 0.000000 0.000000 0.000000 1.000000
0.991569 0.129576 -0.000353 0.000000 -0.129566 0.991519 0.010125 4.021300 0.001662 -0.009994 0.999949 -0.000000 0.000000 0.000000 0.000000 1.000000
0.991569 0.129576 -0.000353 0.000000 -0.129566 0.991519 0.010125 4.021300 0.001662 -0.009994 0.999949 -0.000000 0.000000 0.000000 0.000000 1.000000
0.991569 0.129577 -0.000352 -0.000000 -0.129566 0.991519 0.010125 4.021300 0.001661 -0.009994 0.999949 0.000000 0.000000 0.000000 0.000000 1.000000
0.991569 0.129576 -0.000353 0.000000 -0.129566 0.991519 0.010125 4.021300 0.001662 -0.009994 0.999949 0.000000 0.000000 0.000000 0.000000 1.000000
0.991569 0.129576 -0.000353 0.000000 -0.129566 0.991519 0.010125 4.021300 0.001662 -0.009994 0.999949 0.000000 0.000000 0.000000 0.000000 1.000000
0.991569 0.129576 -0.000353 -0.000000 -0.129566 0.991519 0.010125 4.021300 0.001662 -0.009994 0.999949 0.000000 0.000000 0.000000 0.000000 1.000000
0.991569 0.129576 -0.000353 0.000000 -0.129566 0.991519 0.010125 4.021300 0.001662 -0.009994 0.999949 -0.000000 0.000000 0.000000 0.000000 1.000000
0.991569 0.129576 -0.000353 -0.000000 -0.129566 0.991519 0.010125 4.021300 0.001662 -0.009994 0.999949 -0.000000 0.000000 0.000000 0.000000 1.000000
0.991569 0.129576 -0.000353 0.000000 -0.129566 0.991519 0.010125 4.021300 0.001661 -0.009994 0.999949 -0.000000 0.000000 0.000000 0.000000 1.000000
0.991569 0.129576 -0.000353 0.000000 -0.129566 0.991519 0.010125 4.021300 0.001661 -0.009994 0.999949 0.000000 0.000000 0.000000 0.000000 1.000000
0.991569 0.129576 -0.000353 0.000000 -0.129566 0.991519 0.010125 4.021300 0.001662 -0.009994 0.999949 0.000000 0.000000 0.000000 0.000000 1.000000
0.991569 0.129576 -0.000353 0.000000 -0.129566 0.991519 0.010125 4.021300 0.001662 -0.009994 0.999949 0.000000 0.000000 0.000000 0.000000 1.000000
0.991569 0.129576 -0.000353 0.000000 -0.129566 0.991519 0.010125 4.021300 0.001662 -0.009994 0.999949 0.000000 0.000000 0.000000 0.000000 1.000000
0.991569 0.129576 -0.000353 0.000000 -0.129566 0.991519 0.010125 4.021300 0.001662 -0.009994 0.999949 -0.000000 0.000000 0.000000 0.000000 1.000000
0.991569 0.129576 -0.000353 0.000000 -0.129566 0.991519 0.010125 4.021300 0.001662 -0.009994 0.999949 0.000000 0.000000 0.000000 0.000000 1.000000
0.991569 0.129576 -0.000353 -0.000000 -0.129566 0.991519 0.010125 4.021300 0.001662 -0.009994 0.999949 0.000000 0.000000 0.000000 0.000000 1.000000
0.991569 0.129576 -0.000353 0.000000 -0.129566 0.991519 0.010125 4.021300 0.001662 -0.009994 0.999949 0.000000 0.000000 0.000000 0.000000 1.000000
0.991569 0.129576 -0.000353 0.000000 -0.129566 0.991519 0.010125 4.021300 0.001662 -0.009994 0.999949 0.000000 0.000000 0.000000 0.000000 1.000000
0.991569 0.129576 -0.000353 0.000000 -0.129566 0.991519 0.010125 4.021300 0.001662 -0.009994 0.999949 0.000000 0.000000 0.000000 0.000000 1.000000
0.991569 0.129576 -0.000353 0.000000 -0.129566 0.991519 0.010125 4.021300 0.001662 -0.009994 0.999949 0.000000 0.000000 0.000000 0.000000 1.000000
0.991569 0.129576 -0.000353 0.000000 -0.129566 0.991519 0.010125 4.021300 0.001662 -0.009994 0.999949 0.000000 0.000000 0.000000 0.000000 1.000000
0.991569 0.129576 -0.000353 -0.000000 -0.129566 0.991519 0.010125 4.021300 0.001662 -0.009994 0.999949 0.000000 0.000000 0.000000 0.000000 1.000000</float_array>
        <technique_common>
          <accessor source="#mixamorig_LeftHandThumb2-Matrix-animation-output-transform-array" count="32" stride="16">
            <param type="float4x4"/>
          </accessor>
        </technique_common>
      </source>
      <source id="mixamorig_LeftHandThumb2-Interpolations">
        <Name_array id="mixamorig_LeftHandThumb2-Interpolations-array" count="32">
 LINEAR LINEAR LINEAR LINEAR LINEAR LINEAR LINEAR LINEAR LINEAR LINEAR LINEAR
LINEAR LINEAR LINEAR LINEAR LINEAR LINEAR LINEAR LINEAR LINEAR LINEAR LINEAR LINEAR
LINEAR LINEAR LINEAR LINEAR LINEAR LINEAR LINEAR LINEAR LINEAR</Name_array>
        <technique_common>
          <accessor source="#mixamorig_LeftHandThumb2-Interpolations-array" count="32">
            <param type="name"/>
          </accessor>
        </technique_common>
      </source>
      <sampler id="mixamorig_LeftHandThumb2-Matrix-animation-transform">
        <input semantic="INPUT" source="#mixamorig_LeftHandThumb2-Matrix-animation-input"/>
        <input semantic="OUTPUT" source="#mixamorig_LeftHandThumb2-Matrix-animation-output-transform"/>
        <input semantic="INTERPOLATION" source="#mixamorig_LeftHandThumb2-Interpolations"/>
      </sampler>
      <channel source="#mixamorig_LeftHandThumb2-Matrix-animation-transform" target="mixamorig_LeftHandThumb2/matrix"/>
    </animation>
    <animation id="mixamorig_LeftHandThumb3-anim" name="mixamorig_LeftHandThumb3">
      <source id="mixamorig_LeftHandThumb3-Matrix-animation-input">
        <float_array id="mixamorig_LeftHandThumb3-Matrix-animation-input-array" count="32">

0.000000 0.033333 0.066667 0.100000 0.133333 0.166667 0.200000 0.233333 0.266667 0.300000 0.333333 0.366667 0.400000 0.433333 0.466667 0.500000
0.533333 0.566667 0.600000 0.633333 0.666667 0.700000 0.733333 0.766667 0.800000 0.833333 0.866667 0.900000 0.933333 0.966667 1.000000 1.033333</float_array>
        <technique_common>
          <accessor source="#mixamorig_LeftHandThumb3-Matrix-animation-input-array" count="32">
            <param name="TIME" type="float"/>
          </accessor>
        </technique_common>
      </source>
      <source id="mixamorig_LeftHandThumb3-Matrix-animation-output-transform">
        <float_array id="mixamorig_LeftHandThumb3-Matrix-animation-output-transform-array" count="512">

1.000000 0.000000 -0.000000 0.000000 -0.000000 1.000000 0.000000 3.952700 0.000000 -0.000000 1.000000 0.000000 0.000000 0.000000 0.000000 1.000000
1.000000 -0.000000 0.000000 0.000000 0.000000 1.000000 0.000000 3.952700 -0.000000 -0.000000 1.000000 -0.000000 0.000000 0.000000 0.000000 1.000000
1.000000 0.000000 0.000000 0.000000 0.000000 1.000000 0.000000 3.952700 0.000000 -0.000000 1.000000 -0.000000 0.000000 0.000000 0.000000 1.000000
1.000000 0.000000 0.000000 0.000000 -0.000000 1.000000 0.000000 3.952700 -0.000000 -0.000000 1.000000 0.000000 0.000000 0.000000 0.000000 1.000000
1.000000 -0.000000 0.000000 -0.000000 0.000000 1.000000 0.000000 3.952700 -0.000000 -0.000000 1.000000 0.000000 0.000000 0.000000 0.000000 1.000000
1.000000 -0.000000 -0.000000 -0.000000 0.000000 1.000000 0.000000 3.952700 0.000000 -0.000000 1.000000 0.000000 0.000000 0.000000 0.000000 1.000000
1.000000 -0.000000 0.000000 -0.000000 0.000000 1.000000 0.000000 3.952700 -0.000000 -0.000000 1.000000 0.000000 0.000000 0.000000 0.000000 1.000000
1.000000 -0.000000 0.000000 0.000000 0.000000 1.000000 0.000000 3.952700 -0.000000 -0.000000 1.000000 0.000000 0.000000 0.000000 0.000000 1.000000
1.000000 -0.000000 -0.000000 -0.000000 0.000000 1.000000 -0.000000 3.952700 0.000000 0.000000 1.000000 0.000000 0.000000 0.000000 0.000000 1.000000
1.000000 0.000000 -0.000000 0.000000 -0.000000 1.000000 -0.000000 3.952700 0.000000 0.000000 1.000000 0.000000 0.000000 0.000000 0.000000 1.000000
1.000000 -0.000000 0.000000 0.000000 0.000000 1.000000 0.000000 3.952700 0.000000 0.000000 1.000000 -0.000000 0.000000 0.000000 0.000000 1.000000
1.000000 0.000000 0.000000 0.000000 -0.000000 1.000000 0.000000 3.952700 -0.000000 -0.000000 1.000000 0.000000 0.000000 0.000000 0.000000 1.000000
1.000000 -0.000000 0.000000 -0.000000 0.000000 1.000000 -0.000000 3.952700 -0.000000 0.000000 1.000000 -0.000000 0.000000 0.000000 0.000000 1.000000
1.000000 0.000000 -0.000000 -0.000000 -0.000000 1.000000 -0.000000 3.952700 0.000000 0.000000 1.000000 0.000000 0.000000 0.000000 0.000000 1.000000
1.000000 0.000000 0.000000 -0.000000 -0.000000 1.000000 0.000000 3.952700 -0.000000 -0.000000 1.000000 0.000000 0.000000 0.000000 0.000000 1.000000
1.000000 0.000000 -0.000000 -0.000000 -0.000000 1.000000 -0.000000 3.952700 0.000000 0.000000 1.000000 0.000000 0.000000 0.000000 0.000000 1.000000
1.000000 -0.000000 0.000000 0.000000 0.000000 1.000000 0.000000 3.952700 -0.000000 -0.000000 1.000000 0.000000 0.000000 0.000000 0.000000 1.000000
1.000000 0.000000 0.000000 0.000000 -0.000000 1.000000 0.000000 3.952700 -0.000000 -0.000000 1.000000 -0.000000 0.000000 0.000000 0.000000 1.000000
1.000000 0.000000 -0.000000 -0.000000 -0.000000 1.000000 0.000000 3.952700 0.000000 -0.000000 1.000000 0.000000 0.000000 0.000000 0.000000 1.000000
1.000000 -0.000000 -0.000000 -0.000000 0.000000 1.000000 0.000000 3.952700 0.000000 -0.000000 1.000000 -0.000000 0.000000 0.000000 0.000000 1.000000
1.000000 0.000000 0.000000 0.000000 0.000000 1.000000 0.000000 3.952700 0.000000 -0.000000 1.000000 0.000000 0.000000 0.000000 0.000000 1.000000
1.000000 0.000000 0.000000 0.000000 -0.000000 1.000000 -0.000000 3.952700 -0.000000 0.000000 1.000000 0.000000 0.000000 0.000000 0.000000 1.000000
1.000000 0.000000 0.000000 -0.000000 -0.000000 1.000000 0.000000 3.952700 -0.000000 -0.000000 1.000000 0.000000 0.000000 0.000000 0.000000 1.000000
1.000000 0.000000 0.000000 0.000000 -0.000000 1.000000 0.000000 3.952700 -0.000000 -0.000000 1.000000 0.000000 0.000000 0.000000 0.000000 1.000000
1.000000 0.000000 0.000000 0.000000 0.000000 1.000000 -0.000000 3.952700 0.000000 -0.000000 1.000000 -0.000000 0.000000 0.000000 0.000000 1.000000
1.000000 0.000000 -0.000000 0.000000 -0.000000 1.000000 -0.000000 3.952700 0.000000 0.000000 1.000000 0.000000 0.000000 0.000000 0.000000 1.000000
1.000000 0.000000 0.000000 -0.000000 -0.000000 1.000000 -0.000000 3.952700 -0.000000 0.000000 1.000000 0.000000 0.000000 0.000000 0.000000 1.000000
1.000000 0.000000 -0.000000 0.000000 -0.000000 1.000000 0.000000 3.952700 0.000000 -0.000000 1.000000 0.000000 0.000000 0.000000 0.000000 1.000000
1.000000 -0.000000 0.000000 -0.000000 0.000000 1.000000 -0.000000 3.952700 -0.000000 0.000000 1.000000 0.000000 0.000000 0.000000 0.000000 1.000000
1.000000 -0.000000 0.000000 0.000000 0.000000 1.000000 0.000000 3.952700 -0.000000 -0.000000 1.000000 0.000000 0.000000 0.000000 0.000000 1.000000
1.000000 0.000000 0.000000 0.000000 -0.000000 1.000000 -0.000000 3.952700 -0.000000 0.000000 1.000000 -0.000000 0.000000 0.000000 0.000000 1.000000
1.000000 0.000000 -0.000000 -0.000000 -0.000000 1.000000 0.000000 3.952700 0.000000 -0.000000 1.000000 0.000000 0.000000 0.000000 0.000000 1.000000</float_array>
        <technique_common>
          <accessor source="#mixamorig_LeftHandThumb3-Matrix-animation-output-transform-array" count="32" stride="16">
            <param type="float4x4"/>
          </accessor>
        </technique_common>
      </source>
      <source id="mixamorig_LeftHandThumb3-Interpolations">
        <Name_array id="mixamorig_LeftHandThumb3-Interpolations-array" count="32">
 LINEAR LINEAR LINEAR LINEAR LINEAR LINEAR LINEAR LINEAR LINEAR LINEAR LINEAR
LINEAR LINEAR LINEAR LINEAR LINEAR LINEAR LINEAR LINEAR LINEAR LINEAR LINEAR LINEAR
LINEAR LINEAR LINEAR LINEAR LINEAR LINEAR LINEAR LINEAR LINEAR</Name_array>
        <technique_common>
          <accessor source="#mixamorig_LeftHandThumb3-Interpolations-array" count="32">
            <param type="name"/>
          </accessor>
        </technique_common>
      </source>
      <sampler id="mixamorig_LeftHandThumb3-Matrix-animation-transform">
        <input semantic="INPUT" source="#mixamorig_LeftHandThumb3-Matrix-animation-input"/>
        <input semantic="OUTPUT" source="#mixamorig_LeftHandThumb3-Matrix-animation-output-transform"/>
        <input semantic="INTERPOLATION" source="#mixamorig_LeftHandThumb3-Interpolations"/>
      </sampler>
      <channel source="#mixamorig_LeftHandThumb3-Matrix-animation-transform" target="mixamorig_LeftHandThumb3/matrix"/>
    </animation>
    <animation id="mixamorig_LeftHandIndex1-anim" name="mixamorig_LeftHandIndex1">
      <source id="mixamorig_LeftHandIndex1-Matrix-animation-input">
        <float_array id="mixamorig_LeftHandIndex1-Matrix-animation-input-array" count="32">

0.000000 0.033333 0.066667 0.100000 0.133333 0.166667 0.200000 0.233333 0.266667 0.300000 0.333333 0.366667 0.400000 0.433333 0.466667 0.500000
0.533333 0.566667 0.600000 0.633333 0.666667 0.700000 0.733333 0.766667 0.800000 0.833333 0.866667 0.900000 0.933333 0.966667 1.000000 1.033333</float_array>
        <technique_common>
          <accessor source="#mixamorig_LeftHandIndex1-Matrix-animation-input-array" count="32">
            <param name="TIME" type="float"/>
          </accessor>
        </technique_common>
      </source>
      <source id="mixamorig_LeftHandIndex1-Matrix-animation-output-transform">
        <float_array id="mixamorig_LeftHandIndex1-Matrix-animation-output-transform-array" count="512">

0.997461 -0.066257 0.026097 -3.728800 0.066234 0.728615 -0.681714 12.149100 0.026153 0.681711 0.731154 0.679300 0.000000 0.000000 0.000000 1.000000
0.997308 -0.068270 0.026760 -3.728800 0.068862 0.746566 -0.661738 12.149100 0.025199 0.661799 0.749258 0.679300 0.000000 0.000000 0.000000 1.000000
0.997171 -0.070085 0.027176 -3.728800 0.071274 0.766682 -0.638058 12.149100 0.023883 0.638190 0.769508 0.679300 0.000000 0.000000 0.000000 1.000000
0.997039 -0.071784 0.027563 -3.728800 0.073594 0.786960 -0.612599 12.149100 0.022284 0.612814 0.789913 0.679300 0.000000 0.000000 0.000000 1.000000
0.996901 -0.073472 0.028117 -3.728800 0.075947 0.805648 -0.587506 12.149100 0.020512 0.587821 0.808731 0.679300 0.000000 0.000000 0.000000 1.000000
0.996741 -0.075271 0.029003 -3.728800 0.078464 0.821264 -0.565128 12.149100 0.018719 0.565562 0.824494 0.679300 0.000000 0.000000 0.000000 1.000000
0.996544 -0.077320 0.030365 -3.728800 0.081292 0.832550 -0.547952 12.149100 0.017087 0.548527 0.835958 0.679300 0.000000 0.000000 0.000000 1.000000
0.996290 -0.079758 0.032337 -3.728800 0.084594 0.838358 -0.538517 12.149100 0.015841 0.539254 0.841994 0.679300 0.000000 0.000000 0.000000 1.000000
0.995932 -0.082911 0.035289 -3.728800 0.088785 0.836055 -0.541414 12.149100 0.015386 0.542344 0.840015 0.679300 0.000000 0.000000 0.000000 1.000000
0.995350 -0.087519 0.040223 -3.728800 0.094877 0.818838 -0.566130 12.149100 0.016611 0.567314 0.823334 0.679300 0.000000 0.000000 0.000000 1.000000
0.994723 -0.092011 0.045394 -3.728800 0.100882 0.796513 -0.596145 12.149100 0.018695 0.597579 0.801592 0.679300 0.000000 0.000000 0.000000 1.000000
0.994335 -0.094626 0.048412 -3.728800 0.104405 0.784059 -0.611842 12.149100 0.019939 0.613431 0.789497 0.679300 0.000000 0.000000 0.000000 1.000000
0.994100 -0.096217 0.050074 -3.728800 0.106533 0.779309 -0.617518 12.149100 0.020392 0.619209 0.784961 0.679300 0.000000 0.000000 0.000000 1.000000
0.993924 -0.097439 0.051197 -3.728800 0.108150 0.778003 -0.618882 12.149100 0.020471 0.620659 0.783814 0.679300 0.000000 0.000000 0.000000 1.000000
0.993805 -0.098311 0.051831 -3.728800 0.109282 0.779556 -0.616725 12.149100 0.020225 0.618569 0.785470 0.679300 0.000000 0.000000 0.000000 1.000000
0.993742 -0.098847 0.052031 -3.728800 0.109950 0.783335 -0.611799 12.149100 0.019717 0.613691 0.789300 0.679300 0.000000 0.000000 0.000000 1.000000
0.993730 -0.099058 0.051851 -3.728800 0.110179 0.788689 -0.604839 12.149100 0.019020 0.606759 0.794658 0.679300 0.000000 0.000000 0.000000 1.000000
0.993766 -0.098960 0.051348 -3.728800 0.109990 0.794973 -0.596590 12.149100 0.018218 0.598519 0.800902 0.679300 0.000000 0.000000 0.000000 1.000000
0.993845 -0.098565 0.050575 -3.728800 0.109409 0.801566 -0.587811 12.149100 0.017398 0.589726 0.807416 0.679300 0.000000 0.000000 0.000000 1.000000
0.993961 -0.097892 0.049582 -3.728800 0.108462 0.807874 -0.579288 12.149100 0.016652 0.581168 0.813613 0.679300 0.000000 0.000000 0.000000 1.000000
0.994110 -0.096960 0.048415 -3.728800 0.107178 0.813342 -0.571829 12.149100 0.016066 0.573650 0.818943 0.679300 0.000000 0.000000 0.000000 1.000000
0.994286 -0.095790 0.047119 -3.728800 0.105587 0.817436 -0.566260 12.149100 0.015725 0.567999 0.822879 0.679300 0.000000 0.000000 0.000000 1.000000
0.994483 -0.094404 0.045735 -3.728800 0.103717 0.819638 -0.563415 12.149100 0.015703 0.565050 0.824907 0.679300 0.000000 0.000000 0.000000 1.000000
0.994696 -0.092823 0.044306 -3.728800 0.101594 0.819418 -0.564121 12.149100 0.016058 0.565630 0.824503 0.679300 0.000000 0.000000 0.000000 1.000000
0.994927 -0.091019 0.042844 -3.728800 0.099177 0.816120 -0.569309 12.149100 0.016852 0.570670 0.821007 0.679300 0.000000 0.000000 0.000000 1.000000
0.995269 -0.088195 0.040752 -3.728800 0.095400 0.807799 -0.581687 12.149100 0.018382 0.582823 0.812391 0.679300 0.000000 0.000000 0.000000 1.000000
0.995735 -0.084137 0.037865 -3.728800 0.089970 0.794482 -0.600586 12.149100 0.020448 0.601431 0.798663 0.679300 0.000000 0.000000 0.000000 1.000000
0.996240 -0.079422 0.034622 -3.728800 0.083664 0.778052 -0.622604 12.149100 0.022511 0.623159 0.781771 0.679300 0.000000 0.000000 0.000000 1.000000
0.996714 -0.074646 0.031442 -3.728800 0.077299 0.760657 -0.644535 12.149100 0.024196 0.644847 0.763928 0.679300 0.000000 0.000000 0.000000 1.000000
0.997103 -0.070429 0.028717 -3.728800 0.071713 0.744772 -0.663454 12.149100 0.025339 0.663592 0.747666 0.679300 0.000000 0.000000 0.000000 1.000000
0.997365 -0.067414 0.026816 -3.728800 0.067748 0.733141 -0.676693 12.149100 0.025959 0.676727 0.735776 0.679300 0.000000 0.000000 0.000000 1.000000
0.997461 -0.066257 0.026097 -3.728800 0.066234 0.728615 -0.681714 12.149100 0.026154 0.681711 0.731154 0.679300 0.000000 0.000000 0.000000 1.000000</float_array>
        <technique_common>
          <accessor source="#mixamorig_LeftHandIndex1-Matrix-animation-output-transform-array" count="32" stride="16">
            <param type="float4x4"/>
          </accessor>
        </technique_common>
      </source>
      <source id="mixamorig_LeftHandIndex1-Interpolations">
        <Name_array id="mixamorig_LeftHandIndex1-Interpolations-array" count="32">
 LINEAR LINEAR LINEAR LINEAR LINEAR LINEAR LINEAR LINEAR LINEAR LINEAR LINEAR
LINEAR LINEAR LINEAR LINEAR LINEAR LINEAR LINEAR LINEAR LINEAR LINEAR LINEAR LINEAR
LINEAR LINEAR LINEAR LINEAR LINEAR LINEAR LINEAR LINEAR LINEAR</Name_array>
        <technique_common>
          <accessor source="#mixamorig_LeftHandIndex1-Interpolations-array" count="32">
            <param type="name"/>
          </accessor>
        </technique_common>
      </source>
      <sampler id="mixamorig_LeftHandIndex1-Matrix-animation-transform">
        <input semantic="INPUT" source="#mixamorig_LeftHandIndex1-Matrix-animation-input"/>
        <input semantic="OUTPUT" source="#mixamorig_LeftHandIndex1-Matrix-animation-output-transform"/>
        <input semantic="INTERPOLATION" source="#mixamorig_LeftHandIndex1-Interpolations"/>
      </sampler>
      <channel source="#mixamorig_LeftHandIndex1-Matrix-animation-transform" target="mixamorig_LeftHandIndex1/matrix"/>
    </animation>
    <animation id="mixamorig_LeftHandIndex2-anim" name="mixamorig_LeftHandIndex2">
      <source id="mixamorig_LeftHandIndex2-Matrix-animation-input">
        <float_array id="mixamorig_LeftHandIndex2-Matrix-animation-input-array" count="32">

0.000000 0.033333 0.066667 0.100000 0.133333 0.166667 0.200000 0.233333 0.266667 0.300000 0.333333 0.366667 0.400000 0.433333 0.466667 0.500000
0.533333 0.566667 0.600000 0.633333 0.666667 0.700000 0.733333 0.766667 0.800000 0.833333 0.866667 0.900000 0.933333 0.966667 1.000000 1.033333</float_array>
        <technique_common>
          <accessor source="#mixamorig_LeftHandIndex2-Matrix-animation-input-array" count="32">
            <param name="TIME" type="float"/>
          </accessor>
        </technique_common>
      </source>
      <source id="mixamorig_LeftHandIndex2-Matrix-animation-output-transform">
        <float_array id="mixamorig_LeftHandIndex2-Matrix-animation-output-transform-array" count="512">

0.992493 -0.107709 0.057933 0.000000 0.072178 0.133449 -0.988424 3.278100 0.098731 0.985185 0.140221 0.000000 0.000000 0.000000 0.000000 1.000000
0.993175 -0.104219 0.052356 0.000000 0.071149 0.185705 -0.980026 3.278100 0.092415 0.977063 0.191853 -0.000000 0.000000 0.000000 0.000000 1.000000
0.993897 -0.100053 0.046457 -0.000000 0.069637 0.242444 -0.967663 3.278100 0.085555 0.964992 0.247932 0.000000 0.000000 0.000000 0.000000 1.000000
0.994609 -0.095404 0.040637 -0.000000 0.067660 0.300076 -0.951513 3.278100 0.078584 0.949133 0.304913 0.000000 0.000000 0.000000 0.000000 1.000000
0.995268 -0.090547 0.035246 0.000000 0.065336 0.355165 -0.932518 3.278100 0.071919 0.930408 0.359400 0.000000 0.000000 0.000000 0.000000 1.000000
0.995841 -0.085829 0.030564 0.000000 0.062869 0.404543 -0.912355 3.278100 0.065942 0.910482 0.408256 0.000000 0.000000 0.000000 0.000000 1.000000
0.996300 -0.081652 0.026809 -0.000000 0.060537 0.445360 -0.893303 3.278100 0.061000 0.891621 0.448656 0.000000 0.000000 0.000000 0.000000 1.000000
0.996626 -0.078446 0.024147 0.000000 0.058665 0.475054 -0.877999 3.278100 0.057404 0.876453 0.478053 0.000000 0.000000 0.000000 0.000000 1.000000
0.996779 -0.076864 0.022899 -0.000000 0.057717 0.489217 -0.870250 3.278100 0.055688 0.868768 0.492078 0.000000 0.000000 0.000000 0.000000 1.000000
0.996660 -0.078094 0.023866 0.000000 0.058456 0.478231 -0.876286 3.278100 0.057020 0.874755 0.481199 0.000000 0.000000 0.000000 0.000000 1.000000
0.996416 -0.080535 0.025861 0.000000 0.059893 0.455864 -0.888032 3.278100 0.059728 0.886398 0.459054 0.000000 0.000000 0.000000 0.000000 1.000000
0.996251 -0.082119 0.027213 -0.000000 0.060804 0.440920 -0.895484 3.278100 0.061538 0.893782 0.444260 0.000000 0.000000 0.000000 0.000000 1.000000
0.996155 -0.083017 0.027999 -0.000000 0.061313 0.432305 -0.899641 3.278100 0.062581 0.897898 0.435732 0.000000 0.000000 0.000000 0.000000 1.000000
0.996081 -0.083693 0.028601 -0.000000 0.061692 0.425734 -0.902743 3.278100 0.063377 0.900970 0.429229 0.000000 0.000000 0.000000 0.000000 1.000000
0.996025 -0.084204 0.029062 -0.000000 0.061977 0.420732 -0.905065 3.278100 0.063982 0.903269 0.424278 0.000000 0.000000 0.000000 0.000000 1.000000
0.995980 -0.084601 0.029424 -0.000000 0.062197 0.416815 -0.906861 3.278100 0.064457 0.905046 0.420401 0.000000 0.000000 0.000000 0.000000 1.000000
0.995943 -0.084936 0.029732 0.000000 0.062381 0.413492 -0.908369 3.278100 0.064859 0.906538 0.417112 0.000000 0.000000 0.000000 0.000000 1.000000
0.995906 -0.085260 0.030032 0.000000 0.062558 0.410267 -0.909817 3.278100 0.065250 0.907971 0.413921 0.000000 0.000000 0.000000 0.000000 1.000000
0.995865 -0.085621 0.030369 0.000000 0.062756 0.406640 -0.911430 3.278100 0.065689 0.909567 0.410332 -0.000000 0.000000 0.000000 0.000000 1.000000
0.995813 -0.086070 0.030791 -0.000000 0.062999 0.402112 -0.913421 3.278100 0.066237 0.911536 0.405850 0.000000 0.000000 0.000000 0.000000 1.000000
0.995745 -0.086654 0.031348 0.000000 0.063314 0.396170 -0.915992 3.278100 0.066956 0.914079 0.399970 0.000000 0.000000 0.000000 0.000000 1.000000
0.995655 -0.087420 0.032088 -0.000000 0.063722 0.388303 -0.919326 3.278100 0.067908 0.917376 0.392186 0.000000 0.000000 0.000000 0.000000 1.000000
0.995535 -0.088411 0.033064 0.000000 0.064242 0.377981 -0.923582 3.278100 0.069157 0.921582 0.381973 0.000000 0.000000 0.000000 0.000000 1.000000
0.995380 -0.089667 0.034334 0.000000 0.064890 0.364664 -0.928875 3.278100 0.070769 0.926812 0.368798 0.000000 0.000000 0.000000 0.000000 1.000000
0.995178 -0.091247 0.035985 0.000000 0.065685 0.347509 -0.935373 3.278100 0.072845 0.933226 0.351827 0.000000 0.000000 0.000000 0.000000 1.000000
0.994865 -0.093582 0.038540 0.000000 0.066817 0.321301 -0.944617 3.278100 0.076017 0.942342 0.325904 0.000000 0.000000 0.000000 0.000000 1.000000
0.994430 -0.096624 0.042096 0.000000 0.068204 0.285464 -0.955959 3.278100 0.080352 0.953506 0.290465 0.000000 0.000000 0.000000 0.000000 1.000000
0.993925 -0.099879 0.046226 -0.000000 0.069568 0.244695 -0.967101 3.278100 0.085282 0.964442 0.250157 0.000000 0.000000 0.000000 0.000000 1.000000
0.993409 -0.102924 0.050443 0.000000 0.070709 0.203929 -0.976429 3.278100 0.090211 0.973560 0.209863 0.000000 0.000000 0.000000 0.000000 1.000000
0.992950 -0.105417 0.054197 -0.000000 0.071530 0.168310 -0.983135 3.278100 0.094517 0.980081 0.174664 0.000000 0.000000 0.000000 0.000000 1.000000
0.992620 -0.107090 0.056895 -0.000000 0.072014 0.143072 -0.987089 3.278100 0.097568 0.983901 0.149728 0.000000 0.000000 0.000000 0.000000 1.000000
0.992493 -0.107709 0.057933 0.000000 0.072178 0.133449 -0.988424 3.278100 0.098731 0.985185 0.140221 0.000000 0.000000 0.000000 0.000000 1.000000</float_array>
        <technique_common>
          <accessor source="#mixamorig_LeftHandIndex2-Matrix-animation-output-transform-array" count="32" stride="16">
            <param type="float4x4"/>
          </accessor>
        </technique_common>
      </source>
      <source id="mixamorig_LeftHandIndex2-Interpolations">
        <Name_array id="mixamorig_LeftHandIndex2-Interpolations-array" count="32">
 LINEAR LINEAR LINEAR LINEAR LINEAR LINEAR LINEAR LINEAR LINEAR LINEAR LINEAR
LINEAR LINEAR LINEAR LINEAR LINEAR LINEAR LINEAR LINEAR LINEAR LINEAR LINEAR LINEAR
LINEAR LINEAR LINEAR LINEAR LINEAR LINEAR LINEAR LINEAR LINEAR</Name_array>
        <technique_common>
          <accessor source="#mixamorig_LeftHandIndex2-Interpolations-array" count="32">
            <param type="name"/>
          </accessor>
        </technique_common>
      </source>
      <sampler id="mixamorig_LeftHandIndex2-Matrix-animation-transform">
        <input semantic="INPUT" source="#mixamorig_LeftHandIndex2-Matrix-animation-input"/>
        <input semantic="OUTPUT" source="#mixamorig_LeftHandIndex2-Matrix-animation-output-transform"/>
        <input semantic="INTERPOLATION" source="#mixamorig_LeftHandIndex2-Interpolations"/>
      </sampler>
      <channel source="#mixamorig_LeftHandIndex2-Matrix-animation-transform" target="mixamorig_LeftHandIndex2/matrix"/>
    </animation>
    <animation id="mixamorig_LeftHandIndex3-anim" name="mixamorig_LeftHandIndex3">
      <source id="mixamorig_LeftHandIndex3-Matrix-animation-input">
        <float_array id="mixamorig_LeftHandIndex3-Matrix-animation-input-array" count="32">

0.000000 0.033333 0.066667 0.100000 0.133333 0.166667 0.200000 0.233333 0.266667 0.300000 0.333333 0.366667 0.400000 0.433333 0.466667 0.500000
0.533333 0.566667 0.600000 0.633333 0.666667 0.700000 0.733333 0.766667 0.800000 0.833333 0.866667 0.900000 0.933333 0.966667 1.000000 1.033333</float_array>
        <technique_common>
          <accessor source="#mixamorig_LeftHandIndex3-Matrix-animation-input-array" count="32">
            <param name="TIME" type="float"/>
          </accessor>
        </technique_common>
      </source>
      <source id="mixamorig_LeftHandIndex3-Matrix-animation-output-transform">
        <float_array id="mixamorig_LeftHandIndex3-Matrix-animation-output-transform-array" count="512">

1.000000 0.000000 -0.000000 0.000000 0.000000 1.000000 0.000000 3.333500 0.000000 -0.000000 1.000000 -0.000000 0.000000 0.000000 0.000000 1.000000
1.000000 0.000000 -0.000000 0.000000 0.000000 1.000000 -0.000000 3.333500 0.000000 0.000000 1.000000 0.000000 0.000000 0.000000 0.000000 1.000000
1.000000 0.000000 0.000000 0.000000 -0.000000 1.000000 -0.000000 3.333500 -0.000000 0.000000 1.000000 0.000000 0.000000 0.000000 0.000000 1.000000
1.000000 -0.000000 -0.000000 0.000000 0.000000 1.000000 0.000000 3.333500 0.000000 0.000000 1.000000 0.000000 0.000000 0.000000 0.000000 1.000000
1.000000 0.000000 -0.000000 0.000000 0.000000 1.000000 -0.000000 3.333500 0.000000 0.000000 1.000000 -0.000000 0.000000 0.000000 0.000000 1.000000
1.000000 0.000000 -0.000000 0.000000 -0.000000 1.000000 -0.000000 3.333500 0.000000 0.000000 1.000000 0.000000 0.000000 0.000000 0.000000 1.000000
1.000000 0.000000 -0.000000 -0.000000 0.000000 1.000000 0.000000 3.333500 -0.000000 -0.000000 1.000000 0.000000 0.000000 0.000000 0.000000 1.000000
1.000000 -0.000000 -0.000000 0.000000 0.000000 1.000000 -0.000000 3.333500 0.000000 0.000000 1.000000 0.000000 0.000000 0.000000 0.000000 1.000000
1.000000 -0.000000 0.000000 -0.000000 0.000000 1.000000 0.000000 3.333500 0.000000 0.000000 1.000000 -0.000000 0.000000 0.000000 0.000000 1.000000
1.000000 0.000000 0.000000 0.000000 0.000000 1.000000 0.000000 3.333500 0.000000 0.000000 1.000000 0.000000 0.000000 0.000000 0.000000 1.000000
1.000000 0.000000 0.000000 0.000000 -0.000000 1.000000 -0.000000 3.333500 -0.000000 -0.000000 1.000000 0.000000 0.000000 0.000000 0.000000 1.000000
1.000000 -0.000000 0.000000 0.000000 0.000000 1.000000 0.000000 3.333500 -0.000000 -0.000000 1.000000 -0.000000 0.000000 0.000000 0.000000 1.000000
1.000000 0.000000 -0.000000 0.000000 -0.000000 1.000000 0.000000 3.333500 -0.000000 0.000000 1.000000 0.000000 0.000000 0.000000 0.000000 1.000000
1.000000 0.000000 -0.000000 -0.000000 0.000000 1.000000 0.000000 3.333500 -0.000000 -0.000000 1.000000 0.000000 0.000000 0.000000 0.000000 1.000000
1.000000 -0.000000 0.000000 -0.000000 0.000000 1.000000 -0.000000 3.333500 -0.000000 -0.000000 1.000000 0.000000 0.000000 0.000000 0.000000 1.000000
1.000000 -0.000000 -0.000000 -0.000000 -0.000000 1.000000 -0.000000 3.333500 -0.000000 0.000000 1.000000 -0.000000 0.000000 0.000000 0.000000 1.000000
1.000000 0.000000 -0.000000 0.000000 -0.000000 1.000000 -0.000000 3.333500 -0.000000 0.000000 1.000000 0.000000 0.000000 0.000000 0.000000 1.000000
1.000000 -0.000000 0.000000 0.000000 0.000000 1.000000 0.000000 3.333500 -0.000000 -0.000000 1.000000 -0.000000 0.000000 0.000000 0.000000 1.000000
1.000000 0.000000 0.000000 -0.000000 0.000000 1.000000 0.000000 3.333500 -0.000000 0.000000 1.000000 -0.000000 0.000000 0.000000 0.000000 1.000000
1.000000 0.000000 -0.000000 0.000000 -0.000000 1.000000 -0.000000 3.333500 0.000000 0.000000 1.000000 -0.000000 0.000000 0.000000 0.000000 1.000000
1.000000 -0.000000 0.000000 -0.000000 0.000000 1.000000 0.000000 3.333500 -0.000000 0.000000 1.000000 0.000000 0.000000 0.000000 0.000000 1.000000
1.000000 0.000000 0.000000 0.000000 -0.000000 1.000000 0.000000 3.333500 -0.000000 -0.000000 1.000000 -0.000000 0.000000 0.000000 0.000000 1.000000
1.000000 -0.000000 -0.000000 -0.000000 0.000000 1.000000 0.000000 3.333500 0.000000 -0.000000 1.000000 -0.000000 0.000000 0.000000 0.000000 1.000000
1.000000 0.000000 0.000000 0.000000 -0.000000 1.000000 -0.000000 3.333500 -0.000000 0.000000 1.000000 0.000000 0.000000 0.000000 0.000000 1.000000
1.000000 -0.000000 0.000000 0.000000 0.000000 1.000000 0.000000 3.333500 -0.000000 0.000000 1.000000 0.000000 0.000000 0.000000 0.000000 1.000000
1.000000 0.000000 -0.000000 -0.000000 -0.000000 1.000000 -0.000000 3.333500 0.000000 0.000000 1.000000 0.000000 0.000000 0.000000 0.000000 1.000000
1.000000 0.000000 0.000000 0.000000 -0.000000 1.000000 0.000000 3.333500 -0.000000 0.000000 1.000000 -0.000000 0.000000 0.000000 0.000000 1.000000
1.000000 -0.000000 0.000000 0.000000 0.000000 1.000000 0.000000 3.333500 -0.000000 -0.000000 1.000000 0.000000 0.000000 0.000000 0.000000 1.000000
1.000000 0.000000 0.000000 0.000000 -0.000000 1.000000 0.000000 3.333500 -0.000000 -0.000000 1.000000 0.000000 0.000000 0.000000 0.000000 1.000000
1.000000 0.000000 -0.000000 0.000000 -0.000000 1.000000 -0.000000 3.333500 0.000000 0.000000 1.000000 0.000000 0.000000 0.000000 0.000000 1.000000
1.000000 -0.000000 0.000000 0.000000 -0.000000 1.000000 -0.000000 3.333500 -0.000000 -0.000000 1.000000 0.000000 0.000000 0.000000 0.000000 1.000000
1.000000 0.000000 0.000000 0.000000 -0.000000 1.000000 0.000000 3.333500 0.000000 0.000000 1.000000 0.000000 0.000000 0.000000 0.000000 1.000000</float_array>
        <technique_common>
          <accessor source="#mixamorig_LeftHandIndex3-Matrix-animation-output-transform-array" count="32" stride="16">
            <param type="float4x4"/>
          </accessor>
        </technique_common>
      </source>
      <source id="mixamorig_LeftHandIndex3-Interpolations">
        <Name_array id="mixamorig_LeftHandIndex3-Interpolations-array" count="32">
 LINEAR LINEAR LINEAR LINEAR LINEAR LINEAR LINEAR LINEAR LINEAR LINEAR LINEAR
LINEAR LINEAR LINEAR LINEAR LINEAR LINEAR LINEAR LINEAR LINEAR LINEAR LINEAR LINEAR
LINEAR LINEAR LINEAR LINEAR LINEAR LINEAR LINEAR LINEAR LINEAR</Name_array>
        <technique_common>
          <accessor source="#mixamorig_LeftHandIndex3-Interpolations-array" count="32">
            <param type="name"/>
          </accessor>
        </technique_common>
      </source>
      <sampler id="mixamorig_LeftHandIndex3-Matrix-animation-transform">
        <input semantic="INPUT" source="#mixamorig_LeftHandIndex3-Matrix-animation-input"/>
        <input semantic="OUTPUT" source="#mixamorig_LeftHandIndex3-Matrix-animation-output-transform"/>
        <input semantic="INTERPOLATION" source="#mixamorig_LeftHandIndex3-Interpolations"/>
      </sampler>
      <channel source="#mixamorig_LeftHandIndex3-Matrix-animation-transform" target="mixamorig_LeftHandIndex3/matrix"/>
    </animation>
    <animation id="mixamorig_LeftHandMiddle1-anim" name="mixamorig_LeftHandMiddle1">
      <source id="mixamorig_LeftHandMiddle1-Matrix-animation-input">
        <float_array id="mixamorig_LeftHandMiddle1-Matrix-animation-input-array" count="32">

0.000000 0.033333 0.066667 0.100000 0.133333 0.166667 0.200000 0.233333 0.266667 0.300000 0.333333 0.366667 0.400000 0.433333 0.466667 0.500000
0.533333 0.566667 0.600000 0.633333 0.666667 0.700000 0.733333 0.766667 0.800000 0.833333 0.866667 0.900000 0.933333 0.966667 1.000000 1.033333</float_array>
        <technique_common>
          <accessor source="#mixamorig_LeftHandMiddle1-Matrix-animation-input-array" count="32">
            <param name="TIME" type="float"/>
          </accessor>
        </technique_common>
      </source>
      <source id="mixamorig_LeftHandMiddle1-Matrix-animation-output-transform">
        <float_array id="mixamorig_LeftHandMiddle1-Matrix-animation-output-transform-array" count="512">

0.985789 -0.166147 0.024797 0.006900 0.097135 0.443331 -0.891079 12.134500 0.137057 0.880825 0.453170 -0.010900 0.000000 0.000000 0.000000 1.000000
0.985739 -0.166641 0.023448 0.006900 0.099796 0.466671 -0.878783 12.134500 0.135499 0.868590 0.476645 -0.010900 0.000000 0.000000 0.000000 1.000000
0.985752 -0.166825 0.021492 0.006900 0.102323 0.493336 -0.863800 12.134500 0.133500 0.853692 0.503377 -0.010900 0.000000 0.000000 0.000000 1.000000
0.985803 -0.166782 0.019386 0.006900 0.104769 0.520785 -0.847234 12.134500 0.131208 0.837237 0.530865 -0.010900 0.000000 0.000000 0.000000 1.000000
0.985860 -0.166649 0.017562 0.006900 0.107197 0.546635 -0.830481 12.134500 0.128799 0.820621 0.556770 -0.010900 0.000000 0.000000 0.000000 1.000000
0.985885 -0.166615 0.016423 0.006900 0.109686 0.568677 -0.815215 12.134500 0.126488 0.805510 0.578926 -0.010900 0.000000 0.000000 0.000000 1.000000
0.985837 -0.166908 0.016342 0.006900 0.112337 0.584862 -0.803316 12.134500 0.124522 0.793775 0.595328 -0.010900 0.000000 0.000000 0.000000 1.000000
0.985668 -0.167769 0.017682 0.006900 0.115264 0.593218 -0.796747 12.134500 0.123181 0.787366 0.604054 -0.010900 0.000000 0.000000 0.000000 1.000000
0.985278 -0.169635 0.021262 0.006900 0.118761 0.589659 -0.798873 12.134500 0.122979 0.789637 0.601124 -0.010900 0.000000 0.000000 0.000000 1.000000
0.984433 -0.173330 0.029113 0.006900 0.123519 0.564442 -0.816179 12.134500 0.125036 0.807070 0.577065 -0.010900 0.000000 0.000000 0.000000 1.000000
0.983470 -0.177078 0.037811 0.006900 0.128066 0.532622 -0.836608 12.134500 0.128005 0.827621 0.546496 -0.010900 0.000000 0.000000 0.000000 1.000000
0.982895 -0.179139 0.042742 0.006900 0.130734 0.515210 -0.847034 12.134500 0.129716 0.838134 0.529817 -0.010900 0.000000 0.000000 0.000000 1.000000
0.982585 -0.180237 0.045181 0.006900 0.132412 0.508595 -0.850763 12.134500 0.130360 0.841930 0.523603 -0.010900 0.000000 0.000000 0.000000 1.000000
0.982385 -0.180966 0.046600 0.006900 0.133746 0.506736 -0.851663 12.134500 0.130509 0.842893 0.522014 -0.010900 0.000000 0.000000 0.000000 1.000000
0.982284 -0.181376 0.047123 0.006900 0.134741 0.508815 -0.850266 12.134500 0.130241 0.841552 0.524240 -0.010900 0.000000 0.000000 0.000000 1.000000
0.982273 -0.181498 0.046886 0.006900 0.135401 0.513978 -0.847050 12.134500 0.129640 0.838382 0.529441 -0.010900 0.000000 0.000000 0.000000 1.000000
0.982339 -0.181362 0.046027 0.006900 0.135728 0.521361 -0.842473 12.134500 0.128796 0.833841 0.536769 -0.010900 0.000000 0.000000 0.000000 1.000000
0.982468 -0.180996 0.044682 0.006900 0.135725 0.530102 -0.837001 12.134500 0.127807 0.828391 0.545374 -0.010900 0.000000 0.000000 0.000000 1.000000
0.982647 -0.180435 0.042987 0.006900 0.135396 0.539355 -0.831122 12.134500 0.126778 0.822520 0.554426 -0.010900 0.000000 0.000000 0.000000 1.000000
0.982860 -0.179718 0.041074 0.006900 0.134748 0.548292 -0.825360 12.134500 0.125812 0.816748 0.563111 -0.010900 0.000000 0.000000 0.000000 1.000000
0.983091 -0.178899 0.039066 0.006900 0.133794 0.556108 -0.820270 12.134500 0.125021 0.811627 0.570641 -0.010900 0.000000 0.000000 0.000000 1.000000
0.983327 -0.178020 0.037095 0.006900 0.132546 0.562019 -0.816435 12.134500 0.124494 0.807740 0.576244 -0.010900 0.000000 0.000000 0.000000 1.000000
0.983553 -0.177141 0.035277 0.006900 0.131015 0.565246 -0.814452 12.134500 0.124333 0.805678 0.579158 -0.010900 0.000000 0.000000 0.000000 1.000000
0.983755 -0.176315 0.033738 0.006900 0.129212 0.565009 -0.814904 12.134500 0.124617 0.806026 0.578613 -0.010900 0.000000 0.000000 0.000000 1.000000
0.983929 -0.175565 0.032577 0.006900 0.127087 0.560376 -0.818430 12.134500 0.125432 0.809417 0.573682 -0.010900 0.000000 0.000000 0.000000 1.000000
0.984146 -0.174564 0.031382 0.006900 0.123692 0.548707 -0.826814 12.134500 0.127112 0.817587 0.561600 -0.010900 0.000000 0.000000 0.000000 1.000000
0.984444 -0.173132 0.029926 0.006900 0.118780 0.530295 -0.839451 12.134500 0.129466 0.829947 0.542610 -0.010900 0.000000 0.000000 0.000000 1.000000
0.984790 -0.171410 0.028410 0.006900 0.113056 0.508004 -0.853903 12.134500 0.131936 0.844127 0.519656 -0.010900 0.000000 0.000000 0.000000 1.000000
0.985146 -0.169583 0.027004 0.006900 0.107258 0.484867 -0.867986 12.134500 0.134102 0.857989 0.495854 -0.010900 0.000000 0.000000 0.000000 1.000000
0.985466 -0.167892 0.025856 0.006900 0.102155 0.464112 -0.879866 12.134500 0.135722 0.869720 0.474517 -0.010900 0.000000 0.000000 0.000000 1.000000
0.985699 -0.166638 0.025083 0.006900 0.098524 0.449121 -0.888022 12.134500 0.136713 0.877794 0.459116 -0.010900 0.000000 0.000000 0.000000 1.000000
0.985789 -0.166148 0.024797 0.006900 0.097135 0.443331 -0.891079 12.134500 0.137057 0.880825 0.453170 -0.010900 0.000000 0.000000 0.000000 1.000000</float_array>
        <technique_common>
          <accessor source="#mixamorig_LeftHandMiddle1-Matrix-animation-output-transform-array" count="32" stride="16">
            <param type="float4x4"/>
          </accessor>
        </technique_common>
      </source>
      <source id="mixamorig_LeftHandMiddle1-Interpolations">
        <Name_array id="mixamorig_LeftHandMiddle1-Interpolations-array" count="32">
 LINEAR LINEAR LINEAR LINEAR LINEAR LINEAR LINEAR LINEAR LINEAR LINEAR LINEAR
LINEAR LINEAR LINEAR LINEAR LINEAR LINEAR LINEAR LINEAR LINEAR LINEAR LINEAR LINEAR
LINEAR LINEAR LINEAR LINEAR LINEAR LINEAR LINEAR LINEAR LINEAR</Name_array>
        <technique_common>
          <accessor source="#mixamorig_LeftHandMiddle1-Interpolations-array" count="32">
            <param type="name"/>
          </accessor>
        </technique_common>
      </source>
      <sampler id="mixamorig_LeftHandMiddle1-Matrix-animation-transform">
        <input semantic="INPUT" source="#mixamorig_LeftHandMiddle1-Matrix-animation-input"/>
        <input semantic="OUTPUT" source="#mixamorig_LeftHandMiddle1-Matrix-animation-output-transform"/>
        <input semantic="INTERPOLATION" source="#mixamorig_LeftHandMiddle1-Interpolations"/>
      </sampler>
      <channel source="#mixamorig_LeftHandMiddle1-Matrix-animation-transform" target="mixamorig_LeftHandMiddle1/matrix"/>
    </animation>
    <animation id="mixamorig_LeftHandMiddle2-anim" name="mixamorig_LeftHandMiddle2">
      <source id="mixamorig_LeftHandMiddle2-Matrix-animation-input">
        <float_array id="mixamorig_LeftHandMiddle2-Matrix-animation-input-array" count="32">

0.000000 0.033333 0.066667 0.100000 0.133333 0.166667 0.200000 0.233333 0.266667 0.300000 0.333333 0.366667 0.400000 0.433333 0.466667 0.500000
0.533333 0.566667 0.600000 0.633333 0.666667 0.700000 0.733333 0.766667 0.800000 0.833333 0.866667 0.900000 0.933333 0.966667 1.000000 1.033333</float_array>
        <technique_common>
          <accessor source="#mixamorig_LeftHandMiddle2-Matrix-animation-input-array" count="32">
            <param name="TIME" type="float"/>
          </accessor>
        </technique_common>
      </source>
      <source id="mixamorig_LeftHandMiddle2-Matrix-animation-output-transform">
        <float_array id="mixamorig_LeftHandMiddle2-Matrix-animation-output-transform-array" count="512">

0.986982 -0.109224 0.118055 -0.000000 0.091926 -0.219207 -0.971338 3.418300 0.131972 0.969545 -0.206313 0.000000 0.000000 0.000000 0.000000 1.000000
0.987610 -0.109627 0.112289 0.000000 0.093036 -0.167211 -0.981522 3.418300 0.126377 0.979807 -0.154940 -0.000000 0.000000 0.000000 0.000000 1.000000
0.988291 -0.109722 0.106030 0.000000 0.093992 -0.109619 -0.989520 3.418300 0.120195 0.987899 -0.098023 0.000000 0.000000 0.000000 0.000000 1.000000
0.989002 -0.109429 0.099501 0.000000 0.094515 -0.049861 -0.994274 3.418300 0.113764 0.992743 -0.038970 0.000000 0.000000 0.000000 0.000000 1.000000
0.989692 -0.108766 0.093167 0.000000 0.094647 0.008508 -0.995475 3.418300 0.107481 0.994031 0.018714 0.000000 0.000000 0.000000 0.000000 1.000000
0.990319 -0.107834 0.087411 0.000000 0.094444 0.061925 -0.993602 3.418300 0.101731 0.992238 0.071510 0.000000 0.000000 0.000000 0.000000 1.000000
0.990843 -0.106807 0.082593 0.000000 0.094032 0.106917 -0.989811 3.418300 0.096888 0.988515 0.115981 0.000000 0.000000 0.000000 0.000000 1.000000
0.991229 -0.105903 0.079051 -0.000000 0.093584 0.140155 -0.985697 3.418300 0.093309 0.984450 0.148837 0.000000 0.000000 0.000000 0.000000 1.000000
0.991413 -0.105428 0.077362 -0.000000 0.093336 0.156165 -0.983311 3.418300 0.091587 0.982088 0.164664 -0.000000 0.000000 0.000000 0.000000 1.000000
0.991271 -0.105799 0.078671 0.000000 0.093529 0.143737 -0.985186 3.418300 0.092924 0.983944 0.152377 0.000000 0.000000 0.000000 0.000000 1.000000
0.990980 -0.106502 0.081344 0.000000 0.093888 0.118624 -0.988490 3.418300 0.095627 0.987211 0.127553 0.000000 0.000000 0.000000 0.000000 1.000000
0.990786 -0.106930 0.083120 0.000000 0.094088 0.101984 -0.990327 3.418300 0.097419 0.989022 0.111105 0.000000 0.000000 0.000000 0.000000 1.000000
0.990675 -0.107161 0.084139 0.000000 0.094187 0.092441 -0.991253 3.418300 0.098446 0.989935 0.101672 -0.000000 0.000000 0.000000 0.000000 1.000000
0.990590 -0.107330 0.084917 0.000000 0.094258 0.085185 -0.991897 3.418300 0.099227 0.990567 0.094501 0.000000 0.000000 0.000000 0.000000 1.000000
0.990526 -0.107454 0.085504 -0.000000 0.094305 0.079677 -0.992350 3.418300 0.099820 0.991012 0.089055 0.000000 0.000000 0.000000 0.000000 1.000000
0.990476 -0.107549 0.085965 0.000000 0.094340 0.075370 -0.992683 3.418300 0.100283 0.991339 0.084798 -0.000000 0.000000 0.000000 0.000000 1.000000
0.990434 -0.107628 0.086357 0.000000 0.094371 0.071722 -0.992950 3.418300 0.100676 0.991601 0.081193 0.000000 0.000000 0.000000 0.000000 1.000000
0.990392 -0.107704 0.086739 0.000000 0.094399 0.068186 -0.993197 3.418300 0.101057 0.991842 0.077698 -0.000000 0.000000 0.000000 0.000000 1.000000
0.990345 -0.107789 0.087164 0.000000 0.094428 0.064217 -0.993458 3.418300 0.101487 0.992098 0.073776 0.000000 0.000000 0.000000 0.000000 1.000000
0.990287 -0.107888 0.087698 0.000000 0.094462 0.059268 -0.993763 3.418300 0.102017 0.992395 0.068884 -0.000000 0.000000 0.000000 0.000000 1.000000
0.990211 -0.108017 0.088398 0.000000 0.094506 0.052790 -0.994124 3.418300 0.102716 0.992746 0.062482 0.000000 0.000000 0.000000 0.000000 1.000000
0.990111 -0.108178 0.089317 0.000000 0.094550 0.044236 -0.994537 3.418300 0.103636 0.993147 0.054027 0.000000 0.000000 0.000000 0.000000 1.000000
0.989980 -0.108377 0.090517 -0.000000 0.094592 0.033056 -0.994967 3.418300 0.104839 0.993560 0.042976 -0.000000 0.000000 0.000000 0.000000 1.000000
0.989812 -0.108613 0.092066 -0.000000 0.094632 0.018701 -0.995337 3.418300 0.106384 0.993908 0.028788 0.000000 0.000000 0.000000 0.000000 1.000000
0.989595 -0.108882 0.094053 0.000000 0.094651 0.000320 -0.995511 3.418300 0.108363 0.994055 0.010623 0.000000 0.000000 0.000000 0.000000 1.000000
0.989266 -0.109219 0.097072 -0.000000 0.094609 -0.027521 -0.995134 3.418300 0.111359 0.993637 -0.016893 0.000000 0.000000 0.000000 0.000000 1.000000
0.988821 -0.109541 0.101166 -0.000000 0.094418 -0.065135 -0.993399 3.418300 0.115408 0.991846 -0.054064 0.000000 0.000000 0.000000 0.000000 1.000000
0.988319 -0.109717 0.105775 -0.000000 0.094017 -0.107310 -0.989770 3.418300 0.119946 0.988153 -0.095741 0.000000 0.000000 0.000000 0.000000 1.000000
0.987830 -0.109696 0.110270 0.000000 0.093364 -0.148844 -0.984443 3.418300 0.124402 0.982758 -0.136791 0.000000 0.000000 0.000000 0.000000 1.000000
0.987402 -0.109526 0.114201 0.000000 0.092683 -0.184630 -0.978428 3.418300 0.128249 0.976686 -0.172153 0.000000 0.000000 0.000000 0.000000 1.000000
0.987098 -0.109321 0.116985 0.000000 0.092139 -0.209705 -0.973414 3.418300 0.130947 0.971634 -0.196927 0.000000 0.000000 0.000000 0.000000 1.000000
0.986983 -0.109224 0.118048 -0.000000 0.091918 -0.219208 -0.971339 3.418300 0.131970 0.969545 -0.206315 0.000000 0.000000 0.000000 0.000000 1.000000</float_array>
        <technique_common>
          <accessor source="#mixamorig_LeftHandMiddle2-Matrix-animation-output-transform-array" count="32" stride="16">
            <param type="float4x4"/>
          </accessor>
        </technique_common>
      </source>
      <source id="mixamorig_LeftHandMiddle2-Interpolations">
        <Name_array id="mixamorig_LeftHandMiddle2-Interpolations-array" count="32">
 LINEAR LINEAR LINEAR LINEAR LINEAR LINEAR LINEAR LINEAR LINEAR LINEAR LINEAR
LINEAR LINEAR LINEAR LINEAR LINEAR LINEAR LINEAR LINEAR LINEAR LINEAR LINEAR LINEAR
LINEAR LINEAR LINEAR LINEAR LINEAR LINEAR LINEAR LINEAR LINEAR</Name_array>
        <technique_common>
          <accessor source="#mixamorig_LeftHandMiddle2-Interpolations-array" count="32">
            <param type="name"/>
          </accessor>
        </technique_common>
      </source>
      <sampler id="mixamorig_LeftHandMiddle2-Matrix-animation-transform">
        <input semantic="INPUT" source="#mixamorig_LeftHandMiddle2-Matrix-animation-input"/>
        <input semantic="OUTPUT" source="#mixamorig_LeftHandMiddle2-Matrix-animation-output-transform"/>
        <input semantic="INTERPOLATION" source="#mixamorig_LeftHandMiddle2-Interpolations"/>
      </sampler>
      <channel source="#mixamorig_LeftHandMiddle2-Matrix-animation-transform" target="mixamorig_LeftHandMiddle2/matrix"/>
    </animation>
    <animation id="mixamorig_LeftHandMiddle3-anim" name="mixamorig_LeftHandMiddle3">
      <source id="mixamorig_LeftHandMiddle3-Matrix-animation-input">
        <float_array id="mixamorig_LeftHandMiddle3-Matrix-animation-input-array" count="32">

0.000000 0.033333 0.066667 0.100000 0.133333 0.166667 0.200000 0.233333 0.266667 0.300000 0.333333 0.366667 0.400000 0.433333 0.466667 0.500000
0.533333 0.566667 0.600000 0.633333 0.666667 0.700000 0.733333 0.766667 0.800000 0.833333 0.866667 0.900000 0.933333 0.966667 1.000000 1.033333</float_array>
        <technique_common>
          <accessor source="#mixamorig_LeftHandMiddle3-Matrix-animation-input-array" count="32">
            <param name="TIME" type="float"/>
          </accessor>
        </technique_common>
      </source>
      <source id="mixamorig_LeftHandMiddle3-Matrix-animation-output-transform">
        <float_array id="mixamorig_LeftHandMiddle3-Matrix-animation-output-transform-array" count="512">

1.000000 -0.000000 -0.000000 0.000000 0.000000 1.000000 -0.000000 3.298600 0.000000 0.000000 1.000000 0.000000 0.000000 0.000000 0.000000 1.000000
1.000000 0.000000 -0.000000 0.000000 -0.000000 1.000000 -0.000000 3.298600 0.000000 0.000000 1.000000 0.000000 0.000000 0.000000 0.000000 1.000000
1.000000 -0.000000 -0.000000 0.000000 -0.000000 1.000000 0.000000 3.298600 0.000000 -0.000000 1.000000 0.000000 0.000000 0.000000 0.000000 1.000000
1.000000 -0.000000 -0.000000 0.000000 0.000000 1.000000 -0.000000 3.298600 0.000000 0.000000 1.000000 0.000000 0.000000 0.000000 0.000000 1.000000
1.000000 0.000000 -0.000000 -0.000000 0.000000 1.000000 0.000000 3.298600 -0.000000 0.000000 1.000000 0.000000 0.000000 0.000000 0.000000 1.000000
1.000000 -0.000000 0.000000 -0.000000 0.000000 1.000000 -0.000000 3.298600 -0.000000 0.000000 1.000000 0.000000 0.000000 0.000000 0.000000 1.000000
1.000000 -0.000000 0.000000 0.000000 0.000000 1.000000 -0.000000 3.298600 -0.000000 0.000000 1.000000 -0.000000 0.000000 0.000000 0.000000 1.000000
1.000000 -0.000000 -0.000000 -0.000000 0.000000 1.000000 0.000000 3.298600 0.000000 -0.000000 1.000000 0.000000 0.000000 0.000000 0.000000 1.000000
1.000000 -0.000000 0.000000 -0.000000 0.000000 1.000000 -0.000000 3.298600 -0.000000 0.000000 1.000000 0.000000 0.000000 0.000000 0.000000 1.000000
1.000000 0.000000 -0.000000 0.000000 -0.000000 1.000000 0.000000 3.298600 0.000000 -0.000000 1.000000 0.000000 0.000000 0.000000 0.000000 1.000000
1.000000 -0.000000 -0.000000 0.000000 0.000000 1.000000 -0.000000 3.298600 -0.000000 -0.000000 1.000000 0.000000 0.000000 0.000000 0.000000 1.000000
1.000000 0.000000 -0.000000 0.000000 -0.000000 1.000000 -0.000000 3.298600 0.000000 0.000000 1.000000 0.000000 0.000000 0.000000 0.000000 1.000000
1.000000 -0.000000 0.000000 0.000000 0.000000 1.000000 0.000000 3.298600 -0.000000 -0.000000 1.000000 0.000000 0.000000 0.000000 0.000000 1.000000
1.000000 0.000000 0.000000 0.000000 -0.000000 1.000000 -0.000000 3.298600 -0.000000 0.000000 1.000000 0.000000 0.000000 0.000000 0.000000 1.000000
1.000000 0.000000 0.000000 0.000000 -0.000000 1.000000 -0.000000 3.298600 -0.000000 0.000000 1.000000 0.000000 0.000000 0.000000 0.000000 1.000000
1.000000 -0.000000 -0.000000 -0.000000 -0.000000 1.000000 0.000000 3.298600 0.000000 0.000000 1.000000 -0.000000 0.000000 0.000000 0.000000 1.000000
1.000000 -0.000000 -0.000000 0.000000 0.000000 1.000000 -0.000000 3.298600 0.000000 0.000000 1.000000 0.000000 0.000000 0.000000 0.000000 1.000000
1.000000 0.000000 -0.000000 0.000000 -0.000000 1.000000 -0.000000 3.298600 -0.000000 -0.000000 1.000000 0.000000 0.000000 0.000000 0.000000 1.000000
1.000000 0.000000 -0.000000 0.000000 -0.000000 1.000000 0.000000 3.298600 0.000000 -0.000000 1.000000 0.000000 0.000000 0.000000 0.000000 1.000000
1.000000 -0.000000 -0.000000 0.000000 0.000000 1.000000 0.000000 3.298600 0.000000 -0.000000 1.000000 -0.000000 0.000000 0.000000 0.000000 1.000000
1.000000 -0.000000 0.000000 0.000000 0.000000 1.000000 0.000000 3.298600 -0.000000 0.000000 1.000000 0.000000 0.000000 0.000000 0.000000 1.000000
1.000000 0.000000 -0.000000 0.000000 -0.000000 1.000000 0.000000 3.298600 -0.000000 0.000000 1.000000 0.000000 0.000000 0.000000 0.000000 1.000000
1.000000 -0.000000 -0.000000 0.000000 0.000000 1.000000 0.000000 3.298600 0.000000 -0.000000 1.000000 0.000000 0.000000 0.000000 0.000000 1.000000
1.000000 0.000000 0.000000 0.000000 -0.000000 1.000000 0.000000 3.298600 -0.000000 -0.000000 1.000000 0.000000 0.000000 0.000000 0.000000 1.000000
1.000000 0.000000 -0.000000 -0.000000 -0.000000 1.000000 -0.000000 3.298600 0.000000 -0.000000 1.000000 0.000000 0.000000 0.000000 0.000000 1.000000
1.000000 0.000000 -0.000000 0.000000 -0.000000 1.000000 -0.000000 3.298600 -0.000000 -0.000000 1.000000 0.000000 0.000000 0.000000 0.000000 1.000000
1.000000 0.000000 -0.000000 -0.000000 0.000000 1.000000 0.000000 3.298600 -0.000000 0.000000 1.000000 0.000000 0.000000 0.000000 0.000000 1.000000
1.000000 0.000000 -0.000000 0.000000 -0.000000 1.000000 0.000000 3.298600 0.000000 -0.000000 1.000000 0.000000 0.000000 0.000000 0.000000 1.000000
1.000000 0.000000 -0.000000 -0.000000 -0.000000 1.000000 0.000000 3.298600 -0.000000 0.000000 1.000000 0.000000 0.000000 0.000000 0.000000 1.000000
1.000000 0.000000 0.000000 -0.000000 0.000000 1.000000 -0.000000 3.298600 0.000000 -0.000000 1.000000 0.000000 0.000000 0.000000 0.000000 1.000000
1.000000 0.000000 0.000000 0.000000 -0.000000 1.000000 -0.000000 3.298600 -0.000000 0.000000 1.000000 0.000000 0.000000 0.000000 0.000000 1.000000
1.000000 0.000000 0.000000 0.000000 0.000000 1.000000 0.000000 3.298600 -0.000000 0.000000 1.000000 0.000000 0.000000 0.000000 0.000000 1.000000</float_array>
        <technique_common>
          <accessor source="#mixamorig_LeftHandMiddle3-Matrix-animation-output-transform-array" count="32" stride="16">
            <param type="float4x4"/>
          </accessor>
        </technique_common>
      </source>
      <source id="mixamorig_LeftHandMiddle3-Interpolations">
        <Name_array id="mixamorig_LeftHandMiddle3-Interpolations-array" count="32">
 LINEAR LINEAR LINEAR LINEAR LINEAR LINEAR LINEAR LINEAR LINEAR LINEAR LINEAR
LINEAR LINEAR LINEAR LINEAR LINEAR LINEAR LINEAR LINEAR LINEAR LINEAR LINEAR LINEAR
LINEAR LINEAR LINEAR LINEAR LINEAR LINEAR LINEAR LINEAR LINEAR</Name_array>
        <technique_common>
          <accessor source="#mixamorig_LeftHandMiddle3-Interpolations-array" count="32">
            <param type="name"/>
          </accessor>
        </technique_common>
      </source>
      <sampler id="mixamorig_LeftHandMiddle3-Matrix-animation-transform">
        <input semantic="INPUT" source="#mixamorig_LeftHandMiddle3-Matrix-animation-input"/>
        <input semantic="OUTPUT" source="#mixamorig_LeftHandMiddle3-Matrix-animation-output-transform"/>
        <input semantic="INTERPOLATION" source="#mixamorig_LeftHandMiddle3-Interpolations"/>
      </sampler>
      <channel source="#mixamorig_LeftHandMiddle3-Matrix-animation-transform" target="mixamorig_LeftHandMiddle3/matrix"/>
    </animation>
    <animation id="mixamorig_LeftHandRing1-anim" name="mixamorig_LeftHandRing1">
      <source id="mixamorig_LeftHandRing1-Matrix-animation-input">
        <float_array id="mixamorig_LeftHandRing1-Matrix-animation-input-array" count="32">

0.000000 0.033333 0.066667 0.100000 0.133333 0.166667 0.200000 0.233333 0.266667 0.300000 0.333333 0.366667 0.400000 0.433333 0.466667 0.500000
0.533333 0.566667 0.600000 0.633333 0.666667 0.700000 0.733333 0.766667 0.800000 0.833333 0.866667 0.900000 0.933333 0.966667 1.000000 1.033333</float_array>
        <technique_common>
          <accessor source="#mixamorig_LeftHandRing1-Matrix-animation-input-array" count="32">
            <param name="TIME" type="float"/>
          </accessor>
        </technique_common>
      </source>
      <source id="mixamorig_LeftHandRing1-Matrix-animation-output-transform">
        <float_array id="mixamorig_LeftHandRing1-Matrix-animation-output-transform-array" count="512">

0.978198 -0.154483 -0.138797 2.998700 -0.059205 0.433158 -0.899372 12.329200 0.199058 0.887981 0.414567 -0.106900 0.000000 0.000000 0.000000 1.000000
0.978792 -0.150176 -0.139332 2.998700 -0.056353 0.456524 -0.887925 12.329200 0.196953 0.876945 0.438379 -0.106900 0.000000 0.000000 0.000000 1.000000
0.979436 -0.145025 -0.140257 2.998700 -0.053584 0.483234 -0.873850 12.329200 0.194507 0.863396 0.465526 -0.106900 0.000000 0.000000 0.000000 1.000000
0.980115 -0.139464 -0.141156 2.998700 -0.050925 0.510746 -0.858222 12.329200 0.191786 0.848344 0.493488 -0.106900 0.000000 0.000000 0.000000 1.000000
0.980799 -0.134014 -0.141684 2.998700 -0.048362 0.536673 -0.842403 12.329200 0.188932 0.833080 0.519887 -0.106900 0.000000 0.000000 0.000000 1.000000
0.981456 -0.129239 -0.141570 2.998700 -0.045856 0.558800 -0.828034 12.329200 0.186123 0.819171 0.542511 -0.106900 0.000000 0.000000 0.000000 1.000000
0.982050 -0.125733 -0.140601 2.998700 -0.043338 0.575065 -0.816959 12.329200 0.183574 0.808388 0.559294 -0.106900 0.000000 0.000000 0.000000 1.000000
0.982543 -0.124098 -0.138595 2.998700 -0.040715 0.583487 -0.811102 12.329200 0.181524 0.802585 0.568248 -0.106900 0.000000 0.000000 0.000000 1.000000
0.982872 -0.125448 -0.135001 2.998700 -0.037752 0.579957 -0.813772 12.329200 0.180381 0.804930 0.565288 -0.106900 0.000000 0.000000 0.000000 1.000000
0.982904 -0.132123 -0.128234 2.998700 -0.033898 0.554709 -0.831354 12.329200 0.180973 0.821488 0.540746 -0.106900 0.000000 0.000000 0.000000 1.000000
0.982755 -0.140014 -0.120785 2.998700 -0.030211 0.522847 -0.851891 12.329200 0.182429 0.840849 0.509600 -0.106900 0.000000 0.000000 0.000000 1.000000
0.982674 -0.144220 -0.116412 2.998700 -0.027989 0.505422 -0.862419 12.329200 0.183215 0.850735 0.492628 -0.106900 0.000000 0.000000 0.000000 1.000000
0.982696 -0.145900 -0.114111 2.998700 -0.026537 0.498813 -0.866304 12.329200 0.183314 0.854341 0.486309 -0.106900 0.000000 0.000000 0.000000 1.000000
0.982772 -0.146510 -0.112665 2.998700 -0.025351 0.496968 -0.867398 12.329200 0.183074 0.855311 0.484693 -0.106900 0.000000 0.000000 0.000000 1.000000
0.982896 -0.146205 -0.111980 2.998700 -0.024451 0.499067 -0.866218 12.329200 0.182531 0.854141 0.486956 -0.106900 0.000000 0.000000 0.000000 1.000000
0.983045 -0.145221 -0.111951 2.998700 -0.023815 0.504255 -0.863226 12.329200 0.181811 0.851257 0.492247 -0.106900 0.000000 0.000000 0.000000 1.000000
0.983206 -0.143728 -0.112468 2.998700 -0.023447 0.511670 -0.858862 12.329200 0.180989 0.847075 0.499706 -0.106900 0.000000 0.000000 0.000000 1.000000
0.983370 -0.141841 -0.113420 2.998700 -0.023382 0.520441 -0.853578 12.329200 0.180101 0.842035 0.508470 -0.106900 0.000000 0.000000 0.000000 1.000000
0.983518 -0.139769 -0.114706 2.998700 -0.023603 0.529723 -0.847842 12.329200 0.179264 0.836575 0.517693 -0.106900 0.000000 0.000000 0.000000 1.000000
0.983633 -0.137689 -0.116226 2.998700 -0.024104 0.538686 -0.842162 12.329200 0.178566 0.831180 0.526550 -0.106900 0.000000 0.000000 0.000000 1.000000
0.983697 -0.135796 -0.117899 2.998700 -0.024881 0.546520 -0.837076 12.329200 0.178106 0.826362 0.534232 -0.106900 0.000000 0.000000 0.000000 1.000000
0.983694 -0.134279 -0.119647 2.998700 -0.025926 0.552439 -0.833150 12.329200 0.177972 0.822667 0.539949 -0.106900 0.000000 0.000000 0.000000 1.000000
0.983609 -0.133332 -0.121394 2.998700 -0.027234 0.555660 -0.830963 12.329200 0.178248 0.820649 0.542921 -0.106900 0.000000 0.000000 0.000000 1.000000
0.983426 -0.133147 -0.123064 2.998700 -0.028804 0.555399 -0.831085 12.329200 0.179006 0.820855 0.542359 -0.106900 0.000000 0.000000 0.000000 1.000000
0.983125 -0.133931 -0.124607 2.998700 -0.030697 0.550722 -0.834124 12.329200 0.180339 0.823874 0.537317 -0.106900 0.000000 0.000000 0.000000 1.000000
0.982567 -0.136125 -0.126614 2.998700 -0.033786 0.538970 -0.841647 12.329200 0.182811 0.831253 0.524975 -0.106900 0.000000 0.000000 0.000000 1.000000
0.981743 -0.139555 -0.129252 2.998700 -0.038326 0.520446 -0.853034 12.329200 0.186314 0.842413 0.505596 -0.106900 0.000000 0.000000 0.000000 1.000000
0.980786 -0.143578 -0.132073 2.998700 -0.043714 0.498044 -0.866049 12.329200 0.190124 0.855183 0.482198 -0.106900 0.000000 0.000000 0.000000 1.000000
0.979831 -0.147603 -0.134702 2.998700 -0.049274 0.474812 -0.878707 12.329200 0.193657 0.867622 0.457962 -0.106900 0.000000 0.000000 0.000000 1.000000
0.979004 -0.151082 -0.136841 2.998700 -0.054250 0.453989 -0.889354 12.329200 0.196490 0.878105 0.436260 -0.106900 0.000000 0.000000 0.000000 1.000000
0.978424 -0.153520 -0.138271 2.998700 -0.057839 0.438958 -0.896644 12.329200 0.198348 0.885295 0.420607 -0.106900 0.000000 0.000000 0.000000 1.000000
0.978198 -0.154483 -0.138797 2.998700 -0.059205 0.433157 -0.899372 12.329200 0.199058 0.887981 0.414567 -0.106900 0.000000 0.000000 0.000000 1.000000</float_array>
        <technique_common>
          <accessor source="#mixamorig_LeftHandRing1-Matrix-animation-output-transform-array" count="32" stride="16">
            <param type="float4x4"/>
          </accessor>
        </technique_common>
      </source>
      <source id="mixamorig_LeftHandRing1-Interpolations">
        <Name_array id="mixamorig_LeftHandRing1-Interpolations-array" count="32">
 LINEAR LINEAR LINEAR LINEAR LINEAR LINEAR LINEAR LINEAR LINEAR LINEAR LINEAR
LINEAR LINEAR LINEAR LINEAR LINEAR LINEAR LINEAR LINEAR LINEAR LINEAR LINEAR LINEAR
LINEAR LINEAR LINEAR LINEAR LINEAR LINEAR LINEAR LINEAR LINEAR</Name_array>
        <technique_common>
          <accessor source="#mixamorig_LeftHandRing1-Interpolations-array" count="32">
            <param type="name"/>
          </accessor>
        </technique_common>
      </source>
      <sampler id="mixamorig_LeftHandRing1-Matrix-animation-transform">
        <input semantic="INPUT" source="#mixamorig_LeftHandRing1-Matrix-animation-input"/>
        <input semantic="OUTPUT" source="#mixamorig_LeftHandRing1-Matrix-animation-output-transform"/>
        <input semantic="INTERPOLATION" source="#mixamorig_LeftHandRing1-Interpolations"/>
      </sampler>
      <channel source="#mixamorig_LeftHandRing1-Matrix-animation-transform" target="mixamorig_LeftHandRing1/matrix"/>
    </animation>
    <animation id="mixamorig_LeftHandRing2-anim" name="mixamorig_LeftHandRing2">
      <source id="mixamorig_LeftHandRing2-Matrix-animation-input">
        <float_array id="mixamorig_LeftHandRing2-Matrix-animation-input-array" count="32">

0.000000 0.033333 0.066667 0.100000 0.133333 0.166667 0.200000 0.233333 0.266667 0.300000 0.333333 0.366667 0.400000 0.433333 0.466667 0.500000
0.533333 0.566667 0.600000 0.633333 0.666667 0.700000 0.733333 0.766667 0.800000 0.833333 0.866667 0.900000 0.933333 0.966667 1.000000 1.033333</float_array>
        <technique_common>
          <accessor source="#mixamorig_LeftHandRing2-Matrix-animation-input-array" count="32">
            <param name="TIME" type="float"/>
          </accessor>
        </technique_common>
      </source>
      <source id="mixamorig_LeftHandRing2-Matrix-animation-output-transform">
        <float_array id="mixamorig_LeftHandRing2-Matrix-animation-output-transform-array" count="512">

0.994166 -0.055611 0.092424 0.000000 0.074556 -0.264943 -0.961378 3.058600 0.077950 0.962659 -0.259251 0.000000 0.000000 0.000000 0.000000 1.000000
0.994351 -0.057153 0.089437 0.000000 0.075339 -0.213488 -0.974036 3.058600 0.074763 0.975272 -0.207977 0.000000 0.000000 0.000000 0.000000 1.000000
0.994567 -0.058653 0.085996 0.000000 0.075930 -0.156341 -0.984780 3.058600 0.071205 0.985960 -0.151038 -0.000000 0.000000 0.000000 0.000000 1.000000
0.994789 -0.059995 0.082440 0.000000 0.076396 -0.096875 -0.992360 3.058600 0.067523 0.993487 -0.091787 0.000000 0.000000 0.000000 0.000000 1.000000
0.995008 -0.061093 0.078908 -0.000000 0.076639 -0.038629 -0.996310 3.058600 0.063916 0.997384 -0.033754 0.000000 0.000000 0.000000 0.000000 1.000000
0.995212 -0.061917 0.075623 0.000000 0.076677 0.014817 -0.996946 3.058600 0.060607 0.997971 0.019494 0.000000 0.000000 0.000000 0.000000 1.000000
0.995387 -0.062474 0.072818 -0.000000 0.076571 0.059938 -0.995261 3.058600 0.057814 0.996245 0.064446 -0.000000 0.000000 0.000000 0.000000 1.000000
0.995517 -0.062806 0.070722 0.000000 0.076410 0.093334 -0.992698 3.058600 0.055746 0.993652 0.097714 0.000000 0.000000 0.000000 0.000000 1.000000
0.995581 -0.062937 0.069697 0.000000 0.076299 0.109438 -0.991061 3.058600 0.054747 0.991999 0.113756 0.000000 0.000000 0.000000 0.000000 1.000000
0.995531 -0.062837 0.070495 0.000000 0.076389 0.096935 -0.992355 3.058600 0.055524 0.993305 0.101302 0.000000 0.000000 0.000000 0.000000 1.000000
0.995432 -0.062599 0.072082 0.000000 0.076522 0.071695 -0.994487 3.058600 0.057086 0.995460 0.076157 0.000000 0.000000 0.000000 0.000000 1.000000
0.995368 -0.062419 0.073125 0.000000 0.076587 0.054986 -0.995546 3.058600 0.058120 0.996534 0.059512 0.000000 0.000000 0.000000 0.000000 1.000000
0.995330 -0.062309 0.073724 0.000000 0.076618 0.045410 -0.996026 3.058600 0.058713 0.997023 0.049972 -0.000000 0.000000 0.000000 0.000000 1.000000
0.995302 -0.062221 0.074180 0.000000 0.076640 0.038132 -0.996329 3.058600 0.059164 0.997334 0.042722 0.000000 0.000000 0.000000 0.000000 1.000000
0.995280 -0.062153 0.074524 0.000000 0.076654 0.032608 -0.996524 3.058600 0.059507 0.997534 0.037218 -0.000000 0.000000 0.000000 0.000000 1.000000
0.995264 -0.062097 0.074792 0.000000 0.076662 0.028290 -0.996656 3.058600 0.059774 0.997669 0.032917 0.000000 0.000000 0.000000 0.000000 1.000000
0.995250 -0.062048 0.075016 0.000000 0.076666 0.024634 -0.996753 3.058600 0.059999 0.997769 0.029274 -0.000000 0.000000 0.000000 0.000000 1.000000
0.995237 -0.062001 0.075234 0.000000 0.076668 0.021091 -0.996834 3.058600 0.060218 0.997853 0.025744 0.000000 0.000000 0.000000 0.000000 1.000000
0.995222 -0.061945 0.075475 0.000000 0.076668 0.017113 -0.996910 3.058600 0.060462 0.997933 0.021781 0.000000 0.000000 0.000000 0.000000 1.000000
0.995203 -0.061876 0.075779 0.000000 0.076670 0.012155 -0.996982 3.058600 0.060768 0.998010 0.016841 0.000000 0.000000 0.000000 0.000000 1.000000
0.995178 -0.061786 0.076181 0.000000 0.076675 0.005667 -0.997040 3.058600 0.061172 0.998073 0.010377 0.000000 0.000000 0.000000 0.000000 1.000000
0.995145 -0.061663 0.076714 0.000000 0.076681 -0.002896 -0.997051 3.058600 0.061703 0.998093 0.001846 0.000000 0.000000 0.000000 0.000000 1.000000
0.995102 -0.061493 0.077404 0.000000 0.076678 -0.014085 -0.996956 3.058600 0.062396 0.998008 -0.009301 -0.000000 0.000000 0.000000 0.000000 1.000000
0.995047 -0.061264 0.078284 0.000000 0.076659 -0.028442 -0.996652 3.058600 0.063285 0.997716 -0.023604 0.000000 0.000000 0.000000 0.000000 1.000000
0.994977 -0.060952 0.079407 0.000000 0.076618 -0.046809 -0.995961 3.058600 0.064423 0.997042 -0.041904 0.000000 0.000000 0.000000 0.000000 1.000000
0.994872 -0.060440 0.081094 0.000000 0.076514 -0.074601 -0.994274 3.058600 0.066143 0.995380 -0.069594 0.000000 0.000000 0.000000 0.000000 1.000000
0.994732 -0.059673 0.083354 0.000000 0.076298 -0.112090 -0.990765 3.058600 0.068465 0.991905 -0.106947 -0.000000 0.000000 0.000000 0.000000 1.000000
0.994576 -0.058710 0.085862 -0.000000 0.075954 -0.154045 -0.985140 3.058600 0.071064 0.986318 -0.148750 -0.000000 0.000000 0.000000 0.000000 1.000000
0.994418 -0.057656 0.088361 0.000000 0.075565 -0.195280 -0.977832 3.058600 0.073633 0.979051 -0.189833 -0.000000 0.000000 0.000000 0.000000 1.000000
0.994287 -0.056656 0.090457 -0.000000 0.075110 -0.230741 -0.970112 3.058600 0.075835 0.971364 -0.225167 0.000000 0.000000 0.000000 0.000000 1.000000
0.994198 -0.055906 0.091894 0.000000 0.074724 -0.255550 -0.963904 3.058600 0.077371 0.965178 -0.249889 -0.000000 0.000000 0.000000 0.000000 1.000000
0.994165 -0.055610 0.092431 -0.000000 0.074562 -0.264943 -0.961377 3.058600 0.077951 0.962659 -0.259250 0.000000 0.000000 0.000000 0.000000 1.000000</float_array>
        <technique_common>
          <accessor source="#mixamorig_LeftHandRing2-Matrix-animation-output-transform-array" count="32" stride="16">
            <param type="float4x4"/>
          </accessor>
        </technique_common>
      </source>
      <source id="mixamorig_LeftHandRing2-Interpolations">
        <Name_array id="mixamorig_LeftHandRing2-Interpolations-array" count="32">
 LINEAR LINEAR LINEAR LINEAR LINEAR LINEAR LINEAR LINEAR LINEAR LINEAR LINEAR
LINEAR LINEAR LINEAR LINEAR LINEAR LINEAR LINEAR LINEAR LINEAR LINEAR LINEAR LINEAR
LINEAR LINEAR LINEAR LINEAR LINEAR LINEAR LINEAR LINEAR LINEAR</Name_array>
        <technique_common>
          <accessor source="#mixamorig_LeftHandRing2-Interpolations-array" count="32">
            <param type="name"/>
          </accessor>
        </technique_common>
      </source>
      <sampler id="mixamorig_LeftHandRing2-Matrix-animation-transform">
        <input semantic="INPUT" source="#mixamorig_LeftHandRing2-Matrix-animation-input"/>
        <input semantic="OUTPUT" source="#mixamorig_LeftHandRing2-Matrix-animation-output-transform"/>
        <input semantic="INTERPOLATION" source="#mixamorig_LeftHandRing2-Interpolations"/>
      </sampler>
      <channel source="#mixamorig_LeftHandRing2-Matrix-animation-transform" target="mixamorig_LeftHandRing2/matrix"/>
    </animation>
    <animation id="mixamorig_LeftHandRing3-anim" name="mixamorig_LeftHandRing3">
      <source id="mixamorig_LeftHandRing3-Matrix-animation-input">
        <float_array id="mixamorig_LeftHandRing3-Matrix-animation-input-array" count="32">

0.000000 0.033333 0.066667 0.100000 0.133333 0.166667 0.200000 0.233333 0.266667 0.300000 0.333333 0.366667 0.400000 0.433333 0.466667 0.500000
0.533333 0.566667 0.600000 0.633333 0.666667 0.700000 0.733333 0.766667 0.800000 0.833333 0.866667 0.900000 0.933333 0.966667 1.000000 1.033333</float_array>
        <technique_common>
          <accessor source="#mixamorig_LeftHandRing3-Matrix-animation-input-array" count="32">
            <param name="TIME" type="float"/>
          </accessor>
        </technique_common>
      </source>
      <source id="mixamorig_LeftHandRing3-Matrix-animation-output-transform">
        <float_array id="mixamorig_LeftHandRing3-Matrix-animation-output-transform-array" count="512">

1.000000 -0.000000 0.000000 -0.000000 0.000000 1.000000 -0.000000 3.289500 0.000000 0.000000 1.000000 0.000000 0.000000 0.000000 0.000000 1.000000
1.000000 0.000000 0.000000 0.000000 -0.000000 1.000000 -0.000000 3.289500 -0.000000 0.000000 1.000000 0.000000 0.000000 0.000000 0.000000 1.000000
1.000000 -0.000000 0.000000 0.000000 0.000000 1.000000 0.000000 3.289500 -0.000000 -0.000000 1.000000 -0.000000 0.000000 0.000000 0.000000 1.000000
1.000000 0.000000 -0.000000 0.000000 -0.000000 1.000000 -0.000000 3.289500 0.000000 0.000000 1.000000 -0.000000 0.000000 0.000000 0.000000 1.000000
1.000000 0.000000 -0.000000 -0.000000 -0.000000 1.000000 -0.000000 3.289500 0.000000 0.000000 1.000000 -0.000000 0.000000 0.000000 0.000000 1.000000
1.000000 0.000000 -0.000000 0.000000 -0.000000 1.000000 -0.000000 3.289500 0.000000 0.000000 1.000000 -0.000000 0.000000 0.000000 0.000000 1.000000
1.000000 0.000000 0.000000 -0.000000 0.000000 1.000000 -0.000000 3.289500 -0.000000 0.000000 1.000000 0.000000 0.000000 0.000000 0.000000 1.000000
1.000000 -0.000000 0.000000 -0.000000 0.000000 1.000000 0.000000 3.289500 -0.000000 -0.000000 1.000000 0.000000 0.000000 0.000000 0.000000 1.000000
1.000000 0.000000 -0.000000 0.000000 -0.000000 1.000000 -0.000000 3.289500 -0.000000 0.000000 1.000000 0.000000 0.000000 0.000000 0.000000 1.000000
1.000000 0.000000 -0.000000 0.000000 -0.000000 1.000000 -0.000000 3.289500 0.000000 0.000000 1.000000 0.000000 0.000000 0.000000 0.000000 1.000000
1.000000 0.000000 0.000000 0.000000 0.000000 1.000000 0.000000 3.289500 0.000000 0.000000 1.000000 0.000000 0.000000 0.000000 0.000000 1.000000
1.000000 -0.000000 0.000000 0.000000 -0.000000 1.000000 -0.000000 3.289500 0.000000 0.000000 1.000000 0.000000 0.000000 0.000000 0.000000 1.000000
1.000000 0.000000 -0.000000 0.000000 -0.000000 1.000000 -0.000000 3.289500 0.000000 0.000000 1.000000 0.000000 0.000000 0.000000 0.000000 1.000000
1.000000 0.000000 -0.000000 -0.000000 -0.000000 1.000000 0.000000 3.289500 0.000000 -0.000000 1.000000 0.000000 0.000000 0.000000 0.000000 1.000000
1.000000 0.000000 0.000000 0.000000 -0.000000 1.000000 -0.000000 3.289500 0.000000 -0.000000 1.000000 0.000000 0.000000 0.000000 0.000000 1.000000
1.000000 -0.000000 -0.000000 0.000000 0.000000 1.000000 -0.000000 3.289500 0.000000 0.000000 1.000000 0.000000 0.000000 0.000000 0.000000 1.000000
1.000000 0.000000 -0.000000 0.000000 0.000000 1.000000 -0.000000 3.289500 -0.000000 0.000000 1.000000 0.000000 0.000000 0.000000 0.000000 1.000000
1.000000 0.000000 -0.000000 0.000000 -0.000000 1.000000 -0.000000 3.289500 0.000000 0.000000 1.000000 -0.000000 0.000000 0.000000 0.000000 1.000000
1.000000 -0.000000 0.000000 0.000000 0.000000 1.000000 0.000000 3.289500 -0.000000 -0.000000 1.000000 0.000000 0.000000 0.000000 0.000000 1.000000
1.000000 0.000000 -0.000000 0.000000 -0.000000 1.000000 0.000000 3.289500 0.000000 -0.000000 1.000000 0.000000 0.000000 0.000000 0.000000 1.000000
1.000000 0.000000 0.000000 0.000000 0.000000 1.000000 -0.000000 3.289500 -0.000000 0.000000 1.000000 -0.000000 0.000000 0.000000 0.000000 1.000000
1.000000 -0.000000 -0.000000 0.000000 0.000000 1.000000 -0.000000 3.289500 0.000000 0.000000 1.000000 -0.000000 0.000000 0.000000 0.000000 1.000000
1.000000 -0.000000 0.000000 0.000000 0.000000 1.000000 0.000000 3.289500 -0.000000 -0.000000 1.000000 0.000000 0.000000 0.000000 0.000000 1.000000
1.000000 -0.000000 0.000000 0.000000 0.000000 1.000000 0.000000 3.289500 -0.000000 0.000000 1.000000 0.000000 0.000000 0.000000 0.000000 1.000000
1.000000 0.000000 -0.000000 0.000000 -0.000000 1.000000 0.000000 3.289500 0.000000 -0.000000 1.000000 -0.000000 0.000000 0.000000 0.000000 1.000000
1.000000 0.000000 -0.000000 -0.000000 -0.000000 1.000000 -0.000000 3.289500 0.000000 0.000000 1.000000 0.000000 0.000000 0.000000 0.000000 1.000000
1.000000 0.000000 -0.000000 0.000000 -0.000000 1.000000 0.000000 3.289500 -0.000000 -0.000000 1.000000 -0.000000 0.000000 0.000000 0.000000 1.000000
1.000000 0.000000 0.000000 0.000000 0.000000 1.000000 0.000000 3.289500 0.000000 0.000000 1.000000 0.000000 0.000000 0.000000 0.000000 1.000000
1.000000 0.000000 -0.000000 0.000000 -0.000000 1.000000 -0.000000 3.289500 0.000000 0.000000 1.000000 0.000000 0.000000 0.000000 0.000000 1.000000
1.000000 -0.000000 -0.000000 0.000000 0.000000 1.000000 0.000000 3.289500 0.000000 -0.000000 1.000000 0.000000 0.000000 0.000000 0.000000 1.000000
1.000000 0.000000 0.000000 0.000000 0.000000 1.000000 -0.000000 3.289500 0.000000 0.000000 1.000000 0.000000 0.000000 0.000000 0.000000 1.000000
1.000000 0.000000 -0.000000 0.000000 -0.000000 1.000000 -0.000000 3.289500 0.000000 0.000000 1.000000 0.000000 0.000000 0.000000 0.000000 1.000000</float_array>
        <technique_common>
          <accessor source="#mixamorig_LeftHandRing3-Matrix-animation-output-transform-array" count="32" stride="16">
            <param type="float4x4"/>
          </accessor>
        </technique_common>
      </source>
      <source id="mixamorig_LeftHandRing3-Interpolations">
        <Name_array id="mixamorig_LeftHandRing3-Interpolations-array" count="32">
 LINEAR LINEAR LINEAR LINEAR LINEAR LINEAR LINEAR LINEAR LINEAR LINEAR LINEAR
LINEAR LINEAR LINEAR LINEAR LINEAR LINEAR LINEAR LINEAR LINEAR LINEAR LINEAR LINEAR
LINEAR LINEAR LINEAR LINEAR LINEAR LINEAR LINEAR LINEAR LINEAR</Name_array>
        <technique_common>
          <accessor source="#mixamorig_LeftHandRing3-Interpolations-array" count="32">
            <param type="name"/>
          </accessor>
        </technique_common>
      </source>
      <sampler id="mixamorig_LeftHandRing3-Matrix-animation-transform">
        <input semantic="INPUT" source="#mixamorig_LeftHandRing3-Matrix-animation-input"/>
        <input semantic="OUTPUT" source="#mixamorig_LeftHandRing3-Matrix-animation-output-transform"/>
        <input semantic="INTERPOLATION" source="#mixamorig_LeftHandRing3-Interpolations"/>
      </sampler>
      <channel source="#mixamorig_LeftHandRing3-Matrix-animation-transform" target="mixamorig_LeftHandRing3/matrix"/>
    </animation>
    <animation id="mixamorig_LeftHandPinky1-anim" name="mixamorig_LeftHandPinky1">
      <source id="mixamorig_LeftHandPinky1-Matrix-animation-input">
        <float_array id="mixamorig_LeftHandPinky1-Matrix-animation-input-array" count="32">

0.000000 0.033333 0.066667 0.100000 0.133333 0.166667 0.200000 0.233333 0.266667 0.300000 0.333333 0.366667 0.400000 0.433333 0.466667 0.500000
0.533333 0.566667 0.600000 0.633333 0.666667 0.700000 0.733333 0.766667 0.800000 0.833333 0.866667 0.900000 0.933333 0.966667 1.000000 1.033333</float_array>
        <technique_common>
          <accessor source="#mixamorig_LeftHandPinky1-Matrix-animation-input-array" count="32">
            <param name="TIME" type="float"/>
          </accessor>
        </technique_common>
      </source>
      <source id="mixamorig_LeftHandPinky1-Matrix-animation-output-transform">
        <float_array id="mixamorig_LeftHandPinky1-Matrix-animation-output-transform-array" count="512">

0.956895 -0.213107 -0.197327 5.731500 -0.134614 0.276606 -0.951508 11.385500 0.257355 0.937056 0.235995 0.770100 0.000000 0.000000 0.000000 1.000000
0.957893 -0.206603 -0.199388 5.731500 -0.131626 0.301184 -0.944438 11.385500 0.255176 0.930915 0.261308 0.770100 0.000000 0.000000 0.000000 1.000000
0.958993 -0.198830 -0.201989 5.731500 -0.128711 0.329428 -0.935367 11.385500 0.252520 0.923008 0.290327 0.770100 0.000000 0.000000 0.000000 1.000000
0.960145 -0.190460 -0.204562 5.731500 -0.125906 0.358692 -0.924926 11.385500 0.249536 0.913819 0.320417 0.770100 0.000000 0.000000 0.000000 1.000000
0.961295 -0.182218 -0.206659 5.731500 -0.123249 0.386440 -0.914043 11.385500 0.246416 0.904135 0.349025 0.770100 0.000000 0.000000 0.000000 1.000000
0.962400 -0.174834 -0.207892 5.731500 -0.120740 0.410237 -0.903951 11.385500 0.243327 0.895063 0.373703 0.770100 0.000000 0.000000 0.000000 1.000000
0.963415 -0.169082 -0.207948 5.731500 -0.118346 0.427768 -0.896108 11.385500 0.240469 0.887933 0.392108 0.770100 0.000000 0.000000 0.000000 1.000000
0.964295 -0.165745 -0.206550 5.731500 -0.116002 0.436778 -0.892059 11.385500 0.238071 0.884168 0.401956 0.770100 0.000000 0.000000 0.000000 1.000000
0.964976 -0.166239 -0.202941 5.731500 -0.113546 0.432704 -0.894357 11.385500 0.236491 0.886076 0.398674 0.770100 0.000000 0.000000 0.000000 1.000000
0.965334 -0.173473 -0.195031 5.731500 -0.110604 0.404938 -0.907630 11.385500 0.236425 0.897737 0.371714 0.770100 0.000000 0.000000 0.000000 1.000000
0.965463 -0.182404 -0.186040 5.731500 -0.107841 0.370246 -0.922653 11.385500 0.237176 0.910849 0.337788 0.770100 0.000000 0.000000 0.000000 1.000000
0.965567 -0.187046 -0.180817 5.731500 -0.106127 0.351374 -0.930201 11.385500 0.237524 0.917360 0.319425 0.770100 0.000000 0.000000 0.000000 1.000000
0.965737 -0.188655 -0.178215 5.731500 -0.104939 0.344195 -0.933015 11.385500 0.237359 0.919749 0.312605 0.770100 0.000000 0.000000 0.000000 1.000000
0.965954 -0.188954 -0.176716 5.731500 -0.103922 0.342141 -0.933884 11.385500 0.236923 0.920454 0.310857 0.770100 0.000000 0.000000 0.000000 1.000000
0.966201 -0.188189 -0.176182 5.731500 -0.103094 0.344326 -0.933173 11.385500 0.236277 0.919796 0.313287 0.770100 0.000000 0.000000 0.000000 1.000000
0.966454 -0.186624 -0.176459 5.731500 -0.102465 0.349844 -0.931187 11.385500 0.235515 0.918031 0.318986 0.770100 0.000000 0.000000 0.000000 1.000000
0.966701 -0.184447 -0.177396 5.731500 -0.102069 0.357775 -0.928213 11.385500 0.234674 0.915410 0.327035 0.770100 0.000000 0.000000 0.000000 1.000000
0.966924 -0.181889 -0.178813 5.731500 -0.101902 0.367196 -0.924545 11.385500 0.233824 0.912186 0.336515 0.770100 0.000000 0.000000 0.000000 1.000000
0.967100 -0.179190 -0.180581 5.731500 -0.101988 0.377206 -0.920497 11.385500 0.233059 0.908629 0.346521 0.770100 0.000000 0.000000 0.000000 1.000000
0.967207 -0.176590 -0.182555 5.731500 -0.102328 0.386912 -0.916422 11.385500 0.232463 0.905050 0.356154 0.770100 0.000000 0.000000 0.000000 1.000000
0.967227 -0.174342 -0.184597 5.731500 -0.102916 0.395435 -0.912710 11.385500 0.232120 0.901796 0.364533 0.770100 0.000000 0.000000 0.000000 1.000000
0.967130 -0.172745 -0.186599 5.731500 -0.103744 0.401921 -0.909778 11.385500 0.232157 0.899232 0.370789 0.770100 0.000000 0.000000 0.000000 1.000000
0.966900 -0.172029 -0.188439 5.731500 -0.104825 0.405508 -0.908061 11.385500 0.232627 0.897758 0.374053 0.770100 0.000000 0.000000 0.000000 1.000000
0.966519 -0.172454 -0.190001 5.731500 -0.106170 0.405334 -0.907983 11.385500 0.233599 0.897755 0.373453 0.770100 0.000000 0.000000 0.000000 1.000000
0.965952 -0.174317 -0.191181 5.731500 -0.107847 0.400393 -0.909975 11.385500 0.235171 0.899611 0.367961 0.770100 0.000000 0.000000 0.000000 1.000000
0.964937 -0.178572 -0.192379 5.731500 -0.110648 0.387886 -0.915042 11.385500 0.238022 0.904244 0.354527 0.770100 0.000000 0.000000 0.000000 1.000000
0.963439 -0.185049 -0.193758 5.731500 -0.114825 0.368221 -0.922621 11.385500 0.242076 0.911137 0.333510 0.770100 0.000000 0.000000 0.000000 1.000000
0.961692 -0.192616 -0.195057 5.731500 -0.119843 0.344542 -0.931090 11.385500 0.246548 0.918798 0.308260 0.770100 0.000000 0.000000 0.000000 1.000000
0.959932 -0.200189 -0.196099 5.731500 -0.125083 0.320111 -0.939086 11.385500 0.250768 0.925988 0.282244 0.770100 0.000000 0.000000 0.000000 1.000000
0.958394 -0.206755 -0.196808 5.731500 -0.129825 0.298315 -0.945597 11.385500 0.254218 0.931805 0.259062 0.770100 0.000000 0.000000 0.000000 1.000000
0.957307 -0.211367 -0.197200 5.731500 -0.133273 0.282642 -0.949922 11.385500 0.256519 0.935648 0.242405 0.770100 0.000000 0.000000 0.000000 1.000000
0.956898 -0.213117 -0.197301 5.731500 -0.134588 0.276601 -0.951514 11.385500 0.257357 0.937056 0.235996 0.770100 0.000000 0.000000 0.000000 1.000000</float_array>
        <technique_common>
          <accessor source="#mixamorig_LeftHandPinky1-Matrix-animation-output-transform-array" count="32" stride="16">
            <param type="float4x4"/>
          </accessor>
        </technique_common>
      </source>
      <source id="mixamorig_LeftHandPinky1-Interpolations">
        <Name_array id="mixamorig_LeftHandPinky1-Interpolations-array" count="32">
 LINEAR LINEAR LINEAR LINEAR LINEAR LINEAR LINEAR LINEAR LINEAR LINEAR LINEAR
LINEAR LINEAR LINEAR LINEAR LINEAR LINEAR LINEAR LINEAR LINEAR LINEAR LINEAR LINEAR
LINEAR LINEAR LINEAR LINEAR LINEAR LINEAR LINEAR LINEAR LINEAR</Name_array>
        <technique_common>
          <accessor source="#mixamorig_LeftHandPinky1-Interpolations-array" count="32">
            <param type="name"/>
          </accessor>
        </technique_common>
      </source>
      <sampler id="mixamorig_LeftHandPinky1-Matrix-animation-transform">
        <input semantic="INPUT" source="#mixamorig_LeftHandPinky1-Matrix-animation-input"/>
        <input semantic="OUTPUT" source="#mixamorig_LeftHandPinky1-Matrix-animation-output-transform"/>
        <input semantic="INTERPOLATION" source="#mixamorig_LeftHandPinky1-Interpolations"/>
      </sampler>
      <channel source="#mixamorig_LeftHandPinky1-Matrix-animation-transform" target="mixamorig_LeftHandPinky1/matrix"/>
    </animation>
    <animation id="mixamorig_LeftHandPinky2-anim" name="mixamorig_LeftHandPinky2">
      <source id="mixamorig_LeftHandPinky2-Matrix-animation-input">
        <float_array id="mixamorig_LeftHandPinky2-Matrix-animation-input-array" count="32">

0.000000 0.033333 0.066667 0.100000 0.133333 0.166667 0.200000 0.233333 0.266667 0.300000 0.333333 0.366667 0.400000 0.433333 0.466667 0.500000
0.533333 0.566667 0.600000 0.633333 0.666667 0.700000 0.733333 0.766667 0.800000 0.833333 0.866667 0.900000 0.933333 0.966667 1.000000 1.033333</float_array>
        <technique_common>
          <accessor source="#mixamorig_LeftHandPinky2-Matrix-animation-input-array" count="32">
            <param name="TIME" type="float"/>
          </accessor>
        </technique_common>
      </source>
      <source id="mixamorig_LeftHandPinky2-Matrix-animation-output-transform">
        <float_array id="mixamorig_LeftHandPinky2-Matrix-animation-output-transform-array" count="512">

0.993609 -0.019595 0.111161 -0.000000 0.108464 -0.106874 -0.988339 2.856200 0.031246 0.994080 -0.104065 0.000000 0.000000 0.000000 0.000000 1.000000
0.993635 -0.024310 0.109997 0.000000 0.108557 -0.054248 -0.992609 2.856200 0.030097 0.998232 -0.051264 -0.000000 0.000000 0.000000 0.000000 1.000000
0.993669 -0.029405 0.108434 0.000000 0.108588 0.003671 -0.994080 2.856200 0.028833 0.999561 0.006841 0.000000 0.000000 0.000000 0.000000 1.000000
0.993710 -0.034553 0.106517 -0.000000 0.108544 0.063365 -0.992070 2.856200 0.027530 0.997392 0.066717 0.000000 0.000000 0.000000 0.000000 1.000000
0.993757 -0.039448 0.104356 0.000000 0.108427 0.121281 -0.986679 2.856200 0.026266 0.991834 0.124801 0.000000 0.000000 0.000000 0.000000 1.000000
0.993806 -0.043811 0.102130 -0.000000 0.108255 0.173945 -0.978787 2.856200 0.025117 0.983780 0.177610 -0.000000 0.000000 0.000000 0.000000 1.000000
0.993851 -0.047401 0.100070 -0.000000 0.108062 0.218053 -0.969936 2.856200 0.024155 0.974785 0.221834 0.000000 0.000000 0.000000 0.000000 1.000000
0.993886 -0.050001 0.098439 0.000000 0.107891 0.250487 -0.962089 2.856200 0.023447 0.966828 0.254351 -0.000000 0.000000 0.000000 0.000000 1.000000
0.993904 -0.051237 0.097619 0.000000 0.107800 0.266065 -0.957908 2.856200 0.023107 0.962592 0.269967 0.000000 0.000000 0.000000 0.000000 1.000000
0.993890 -0.050278 0.098257 -0.000000 0.107871 0.253975 -0.961177 2.856200 0.023371 0.965903 0.257847 0.000000 0.000000 0.000000 0.000000 1.000000
0.993863 -0.048321 0.099506 0.000000 0.108004 0.229491 -0.967300 2.856200 0.023905 0.972111 0.233302 0.000000 0.000000 0.000000 0.000000 1.000000
0.993846 -0.047011 0.100304 -0.000000 0.108085 0.213227 -0.971005 2.856200 0.024260 0.975871 0.216996 0.000000 0.000000 0.000000 0.000000 1.000000
0.993836 -0.046254 0.100751 0.000000 0.108129 0.203886 -0.973005 2.856200 0.024464 0.977901 0.207631 -0.000000 0.000000 0.000000 0.000000 1.000000
0.993829 -0.045677 0.101086 0.000000 0.108161 0.196777 -0.974464 2.856200 0.024619 0.979384 0.200503 0.000000 0.000000 0.000000 0.000000 1.000000
0.993823 -0.045237 0.101337 0.000000 0.108184 0.191375 -0.975537 2.856200 0.024737 0.980474 0.195087 0.000000 0.000000 0.000000 0.000000 1.000000
0.993819 -0.044892 0.101532 0.000000 0.108202 0.187150 -0.976354 2.856200 0.024829 0.981305 0.190850 0.000000 0.000000 0.000000 0.000000 1.000000
0.993815 -0.044600 0.101696 -0.000000 0.108217 0.183569 -0.977032 2.856200 0.024907 0.981995 0.187260 0.000000 0.000000 0.000000 0.000000 1.000000
0.993812 -0.044316 0.101854 -0.000000 0.108231 0.180098 -0.977676 2.856200 0.024983 0.982650 0.183779 0.000000 0.000000 0.000000 0.000000 1.000000
0.993808 -0.043996 0.102029 -0.000000 0.108246 0.176198 -0.978385 2.856200 0.025068 0.983371 0.179869 0.000000 0.000000 0.000000 0.000000 1.000000
0.993803 -0.043597 0.102246 -0.000000 0.108265 0.171334 -0.979246 2.856200 0.025174 0.984248 0.174992 0.000000 0.000000 0.000000 0.000000 1.000000
0.993797 -0.043073 0.102527 -0.000000 0.108288 0.164962 -0.980337 2.856200 0.025313 0.985359 0.168603 -0.000000 0.000000 0.000000 0.000000 1.000000
0.993789 -0.042379 0.102893 -0.000000 0.108318 0.156542 -0.981714 2.856200 0.025497 0.986762 0.160160 0.000000 0.000000 0.000000 0.000000 1.000000
0.993779 -0.041467 0.103362 0.000000 0.108355 0.145523 -0.983403 2.856200 0.025737 0.988486 0.149111 0.000000 0.000000 0.000000 0.000000 1.000000
0.993766 -0.040289 0.103949 0.000000 0.108399 0.131354 -0.985391 2.856200 0.026046 0.990516 0.134903 0.000000 0.000000 0.000000 0.000000 1.000000
0.993750 -0.038770 0.104676 0.000000 0.108448 0.113180 -0.987638 2.856200 0.026443 0.992818 0.116677 0.000000 0.000000 0.000000 0.000000 1.000000
0.993728 -0.036443 0.105723 0.000000 0.108508 0.085577 -0.990405 2.856200 0.027045 0.995665 0.088994 0.000000 0.000000 0.000000 0.000000 1.000000
0.993699 -0.033251 0.107036 0.000000 0.108563 0.048146 -0.992923 2.856200 0.027862 0.998287 0.051452 0.000000 0.000000 0.000000 0.000000 1.000000
0.993670 -0.029607 0.108366 -0.000000 0.108588 0.005986 -0.994069 2.856200 0.028782 0.999544 0.009163 -0.000000 0.000000 0.000000 0.000000 1.000000
0.993645 -0.025949 0.109530 0.000000 0.108575 -0.035735 -0.993446 2.856200 0.029693 0.999024 -0.032690 0.000000 0.000000 0.000000 0.000000 1.000000
0.993625 -0.022743 0.110414 0.000000 0.108533 -0.071842 -0.991493 2.856200 0.030481 0.997157 -0.068916 0.000000 0.000000 0.000000 0.000000 1.000000
0.993613 -0.020465 0.110966 0.000000 0.108485 -0.097233 -0.989331 2.856200 0.031036 0.995051 -0.094392 0.000000 0.000000 0.000000 0.000000 1.000000
0.993609 -0.019595 0.111161 -0.000000 0.108464 -0.106874 -0.988339 2.856200 0.031246 0.994079 -0.104066 0.000000 0.000000 0.000000 0.000000 1.000000</float_array>
        <technique_common>
          <accessor source="#mixamorig_LeftHandPinky2-Matrix-animation-output-transform-array" count="32" stride="16">
            <param type="float4x4"/>
          </accessor>
        </technique_common>
      </source>
      <source id="mixamorig_LeftHandPinky2-Interpolations">
        <Name_array id="mixamorig_LeftHandPinky2-Interpolations-array" count="32">
 LINEAR LINEAR LINEAR LINEAR LINEAR LINEAR LINEAR LINEAR LINEAR LINEAR LINEAR
LINEAR LINEAR LINEAR LINEAR LINEAR LINEAR LINEAR LINEAR LINEAR LINEAR LINEAR LINEAR
LINEAR LINEAR LINEAR LINEAR LINEAR LINEAR LINEAR LINEAR LINEAR</Name_array>
        <technique_common>
          <accessor source="#mixamorig_LeftHandPinky2-Interpolations-array" count="32">
            <param type="name"/>
          </accessor>
        </technique_common>
      </source>
      <sampler id="mixamorig_LeftHandPinky2-Matrix-animation-transform">
        <input semantic="INPUT" source="#mixamorig_LeftHandPinky2-Matrix-animation-input"/>
        <input semantic="OUTPUT" source="#mixamorig_LeftHandPinky2-Matrix-animation-output-transform"/>
        <input semantic="INTERPOLATION" source="#mixamorig_LeftHandPinky2-Interpolations"/>
      </sampler>
      <channel source="#mixamorig_LeftHandPinky2-Matrix-animation-transform" target="mixamorig_LeftHandPinky2/matrix"/>
    </animation>
    <animation id="mixamorig_LeftHandPinky3-anim" name="mixamorig_LeftHandPinky3">
      <source id="mixamorig_LeftHandPinky3-Matrix-animation-input">
        <float_array id="mixamorig_LeftHandPinky3-Matrix-animation-input-array" count="32">

0.000000 0.033333 0.066667 0.100000 0.133333 0.166667 0.200000 0.233333 0.266667 0.300000 0.333333 0.366667 0.400000 0.433333 0.466667 0.500000
0.533333 0.566667 0.600000 0.633333 0.666667 0.700000 0.733333 0.766667 0.800000 0.833333 0.866667 0.900000 0.933333 0.966667 1.000000 1.033333</float_array>
        <technique_common>
          <accessor source="#mixamorig_LeftHandPinky3-Matrix-animation-input-array" count="32">
            <param name="TIME" type="float"/>
          </accessor>
        </technique_common>
      </source>
      <source id="mixamorig_LeftHandPinky3-Matrix-animation-output-transform">
        <float_array id="mixamorig_LeftHandPinky3-Matrix-animation-output-transform-array" count="512">

1.000000 0.000000 -0.000000 -0.000000 -0.000000 1.000000 -0.000000 2.868000 0.000000 0.000000 1.000000 -0.000000 0.000000 0.000000 0.000000 1.000000
1.000000 -0.000000 -0.000000 0.000000 0.000000 1.000000 0.000000 2.868000 0.000000 -0.000000 1.000000 -0.000000 0.000000 0.000000 0.000000 1.000000
1.000000 0.000000 -0.000000 -0.000000 0.000000 1.000000 -0.000000 2.868000 0.000000 0.000000 1.000000 0.000000 0.000000 0.000000 0.000000 1.000000
1.000000 0.000000 0.000000 0.000000 0.000000 1.000000 -0.000000 2.868000 -0.000000 0.000000 1.000000 0.000000 0.000000 0.000000 0.000000 1.000000
1.000000 -0.000000 -0.000000 0.000000 0.000000 1.000000 0.000000 2.868000 0.000000 -0.000000 1.000000 -0.000000 0.000000 0.000000 0.000000 1.000000
1.000000 0.000000 0.000000 -0.000000 -0.000000 1.000000 0.000000 2.868000 -0.000000 -0.000000 1.000000 0.000000 0.000000 0.000000 0.000000 1.000000
1.000000 0.000000 0.000000 -0.000000 0.000000 1.000000 -0.000000 2.868000 0.000000 0.000000 1.000000 0.000000 0.000000 0.000000 0.000000 1.000000
1.000000 -0.000000 0.000000 0.000000 -0.000000 1.000000 -0.000000 2.868000 0.000000 -0.000000 1.000000 0.000000 0.000000 0.000000 0.000000 1.000000
1.000000 0.000000 -0.000000 0.000000 0.000000 1.000000 0.000000 2.868000 -0.000000 0.000000 1.000000 0.000000 0.000000 0.000000 0.000000 1.000000
1.000000 0.000000 0.000000 -0.000000 -0.000000 1.000000 -0.000000 2.868000 0.000000 -0.000000 1.000000 0.000000 0.000000 0.000000 0.000000 1.000000
1.000000 -0.000000 -0.000000 0.000000 0.000000 1.000000 -0.000000 2.868000 0.000000 0.000000 1.000000 0.000000 0.000000 0.000000 0.000000 1.000000
1.000000 0.000000 0.000000 -0.000000 -0.000000 1.000000 -0.000000 2.868000 0.000000 -0.000000 1.000000 -0.000000 0.000000 0.000000 0.000000 1.000000
1.000000 0.000000 -0.000000 0.000000 -0.000000 1.000000 -0.000000 2.868000 0.000000 0.000000 1.000000 0.000000 0.000000 0.000000 0.000000 1.000000
1.000000 0.000000 0.000000 0.000000 -0.000000 1.000000 -0.000000 2.868000 0.000000 0.000000 1.000000 0.000000 0.000000 0.000000 0.000000 1.000000
1.000000 0.000000 0.000000 0.000000 -0.000000 1.000000 0.000000 2.868000 0.000000 0.000000 1.000000 0.000000 0.000000 0.000000 0.000000 1.000000
1.000000 0.000000 -0.000000 -0.000000 -0.000000 1.000000 0.000000 2.868000 0.000000 -0.000000 1.000000 -0.000000 0.000000 0.000000 0.000000 1.000000
1.000000 -0.000000 0.000000 -0.000000 0.000000 1.000000 0.000000 2.868000 -0.000000 -0.000000 1.000000 0.000000 0.000000 0.000000 0.000000 1.000000
1.000000 0.000000 -0.000000 -0.000000 0.000000 1.000000 0.000000 2.868000 0.000000 -0.000000 1.000000 0.000000 0.000000 0.000000 0.000000 1.000000
1.000000 -0.000000 0.000000 0.000000 0.000000 1.000000 0.000000 2.868000 -0.000000 -0.000000 1.000000 0.000000 0.000000 0.000000 0.000000 1.000000
1.000000 -0.000000 -0.000000 -0.000000 0.000000 1.000000 -0.000000 2.868000 0.000000 0.000000 1.000000 0.000000 0.000000 0.000000 0.000000 1.000000
1.000000 -0.000000 0.000000 0.000000 0.000000 1.000000 -0.000000 2.868000 -0.000000 0.000000 1.000000 0.000000 0.000000 0.000000 0.000000 1.000000
1.000000 -0.000000 -0.000000 0.000000 -0.000000 1.000000 0.000000 2.868000 -0.000000 -0.000000 1.000000 0.000000 0.000000 0.000000 0.000000 1.000000
1.000000 0.000000 -0.000000 -0.000000 -0.000000 1.000000 0.000000 2.868000 0.000000 -0.000000 1.000000 -0.000000 0.000000 0.000000 0.000000 1.000000
1.000000 0.000000 -0.000000 0.000000 -0.000000 1.000000 0.000000 2.868000 0.000000 -0.000000 1.000000 -0.000000 0.000000 0.000000 0.000000 1.000000
1.000000 0.000000 -0.000000 0.000000 0.000000 1.000000 0.000000 2.868000 0.000000 0.000000 1.000000 -0.000000 0.000000 0.000000 0.000000 1.000000
1.000000 0.000000 -0.000000 0.000000 -0.000000 1.000000 -0.000000 2.868000 0.000000 0.000000 1.000000 0.000000 0.000000 0.000000 0.000000 1.000000
1.000000 -0.000000 -0.000000 0.000000 0.000000 1.000000 0.000000 2.868000 -0.000000 0.000000 1.000000 0.000000 0.000000 0.000000 0.000000 1.000000
1.000000 0.000000 0.000000 0.000000 -0.000000 1.000000 0.000000 2.868000 -0.000000 -0.000000 1.000000 0.000000 0.000000 0.000000 0.000000 1.000000
1.000000 0.000000 0.000000 0.000000 -0.000000 1.000000 -0.000000 2.868000 -0.000000 0.000000 1.000000 -0.000000 0.000000 0.000000 0.000000 1.000000
1.000000 0.000000 0.000000 -0.000000 0.000000 1.000000 -0.000000 2.868000 0.000000 -0.000000 1.000000 -0.000000 0.000000 0.000000 0.000000 1.000000
1.000000 0.000000 0.000000 0.000000 -0.000000 1.000000 0.000000 2.868000 -0.000000 0.000000 1.000000 0.000000 0.000000 0.000000 0.000000 1.000000
1.000000 -0.000000 -0.000000 -0.000000 0.000000 1.000000 0.000000 2.868000 -0.000000 0.000000 1.000000 0.000000 0.000000 0.000000 0.000000 1.000000</float_array>
        <technique_common>
          <accessor source="#mixamorig_LeftHandPinky3-Matrix-animation-output-transform-array" count="32" stride="16">
            <param type="float4x4"/>
          </accessor>
        </technique_common>
      </source>
      <source id="mixamorig_LeftHandPinky3-Interpolations">
        <Name_array id="mixamorig_LeftHandPinky3-Interpolations-array" count="32">
 LINEAR LINEAR LINEAR LINEAR LINEAR LINEAR LINEAR LINEAR LINEAR LINEAR LINEAR
LINEAR LINEAR LINEAR LINEAR LINEAR LINEAR LINEAR LINEAR LINEAR LINEAR LINEAR LINEAR
LINEAR LINEAR LINEAR LINEAR LINEAR LINEAR LINEAR LINEAR LINEAR</Name_array>
        <technique_common>
          <accessor source="#mixamorig_LeftHandPinky3-Interpolations-array" count="32">
            <param type="name"/>
          </accessor>
        </technique_common>
      </source>
      <sampler id="mixamorig_LeftHandPinky3-Matrix-animation-transform">
        <input semantic="INPUT" source="#mixamorig_LeftHandPinky3-Matrix-animation-input"/>
        <input semantic="OUTPUT" source="#mixamorig_LeftHandPinky3-Matrix-animation-output-transform"/>
        <input semantic="INTERPOLATION" source="#mixamorig_LeftHandPinky3-Interpolations"/>
      </sampler>
      <channel source="#mixamorig_LeftHandPinky3-Matrix-animation-transform" target="mixamorig_LeftHandPinky3/matrix"/>
    </animation>
    <animation id="mixamorig_RightShoulder-anim" name="mixamorig_RightShoulder">
      <source id="mixamorig_RightShoulder-Matrix-animation-input">
        <float_array id="mixamorig_RightShoulder-Matrix-animation-input-array" count="32">

0.000000 0.033333 0.066667 0.100000 0.133333 0.166667 0.200000 0.233333 0.266667 0.300000 0.333333 0.366667 0.400000 0.433333 0.466667 0.500000
0.533333 0.566667 0.600000 0.633333 0.666667 0.700000 0.733333 0.766667 0.800000 0.833333 0.866667 0.900000 0.933333 0.966667 1.000000 1.033333</float_array>
        <technique_common>
          <accessor source="#mixamorig_RightShoulder-Matrix-animation-input-array" count="32">
            <param name="TIME" type="float"/>
          </accessor>
        </technique_common>
      </source>
      <source id="mixamorig_RightShoulder-Matrix-animation-output-transform">
        <float_array id="mixamorig_RightShoulder-Matrix-animation-output-transform-array" count="512">

-0.172910 -0.968020 0.181765 -4.217400 -0.079959 -0.170140 -0.982171 16.561300 0.981687 -0.184361 -0.047983 -4.061100 0.000000 0.000000 0.000000 1.000000
-0.160573 -0.972545 0.168443 -4.217400 -0.074508 -0.158227 -0.984588 16.561300 0.984208 -0.170649 -0.047055 -4.061100 0.000000 0.000000 0.000000 1.000000
-0.154257 -0.976876 0.148050 -4.217400 -0.068636 -0.138887 -0.987927 16.561300 0.985644 -0.162556 -0.045625 -4.061100 0.000000 0.000000 0.000000 1.000000
-0.147179 -0.980449 0.130603 -4.217400 -0.063471 -0.122407 -0.990448 16.561300 0.987071 -0.154063 -0.044214 -4.061100 0.000000 0.000000 0.000000 1.000000
-0.139144 -0.982723 0.122044 -4.217400 -0.060274 -0.114609 -0.991580 16.561300 0.988436 -0.145329 -0.043285 -4.061100 0.000000 0.000000 0.000000 1.000000
-0.133172 -0.985132 0.108534 -4.217400 -0.056384 -0.101801 -0.993206 16.561300 0.989488 -0.138387 -0.041988 -4.061100 0.000000 0.000000 0.000000 1.000000
-0.128981 -0.987051 0.095362 -4.217400 -0.052910 -0.089179 -0.994609 16.561300 0.990235 -0.133331 -0.040723 -4.061100 0.000000 0.000000 0.000000 1.000000
-0.122213 -0.989640 0.075338 -4.217400 -0.047696 -0.069963 -0.996409 16.561300 0.991357 -0.125368 -0.038651 -4.061100 0.000000 0.000000 0.000000 1.000000
-0.126643 -0.989976 0.062522 -4.217400 -0.045538 -0.057161 -0.997326 16.561300 0.990902 -0.129152 -0.037843 -4.061100 0.000000 0.000000 0.000000 1.000000
-0.138601 -0.988344 0.062970 -4.217400 -0.047128 -0.056929 -0.997265 16.561300 0.989226 -0.141190 -0.038689 -4.061100 0.000000 0.000000 0.000000 1.000000
-0.144790 -0.985642 0.086864 -4.217400 -0.053231 -0.079903 -0.995380 16.561300 0.988030 -0.148745 -0.040898 -4.061100 0.000000 0.000000 0.000000 1.000000
-0.148921 -0.983079 0.106672 -4.217400 -0.058278 -0.098962 -0.993383 16.561300 0.987130 -0.154152 -0.042554 -4.061100 0.000000 0.000000 0.000000 1.000000
-0.158554 -0.982940 0.093217 -4.217400 -0.056536 -0.085218 -0.994757 16.561300 0.985730 -0.162993 -0.042060 -4.061100 0.000000 0.000000 0.000000 1.000000
-0.164895 -0.980188 0.109727 -4.217400 -0.061280 -0.100854 -0.993012 16.561300 0.984406 -0.170467 -0.043435 -4.061100 0.000000 0.000000 0.000000 1.000000
-0.164062 -0.977166 0.135020 -4.217400 -0.067133 -0.125497 -0.989820 16.561300 0.984163 -0.171456 -0.045011 -4.061100 0.000000 0.000000 0.000000 1.000000
-0.175445 -0.972147 0.155400 -4.217400 -0.073877 -0.144403 -0.986757 16.561300 0.981713 -0.184602 -0.046485 -4.061100 0.000000 0.000000 0.000000 1.000000
-0.194609 -0.964074 0.180800 -4.217400 -0.083517 -0.167369 -0.982351 16.561300 0.977319 -0.206274 -0.047945 -4.061100 0.000000 0.000000 0.000000 1.000000
-0.209088 -0.957809 0.197192 -4.217400 -0.090402 -0.181853 -0.979161 16.561300 0.973709 -0.222558 -0.048565 -4.061100 0.000000 0.000000 0.000000 1.000000
-0.205541 -0.952864 0.223168 -4.217400 -0.096646 -0.207159 -0.973522 16.561300 0.973865 -0.221667 -0.049510 -4.061100 0.000000 0.000000 0.000000 1.000000
-0.213439 -0.952123 0.218874 -4.217400 -0.097021 -0.202272 -0.974512 16.561300 0.972127 -0.229234 -0.049203 -4.061100 0.000000 0.000000 0.000000 1.000000
-0.216265 -0.949612 0.226861 -4.217400 -0.099737 -0.209656 -0.972675 16.561300 0.971227 -0.232982 -0.049370 -4.061100 0.000000 0.000000 0.000000 1.000000
-0.218209 -0.950186 0.222558 -4.217400 -0.098923 -0.205343 -0.973678 16.561300 0.970875 -0.234481 -0.049188 -4.061100 0.000000 0.000000 0.000000 1.000000
-0.232431 -0.947199 0.220885 -4.217400 -0.101188 -0.202322 -0.974077 16.561300 0.967335 -0.248757 -0.048820 -4.061100 0.000000 0.000000 0.000000 1.000000
-0.239380 -0.945054 0.222645 -4.217400 -0.103000 -0.203300 -0.973684 16.561300 0.965447 -0.256013 -0.048674 -4.061100 0.000000 0.000000 0.000000 1.000000
-0.248318 -0.943401 0.219848 -4.217400 -0.103873 -0.199715 -0.974333 16.561300 0.963093 -0.264781 -0.048401 -4.061100 0.000000 0.000000 0.000000 1.000000
-0.255170 -0.940559 0.224136 -4.217400 -0.106402 -0.203087 -0.973362 16.561300 0.961024 -0.272222 -0.048256 -4.061100 0.000000 0.000000 0.000000 1.000000
-0.241372 -0.943671 0.226330 -4.217400 -0.104368 -0.206630 -0.972837 16.561300 0.964804 -0.258437 -0.048614 -4.061100 0.000000 0.000000 0.000000 1.000000
-0.217831 -0.948173 0.231340 -4.217400 -0.101198 -0.213811 -0.971619 16.561300 0.970726 -0.235060 -0.049379 -4.061100 0.000000 0.000000 0.000000 1.000000
-0.202415 -0.951105 0.233295 -4.217400 -0.098705 -0.217199 -0.971124 16.561300 0.974313 -0.219598 -0.049914 -4.061100 0.000000 0.000000 0.000000 1.000000
-0.195487 -0.954485 0.225260 -4.217400 -0.095214 -0.210135 -0.973025 16.561300 0.976073 -0.211662 -0.049802 -4.061100 0.000000 0.000000 0.000000 1.000000
-0.183102 -0.960589 0.209146 -4.217400 -0.088686 -0.195735 -0.976638 16.561300 0.979085 -0.197373 -0.049352 -4.061100 0.000000 0.000000 0.000000 1.000000
-0.172911 -0.968020 0.181765 -4.217400 -0.079959 -0.170140 -0.982171 16.561300 0.981687 -0.184362 -0.047982 -4.061100 0.000000 0.000000 0.000000 1.000000</float_array>
        <technique_common>
          <accessor source="#mixamorig_RightShoulder-Matrix-animation-output-transform-array" count="32" stride="16">
            <param type="float4x4"/>
          </accessor>
        </technique_common>
      </source>
      <source id="mixamorig_RightShoulder-Interpolations">
        <Name_array id="mixamorig_RightShoulder-Interpolations-array" count="32">
 LINEAR LINEAR LINEAR LINEAR LINEAR LINEAR LINEAR LINEAR LINEAR LINEAR LINEAR
LINEAR LINEAR LINEAR LINEAR LINEAR LINEAR LINEAR LINEAR LINEAR LINEAR LINEAR LINEAR
LINEAR LINEAR LINEAR LINEAR LINEAR LINEAR LINEAR LINEAR LINEAR</Name_array>
        <technique_common>
          <accessor source="#mixamorig_RightShoulder-Interpolations-array" count="32">
            <param type="name"/>
          </accessor>
        </technique_common>
      </source>
      <sampler id="mixamorig_RightShoulder-Matrix-animation-transform">
        <input semantic="INPUT" source="#mixamorig_RightShoulder-Matrix-animation-input"/>
        <input semantic="OUTPUT" source="#mixamorig_RightShoulder-Matrix-animation-output-transform"/>
        <input semantic="INTERPOLATION" source="#mixamorig_RightShoulder-Interpolations"/>
      </sampler>
      <channel source="#mixamorig_RightShoulder-Matrix-animation-transform" target="mixamorig_RightShoulder/matrix"/>
    </animation>
    <animation id="mixamorig_RightArm-anim" name="mixamorig_RightArm">
      <source id="mixamorig_RightArm-Matrix-animation-input">
        <float_array id="mixamorig_RightArm-Matrix-animation-input-array" count="32">

0.000000 0.033333 0.066667 0.100000 0.133333 0.166667 0.200000 0.233333 0.266667 0.300000 0.333333 0.366667 0.400000 0.433333 0.466667 0.500000
0.533333 0.566667 0.600000 0.633333 0.666667 0.700000 0.733333 0.766667 0.800000 0.833333 0.866667 0.900000 0.933333 0.966667 1.000000 1.033333</float_array>
        <technique_common>
          <accessor source="#mixamorig_RightArm-Matrix-animation-input-array" count="32">
            <param name="TIME" type="float"/>
          </accessor>
        </technique_common>
      </source>
      <source id="mixamorig_RightArm-Matrix-animation-output-transform">
        <float_array id="mixamorig_RightArm-Matrix-animation-output-transform-array" count="512">

0.998405 -0.056317 -0.003859 0.000000 0.023340 0.474084 -0.880170 5.607700 0.051398 0.878677 0.474642 0.000000 0.000000 0.000000 0.000000 1.000000
0.997416 -0.042263 0.058097 0.000000 0.071157 0.469682 -0.879963 5.607700 0.009903 0.881823 0.471476 -0.000000 0.000000 0.000000 0.000000 1.000000
0.997355 0.037582 0.062217 0.000000 0.037445 0.467989 -0.882941 5.607700 -0.062299 0.882935 0.465344 0.000000 0.000000 0.000000 0.000000 1.000000
0.990065 0.132026 0.048386 0.000000 -0.019061 0.466947 -0.884080 5.607700 -0.139316 0.874374 0.464824 -0.000000 0.000000 0.000000 0.000000 1.000000
0.972427 0.232940 0.011118 0.000000 -0.100647 0.462210 -0.881040 5.607700 -0.210369 0.855629 0.472911 0.000000 0.000000 0.000000 0.000000 1.000000
0.945018 0.324971 -0.036534 -0.000000 -0.184780 0.438459 -0.879551 5.607700 -0.269810 0.837943 0.474400 0.000000 0.000000 0.000000 0.000000 1.000000
0.915675 0.393456 -0.082046 0.000000 -0.254024 0.408351 -0.876768 5.607700 -0.311466 0.823676 0.473864 0.000000 0.000000 0.000000 0.000000 1.000000
0.903074 0.413516 -0.116025 0.000000 -0.288387 0.383654 -0.877293 5.607700 -0.318261 0.825721 0.465721 0.000000 0.000000 0.000000 0.000000 1.000000
0.908702 0.392360 -0.142528 0.000000 -0.299013 0.373532 -0.878103 5.607700 -0.291294 0.840552 0.456750 0.000000 0.000000 0.000000 0.000000 1.000000
0.925584 0.339240 -0.167960 -0.000000 -0.295357 0.369681 -0.880965 5.607700 -0.236767 0.865016 0.442368 0.000000 0.000000 0.000000 0.000000 1.000000
0.948337 0.255128 -0.188590 0.000000 -0.278555 0.385022 -0.879866 5.607700 -0.151867 0.886943 0.436198 0.000000 0.000000 0.000000 0.000000 1.000000
0.963688 0.165669 -0.209427 0.000000 -0.259135 0.390878 -0.883212 5.607700 -0.064461 0.905411 0.419614 0.000000 0.000000 0.000000 0.000000 1.000000
0.966746 0.098506 -0.236006 0.000000 -0.255672 0.351279 -0.900686 5.607700 -0.005819 0.931075 0.364782 0.000000 0.000000 0.000000 0.000000 1.000000
0.966502 0.046736 -0.252369 0.000000 -0.253056 0.337727 -0.906589 5.607700 0.042862 0.940083 0.338240 -0.000000 0.000000 0.000000 0.000000 1.000000
0.968273 0.002073 -0.249886 0.000000 -0.235570 0.341266 -0.909969 5.607700 0.083391 0.939964 0.330927 0.000000 0.000000 0.000000 0.000000 1.000000
0.971715 -0.015619 -0.235640 0.000000 -0.216073 0.343868 -0.913820 5.607700 0.095301 0.938888 0.330766 0.000000 0.000000 0.000000 0.000000 1.000000
0.977731 -0.016434 -0.209217 -0.000000 -0.189745 0.356696 -0.914749 5.607700 0.089660 0.934076 0.345634 -0.000000 0.000000 0.000000 0.000000 1.000000
0.982334 -0.024480 -0.185526 0.000000 -0.163226 0.372778 -0.913451 5.607700 0.091522 0.927598 0.362197 0.000000 0.000000 0.000000 0.000000 1.000000
0.983068 -0.082436 -0.163650 0.000000 -0.116114 0.410648 -0.904370 5.607700 0.141755 0.908060 0.394123 0.000000 0.000000 0.000000 0.000000 1.000000
0.980358 -0.108076 -0.164977 0.000000 -0.104187 0.426454 -0.898489 5.607700 0.167460 0.898029 0.406817 -0.000000 0.000000 0.000000 0.000000 1.000000
0.973144 -0.151028 -0.173725 0.000000 -0.090254 0.443933 -0.891503 5.607700 0.211764 0.883241 0.418380 0.000000 0.000000 0.000000 0.000000 1.000000
0.961494 -0.202559 -0.185740 0.000000 -0.078124 0.446514 -0.891360 5.607700 0.263488 0.871548 0.413495 -0.000000 0.000000 0.000000 0.000000 1.000000
0.946529 -0.258673 -0.192799 0.000000 -0.057005 0.454106 -0.889122 5.607700 0.317543 0.852570 0.415079 0.000000 0.000000 0.000000 0.000000 1.000000
0.931616 -0.310542 -0.188826 0.000000 -0.027203 0.458510 -0.888273 5.607700 0.362425 0.832666 0.418708 -0.000000 0.000000 0.000000 0.000000 1.000000
0.925488 -0.334950 -0.176864 0.000000 -0.007716 0.450165 -0.892912 5.607700 0.378699 0.827744 0.414037 0.000000 0.000000 0.000000 0.000000 1.000000
0.917687 -0.357774 -0.172767 0.000000 0.009467 0.454417 -0.890739 5.607700 0.397192 0.815783 0.420400 0.000000 0.000000 0.000000 0.000000 1.000000
0.921670 -0.356799 -0.152375 0.000000 0.032033 0.461387 -0.886620 5.607700 0.386649 0.812291 0.436676 0.000000 0.000000 0.000000 0.000000 1.000000
0.936832 -0.332302 -0.109181 -0.000000 0.061647 0.464121 -0.883624 5.607700 0.344303 0.821077 0.455289 -0.000000 0.000000 0.000000 0.000000 1.000000
0.955979 -0.280706 -0.085489 -0.000000 0.059304 0.470153 -0.880590 5.607700 0.287380 0.836756 0.466103 0.000000 0.000000 0.000000 0.000000 1.000000
0.971988 -0.212135 -0.101184 0.000000 0.011363 0.472428 -0.881296 5.607700 0.234756 0.855459 0.461605 0.000000 0.000000 0.000000 0.000000 1.000000
0.985058 -0.144257 -0.094077 0.000000 -0.014625 0.474211 -0.880290 5.607700 0.171601 0.868512 0.465016 -0.000000 0.000000 0.000000 0.000000 1.000000
0.998405 -0.056318 -0.003859 0.000000 0.023340 0.474084 -0.880170 5.607700 0.051399 0.878677 0.474642 0.000000 0.000000 0.000000 0.000000 1.000000</float_array>
        <technique_common>
          <accessor source="#mixamorig_RightArm-Matrix-animation-output-transform-array" count="32" stride="16">
            <param type="float4x4"/>
          </accessor>
        </technique_common>
      </source>
      <source id="mixamorig_RightArm-Interpolations">
        <Name_array id="mixamorig_RightArm-Interpolations-array" count="32">
 LINEAR LINEAR LINEAR LINEAR LINEAR LINEAR LINEAR LINEAR LINEAR LINEAR LINEAR
LINEAR LINEAR LINEAR LINEAR LINEAR LINEAR LINEAR LINEAR LINEAR LINEAR LINEAR LINEAR
LINEAR LINEAR LINEAR LINEAR LINEAR LINEAR LINEAR LINEAR LINEAR</Name_array>
        <technique_common>
          <accessor source="#mixamorig_RightArm-Interpolations-array" count="32">
            <param type="name"/>
          </accessor>
        </technique_common>
      </source>
      <sampler id="mixamorig_RightArm-Matrix-animation-transform">
        <input semantic="INPUT" source="#mixamorig_RightArm-Matrix-animation-input"/>
        <input semantic="OUTPUT" source="#mixamorig_RightArm-Matrix-animation-output-transform"/>
        <input semantic="INTERPOLATION" source="#mixamorig_RightArm-Interpolations"/>
      </sampler>
      <channel source="#mixamorig_RightArm-Matrix-animation-transform" target="mixamorig_RightArm/matrix"/>
    </animation>
    <animation id="mixamorig_RightForeArm-anim" name="mixamorig_RightForeArm">
      <source id="mixamorig_RightForeArm-Matrix-animation-input">
        <float_array id="mixamorig_RightForeArm-Matrix-animation-input-array" count="32">

0.000000 0.033333 0.066667 0.100000 0.133333 0.166667 0.200000 0.233333 0.266667 0.300000 0.333333 0.366667 0.400000 0.433333 0.466667 0.500000
0.533333 0.566667 0.600000 0.633333 0.666667 0.700000 0.733333 0.766667 0.800000 0.833333 0.866667 0.900000 0.933333 0.966667 1.000000 1.033333</float_array>
        <technique_common>
          <accessor source="#mixamorig_RightForeArm-Matrix-animation-input-array" count="32">
            <param name="TIME" type="float"/>
          </accessor>
        </technique_common>
      </source>
      <source id="mixamorig_RightForeArm-Matrix-animation-output-transform">
        <float_array id="mixamorig_RightForeArm-Matrix-animation-output-transform-array" count="512">

0.888800 0.365968 -0.275866 0.000000 -0.419799 0.891611 -0.169704 21.869200 0.183859 0.266641 0.946096 0.000000 0.000000 0.000000 0.000000 1.000000
0.815117 0.515053 -0.265150 0.000000 -0.567312 0.802349 -0.185452 21.869200 0.117226 0.301588 0.946204 -0.000000 0.000000 0.000000 0.000000 1.000000
0.771191 0.580011 -0.262396 0.000000 -0.631164 0.750399 -0.196300 21.869200 0.083045 0.317000 0.944783 0.000000 0.000000 0.000000 0.000000 1.000000
0.749490 0.613487 -0.248794 0.000000 -0.658856 0.727909 -0.189887 21.869200 0.064606 0.306238 0.949760 0.000000 0.000000 0.000000 0.000000 1.000000
0.741049 0.633454 -0.222671 0.000000 -0.668304 0.727907 -0.153369 21.869200 0.064932 0.262466 0.962754 0.000000 0.000000 0.000000 0.000000 1.000000
0.755472 0.628544 -0.184916 0.000000 -0.651208 0.751397 -0.106446 21.869200 0.072039 0.200836 0.976973 0.000000 0.000000 0.000000 0.000000 1.000000
0.776850 0.611459 -0.150408 0.000000 -0.624560 0.778638 -0.060397 21.869200 0.080183 0.140858 0.986777 0.000000 0.000000 0.000000 0.000000 1.000000
0.775048 0.618765 -0.128183 0.000000 -0.625947 0.779567 -0.021610 21.869200 0.086556 0.096985 0.991515 -0.000000 0.000000 0.000000 0.000000 1.000000
0.733929 0.667447 -0.125947 0.000000 -0.671983 0.740518 0.008486 21.869200 0.098930 0.078406 0.992001 -0.000000 0.000000 0.000000 0.000000 1.000000
0.679101 0.721581 -0.134695 -0.000000 -0.724365 0.688469 0.036149 21.869200 0.118818 0.073020 0.990227 0.000000 0.000000 0.000000 0.000000 1.000000
0.613543 0.776999 -0.140847 0.000000 -0.776457 0.626091 0.071582 21.869200 0.143802 0.065443 0.987440 0.000000 0.000000 0.000000 0.000000 1.000000
0.563279 0.814967 -0.136183 -0.000000 -0.808913 0.577509 0.110194 21.869200 0.168451 0.048090 0.984536 0.000000 0.000000 0.000000 0.000000 1.000000
0.588244 0.797600 -0.133431 0.000000 -0.785558 0.602766 0.139900 21.869200 0.192012 0.022523 0.981134 0.000000 0.000000 0.000000 0.000000 1.000000
0.642371 0.752180 -0.146918 -0.000000 -0.734336 0.658949 0.162901 21.869200 0.219342 0.003244 0.975643 0.000000 0.000000 0.000000 0.000000 1.000000
0.708406 0.684318 -0.172828 0.000000 -0.663281 0.729169 0.168438 21.869200 0.241286 -0.004689 0.970443 0.000000 0.000000 0.000000 0.000000 1.000000
0.792394 0.574030 -0.206400 0.000000 -0.555262 0.818834 0.145586 21.869200 0.252578 -0.000755 0.967576 -0.000000 0.000000 0.000000 0.000000 1.000000
0.861871 0.452761 -0.228442 -0.000000 -0.439843 0.891599 0.107656 21.869200 0.252421 0.007693 0.967587 -0.000000 0.000000 0.000000 0.000000 1.000000
0.907866 0.343653 -0.240172 -0.000000 -0.338538 0.938801 0.063600 21.869200 0.247330 0.023568 0.968645 0.000000 0.000000 0.000000 0.000000 1.000000
0.912962 0.321730 -0.250979 0.000000 -0.322794 0.945702 0.038098 21.869200 0.249609 0.046232 0.967243 0.000000 0.000000 0.000000 0.000000 1.000000
0.926247 0.258175 -0.274613 0.000000 -0.271476 0.962384 -0.010887 21.869200 0.261472 0.084635 0.961493 -0.000000 0.000000 0.000000 0.000000 1.000000
0.920745 0.242212 -0.305880 -0.000000 -0.261573 0.964902 -0.023313 21.869200 0.289498 0.101476 0.951785 0.000000 0.000000 0.000000 0.000000 1.000000
0.907518 0.249858 -0.337611 0.000000 -0.272175 0.962048 -0.019632 21.869200 0.319893 0.109706 0.941081 0.000000 0.000000 0.000000 0.000000 1.000000
0.878373 0.302449 -0.370116 -0.000000 -0.326791 0.945091 -0.003248 21.869200 0.348811 0.123804 0.928980 -0.000000 0.000000 0.000000 0.000000 1.000000
0.856253 0.344213 -0.385160 0.000000 -0.368479 0.929564 0.011571 21.869200 0.362014 0.132016 0.922777 -0.000000 0.000000 0.000000 0.000000 1.000000
0.857827 0.339787 -0.385588 0.000000 -0.360439 0.932570 0.019920 21.869200 0.366356 0.121893 0.922456 -0.000000 0.000000 0.000000 0.000000 1.000000
0.843478 0.373320 -0.386235 0.000000 -0.391256 0.919637 0.034443 21.869200 0.368054 0.122065 0.921757 0.000000 0.000000 0.000000 0.000000 1.000000
0.837971 0.391048 -0.380639 0.000000 -0.413802 0.910051 0.023959 21.869200 0.355770 0.137433 0.924413 0.000000 0.000000 0.000000 0.000000 1.000000
0.841339 0.401104 -0.362305 0.000000 -0.430385 0.902645 -0.000124 21.869200 0.326983 0.156035 0.932060 -0.000000 0.000000 0.000000 0.000000 1.000000
0.846071 0.406235 -0.345163 0.000000 -0.439291 0.898127 -0.019762 21.869200 0.301972 0.168347 0.938335 -0.000000 0.000000 0.000000 0.000000 1.000000
0.850140 0.406782 -0.334350 0.000000 -0.441263 0.896847 -0.030849 21.869200 0.287312 0.173762 0.941944 0.000000 0.000000 0.000000 0.000000 1.000000
0.858322 0.403701 -0.316716 0.000000 -0.445191 0.892814 -0.068474 21.869200 0.255125 0.199772 0.946046 0.000000 0.000000 0.000000 0.000000 1.000000
0.888800 0.365968 -0.275866 0.000000 -0.419798 0.891611 -0.169704 21.869200 0.183859 0.266641 0.946096 0.000000 0.000000 0.000000 0.000000 1.000000</float_array>
        <technique_common>
          <accessor source="#mixamorig_RightForeArm-Matrix-animation-output-transform-array" count="32" stride="16">
            <param type="float4x4"/>
          </accessor>
        </technique_common>
      </source>
      <source id="mixamorig_RightForeArm-Interpolations">
        <Name_array id="mixamorig_RightForeArm-Interpolations-array" count="32">
 LINEAR LINEAR LINEAR LINEAR LINEAR LINEAR LINEAR LINEAR LINEAR LINEAR LINEAR
LINEAR LINEAR LINEAR LINEAR LINEAR LINEAR LINEAR LINEAR LINEAR LINEAR LINEAR LINEAR
LINEAR LINEAR LINEAR LINEAR LINEAR LINEAR LINEAR LINEAR LINEAR</Name_array>
        <technique_common>
          <accessor source="#mixamorig_RightForeArm-Interpolations-array" count="32">
            <param type="name"/>
          </accessor>
        </technique_common>
      </source>
      <sampler id="mixamorig_RightForeArm-Matrix-animation-transform">
        <input semantic="INPUT" source="#mixamorig_RightForeArm-Matrix-animation-input"/>
        <input semantic="OUTPUT" source="#mixamorig_RightForeArm-Matrix-animation-output-transform"/>
        <input semantic="INTERPOLATION" source="#mixamorig_RightForeArm-Interpolations"/>
      </sampler>
      <channel source="#mixamorig_RightForeArm-Matrix-animation-transform" target="mixamorig_RightForeArm/matrix"/>
    </animation>
    <animation id="mixamorig_RightHand-anim" name="mixamorig_RightHand">
      <source id="mixamorig_RightHand-Matrix-animation-input">
        <float_array id="mixamorig_RightHand-Matrix-animation-input-array" count="32">

0.000000 0.033333 0.066667 0.100000 0.133333 0.166667 0.200000 0.233333 0.266667 0.300000 0.333333 0.366667 0.400000 0.433333 0.466667 0.500000
0.533333 0.566667 0.600000 0.633333 0.666667 0.700000 0.733333 0.766667 0.800000 0.833333 0.866667 0.900000 0.933333 0.966667 1.000000 1.033333</float_array>
        <technique_common>
          <accessor source="#mixamorig_RightHand-Matrix-animation-input-array" count="32">
            <param name="TIME" type="float"/>
          </accessor>
        </technique_common>
      </source>
      <source id="mixamorig_RightHand-Matrix-animation-output-transform">
        <float_array id="mixamorig_RightHand-Matrix-animation-output-transform-array" count="512">

0.922966 0.103246 -0.370776 -0.000000 -0.060419 0.990271 0.125352 23.865299 0.380110 -0.093294 0.920224 0.000000 0.000000 0.000000 0.000000 1.000000
0.904826 -0.005854 -0.425742 0.000000 0.042403 0.996173 0.076423 23.865299 0.423665 -0.087202 0.901612 0.000000 0.000000 0.000000 0.000000 1.000000
0.903497 -0.079385 -0.421177 0.000000 0.116978 0.991061 0.064140 23.865299 0.412321 -0.107218 0.904707 0.000000 0.000000 0.000000 0.000000 1.000000
0.904486 -0.120895 -0.409010 0.000000 0.163355 0.984054 0.070377 23.865299 0.393979 -0.130468 0.909812 0.000000 0.000000 0.000000 0.000000 1.000000
0.916637 -0.125328 -0.379564 0.000000 0.175049 0.979538 0.099308 23.865299 0.359352 -0.157472 0.919820 -0.000000 0.000000 0.000000 0.000000 1.000000
0.931402 -0.082793 -0.354452 0.000000 0.145389 0.977355 0.153752 23.865299 0.333696 -0.194738 0.922347 0.000000 0.000000 0.000000 0.000000 1.000000
0.943855 -0.008749 -0.330245 -0.000000 0.088060 0.970144 0.225978 23.865299 0.318409 -0.242372 0.916445 0.000000 0.000000 0.000000 0.000000 1.000000
0.949859 0.066495 -0.305527 0.000000 0.030252 0.952999 0.301460 23.865299 0.311213 -0.295587 0.903203 0.000000 0.000000 0.000000 0.000000 1.000000
0.950811 0.117784 -0.286504 0.000000 -0.004909 0.930504 0.366248 23.865299 0.309732 -0.346826 0.885312 -0.000000 0.000000 0.000000 0.000000 1.000000
0.949461 0.151521 -0.274892 0.000000 -0.030351 0.915985 0.400063 23.865299 0.312415 -0.371501 0.874291 0.000000 0.000000 0.000000 0.000000 1.000000
0.951431 0.157744 -0.264379 0.000000 -0.039924 0.914724 0.402102 23.865299 0.305263 -0.372017 0.876594 0.000000 0.000000 0.000000 0.000000 1.000000
0.951607 0.167839 -0.257439 0.000000 -0.055408 0.917667 0.393468 23.865299 0.302283 -0.360162 0.882558 0.000000 0.000000 0.000000 0.000000 1.000000
0.947275 0.208646 -0.243183 0.000000 -0.102406 0.916274 0.387240 23.865299 0.303618 -0.341920 0.889330 0.000000 0.000000 0.000000 0.000000 1.000000
0.945899 0.241275 -0.216937 0.000000 -0.147952 0.915787 0.373422 23.865299 0.288765 -0.321123 0.901939 0.000000 0.000000 0.000000 0.000000 1.000000
0.945476 0.265056 -0.189262 -0.000000 -0.186217 0.916697 0.353540 23.865299 0.267204 -0.299019 0.916073 0.000000 0.000000 0.000000 0.000000 1.000000
0.940669 0.294117 -0.169226 0.000000 -0.226290 0.915357 0.333037 23.865299 0.252854 -0.274983 0.927604 -0.000000 0.000000 0.000000 0.000000 1.000000
0.936304 0.312486 -0.160275 -0.000000 -0.254032 0.917747 0.305299 23.865299 0.242493 -0.245138 0.938672 0.000000 0.000000 0.000000 0.000000 1.000000
0.938377 0.314827 -0.142595 0.000000 -0.267330 0.922668 0.277882 23.865299 0.219053 -0.222638 0.949973 0.000000 0.000000 0.000000 0.000000 1.000000
0.952443 0.281377 -0.116962 -0.000000 -0.247771 0.938557 0.240252 23.865299 0.177377 -0.199847 0.963638 0.000000 0.000000 0.000000 0.000000 1.000000
0.957265 0.274330 -0.091580 0.000000 -0.248838 0.942620 0.222594 23.865299 0.147390 -0.190292 0.970600 0.000000 0.000000 0.000000 0.000000 1.000000
0.967247 0.239931 -0.082862 0.000000 -0.222314 0.958277 0.179669 23.865299 0.122513 -0.155363 0.980231 0.000000 0.000000 0.000000 0.000000 1.000000
0.977923 0.186332 -0.094586 0.000000 -0.174038 0.976790 0.124868 23.865299 0.115658 -0.105650 0.987654 -0.000000 0.000000 0.000000 0.000000 1.000000
0.987776 0.101134 -0.118615 0.000000 -0.093597 0.993320 0.067487 23.865299 0.124648 -0.055560 0.990644 0.000000 0.000000 0.000000 0.000000 1.000000
0.989918 0.023340 -0.139705 0.000000 -0.020608 0.999568 0.020970 23.865299 0.140134 -0.017880 0.989971 -0.000000 0.000000 0.000000 0.000000 1.000000
0.986636 -0.029947 -0.160164 0.000000 0.028550 0.999532 -0.011018 23.865299 0.160419 0.006298 0.987029 0.000000 0.000000 0.000000 0.000000 1.000000
0.982303 -0.093837 -0.162096 0.000000 0.087949 0.995190 -0.043141 23.865299 0.165365 0.028121 0.985831 0.000000 0.000000 0.000000 0.000000 1.000000
0.975886 -0.118752 -0.183152 0.000000 0.110750 0.992415 -0.053359 23.865299 0.188099 0.031788 0.981635 0.000000 0.000000 0.000000 0.000000 1.000000
0.965277 -0.092859 -0.244165 -0.000000 0.086058 0.995550 -0.038400 23.865299 0.246644 0.016055 0.968973 -0.000000 0.000000 0.000000 0.000000 1.000000
0.956887 -0.032327 -0.288657 0.000000 0.033930 0.999424 0.000550 23.865299 0.288473 -0.010320 0.957432 0.000000 0.000000 0.000000 0.000000 1.000000
0.959053 0.036160 -0.280910 0.000000 -0.021676 0.998278 0.054499 23.865299 0.282397 -0.046179 0.958186 0.000000 0.000000 0.000000 0.000000 1.000000
0.954989 0.084702 -0.284291 0.000000 -0.057569 0.993067 0.102491 23.865299 0.291001 -0.081511 0.953244 -0.000000 0.000000 0.000000 0.000000 1.000000
0.922966 0.103246 -0.370776 0.000000 -0.060419 0.990271 0.125352 23.865299 0.380111 -0.093294 0.920224 0.000000 0.000000 0.000000 0.000000 1.000000</float_array>
        <technique_common>
          <accessor source="#mixamorig_RightHand-Matrix-animation-output-transform-array" count="32" stride="16">
            <param type="float4x4"/>
          </accessor>
        </technique_common>
      </source>
      <source id="mixamorig_RightHand-Interpolations">
        <Name_array id="mixamorig_RightHand-Interpolations-array" count="32">
 LINEAR LINEAR LINEAR LINEAR LINEAR LINEAR LINEAR LINEAR LINEAR LINEAR LINEAR
LINEAR LINEAR LINEAR LINEAR LINEAR LINEAR LINEAR LINEAR LINEAR LINEAR LINEAR LINEAR
LINEAR LINEAR LINEAR LINEAR LINEAR LINEAR LINEAR LINEAR LINEAR</Name_array>
        <technique_common>
          <accessor source="#mixamorig_RightHand-Interpolations-array" count="32">
            <param type="name"/>
          </accessor>
        </technique_common>
      </source>
      <sampler id="mixamorig_RightHand-Matrix-animation-transform">
        <input semantic="INPUT" source="#mixamorig_RightHand-Matrix-animation-input"/>
        <input semantic="OUTPUT" source="#mixamorig_RightHand-Matrix-animation-output-transform"/>
        <input semantic="INTERPOLATION" source="#mixamorig_RightHand-Interpolations"/>
      </sampler>
      <channel source="#mixamorig_RightHand-Matrix-animation-transform" target="mixamorig_RightHand/matrix"/>
    </animation>
    <animation id="mixamorig_RightHandThumb1-anim" name="mixamorig_RightHandThumb1">
      <source id="mixamorig_RightHandThumb1-Matrix-animation-input">
        <float_array id="mixamorig_RightHandThumb1-Matrix-animation-input-array" count="32">

0.000000 0.033333 0.066667 0.100000 0.133333 0.166667 0.200000 0.233333 0.266667 0.300000 0.333333 0.366667 0.400000 0.433333 0.466667 0.500000
0.533333 0.566667 0.600000 0.633333 0.666667 0.700000 0.733333 0.766667 0.800000 0.833333 0.866667 0.900000 0.933333 0.966667 1.000000 1.033333</float_array>
        <technique_common>
          <accessor source="#mixamorig_RightHandThumb1-Matrix-animation-input-array" count="32">
            <param name="TIME" type="float"/>
          </accessor>
        </technique_common>
      </source>
      <source id="mixamorig_RightHandThumb1-Matrix-animation-output-transform">
        <float_array id="mixamorig_RightHandThumb1-Matrix-animation-output-transform-array" count="512">

0.913971 0.403567 -0.042310 3.107300 -0.392099 0.851499 -0.348150 4.377200 -0.104475 0.334789 0.936484 2.079000 0.000000 0.000000 0.000000 1.000000
0.909471 0.413100 -0.047026 3.107300 -0.401062 0.841857 -0.361146 4.377200 -0.109600 0.347312 0.931323 2.079000 0.000000 0.000000 0.000000 1.000000
0.903305 0.425702 -0.053078 3.107300 -0.413118 0.829833 -0.375113 4.377200 -0.115641 0.360769 0.925458 2.079000 0.000000 0.000000 0.000000 1.000000
0.896211 0.439541 -0.060083 3.107300 -0.426503 0.816408 -0.389324 4.377200 -0.122071 0.374542 0.919139 2.079000 0.000000 0.000000 0.000000 1.000000
0.889024 0.452857 -0.067503 3.107300 -0.439494 0.802699 -0.403137 4.377200 -0.128379 0.388066 0.912647 2.079000 0.000000 0.000000 0.000000 1.000000
0.882689 0.463993 -0.074635 3.107300 -0.450428 0.789965 -0.416017 4.377200 -0.134071 0.400831 0.906289 2.079000 0.000000 0.000000 0.000000 1.000000
0.878233 0.471386 -0.080635 3.107300 -0.457687 0.779578 -0.427529 4.377200 -0.138670 0.412376 0.900398 2.079000 0.000000 0.000000 0.000000 1.000000
0.876708 0.473530 -0.084572 3.107300 -0.459677 0.772956 -0.437305 4.377200 -0.141706 0.422265 0.895328 2.079000 0.000000 0.000000 0.000000 1.000000
0.879097 0.468914 -0.085485 3.107300 -0.454778 0.771476 -0.444973 4.377200 -0.142705 0.430051 0.891455 2.079000 0.000000 0.000000 0.000000 1.000000
0.888357 0.451933 -0.081104 3.107300 -0.437292 0.778904 -0.449538 4.377200 -0.139989 0.434817 0.889571 2.079000 0.000000 0.000000 0.000000 1.000000
0.909420 0.410447 -0.067002 3.107300 -0.395056 0.802257 -0.447564 4.377200 -0.129948 0.433493 0.891738 2.079000 0.000000 0.000000 0.000000 1.000000
0.919469 0.389015 -0.056960 3.107300 -0.372575 0.815862 -0.442218 4.377200 -0.125558 0.427827 0.895097 2.079000 0.000000 0.000000 0.000000 1.000000
0.915857 0.397763 -0.054682 3.107300 -0.380022 0.814826 -0.437770 4.377200 -0.129572 0.421715 0.897423 2.079000 0.000000 0.000000 0.000000 1.000000
0.906266 0.419179 -0.054513 3.107300 -0.399842 0.808240 -0.432289 4.377200 -0.137147 0.413566 0.900086 2.079000 0.000000 0.000000 0.000000 1.000000
0.896348 0.440368 -0.051347 3.107300 -0.418989 0.803531 -0.422830 4.377200 -0.144942 0.400517 0.904753 2.079000 0.000000 0.000000 0.000000 1.000000
0.892454 0.449376 -0.039832 3.107300 -0.425464 0.809018 -0.405548 4.377200 -0.150019 0.378880 0.913205 2.079000 0.000000 0.000000 0.000000 1.000000
0.895799 0.444175 -0.015891 3.107300 -0.417467 0.828589 -0.373043 4.377200 -0.152529 0.340806 0.927678 2.079000 0.000000 0.000000 0.000000 1.000000
0.901458 0.432720 0.011243 3.107300 -0.404468 0.851285 -0.334244 4.377200 -0.154206 0.296759 0.942419 2.079000 0.000000 0.000000 0.000000 1.000000
0.904672 0.425078 0.029606 3.107300 -0.396433 0.865111 -0.307283 4.377200 -0.156232 0.266254 0.951157 2.079000 0.000000 0.000000 0.000000 1.000000
0.902407 0.429634 0.032812 3.107300 -0.400146 0.863843 -0.306036 4.377200 -0.159828 0.263039 0.951454 2.079000 0.000000 0.000000 0.000000 1.000000
0.895912 0.443509 0.025339 3.107300 -0.412346 0.851471 -0.323988 4.377200 -0.165268 0.279817 0.945722 2.079000 0.000000 0.000000 0.000000 1.000000
0.886975 0.461703 0.010301 3.107300 -0.428878 0.831779 -0.352430 4.377200 -0.171286 0.308179 0.935781 2.079000 0.000000 0.000000 0.000000 1.000000
0.877398 0.479676 -0.009201 3.107300 -0.446100 0.808625 -0.383563 4.377200 -0.176546 0.340642 0.923469 2.079000 0.000000 0.000000 0.000000 1.000000
0.869210 0.493594 -0.028969 3.107300 -0.460593 0.787006 -0.410458 4.377200 -0.179801 0.370117 0.911419 2.079000 0.000000 0.000000 0.000000 1.000000
0.864649 0.500455 -0.043893 3.107300 -0.469074 0.772963 -0.427197 4.377200 -0.179865 0.389965 0.903093 2.079000 0.000000 0.000000 0.000000 1.000000
0.865841 0.497788 -0.050262 3.107300 -0.468651 0.771760 -0.429830 4.377200 -0.175174 0.395720 0.901510 2.079000 0.000000 0.000000 0.000000 1.000000
0.872631 0.485683 -0.051248 3.107300 -0.459798 0.781655 -0.421428 4.377200 -0.164622 0.391315 0.905412 2.079000 0.000000 0.000000 0.000000 1.000000
0.882750 0.467237 -0.049420 3.107300 -0.445183 0.798149 -0.405919 4.377200 -0.150216 0.380325 0.912572 2.079000 0.000000 0.000000 0.000000 1.000000
0.893888 0.445853 -0.046680 3.107300 -0.427679 0.816943 -0.386904 4.377200 -0.134367 0.365813 0.920938 2.079000 0.000000 0.000000 0.000000 1.000000
0.903966 0.425304 -0.044304 3.107300 -0.410527 0.834202 -0.368205 4.377200 -0.119640 0.351033 0.928689 2.079000 0.000000 0.000000 0.000000 1.000000
0.911190 0.409754 -0.042824 3.107300 -0.397374 0.846674 -0.353889 4.377200 -0.108749 0.339477 0.934306 2.079000 0.000000 0.000000 0.000000 1.000000
0.913971 0.403567 -0.042310 3.107300 -0.392099 0.851499 -0.348150 4.377200 -0.104475 0.334789 0.936484 2.079000 0.000000 0.000000 0.000000 1.000000</float_array>
        <technique_common>
          <accessor source="#mixamorig_RightHandThumb1-Matrix-animation-output-transform-array" count="32" stride="16">
            <param type="float4x4"/>
          </accessor>
        </technique_common>
      </source>
      <source id="mixamorig_RightHandThumb1-Interpolations">
        <Name_array id="mixamorig_RightHandThumb1-Interpolations-array" count="32">
 LINEAR LINEAR LINEAR LINEAR LINEAR LINEAR LINEAR LINEAR LINEAR LINEAR LINEAR
LINEAR LINEAR LINEAR LINEAR LINEAR LINEAR LINEAR LINEAR LINEAR LINEAR LINEAR LINEAR
LINEAR LINEAR LINEAR LINEAR LINEAR LINEAR LINEAR LINEAR LINEAR</Name_array>
        <technique_common>
          <accessor source="#mixamorig_RightHandThumb1-Interpolations-array" count="32">
            <param type="name"/>
          </accessor>
        </technique_common>
      </source>
      <sampler id="mixamorig_RightHandThumb1-Matrix-animation-transform">
        <input semantic="INPUT" source="#mixamorig_RightHandThumb1-Matrix-animation-input"/>
        <input semantic="OUTPUT" source="#mixamorig_RightHandThumb1-Matrix-animation-output-transform"/>
        <input semantic="INTERPOLATION" source="#mixamorig_RightHandThumb1-Interpolations"/>
      </sampler>
      <channel source="#mixamorig_RightHandThumb1-Matrix-animation-transform" target="mixamorig_RightHandThumb1/matrix"/>
    </animation>
    <animation id="mixamorig_RightHandThumb2-anim" name="mixamorig_RightHandThumb2">
      <source id="mixamorig_RightHandThumb2-Matrix-animation-input">
        <float_array id="mixamorig_RightHandThumb2-Matrix-animation-input-array" count="32">

0.000000 0.033333 0.066667 0.100000 0.133333 0.166667 0.200000 0.233333 0.266667 0.300000 0.333333 0.366667 0.400000 0.433333 0.466667 0.500000
0.533333 0.566667 0.600000 0.633333 0.666667 0.700000 0.733333 0.766667 0.800000 0.833333 0.866667 0.900000 0.933333 0.966667 1.000000 1.033333</float_array>
        <technique_common>
          <accessor source="#mixamorig_RightHandThumb2-Matrix-animation-input-array" count="32">
            <param name="TIME" type="float"/>
          </accessor>
        </technique_common>
      </source>
      <source id="mixamorig_RightHandThumb2-Matrix-animation-output-transform">
        <float_array id="mixamorig_RightHandThumb2-Matrix-animation-output-transform-array" count="512">

0.896660 -0.284611 -0.339112 0.000000 0.200838 0.944121 -0.261341 4.021500 0.394544 0.166227 0.903717 0.000000 0.000000 0.000000 0.000000 1.000000
0.903257 -0.277915 -0.326940 0.000000 0.199784 0.946676 -0.252766 4.021500 0.379753 0.162995 0.910615 0.000000 0.000000 0.000000 0.000000 1.000000
0.906965 -0.265993 -0.326592 0.000000 0.191377 0.950951 -0.243036 4.021500 0.375219 0.157923 0.913385 -0.000000 0.000000 0.000000 0.000000 1.000000
0.910472 -0.259401 -0.322104 0.000000 0.187805 0.953231 -0.236811 4.021500 0.368469 0.155117 0.916607 0.000000 0.000000 0.000000 0.000000 1.000000
0.916534 -0.260643 -0.303366 -0.000000 0.193665 0.952859 -0.233566 4.021500 0.349942 0.155320 0.923805 0.000000 0.000000 0.000000 0.000000 1.000000
0.922496 -0.262689 -0.282836 0.000000 0.200454 0.952186 -0.230563 4.021500 0.329879 0.155998 0.931045 0.000000 0.000000 0.000000 0.000000 1.000000
0.924378 -0.247829 -0.290012 0.000000 0.187391 0.957178 -0.220670 4.021500 0.332281 0.149637 0.931235 0.000000 0.000000 0.000000 0.000000 1.000000
0.918158 -0.206737 -0.338002 0.000000 0.145334 0.969347 -0.198104 4.021500 0.368596 0.132768 0.920060 0.000000 0.000000 0.000000 0.000000 1.000000
0.909363 -0.184750 -0.372727 0.000000 0.121599 0.974890 -0.186554 4.021500 0.397834 0.124322 0.908995 0.000000 0.000000 0.000000 0.000000 1.000000
0.910752 -0.200586 -0.360965 0.000000 0.135719 0.970941 -0.197113 4.021500 0.390014 0.130531 0.911510 0.000000 0.000000 0.000000 0.000000 1.000000
0.911893 -0.206367 -0.354774 0.000000 0.141250 0.969392 -0.200818 4.021500 0.385357 0.133013 0.913130 0.000000 0.000000 0.000000 0.000000 1.000000
0.903939 -0.209214 -0.372993 0.000000 0.138761 0.968465 -0.206934 4.021500 0.404524 0.135299 0.904463 0.000000 0.000000 0.000000 0.000000 1.000000
0.896989 -0.222018 -0.382255 -0.000000 0.145027 0.964665 -0.219972 4.021500 0.417586 0.141875 0.897493 0.000000 0.000000 0.000000 0.000000 1.000000
0.893591 -0.236749 -0.381373 0.000000 0.155222 0.960166 -0.232352 4.021500 0.421190 0.148430 0.894744 0.000000 0.000000 0.000000 0.000000 1.000000
0.892377 -0.251985 -0.374389 0.000000 0.167644 0.955328 -0.243402 4.021500 0.418997 0.154442 0.894756 0.000000 0.000000 0.000000 0.000000 1.000000
0.895307 -0.269960 -0.354326 0.000000 0.185886 0.949289 -0.253566 4.021500 0.404810 0.161155 0.900088 0.000000 0.000000 0.000000 0.000000 1.000000
0.901256 -0.295682 -0.316717 0.000000 0.215128 0.939867 -0.265274 4.021500 0.376109 0.170945 0.910670 0.000000 0.000000 0.000000 0.000000 1.000000
0.901732 -0.313095 -0.298080 -0.000000 0.233412 0.933005 -0.273899 4.021500 0.363867 0.177408 0.914400 0.000000 0.000000 0.000000 0.000000 1.000000
0.895818 -0.317382 -0.311094 -0.000000 0.232574 0.931284 -0.280392 4.021500 0.378708 0.178828 0.908075 -0.000000 0.000000 0.000000 0.000000 1.000000
0.891375 -0.319850 -0.321165 -0.000000 0.231041 0.930215 -0.285166 4.021500 0.389962 0.179988 0.903069 0.000000 0.000000 0.000000 0.000000 1.000000
0.888211 -0.320658 -0.329029 -0.000000 0.228902 0.929801 -0.288225 4.021500 0.398353 0.180689 0.899259 -0.000000 0.000000 0.000000 0.000000 1.000000
0.885625 -0.327449 -0.329311 -0.000000 0.233264 0.926823 -0.294258 4.021500 0.401567 0.183786 0.897199 0.000000 0.000000 0.000000 0.000000 1.000000
0.884409 -0.336618 -0.323279 -0.000000 0.241376 0.922742 -0.300474 4.021500 0.399448 0.187710 0.897333 0.000000 0.000000 0.000000 0.000000 1.000000
0.882642 -0.341766 -0.322705 0.000000 0.244939 0.920380 -0.304803 4.021500 0.401183 0.189989 0.896078 0.000000 0.000000 0.000000 0.000000 1.000000
0.875443 -0.328837 -0.354210 0.000000 0.225165 0.925965 -0.303132 4.021500 0.427668 0.185619 0.884673 0.000000 0.000000 0.000000 0.000000 1.000000
0.875663 -0.322992 -0.359015 0.000000 0.219412 0.928350 -0.300040 4.021500 0.430202 0.183962 0.883790 -0.000000 0.000000 0.000000 0.000000 1.000000
0.886276 -0.334872 -0.319963 0.000000 0.241095 0.923415 -0.298628 4.021500 0.395461 0.187525 0.899136 0.000000 0.000000 0.000000 0.000000 1.000000
0.889807 -0.343791 -0.300086 0.000000 0.254330 0.919605 -0.299403 4.021500 0.378893 0.190090 0.905707 0.000000 0.000000 0.000000 0.000000 1.000000
0.888265 -0.342717 -0.305829 -0.000000 0.251794 0.920165 -0.299827 4.021500 0.384169 0.189319 0.903644 0.000000 0.000000 0.000000 0.000000 1.000000
0.888405 -0.323312 -0.325893 -0.000000 0.231538 0.928583 -0.290041 4.021500 0.396392 0.182217 0.899817 -0.000000 0.000000 0.000000 0.000000 1.000000
0.890751 -0.303772 -0.338059 -0.000000 0.214232 0.936636 -0.277161 4.021500 0.400832 0.174459 0.899387 0.000000 0.000000 0.000000 0.000000 1.000000
0.896660 -0.284611 -0.339113 -0.000000 0.200838 0.944121 -0.261341 4.021500 0.394544 0.166227 0.903717 0.000000 0.000000 0.000000 0.000000 1.000000</float_array>
        <technique_common>
          <accessor source="#mixamorig_RightHandThumb2-Matrix-animation-output-transform-array" count="32" stride="16">
            <param type="float4x4"/>
          </accessor>
        </technique_common>
      </source>
      <source id="mixamorig_RightHandThumb2-Interpolations">
        <Name_array id="mixamorig_RightHandThumb2-Interpolations-array" count="32">
 LINEAR LINEAR LINEAR LINEAR LINEAR LINEAR LINEAR LINEAR LINEAR LINEAR LINEAR
LINEAR LINEAR LINEAR LINEAR LINEAR LINEAR LINEAR LINEAR LINEAR LINEAR LINEAR LINEAR
LINEAR LINEAR LINEAR LINEAR LINEAR LINEAR LINEAR LINEAR LINEAR</Name_array>
        <technique_common>
          <accessor source="#mixamorig_RightHandThumb2-Interpolations-array" count="32">
            <param type="name"/>
          </accessor>
        </technique_common>
      </source>
      <sampler id="mixamorig_RightHandThumb2-Matrix-animation-transform">
        <input semantic="INPUT" source="#mixamorig_RightHandThumb2-Matrix-animation-input"/>
        <input semantic="OUTPUT" source="#mixamorig_RightHandThumb2-Matrix-animation-output-transform"/>
        <input semantic="INTERPOLATION" source="#mixamorig_RightHandThumb2-Interpolations"/>
      </sampler>
      <channel source="#mixamorig_RightHandThumb2-Matrix-animation-transform" target="mixamorig_RightHandThumb2/matrix"/>
    </animation>
    <animation id="mixamorig_RightHandThumb3-anim" name="mixamorig_RightHandThumb3">
      <source id="mixamorig_RightHandThumb3-Matrix-animation-input">
        <float_array id="mixamorig_RightHandThumb3-Matrix-animation-input-array" count="32">

0.000000 0.033333 0.066667 0.100000 0.133333 0.166667 0.200000 0.233333 0.266667 0.300000 0.333333 0.366667 0.400000 0.433333 0.466667 0.500000
0.533333 0.566667 0.600000 0.633333 0.666667 0.700000 0.733333 0.766667 0.800000 0.833333 0.866667 0.900000 0.933333 0.966667 1.000000 1.033333</float_array>
        <technique_common>
          <accessor source="#mixamorig_RightHandThumb3-Matrix-animation-input-array" count="32">
            <param name="TIME" type="float"/>
          </accessor>
        </technique_common>
      </source>
      <source id="mixamorig_RightHandThumb3-Matrix-animation-output-transform">
        <float_array id="mixamorig_RightHandThumb3-Matrix-animation-output-transform-array" count="512">

1.000000 0.000000 -0.000000 -0.000000 -0.000000 1.000000 0.000000 3.952700 0.000000 -0.000000 1.000000 0.000000 0.000000 0.000000 0.000000 1.000000
1.000000 -0.000000 -0.000000 0.000000 0.000000 1.000000 0.000000 3.952700 0.000000 -0.000000 1.000000 0.000000 0.000000 0.000000 0.000000 1.000000
1.000000 -0.000000 -0.000000 0.000000 0.000000 1.000000 0.000000 3.952700 0.000000 -0.000000 1.000000 0.000000 0.000000 0.000000 0.000000 1.000000
1.000000 -0.000000 -0.000000 0.000000 0.000000 1.000000 0.000000 3.952700 0.000000 -0.000000 1.000000 0.000000 0.000000 0.000000 0.000000 1.000000
1.000000 0.000000 0.000000 0.000000 -0.000000 1.000000 -0.000000 3.952700 -0.000000 0.000000 1.000000 0.000000 0.000000 0.000000 0.000000 1.000000
1.000000 -0.000000 -0.000000 0.000000 0.000000 1.000000 -0.000000 3.952700 0.000000 0.000000 1.000000 0.000000 0.000000 0.000000 0.000000 1.000000
1.000000 -0.000000 -0.000000 0.000000 0.000000 1.000000 -0.000000 3.952700 0.000000 0.000000 1.000000 0.000000 0.000000 0.000000 0.000000 1.000000
1.000000 -0.000000 -0.000000 0.000000 0.000000 1.000000 0.000000 3.952700 0.000000 -0.000000 1.000000 0.000000 0.000000 0.000000 0.000000 1.000000
1.000000 0.000000 -0.000000 0.000000 -0.000000 1.000000 0.000000 3.952700 0.000000 -0.000000 1.000000 -0.000000 0.000000 0.000000 0.000000 1.000000
1.000000 0.000000 -0.000000 -0.000000 -0.000000 1.000000 -0.000000 3.952700 0.000000 0.000000 1.000000 -0.000000 0.000000 0.000000 0.000000 1.000000
1.000000 -0.000000 -0.000000 0.000000 0.000000 1.000000 -0.000000 3.952700 0.000000 0.000000 1.000000 0.000000 0.000000 0.000000 0.000000 1.000000
1.000000 -0.000000 -0.000000 0.000000 0.000000 1.000000 -0.000000 3.952700 0.000000 0.000000 1.000000 0.000000 0.000000 0.000000 0.000000 1.000000
1.000000 -0.000000 0.000000 0.000000 0.000000 1.000000 0.000000 3.952700 -0.000000 -0.000000 1.000000 0.000000 0.000000 0.000000 0.000000 1.000000
1.000000 -0.000000 -0.000000 0.000000 0.000000 1.000000 -0.000000 3.952700 0.000000 0.000000 1.000000 -0.000000 0.000000 0.000000 0.000000 1.000000
1.000000 0.000000 -0.000000 0.000000 -0.000000 1.000000 0.000000 3.952700 0.000000 -0.000000 1.000000 0.000000 0.000000 0.000000 0.000000 1.000000
1.000000 0.000000 -0.000000 -0.000000 -0.000000 1.000000 0.000000 3.952700 0.000000 -0.000000 1.000000 -0.000000 0.000000 0.000000 0.000000 1.000000
1.000000 0.000000 -0.000000 0.000000 -0.000000 1.000000 -0.000000 3.952700 0.000000 0.000000 1.000000 0.000000 0.000000 0.000000 0.000000 1.000000
1.000000 -0.000000 -0.000000 0.000000 0.000000 1.000000 0.000000 3.952700 0.000000 -0.000000 1.000000 0.000000 0.000000 0.000000 0.000000 1.000000
1.000000 -0.000000 0.000000 0.000000 0.000000 1.000000 0.000000 3.952700 -0.000000 -0.000000 1.000000 0.000000 0.000000 0.000000 0.000000 1.000000
1.000000 -0.000000 -0.000000 -0.000000 0.000000 1.000000 0.000000 3.952700 0.000000 -0.000000 1.000000 0.000000 0.000000 0.000000 0.000000 1.000000
1.000000 -0.000000 0.000000 -0.000000 0.000000 1.000000 -0.000000 3.952700 -0.000000 0.000000 1.000000 -0.000000 0.000000 0.000000 0.000000 1.000000
1.000000 -0.000000 -0.000000 0.000000 0.000000 1.000000 -0.000000 3.952700 0.000000 0.000000 1.000000 0.000000 0.000000 0.000000 0.000000 1.000000
1.000000 -0.000000 -0.000000 0.000000 0.000000 1.000000 -0.000000 3.952700 0.000000 0.000000 1.000000 0.000000 0.000000 0.000000 0.000000 1.000000
1.000000 0.000000 -0.000000 0.000000 -0.000000 1.000000 0.000000 3.952700 0.000000 -0.000000 1.000000 -0.000000 0.000000 0.000000 0.000000 1.000000
1.000000 0.000000 0.000000 0.000000 -0.000000 1.000000 0.000000 3.952700 -0.000000 -0.000000 1.000000 0.000000 0.000000 0.000000 0.000000 1.000000
1.000000 -0.000000 -0.000000 0.000000 0.000000 1.000000 -0.000000 3.952700 0.000000 0.000000 1.000000 0.000000 0.000000 0.000000 0.000000 1.000000
1.000000 0.000000 -0.000000 0.000000 -0.000000 1.000000 0.000000 3.952700 0.000000 -0.000000 1.000000 0.000000 0.000000 0.000000 0.000000 1.000000
1.000000 -0.000000 -0.000000 0.000000 0.000000 1.000000 -0.000000 3.952700 0.000000 0.000000 1.000000 0.000000 0.000000 0.000000 0.000000 1.000000
1.000000 0.000000 -0.000000 0.000000 -0.000000 1.000000 0.000000 3.952700 0.000000 -0.000000 1.000000 0.000000 0.000000 0.000000 0.000000 1.000000
1.000000 -0.000000 -0.000000 0.000000 0.000000 1.000000 0.000000 3.952700 0.000000 -0.000000 1.000000 0.000000 0.000000 0.000000 0.000000 1.000000
1.000000 -0.000000 -0.000000 -0.000000 0.000000 1.000000 -0.000000 3.952700 0.000000 0.000000 1.000000 0.000000 0.000000 0.000000 0.000000 1.000000
1.000000 -0.000000 -0.000000 0.000000 0.000000 1.000000 -0.000000 3.952700 0.000000 0.000000 1.000000 0.000000 0.000000 0.000000 0.000000 1.000000</float_array>
        <technique_common>
          <accessor source="#mixamorig_RightHandThumb3-Matrix-animation-output-transform-array" count="32" stride="16">
            <param type="float4x4"/>
          </accessor>
        </technique_common>
      </source>
      <source id="mixamorig_RightHandThumb3-Interpolations">
        <Name_array id="mixamorig_RightHandThumb3-Interpolations-array" count="32">
 LINEAR LINEAR LINEAR LINEAR LINEAR LINEAR LINEAR LINEAR LINEAR LINEAR LINEAR
LINEAR LINEAR LINEAR LINEAR LINEAR LINEAR LINEAR LINEAR LINEAR LINEAR LINEAR LINEAR
LINEAR LINEAR LINEAR LINEAR LINEAR LINEAR LINEAR LINEAR LINEAR</Name_array>
        <technique_common>
          <accessor source="#mixamorig_RightHandThumb3-Interpolations-array" count="32">
            <param type="name"/>
          </accessor>
        </technique_common>
      </source>
      <sampler id="mixamorig_RightHandThumb3-Matrix-animation-transform">
        <input semantic="INPUT" source="#mixamorig_RightHandThumb3-Matrix-animation-input"/>
        <input semantic="OUTPUT" source="#mixamorig_RightHandThumb3-Matrix-animation-output-transform"/>
        <input semantic="INTERPOLATION" source="#mixamorig_RightHandThumb3-Interpolations"/>
      </sampler>
      <channel source="#mixamorig_RightHandThumb3-Matrix-animation-transform" target="mixamorig_RightHandThumb3/matrix"/>
    </animation>
    <animation id="mixamorig_RightHandIndex1-anim" name="mixamorig_RightHandIndex1">
      <source id="mixamorig_RightHandIndex1-Matrix-animation-input">
        <float_array id="mixamorig_RightHandIndex1-Matrix-animation-input-array" count="32">

0.000000 0.033333 0.066667 0.100000 0.133333 0.166667 0.200000 0.233333 0.266667 0.300000 0.333333 0.366667 0.400000 0.433333 0.466667 0.500000
0.533333 0.566667 0.600000 0.633333 0.666667 0.700000 0.733333 0.766667 0.800000 0.833333 0.866667 0.900000 0.933333 0.966667 1.000000 1.033333</float_array>
        <technique_common>
          <accessor source="#mixamorig_RightHandIndex1-Matrix-animation-input-array" count="32">
            <param name="TIME" type="float"/>
          </accessor>
        </technique_common>
      </source>
      <source id="mixamorig_RightHandIndex1-Matrix-animation-output-transform">
        <float_array id="mixamorig_RightHandIndex1-Matrix-animation-output-transform-array" count="512">

0.998899 0.009245 0.045996 3.728800 0.022195 0.770636 -0.636889 12.149100 -0.041334 0.637208 0.769583 0.680000 0.000000 0.000000 0.000000 1.000000
0.998852 0.012230 0.046320 3.728800 0.021468 0.750086 -0.660992 12.149100 -0.042828 0.661227 0.748962 0.680000 0.000000 0.000000 0.000000 1.000000
0.998821 0.014923 0.046191 3.728800 0.020403 0.734373 -0.678439 12.149100 -0.044045 0.678582 0.733203 0.680000 0.000000 0.000000 0.000000 1.000000
0.998792 0.016401 0.046329 3.728800 0.020525 0.717326 -0.696435 12.149100 -0.044655 0.696544 0.716123 0.680000 0.000000 0.000000 0.000000 1.000000
0.998751 0.017202 0.046917 3.728800 0.021766 0.695385 -0.718307 12.149100 -0.044982 0.718431 0.694142 0.680000 0.000000 0.000000 0.000000 1.000000
0.998706 0.018511 0.047373 3.728800 0.022589 0.673088 -0.739217 12.149100 -0.045569 0.739331 0.671799 0.680000 0.000000 0.000000 0.000000 1.000000
0.998673 0.021414 0.046839 3.728800 0.021121 0.659177 -0.751691 12.149100 -0.046972 0.751683 0.657850 0.680000 0.000000 0.000000 0.000000 1.000000
0.998662 0.025108 0.045198 3.728800 0.017474 0.658833 -0.752086 12.149100 -0.048661 0.751870 0.657513 0.680000 0.000000 0.000000 0.000000 1.000000
0.998678 0.025523 0.044612 3.728800 0.016767 0.658710 -0.752210 12.149100 -0.048585 0.751964 0.657412 0.680000 0.000000 0.000000 0.000000 1.000000
0.998674 0.024614 0.045215 3.728800 0.018443 0.648935 -0.760621 12.149100 -0.048064 0.760446 0.647620 0.680000 0.000000 0.000000 0.000000 1.000000
0.998667 0.024971 0.045172 3.728800 0.018510 0.643697 -0.765056 12.149100 -0.048181 0.764873 0.642377 0.680000 0.000000 0.000000 0.000000 1.000000
0.998664 0.026725 0.044228 3.728800 0.016788 0.641661 -0.766805 12.149100 -0.048872 0.766523 0.640355 0.680000 0.000000 0.000000 0.000000 1.000000
0.998599 0.030850 0.042998 3.728800 0.014185 0.626727 -0.779110 12.149100 -0.050983 0.778628 0.625411 0.680000 0.000000 0.000000 0.000000 1.000000
0.998510 0.035356 0.041565 3.728800 0.011396 0.609803 -0.792471 12.149100 -0.053365 0.791764 0.608492 0.680000 0.000000 0.000000 0.000000 1.000000
0.998439 0.038282 0.040676 3.728800 0.009688 0.598489 -0.801072 12.149100 -0.055011 0.800216 0.597184 0.680000 0.000000 0.000000 0.000000 1.000000
0.998402 0.039263 0.040635 3.728800 0.009543 0.591642 -0.806144 12.149100 -0.055693 0.805244 0.590322 0.680000 0.000000 0.000000 0.000000 1.000000
0.998422 0.037938 0.041395 3.728800 0.010536 0.597552 -0.801761 12.149100 -0.055152 0.800932 0.596209 0.680000 0.000000 0.000000 0.000000 1.000000
0.998542 0.033238 0.042535 3.728800 0.012071 0.630518 -0.776081 12.149100 -0.052614 0.775463 0.629197 0.680000 0.000000 0.000000 0.000000 1.000000
0.998762 0.021706 0.044754 3.728800 0.017142 0.694425 -0.719361 12.149100 -0.046693 0.719237 0.693194 0.680000 0.000000 0.000000 0.000000 1.000000
0.998917 0.001846 0.046489 3.728800 0.026703 0.795502 -0.605363 12.149100 -0.038099 0.605949 0.794591 0.680000 0.000000 0.000000 0.000000 1.000000
0.998907 -0.007755 0.046088 3.728800 0.031609 0.838484 -0.544009 12.149100 -0.034426 0.544871 0.837813 0.680000 0.000000 0.000000 0.000000 1.000000
0.998906 -0.009550 0.045777 3.728800 0.032516 0.845374 -0.533184 12.149100 -0.033606 0.534090 0.844760 0.680000 0.000000 0.000000 0.000000 1.000000
0.998911 -0.007675 0.046022 3.728800 0.031672 0.835846 -0.548049 12.149100 -0.034261 0.548910 0.835179 0.680000 0.000000 0.000000 0.000000 1.000000
0.998947 -0.004928 0.045619 3.728800 0.029389 0.832225 -0.553659 12.149100 -0.035237 0.554417 0.831493 0.680000 0.000000 0.000000 0.000000 1.000000
0.998986 -0.002975 0.044913 3.728800 0.027204 0.834873 -0.549770 12.149100 -0.035861 0.550434 0.834108 0.680000 0.000000 0.000000 0.000000 1.000000
0.998979 -0.000772 0.045176 3.728800 0.026150 0.825247 -0.564166 12.149100 -0.036846 0.564771 0.824424 0.680000 0.000000 0.000000 0.000000 1.000000
0.998922 0.000233 0.046427 3.728800 0.027389 0.804486 -0.593340 12.149100 -0.037488 0.593971 0.803612 0.680000 0.000000 0.000000 0.000000 1.000000
0.998891 0.000677 0.047088 3.728800 0.028295 0.790659 -0.611603 12.149100 -0.037645 0.612257 0.789762 0.680000 0.000000 0.000000 0.000000 1.000000
0.998907 0.002943 0.046647 3.728800 0.026527 0.786009 -0.617645 12.149100 -0.038483 0.618207 0.785072 0.680000 0.000000 0.000000 0.000000 1.000000
0.998925 0.006541 0.045888 3.728800 0.023424 0.783043 -0.621527 12.149100 -0.039998 0.621933 0.782048 0.680000 0.000000 0.000000 0.000000 1.000000
0.998921 0.009369 0.045480 3.728800 0.021278 0.778196 -0.627661 12.149100 -0.041273 0.627952 0.777157 0.680000 0.000000 0.000000 0.000000 1.000000
0.998899 0.009245 0.045997 3.728800 0.022195 0.770636 -0.636889 12.149100 -0.041335 0.637208 0.769582 0.680000 0.000000 0.000000 0.000000 1.000000</float_array>
        <technique_common>
          <accessor source="#mixamorig_RightHandIndex1-Matrix-animation-output-transform-array" count="32" stride="16">
            <param type="float4x4"/>
          </accessor>
        </technique_common>
      </source>
      <source id="mixamorig_RightHandIndex1-Interpolations">
        <Name_array id="mixamorig_RightHandIndex1-Interpolations-array" count="32">
 LINEAR LINEAR LINEAR LINEAR LINEAR LINEAR LINEAR LINEAR LINEAR LINEAR LINEAR
LINEAR LINEAR LINEAR LINEAR LINEAR LINEAR LINEAR LINEAR LINEAR LINEAR LINEAR LINEAR
LINEAR LINEAR LINEAR LINEAR LINEAR LINEAR LINEAR LINEAR LINEAR</Name_array>
        <technique_common>
          <accessor source="#mixamorig_RightHandIndex1-Interpolations-array" count="32">
            <param type="name"/>
          </accessor>
        </technique_common>
      </source>
      <sampler id="mixamorig_RightHandIndex1-Matrix-animation-transform">
        <input semantic="INPUT" source="#mixamorig_RightHandIndex1-Matrix-animation-input"/>
        <input semantic="OUTPUT" source="#mixamorig_RightHandIndex1-Matrix-animation-output-transform"/>
        <input semantic="INTERPOLATION" source="#mixamorig_RightHandIndex1-Interpolations"/>
      </sampler>
      <channel source="#mixamorig_RightHandIndex1-Matrix-animation-transform" target="mixamorig_RightHandIndex1/matrix"/>
    </animation>
    <animation id="mixamorig_RightHandIndex2-anim" name="mixamorig_RightHandIndex2">
      <source id="mixamorig_RightHandIndex2-Matrix-animation-input">
        <float_array id="mixamorig_RightHandIndex2-Matrix-animation-input-array" count="32">

0.000000 0.033333 0.066667 0.100000 0.133333 0.166667 0.200000 0.233333 0.266667 0.300000 0.333333 0.366667 0.400000 0.433333 0.466667 0.500000
0.533333 0.566667 0.600000 0.633333 0.666667 0.700000 0.733333 0.766667 0.800000 0.833333 0.866667 0.900000 0.933333 0.966667 1.000000 1.033333</float_array>
        <technique_common>
          <accessor source="#mixamorig_RightHandIndex2-Matrix-animation-input-array" count="32">
            <param name="TIME" type="float"/>
          </accessor>
        </technique_common>
      </source>
      <source id="mixamorig_RightHandIndex2-Matrix-animation-output-transform">
        <float_array id="mixamorig_RightHandIndex2-Matrix-animation-output-transform-array" count="512">

0.996280 0.085730 0.008707 0.000000 -0.025463 0.389419 -0.920709 3.278100 -0.082323 0.917062 0.390153 0.000000 0.000000 0.000000 0.000000 1.000000
0.996128 0.087630 0.007021 0.000000 -0.026102 0.371087 -0.928231 3.278100 -0.083946 0.924454 0.371938 -0.000000 0.000000 0.000000 0.000000 1.000000
0.995955 0.089704 0.005276 0.000000 -0.026812 0.352699 -0.935353 3.278100 -0.085766 0.931427 0.353677 0.000000 0.000000 0.000000 0.000000 1.000000
0.995758 0.091943 0.003478 0.000000 -0.027581 0.334342 -0.942048 3.278100 -0.087777 0.937956 0.335460 -0.000000 0.000000 0.000000 0.000000 1.000000
0.995556 0.094162 0.001418 0.000000 -0.028146 0.311893 -0.949700 3.278100 -0.089868 0.945440 0.313158 0.000000 0.000000 0.000000 0.000000 1.000000
0.995309 0.096745 -0.000689 0.000000 -0.028681 0.288254 -0.957124 3.278100 -0.092398 0.952654 0.289676 0.000000 0.000000 0.000000 0.000000 1.000000
0.995076 0.099080 -0.002707 0.000000 -0.029149 0.266422 -0.963416 3.278100 -0.094733 0.958751 0.267998 0.000000 0.000000 0.000000 0.000000 1.000000
0.994947 0.100318 -0.004215 0.000000 -0.029652 0.253454 -0.966893 3.278100 -0.095928 0.962132 0.255148 0.000000 0.000000 0.000000 0.000000 1.000000
0.994888 0.100850 -0.005286 0.000000 -0.030145 0.246611 -0.968646 3.278100 -0.096384 0.963853 0.248391 -0.000000 0.000000 0.000000 0.000000 1.000000
0.994761 0.102017 -0.006486 -0.000000 -0.030354 0.234203 -0.971714 3.278100 -0.097613 0.966820 0.236072 0.000000 0.000000 0.000000 0.000000 1.000000
0.994666 0.102893 -0.007294 0.000000 -0.030419 0.225029 -0.973877 3.278100 -0.098564 0.968904 0.226959 0.000000 0.000000 0.000000 0.000000 1.000000
0.994612 0.103403 -0.007434 0.000000 -0.030276 0.221138 -0.974773 3.278100 -0.099151 0.969745 0.223077 -0.000000 0.000000 0.000000 0.000000 1.000000
0.994554 0.103892 -0.008343 0.000000 -0.030671 0.215225 -0.976083 3.278100 -0.099611 0.971022 0.217239 0.000000 0.000000 0.000000 0.000000 1.000000
0.994560 0.103823 -0.008397 0.000000 -0.030866 0.216763 -0.975736 3.278100 -0.099484 0.970688 0.218789 0.000000 0.000000 0.000000 0.000000 1.000000
0.994595 0.103514 -0.008041 -0.000000 -0.030887 0.221051 -0.974773 3.278100 -0.099126 0.969753 0.223054 0.000000 0.000000 0.000000 0.000000 1.000000
0.994680 0.102764 -0.007211 0.000000 -0.030771 0.229580 -0.972803 3.278100 -0.098314 0.967850 0.231521 0.000000 0.000000 0.000000 0.000000 1.000000
0.994801 0.101659 -0.006081 0.000000 -0.030499 0.240418 -0.970190 3.278100 -0.097167 0.965331 0.242268 -0.000000 0.000000 0.000000 0.000000 1.000000
0.995000 0.099778 -0.004312 -0.000000 -0.030066 0.258093 -0.965652 3.278100 -0.095238 0.960954 0.259802 -0.000000 0.000000 0.000000 0.000000 1.000000
0.995356 0.096254 -0.001206 0.000000 -0.029373 0.291771 -0.956037 3.278100 -0.091670 0.951633 0.293244 0.000000 0.000000 0.000000 0.000000 1.000000
0.995792 0.091590 0.002977 -0.000000 -0.028022 0.335280 -0.941702 3.278100 -0.087249 0.937656 0.336435 0.000000 0.000000 0.000000 0.000000 1.000000
0.996253 0.086158 0.007494 0.000000 -0.026194 0.383203 -0.923293 3.278100 -0.082421 0.919637 0.384024 0.000000 0.000000 0.000000 0.000000 1.000000
0.996683 0.080536 0.011731 0.000000 -0.024166 0.430503 -0.902266 3.278100 -0.077715 0.898989 0.431021 -0.000000 0.000000 0.000000 0.000000 1.000000
0.996988 0.076134 0.014771 0.000000 -0.022430 0.465394 -0.884819 3.278100 -0.074239 0.881823 0.465700 -0.000000 0.000000 0.000000 0.000000 1.000000
0.997132 0.073916 0.016274 0.000000 -0.021480 0.482548 -0.875606 3.278100 -0.072575 0.872745 0.482752 0.000000 0.000000 0.000000 0.000000 1.000000
0.997131 0.073915 0.016349 0.000000 -0.021438 0.482839 -0.875447 3.278100 -0.072602 0.872584 0.483038 0.000000 0.000000 0.000000 0.000000 1.000000
0.997062 0.074952 0.015771 0.000000 -0.021785 0.474923 -0.879758 3.278100 -0.073430 0.876830 0.475160 0.000000 0.000000 0.000000 0.000000 1.000000
0.996936 0.076826 0.014743 0.000000 -0.022391 0.460816 -0.887213 3.278100 -0.074955 0.884164 0.461124 -0.000000 0.000000 0.000000 0.000000 1.000000
0.996737 0.079633 0.013210 -0.000000 -0.023212 0.439492 -0.897947 3.278100 -0.077312 0.894710 0.439906 0.000000 0.000000 0.000000 0.000000 1.000000
0.996581 0.081799 0.011668 0.000000 -0.024044 0.422206 -0.906181 3.278100 -0.079051 0.902802 0.422729 0.000000 0.000000 0.000000 0.000000 1.000000
0.996434 0.083756 0.010221 0.000000 -0.024777 0.406237 -0.913432 3.278100 -0.080657 0.909921 0.406864 0.000000 0.000000 0.000000 0.000000 1.000000
0.996325 0.085168 0.009144 -0.000000 -0.025294 0.394519 -0.918540 3.278100 -0.081837 0.914933 0.395223 -0.000000 0.000000 0.000000 0.000000 1.000000
0.996281 0.085724 0.008706 0.000000 -0.025461 0.389418 -0.920709 3.278100 -0.082317 0.917063 0.390153 -0.000000 0.000000 0.000000 0.000000 1.000000</float_array>
        <technique_common>
          <accessor source="#mixamorig_RightHandIndex2-Matrix-animation-output-transform-array" count="32" stride="16">
            <param type="float4x4"/>
          </accessor>
        </technique_common>
      </source>
      <source id="mixamorig_RightHandIndex2-Interpolations">
        <Name_array id="mixamorig_RightHandIndex2-Interpolations-array" count="32">
 LINEAR LINEAR LINEAR LINEAR LINEAR LINEAR LINEAR LINEAR LINEAR LINEAR LINEAR
LINEAR LINEAR LINEAR LINEAR LINEAR LINEAR LINEAR LINEAR LINEAR LINEAR LINEAR LINEAR
LINEAR LINEAR LINEAR LINEAR LINEAR LINEAR LINEAR LINEAR LINEAR</Name_array>
        <technique_common>
          <accessor source="#mixamorig_RightHandIndex2-Interpolations-array" count="32">
            <param type="name"/>
          </accessor>
        </technique_common>
      </source>
      <sampler id="mixamorig_RightHandIndex2-Matrix-animation-transform">
        <input semantic="INPUT" source="#mixamorig_RightHandIndex2-Matrix-animation-input"/>
        <input semantic="OUTPUT" source="#mixamorig_RightHandIndex2-Matrix-animation-output-transform"/>
        <input semantic="INTERPOLATION" source="#mixamorig_RightHandIndex2-Interpolations"/>
      </sampler>
      <channel source="#mixamorig_RightHandIndex2-Matrix-animation-transform" target="mixamorig_RightHandIndex2/matrix"/>
    </animation>
    <animation id="mixamorig_RightHandIndex3-anim" name="mixamorig_RightHandIndex3">
      <source id="mixamorig_RightHandIndex3-Matrix-animation-input">
        <float_array id="mixamorig_RightHandIndex3-Matrix-animation-input-array" count="32">

0.000000 0.033333 0.066667 0.100000 0.133333 0.166667 0.200000 0.233333 0.266667 0.300000 0.333333 0.366667 0.400000 0.433333 0.466667 0.500000
0.533333 0.566667 0.600000 0.633333 0.666667 0.700000 0.733333 0.766667 0.800000 0.833333 0.866667 0.900000 0.933333 0.966667 1.000000 1.033333</float_array>
        <technique_common>
          <accessor source="#mixamorig_RightHandIndex3-Matrix-animation-input-array" count="32">
            <param name="TIME" type="float"/>
          </accessor>
        </technique_common>
      </source>
      <source id="mixamorig_RightHandIndex3-Matrix-animation-output-transform">
        <float_array id="mixamorig_RightHandIndex3-Matrix-animation-output-transform-array" count="512">

1.000000 -0.000000 -0.000000 0.000000 -0.000000 1.000000 0.000000 3.333500 0.000000 0.000000 1.000000 0.000000 0.000000 0.000000 0.000000 1.000000
1.000000 0.000000 0.000000 0.000000 0.000000 1.000000 0.000000 3.333500 -0.000000 -0.000000 1.000000 0.000000 0.000000 0.000000 0.000000 1.000000
1.000000 0.000000 -0.000000 0.000000 -0.000000 1.000000 0.000000 3.333500 0.000000 -0.000000 1.000000 0.000000 0.000000 0.000000 0.000000 1.000000
1.000000 -0.000000 -0.000000 0.000000 0.000000 1.000000 -0.000000 3.333500 -0.000000 -0.000000 1.000000 0.000000 0.000000 0.000000 0.000000 1.000000
1.000000 0.000000 0.000000 0.000000 0.000000 1.000000 -0.000000 3.333500 0.000000 0.000000 1.000000 0.000000 0.000000 0.000000 0.000000 1.000000
1.000000 0.000000 -0.000000 0.000000 -0.000000 1.000000 0.000000 3.333500 0.000000 0.000000 1.000000 -0.000000 0.000000 0.000000 0.000000 1.000000
1.000000 0.000000 -0.000000 0.000000 -0.000000 1.000000 0.000000 3.333500 0.000000 -0.000000 1.000000 0.000000 0.000000 0.000000 0.000000 1.000000
1.000000 0.000000 0.000000 0.000000 -0.000000 1.000000 0.000000 3.333500 -0.000000 -0.000000 1.000000 0.000000 0.000000 0.000000 0.000000 1.000000
1.000000 0.000000 -0.000000 0.000000 -0.000000 1.000000 0.000000 3.333500 0.000000 -0.000000 1.000000 0.000000 0.000000 0.000000 0.000000 1.000000
1.000000 0.000000 -0.000000 0.000000 0.000000 1.000000 0.000000 3.333500 -0.000000 0.000000 1.000000 -0.000000 0.000000 0.000000 0.000000 1.000000
1.000000 -0.000000 -0.000000 0.000000 -0.000000 1.000000 -0.000000 3.333500 -0.000000 0.000000 1.000000 0.000000 0.000000 0.000000 0.000000 1.000000
1.000000 -0.000000 -0.000000 0.000000 0.000000 1.000000 0.000000 3.333500 -0.000000 -0.000000 1.000000 0.000000 0.000000 0.000000 0.000000 1.000000
1.000000 0.000000 -0.000000 0.000000 -0.000000 1.000000 0.000000 3.333500 0.000000 -0.000000 1.000000 0.000000 0.000000 0.000000 0.000000 1.000000
1.000000 0.000000 -0.000000 0.000000 -0.000000 1.000000 0.000000 3.333500 0.000000 -0.000000 1.000000 -0.000000 0.000000 0.000000 0.000000 1.000000
1.000000 0.000000 0.000000 0.000000 0.000000 1.000000 0.000000 3.333500 0.000000 -0.000000 1.000000 0.000000 0.000000 0.000000 0.000000 1.000000
1.000000 0.000000 -0.000000 0.000000 -0.000000 1.000000 -0.000000 3.333500 0.000000 0.000000 1.000000 0.000000 0.000000 0.000000 0.000000 1.000000
1.000000 -0.000000 -0.000000 0.000000 0.000000 1.000000 -0.000000 3.333500 0.000000 0.000000 1.000000 0.000000 0.000000 0.000000 0.000000 1.000000
1.000000 -0.000000 -0.000000 0.000000 0.000000 1.000000 0.000000 3.333500 0.000000 -0.000000 1.000000 0.000000 0.000000 0.000000 0.000000 1.000000
1.000000 0.000000 -0.000000 0.000000 0.000000 1.000000 0.000000 3.333500 -0.000000 0.000000 1.000000 -0.000000 0.000000 0.000000 0.000000 1.000000
1.000000 -0.000000 0.000000 0.000000 0.000000 1.000000 -0.000000 3.333500 -0.000000 0.000000 1.000000 0.000000 0.000000 0.000000 0.000000 1.000000
1.000000 0.000000 0.000000 0.000000 -0.000000 1.000000 0.000000 3.333500 -0.000000 -0.000000 1.000000 0.000000 0.000000 0.000000 0.000000 1.000000
1.000000 0.000000 0.000000 0.000000 -0.000000 1.000000 0.000000 3.333500 -0.000000 -0.000000 1.000000 0.000000 0.000000 0.000000 0.000000 1.000000
1.000000 -0.000000 0.000000 0.000000 0.000000 1.000000 0.000000 3.333500 0.000000 0.000000 1.000000 0.000000 0.000000 0.000000 0.000000 1.000000
1.000000 0.000000 0.000000 0.000000 0.000000 1.000000 0.000000 3.333500 -0.000000 0.000000 1.000000 0.000000 0.000000 0.000000 0.000000 1.000000
1.000000 0.000000 0.000000 0.000000 0.000000 1.000000 0.000000 3.333500 0.000000 -0.000000 1.000000 0.000000 0.000000 0.000000 0.000000 1.000000
1.000000 0.000000 0.000000 -0.000000 -0.000000 1.000000 -0.000000 3.333500 -0.000000 0.000000 1.000000 0.000000 0.000000 0.000000 0.000000 1.000000
1.000000 0.000000 -0.000000 0.000000 -0.000000 1.000000 -0.000000 3.333500 0.000000 0.000000 1.000000 -0.000000 0.000000 0.000000 0.000000 1.000000
1.000000 -0.000000 0.000000 0.000000 0.000000 1.000000 -0.000000 3.333500 0.000000 0.000000 1.000000 0.000000 0.000000 0.000000 0.000000 1.000000
1.000000 0.000000 -0.000000 0.000000 0.000000 1.000000 -0.000000 3.333500 -0.000000 -0.000000 1.000000 0.000000 0.000000 0.000000 0.000000 1.000000
1.000000 0.000000 -0.000000 0.000000 -0.000000 1.000000 0.000000 3.333500 0.000000 -0.000000 1.000000 -0.000000 0.000000 0.000000 0.000000 1.000000
1.000000 -0.000000 0.000000 0.000000 0.000000 1.000000 -0.000000 3.333500 -0.000000 -0.000000 1.000000 0.000000 0.000000 0.000000 0.000000 1.000000
1.000000 -0.000000 -0.000000 0.000000 0.000000 1.000000 0.000000 3.333500 0.000000 -0.000000 1.000000 0.000000 0.000000 0.000000 0.000000 1.000000</float_array>
        <technique_common>
          <accessor source="#mixamorig_RightHandIndex3-Matrix-animation-output-transform-array" count="32" stride="16">
            <param type="float4x4"/>
          </accessor>
        </technique_common>
      </source>
      <source id="mixamorig_RightHandIndex3-Interpolations">
        <Name_array id="mixamorig_RightHandIndex3-Interpolations-array" count="32">
 LINEAR LINEAR LINEAR LINEAR LINEAR LINEAR LINEAR LINEAR LINEAR LINEAR LINEAR
LINEAR LINEAR LINEAR LINEAR LINEAR LINEAR LINEAR LINEAR LINEAR LINEAR LINEAR LINEAR
LINEAR LINEAR LINEAR LINEAR LINEAR LINEAR LINEAR LINEAR LINEAR</Name_array>
        <technique_common>
          <accessor source="#mixamorig_RightHandIndex3-Interpolations-array" count="32">
            <param type="name"/>
          </accessor>
        </technique_common>
      </source>
      <sampler id="mixamorig_RightHandIndex3-Matrix-animation-transform">
        <input semantic="INPUT" source="#mixamorig_RightHandIndex3-Matrix-animation-input"/>
        <input semantic="OUTPUT" source="#mixamorig_RightHandIndex3-Matrix-animation-output-transform"/>
        <input semantic="INTERPOLATION" source="#mixamorig_RightHandIndex3-Interpolations"/>
      </sampler>
      <channel source="#mixamorig_RightHandIndex3-Matrix-animation-transform" target="mixamorig_RightHandIndex3/matrix"/>
    </animation>
    <animation id="mixamorig_RightHandMiddle1-anim" name="mixamorig_RightHandMiddle1">
      <source id="mixamorig_RightHandMiddle1-Matrix-animation-input">
        <float_array id="mixamorig_RightHandMiddle1-Matrix-animation-input-array" count="32">

0.000000 0.033333 0.066667 0.100000 0.133333 0.166667 0.200000 0.233333 0.266667 0.300000 0.333333 0.366667 0.400000 0.433333 0.466667 0.500000
0.533333 0.566667 0.600000 0.633333 0.666667 0.700000 0.733333 0.766667 0.800000 0.833333 0.866667 0.900000 0.933333 0.966667 1.000000 1.033333</float_array>
        <technique_common>
          <accessor source="#mixamorig_RightHandMiddle1-Matrix-animation-input-array" count="32">
            <param name="TIME" type="float"/>
          </accessor>
        </technique_common>
      </source>
      <source id="mixamorig_RightHandMiddle1-Matrix-animation-output-transform">
        <float_array id="mixamorig_RightHandMiddle1-Matrix-animation-output-transform-array" count="512">

0.996330 0.055865 0.064844 -0.006900 0.012448 0.654979 -0.755545 12.134400 -0.084680 0.753579 0.651880 -0.011000 0.000000 0.000000 0.000000 1.000000
0.996144 0.060581 0.063456 -0.006900 0.010520 0.635591 -0.771954 12.134400 -0.087098 0.769645 0.632503 -0.011000 0.000000 0.000000 0.000000 1.000000
0.996017 0.063882 0.062202 -0.006900 0.009413 0.618392 -0.785813 12.134400 -0.088664 0.783269 0.615328 -0.011000 0.000000 0.000000 0.000000 1.000000
0.995919 0.066545 0.060965 -0.006900 0.008691 0.601668 -0.798699 12.134400 -0.089830 0.795970 0.598634 -0.011000 0.000000 0.000000 0.000000 1.000000
0.995788 0.069604 0.059675 -0.006900 0.008101 0.581537 -0.813480 12.134400 -0.091325 0.810537 0.578524 -0.011000 0.000000 0.000000 0.000000 1.000000
0.995644 0.072693 0.058385 -0.006900 0.007777 0.559269 -0.828950 12.134400 -0.092911 0.825793 0.556268 -0.011000 0.000000 0.000000 0.000000 1.000000
0.995490 0.076014 0.056765 -0.006900 0.006470 0.542551 -0.839998 12.134400 -0.094650 0.836576 0.539613 -0.011000 0.000000 0.000000 0.000000 1.000000
0.995378 0.078702 0.055034 -0.006900 0.004382 0.535241 -0.844688 12.134400 -0.095935 0.841025 0.532422 -0.011000 0.000000 0.000000 0.000000 1.000000
0.995331 0.080144 0.053790 -0.006900 0.003125 0.530237 -0.847844 12.134400 -0.096471 0.844053 0.527511 -0.011000 0.000000 0.000000 0.000000 1.000000
0.995349 0.080148 0.053451 -0.006900 0.003799 0.521749 -0.853090 12.134400 -0.096262 0.849325 0.519018 -0.011000 0.000000 0.000000 0.000000 1.000000
0.995348 0.080404 0.053086 -0.006900 0.003972 0.516274 -0.856414 12.134400 -0.096266 0.852641 0.513553 -0.011000 0.000000 0.000000 0.000000 1.000000
0.995374 0.080408 0.052583 -0.006900 0.003579 0.515903 -0.856640 12.134400 -0.096008 0.852865 0.513228 -0.011000 0.000000 0.000000 0.000000 1.000000
0.995303 0.081797 0.051772 -0.006900 0.003055 0.508008 -0.861347 12.134400 -0.096757 0.857460 0.505372 -0.011000 0.000000 0.000000 0.000000 1.000000
0.995203 0.083554 0.050891 -0.006900 0.002554 0.497820 -0.867276 12.134400 -0.097799 0.863246 0.495219 -0.011000 0.000000 0.000000 0.000000 1.000000
0.995124 0.084810 0.050348 -0.006900 0.002121 0.491956 -0.870617 12.134400 -0.098606 0.866479 0.489378 -0.011000 0.000000 0.000000 0.000000 1.000000
0.995077 0.085427 0.050241 -0.006900 0.002086 0.488776 -0.872407 12.134400 -0.099084 0.868217 0.486191 -0.011000 0.000000 0.000000 0.000000 1.000000
0.995108 0.084651 0.050933 -0.006900 0.002692 0.492131 -0.870517 12.134400 -0.098756 0.866396 0.489496 -0.011000 0.000000 0.000000 0.000000 1.000000
0.995264 0.081782 0.052543 -0.006900 0.003683 0.508416 -0.861104 12.134400 -0.097136 0.857219 0.505707 -0.011000 0.000000 0.000000 0.000000 1.000000
0.995532 0.076827 0.054901 -0.006900 0.004722 0.540181 -0.841536 12.134400 -0.094309 0.838035 0.537405 -0.011000 0.000000 0.000000 0.000000 1.000000
0.995916 0.068223 0.059143 -0.006900 0.007393 0.591218 -0.806478 12.134400 -0.089987 0.803621 0.588299 -0.011000 0.000000 0.000000 0.000000 1.000000
0.996305 0.057714 0.063597 -0.006900 0.010914 0.649439 -0.760335 12.134400 -0.085184 0.758220 0.646410 -0.011000 0.000000 0.000000 0.000000 1.000000
0.996504 0.051275 0.065953 -0.006900 0.013203 0.682887 -0.730405 12.134400 -0.082490 0.728723 0.679823 -0.011000 0.000000 0.000000 0.000000 1.000000
0.996629 0.046693 0.067463 -0.006900 0.014892 0.705656 -0.708399 12.134400 -0.080683 0.707015 0.702581 -0.011000 0.000000 0.000000 0.000000 1.000000
0.996716 0.043398 0.068369 -0.006900 0.016072 0.721464 -0.692265 12.134400 -0.079369 0.691091 0.718397 -0.011000 0.000000 0.000000 0.000000 1.000000
0.996793 0.041248 0.068566 -0.006900 0.016641 0.731296 -0.681857 12.134400 -0.078268 0.680812 0.728265 -0.011000 0.000000 0.000000 0.000000 1.000000
0.996750 0.042305 0.068550 -0.006900 0.016384 0.726733 -0.686725 12.134400 -0.078869 0.685617 0.723678 -0.011000 0.000000 0.000000 0.000000 1.000000
0.996614 0.045872 0.068239 -0.006900 0.015575 0.709572 -0.704461 12.134400 -0.080736 0.703138 0.706455 -0.011000 0.000000 0.000000 0.000000 1.000000
0.996570 0.047587 0.067700 -0.006900 0.015608 0.695340 -0.718512 12.134400 -0.081267 0.717104 0.692212 -0.011000 0.000000 0.000000 0.000000 1.000000
0.996544 0.049242 0.066893 -0.006900 0.015141 0.684150 -0.729184 12.134400 -0.081671 0.727677 0.681040 -0.011000 0.000000 0.000000 0.000000 1.000000
0.996469 0.052044 0.065889 -0.006900 0.013750 0.672985 -0.739528 12.134400 -0.082831 0.737822 0.669893 -0.011000 0.000000 0.000000 0.000000 1.000000
0.996353 0.055358 0.064934 -0.006900 0.012020 0.662345 -0.749103 12.134400 -0.084477 0.747151 0.659263 -0.011000 0.000000 0.000000 0.000000 1.000000
0.996328 0.055868 0.064884 -0.006900 0.012476 0.654979 -0.755544 12.134400 -0.084709 0.753579 0.651876 -0.011000 0.000000 0.000000 0.000000 1.000000</float_array>
        <technique_common>
          <accessor source="#mixamorig_RightHandMiddle1-Matrix-animation-output-transform-array" count="32" stride="16">
            <param type="float4x4"/>
          </accessor>
        </technique_common>
      </source>
      <source id="mixamorig_RightHandMiddle1-Interpolations">
        <Name_array id="mixamorig_RightHandMiddle1-Interpolations-array" count="32">
 LINEAR LINEAR LINEAR LINEAR LINEAR LINEAR LINEAR LINEAR LINEAR LINEAR LINEAR
LINEAR LINEAR LINEAR LINEAR LINEAR LINEAR LINEAR LINEAR LINEAR LINEAR LINEAR LINEAR
LINEAR LINEAR LINEAR LINEAR LINEAR LINEAR LINEAR LINEAR LINEAR</Name_array>
        <technique_common>
          <accessor source="#mixamorig_RightHandMiddle1-Interpolations-array" count="32">
            <param type="name"/>
          </accessor>
        </technique_common>
      </source>
      <sampler id="mixamorig_RightHandMiddle1-Matrix-animation-transform">
        <input semantic="INPUT" source="#mixamorig_RightHandMiddle1-Matrix-animation-input"/>
        <input semantic="OUTPUT" source="#mixamorig_RightHandMiddle1-Matrix-animation-output-transform"/>
        <input semantic="INTERPOLATION" source="#mixamorig_RightHandMiddle1-Interpolations"/>
      </sampler>
      <channel source="#mixamorig_RightHandMiddle1-Matrix-animation-transform" target="mixamorig_RightHandMiddle1/matrix"/>
    </animation>
    <animation id="mixamorig_RightHandMiddle2-anim" name="mixamorig_RightHandMiddle2">
      <source id="mixamorig_RightHandMiddle2-Matrix-animation-input">
        <float_array id="mixamorig_RightHandMiddle2-Matrix-animation-input-array" count="32">

0.000000 0.033333 0.066667 0.100000 0.133333 0.166667 0.200000 0.233333 0.266667 0.300000 0.333333 0.366667 0.400000 0.433333 0.466667 0.500000
0.533333 0.566667 0.600000 0.633333 0.666667 0.700000 0.733333 0.766667 0.800000 0.833333 0.866667 0.900000 0.933333 0.966667 1.000000 1.033333</float_array>
        <technique_common>
          <accessor source="#mixamorig_RightHandMiddle2-Matrix-animation-input-array" count="32">
            <param name="TIME" type="float"/>
          </accessor>
        </technique_common>
      </source>
      <source id="mixamorig_RightHandMiddle2-Matrix-animation-output-transform">
        <float_array id="mixamorig_RightHandMiddle2-Matrix-animation-output-transform-array" count="512">

0.993599 0.112955 0.001613 -0.000000 -0.031145 0.287637 -0.957233 3.418400 -0.108589 0.951055 0.289313 -0.000000 0.000000 0.000000 0.000000 1.000000
0.993414 0.114576 -0.000450 -0.000000 -0.031601 0.270214 -0.962282 3.418400 -0.110133 0.955959 0.272055 0.000000 0.000000 0.000000 0.000000 1.000000
0.993214 0.116269 -0.002669 0.000000 -0.032075 0.251790 -0.967250 3.418400 -0.111789 0.960772 0.253811 0.000000 0.000000 0.000000 0.000000 1.000000
0.993006 0.117958 -0.004948 0.000000 -0.032554 0.233286 -0.971863 3.418400 -0.113485 0.965227 0.235495 0.000000 0.000000 0.000000 0.000000 1.000000
0.992784 0.119685 -0.007459 0.000000 -0.032948 0.212443 -0.976618 3.418400 -0.115302 0.969816 0.214854 0.000000 0.000000 0.000000 0.000000 1.000000
0.992514 0.121705 -0.010209 0.000000 -0.033300 0.189246 -0.981365 3.418400 -0.117505 0.974358 0.191882 0.000000 0.000000 0.000000 0.000000 1.000000
0.992285 0.123333 -0.012651 0.000000 -0.033601 0.169300 -0.984992 3.418400 -0.119340 0.977817 0.172138 0.000000 0.000000 0.000000 0.000000 1.000000
0.992201 0.123837 -0.014173 0.000000 -0.033917 0.158824 -0.986724 3.418400 -0.119942 0.979510 0.161786 0.000000 0.000000 0.000000 0.000000 1.000000
0.992129 0.124281 -0.015280 0.000000 -0.034155 0.151191 -0.987914 3.418400 -0.120469 0.980661 0.154245 0.000000 0.000000 0.000000 0.000000 1.000000
0.991982 0.125259 -0.016815 0.000000 -0.034299 0.138764 -0.989731 3.418400 -0.121639 0.982372 0.141948 0.000000 0.000000 0.000000 0.000000 1.000000
0.991864 0.126029 -0.017980 -0.000000 -0.034370 0.129111 -0.991034 3.418400 -0.122577 0.983589 0.132392 0.000000 0.000000 0.000000 0.000000 1.000000
0.991792 0.126498 -0.018651 -0.000000 -0.034407 0.123533 -0.991744 3.418400 -0.123150 0.984245 0.126872 0.000000 0.000000 0.000000 0.000000 1.000000
0.991728 0.126890 -0.019338 0.000000 -0.034445 0.117965 -0.992420 3.418400 -0.123647 0.984877 0.121360 0.000000 0.000000 0.000000 0.000000 1.000000
0.991690 0.127111 -0.019826 0.000000 -0.034477 0.114119 -0.992869 3.418400 -0.123942 0.985302 0.117553 -0.000000 0.000000 0.000000 0.000000 1.000000
0.991709 0.127011 -0.019547 0.000000 -0.034464 0.116338 -0.992612 3.418400 -0.123798 0.985055 0.119751 0.000000 0.000000 0.000000 0.000000 1.000000
0.991781 0.126578 -0.018685 -0.000000 -0.034419 0.123278 -0.991775 3.418400 -0.123233 0.984266 0.126622 -0.000000 0.000000 0.000000 0.000000 1.000000
0.991910 0.125764 -0.017281 -0.000000 -0.034288 0.134355 -0.990340 3.418400 -0.122227 0.982920 0.137580 -0.000000 0.000000 0.000000 0.000000 1.000000
0.992144 0.124216 -0.014873 -0.000000 -0.034203 0.154968 -0.987327 3.418400 -0.120337 0.980079 0.157999 0.000000 0.000000 0.000000 0.000000 1.000000
0.992595 0.121009 -0.010575 -0.000000 -0.034247 0.195259 -0.980154 3.418400 -0.116543 0.973258 0.197958 0.000000 0.000000 0.000000 0.000000 1.000000
0.993148 0.116764 -0.004900 0.000000 -0.033668 0.245720 -0.968756 3.418400 -0.111912 0.962283 0.247967 0.000000 0.000000 0.000000 0.000000 1.000000
0.993706 0.112014 0.001152 0.000000 -0.032529 0.298380 -0.953893 3.418400 -0.107194 0.947851 0.300145 0.000000 0.000000 0.000000 0.000000 1.000000
0.994197 0.107373 0.006542 0.000000 -0.031112 0.345225 -0.938004 3.418400 -0.102975 0.932358 0.346562 0.000000 0.000000 0.000000 0.000000 1.000000
0.994563 0.103589 0.010632 -0.000000 -0.029841 0.381341 -0.923953 3.418400 -0.099766 0.918612 0.382359 0.000000 0.000000 0.000000 0.000000 1.000000
0.994733 0.101730 0.012573 0.000000 -0.029140 0.398242 -0.916818 3.418400 -0.098275 0.911622 0.399108 -0.000000 0.000000 0.000000 0.000000 1.000000
0.994729 0.101754 0.012634 0.000000 -0.029049 0.397833 -0.916998 3.418400 -0.098334 0.911798 0.398692 0.000000 0.000000 0.000000 0.000000 1.000000
0.994649 0.102617 0.011930 0.000000 -0.029163 0.389691 -0.920484 3.418400 -0.099107 0.915211 0.390598 0.000000 0.000000 0.000000 0.000000 1.000000
0.994436 0.104855 0.010115 0.000000 -0.029445 0.368872 -0.929014 3.418400 -0.101143 0.923547 0.369907 -0.000000 0.000000 0.000000 0.000000 1.000000
0.994166 0.107587 0.007711 0.000000 -0.029798 0.342651 -0.938990 3.418400 -0.103665 0.933282 0.343858 -0.000000 0.000000 0.000000 0.000000 1.000000
0.993945 0.109740 0.005452 0.000000 -0.030325 0.321678 -0.946363 3.418400 -0.105607 0.940468 0.323058 0.000000 0.000000 0.000000 0.000000 1.000000
0.993773 0.111368 0.003542 0.000000 -0.030829 0.305360 -0.951738 3.418400 -0.107075 0.945702 0.306892 0.000000 0.000000 0.000000 0.000000 1.000000
0.993646 0.112532 0.002129 0.000000 -0.031108 0.292753 -0.955682 3.418400 -0.108168 0.949543 0.294394 0.000000 0.000000 0.000000 0.000000 1.000000
0.993599 0.112950 0.001568 0.000000 -0.031187 0.287638 -0.957231 3.418400 -0.108570 0.951056 0.289319 0.000000 0.000000 0.000000 0.000000 1.000000</float_array>
        <technique_common>
          <accessor source="#mixamorig_RightHandMiddle2-Matrix-animation-output-transform-array" count="32" stride="16">
            <param type="float4x4"/>
          </accessor>
        </technique_common>
      </source>
      <source id="mixamorig_RightHandMiddle2-Interpolations">
        <Name_array id="mixamorig_RightHandMiddle2-Interpolations-array" count="32">
 LINEAR LINEAR LINEAR LINEAR LINEAR LINEAR LINEAR LINEAR LINEAR LINEAR LINEAR
LINEAR LINEAR LINEAR LINEAR LINEAR LINEAR LINEAR LINEAR LINEAR LINEAR LINEAR LINEAR
LINEAR LINEAR LINEAR LINEAR LINEAR LINEAR LINEAR LINEAR LINEAR</Name_array>
        <technique_common>
          <accessor source="#mixamorig_RightHandMiddle2-Interpolations-array" count="32">
            <param type="name"/>
          </accessor>
        </technique_common>
      </source>
      <sampler id="mixamorig_RightHandMiddle2-Matrix-animation-transform">
        <input semantic="INPUT" source="#mixamorig_RightHandMiddle2-Matrix-animation-input"/>
        <input semantic="OUTPUT" source="#mixamorig_RightHandMiddle2-Matrix-animation-output-transform"/>
        <input semantic="INTERPOLATION" source="#mixamorig_RightHandMiddle2-Interpolations"/>
      </sampler>
      <channel source="#mixamorig_RightHandMiddle2-Matrix-animation-transform" target="mixamorig_RightHandMiddle2/matrix"/>
    </animation>
    <animation id="mixamorig_RightHandMiddle3-anim" name="mixamorig_RightHandMiddle3">
      <source id="mixamorig_RightHandMiddle3-Matrix-animation-input">
        <float_array id="mixamorig_RightHandMiddle3-Matrix-animation-input-array" count="32">

0.000000 0.033333 0.066667 0.100000 0.133333 0.166667 0.200000 0.233333 0.266667 0.300000 0.333333 0.366667 0.400000 0.433333 0.466667 0.500000
0.533333 0.566667 0.600000 0.633333 0.666667 0.700000 0.733333 0.766667 0.800000 0.833333 0.866667 0.900000 0.933333 0.966667 1.000000 1.033333</float_array>
        <technique_common>
          <accessor source="#mixamorig_RightHandMiddle3-Matrix-animation-input-array" count="32">
            <param name="TIME" type="float"/>
          </accessor>
        </technique_common>
      </source>
      <source id="mixamorig_RightHandMiddle3-Matrix-animation-output-transform">
        <float_array id="mixamorig_RightHandMiddle3-Matrix-animation-output-transform-array" count="512">

1.000000 0.000000 -0.000000 -0.000000 -0.000000 1.000000 0.000000 3.298600 0.000000 -0.000000 1.000000 0.000000 0.000000 0.000000 0.000000 1.000000
1.000000 -0.000000 0.000000 0.000000 0.000000 1.000000 -0.000000 3.298600 0.000000 0.000000 1.000000 0.000000 0.000000 0.000000 0.000000 1.000000
1.000000 0.000000 -0.000000 0.000000 0.000000 1.000000 -0.000000 3.298600 0.000000 -0.000000 1.000000 0.000000 0.000000 0.000000 0.000000 1.000000
1.000000 -0.000000 0.000000 0.000000 0.000000 1.000000 0.000000 3.298600 0.000000 0.000000 1.000000 -0.000000 0.000000 0.000000 0.000000 1.000000
1.000000 0.000000 0.000000 0.000000 -0.000000 1.000000 0.000000 3.298600 -0.000000 0.000000 1.000000 0.000000 0.000000 0.000000 0.000000 1.000000
1.000000 0.000000 -0.000000 -0.000000 -0.000000 1.000000 0.000000 3.298600 0.000000 0.000000 1.000000 0.000000 0.000000 0.000000 0.000000 1.000000
1.000000 0.000000 0.000000 0.000000 0.000000 1.000000 0.000000 3.298600 0.000000 -0.000000 1.000000 -0.000000 0.000000 0.000000 0.000000 1.000000
1.000000 -0.000000 -0.000000 -0.000000 -0.000000 1.000000 0.000000 3.298600 -0.000000 -0.000000 1.000000 -0.000000 0.000000 0.000000 0.000000 1.000000
1.000000 0.000000 0.000000 0.000000 -0.000000 1.000000 0.000000 3.298600 -0.000000 0.000000 1.000000 -0.000000 0.000000 0.000000 0.000000 1.000000
1.000000 0.000000 0.000000 0.000000 0.000000 1.000000 0.000000 3.298600 0.000000 0.000000 1.000000 0.000000 0.000000 0.000000 0.000000 1.000000
1.000000 0.000000 0.000000 0.000000 0.000000 1.000000 0.000000 3.298600 -0.000000 0.000000 1.000000 -0.000000 0.000000 0.000000 0.000000 1.000000
1.000000 0.000000 -0.000000 -0.000000 0.000000 1.000000 0.000000 3.298600 0.000000 -0.000000 1.000000 0.000000 0.000000 0.000000 0.000000 1.000000
1.000000 -0.000000 0.000000 -0.000000 0.000000 1.000000 -0.000000 3.298600 -0.000000 0.000000 1.000000 0.000000 0.000000 0.000000 0.000000 1.000000
1.000000 0.000000 0.000000 0.000000 -0.000000 1.000000 0.000000 3.298600 -0.000000 -0.000000 1.000000 0.000000 0.000000 0.000000 0.000000 1.000000
1.000000 0.000000 -0.000000 0.000000 -0.000000 1.000000 0.000000 3.298600 0.000000 -0.000000 1.000000 0.000000 0.000000 0.000000 0.000000 1.000000
1.000000 -0.000000 0.000000 0.000000 0.000000 1.000000 -0.000000 3.298600 -0.000000 -0.000000 1.000000 0.000000 0.000000 0.000000 0.000000 1.000000
1.000000 -0.000000 0.000000 -0.000000 -0.000000 1.000000 -0.000000 3.298600 -0.000000 -0.000000 1.000000 0.000000 0.000000 0.000000 0.000000 1.000000
1.000000 -0.000000 0.000000 0.000000 0.000000 1.000000 -0.000000 3.298600 0.000000 -0.000000 1.000000 0.000000 0.000000 0.000000 0.000000 1.000000
1.000000 0.000000 -0.000000 0.000000 0.000000 1.000000 0.000000 3.298600 -0.000000 -0.000000 1.000000 0.000000 0.000000 0.000000 0.000000 1.000000
1.000000 -0.000000 0.000000 -0.000000 0.000000 1.000000 -0.000000 3.298600 -0.000000 0.000000 1.000000 0.000000 0.000000 0.000000 0.000000 1.000000
1.000000 0.000000 -0.000000 0.000000 -0.000000 1.000000 0.000000 3.298600 0.000000 -0.000000 1.000000 0.000000 0.000000 0.000000 0.000000 1.000000
1.000000 0.000000 -0.000000 0.000000 0.000000 1.000000 -0.000000 3.298600 0.000000 -0.000000 1.000000 0.000000 0.000000 0.000000 0.000000 1.000000
1.000000 -0.000000 0.000000 -0.000000 -0.000000 1.000000 -0.000000 3.298600 0.000000 0.000000 1.000000 0.000000 0.000000 0.000000 0.000000 1.000000
1.000000 0.000000 0.000000 0.000000 0.000000 1.000000 0.000000 3.298600 -0.000000 -0.000000 1.000000 0.000000 0.000000 0.000000 0.000000 1.000000
1.000000 -0.000000 -0.000000 -0.000000 0.000000 1.000000 -0.000000 3.298600 0.000000 0.000000 1.000000 0.000000 0.000000 0.000000 0.000000 1.000000
1.000000 0.000000 -0.000000 0.000000 -0.000000 1.000000 -0.000000 3.298600 0.000000 0.000000 1.000000 0.000000 0.000000 0.000000 0.000000 1.000000
1.000000 0.000000 -0.000000 0.000000 -0.000000 1.000000 0.000000 3.298600 0.000000 -0.000000 1.000000 0.000000 0.000000 0.000000 0.000000 1.000000
1.000000 0.000000 0.000000 0.000000 0.000000 1.000000 0.000000 3.298600 -0.000000 0.000000 1.000000 0.000000 0.000000 0.000000 0.000000 1.000000
1.000000 0.000000 0.000000 0.000000 -0.000000 1.000000 0.000000 3.298600 0.000000 -0.000000 1.000000 0.000000 0.000000 0.000000 0.000000 1.000000
1.000000 -0.000000 0.000000 0.000000 0.000000 1.000000 -0.000000 3.298600 0.000000 0.000000 1.000000 0.000000 0.000000 0.000000 0.000000 1.000000
1.000000 -0.000000 0.000000 0.000000 0.000000 1.000000 0.000000 3.298600 -0.000000 -0.000000 1.000000 0.000000 0.000000 0.000000 0.000000 1.000000
1.000000 0.000000 0.000000 -0.000000 -0.000000 1.000000 0.000000 3.298600 -0.000000 -0.000000 1.000000 -0.000000 0.000000 0.000000 0.000000 1.000000</float_array>
        <technique_common>
          <accessor source="#mixamorig_RightHandMiddle3-Matrix-animation-output-transform-array" count="32" stride="16">
            <param type="float4x4"/>
          </accessor>
        </technique_common>
      </source>
      <source id="mixamorig_RightHandMiddle3-Interpolations">
        <Name_array id="mixamorig_RightHandMiddle3-Interpolations-array" count="32">
 LINEAR LINEAR LINEAR LINEAR LINEAR LINEAR LINEAR LINEAR LINEAR LINEAR LINEAR
LINEAR LINEAR LINEAR LINEAR LINEAR LINEAR LINEAR LINEAR LINEAR LINEAR LINEAR LINEAR
LINEAR LINEAR LINEAR LINEAR LINEAR LINEAR LINEAR LINEAR LINEAR</Name_array>
        <technique_common>
          <accessor source="#mixamorig_RightHandMiddle3-Interpolations-array" count="32">
            <param type="name"/>
          </accessor>
        </technique_common>
      </source>
      <sampler id="mixamorig_RightHandMiddle3-Matrix-animation-transform">
        <input semantic="INPUT" source="#mixamorig_RightHandMiddle3-Matrix-animation-input"/>
        <input semantic="OUTPUT" source="#mixamorig_RightHandMiddle3-Matrix-animation-output-transform"/>
        <input semantic="INTERPOLATION" source="#mixamorig_RightHandMiddle3-Interpolations"/>
      </sampler>
      <channel source="#mixamorig_RightHandMiddle3-Matrix-animation-transform" target="mixamorig_RightHandMiddle3/matrix"/>
    </animation>
    <animation id="mixamorig_RightHandRing1-anim" name="mixamorig_RightHandRing1">
      <source id="mixamorig_RightHandRing1-Matrix-animation-input">
        <float_array id="mixamorig_RightHandRing1-Matrix-animation-input-array" count="32">

0.000000 0.033333 0.066667 0.100000 0.133333 0.166667 0.200000 0.233333 0.266667 0.300000 0.333333 0.366667 0.400000 0.433333 0.466667 0.500000
0.533333 0.566667 0.600000 0.633333 0.666667 0.700000 0.733333 0.766667 0.800000 0.833333 0.866667 0.900000 0.933333 0.966667 1.000000 1.033333</float_array>
        <technique_common>
          <accessor source="#mixamorig_RightHandRing1-Matrix-animation-input-array" count="32">
            <param name="TIME" type="float"/>
          </accessor>
        </technique_common>
      </source>
      <source id="mixamorig_RightHandRing1-Matrix-animation-output-transform">
        <float_array id="mixamorig_RightHandRing1-Matrix-animation-output-transform-array" count="512">

0.996975 0.077598 -0.004344 -2.998700 -0.055059 0.665742 -0.744148 12.329100 -0.054852 0.742136 0.668001 -0.107000 0.000000 0.000000 0.000000 1.000000
0.996706 0.080861 -0.006265 -2.998700 -0.057423 0.649031 -0.758592 12.329100 -0.057274 0.756453 0.651536 -0.107000 0.000000 0.000000 0.000000 1.000000
0.996484 0.083375 -0.008267 -2.998700 -0.059406 0.633517 -0.771445 12.329100 -0.059082 0.769224 0.636242 -0.107000 0.000000 0.000000 0.000000 1.000000
0.996270 0.085673 -0.010272 -2.998700 -0.061161 0.617171 -0.784449 12.329100 -0.060866 0.782151 0.620109 -0.107000 0.000000 0.000000 0.000000 1.000000
0.995997 0.088506 -0.012520 -2.998700 -0.063249 0.598833 -0.798372 12.329100 -0.063163 0.795968 0.602034 -0.107000 0.000000 0.000000 0.000000 1.000000
0.995753 0.090935 -0.014387 -2.998700 -0.064663 0.579552 -0.812366 12.329100 -0.065534 0.809846 0.582971 -0.107000 0.000000 0.000000 0.000000 1.000000
0.995503 0.093294 -0.016445 -2.998700 -0.066405 0.563426 -0.823494 12.329100 -0.067562 0.820882 0.567087 -0.107000 0.000000 0.000000 0.000000 1.000000
0.995341 0.094667 -0.018312 -2.998700 -0.067937 0.553773 -0.829891 12.329100 -0.068423 0.827269 0.557624 -0.107000 0.000000 0.000000 0.000000 1.000000
0.995477 0.093131 -0.018750 -2.998700 -0.067046 0.548918 -0.833183 12.329100 -0.067303 0.830672 0.552679 -0.107000 0.000000 0.000000 0.000000 1.000000
0.995568 0.092114 -0.018938 -2.998700 -0.066085 0.542012 -0.837768 12.329100 -0.066906 0.835307 0.545698 -0.107000 0.000000 0.000000 0.000000 1.000000
0.995607 0.091659 -0.019117 -2.998700 -0.065546 0.536495 -0.841354 12.329100 -0.066861 0.838911 0.540146 -0.107000 0.000000 0.000000 0.000000 1.000000
0.995773 0.089921 -0.018693 -2.998700 -0.064159 0.535429 -0.842140 12.329100 -0.065718 0.839780 0.538935 -0.107000 0.000000 0.000000 0.000000 1.000000
0.995733 0.090308 -0.018961 -2.998700 -0.064212 0.530537 -0.845226 12.329100 -0.066271 0.842837 0.534072 -0.107000 0.000000 0.000000 0.000000 1.000000
0.995567 0.091976 -0.019680 -2.998700 -0.065259 0.524779 -0.848733 12.329100 -0.067736 0.846255 0.528455 -0.107000 0.000000 0.000000 0.000000 1.000000
0.995434 0.093322 -0.020062 -2.998700 -0.066144 0.522834 -0.849865 12.329100 -0.068822 0.847311 0.526619 -0.107000 0.000000 0.000000 0.000000 1.000000
0.995271 0.094987 -0.020319 -2.998700 -0.067303 0.523513 -0.849355 12.329100 -0.070041 0.846706 0.527430 -0.107000 0.000000 0.000000 0.000000 1.000000
0.995264 0.095221 -0.019542 -2.998700 -0.067292 0.529849 -0.845418 12.329100 -0.070147 0.842730 0.533747 -0.107000 0.000000 0.000000 0.000000 1.000000
0.995459 0.093550 -0.017602 -2.998700 -0.065999 0.545019 -0.835822 12.329100 -0.068598 0.833188 0.548718 -0.107000 0.000000 0.000000 0.000000 1.000000
0.997934 0.064243 0.000747 -2.998700 -0.036667 0.579048 -0.814469 12.329100 -0.052757 0.812759 0.580207 -0.107000 0.000000 0.000000 0.000000 1.000000
0.999368 0.025112 0.025165 -2.998700 0.004135 0.620934 -0.783852 12.329100 -0.035310 0.783460 0.620438 -0.107000 0.000000 0.000000 0.000000 1.000000
0.999301 0.029082 0.023469 -2.998700 -0.001714 0.663014 -0.748605 12.329100 -0.037332 0.748042 0.662601 -0.107000 0.000000 0.000000 0.000000 1.000000
0.998711 0.049366 0.011814 -2.998700 -0.026268 0.701787 -0.711902 12.329100 -0.043434 0.710674 0.702179 -0.107000 0.000000 0.000000 0.000000 1.000000
0.997833 0.065754 0.002442 -2.998700 -0.046284 0.727781 -0.684246 12.329100 -0.046770 0.682650 0.729247 -0.107000 0.000000 0.000000 0.000000 1.000000
0.997837 0.065697 0.002137 -2.998700 -0.047257 0.739591 -0.671395 12.329100 -0.045689 0.669842 0.741096 -0.107000 0.000000 0.000000 0.000000 1.000000
0.997995 0.063235 0.002626 -2.998700 -0.045379 0.743875 -0.666776 12.329100 -0.044117 0.665320 0.745253 -0.107000 0.000000 0.000000 0.000000 1.000000
0.997898 0.064762 0.002116 -2.998700 -0.046422 0.737329 -0.673937 12.329100 -0.045206 0.672422 0.738786 -0.107000 0.000000 0.000000 0.000000 1.000000
0.997696 0.067835 0.001143 -2.998700 -0.048383 0.723219 -0.688922 12.329100 -0.047560 0.687280 0.724834 -0.107000 0.000000 0.000000 0.000000 1.000000
0.997628 0.068839 0.000308 -2.998700 -0.048681 0.708647 -0.703882 12.329100 -0.048672 0.702197 0.710317 -0.107000 0.000000 0.000000 0.000000 1.000000
0.997510 0.070512 -0.001004 -2.998700 -0.049867 0.695236 -0.717049 12.329100 -0.049862 0.715314 0.697022 -0.107000 0.000000 0.000000 0.000000 1.000000
0.997309 0.073271 -0.002374 -2.998700 -0.051734 0.680476 -0.730942 12.329100 -0.051942 0.729098 0.682435 -0.107000 0.000000 0.000000 0.000000 1.000000
0.997168 0.075130 -0.003512 -2.998700 -0.053211 0.671706 -0.738904 12.329100 -0.053154 0.736998 0.673802 -0.107000 0.000000 0.000000 0.000000 1.000000
0.996975 0.077598 -0.004344 -2.998700 -0.055059 0.665742 -0.744148 12.329100 -0.054853 0.742137 0.668000 -0.107000 0.000000 0.000000 0.000000 1.000000</float_array>
        <technique_common>
          <accessor source="#mixamorig_RightHandRing1-Matrix-animation-output-transform-array" count="32" stride="16">
            <param type="float4x4"/>
          </accessor>
        </technique_common>
      </source>
      <source id="mixamorig_RightHandRing1-Interpolations">
        <Name_array id="mixamorig_RightHandRing1-Interpolations-array" count="32">
 LINEAR LINEAR LINEAR LINEAR LINEAR LINEAR LINEAR LINEAR LINEAR LINEAR LINEAR
LINEAR LINEAR LINEAR LINEAR LINEAR LINEAR LINEAR LINEAR LINEAR LINEAR LINEAR LINEAR
LINEAR LINEAR LINEAR LINEAR LINEAR LINEAR LINEAR LINEAR LINEAR</Name_array>
        <technique_common>
          <accessor source="#mixamorig_RightHandRing1-Interpolations-array" count="32">
            <param type="name"/>
          </accessor>
        </technique_common>
      </source>
      <sampler id="mixamorig_RightHandRing1-Matrix-animation-transform">
        <input semantic="INPUT" source="#mixamorig_RightHandRing1-Matrix-animation-input"/>
        <input semantic="OUTPUT" source="#mixamorig_RightHandRing1-Matrix-animation-output-transform"/>
        <input semantic="INTERPOLATION" source="#mixamorig_RightHandRing1-Interpolations"/>
      </sampler>
      <channel source="#mixamorig_RightHandRing1-Matrix-animation-transform" target="mixamorig_RightHandRing1/matrix"/>
    </animation>
    <animation id="mixamorig_RightHandRing2-anim" name="mixamorig_RightHandRing2">
      <source id="mixamorig_RightHandRing2-Matrix-animation-input">
        <float_array id="mixamorig_RightHandRing2-Matrix-animation-input-array" count="32">

0.000000 0.033333 0.066667 0.100000 0.133333 0.166667 0.200000 0.233333 0.266667 0.300000 0.333333 0.366667 0.400000 0.433333 0.466667 0.500000
0.533333 0.566667 0.600000 0.633333 0.666667 0.700000 0.733333 0.766667 0.800000 0.833333 0.866667 0.900000 0.933333 0.966667 1.000000 1.033333</float_array>
        <technique_common>
          <accessor source="#mixamorig_RightHandRing2-Matrix-animation-input-array" count="32">
            <param name="TIME" type="float"/>
          </accessor>
        </technique_common>
      </source>
      <source id="mixamorig_RightHandRing2-Matrix-animation-output-transform">
        <float_array id="mixamorig_RightHandRing2-Matrix-animation-output-transform-array" count="512">

0.992358 0.068484 -0.102648 0.000000 -0.112521 0.160758 -0.980559 3.058700 -0.050651 0.984615 0.167235 -0.000000 0.000000 0.000000 0.000000 1.000000
0.992211 0.068205 -0.104238 0.000000 -0.112960 0.139870 -0.983705 3.058700 -0.052514 0.987818 0.146485 0.000000 0.000000 0.000000 0.000000 1.000000
0.992068 0.067878 -0.105797 0.000000 -0.113349 0.119250 -0.986373 3.058700 -0.054336 0.990541 0.125998 0.000000 0.000000 0.000000 0.000000 1.000000
0.991958 0.067454 -0.107097 0.000000 -0.113505 0.099683 -0.988524 3.058700 -0.056004 0.992730 0.106538 0.000000 0.000000 0.000000 0.000000 1.000000
0.991833 0.066990 -0.108535 -0.000000 -0.113669 0.078301 -0.990428 3.058700 -0.057850 0.994676 0.085277 -0.000000 0.000000 0.000000 0.000000 1.000000
0.991680 0.066472 -0.110236 -0.000000 -0.113879 0.053744 -0.992040 3.058700 -0.060018 0.996340 0.060867 0.000000 0.000000 0.000000 0.000000 1.000000
0.991554 0.065972 -0.111661 -0.000000 -0.113995 0.032735 -0.992942 3.058700 -0.061851 0.997284 0.039979 0.000000 0.000000 0.000000 0.000000 1.000000
0.991507 0.065578 -0.112308 0.000000 -0.113896 0.021000 -0.993271 3.058700 -0.062778 0.997626 0.028291 0.000000 0.000000 0.000000 0.000000 1.000000
0.991478 0.065237 -0.112763 -0.000000 -0.113760 0.011755 -0.993439 3.058700 -0.063484 0.997801 0.019076 0.000000 0.000000 0.000000 0.000000 1.000000
0.991390 0.064849 -0.113755 0.000000 -0.113771 -0.003461 -0.993501 3.058700 -0.064821 0.997889 0.003947 0.000000 0.000000 0.000000 0.000000 1.000000
0.991328 0.064570 -0.114456 0.000000 -0.113765 -0.014289 -0.993405 3.058700 -0.065780 0.997811 -0.006819 0.000000 0.000000 0.000000 0.000000 1.000000
0.991318 0.064477 -0.114596 -0.000000 -0.113749 -0.016673 -0.993370 3.058700 -0.065960 0.997780 -0.009194 0.000000 0.000000 0.000000 0.000000 1.000000
0.991283 0.064394 -0.114937 0.000000 -0.113733 -0.022085 -0.993266 3.058700 -0.066499 0.997680 -0.014569 0.000000 0.000000 0.000000 0.000000 1.000000
0.991256 0.064328 -0.115214 0.000000 -0.113728 -0.026314 -0.993163 3.058700 -0.066920 0.997582 -0.018768 0.000000 0.000000 0.000000 0.000000 1.000000
0.991270 0.064339 -0.115083 -0.000000 -0.113747 -0.024069 -0.993218 3.058700 -0.066673 0.997638 -0.016540 0.000000 0.000000 0.000000 0.000000 1.000000
0.991330 0.064466 -0.114498 0.000000 -0.113776 -0.014771 -0.993397 3.058700 -0.065731 0.997811 -0.007308 -0.000000 0.000000 0.000000 0.000000 1.000000
0.991413 0.064831 -0.113562 -0.000000 -0.113756 -0.000713 -0.993508 3.058700 -0.064492 0.997896 0.006668 0.000000 0.000000 0.000000 0.000000 1.000000
0.991572 0.065726 -0.111646 0.000000 -0.113576 0.026389 -0.993179 3.058700 -0.062332 0.997489 0.033631 0.000000 0.000000 0.000000 0.000000 1.000000
0.991841 0.067151 -0.108364 0.000000 -0.113125 0.071697 -0.990991 3.058700 -0.058777 0.995163 0.078708 0.000000 0.000000 0.000000 0.000000 1.000000
0.992164 0.068416 -0.104550 -0.000000 -0.112514 0.125342 -0.985713 3.058700 -0.054334 0.989752 0.132057 -0.000000 0.000000 0.000000 0.000000 1.000000
0.992515 0.069357 -0.100512 -0.000000 -0.111647 0.181893 -0.976959 3.058700 -0.049477 0.980869 0.188276 -0.000000 0.000000 0.000000 0.000000 1.000000
0.992854 0.069986 -0.096662 -0.000000 -0.110579 0.234922 -0.965704 3.058700 -0.044878 0.969491 0.240982 0.000000 0.000000 0.000000 0.000000 1.000000
0.993095 0.070334 -0.093892 -0.000000 -0.109699 0.273091 -0.955713 3.058700 -0.041578 0.959414 0.278921 0.000000 0.000000 0.000000 0.000000 1.000000
0.993190 0.070465 -0.092779 0.000000 -0.109344 0.288904 -0.951093 3.058700 -0.040214 0.954761 0.294642 0.000000 0.000000 0.000000 0.000000 1.000000
0.993178 0.070419 -0.092944 -0.000000 -0.109414 0.287144 -0.951618 3.058700 -0.040323 0.955296 0.292890 0.000000 0.000000 0.000000 0.000000 1.000000
0.993108 0.070231 -0.093829 0.000000 -0.109749 0.276319 -0.954779 3.058700 -0.041128 0.958496 0.282123 0.000000 0.000000 0.000000 0.000000 1.000000
0.992938 0.069706 -0.096000 0.000000 -0.110554 0.250061 -0.961898 3.058700 -0.043044 0.965718 0.256001 0.000000 0.000000 0.000000 0.000000 1.000000
0.992756 0.069125 -0.098269 0.000000 -0.111315 0.221415 -0.968806 3.058700 -0.045211 0.972727 0.227506 -0.000000 0.000000 0.000000 0.000000 1.000000
0.992626 0.068830 -0.099781 0.000000 -0.111736 0.200398 -0.973322 3.058700 -0.046998 0.977294 0.206611 0.000000 0.000000 0.000000 0.000000 1.000000
0.992504 0.068599 -0.101148 0.000000 -0.112137 0.182035 -0.976877 3.058700 -0.048601 0.980896 0.188363 0.000000 0.000000 0.000000 0.000000 1.000000
0.992414 0.068524 -0.102078 -0.000000 -0.112417 0.169601 -0.979080 3.058700 -0.049778 0.983128 0.176017 0.000000 0.000000 0.000000 0.000000 1.000000
0.992347 0.068571 -0.102689 -0.000000 -0.112576 0.160755 -0.980553 3.058700 -0.050730 0.984609 0.167245 -0.000000 0.000000 0.000000 0.000000 1.000000</float_array>
        <technique_common>
          <accessor source="#mixamorig_RightHandRing2-Matrix-animation-output-transform-array" count="32" stride="16">
            <param type="float4x4"/>
          </accessor>
        </technique_common>
      </source>
      <source id="mixamorig_RightHandRing2-Interpolations">
        <Name_array id="mixamorig_RightHandRing2-Interpolations-array" count="32">
 LINEAR LINEAR LINEAR LINEAR LINEAR LINEAR LINEAR LINEAR LINEAR LINEAR LINEAR
LINEAR LINEAR LINEAR LINEAR LINEAR LINEAR LINEAR LINEAR LINEAR LINEAR LINEAR LINEAR
LINEAR LINEAR LINEAR LINEAR LINEAR LINEAR LINEAR LINEAR LINEAR</Name_array>
        <technique_common>
          <accessor source="#mixamorig_RightHandRing2-Interpolations-array" count="32">
            <param type="name"/>
          </accessor>
        </technique_common>
      </source>
      <sampler id="mixamorig_RightHandRing2-Matrix-animation-transform">
        <input semantic="INPUT" source="#mixamorig_RightHandRing2-Matrix-animation-input"/>
        <input semantic="OUTPUT" source="#mixamorig_RightHandRing2-Matrix-animation-output-transform"/>
        <input semantic="INTERPOLATION" source="#mixamorig_RightHandRing2-Interpolations"/>
      </sampler>
      <channel source="#mixamorig_RightHandRing2-Matrix-animation-transform" target="mixamorig_RightHandRing2/matrix"/>
    </animation>
    <animation id="mixamorig_RightHandRing3-anim" name="mixamorig_RightHandRing3">
      <source id="mixamorig_RightHandRing3-Matrix-animation-input">
        <float_array id="mixamorig_RightHandRing3-Matrix-animation-input-array" count="32">

0.000000 0.033333 0.066667 0.100000 0.133333 0.166667 0.200000 0.233333 0.266667 0.300000 0.333333 0.366667 0.400000 0.433333 0.466667 0.500000
0.533333 0.566667 0.600000 0.633333 0.666667 0.700000 0.733333 0.766667 0.800000 0.833333 0.866667 0.900000 0.933333 0.966667 1.000000 1.033333</float_array>
        <technique_common>
          <accessor source="#mixamorig_RightHandRing3-Matrix-animation-input-array" count="32">
            <param name="TIME" type="float"/>
          </accessor>
        </technique_common>
      </source>
      <source id="mixamorig_RightHandRing3-Matrix-animation-output-transform">
        <float_array id="mixamorig_RightHandRing3-Matrix-animation-output-transform-array" count="512">

1.000000 -0.000000 -0.000000 0.000000 0.000000 1.000000 0.000000 3.289500 -0.000000 -0.000000 1.000000 0.000000 0.000000 0.000000 0.000000 1.000000
1.000000 -0.000000 -0.000000 -0.000000 0.000000 1.000000 0.000000 3.289500 0.000000 0.000000 1.000000 -0.000000 0.000000 0.000000 0.000000 1.000000
1.000000 -0.000000 -0.000000 0.000000 0.000000 1.000000 -0.000000 3.289500 0.000000 0.000000 1.000000 0.000000 0.000000 0.000000 0.000000 1.000000
1.000000 -0.000000 0.000000 -0.000000 0.000000 1.000000 -0.000000 3.289500 -0.000000 0.000000 1.000000 0.000000 0.000000 0.000000 0.000000 1.000000
1.000000 -0.000000 -0.000000 0.000000 0.000000 1.000000 -0.000000 3.289500 0.000000 0.000000 1.000000 0.000000 0.000000 0.000000 0.000000 1.000000
1.000000 -0.000000 0.000000 0.000000 0.000000 1.000000 0.000000 3.289500 0.000000 0.000000 1.000000 -0.000000 0.000000 0.000000 0.000000 1.000000
1.000000 -0.000000 -0.000000 0.000000 0.000000 1.000000 0.000000 3.289500 0.000000 -0.000000 1.000000 0.000000 0.000000 0.000000 0.000000 1.000000
1.000000 -0.000000 0.000000 -0.000000 0.000000 1.000000 0.000000 3.289500 -0.000000 -0.000000 1.000000 0.000000 0.000000 0.000000 0.000000 1.000000
1.000000 -0.000000 0.000000 0.000000 0.000000 1.000000 -0.000000 3.289500 -0.000000 0.000000 1.000000 0.000000 0.000000 0.000000 0.000000 1.000000
1.000000 -0.000000 0.000000 0.000000 0.000000 1.000000 -0.000000 3.289500 0.000000 0.000000 1.000000 0.000000 0.000000 0.000000 0.000000 1.000000
1.000000 -0.000000 -0.000000 -0.000000 0.000000 1.000000 -0.000000 3.289500 0.000000 0.000000 1.000000 -0.000000 0.000000 0.000000 0.000000 1.000000
1.000000 0.000000 -0.000000 0.000000 -0.000000 1.000000 0.000000 3.289500 0.000000 -0.000000 1.000000 0.000000 0.000000 0.000000 0.000000 1.000000
1.000000 -0.000000 0.000000 0.000000 0.000000 1.000000 -0.000000 3.289500 -0.000000 0.000000 1.000000 0.000000 0.000000 0.000000 0.000000 1.000000
1.000000 -0.000000 -0.000000 0.000000 0.000000 1.000000 0.000000 3.289500 0.000000 -0.000000 1.000000 -0.000000 0.000000 0.000000 0.000000 1.000000
1.000000 0.000000 -0.000000 0.000000 -0.000000 1.000000 -0.000000 3.289500 0.000000 0.000000 1.000000 -0.000000 0.000000 0.000000 0.000000 1.000000
1.000000 0.000000 0.000000 0.000000 -0.000000 1.000000 -0.000000 3.289500 -0.000000 0.000000 1.000000 0.000000 0.000000 0.000000 0.000000 1.000000
1.000000 -0.000000 0.000000 0.000000 0.000000 1.000000 0.000000 3.289500 -0.000000 0.000000 1.000000 0.000000 0.000000 0.000000 0.000000 1.000000
1.000000 0.000000 -0.000000 0.000000 -0.000000 1.000000 0.000000 3.289500 0.000000 -0.000000 1.000000 0.000000 0.000000 0.000000 0.000000 1.000000
1.000000 -0.000000 0.000000 0.000000 0.000000 1.000000 0.000000 3.289500 -0.000000 -0.000000 1.000000 0.000000 0.000000 0.000000 0.000000 1.000000
1.000000 -0.000000 0.000000 0.000000 0.000000 1.000000 -0.000000 3.289500 -0.000000 0.000000 1.000000 0.000000 0.000000 0.000000 0.000000 1.000000
1.000000 -0.000000 0.000000 -0.000000 0.000000 1.000000 0.000000 3.289500 -0.000000 0.000000 1.000000 0.000000 0.000000 0.000000 0.000000 1.000000
1.000000 -0.000000 -0.000000 0.000000 0.000000 1.000000 -0.000000 3.289500 0.000000 0.000000 1.000000 0.000000 0.000000 0.000000 0.000000 1.000000
1.000000 -0.000000 -0.000000 0.000000 0.000000 1.000000 0.000000 3.289500 0.000000 0.000000 1.000000 0.000000 0.000000 0.000000 0.000000 1.000000
1.000000 -0.000000 0.000000 0.000000 0.000000 1.000000 0.000000 3.289500 0.000000 -0.000000 1.000000 0.000000 0.000000 0.000000 0.000000 1.000000
1.000000 0.000000 -0.000000 0.000000 -0.000000 1.000000 0.000000 3.289500 0.000000 -0.000000 1.000000 -0.000000 0.000000 0.000000 0.000000 1.000000
1.000000 -0.000000 -0.000000 0.000000 0.000000 1.000000 -0.000000 3.289500 0.000000 0.000000 1.000000 0.000000 0.000000 0.000000 0.000000 1.000000
1.000000 -0.000000 0.000000 0.000000 0.000000 1.000000 -0.000000 3.289500 0.000000 -0.000000 1.000000 0.000000 0.000000 0.000000 0.000000 1.000000
1.000000 -0.000000 -0.000000 0.000000 0.000000 1.000000 -0.000000 3.289500 0.000000 0.000000 1.000000 0.000000 0.000000 0.000000 0.000000 1.000000
1.000000 -0.000000 0.000000 0.000000 0.000000 1.000000 -0.000000 3.289500 0.000000 -0.000000 1.000000 0.000000 0.000000 0.000000 0.000000 1.000000
1.000000 -0.000000 -0.000000 0.000000 0.000000 1.000000 0.000000 3.289500 -0.000000 0.000000 1.000000 -0.000000 0.000000 0.000000 0.000000 1.000000
1.000000 -0.000000 -0.000000 0.000000 0.000000 1.000000 0.000000 3.289500 0.000000 -0.000000 1.000000 -0.000000 0.000000 0.000000 0.000000 1.000000
1.000000 0.000000 0.000000 0.000000 -0.000000 1.000000 0.000000 3.289500 -0.000000 -0.000000 1.000000 0.000000 0.000000 0.000000 0.000000 1.000000</float_array>
        <technique_common>
          <accessor source="#mixamorig_RightHandRing3-Matrix-animation-output-transform-array" count="32" stride="16">
            <param type="float4x4"/>
          </accessor>
        </technique_common>
      </source>
      <source id="mixamorig_RightHandRing3-Interpolations">
        <Name_array id="mixamorig_RightHandRing3-Interpolations-array" count="32">
 LINEAR LINEAR LINEAR LINEAR LINEAR LINEAR LINEAR LINEAR LINEAR LINEAR LINEAR
LINEAR LINEAR LINEAR LINEAR LINEAR LINEAR LINEAR LINEAR LINEAR LINEAR LINEAR LINEAR
LINEAR LINEAR LINEAR LINEAR LINEAR LINEAR LINEAR LINEAR LINEAR</Name_array>
        <technique_common>
          <accessor source="#mixamorig_RightHandRing3-Interpolations-array" count="32">
            <param type="name"/>
          </accessor>
        </technique_common>
      </source>
      <sampler id="mixamorig_RightHandRing3-Matrix-animation-transform">
        <input semantic="INPUT" source="#mixamorig_RightHandRing3-Matrix-animation-input"/>
        <input semantic="OUTPUT" source="#mixamorig_RightHandRing3-Matrix-animation-output-transform"/>
        <input semantic="INTERPOLATION" source="#mixamorig_RightHandRing3-Interpolations"/>
      </sampler>
      <channel source="#mixamorig_RightHandRing3-Matrix-animation-transform" target="mixamorig_RightHandRing3/matrix"/>
    </animation>
    <animation id="mixamorig_RightHandPinky1-anim" name="mixamorig_RightHandPinky1">
      <source id="mixamorig_RightHandPinky1-Matrix-animation-input">
        <float_array id="mixamorig_RightHandPinky1-Matrix-animation-input-array" count="32">

0.000000 0.033333 0.066667 0.100000 0.133333 0.166667 0.200000 0.233333 0.266667 0.300000 0.333333 0.366667 0.400000 0.433333 0.466667 0.500000
0.533333 0.566667 0.600000 0.633333 0.666667 0.700000 0.733333 0.766667 0.800000 0.833333 0.866667 0.900000 0.933333 0.966667 1.000000 1.033333</float_array>
        <technique_common>
          <accessor source="#mixamorig_RightHandPinky1-Matrix-animation-input-array" count="32">
            <param name="TIME" type="float"/>
          </accessor>
        </technique_common>
      </source>
      <source id="mixamorig_RightHandPinky1-Matrix-animation-output-transform">
        <float_array id="mixamorig_RightHandPinky1-Matrix-animation-output-transform-array" count="512">

0.992149 0.118828 -0.038982 -5.731500 -0.112154 0.707528 -0.697729 11.385500 -0.055329 0.696624 0.715300 0.771000 0.000000 0.000000 0.000000 1.000000
0.991592 0.122496 -0.041712 -5.731500 -0.115519 0.692693 -0.711921 11.385500 -0.058313 0.710754 0.701019 0.771000 0.000000 0.000000 0.000000 1.000000
0.991267 0.124221 -0.044254 -5.731500 -0.117422 0.678764 -0.724908 11.385500 -0.060010 0.723774 0.687423 0.771000 0.000000 0.000000 0.000000 1.000000
0.990836 0.126508 -0.047322 -5.731500 -0.120223 0.666334 -0.735898 11.385500 -0.061564 0.734843 0.675437 0.771000 0.000000 0.000000 0.000000 1.000000
0.990250 0.129705 -0.050806 -5.731500 -0.123905 0.653459 -0.746753 11.385500 -0.063658 0.745767 0.663159 0.771000 0.000000 0.000000 0.000000 1.000000
0.989560 0.133439 -0.054443 -5.731500 -0.127887 0.638880 -0.758602 11.385500 -0.066445 0.757646 0.649275 0.771000 0.000000 0.000000 0.000000 1.000000
0.988902 0.136885 -0.057751 -5.731500 -0.131157 0.621759 -0.772149 11.385500 -0.069788 0.771154 0.632812 0.771000 0.000000 0.000000 0.000000 1.000000
0.988529 0.138494 -0.060245 -5.731500 -0.132682 0.605788 -0.784485 11.385500 -0.072151 0.783479 0.617215 0.771000 0.000000 0.000000 0.000000 1.000000
0.988708 0.136667 -0.061470 -5.731500 -0.132013 0.600222 -0.788864 11.385500 -0.070915 0.788071 0.611486 0.771000 0.000000 0.000000 0.000000 1.000000
0.988747 0.135833 -0.062676 -5.731500 -0.132068 0.595808 -0.792194 11.385500 -0.070264 0.791557 0.607043 0.771000 0.000000 0.000000 0.000000 1.000000
0.988888 0.134649 -0.063014 -5.731500 -0.131109 0.590076 -0.796631 11.385500 -0.070083 0.796040 0.601173 0.771000 0.000000 0.000000 0.000000 1.000000
0.989551 0.130327 -0.061674 -5.731500 -0.127029 0.585682 -0.800525 11.385500 -0.068209 0.799994 0.596118 0.771000 0.000000 0.000000 0.000000 1.000000
0.989844 0.128426 -0.060954 -5.731500 -0.124671 0.578217 -0.806302 11.385500 -0.068305 0.805712 0.588355 0.771000 0.000000 0.000000 0.000000 1.000000
0.990150 0.126517 -0.059969 -5.731500 -0.122303 0.573083 -0.810319 11.385500 -0.068151 0.809672 0.582912 0.771000 0.000000 0.000000 0.000000 1.000000
0.990423 0.124856 -0.058926 -5.731500 -0.120509 0.573526 -0.810275 11.385500 -0.067372 0.809616 0.583080 0.771000 0.000000 0.000000 0.000000 1.000000
0.990379 0.125418 -0.058476 -5.731500 -0.120800 0.577452 -0.807438 11.385500 -0.067500 0.806734 0.587047 0.771000 0.000000 0.000000 0.000000 1.000000
0.990058 0.128028 -0.058263 -5.731500 -0.122716 0.583717 -0.802630 11.385500 -0.068750 0.801800 0.593625 0.771000 0.000000 0.000000 0.000000 1.000000
0.990219 0.127700 -0.056213 -5.731500 -0.122046 0.597511 -0.792518 11.385500 -0.067617 0.791627 0.607252 0.771000 0.000000 0.000000 0.000000 1.000000
0.991126 0.122504 -0.051591 -5.731500 -0.117676 0.628156 -0.769138 11.385500 -0.061815 0.768384 0.636997 0.771000 0.000000 0.000000 0.000000 1.000000
0.991960 0.117980 -0.045789 -5.731500 -0.113385 0.667817 -0.735639 11.385500 -0.056212 0.734916 0.675825 0.771000 0.000000 0.000000 0.000000 1.000000
0.992616 0.114573 -0.039828 -5.731500 -0.109766 0.708711 -0.696908 11.385500 -0.051620 0.696134 0.716054 0.771000 0.000000 0.000000 0.000000 1.000000
0.993273 0.110622 -0.034225 -5.731500 -0.105607 0.744174 -0.659585 11.385500 -0.047496 0.658762 0.750851 0.771000 0.000000 0.000000 0.000000 1.000000
0.993828 0.106771 -0.030111 -5.731500 -0.101667 0.767980 -0.632353 11.385500 -0.044392 0.631512 0.774095 0.771000 0.000000 0.000000 0.000000 1.000000
0.994297 0.102961 -0.027797 -5.731500 -0.097753 0.775665 -0.623528 11.385500 -0.042638 0.622689 0.781306 0.771000 0.000000 0.000000 0.000000 1.000000
0.994854 0.097699 -0.026853 -5.731500 -0.093256 0.779280 -0.619698 11.385500 -0.039617 0.619013 0.784381 0.771000 0.000000 0.000000 0.000000 1.000000
0.994385 0.102055 -0.027978 -5.731500 -0.096884 0.771667 -0.628604 11.385500 -0.042562 0.627785 0.777222 0.771000 0.000000 0.000000 0.000000 1.000000
0.993877 0.106344 -0.029997 -5.731500 -0.100891 0.762726 -0.638803 11.385500 -0.045053 0.637918 0.768785 0.771000 0.000000 0.000000 0.000000 1.000000
0.993957 0.105170 -0.031458 -5.731500 -0.100222 0.752488 -0.650935 11.385500 -0.044787 0.650154 0.758481 0.771000 0.000000 0.000000 0.000000 1.000000
0.994029 0.104064 -0.032806 -5.731500 -0.099372 0.739239 -0.666071 11.385500 -0.045063 0.665354 0.745166 0.771000 0.000000 0.000000 0.000000 1.000000
0.993499 0.108330 -0.034993 -5.731500 -0.102923 0.723365 -0.682752 11.385500 -0.048650 0.681915 0.729812 0.771000 0.000000 0.000000 0.000000 1.000000
0.992956 0.112553 -0.037024 -5.731500 -0.106633 0.712644 -0.693374 11.385500 -0.051656 0.692438 0.719626 0.771000 0.000000 0.000000 0.000000 1.000000
0.992149 0.118828 -0.038982 -5.731500 -0.112154 0.707527 -0.697730 11.385500 -0.055329 0.696624 0.715300 0.771000 0.000000 0.000000 0.000000 1.000000</float_array>
        <technique_common>
          <accessor source="#mixamorig_RightHandPinky1-Matrix-animation-output-transform-array" count="32" stride="16">
            <param type="float4x4"/>
          </accessor>
        </technique_common>
      </source>
      <source id="mixamorig_RightHandPinky1-Interpolations">
        <Name_array id="mixamorig_RightHandPinky1-Interpolations-array" count="32">
 LINEAR LINEAR LINEAR LINEAR LINEAR LINEAR LINEAR LINEAR LINEAR LINEAR LINEAR
LINEAR LINEAR LINEAR LINEAR LINEAR LINEAR LINEAR LINEAR LINEAR LINEAR LINEAR LINEAR
LINEAR LINEAR LINEAR LINEAR LINEAR LINEAR LINEAR LINEAR LINEAR</Name_array>
        <technique_common>
          <accessor source="#mixamorig_RightHandPinky1-Interpolations-array" count="32">
            <param type="name"/>
          </accessor>
        </technique_common>
      </source>
      <sampler id="mixamorig_RightHandPinky1-Matrix-animation-transform">
        <input semantic="INPUT" source="#mixamorig_RightHandPinky1-Matrix-animation-input"/>
        <input semantic="OUTPUT" source="#mixamorig_RightHandPinky1-Matrix-animation-output-transform"/>
        <input semantic="INTERPOLATION" source="#mixamorig_RightHandPinky1-Interpolations"/>
      </sampler>
      <channel source="#mixamorig_RightHandPinky1-Matrix-animation-transform" target="mixamorig_RightHandPinky1/matrix"/>
    </animation>
    <animation id="mixamorig_RightHandPinky2-anim" name="mixamorig_RightHandPinky2">
      <source id="mixamorig_RightHandPinky2-Matrix-animation-input">
        <float_array id="mixamorig_RightHandPinky2-Matrix-animation-input-array" count="32">

0.000000 0.033333 0.066667 0.100000 0.133333 0.166667 0.200000 0.233333 0.266667 0.300000 0.333333 0.366667 0.400000 0.433333 0.466667 0.500000
0.533333 0.566667 0.600000 0.633333 0.666667 0.700000 0.733333 0.766667 0.800000 0.833333 0.866667 0.900000 0.933333 0.966667 1.000000 1.033333</float_array>
        <technique_common>
          <accessor source="#mixamorig_RightHandPinky2-Matrix-animation-input-array" count="32">
            <param name="TIME" type="float"/>
          </accessor>
        </technique_common>
      </source>
      <source id="mixamorig_RightHandPinky2-Matrix-animation-output-transform">
        <float_array id="mixamorig_RightHandPinky2-Matrix-animation-output-transform-array" count="512">

0.981977 0.064094 -0.177801 -0.000000 -0.180789 0.044247 -0.982526 2.856200 -0.055107 0.996962 0.055037 0.000000 0.000000 0.000000 0.000000 1.000000
0.981823 0.061604 -0.179524 0.000000 -0.181127 0.021465 -0.983225 2.856200 -0.056717 0.997870 0.032232 0.000000 0.000000 0.000000 0.000000 1.000000
0.981663 0.058843 -0.181315 0.000000 -0.181451 -0.003063 -0.983395 2.856200 -0.058422 0.998263 0.007670 0.000000 0.000000 0.000000 0.000000 1.000000
0.981559 0.056513 -0.182614 0.000000 -0.181503 -0.024247 -0.983092 2.856200 -0.059986 0.998107 -0.013543 0.000000 0.000000 0.000000 0.000000 1.000000
0.981413 0.053634 -0.184258 0.000000 -0.181707 -0.049125 -0.982125 2.856200 -0.061727 0.997352 -0.038466 -0.000000 0.000000 0.000000 0.000000 1.000000
0.981257 0.050565 -0.185950 -0.000000 -0.181933 -0.074975 -0.980448 2.856200 -0.063518 0.995903 -0.064371 0.000000 0.000000 0.000000 0.000000 1.000000
0.981193 0.048578 -0.186817 0.000000 -0.181789 -0.092885 -0.978941 2.856200 -0.064907 0.994491 -0.082307 0.000000 0.000000 0.000000 0.000000 1.000000
0.981146 0.046888 -0.187495 -0.000000 -0.181608 -0.108213 -0.977399 2.856200 -0.066118 0.993021 -0.097658 0.000000 0.000000 0.000000 0.000000 1.000000
0.981122 0.045619 -0.187933 0.000000 -0.181413 -0.119576 -0.976110 2.856200 -0.067001 0.991776 -0.109043 0.000000 0.000000 0.000000 0.000000 1.000000
0.981083 0.044430 -0.188421 -0.000000 -0.181274 -0.130753 -0.974702 2.856200 -0.067942 0.990419 -0.120226 0.000000 0.000000 0.000000 0.000000 1.000000
0.981069 0.043756 -0.188652 0.000000 -0.181116 -0.137594 -0.973789 2.856200 -0.068567 0.989522 -0.127064 0.000000 0.000000 0.000000 0.000000 1.000000
0.981106 0.043875 -0.188429 0.000000 -0.180816 -0.138499 -0.973716 2.856200 -0.068819 0.989390 -0.127949 0.000000 0.000000 0.000000 0.000000 1.000000
0.981148 0.044164 -0.188145 0.000000 -0.180539 -0.137890 -0.973854 2.856200 -0.068953 0.989462 -0.127317 0.000000 0.000000 0.000000 0.000000 1.000000
0.981168 0.044336 -0.188002 0.000000 -0.180415 -0.137315 -0.973958 2.856200 -0.068997 0.989535 -0.126731 0.000000 0.000000 0.000000 0.000000 1.000000
0.981226 0.045211 -0.187486 0.000000 -0.180264 -0.130572 -0.974913 2.856200 -0.068557 0.990408 -0.119970 -0.000000 0.000000 0.000000 0.000000 1.000000
0.981247 0.045986 -0.187186 0.000000 -0.180310 -0.124257 -0.975730 2.856200 -0.068129 0.991184 -0.113636 0.000000 0.000000 0.000000 0.000000 1.000000
0.981300 0.047467 -0.186539 0.000000 -0.180354 -0.111843 -0.977222 2.856200 -0.067249 0.992592 -0.101190 -0.000000 0.000000 0.000000 0.000000 1.000000
0.981443 0.050368 -0.185019 -0.000000 -0.180167 -0.088083 -0.979684 2.856200 -0.065642 0.994839 -0.077373 -0.000000 0.000000 0.000000 0.000000 1.000000
0.981701 0.055090 -0.182286 0.000000 -0.179703 -0.048705 -0.982514 2.856200 -0.063005 0.997293 -0.037914 -0.000000 0.000000 0.000000 0.000000 1.000000
0.981954 0.060311 -0.179244 -0.000000 -0.179523 -0.000802 -0.983753 2.856200 -0.059475 0.998179 0.010039 -0.000000 0.000000 0.000000 0.000000 1.000000
0.982286 0.066272 -0.175277 0.000000 -0.179048 0.056001 -0.982245 2.856200 -0.055280 0.996229 0.066875 -0.000000 0.000000 0.000000 0.000000 1.000000
0.982634 0.071843 -0.171081 0.000000 -0.178329 0.110878 -0.977704 2.856200 -0.051272 0.991234 0.121764 0.000000 0.000000 0.000000 0.000000 1.000000
0.982846 0.075491 -0.168271 0.000000 -0.177960 0.148669 -0.972742 2.856200 -0.048417 0.986001 0.159553 -0.000000 0.000000 0.000000 0.000000 1.000000
0.982873 0.076651 -0.167584 0.000000 -0.178159 0.162788 -0.970443 2.856200 -0.047105 0.983679 0.173656 0.000000 0.000000 0.000000 0.000000 1.000000
0.982864 0.076598 -0.167664 0.000000 -0.178235 0.162896 -0.970411 2.856200 -0.047020 0.983665 0.173757 0.000000 0.000000 0.000000 0.000000 1.000000
0.982741 0.075327 -0.168956 0.000000 -0.178722 0.150940 -0.972253 2.856200 -0.047734 0.985669 0.161797 0.000000 0.000000 0.000000 0.000000 1.000000
0.982539 0.073044 -0.171121 0.000000 -0.179470 0.129478 -0.975206 2.856200 -0.049076 0.988888 0.140327 0.000000 0.000000 0.000000 0.000000 1.000000
0.982378 0.070838 -0.172960 0.000000 -0.179920 0.107806 -0.977756 2.856200 -0.050616 0.991645 0.118651 0.000000 0.000000 0.000000 0.000000 1.000000
0.982194 0.068299 -0.175015 0.000000 -0.180419 0.083161 -0.980068 2.856200 -0.052383 0.994193 0.094003 -0.000000 0.000000 0.000000 0.000000 1.000000
0.982102 0.066573 -0.176192 0.000000 -0.180514 0.065670 -0.981378 2.856200 -0.053763 0.995618 0.076512 0.000000 0.000000 0.000000 0.000000 1.000000
0.982043 0.065333 -0.176983 0.000000 -0.180552 0.053462 -0.982111 2.856200 -0.054703 0.996430 0.064298 0.000000 0.000000 0.000000 0.000000 1.000000
0.981977 0.064094 -0.177800 0.000000 -0.180788 0.044246 -0.982526 2.856200 -0.055107 0.996962 0.055036 0.000000 0.000000 0.000000 0.000000 1.000000</float_array>
        <technique_common>
          <accessor source="#mixamorig_RightHandPinky2-Matrix-animation-output-transform-array" count="32" stride="16">
            <param type="float4x4"/>
          </accessor>
        </technique_common>
      </source>
      <source id="mixamorig_RightHandPinky2-Interpolations">
        <Name_array id="mixamorig_RightHandPinky2-Interpolations-array" count="32">
 LINEAR LINEAR LINEAR LINEAR LINEAR LINEAR LINEAR LINEAR LINEAR LINEAR LINEAR
LINEAR LINEAR LINEAR LINEAR LINEAR LINEAR LINEAR LINEAR LINEAR LINEAR LINEAR LINEAR
LINEAR LINEAR LINEAR LINEAR LINEAR LINEAR LINEAR LINEAR LINEAR</Name_array>
        <technique_common>
          <accessor source="#mixamorig_RightHandPinky2-Interpolations-array" count="32">
            <param type="name"/>
          </accessor>
        </technique_common>
      </source>
      <sampler id="mixamorig_RightHandPinky2-Matrix-animation-transform">
        <input semantic="INPUT" source="#mixamorig_RightHandPinky2-Matrix-animation-input"/>
        <input semantic="OUTPUT" source="#mixamorig_RightHandPinky2-Matrix-animation-output-transform"/>
        <input semantic="INTERPOLATION" source="#mixamorig_RightHandPinky2-Interpolations"/>
      </sampler>
      <channel source="#mixamorig_RightHandPinky2-Matrix-animation-transform" target="mixamorig_RightHandPinky2/matrix"/>
    </animation>
    <animation id="mixamorig_RightHandPinky3-anim" name="mixamorig_RightHandPinky3">
      <source id="mixamorig_RightHandPinky3-Matrix-animation-input">
        <float_array id="mixamorig_RightHandPinky3-Matrix-animation-input-array" count="32">

0.000000 0.033333 0.066667 0.100000 0.133333 0.166667 0.200000 0.233333 0.266667 0.300000 0.333333 0.366667 0.400000 0.433333 0.466667 0.500000
0.533333 0.566667 0.600000 0.633333 0.666667 0.700000 0.733333 0.766667 0.800000 0.833333 0.866667 0.900000 0.933333 0.966667 1.000000 1.033333</float_array>
        <technique_common>
          <accessor source="#mixamorig_RightHandPinky3-Matrix-animation-input-array" count="32">
            <param name="TIME" type="float"/>
          </accessor>
        </technique_common>
      </source>
      <source id="mixamorig_RightHandPinky3-Matrix-animation-output-transform">
        <float_array id="mixamorig_RightHandPinky3-Matrix-animation-output-transform-array" count="512">

1.000000 0.000000 -0.000000 0.000000 0.000000 1.000000 -0.000000 2.868000 0.000000 -0.000000 1.000000 0.000000 0.000000 0.000000 0.000000 1.000000
1.000000 0.000000 0.000000 -0.000000 0.000000 1.000000 -0.000000 2.868000 -0.000000 -0.000000 1.000000 0.000000 0.000000 0.000000 0.000000 1.000000
1.000000 -0.000000 0.000000 0.000000 0.000000 1.000000 0.000000 2.868000 -0.000000 -0.000000 1.000000 0.000000 0.000000 0.000000 0.000000 1.000000
1.000000 0.000000 -0.000000 0.000000 0.000000 1.000000 -0.000000 2.868000 -0.000000 0.000000 1.000000 0.000000 0.000000 0.000000 0.000000 1.000000
1.000000 -0.000000 0.000000 0.000000 0.000000 1.000000 -0.000000 2.868000 -0.000000 0.000000 1.000000 0.000000 0.000000 0.000000 0.000000 1.000000
1.000000 -0.000000 0.000000 0.000000 0.000000 1.000000 -0.000000 2.868000 -0.000000 0.000000 1.000000 0.000000 0.000000 0.000000 0.000000 1.000000
1.000000 -0.000000 -0.000000 0.000000 0.000000 1.000000 0.000000 2.868000 0.000000 0.000000 1.000000 -0.000000 0.000000 0.000000 0.000000 1.000000
1.000000 0.000000 -0.000000 0.000000 -0.000000 1.000000 -0.000000 2.868000 0.000000 0.000000 1.000000 -0.000000 0.000000 0.000000 0.000000 1.000000
1.000000 0.000000 0.000000 -0.000000 -0.000000 1.000000 0.000000 2.868000 0.000000 -0.000000 1.000000 -0.000000 0.000000 0.000000 0.000000 1.000000
1.000000 -0.000000 0.000000 0.000000 0.000000 1.000000 -0.000000 2.868000 -0.000000 0.000000 1.000000 0.000000 0.000000 0.000000 0.000000 1.000000
1.000000 0.000000 -0.000000 0.000000 0.000000 1.000000 -0.000000 2.868000 -0.000000 0.000000 1.000000 0.000000 0.000000 0.000000 0.000000 1.000000
1.000000 0.000000 0.000000 0.000000 -0.000000 1.000000 0.000000 2.868000 0.000000 -0.000000 1.000000 -0.000000 0.000000 0.000000 0.000000 1.000000
1.000000 -0.000000 0.000000 0.000000 0.000000 1.000000 -0.000000 2.868000 -0.000000 0.000000 1.000000 0.000000 0.000000 0.000000 0.000000 1.000000
1.000000 -0.000000 0.000000 -0.000000 0.000000 1.000000 -0.000000 2.868000 -0.000000 0.000000 1.000000 0.000000 0.000000 0.000000 0.000000 1.000000
1.000000 0.000000 0.000000 0.000000 0.000000 1.000000 0.000000 2.868000 0.000000 -0.000000 1.000000 0.000000 0.000000 0.000000 0.000000 1.000000
1.000000 -0.000000 0.000000 0.000000 0.000000 1.000000 0.000000 2.868000 0.000000 0.000000 1.000000 0.000000 0.000000 0.000000 0.000000 1.000000
1.000000 -0.000000 0.000000 0.000000 0.000000 1.000000 0.000000 2.868000 -0.000000 -0.000000 1.000000 0.000000 0.000000 0.000000 0.000000 1.000000
1.000000 0.000000 -0.000000 -0.000000 0.000000 1.000000 -0.000000 2.868000 -0.000000 -0.000000 1.000000 -0.000000 0.000000 0.000000 0.000000 1.000000
1.000000 -0.000000 -0.000000 0.000000 0.000000 1.000000 -0.000000 2.868000 0.000000 0.000000 1.000000 0.000000 0.000000 0.000000 0.000000 1.000000
1.000000 0.000000 -0.000000 0.000000 -0.000000 1.000000 0.000000 2.868000 0.000000 -0.000000 1.000000 0.000000 0.000000 0.000000 0.000000 1.000000
1.000000 0.000000 -0.000000 0.000000 -0.000000 1.000000 0.000000 2.868000 0.000000 0.000000 1.000000 0.000000 0.000000 0.000000 0.000000 1.000000
1.000000 0.000000 -0.000000 -0.000000 0.000000 1.000000 -0.000000 2.868000 0.000000 0.000000 1.000000 0.000000 0.000000 0.000000 0.000000 1.000000
1.000000 0.000000 -0.000000 0.000000 0.000000 1.000000 -0.000000 2.868000 0.000000 0.000000 1.000000 0.000000 0.000000 0.000000 0.000000 1.000000
1.000000 0.000000 0.000000 -0.000000 0.000000 1.000000 -0.000000 2.868000 0.000000 0.000000 1.000000 0.000000 0.000000 0.000000 0.000000 1.000000
1.000000 -0.000000 -0.000000 0.000000 0.000000 1.000000 -0.000000 2.868000 0.000000 -0.000000 1.000000 -0.000000 0.000000 0.000000 0.000000 1.000000
1.000000 0.000000 -0.000000 0.000000 -0.000000 1.000000 0.000000 2.868000 -0.000000 -0.000000 1.000000 -0.000000 0.000000 0.000000 0.000000 1.000000
1.000000 -0.000000 -0.000000 0.000000 0.000000 1.000000 -0.000000 2.868000 0.000000 0.000000 1.000000 0.000000 0.000000 0.000000 0.000000 1.000000
1.000000 0.000000 -0.000000 0.000000 0.000000 1.000000 -0.000000 2.868000 0.000000 -0.000000 1.000000 0.000000 0.000000 0.000000 0.000000 1.000000
1.000000 -0.000000 0.000000 0.000000 0.000000 1.000000 0.000000 2.868000 -0.000000 -0.000000 1.000000 0.000000 0.000000 0.000000 0.000000 1.000000
1.000000 -0.000000 0.000000 -0.000000 0.000000 1.000000 0.000000 2.868000 -0.000000 -0.000000 1.000000 0.000000 0.000000 0.000000 0.000000 1.000000
1.000000 -0.000000 0.000000 -0.000000 0.000000 1.000000 0.000000 2.868000 -0.000000 -0.000000 1.000000 0.000000 0.000000 0.000000 0.000000 1.000000
1.000000 0.000000 -0.000000 0.000000 -0.000000 1.000000 0.000000 2.868000 0.000000 -0.000000 1.000000 -0.000000 0.000000 0.000000 0.000000 1.000000</float_array>
        <technique_common>
          <accessor source="#mixamorig_RightHandPinky3-Matrix-animation-output-transform-array" count="32" stride="16">
            <param type="float4x4"/>
          </accessor>
        </technique_common>
      </source>
      <source id="mixamorig_RightHandPinky3-Interpolations">
        <Name_array id="mixamorig_RightHandPinky3-Interpolations-array" count="32">
 LINEAR LINEAR LINEAR LINEAR LINEAR LINEAR LINEAR LINEAR LINEAR LINEAR LINEAR
LINEAR LINEAR LINEAR LINEAR LINEAR LINEAR LINEAR LINEAR LINEAR LINEAR LINEAR LINEAR
LINEAR LINEAR LINEAR LINEAR LINEAR LINEAR LINEAR LINEAR LINEAR</Name_array>
        <technique_common>
          <accessor source="#mixamorig_RightHandPinky3-Interpolations-array" count="32">
            <param type="name"/>
          </accessor>
        </technique_common>
      </source>
      <sampler id="mixamorig_RightHandPinky3-Matrix-animation-transform">
        <input semantic="INPUT" source="#mixamorig_RightHandPinky3-Matrix-animation-input"/>
        <input semantic="OUTPUT" source="#mixamorig_RightHandPinky3-Matrix-animation-output-transform"/>
        <input semantic="INTERPOLATION" source="#mixamorig_RightHandPinky3-Interpolations"/>
      </sampler>
      <channel source="#mixamorig_RightHandPinky3-Matrix-animation-transform" target="mixamorig_RightHandPinky3/matrix"/>
    </animation>
    <animation id="mixamorig_Scart1-anim" name="mixamorig_Scart1">
      <source id="mixamorig_Scart1-Matrix-animation-input">
        <float_array id="mixamorig_Scart1-Matrix-animation-input-array" count="32">

0.000000 0.033333 0.066667 0.100000 0.133333 0.166667 0.200000 0.233333 0.266667 0.300000 0.333333 0.366667 0.400000 0.433333 0.466667 0.500000
0.533333 0.566667 0.600000 0.633333 0.666667 0.700000 0.733333 0.766667 0.800000 0.833333 0.866667 0.900000 0.933333 0.966667 1.000000 1.033333</float_array>
        <technique_common>
          <accessor source="#mixamorig_Scart1-Matrix-animation-input-array" count="32">
            <param name="TIME" type="float"/>
          </accessor>
        </technique_common>
      </source>
      <source id="mixamorig_Scart1-Matrix-animation-output-transform">
        <float_array id="mixamorig_Scart1-Matrix-animation-output-transform-array" count="512">

0.999263 -0.038384 0.000000 5.409700 -0.038384 -0.999263 -0.000000 17.819599 -0.000000 0.000000 -1.000000 5.011300 0.000000 0.000000 0.000000 1.000000
0.999263 -0.038384 0.000000 5.409700 -0.038384 -0.999263 -0.000000 17.819599 0.000000 0.000000 -1.000000 5.011300 0.000000 0.000000 0.000000 1.000000
0.999263 -0.038384 -0.000000 5.409700 -0.038384 -0.999263 -0.000000 17.819599 -0.000000 0.000000 -1.000000 5.011300 0.000000 0.000000 0.000000 1.000000
0.999263 -0.038384 -0.000000 5.409700 -0.038384 -0.999263 -0.000000 17.819599 -0.000000 0.000000 -1.000000 5.011300 0.000000 0.000000 0.000000 1.000000
0.999263 -0.038384 -0.000000 5.409700 -0.038384 -0.999263 -0.000000 17.819599 0.000000 0.000000 -1.000000 5.011300 0.000000 0.000000 0.000000 1.000000
0.999263 -0.038384 -0.000000 5.409700 -0.038384 -0.999263 -0.000000 17.819599 -0.000000 0.000000 -1.000000 5.011300 0.000000 0.000000 0.000000 1.000000
0.999263 -0.038384 -0.000000 5.409700 -0.038384 -0.999263 -0.000000 17.819599 0.000000 0.000000 -1.000000 5.011300 0.000000 0.000000 0.000000 1.000000
0.999263 -0.038384 -0.000000 5.409700 -0.038384 -0.999263 -0.000000 17.819599 -0.000000 0.000000 -1.000000 5.011300 0.000000 0.000000 0.000000 1.000000
0.999263 -0.038384 -0.000000 5.409700 -0.038384 -0.999263 -0.000000 17.819599 0.000000 0.000000 -1.000000 5.011300 0.000000 0.000000 0.000000 1.000000
0.999263 -0.038384 0.000000 5.409700 -0.038384 -0.999263 -0.000000 17.819599 0.000000 0.000000 -1.000000 5.011300 0.000000 0.000000 0.000000 1.000000
0.999263 -0.038384 0.000000 5.409700 -0.038384 -0.999263 -0.000000 17.819599 -0.000000 0.000000 -1.000000 5.011300 0.000000 0.000000 0.000000 1.000000
0.999263 -0.038384 -0.000000 5.409700 -0.038384 -0.999263 -0.000000 17.819599 0.000000 0.000000 -1.000000 5.011300 0.000000 0.000000 0.000000 1.000000
0.999263 -0.038384 -0.000000 5.409700 -0.038384 -0.999263 -0.000000 17.819599 -0.000000 0.000000 -1.000000 5.011300 0.000000 0.000000 0.000000 1.000000
0.999263 -0.038384 -0.000000 5.409700 -0.038384 -0.999263 -0.000000 17.819599 0.000000 0.000000 -1.000000 5.011300 0.000000 0.000000 0.000000 1.000000
0.999263 -0.038384 -0.000000 5.409700 -0.038384 -0.999263 -0.000000 17.819599 -0.000000 0.000000 -1.000000 5.011300 0.000000 0.000000 0.000000 1.000000
0.999263 -0.038384 -0.000000 5.409700 -0.038384 -0.999263 -0.000000 17.819599 0.000000 0.000000 -1.000000 5.011300 0.000000 0.000000 0.000000 1.000000
0.999263 -0.038384 -0.000000 5.409700 -0.038384 -0.999263 -0.000000 17.819599 0.000000 0.000000 -1.000000 5.011300 0.000000 0.000000 0.000000 1.000000
0.999263 -0.038384 -0.000000 5.409700 -0.038384 -0.999263 -0.000000 17.819599 -0.000000 0.000000 -1.000000 5.011300 0.000000 0.000000 0.000000 1.000000
0.999263 -0.038384 -0.000000 5.409700 -0.038384 -0.999263 -0.000000 17.819599 0.000000 0.000000 -1.000000 5.011300 0.000000 0.000000 0.000000 1.000000
0.999263 -0.038384 0.000000 5.409700 -0.038384 -0.999263 -0.000000 17.819599 0.000000 0.000000 -1.000000 5.011300 0.000000 0.000000 0.000000 1.000000
0.999263 -0.038384 -0.000000 5.409700 -0.038384 -0.999263 -0.000000 17.819599 0.000000 0.000000 -1.000000 5.011300 0.000000 0.000000 0.000000 1.000000
0.999263 -0.038384 0.000000 5.409700 -0.038384 -0.999263 -0.000000 17.819599 -0.000000 0.000000 -1.000000 5.011300 0.000000 0.000000 0.000000 1.000000
0.999263 -0.038384 0.000000 5.409700 -0.038384 -0.999263 -0.000000 17.819599 -0.000000 0.000000 -1.000000 5.011300 0.000000 0.000000 0.000000 1.000000
0.999263 -0.038384 0.000000 5.409700 -0.038384 -0.999263 -0.000000 17.819599 0.000000 0.000000 -1.000000 5.011300 0.000000 0.000000 0.000000 1.000000
0.999263 -0.038384 0.000000 5.409700 -0.038384 -0.999263 -0.000000 17.819599 -0.000000 0.000000 -1.000000 5.011300 0.000000 0.000000 0.000000 1.000000
0.999263 -0.038384 -0.000000 5.409700 -0.038384 -0.999263 -0.000000 17.819599 -0.000000 0.000000 -1.000000 5.011300 0.000000 0.000000 0.000000 1.000000
0.999263 -0.038384 0.000000 5.409700 -0.038384 -0.999263 -0.000000 17.819599 0.000000 0.000000 -1.000000 5.011300 0.000000 0.000000 0.000000 1.000000
0.999263 -0.038384 0.000000 5.409700 -0.038384 -0.999263 -0.000000 17.819599 0.000000 0.000000 -1.000000 5.011300 0.000000 0.000000 0.000000 1.000000
0.999263 -0.038384 0.000000 5.409700 -0.038384 -0.999263 -0.000000 17.819599 0.000000 0.000000 -1.000000 5.011300 0.000000 0.000000 0.000000 1.000000
0.999263 -0.038384 0.000000 5.409700 -0.038384 -0.999263 -0.000000 17.819599 -0.000000 0.000000 -1.000000 5.011300 0.000000 0.000000 0.000000 1.000000
0.999263 -0.038384 0.000000 5.409700 -0.038384 -0.999263 -0.000000 17.819599 -0.000000 0.000000 -1.000000 5.011300 0.000000 0.000000 0.000000 1.000000
0.999263 -0.038384 0.000000 5.409700 -0.038384 -0.999263 -0.000000 17.819599 0.000000 0.000000 -1.000000 5.011300 0.000000 0.000000 0.000000 1.000000</float_array>
        <technique_common>
          <accessor source="#mixamorig_Scart1-Matrix-animation-output-transform-array" count="32" stride="16">
            <param type="float4x4"/>
          </accessor>
        </technique_common>
      </source>
      <source id="mixamorig_Scart1-Interpolations">
        <Name_array id="mixamorig_Scart1-Interpolations-array" count="32">
 LINEAR LINEAR LINEAR LINEAR LINEAR LINEAR LINEAR LINEAR LINEAR LINEAR LINEAR
LINEAR LINEAR LINEAR LINEAR LINEAR LINEAR LINEAR LINEAR LINEAR LINEAR LINEAR LINEAR
LINEAR LINEAR LINEAR LINEAR LINEAR LINEAR LINEAR LINEAR LINEAR</Name_array>
        <technique_common>
          <accessor source="#mixamorig_Scart1-Interpolations-array" count="32">
            <param type="name"/>
          </accessor>
        </technique_common>
      </source>
      <sampler id="mixamorig_Scart1-Matrix-animation-transform">
        <input semantic="INPUT" source="#mixamorig_Scart1-Matrix-animation-input"/>
        <input semantic="OUTPUT" source="#mixamorig_Scart1-Matrix-animation-output-transform"/>
        <input semantic="INTERPOLATION" source="#mixamorig_Scart1-Interpolations"/>
      </sampler>
      <channel source="#mixamorig_Scart1-Matrix-animation-transform" target="mixamorig_Scart1/matrix"/>
    </animation>
    <animation id="mixamorig_Scart2-anim" name="mixamorig_Scart2">
      <source id="mixamorig_Scart2-Matrix-animation-input">
        <float_array id="mixamorig_Scart2-Matrix-animation-input-array" count="32">

0.000000 0.033333 0.066667 0.100000 0.133333 0.166667 0.200000 0.233333 0.266667 0.300000 0.333333 0.366667 0.400000 0.433333 0.466667 0.500000
0.533333 0.566667 0.600000 0.633333 0.666667 0.700000 0.733333 0.766667 0.800000 0.833333 0.866667 0.900000 0.933333 0.966667 1.000000 1.033333</float_array>
        <technique_common>
          <accessor source="#mixamorig_Scart2-Matrix-animation-input-array" count="32">
            <param name="TIME" type="float"/>
          </accessor>
        </technique_common>
      </source>
      <source id="mixamorig_Scart2-Matrix-animation-output-transform">
        <float_array id="mixamorig_Scart2-Matrix-animation-output-transform-array" count="512">

0.981549 0.191213 0.000000 0.000000 -0.191213 0.981549 -0.000000 9.170600 -0.000000 -0.000000 1.000000 0.000000 0.000000 0.000000 0.000000 1.000000
0.981549 0.191213 0.000000 0.000000 -0.191213 0.981549 0.000000 9.170600 -0.000000 -0.000000 1.000000 -0.000000 0.000000 0.000000 0.000000 1.000000
0.981549 0.191213 -0.000000 0.000000 -0.191213 0.981549 0.000000 9.170600 0.000000 0.000000 1.000000 -0.000000 0.000000 0.000000 0.000000 1.000000
0.981549 0.191213 0.000000 0.000000 -0.191213 0.981549 0.000000 9.170600 0.000000 0.000000 1.000000 -0.000000 0.000000 0.000000 0.000000 1.000000
0.981549 0.191213 -0.000000 0.000000 -0.191213 0.981549 0.000000 9.170600 0.000000 0.000000 1.000000 0.000000 0.000000 0.000000 0.000000 1.000000
0.981549 0.191213 0.000000 0.000000 -0.191213 0.981549 -0.000000 9.170600 -0.000000 0.000000 1.000000 0.000000 0.000000 0.000000 0.000000 1.000000
0.981549 0.191213 0.000000 -0.000000 -0.191213 0.981549 -0.000000 9.170600 0.000000 0.000000 1.000000 0.000000 0.000000 0.000000 0.000000 1.000000
0.981549 0.191213 0.000000 0.000000 -0.191213 0.981549 -0.000000 9.170600 -0.000000 0.000000 1.000000 0.000000 0.000000 0.000000 0.000000 1.000000
0.981549 0.191213 0.000000 0.000000 -0.191213 0.981549 0.000000 9.170600 0.000000 0.000000 1.000000 0.000000 0.000000 0.000000 0.000000 1.000000
0.981549 0.191213 0.000000 0.000000 -0.191213 0.981549 -0.000000 9.170600 0.000000 0.000000 1.000000 0.000000 0.000000 0.000000 0.000000 1.000000
0.981549 0.191213 0.000000 0.000000 -0.191213 0.981549 -0.000000 9.170600 -0.000000 -0.000000 1.000000 0.000000 0.000000 0.000000 0.000000 1.000000
0.981549 0.191213 -0.000000 0.000000 -0.191213 0.981549 0.000000 9.170600 0.000000 0.000000 1.000000 0.000000 0.000000 0.000000 0.000000 1.000000
0.981549 0.191213 0.000000 0.000000 -0.191213 0.981549 0.000000 9.170600 0.000000 0.000000 1.000000 0.000000 0.000000 0.000000 0.000000 1.000000
0.981549 0.191213 -0.000000 0.000000 -0.191213 0.981549 0.000000 9.170600 0.000000 0.000000 1.000000 0.000000 0.000000 0.000000 0.000000 1.000000
0.981549 0.191213 -0.000000 -0.000000 -0.191213 0.981549 -0.000000 9.170600 0.000000 0.000000 1.000000 0.000000 0.000000 0.000000 0.000000 1.000000
0.981549 0.191213 0.000000 -0.000000 -0.191213 0.981549 0.000000 9.170600 -0.000000 -0.000000 1.000000 0.000000 0.000000 0.000000 0.000000 1.000000
0.981549 0.191213 0.000000 0.000000 -0.191213 0.981549 0.000000 9.170600 -0.000000 0.000000 1.000000 -0.000000 0.000000 0.000000 0.000000 1.000000
0.981549 0.191213 -0.000000 0.000000 -0.191213 0.981549 0.000000 9.170600 0.000000 -0.000000 1.000000 0.000000 0.000000 0.000000 0.000000 1.000000
0.981549 0.191213 0.000000 0.000000 -0.191213 0.981549 0.000000 9.170600 -0.000000 0.000000 1.000000 0.000000 0.000000 0.000000 0.000000 1.000000
0.981549 0.191213 -0.000000 0.000000 -0.191213 0.981549 0.000000 9.170600 0.000000 0.000000 1.000000 -0.000000 0.000000 0.000000 0.000000 1.000000
0.981549 0.191213 0.000000 -0.000000 -0.191213 0.981549 0.000000 9.170600 -0.000000 0.000000 1.000000 -0.000000 0.000000 0.000000 0.000000 1.000000
0.981549 0.191213 0.000000 0.000000 -0.191213 0.981549 0.000000 9.170600 -0.000000 -0.000000 1.000000 -0.000000 0.000000 0.000000 0.000000 1.000000
0.981549 0.191213 -0.000000 0.000000 -0.191213 0.981549 0.000000 9.170600 0.000000 -0.000000 1.000000 0.000000 0.000000 0.000000 0.000000 1.000000
0.981549 0.191213 0.000000 0.000000 -0.191213 0.981549 0.000000 9.170600 -0.000000 -0.000000 1.000000 0.000000 0.000000 0.000000 0.000000 1.000000
0.981549 0.191213 0.000000 0.000000 -0.191213 0.981549 -0.000000 9.170600 -0.000000 0.000000 1.000000 -0.000000 0.000000 0.000000 0.000000 1.000000
0.981549 0.191213 -0.000000 0.000000 -0.191213 0.981549 0.000000 9.170600 0.000000 0.000000 1.000000 0.000000 0.000000 0.000000 0.000000 1.000000
0.981549 0.191213 -0.000000 0.000000 -0.191213 0.981549 0.000000 9.170600 0.000000 0.000000 1.000000 0.000000 0.000000 0.000000 0.000000 1.000000
0.981549 0.191213 0.000000 -0.000000 -0.191213 0.981549 0.000000 9.170600 -0.000000 -0.000000 1.000000 0.000000 0.000000 0.000000 0.000000 1.000000
0.981549 0.191213 -0.000000 0.000000 -0.191213 0.981549 -0.000000 9.170600 0.000000 0.000000 1.000000 0.000000 0.000000 0.000000 0.000000 1.000000
0.981549 0.191213 -0.000000 0.000000 -0.191213 0.981549 -0.000000 9.170600 0.000000 -0.000000 1.000000 -0.000000 0.000000 0.000000 0.000000 1.000000
0.981549 0.191213 0.000000 0.000000 -0.191213 0.981549 -0.000000 9.170600 -0.000000 0.000000 1.000000 0.000000 0.000000 0.000000 0.000000 1.000000
0.981549 0.191213 0.000000 0.000000 -0.191213 0.981549 0.000000 9.170600 0.000000 0.000000 1.000000 0.000000 0.000000 0.000000 0.000000 1.000000</float_array>
        <technique_common>
          <accessor source="#mixamorig_Scart2-Matrix-animation-output-transform-array" count="32" stride="16">
            <param type="float4x4"/>
          </accessor>
        </technique_common>
      </source>
      <source id="mixamorig_Scart2-Interpolations">
        <Name_array id="mixamorig_Scart2-Interpolations-array" count="32">
 LINEAR LINEAR LINEAR LINEAR LINEAR LINEAR LINEAR LINEAR LINEAR LINEAR LINEAR
LINEAR LINEAR LINEAR LINEAR LINEAR LINEAR LINEAR LINEAR LINEAR LINEAR LINEAR LINEAR
LINEAR LINEAR LINEAR LINEAR LINEAR LINEAR LINEAR LINEAR LINEAR</Name_array>
        <technique_common>
          <accessor source="#mixamorig_Scart2-Interpolations-array" count="32">
            <param type="name"/>
          </accessor>
        </technique_common>
      </source>
      <sampler id="mixamorig_Scart2-Matrix-animation-transform">
        <input semantic="INPUT" source="#mixamorig_Scart2-Matrix-animation-input"/>
        <input semantic="OUTPUT" source="#mixamorig_Scart2-Matrix-animation-output-transform"/>
        <input semantic="INTERPOLATION" source="#mixamorig_Scart2-Interpolations"/>
      </sampler>
      <channel source="#mixamorig_Scart2-Matrix-animation-transform" target="mixamorig_Scart2/matrix"/>
    </animation>
    <animation id="mixamorig_Scart3-anim" name="mixamorig_Scart3">
      <source id="mixamorig_Scart3-Matrix-animation-input">
        <float_array id="mixamorig_Scart3-Matrix-animation-input-array" count="32">

0.000000 0.033333 0.066667 0.100000 0.133333 0.166667 0.200000 0.233333 0.266667 0.300000 0.333333 0.366667 0.400000 0.433333 0.466667 0.500000
0.533333 0.566667 0.600000 0.633333 0.666667 0.700000 0.733333 0.766667 0.800000 0.833333 0.866667 0.900000 0.933333 0.966667 1.000000 1.033333</float_array>
        <technique_common>
          <accessor source="#mixamorig_Scart3-Matrix-animation-input-array" count="32">
            <param name="TIME" type="float"/>
          </accessor>
        </technique_common>
      </source>
      <source id="mixamorig_Scart3-Matrix-animation-output-transform">
        <float_array id="mixamorig_Scart3-Matrix-animation-output-transform-array" count="512">

1.000000 0.000000 -0.000000 -0.000000 0.000000 1.000000 -0.000000 8.298900 0.000000 0.000000 1.000000 0.000000 0.000000 0.000000 0.000000 1.000000
1.000000 -0.000000 0.000000 -0.000000 0.000000 1.000000 0.000000 8.298900 0.000000 -0.000000 1.000000 0.000000 0.000000 0.000000 0.000000 1.000000
1.000000 0.000000 0.000000 0.000000 0.000000 1.000000 0.000000 8.298900 0.000000 -0.000000 1.000000 0.000000 0.000000 0.000000 0.000000 1.000000
1.000000 -0.000000 0.000000 -0.000000 -0.000000 1.000000 0.000000 8.298900 -0.000000 -0.000000 1.000000 0.000000 0.000000 0.000000 0.000000 1.000000
1.000000 0.000000 0.000000 -0.000000 -0.000000 1.000000 0.000000 8.298900 -0.000000 0.000000 1.000000 -0.000000 0.000000 0.000000 0.000000 1.000000
1.000000 0.000000 0.000000 0.000000 0.000000 1.000000 0.000000 8.298900 0.000000 0.000000 1.000000 -0.000000 0.000000 0.000000 0.000000 1.000000
1.000000 0.000000 0.000000 0.000000 0.000000 1.000000 -0.000000 8.298900 0.000000 0.000000 1.000000 0.000000 0.000000 0.000000 0.000000 1.000000
1.000000 0.000000 -0.000000 0.000000 -0.000000 1.000000 0.000000 8.298900 0.000000 0.000000 1.000000 -0.000000 0.000000 0.000000 0.000000 1.000000
1.000000 -0.000000 -0.000000 0.000000 -0.000000 1.000000 0.000000 8.298900 0.000000 0.000000 1.000000 0.000000 0.000000 0.000000 0.000000 1.000000
1.000000 -0.000000 0.000000 -0.000000 0.000000 1.000000 0.000000 8.298900 -0.000000 -0.000000 1.000000 0.000000 0.000000 0.000000 0.000000 1.000000
1.000000 0.000000 0.000000 0.000000 0.000000 1.000000 0.000000 8.298900 0.000000 0.000000 1.000000 0.000000 0.000000 0.000000 0.000000 1.000000
1.000000 0.000000 0.000000 0.000000 0.000000 1.000000 0.000000 8.298900 0.000000 0.000000 1.000000 -0.000000 0.000000 0.000000 0.000000 1.000000
1.000000 -0.000000 -0.000000 0.000000 -0.000000 1.000000 -0.000000 8.298900 0.000000 0.000000 1.000000 0.000000 0.000000 0.000000 0.000000 1.000000
1.000000 0.000000 0.000000 0.000000 0.000000 1.000000 0.000000 8.298900 -0.000000 0.000000 1.000000 0.000000 0.000000 0.000000 0.000000 1.000000
1.000000 -0.000000 0.000000 0.000000 -0.000000 1.000000 0.000000 8.298900 0.000000 -0.000000 1.000000 0.000000 0.000000 0.000000 0.000000 1.000000
1.000000 0.000000 -0.000000 0.000000 -0.000000 1.000000 0.000000 8.298900 0.000000 -0.000000 1.000000 0.000000 0.000000 0.000000 0.000000 1.000000
1.000000 -0.000000 0.000000 0.000000 0.000000 1.000000 0.000000 8.298900 -0.000000 0.000000 1.000000 0.000000 0.000000 0.000000 0.000000 1.000000
1.000000 0.000000 0.000000 -0.000000 -0.000000 1.000000 -0.000000 8.298900 0.000000 0.000000 1.000000 0.000000 0.000000 0.000000 0.000000 1.000000
1.000000 0.000000 -0.000000 0.000000 0.000000 1.000000 -0.000000 8.298900 -0.000000 0.000000 1.000000 0.000000 0.000000 0.000000 0.000000 1.000000
1.000000 0.000000 -0.000000 0.000000 -0.000000 1.000000 0.000000 8.298900 -0.000000 0.000000 1.000000 0.000000 0.000000 0.000000 0.000000 1.000000
1.000000 -0.000000 0.000000 0.000000 0.000000 1.000000 -0.000000 8.298900 -0.000000 -0.000000 1.000000 0.000000 0.000000 0.000000 0.000000 1.000000
1.000000 -0.000000 0.000000 0.000000 0.000000 1.000000 0.000000 8.298900 -0.000000 -0.000000 1.000000 0.000000 0.000000 0.000000 0.000000 1.000000
1.000000 0.000000 -0.000000 0.000000 -0.000000 1.000000 -0.000000 8.298900 0.000000 0.000000 1.000000 -0.000000 0.000000 0.000000 0.000000 1.000000
1.000000 0.000000 0.000000 0.000000 -0.000000 1.000000 0.000000 8.298900 0.000000 -0.000000 1.000000 0.000000 0.000000 0.000000 0.000000 1.000000
1.000000 -0.000000 0.000000 -0.000000 0.000000 1.000000 -0.000000 8.298900 -0.000000 -0.000000 1.000000 0.000000 0.000000 0.000000 0.000000 1.000000
1.000000 -0.000000 0.000000 -0.000000 -0.000000 1.000000 0.000000 8.298900 0.000000 0.000000 1.000000 0.000000 0.000000 0.000000 0.000000 1.000000
1.000000 0.000000 -0.000000 0.000000 0.000000 1.000000 0.000000 8.298900 -0.000000 0.000000 1.000000 -0.000000 0.000000 0.000000 0.000000 1.000000
1.000000 0.000000 0.000000 0.000000 -0.000000 1.000000 0.000000 8.298900 -0.000000 0.000000 1.000000 0.000000 0.000000 0.000000 0.000000 1.000000
1.000000 0.000000 0.000000 0.000000 0.000000 1.000000 0.000000 8.298900 0.000000 0.000000 1.000000 0.000000 0.000000 0.000000 0.000000 1.000000
1.000000 -0.000000 -0.000000 0.000000 -0.000000 1.000000 0.000000 8.298900 0.000000 -0.000000 1.000000 0.000000 0.000000 0.000000 0.000000 1.000000
1.000000 0.000000 -0.000000 -0.000000 -0.000000 1.000000 -0.000000 8.298900 0.000000 0.000000 1.000000 -0.000000 0.000000 0.000000 0.000000 1.000000
1.000000 0.000000 0.000000 0.000000 0.000000 1.000000 -0.000000 8.298900 0.000000 0.000000 1.000000 0.000000 0.000000 0.000000 0.000000 1.000000</float_array>
        <technique_common>
          <accessor source="#mixamorig_Scart3-Matrix-animation-output-transform-array" count="32" stride="16">
            <param type="float4x4"/>
          </accessor>
        </technique_common>
      </source>
      <source id="mixamorig_Scart3-Interpolations">
        <Name_array id="mixamorig_Scart3-Interpolations-array" count="32">
 LINEAR LINEAR LINEAR LINEAR LINEAR LINEAR LINEAR LINEAR LINEAR LINEAR LINEAR
LINEAR LINEAR LINEAR LINEAR LINEAR LINEAR LINEAR LINEAR LINEAR LINEAR LINEAR LINEAR
LINEAR LINEAR LINEAR LINEAR LINEAR LINEAR LINEAR LINEAR LINEAR</Name_array>
        <technique_common>
          <accessor source="#mixamorig_Scart3-Interpolations-array" count="32">
            <param type="name"/>
          </accessor>
        </technique_common>
      </source>
      <sampler id="mixamorig_Scart3-Matrix-animation-transform">
        <input semantic="INPUT" source="#mixamorig_Scart3-Matrix-animation-input"/>
        <input semantic="OUTPUT" source="#mixamorig_Scart3-Matrix-animation-output-transform"/>
        <input semantic="INTERPOLATION" source="#mixamorig_Scart3-Interpolations"/>
      </sampler>
      <channel source="#mixamorig_Scart3-Matrix-animation-transform" target="mixamorig_Scart3/matrix"/>
    </animation>
    <animation id="mixamorig_LeftUpLeg-anim" name="mixamorig_LeftUpLeg">
      <source id="mixamorig_LeftUpLeg-Matrix-animation-input">
        <float_array id="mixamorig_LeftUpLeg-Matrix-animation-input-array" count="32">

0.000000 0.033333 0.066667 0.100000 0.133333 0.166667 0.200000 0.233333 0.266667 0.300000 0.333333 0.366667 0.400000 0.433333 0.466667 0.500000
0.533333 0.566667 0.600000 0.633333 0.666667 0.700000 0.733333 0.766667 0.800000 0.833333 0.866667 0.900000 0.933333 0.966667 1.000000 1.033333</float_array>
        <technique_common>
          <accessor source="#mixamorig_LeftUpLeg-Matrix-animation-input-array" count="32">
            <param name="TIME" type="float"/>
          </accessor>
        </technique_common>
      </source>
      <source id="mixamorig_LeftUpLeg-Matrix-animation-output-transform">
        <float_array id="mixamorig_LeftUpLeg-Matrix-animation-output-transform-array" count="512">

-0.987364 0.130762 0.089516 8.267000 -0.072399 -0.874719 0.479191 -4.795500 0.140961 0.466655 0.873134 -0.379100 0.000000 0.000000 0.000000 1.000000
-0.988538 0.120847 0.090487 8.267000 -0.056066 -0.850371 0.523188 -4.795500 0.140174 0.512118 0.847400 -0.379100 0.000000 0.000000 0.000000 1.000000
-0.990717 0.108337 0.082111 8.267000 -0.046527 -0.837794 0.544001 -4.795500 0.127727 0.535131 0.835057 -0.379100 0.000000 0.000000 0.000000 1.000000
-0.992486 0.096721 0.074946 8.267000 -0.038929 -0.830282 0.555982 -4.795500 0.116002 0.548887 0.827808 -0.379100 0.000000 0.000000 0.000000 1.000000
-0.993586 0.085628 0.073860 8.267000 -0.028435 -0.821357 0.569705 -4.795500 0.109448 0.563950 0.818524 -0.379100 0.000000 0.000000 0.000000 1.000000
-0.995179 0.073709 0.064700 8.267000 -0.020748 -0.802977 0.595649 -4.795500 0.095857 0.591434 0.800635 -0.379100 0.000000 0.000000 0.000000 1.000000
-0.996168 0.068904 0.053873 8.267000 -0.018644 -0.769067 0.638896 -4.795500 0.085455 0.635443 0.767404 -0.379100 0.000000 0.000000 0.000000 1.000000
-0.995477 0.071587 0.062456 8.267000 -0.012543 -0.750700 0.660525 -4.795500 0.094171 0.656754 0.748202 -0.379100 0.000000 0.000000 0.000000 1.000000
-0.994101 0.068048 0.084449 8.267000 0.002733 -0.762702 0.646744 -4.795500 0.108419 0.643160 0.758017 -0.379100 0.000000 0.000000 0.000000 1.000000
-0.993507 0.067111 0.091873 8.267000 0.010117 -0.752192 0.658867 -4.795500 0.113324 0.655518 0.746628 -0.379100 0.000000 0.000000 0.000000 1.000000
-0.994429 0.051521 0.091955 8.267000 0.019466 -0.767627 0.640601 -4.795500 0.103592 0.638822 0.762348 -0.379100 0.000000 0.000000 0.000000 1.000000
-0.995159 0.033213 0.092499 8.267000 0.033367 -0.771090 0.635851 -4.795500 0.092444 0.635859 0.766249 -0.379100 0.000000 0.000000 0.000000 1.000000
-0.995247 0.012024 0.096640 8.267000 0.047117 -0.809019 0.585891 -4.795500 0.085228 0.587660 0.804607 -0.379100 0.000000 0.000000 0.000000 1.000000
-0.994634 -0.000928 0.103453 8.267000 0.052597 -0.865629 0.497915 -4.795500 0.089090 0.500685 0.861033 -0.379100 0.000000 0.000000 0.000000 1.000000
-0.992045 0.000899 0.125880 8.267000 0.048852 -0.918856 0.391558 -4.795500 0.116017 0.394593 0.911502 -0.379100 0.000000 0.000000 0.000000 1.000000
-0.988813 0.002258 0.149141 8.267000 0.039244 -0.960717 0.274740 -4.795500 0.143903 0.277519 0.949882 -0.379100 0.000000 0.000000 0.000000 1.000000
-0.987176 0.002021 0.159620 8.267000 0.026481 -0.983992 0.176232 -4.795500 0.157421 0.178199 0.971321 -0.379100 0.000000 0.000000 0.000000 1.000000
-0.984918 0.000760 0.173019 8.267000 0.013976 -0.996374 0.083932 -4.795500 0.172455 0.085084 0.981336 -0.379100 0.000000 0.000000 0.000000 1.000000
-0.981904 -0.004905 0.189313 8.267000 0.003145 -0.999949 -0.009594 -4.795500 0.189351 -0.008825 0.981870 -0.379100 0.000000 0.000000 0.000000 1.000000
-0.977979 -0.002239 0.208689 8.267000 -0.014205 -0.996910 -0.077263 -4.795500 0.208217 -0.078526 0.974925 -0.379100 0.000000 0.000000 0.000000 1.000000
-0.974997 0.013304 0.221820 8.267000 -0.035228 -0.994837 -0.095177 -4.795500 0.219409 -0.100612 0.970431 -0.379100 0.000000 0.000000 0.000000 1.000000
-0.976536 0.029348 0.213346 8.267000 -0.050904 -0.994054 -0.096257 -4.795500 0.209252 -0.104859 0.972223 -0.379100 0.000000 0.000000 0.000000 1.000000
-0.978885 0.036791 0.201076 8.267000 -0.058959 -0.992681 -0.105396 -4.795500 0.195727 -0.115026 0.973889 -0.379100 0.000000 0.000000 0.000000 1.000000
-0.975743 0.046838 0.213848 8.267000 -0.079749 -0.985771 -0.147970 -4.795500 0.203874 -0.161435 0.965595 -0.379100 0.000000 0.000000 0.000000 1.000000
-0.975960 0.063305 0.208553 8.267000 -0.100983 -0.979322 -0.175301 -4.795500 0.193143 -0.192148 0.962172 -0.379100 0.000000 0.000000 0.000000 1.000000
-0.976254 0.087138 0.198331 8.267000 -0.103020 -0.992128 -0.071199 -4.795500 0.190565 -0.089941 0.977546 -0.379100 0.000000 0.000000 0.000000 1.000000
-0.978585 0.121828 0.165918 8.267000 -0.119144 -0.992535 0.026076 -4.795500 0.167856 0.005749 0.985795 -0.379100 0.000000 0.000000 0.000000 1.000000
-0.978663 0.146619 0.143953 8.267000 -0.126884 -0.982290 0.137865 -4.795500 0.161617 0.116658 0.979934 -0.379100 0.000000 0.000000 0.000000 1.000000
-0.981716 0.147228 0.120659 8.267000 -0.115396 -0.964414 0.237886 -4.795500 0.151388 0.219613 0.963769 -0.379100 0.000000 0.000000 0.000000 1.000000
-0.986049 0.133607 0.099277 8.267000 -0.095212 -0.941941 0.321996 -4.795500 0.136534 0.308052 0.941521 -0.379100 0.000000 0.000000 0.000000 1.000000
-0.987787 0.127609 0.089399 8.267000 -0.081846 -0.913209 0.399188 -4.795500 0.132580 0.386996 0.912500 -0.379100 0.000000 0.000000 0.000000 1.000000
-0.987364 0.130761 0.089516 8.267000 -0.072399 -0.874720 0.479190 -4.795500 0.140961 0.466654 0.873134 -0.379100 0.000000 0.000000 0.000000 1.000000</float_array>
        <technique_common>
          <accessor source="#mixamorig_LeftUpLeg-Matrix-animation-output-transform-array" count="32" stride="16">
            <param type="float4x4"/>
          </accessor>
        </technique_common>
      </source>
      <source id="mixamorig_LeftUpLeg-Interpolations">
        <Name_array id="mixamorig_LeftUpLeg-Interpolations-array" count="32">
 LINEAR LINEAR LINEAR LINEAR LINEAR LINEAR LINEAR LINEAR LINEAR LINEAR LINEAR
LINEAR LINEAR LINEAR LINEAR LINEAR LINEAR LINEAR LINEAR LINEAR LINEAR LINEAR LINEAR
LINEAR LINEAR LINEAR LINEAR LINEAR LINEAR LINEAR LINEAR LINEAR</Name_array>
        <technique_common>
          <accessor source="#mixamorig_LeftUpLeg-Interpolations-array" count="32">
            <param type="name"/>
          </accessor>
        </technique_common>
      </source>
      <sampler id="mixamorig_LeftUpLeg-Matrix-animation-transform">
        <input semantic="INPUT" source="#mixamorig_LeftUpLeg-Matrix-animation-input"/>
        <input semantic="OUTPUT" source="#mixamorig_LeftUpLeg-Matrix-animation-output-transform"/>
        <input semantic="INTERPOLATION" source="#mixamorig_LeftUpLeg-Interpolations"/>
      </sampler>
      <channel source="#mixamorig_LeftUpLeg-Matrix-animation-transform" target="mixamorig_LeftUpLeg/matrix"/>
    </animation>
    <animation id="mixamorig_LeftLeg-anim" name="mixamorig_LeftLeg">
      <source id="mixamorig_LeftLeg-Matrix-animation-input">
        <float_array id="mixamorig_LeftLeg-Matrix-animation-input-array" count="32">

0.000000 0.033333 0.066667 0.100000 0.133333 0.166667 0.200000 0.233333 0.266667 0.300000 0.333333 0.366667 0.400000 0.433333 0.466667 0.500000
0.533333 0.566667 0.600000 0.633333 0.666667 0.700000 0.733333 0.766667 0.800000 0.833333 0.866667 0.900000 0.933333 0.966667 1.000000 1.033333</float_array>
        <technique_common>
          <accessor source="#mixamorig_LeftLeg-Matrix-animation-input-array" count="32">
            <param name="TIME" type="float"/>
          </accessor>
        </technique_common>
      </source>
      <source id="mixamorig_LeftLeg-Matrix-animation-output-transform">
        <float_array id="mixamorig_LeftLeg-Matrix-animation-output-transform-array" count="512">

0.999776 -0.014472 0.015444 0.000000 -0.008725 0.383009 0.923704 33.831501 -0.019283 -0.923631 0.382797 0.000000 0.000000 0.000000 0.000000 1.000000
0.999808 0.001878 -0.019495 0.000000 0.016045 0.492292 0.870282 33.831501 0.011231 -0.870428 0.492168 -0.000000 0.000000 0.000000 0.000000 1.000000
0.998019 0.011129 -0.061922 0.000000 0.041082 0.630136 0.775397 33.831501 0.047649 -0.776405 0.628430 -0.000000 0.000000 0.000000 0.000000 1.000000
0.996268 0.013315 -0.085283 0.000000 0.045301 0.760365 0.647914 33.831501 0.073473 -0.649360 0.756924 0.000000 0.000000 0.000000 0.000000 1.000000
0.996945 0.006017 -0.077881 0.000000 0.034106 0.863442 0.503295 33.831501 0.070274 -0.504413 0.860598 -0.000000 0.000000 0.000000 0.000000 1.000000
0.997956 -0.010201 -0.063090 0.000000 0.034386 0.917813 0.395522 33.831501 0.053870 -0.396883 0.916287 0.000000 0.000000 0.000000 0.000000 1.000000
0.998608 -0.026015 -0.045873 0.000000 0.041819 0.920592 0.388279 33.831501 0.032129 -0.389657 0.920399 -0.000000 0.000000 0.000000 0.000000 1.000000
0.999526 -0.029205 -0.009764 0.000000 0.030545 0.900073 0.434667 33.831501 -0.003906 -0.434760 0.900538 -0.000000 0.000000 0.000000 0.000000 1.000000
0.999260 -0.023289 0.030616 0.000000 0.006160 0.882512 0.470249 33.831501 -0.037970 -0.469713 0.882002 0.000000 0.000000 0.000000 0.000000 1.000000
0.996384 -0.020936 0.082348 -0.000000 -0.028261 0.832330 0.553559 33.831501 -0.080131 -0.553884 0.828729 0.000000 0.000000 0.000000 0.000000 1.000000
0.997643 -0.012367 0.067502 -0.000000 -0.029105 0.814534 0.579385 33.831501 -0.062147 -0.579984 0.812254 0.000000 0.000000 0.000000 0.000000 1.000000
0.998423 -0.007044 0.055687 -0.000000 -0.032285 0.739492 0.672391 33.831501 -0.045916 -0.673129 0.738099 0.000000 0.000000 0.000000 0.000000 1.000000
0.998363 -0.010229 0.056272 -0.000000 -0.031792 0.718617 0.694679 33.831501 -0.047544 -0.695331 0.717115 0.000000 0.000000 0.000000 0.000000 1.000000
0.997636 -0.016208 0.066784 -0.000000 -0.032281 0.747384 0.663608 33.831501 -0.060669 -0.664195 0.745094 -0.000000 0.000000 0.000000 0.000000 1.000000
0.994156 -0.022865 0.105507 0.000000 -0.045283 0.798860 0.599810 33.831501 -0.098000 -0.601083 0.793156 0.000000 0.000000 0.000000 0.000000 1.000000
0.987516 -0.029430 0.154746 0.000000 -0.054323 0.858498 0.509932 33.831501 -0.147856 -0.511972 0.846181 0.000000 0.000000 0.000000 0.000000 1.000000
0.978986 -0.031597 0.201464 -0.000000 -0.058871 0.902071 0.427554 33.831501 -0.195244 -0.430429 0.881255 0.000000 0.000000 0.000000 0.000000 1.000000
0.968118 -0.025112 0.249233 -0.000000 -0.065504 0.934962 0.348648 33.831501 -0.241779 -0.353858 0.903508 0.000000 0.000000 0.000000 0.000000 1.000000
0.955120 -0.020323 0.295520 0.000000 -0.066493 0.957475 0.280750 33.831501 -0.288658 -0.287800 0.913153 0.000000 0.000000 0.000000 0.000000 1.000000
0.942388 -0.011702 0.334317 0.000000 -0.082427 0.960452 0.265967 33.831501 -0.324208 -0.278201 0.904154 0.000000 0.000000 0.000000 0.000000 1.000000
0.932317 -0.005834 0.361596 -0.000000 -0.125844 0.932147 0.339508 33.831501 -0.339041 -0.362034 0.868322 0.000000 0.000000 0.000000 0.000000 1.000000
0.930693 -0.008631 0.365700 -0.000000 -0.165130 0.882150 0.441070 33.831501 -0.326409 -0.470889 0.819585 0.000000 0.000000 0.000000 0.000000 1.000000
0.934677 -0.032339 0.354024 -0.000000 -0.169802 0.834299 0.524512 33.831501 -0.312324 -0.550364 0.774308 -0.000000 0.000000 0.000000 0.000000 1.000000
0.932443 -0.067307 0.354993 0.000000 -0.148798 0.823782 0.547030 33.831501 -0.329256 -0.562896 0.758115 0.000000 0.000000 0.000000 0.000000 1.000000
0.941599 -0.086328 0.325483 -0.000000 -0.119736 0.817576 0.563235 33.831501 -0.314730 -0.569313 0.759492 0.000000 0.000000 0.000000 0.000000 1.000000
0.958670 -0.097773 0.267192 -0.000000 -0.121585 0.708253 0.695410 33.831501 -0.257232 -0.699156 0.667093 -0.000000 0.000000 0.000000 0.000000 1.000000
0.984940 -0.086996 0.149417 -0.000000 -0.070984 0.584537 0.808256 33.831501 -0.157655 -0.806690 0.569558 0.000000 0.000000 0.000000 0.000000 1.000000
0.995107 -0.073249 0.066302 0.000000 -0.024875 0.463712 0.885637 33.831501 -0.095617 -0.882953 0.459622 0.000000 0.000000 0.000000 0.000000 1.000000
0.996104 -0.063170 0.061535 0.000000 -0.034213 0.366303 0.929867 33.831501 -0.081281 -0.928349 0.362714 0.000000 0.000000 0.000000 0.000000 1.000000
0.996506 -0.050997 0.066152 0.000000 -0.046159 0.323841 0.944985 33.831501 -0.069614 -0.944736 0.320356 0.000000 0.000000 0.000000 0.000000 1.000000
0.998664 -0.034009 0.038903 0.000000 -0.025267 0.335323 0.941764 33.831501 -0.045074 -0.941489 0.334015 0.000000 0.000000 0.000000 0.000000 1.000000
0.999776 -0.014472 0.015444 -0.000000 -0.008725 0.383009 0.923703 33.831501 -0.019283 -0.923631 0.382797 0.000000 0.000000 0.000000 0.000000 1.000000</float_array>
        <technique_common>
          <accessor source="#mixamorig_LeftLeg-Matrix-animation-output-transform-array" count="32" stride="16">
            <param type="float4x4"/>
          </accessor>
        </technique_common>
      </source>
      <source id="mixamorig_LeftLeg-Interpolations">
        <Name_array id="mixamorig_LeftLeg-Interpolations-array" count="32">
 LINEAR LINEAR LINEAR LINEAR LINEAR LINEAR LINEAR LINEAR LINEAR LINEAR LINEAR
LINEAR LINEAR LINEAR LINEAR LINEAR LINEAR LINEAR LINEAR LINEAR LINEAR LINEAR LINEAR
LINEAR LINEAR LINEAR LINEAR LINEAR LINEAR LINEAR LINEAR LINEAR</Name_array>
        <technique_common>
          <accessor source="#mixamorig_LeftLeg-Interpolations-array" count="32">
            <param type="name"/>
          </accessor>
        </technique_common>
      </source>
      <sampler id="mixamorig_LeftLeg-Matrix-animation-transform">
        <input semantic="INPUT" source="#mixamorig_LeftLeg-Matrix-animation-input"/>
        <input semantic="OUTPUT" source="#mixamorig_LeftLeg-Matrix-animation-output-transform"/>
        <input semantic="INTERPOLATION" source="#mixamorig_LeftLeg-Interpolations"/>
      </sampler>
      <channel source="#mixamorig_LeftLeg-Matrix-animation-transform" target="mixamorig_LeftLeg/matrix"/>
    </animation>
    <animation id="mixamorig_LeftFoot-anim" name="mixamorig_LeftFoot">
      <source id="mixamorig_LeftFoot-Matrix-animation-input">
        <float_array id="mixamorig_LeftFoot-Matrix-animation-input-array" count="32">

0.000000 0.033333 0.066667 0.100000 0.133333 0.166667 0.200000 0.233333 0.266667 0.300000 0.333333 0.366667 0.400000 0.433333 0.466667 0.500000
0.533333 0.566667 0.600000 0.633333 0.666667 0.700000 0.733333 0.766667 0.800000 0.833333 0.866667 0.900000 0.933333 0.966667 1.000000 1.033333</float_array>
        <technique_common>
          <accessor source="#mixamorig_LeftFoot-Matrix-animation-input-array" count="32">
            <param name="TIME" type="float"/>
          </accessor>
        </technique_common>
      </source>
      <source id="mixamorig_LeftFoot-Matrix-animation-output-transform">
        <float_array id="mixamorig_LeftFoot-Matrix-animation-output-transform-array" count="512">

0.998711 -0.038089 -0.033538 0.000000 -0.000790 0.649105 -0.760699 33.272099 0.050743 0.759745 0.648238 0.000000 0.000000 0.000000 0.000000 1.000000
0.998628 -0.045219 -0.026414 -0.000000 0.006268 0.603962 -0.796988 33.272099 0.051992 0.795729 0.603417 -0.000000 0.000000 0.000000 0.000000 1.000000
0.998422 -0.054025 -0.015300 0.000000 0.017904 0.564584 -0.825181 33.272099 0.053218 0.823606 0.564661 -0.000000 0.000000 0.000000 0.000000 1.000000
0.997688 -0.067912 0.002393 -0.000000 0.039367 0.548908 -0.834955 33.272099 0.055390 0.833119 0.550313 0.000000 0.000000 0.000000 0.000000 1.000000
0.996880 -0.077794 0.013375 0.000000 0.055950 0.576852 -0.814930 33.272099 0.055681 0.813136 0.579405 -0.000000 0.000000 0.000000 0.000000 1.000000
0.997720 -0.067494 0.000096 0.000000 0.040272 0.594178 -0.803325 33.272099 0.054163 0.801497 0.595541 -0.000000 0.000000 0.000000 0.000000 1.000000
0.998597 -0.047809 -0.022780 0.000000 0.008095 0.562895 -0.826489 33.272099 0.052336 0.825144 0.562492 0.000000 0.000000 0.000000 0.000000 1.000000
0.998615 -0.042903 -0.030469 0.000000 -0.005011 0.498858 -0.866669 33.272099 0.052382 0.865621 0.497952 0.000000 0.000000 0.000000 0.000000 1.000000
0.997831 -0.065817 0.001071 0.000000 0.033183 0.488886 -0.871716 33.272099 0.056850 0.869861 0.490010 0.000000 0.000000 0.000000 0.000000 1.000000
0.998428 -0.054484 -0.013119 -0.000000 0.021518 0.588873 -0.807939 33.272099 0.051745 0.806387 0.589120 0.000000 0.000000 0.000000 0.000000 1.000000
0.998142 -0.060704 -0.005285 0.000000 0.038748 0.699273 -0.713804 33.272099 0.047026 0.712273 0.700325 -0.000000 0.000000 0.000000 0.000000 1.000000
0.997527 -0.070134 0.004491 0.000000 0.046822 0.615574 -0.786687 33.272099 0.052409 0.784952 0.617336 0.000000 0.000000 0.000000 0.000000 1.000000
0.997045 -0.076008 0.011148 0.000000 0.050708 0.542151 -0.838749 33.272099 0.057708 0.836836 0.544403 0.000000 0.000000 0.000000 0.000000 1.000000
0.996633 -0.080225 0.016924 0.000000 0.054539 0.494547 -0.867438 33.272099 0.061221 0.865440 0.497258 -0.000000 0.000000 0.000000 0.000000 1.000000
0.995925 -0.086374 0.025935 0.000000 0.063388 0.465882 -0.882574 33.272099 0.064148 0.880621 0.469458 -0.000000 0.000000 0.000000 0.000000 1.000000
0.994111 -0.098747 0.044641 -0.000000 0.084575 0.449404 -0.889316 33.272099 0.067755 0.887854 0.455109 0.000000 0.000000 0.000000 0.000000 1.000000
0.993491 -0.102683 0.049317 -0.000000 0.090533 0.448997 -0.888935 33.272099 0.069135 0.887614 0.455370 0.000000 0.000000 0.000000 0.000000 1.000000
0.993429 -0.103669 0.048487 -0.000000 0.089721 0.442427 -0.892305 33.272099 0.071052 0.890793 0.448821 0.000000 0.000000 0.000000 0.000000 1.000000
0.992436 -0.109699 0.055116 0.000000 0.096251 0.416581 -0.903989 33.272099 0.076207 0.902456 0.423988 0.000000 0.000000 0.000000 0.000000 1.000000
0.991170 -0.116561 0.063213 -0.000000 0.103025 0.376852 -0.920526 33.272099 0.083475 0.918910 0.385533 0.000000 0.000000 0.000000 0.000000 1.000000
0.988608 -0.127160 0.080531 -0.000000 0.118720 0.329883 -0.936527 33.272099 0.092523 0.935419 0.341221 0.000000 0.000000 0.000000 0.000000 1.000000
0.986265 -0.135305 0.094730 0.000000 0.131780 0.298845 -0.945159 33.272099 0.099575 0.944661 0.312571 -0.000000 0.000000 0.000000 0.000000 1.000000
0.986887 -0.133836 0.090239 0.000000 0.127454 0.303057 -0.944411 33.272099 0.099048 0.943528 0.316141 -0.000000 0.000000 0.000000 0.000000 1.000000
0.989647 -0.123458 0.073197 0.000000 0.111040 0.335466 -0.935485 33.272099 0.090938 0.933927 0.345702 0.000000 0.000000 0.000000 0.000000 1.000000
0.992824 -0.107810 0.051748 0.000000 0.092535 0.418478 -0.903501 33.272099 0.075751 0.901805 0.425451 0.000000 0.000000 0.000000 0.000000 1.000000
0.987684 -0.135624 0.078020 0.000000 0.149813 0.675898 -0.721607 33.272099 0.045134 0.724408 0.687892 -0.000000 0.000000 0.000000 0.000000 1.000000
0.992966 -0.106347 0.052054 -0.000000 0.115469 0.772490 -0.624441 33.272099 0.026197 0.626059 0.779336 0.000000 0.000000 0.000000 0.000000 1.000000
0.982062 -0.166019 0.089399 0.000000 0.188543 0.858317 -0.477225 33.272099 0.002496 0.485520 0.874222 0.000000 0.000000 0.000000 0.000000 1.000000
0.967825 -0.218098 0.125490 0.000000 0.251614 0.843395 -0.474738 33.272099 -0.002298 0.491038 0.871135 0.000000 0.000000 0.000000 0.000000 1.000000
0.971398 -0.201714 0.125286 0.000000 0.236484 0.774120 -0.587209 33.272099 0.021462 0.600042 0.799681 0.000000 0.000000 0.000000 0.000000 1.000000
0.991198 -0.120233 0.055404 0.000000 0.124668 0.706945 -0.696195 33.272099 0.044538 0.696974 0.715712 0.000000 0.000000 0.000000 0.000000 1.000000
0.998711 -0.038088 -0.033538 0.000000 -0.000790 0.649104 -0.760699 33.272099 0.050743 0.759745 0.648238 0.000000 0.000000 0.000000 0.000000 1.000000</float_array>
        <technique_common>
          <accessor source="#mixamorig_LeftFoot-Matrix-animation-output-transform-array" count="32" stride="16">
            <param type="float4x4"/>
          </accessor>
        </technique_common>
      </source>
      <source id="mixamorig_LeftFoot-Interpolations">
        <Name_array id="mixamorig_LeftFoot-Interpolations-array" count="32">
 LINEAR LINEAR LINEAR LINEAR LINEAR LINEAR LINEAR LINEAR LINEAR LINEAR LINEAR
LINEAR LINEAR LINEAR LINEAR LINEAR LINEAR LINEAR LINEAR LINEAR LINEAR LINEAR LINEAR
LINEAR LINEAR LINEAR LINEAR LINEAR LINEAR LINEAR LINEAR LINEAR</Name_array>
        <technique_common>
          <accessor source="#mixamorig_LeftFoot-Interpolations-array" count="32">
            <param type="name"/>
          </accessor>
        </technique_common>
      </source>
      <sampler id="mixamorig_LeftFoot-Matrix-animation-transform">
        <input semantic="INPUT" source="#mixamorig_LeftFoot-Matrix-animation-input"/>
        <input semantic="OUTPUT" source="#mixamorig_LeftFoot-Matrix-animation-output-transform"/>
        <input semantic="INTERPOLATION" source="#mixamorig_LeftFoot-Interpolations"/>
      </sampler>
      <channel source="#mixamorig_LeftFoot-Matrix-animation-transform" target="mixamorig_LeftFoot/matrix"/>
    </animation>
    <animation id="mixamorig_LeftToeBase-anim" name="mixamorig_LeftToeBase">
      <source id="mixamorig_LeftToeBase-Matrix-animation-input">
        <float_array id="mixamorig_LeftToeBase-Matrix-animation-input-array" count="32">

0.000000 0.033333 0.066667 0.100000 0.133333 0.166667 0.200000 0.233333 0.266667 0.300000 0.333333 0.366667 0.400000 0.433333 0.466667 0.500000
0.533333 0.566667 0.600000 0.633333 0.666667 0.700000 0.733333 0.766667 0.800000 0.833333 0.866667 0.900000 0.933333 0.966667 1.000000 1.033333</float_array>
        <technique_common>
          <accessor source="#mixamorig_LeftToeBase-Matrix-animation-input-array" count="32">
            <param name="TIME" type="float"/>
          </accessor>
        </technique_common>
      </source>
      <source id="mixamorig_LeftToeBase-Matrix-animation-output-transform">
        <float_array id="mixamorig_LeftToeBase-Matrix-animation-output-transform-array" count="512">

0.998087 0.020364 -0.058374 -0.000000 -0.061647 0.399233 -0.914775 19.000000 0.004677 0.916623 0.399725 -0.000000 0.000000 0.000000 0.000000 1.000000
0.998403 0.002268 -0.056448 0.000000 -0.048146 0.556901 -0.829182 19.000000 0.029555 0.830576 0.556120 0.000000 0.000000 0.000000 0.000000 1.000000
0.993894 -0.060654 -0.092177 0.000000 -0.027799 0.670785 -0.741131 19.000000 0.106784 0.739168 0.665002 0.000000 0.000000 0.000000 0.000000 1.000000
0.998065 -0.018002 -0.059514 0.000000 -0.031589 0.677631 -0.734723 19.000000 0.053555 0.735182 0.675751 0.000000 0.000000 0.000000 0.000000 1.000000
0.998680 -0.005846 -0.051033 0.000000 -0.033671 0.675784 -0.736330 19.000000 0.038792 0.737076 0.674695 0.000000 0.000000 0.000000 0.000000 1.000000
0.995131 -0.049159 -0.085422 0.000000 -0.031320 0.664060 -0.747023 19.000000 0.093448 0.746062 0.659287 0.000000 0.000000 0.000000 0.000000 1.000000
0.990203 -0.082326 -0.112786 -0.000000 -0.033307 0.645144 -0.763335 19.000000 0.135606 0.759613 0.636081 -0.000000 0.000000 0.000000 0.000000 1.000000
0.993230 -0.058558 -0.100326 -0.000000 -0.043994 0.609701 -0.791410 19.000000 0.107512 0.790466 0.602997 0.000000 0.000000 0.000000 0.000000 1.000000
0.992615 -0.056397 -0.107403 0.000000 -0.059202 0.547570 -0.834663 19.000000 0.105883 0.834857 0.540187 0.000000 0.000000 0.000000 0.000000 1.000000
0.992037 -0.089886 -0.088218 0.000000 -0.019967 0.579349 -0.814835 19.000000 0.124351 0.810108 0.572941 0.000000 0.000000 0.000000 0.000000 1.000000
0.991535 -0.073439 -0.107074 0.000000 -0.027429 0.687579 -0.725591 19.000000 0.126909 0.722386 0.679744 -0.000000 0.000000 0.000000 0.000000 1.000000
0.991569 -0.058981 -0.115375 0.000000 -0.039178 0.712260 -0.700821 19.000000 0.123512 0.699433 0.703945 0.000000 0.000000 0.000000 0.000000 1.000000
0.991239 -0.060324 -0.117498 -0.000000 -0.040992 0.705167 -0.707855 19.000000 0.125557 0.706470 0.696517 0.000000 0.000000 0.000000 0.000000 1.000000
0.991268 -0.061926 -0.116419 0.000000 -0.040204 0.698904 -0.714085 19.000000 0.125586 0.712530 0.690311 0.000000 0.000000 0.000000 0.000000 1.000000
0.991296 -0.062642 -0.115791 0.000000 -0.039404 0.698039 -0.714974 19.000000 0.125614 0.713314 0.689496 0.000000 0.000000 0.000000 0.000000 1.000000
0.991301 -0.063506 -0.115283 -0.000000 -0.040041 0.688866 -0.723782 19.000000 0.125379 0.722102 0.680330 0.000000 0.000000 0.000000 0.000000 1.000000
0.991263 -0.064421 -0.115095 0.000000 -0.041765 0.674403 -0.737181 19.000000 0.125110 0.735548 0.665821 -0.000000 0.000000 0.000000 0.000000 1.000000
0.991987 -0.061133 -0.110569 -0.000000 -0.041623 0.668161 -0.742852 19.000000 0.119291 0.741501 0.660262 -0.000000 0.000000 0.000000 0.000000 1.000000
0.991181 -0.065106 -0.115419 -0.000000 -0.042733 0.667417 -0.743457 19.000000 0.125436 0.741832 0.658749 0.000000 0.000000 0.000000 0.000000 1.000000
0.991141 -0.066223 -0.115129 0.000000 -0.044095 0.653593 -0.755561 19.000000 0.125283 0.753944 0.644882 -0.000000 0.000000 0.000000 0.000000 1.000000
0.991035 -0.069665 -0.114004 0.000000 -0.049632 0.600268 -0.798258 19.000000 0.124043 0.796759 0.591429 -0.000000 0.000000 0.000000 0.000000 1.000000
0.990444 -0.077286 -0.114227 0.000000 -0.059910 0.504904 -0.861094 19.000000 0.124224 0.859709 0.495449 0.000000 0.000000 0.000000 0.000000 1.000000
0.989710 -0.085671 -0.114603 0.000000 -0.073219 0.384898 -0.920050 19.000000 0.122932 0.918975 0.374664 0.000000 0.000000 0.000000 0.000000 1.000000
0.989177 -0.085015 -0.119589 0.000000 -0.085357 0.329518 -0.940283 19.000000 0.119345 0.940314 0.318695 0.000000 0.000000 0.000000 0.000000 1.000000
0.995549 -0.078891 -0.051552 -0.000000 -0.026816 0.287271 -0.957474 19.000000 0.090346 0.954595 0.283877 0.000000 0.000000 0.000000 0.000000 1.000000
0.990160 -0.112867 -0.082726 -0.000000 -0.090803 -0.068399 -0.993517 19.000000 0.106477 0.991253 -0.077974 0.000000 0.000000 0.000000 0.000000 1.000000
0.985613 -0.107357 -0.130540 0.000000 -0.138550 -0.070861 -0.987817 19.000000 0.096799 0.991692 -0.084716 0.000000 0.000000 0.000000 0.000000 1.000000
0.944127 -0.194962 -0.265732 0.000000 -0.269715 0.006325 -0.962919 19.000000 0.189413 0.980790 -0.046612 0.000000 0.000000 0.000000 0.000000 1.000000
0.912564 -0.242046 -0.329608 0.000000 -0.299033 0.154814 -0.941601 19.000000 0.278939 0.957834 0.068898 0.000000 0.000000 0.000000 0.000000 1.000000
0.931409 -0.223045 -0.287626 0.000000 -0.242627 0.208575 -0.947433 19.000000 0.271311 0.952233 0.140152 0.000000 0.000000 0.000000 0.000000 1.000000
0.980094 -0.090376 -0.176768 0.000000 -0.146131 0.274312 -0.950473 19.000000 0.134390 0.957385 0.255644 -0.000000 0.000000 0.000000 0.000000 1.000000
0.998087 0.020364 -0.058374 0.000000 -0.061647 0.399236 -0.914773 19.000000 0.004677 0.916622 0.399728 -0.000000 0.000000 0.000000 0.000000 1.000000</float_array>
        <technique_common>
          <accessor source="#mixamorig_LeftToeBase-Matrix-animation-output-transform-array" count="32" stride="16">
            <param type="float4x4"/>
          </accessor>
        </technique_common>
      </source>
      <source id="mixamorig_LeftToeBase-Interpolations">
        <Name_array id="mixamorig_LeftToeBase-Interpolations-array" count="32">
 LINEAR LINEAR LINEAR LINEAR LINEAR LINEAR LINEAR LINEAR LINEAR LINEAR LINEAR
LINEAR LINEAR LINEAR LINEAR LINEAR LINEAR LINEAR LINEAR LINEAR LINEAR LINEAR LINEAR
LINEAR LINEAR LINEAR LINEAR LINEAR LINEAR LINEAR LINEAR LINEAR</Name_array>
        <technique_common>
          <accessor source="#mixamorig_LeftToeBase-Interpolations-array" count="32">
            <param type="name"/>
          </accessor>
        </technique_common>
      </source>
      <sampler id="mixamorig_LeftToeBase-Matrix-animation-transform">
        <input semantic="INPUT" source="#mixamorig_LeftToeBase-Matrix-animation-input"/>
        <input semantic="OUTPUT" source="#mixamorig_LeftToeBase-Matrix-animation-output-transform"/>
        <input semantic="INTERPOLATION" source="#mixamorig_LeftToeBase-Interpolations"/>
      </sampler>
      <channel source="#mixamorig_LeftToeBase-Matrix-animation-transform" target="mixamorig_LeftToeBase/matrix"/>
    </animation>
    <animation id="mixamorig_RightUpLeg-anim" name="mixamorig_RightUpLeg">
      <source id="mixamorig_RightUpLeg-Matrix-animation-input">
        <float_array id="mixamorig_RightUpLeg-Matrix-animation-input-array" count="32">

0.000000 0.033333 0.066667 0.100000 0.133333 0.166667 0.200000 0.233333 0.266667 0.300000 0.333333 0.366667 0.400000 0.433333 0.466667 0.500000
0.533333 0.566667 0.600000 0.633333 0.666667 0.700000 0.733333 0.766667 0.800000 0.833333 0.866667 0.900000 0.933333 0.966667 1.000000 1.033333</float_array>
        <technique_common>
          <accessor source="#mixamorig_RightUpLeg-Matrix-animation-input-array" count="32">
            <param name="TIME" type="float"/>
          </accessor>
        </technique_common>
      </source>
      <source id="mixamorig_RightUpLeg-Matrix-animation-output-transform">
        <float_array id="mixamorig_RightUpLeg-Matrix-animation-output-transform-array" count="512">

-0.985758 0.059294 -0.157372 -8.267000 -0.093831 -0.970502 0.222083 -4.795500 -0.139562 0.233687 0.962244 -0.379100 0.000000 0.000000 0.000000 1.000000
-0.983922 0.062811 -0.167188 -8.267000 -0.086816 -0.986283 0.140386 -4.795500 -0.156077 0.152643 0.975879 -0.379100 0.000000 0.000000 0.000000 1.000000
-0.982269 0.061757 -0.177012 -8.267000 -0.074720 -0.994916 0.067524 -4.795500 -0.171942 0.079554 0.981890 -0.379100 0.000000 0.000000 0.000000 1.000000
-0.980197 0.053381 -0.190695 -8.267000 -0.053513 -0.998557 -0.004464 -4.795500 -0.190658 0.005829 0.981639 -0.379100 0.000000 0.000000 0.000000 1.000000
-0.979138 0.040614 -0.199097 -8.267000 -0.028464 -0.997575 -0.063517 -4.795500 -0.201193 -0.056525 0.977919 -0.379100 0.000000 0.000000 0.000000 1.000000
-0.977732 0.021985 -0.208703 -8.267000 -0.001801 -0.995340 -0.096413 -4.795500 -0.209850 -0.093890 0.973215 -0.379100 0.000000 0.000000 0.000000 1.000000
-0.976139 0.005625 -0.217072 -8.267000 0.022317 -0.991772 -0.126059 -4.795500 -0.215995 -0.127896 0.967982 -0.379100 0.000000 0.000000 0.000000 1.000000
-0.974286 -0.009803 -0.225103 -8.267000 0.045474 -0.987050 -0.153836 -4.795500 -0.220680 -0.160116 0.962114 -0.379100 0.000000 0.000000 0.000000 1.000000
-0.972756 -0.028290 -0.230099 -8.267000 0.069692 -0.982302 -0.173855 -4.795500 -0.221109 -0.185154 0.957512 -0.379100 0.000000 0.000000 0.000000 1.000000
-0.972044 -0.042801 -0.230865 -8.267000 0.084794 -0.980880 -0.175170 -4.795500 -0.218953 -0.189848 0.957088 -0.379100 0.000000 0.000000 0.000000 1.000000
-0.972585 -0.055655 -0.225792 -8.267000 0.095976 -0.980456 -0.171742 -4.795500 -0.211820 -0.188705 0.958917 -0.379100 0.000000 0.000000 0.000000 1.000000
-0.977966 -0.071962 -0.195968 -8.267000 0.099369 -0.986011 -0.133820 -4.795500 -0.183596 -0.150344 0.971437 -0.379100 0.000000 0.000000 0.000000 1.000000
-0.980406 -0.085167 -0.177626 -8.267000 0.091284 -0.995471 -0.026539 -4.795500 -0.174561 -0.042233 0.983740 -0.379100 0.000000 0.000000 0.000000 1.000000
-0.984224 -0.081584 -0.156996 -8.267000 0.068071 -0.993648 0.089615 -4.795500 -0.163310 0.077514 0.983525 -0.379100 0.000000 0.000000 0.000000 1.000000
-0.988041 -0.064776 -0.139926 -8.267000 0.033196 -0.975559 0.217214 -4.795500 -0.150577 0.209972 0.966043 -0.379100 0.000000 0.000000 0.000000 1.000000
-0.990664 -0.045859 -0.128378 -8.267000 0.002575 -0.947847 0.318715 -4.795500 -0.136298 0.315409 0.939116 -0.379100 0.000000 0.000000 0.000000 1.000000
-0.992009 -0.037308 -0.120524 -8.267000 -0.014380 -0.915620 0.401789 -4.795500 -0.125344 0.400311 0.907766 -0.379100 0.000000 0.000000 0.000000 1.000000
-0.993253 -0.040914 -0.108513 -8.267000 -0.014175 -0.885852 0.463752 -4.795500 -0.115100 0.462161 0.879295 -0.379100 0.000000 0.000000 0.000000 1.000000
-0.994481 -0.048385 -0.093097 -8.267000 -0.004524 -0.866720 0.498774 -4.795500 -0.104822 0.496443 0.861717 -0.379100 0.000000 0.000000 0.000000 1.000000
-0.995409 -0.055811 -0.077756 -8.267000 0.006697 -0.851015 0.525098 -4.795500 -0.095478 0.522167 0.847482 -0.379100 0.000000 0.000000 0.000000 1.000000
-0.995363 -0.067734 -0.068299 -8.267000 0.018872 -0.833750 0.551820 -4.795500 -0.094321 0.547972 0.831162 -0.379100 0.000000 0.000000 0.000000 1.000000
-0.994288 -0.078115 -0.072727 -8.267000 0.022521 -0.819629 0.572452 -4.795500 -0.104327 0.567544 0.816707 -0.379100 0.000000 0.000000 0.000000 1.000000
-0.993669 -0.086609 -0.071565 -8.267000 0.024738 -0.790008 0.612597 -4.795500 -0.109593 0.606948 0.787149 -0.379100 0.000000 0.000000 0.000000 1.000000
-0.994431 -0.080859 -0.067592 -8.267000 0.015803 -0.748513 0.662932 -4.795500 -0.104197 0.658172 0.745622 -0.379100 0.000000 0.000000 0.000000 1.000000
-0.995248 -0.067103 -0.070563 -8.267000 -0.000834 -0.718753 0.695265 -4.795500 -0.097372 0.692020 0.715281 -0.379100 0.000000 0.000000 0.000000 1.000000
-0.995649 -0.047872 -0.079944 -8.267000 -0.019377 -0.732819 0.680148 -4.795500 -0.091145 0.678738 0.728703 -0.379100 0.000000 0.000000 0.000000 1.000000
-0.995623 -0.019513 -0.091400 -8.267000 -0.043967 -0.765190 0.642302 -4.795500 -0.082472 0.643509 0.760983 -0.379100 0.000000 0.000000 0.000000 1.000000
-0.993722 0.016249 -0.110692 -8.267000 -0.081075 -0.786375 0.612407 -4.795500 -0.077094 0.617536 0.782755 -0.379100 0.000000 0.000000 0.000000 1.000000
-0.989928 0.039278 -0.136013 -8.267000 -0.107043 -0.836413 0.537545 -4.795500 -0.092649 0.546690 0.832194 -0.379100 0.000000 0.000000 0.000000 1.000000
-0.987801 0.050410 -0.147338 -8.267000 -0.110616 -0.893103 0.436041 -4.795500 -0.109607 0.447019 0.887784 -0.379100 0.000000 0.000000 0.000000 1.000000
-0.986387 0.055799 -0.154686 -8.267000 -0.104604 -0.938726 0.328406 -4.795500 -0.126883 0.340116 0.931784 -0.379100 0.000000 0.000000 0.000000 1.000000
-0.985758 0.059294 -0.157372 -8.267000 -0.093831 -0.970502 0.222083 -4.795500 -0.139562 0.233687 0.962244 -0.379100 0.000000 0.000000 0.000000 1.000000</float_array>
        <technique_common>
          <accessor source="#mixamorig_RightUpLeg-Matrix-animation-output-transform-array" count="32" stride="16">
            <param type="float4x4"/>
          </accessor>
        </technique_common>
      </source>
      <source id="mixamorig_RightUpLeg-Interpolations">
        <Name_array id="mixamorig_RightUpLeg-Interpolations-array" count="32">
 LINEAR LINEAR LINEAR LINEAR LINEAR LINEAR LINEAR LINEAR LINEAR LINEAR LINEAR
LINEAR LINEAR LINEAR LINEAR LINEAR LINEAR LINEAR LINEAR LINEAR LINEAR LINEAR LINEAR
LINEAR LINEAR LINEAR LINEAR LINEAR LINEAR LINEAR LINEAR LINEAR</Name_array>
        <technique_common>
          <accessor source="#mixamorig_RightUpLeg-Interpolations-array" count="32">
            <param type="name"/>
          </accessor>
        </technique_common>
      </source>
      <sampler id="mixamorig_RightUpLeg-Matrix-animation-transform">
        <input semantic="INPUT" source="#mixamorig_RightUpLeg-Matrix-animation-input"/>
        <input semantic="OUTPUT" source="#mixamorig_RightUpLeg-Matrix-animation-output-transform"/>
        <input semantic="INTERPOLATION" source="#mixamorig_RightUpLeg-Interpolations"/>
      </sampler>
      <channel source="#mixamorig_RightUpLeg-Matrix-animation-transform" target="mixamorig_RightUpLeg/matrix"/>
    </animation>
    <animation id="mixamorig_RightLeg-anim" name="mixamorig_RightLeg">
      <source id="mixamorig_RightLeg-Matrix-animation-input">
        <float_array id="mixamorig_RightLeg-Matrix-animation-input-array" count="32">

0.000000 0.033333 0.066667 0.100000 0.133333 0.166667 0.200000 0.233333 0.266667 0.300000 0.333333 0.366667 0.400000 0.433333 0.466667 0.500000
0.533333 0.566667 0.600000 0.633333 0.666667 0.700000 0.733333 0.766667 0.800000 0.833333 0.866667 0.900000 0.933333 0.966667 1.000000 1.033333</float_array>
        <technique_common>
          <accessor source="#mixamorig_RightLeg-Matrix-animation-input-array" count="32">
            <param name="TIME" type="float"/>
          </accessor>
        </technique_common>
      </source>
      <source id="mixamorig_RightLeg-Matrix-animation-output-transform">
        <float_array id="mixamorig_RightLeg-Matrix-animation-output-transform-array" count="512">

0.990841 0.010395 -0.134633 -0.000000 0.051572 0.892321 0.448446 33.831501 0.124797 -0.451282 0.883612 0.000000 0.000000 0.000000 0.000000 1.000000
0.988331 0.008743 -0.152068 0.000000 0.055294 0.909655 0.411668 33.831501 0.141929 -0.415273 0.898557 0.000000 0.000000 0.000000 0.000000 1.000000
0.985112 0.002420 -0.171899 -0.000000 0.066128 0.917634 0.391885 33.831501 0.158689 -0.397418 0.903812 0.000000 0.000000 0.000000 0.000000 1.000000
0.980437 -0.008742 -0.196641 0.000000 0.084559 0.920837 0.380669 33.831501 0.177747 -0.389850 0.903561 0.000000 0.000000 0.000000 0.000000 1.000000
0.976424 -0.019077 -0.215016 0.000000 0.102557 0.917484 0.384325 33.831501 0.189941 -0.397316 0.897810 0.000000 0.000000 0.000000 0.000000 1.000000
0.972760 -0.025003 -0.230462 0.000000 0.123436 0.897373 0.423656 33.831501 0.196218 -0.440563 0.876015 0.000000 0.000000 0.000000 0.000000 1.000000
0.970630 -0.023499 -0.239428 0.000000 0.136355 0.873664 0.467031 33.831501 0.198205 -0.485962 0.851209 0.000000 0.000000 0.000000 0.000000 1.000000
0.969779 -0.010894 -0.243741 0.000000 0.139796 0.843568 0.518507 33.831501 0.199964 -0.536912 0.819598 0.000000 0.000000 0.000000 0.000000 1.000000
0.970698 0.008459 -0.240153 0.000000 0.135819 0.805130 0.577337 33.831501 0.198238 -0.593038 0.780390 -0.000000 0.000000 0.000000 0.000000 1.000000
0.975680 0.032662 -0.216752 0.000000 0.111193 0.778418 0.617819 33.831501 0.188903 -0.626895 0.755856 0.000000 0.000000 0.000000 0.000000 1.000000
0.984457 0.042638 -0.170370 0.000000 0.067051 0.805347 0.589000 33.831501 0.162321 -0.591269 0.789970 0.000000 0.000000 0.000000 0.000000 1.000000
0.996821 0.041335 -0.068108 0.000000 0.011511 0.771188 0.636503 33.831501 0.078834 -0.635264 0.768261 -0.000000 0.000000 0.000000 0.000000 1.000000
0.999243 0.038876 0.001441 0.000000 -0.027376 0.676365 0.736058 33.831501 0.027641 -0.735540 0.676917 0.000000 0.000000 0.000000 0.000000 1.000000
0.999160 0.030837 0.026997 0.000000 -0.039980 0.588408 0.807575 33.831501 0.009018 -0.807976 0.589147 0.000000 0.000000 0.000000 0.000000 1.000000
0.999213 0.018313 0.035181 -0.000000 -0.039573 0.519609 0.853487 33.831501 -0.002650 -0.854208 0.519924 0.000000 0.000000 0.000000 0.000000 1.000000
0.998859 0.001744 0.047728 0.000000 -0.041746 0.517315 0.854776 33.831501 -0.023200 -0.855793 0.516798 0.000000 0.000000 0.000000 0.000000 1.000000
0.997933 -0.010788 0.063355 0.000000 -0.045790 0.572364 0.818720 33.831501 -0.045095 -0.819929 0.570687 0.000000 0.000000 0.000000 0.000000 1.000000
0.996978 -0.014427 0.076336 0.000000 -0.046809 0.672664 0.738466 33.831501 -0.062002 -0.739808 0.669956 0.000000 0.000000 0.000000 0.000000 1.000000
0.996807 -0.006256 0.079600 0.000000 -0.044439 0.784780 0.618179 33.831501 -0.066336 -0.619743 0.781996 0.000000 0.000000 0.000000 0.000000 1.000000
0.996878 0.009059 0.078436 0.000000 -0.045537 0.877507 0.477397 33.831501 -0.064503 -0.479478 0.875180 -0.000000 0.000000 0.000000 0.000000 1.000000
0.996809 0.022897 0.076464 0.000000 -0.047958 0.937583 0.344439 33.831501 -0.063805 -0.347007 0.935690 0.000000 0.000000 0.000000 0.000000 1.000000
0.998187 0.027809 0.053377 -0.000000 -0.040660 0.965457 0.257372 33.831501 -0.044376 -0.259075 0.964837 -0.000000 0.000000 0.000000 0.000000 1.000000
0.999128 0.029173 0.029868 0.000000 -0.036730 0.954312 0.296546 33.831501 -0.019852 -0.297385 0.954551 -0.000000 0.000000 0.000000 0.000000 1.000000
0.999314 0.031407 0.019608 0.000000 -0.036814 0.899349 0.435679 33.831501 -0.003951 -0.436102 0.899889 0.000000 0.000000 0.000000 0.000000 1.000000
0.999242 0.034376 0.018283 0.000000 -0.038788 0.837980 0.544320 33.831501 0.003391 -0.544616 0.838678 0.000000 0.000000 0.000000 0.000000 1.000000
0.999819 0.017504 0.007460 0.000000 -0.018679 0.828184 0.560145 33.831501 0.003627 -0.560183 0.828361 0.000000 0.000000 0.000000 0.000000 1.000000
0.999991 0.002744 0.003204 0.000000 -0.004061 0.831722 0.555177 33.831501 -0.001141 -0.555185 0.831726 0.000000 0.000000 0.000000 0.000000 1.000000
0.999990 0.004500 0.000764 0.000000 -0.004037 0.793930 0.607996 33.831501 0.002129 -0.607993 0.793939 0.000000 0.000000 0.000000 0.000000 1.000000
0.999721 0.009975 -0.021392 0.000000 0.005068 0.794458 0.607298 33.831501 0.023052 -0.607238 0.794186 0.000000 0.000000 0.000000 0.000000 1.000000
0.998592 0.010913 -0.051912 0.000000 0.020752 0.820253 0.571625 33.831501 0.048819 -0.571897 0.818872 0.000000 0.000000 0.000000 0.000000 1.000000
0.995739 0.011353 -0.091512 0.000000 0.037898 0.854323 0.518359 33.831501 0.084066 -0.519619 0.850253 -0.000000 0.000000 0.000000 0.000000 1.000000
0.990841 0.010395 -0.134632 0.000000 0.051572 0.892321 0.448446 33.831501 0.124797 -0.451282 0.883612 -0.000000 0.000000 0.000000 0.000000 1.000000</float_array>
        <technique_common>
          <accessor source="#mixamorig_RightLeg-Matrix-animation-output-transform-array" count="32" stride="16">
            <param type="float4x4"/>
          </accessor>
        </technique_common>
      </source>
      <source id="mixamorig_RightLeg-Interpolations">
        <Name_array id="mixamorig_RightLeg-Interpolations-array" count="32">
 LINEAR LINEAR LINEAR LINEAR LINEAR LINEAR LINEAR LINEAR LINEAR LINEAR LINEAR
LINEAR LINEAR LINEAR LINEAR LINEAR LINEAR LINEAR LINEAR LINEAR LINEAR LINEAR LINEAR
LINEAR LINEAR LINEAR LINEAR LINEAR LINEAR LINEAR LINEAR LINEAR</Name_array>
        <technique_common>
          <accessor source="#mixamorig_RightLeg-Interpolations-array" count="32">
            <param type="name"/>
          </accessor>
        </technique_common>
      </source>
      <sampler id="mixamorig_RightLeg-Matrix-animation-transform">
        <input semantic="INPUT" source="#mixamorig_RightLeg-Matrix-animation-input"/>
        <input semantic="OUTPUT" source="#mixamorig_RightLeg-Matrix-animation-output-transform"/>
        <input semantic="INTERPOLATION" source="#mixamorig_RightLeg-Interpolations"/>
      </sampler>
      <channel source="#mixamorig_RightLeg-Matrix-animation-transform" target="mixamorig_RightLeg/matrix"/>
    </animation>
    <animation id="mixamorig_RightFoot-anim" name="mixamorig_RightFoot">
      <source id="mixamorig_RightFoot-Matrix-animation-input">
        <float_array id="mixamorig_RightFoot-Matrix-animation-input-array" count="32">

0.000000 0.033333 0.066667 0.100000 0.133333 0.166667 0.200000 0.233333 0.266667 0.300000 0.333333 0.366667 0.400000 0.433333 0.466667 0.500000
0.533333 0.566667 0.600000 0.633333 0.666667 0.700000 0.733333 0.766667 0.800000 0.833333 0.866667 0.900000 0.933333 0.966667 1.000000 1.033333</float_array>
        <technique_common>
          <accessor source="#mixamorig_RightFoot-Matrix-animation-input-array" count="32">
            <param name="TIME" type="float"/>
          </accessor>
        </technique_common>
      </source>
      <source id="mixamorig_RightFoot-Matrix-animation-output-transform">
        <float_array id="mixamorig_RightFoot-Matrix-animation-output-transform-array" count="512">

0.993432 0.098099 -0.058911 0.000000 -0.098310 0.468236 -0.878118 33.271999 -0.058558 0.878141 0.474804 0.000000 0.000000 0.000000 0.000000 1.000000
0.992325 0.102194 -0.069619 0.000000 -0.109162 0.459518 -0.881435 33.271999 -0.058086 0.882270 0.467147 0.000000 0.000000 0.000000 0.000000 1.000000
0.991551 0.104176 -0.077285 0.000000 -0.115877 0.443632 -0.888686 33.271999 -0.058294 0.890134 0.451955 0.000000 0.000000 0.000000 0.000000 1.000000
0.990511 0.106488 -0.086880 0.000000 -0.123873 0.417961 -0.899980 33.271999 -0.059525 0.902202 0.427186 0.000000 0.000000 0.000000 0.000000 1.000000
0.989860 0.106609 -0.093875 0.000000 -0.128498 0.390334 -0.911662 33.271999 -0.060549 0.914480 0.400075 0.000000 0.000000 0.000000 0.000000 1.000000
0.989599 0.105029 -0.098304 0.000000 -0.130565 0.368859 -0.920270 33.271999 -0.060395 0.923532 0.378735 0.000000 0.000000 0.000000 0.000000 1.000000
0.989408 0.103311 -0.101977 0.000000 -0.133007 0.363766 -0.921945 33.271999 -0.058151 0.925743 0.373654 0.000000 0.000000 0.000000 0.000000 1.000000
0.990262 0.099675 -0.097195 0.000000 -0.128531 0.386288 -0.913379 33.271999 -0.053496 0.916977 0.395338 0.000000 0.000000 0.000000 0.000000 1.000000
0.991770 0.095465 -0.085321 0.000000 -0.120095 0.462586 -0.878403 33.271999 -0.044389 0.881420 0.470243 -0.000000 0.000000 0.000000 0.000000 1.000000
0.994624 0.084189 -0.060301 -0.000000 -0.100563 0.646238 -0.756481 33.271999 -0.024719 0.758478 0.651229 0.000000 0.000000 0.000000 0.000000 1.000000
0.998499 0.050467 -0.021269 0.000000 -0.054635 0.891123 -0.450460 33.271999 -0.003780 0.450946 0.892543 0.000000 0.000000 0.000000 0.000000 1.000000
0.997921 0.057687 -0.028745 0.000000 -0.063154 0.964237 -0.257407 33.271999 0.012868 0.258687 0.965875 0.000000 0.000000 0.000000 0.000000 1.000000
0.992313 0.105760 -0.064261 0.000000 -0.118260 0.963388 -0.240621 33.271999 0.036461 0.246370 0.968490 0.000000 0.000000 0.000000 0.000000 1.000000
0.982647 0.153696 -0.103843 0.000000 -0.179788 0.926920 -0.329387 33.271999 0.045629 0.342341 0.938467 0.000000 0.000000 0.000000 0.000000 1.000000
0.973951 0.180301 -0.137517 0.000000 -0.224683 0.849182 -0.477919 33.271999 0.030607 0.496368 0.867573 0.000000 0.000000 0.000000 0.000000 1.000000
0.971798 0.178437 -0.154174 0.000000 -0.235763 0.749107 -0.619076 33.271999 0.005027 0.637965 0.770049 0.000000 0.000000 0.000000 0.000000 1.000000
0.975256 0.163308 -0.149020 0.000000 -0.220152 0.655689 -0.722222 33.271999 -0.020233 0.737158 0.675417 0.000000 0.000000 0.000000 0.000000 1.000000
0.979695 0.147100 -0.136233 0.000000 -0.197678 0.595208 -0.778878 33.271999 -0.033486 0.789993 0.612201 -0.000000 0.000000 0.000000 0.000000 1.000000
0.982384 0.137435 -0.126622 0.000000 -0.181834 0.546714 -0.817337 33.271999 -0.043105 0.825963 0.562073 0.000000 0.000000 0.000000 0.000000 1.000000
0.986210 0.123033 -0.110696 0.000000 -0.157725 0.496092 -0.853824 33.271999 -0.050133 0.859509 0.508656 0.000000 0.000000 0.000000 0.000000 1.000000
0.995402 0.081083 -0.050999 0.000000 -0.082266 0.450924 -0.888763 33.271999 -0.049067 0.888872 0.455521 0.000000 0.000000 0.000000 0.000000 1.000000
0.998535 0.053977 0.003756 -0.000000 -0.017576 0.389233 -0.920972 33.271999 -0.051173 0.919557 0.389611 0.000000 0.000000 0.000000 0.000000 1.000000
0.998283 0.034837 0.047095 0.000000 0.031663 0.355503 -0.934139 33.271999 -0.049286 0.934026 0.353790 0.000000 0.000000 0.000000 0.000000 1.000000
0.998790 0.037306 0.032059 0.000000 0.015630 0.377288 -0.925964 33.271999 -0.046639 0.925344 0.376248 0.000000 0.000000 0.000000 0.000000 1.000000
0.999172 0.031547 0.025679 0.000000 0.005523 0.520239 -0.854003 33.271999 -0.040301 0.853438 0.519634 0.000000 0.000000 0.000000 0.000000 1.000000
0.999155 0.039593 0.010986 0.000000 -0.017541 0.652804 -0.757324 33.271999 -0.037157 0.756492 0.652947 0.000000 0.000000 0.000000 0.000000 1.000000
0.998630 0.052317 -0.001363 0.000000 -0.037896 0.704911 -0.708282 33.271999 -0.036094 0.707363 0.705928 0.000000 0.000000 0.000000 0.000000 1.000000
0.997217 0.071285 -0.021815 0.000000 -0.062815 0.645883 -0.760848 33.271999 -0.040147 0.760101 0.648563 0.000000 0.000000 0.000000 0.000000 1.000000
0.996154 0.080641 -0.034281 0.000000 -0.074949 0.581465 -0.810112 33.271999 -0.045395 0.809565 0.585272 -0.000000 0.000000 0.000000 0.000000 1.000000
0.995616 0.084741 -0.039585 0.000000 -0.078741 0.531008 -0.843701 33.271999 -0.050476 0.843119 0.535353 0.000000 0.000000 0.000000 0.000000 1.000000
0.994476 0.092309 -0.049963 0.000000 -0.089223 0.492702 -0.865612 33.271999 -0.055287 0.865288 0.498216 0.000000 0.000000 0.000000 0.000000 1.000000
0.993431 0.098101 -0.058914 0.000000 -0.098313 0.468235 -0.878117 33.271999 -0.058558 0.878141 0.474804 -0.000000 0.000000 0.000000 0.000000 1.000000</float_array>
        <technique_common>
          <accessor source="#mixamorig_RightFoot-Matrix-animation-output-transform-array" count="32" stride="16">
            <param type="float4x4"/>
          </accessor>
        </technique_common>
      </source>
      <source id="mixamorig_RightFoot-Interpolations">
        <Name_array id="mixamorig_RightFoot-Interpolations-array" count="32">
 LINEAR LINEAR LINEAR LINEAR LINEAR LINEAR LINEAR LINEAR LINEAR LINEAR LINEAR
LINEAR LINEAR LINEAR LINEAR LINEAR LINEAR LINEAR LINEAR LINEAR LINEAR LINEAR LINEAR
LINEAR LINEAR LINEAR LINEAR LINEAR LINEAR LINEAR LINEAR LINEAR</Name_array>
        <technique_common>
          <accessor source="#mixamorig_RightFoot-Interpolations-array" count="32">
            <param type="name"/>
          </accessor>
        </technique_common>
      </source>
      <sampler id="mixamorig_RightFoot-Matrix-animation-transform">
        <input semantic="INPUT" source="#mixamorig_RightFoot-Matrix-animation-input"/>
        <input semantic="OUTPUT" source="#mixamorig_RightFoot-Matrix-animation-output-transform"/>
        <input semantic="INTERPOLATION" source="#mixamorig_RightFoot-Interpolations"/>
      </sampler>
      <channel source="#mixamorig_RightFoot-Matrix-animation-transform" target="mixamorig_RightFoot/matrix"/>
    </animation>
    <animation id="mixamorig_RightToeBase-anim" name="mixamorig_RightToeBase">
      <source id="mixamorig_RightToeBase-Matrix-animation-input">
        <float_array id="mixamorig_RightToeBase-Matrix-animation-input-array" count="32">

0.000000 0.033333 0.066667 0.100000 0.133333 0.166667 0.200000 0.233333 0.266667 0.300000 0.333333 0.366667 0.400000 0.433333 0.466667 0.500000
0.533333 0.566667 0.600000 0.633333 0.666667 0.700000 0.733333 0.766667 0.800000 0.833333 0.866667 0.900000 0.933333 0.966667 1.000000 1.033333</float_array>
        <technique_common>
          <accessor source="#mixamorig_RightToeBase-Matrix-animation-input-array" count="32">
            <param name="TIME" type="float"/>
          </accessor>
        </technique_common>
      </source>
      <source id="mixamorig_RightToeBase-Matrix-animation-output-transform">
        <float_array id="mixamorig_RightToeBase-Matrix-animation-output-transform-array" count="512">

0.999199 0.006929 0.039407 0.000000 0.024269 0.678085 -0.734583 19.000000 -0.031811 0.734951 0.677374 0.000000 0.000000 0.000000 0.000000 1.000000
0.999285 0.007302 0.037107 0.000000 0.022478 0.674381 -0.738041 19.000000 -0.030414 0.738347 0.673734 0.000000 0.000000 0.000000 0.000000 1.000000
0.999253 0.009219 0.037525 0.000000 0.021569 0.672669 -0.739629 19.000000 -0.032061 0.739886 0.671967 0.000000 0.000000 0.000000 0.000000 1.000000
0.999149 0.012984 0.039145 -0.000000 0.020624 0.664657 -0.746864 19.000000 -0.035716 0.747036 0.663823 0.000000 0.000000 0.000000 0.000000 1.000000
0.998762 0.020145 0.045484 -0.000000 0.021858 0.643621 -0.765032 19.000000 -0.044686 0.765079 0.642384 -0.000000 0.000000 0.000000 0.000000 1.000000
0.998887 0.026174 0.039233 -0.000000 0.015938 0.595583 -0.803136 19.000000 -0.044388 0.802867 0.594503 -0.000000 0.000000 0.000000 0.000000 1.000000
0.998479 0.032210 0.044750 0.000000 0.020966 0.528850 -0.848457 19.000000 -0.050995 0.848104 0.527370 0.000000 0.000000 0.000000 0.000000 1.000000
0.998198 0.044463 0.040289 0.000000 0.017226 0.430841 -0.902263 19.000000 -0.057475 0.901332 0.429299 0.000000 0.000000 0.000000 0.000000 1.000000
0.997340 0.057322 0.045028 0.000000 0.028326 0.264401 -0.963997 19.000000 -0.067164 0.962708 0.262073 0.000000 0.000000 0.000000 0.000000 1.000000
0.996683 0.065712 0.048008 0.000000 0.048694 -0.008879 -0.998774 19.000000 -0.065205 0.997799 -0.012049 0.000000 0.000000 0.000000 0.000000 1.000000
0.995941 0.069869 0.056742 0.000000 0.078301 -0.361657 -0.929017 19.000000 -0.044388 0.929689 -0.365660 -0.000000 0.000000 0.000000 0.000000 1.000000
0.988260 0.093637 0.120722 0.000000 0.148738 -0.409115 -0.900279 19.000000 -0.034910 0.907666 -0.418240 0.000000 0.000000 0.000000 0.000000 1.000000
0.942518 0.244570 0.227694 -0.000000 0.295740 -0.293329 -0.909118 19.000000 -0.155553 0.924199 -0.348797 0.000000 0.000000 0.000000 0.000000 1.000000
0.901743 0.330224 0.278948 -0.000000 0.342021 -0.150411 -0.927576 19.000000 -0.264351 0.931841 -0.248576 0.000000 0.000000 0.000000 0.000000 1.000000
0.914491 0.303645 0.267408 -0.000000 0.287977 -0.024223 -0.957331 19.000000 -0.284211 0.952477 -0.109594 -0.000000 0.000000 0.000000 0.000000 1.000000
0.939432 0.231507 0.252729 0.000000 0.220573 0.156010 -0.962813 19.000000 -0.262326 0.960242 0.095496 0.000000 0.000000 0.000000 0.000000 1.000000
0.962050 0.134789 0.237258 -0.000000 0.170793 0.380663 -0.908804 19.000000 -0.212812 0.914837 0.343196 0.000000 0.000000 0.000000 0.000000 1.000000
0.980045 0.051787 0.191913 0.000000 0.122209 0.604469 -0.787199 19.000000 -0.156772 0.794944 0.586078 -0.000000 0.000000 0.000000 0.000000 1.000000
0.996563 0.040676 0.072161 0.000000 0.032524 0.609046 -0.792467 19.000000 -0.076184 0.792091 0.605630 0.000000 0.000000 0.000000 0.000000 1.000000
0.997660 0.026669 0.062958 -0.000000 0.034432 0.599554 -0.799593 19.000000 -0.059071 0.799890 0.597232 0.000000 0.000000 0.000000 0.000000 1.000000
0.998444 0.031453 0.046044 0.000000 0.019151 0.582084 -0.812903 19.000000 -0.052370 0.812520 0.580576 0.000000 0.000000 0.000000 0.000000 1.000000
0.997604 0.024535 0.064683 -0.000000 0.040309 0.553727 -0.831722 19.000000 -0.056223 0.832337 0.551411 0.000000 0.000000 0.000000 0.000000 1.000000
0.999031 0.005308 0.043688 0.000000 0.032687 0.575210 -0.817352 19.000000 -0.029468 0.817989 0.574479 0.000000 0.000000 0.000000 0.000000 1.000000
0.999541 -0.000732 0.030280 0.000000 0.026478 0.506595 -0.861777 19.000000 -0.014709 0.862184 0.506382 0.000000 0.000000 0.000000 0.000000 1.000000
0.998935 0.013095 0.044240 0.000000 0.033716 0.447350 -0.893723 19.000000 -0.031495 0.894263 0.446432 -0.000000 0.000000 0.000000 0.000000 1.000000
0.998703 0.009724 0.049973 -0.000000 0.034077 0.601585 -0.798081 19.000000 -0.037824 0.798749 0.600474 0.000000 0.000000 0.000000 0.000000 1.000000
0.999229 0.004602 0.039002 0.000000 0.024411 0.705172 -0.708616 19.000000 -0.030764 0.709021 0.704516 0.000000 0.000000 0.000000 0.000000 1.000000
0.999263 0.006173 0.037881 -0.000000 0.024141 0.666211 -0.745372 19.000000 -0.029838 0.745737 0.665571 0.000000 0.000000 0.000000 0.000000 1.000000
0.999222 0.006963 0.038823 0.000000 0.024106 0.671261 -0.740829 19.000000 -0.031219 0.741188 0.670571 0.000000 0.000000 0.000000 0.000000 1.000000
0.999189 0.007275 0.039608 0.000000 0.024112 0.679682 -0.733111 19.000000 -0.032254 0.733471 0.678955 0.000000 0.000000 0.000000 0.000000 1.000000
0.999190 0.007204 0.039596 0.000000 0.024158 0.679535 -0.733245 19.000000 -0.032190 0.733608 0.678810 0.000000 0.000000 0.000000 0.000000 1.000000
0.999199 0.006929 0.039407 0.000000 0.024269 0.678085 -0.734583 19.000000 -0.031811 0.734951 0.677374 0.000000 0.000000 0.000000 0.000000 1.000000</float_array>
        <technique_common>
          <accessor source="#mixamorig_RightToeBase-Matrix-animation-output-transform-array" count="32" stride="16">
            <param type="float4x4"/>
          </accessor>
        </technique_common>
      </source>
      <source id="mixamorig_RightToeBase-Interpolations">
        <Name_array id="mixamorig_RightToeBase-Interpolations-array" count="32">
 LINEAR LINEAR LINEAR LINEAR LINEAR LINEAR LINEAR LINEAR LINEAR LINEAR LINEAR
LINEAR LINEAR LINEAR LINEAR LINEAR LINEAR LINEAR LINEAR LINEAR LINEAR LINEAR LINEAR
LINEAR LINEAR LINEAR LINEAR LINEAR LINEAR LINEAR LINEAR LINEAR</Name_array>
        <technique_common>
          <accessor source="#mixamorig_RightToeBase-Interpolations-array" count="32">
            <param type="name"/>
          </accessor>
        </technique_common>
      </source>
      <sampler id="mixamorig_RightToeBase-Matrix-animation-transform">
        <input semantic="INPUT" source="#mixamorig_RightToeBase-Matrix-animation-input"/>
        <input semantic="OUTPUT" source="#mixamorig_RightToeBase-Matrix-animation-output-transform"/>
        <input semantic="INTERPOLATION" source="#mixamorig_RightToeBase-Interpolations"/>
      </sampler>
      <channel source="#mixamorig_RightToeBase-Matrix-animation-transform" target="mixamorig_RightToeBase/matrix"/>
    </animation>
  </library_animations>
  <library_visual_scenes>
    <visual_scene id="RootNode" name="RootNode">
      <node id="mixamorig_Hips" name="mixamorig_Hips" sid="mixamorig_Hips" type="JOINT">
        <matrix sid="matrix">0.998108 0.038675 0.047794 -0.115082 -0.037862 0.999125 -0.017785 82.533783 -0.048440 0.015942 0.998699 0.511671 0.000000 0.000000 0.000000 1.000000</matrix>
        <node id="mixamorig_Spine" name="mixamorig_Spine" sid="mixamorig_Spine" type="JOINT">
          <matrix sid="matrix">0.999848 -0.016438 0.005812 0.000000 0.016608 0.999396 -0.030531 7.722000 -0.005306 0.030623 0.999517 1.166200 0.000000 0.000000 0.000000 1.000000</matrix>
          <node id="mixamorig_Spine1" name="mixamorig_Spine1" sid="mixamorig_Spine1" type="JOINT">
            <matrix sid="matrix">0.999889 -0.009216 0.011673 0.000000 0.008421 0.997756 0.066418 9.598400 -0.012259 -0.066313 0.997724 0.000000 0.000000 0.000000 0.000000 1.000000</matrix>
            <node id="mixamorig_Spine2" name="mixamorig_Spine2" sid="mixamorig_Spine2" type="JOINT">
              <matrix sid="matrix">0.999890 -0.008598 0.012074 -0.000000 0.009222 0.998571 -0.052646 11.048200 -0.011604 0.052752 0.998540 0.000000 0.000000 0.000000 0.000000 1.000000</matrix>
              <node id="mixamorig_Neck" name="mixamorig_Neck" sid="mixamorig_Neck" type="JOINT">
                <matrix sid="matrix">0.999746 0.021083 -0.007958 -0.001600 -0.021083 0.999778 0.000075 21.684401 0.007958 0.000093 0.999968 -3.096600 0.000000 0.000000 0.000000 1.000000</matrix>
                <node id="mixamorig_Head" name="mixamorig_Head" sid="mixamorig_Head" type="JOINT">
                  <matrix sid="matrix">0.998050 -0.033250 -0.052817 -0.000700 0.030730 0.998383 -0.047823 8.918400 0.054322 0.046107 0.997458 1.007300 0.000000 0.000000 0.000000 1.000000</matrix>
                  <node id="mixamorig_HeadTop_End" name="mixamorig_HeadTop_End" sid="mixamorig_HeadTop_End" type="JOINT">
                    <matrix sid="matrix">1.000000 -0.000000 -0.000000 -0.004600 0.000000 1.000000 0.000000 62.362999 0.000000 -0.000000 1.000000 0.076600 0.000000 0.000000 0.000000 1.000000</matrix>
                  </node>
                </node>
              </node>
              <node id="mixamorig_LeftShoulder" name="mixamorig_LeftShoulder" sid="mixamorig_LeftShoulder" type="JOINT">
                <matrix sid="matrix">-0.046416 0.986028 -0.159985 4.217400 0.059739 -0.157131 -0.985769 16.560900 -0.997134 -0.055312 -0.051611 -4.061100 0.000000 0.000000 0.000000 1.000000</matrix>
                <node id="mixamorig_LeftArm" name="mixamorig_LeftArm" sid="mixamorig_LeftArm" type="JOINT">
                  <matrix sid="matrix">0.979353 -0.170628 0.108417 0.000000 0.180822 0.499554 -0.847201 5.607700 0.090396 0.849312 0.520093 -0.000000 0.000000 0.000000 0.000000 1.000000</matrix>
                  <node id="mixamorig_LeftForeArm" name="mixamorig_LeftForeArm" sid="mixamorig_LeftForeArm" type="JOINT">
                    <matrix sid="matrix">0.806392 -0.473149 0.354771 0.000000 0.529017 0.845280 -0.075122 21.869200 -0.264337 0.248258 0.931930 0.000000 0.000000 0.000000 0.000000 1.000000</matrix>
                    <node id="mixamorig_LeftHand" name="mixamorig_LeftHand" sid="mixamorig_LeftHand" type="JOINT">
                      <matrix sid="matrix">0.931334 -0.224093 0.287054 0.000000 0.157184 0.958408 0.238217 23.865299 -0.328498 -0.176739 0.927821 0.000000 0.000000 0.000000 0.000000 1.000000</matrix>
                      <node id="mixamorig_LeftHandThumb1" name="mixamorig_LeftHandThumb1" sid="mixamorig_LeftHandThumb1" type="JOINT">
                        <matrix sid="matrix">0.925696 -0.365459 0.097598 -3.107300 0.359776 0.770948 -0.525547 4.377300 0.116823 0.521611 0.845148 2.078700 0.000000 0.000000 0.000000 1.000000</matrix>
                        <node id="mixamorig_LeftHandThumb2" name="mixamorig_LeftHandThumb2" sid="mixamorig_LeftHandThumb2" type="JOINT">
                          <matrix sid="matrix">0.991569 0.129576 -0.000352 0.000000 -0.129566 0.991519 0.010125 4.021300 0.001661 -0.009994 0.999949 0.000000 0.000000 0.000000 0.000000 1.000000</matrix>
                          <node id="mixamorig_LeftHandThumb3" name="mixamorig_LeftHandThumb3" sid="mixamorig_LeftHandThumb3" type="JOINT">
                            <matrix sid="matrix">1.000000 0.000000 -0.000000 0.000000 -0.000000 1.000000 0.000000 3.952700 0.000000 -0.000000 1.000000 0.000000 0.000000 0.000000 0.000000 1.000000</matrix>
                            <node id="mixamorig_LeftHandThumb4" name="mixamorig_LeftHandThumb4" sid="mixamorig_LeftHandThumb4" type="JOINT">
                              <matrix sid="matrix">1.000000 -0.000000 0.000000 0.000000 -0.000000 1.000000 0.000000 4.386100 0.000000 -0.000000 1.000000 0.000000 0.000000 0.000000 0.000000 1.000000</matrix>
                            </node>
                          </node>
                        </node>
                      </node>
                      <node id="mixamorig_LeftHandIndex1" name="mixamorig_LeftHandIndex1" sid="mixamorig_LeftHandIndex1" type="JOINT">
                        <matrix sid="matrix">0.997461 -0.066257 0.026097 -3.728800 0.066234 0.728615 -0.681714 12.149100 0.026153 0.681711 0.731154 0.679300 0.000000 0.000000 0.000000 1.000000</matrix>
                        <node id="mixamorig_LeftHandIndex2" name="mixamorig_LeftHandIndex2" sid="mixamorig_LeftHandIndex2" type="JOINT">
                          <matrix sid="matrix">0.992493 -0.107709 0.057933 0.000000 0.072178 0.133449 -0.988424 3.278100 0.098731 0.985185 0.140221 0.000000 0.000000 0.000000 0.000000 1.000000</matrix>
                          <node id="mixamorig_LeftHandIndex3" name="mixamorig_LeftHandIndex3" sid="mixamorig_LeftHandIndex3" type="JOINT">
                            <matrix sid="matrix">1.000000 0.000000 -0.000000 0.000000 0.000000 1.000000 0.000000 3.333500 0.000000 -0.000000 1.000000 -0.000000 0.000000 0.000000 0.000000 1.000000</matrix>
                            <node id="mixamorig_LeftHandIndex4" name="mixamorig_LeftHandIndex4" sid="mixamorig_LeftHandIndex4" type="JOINT">
                              <matrix sid="matrix">1.000000 0.000000 0.000000 -0.000000 0.000000 1.000000 0.000000 3.640500 0.000000 0.000000 1.000000 0.000000 0.000000 0.000000 0.000000 1.000000</matrix>
                            </node>
                          </node>
                        </node>
                      </node>
                      <node id="mixamorig_LeftHandMiddle1" name="mixamorig_LeftHandMiddle1" sid="mixamorig_LeftHandMiddle1" type="JOINT">
                        <matrix sid="matrix">0.985789 -0.166147 0.024797 0.006900 0.097135 0.443331 -0.891079 12.134500 0.137057 0.880825 0.453170 -0.010900 0.000000 0.000000 0.000000 1.000000</matrix>
                        <node id="mixamorig_LeftHandMiddle2" name="mixamorig_LeftHandMiddle2" sid="mixamorig_LeftHandMiddle2" type="JOINT">
                          <matrix sid="matrix">0.986982 -0.109224 0.118055 -0.000000 0.091926 -0.219207 -0.971338 3.418300 0.131972 0.969545 -0.206313 0.000000 0.000000 0.000000 0.000000 1.000000</matrix>
                          <node id="mixamorig_LeftHandMiddle3" name="mixamorig_LeftHandMiddle3" sid="mixamorig_LeftHandMiddle3" type="JOINT">
                            <matrix sid="matrix">1.000000 -0.000000 -0.000000 0.000000 0.000000 1.000000 -0.000000 3.298600 0.000000 0.000000 1.000000 0.000000 0.000000 0.000000 0.000000 1.000000</matrix>
                            <node id="mixamorig_LeftHandMiddle4" name="mixamorig_LeftHandMiddle4" sid="mixamorig_LeftHandMiddle4" type="JOINT">
                              <matrix sid="matrix">1.000000 0.000000 0.000000 0.000000 0.000000 1.000000 -0.000000 4.858100 0.000000 -0.000000 1.000000 0.000000 0.000000 0.000000 0.000000 1.000000</matrix>
                            </node>
                          </node>
                        </node>
                      </node>
                      <node id="mixamorig_LeftHandRing1" name="mixamorig_LeftHandRing1" sid="mixamorig_LeftHandRing1" type="JOINT">
                        <matrix sid="matrix">0.978198 -0.154483 -0.138797 2.998700 -0.059205 0.433158 -0.899372 12.329200 0.199058 0.887981 0.414567 -0.106900 0.000000 0.000000 0.000000 1.000000</matrix>
                        <node id="mixamorig_LeftHandRing2" name="mixamorig_LeftHandRing2" sid="mixamorig_LeftHandRing2" type="JOINT">
                          <matrix sid="matrix">0.994166 -0.055611 0.092424 0.000000 0.074556 -0.264943 -0.961378 3.058600 0.077950 0.962659 -0.259251 0.000000 0.000000 0.000000 0.000000 1.000000</matrix>
                          <node id="mixamorig_LeftHandRing3" name="mixamorig_LeftHandRing3" sid="mixamorig_LeftHandRing3" type="JOINT">
                            <matrix sid="matrix">1.000000 -0.000000 0.000000 -0.000000 0.000000 1.000000 -0.000000 3.289500 0.000000 0.000000 1.000000 0.000000 0.000000 0.000000 0.000000 1.000000</matrix>
                            <node id="mixamorig_LeftHandRing4" name="mixamorig_LeftHandRing4" sid="mixamorig_LeftHandRing4" type="JOINT">
                              <matrix sid="matrix">1.000000 -0.000000 0.000000 0.000000 -0.000000 1.000000 -0.000000 4.093700 0.000000 0.000000 1.000000 0.000000 0.000000 0.000000 0.000000 1.000000</matrix>
                            </node>
                          </node>
                        </node>
                      </node>
                      <node id="mixamorig_LeftHandPinky1" name="mixamorig_LeftHandPinky1" sid="mixamorig_LeftHandPinky1" type="JOINT">
                        <matrix sid="matrix">0.956895 -0.213107 -0.197327 5.731500 -0.134614 0.276606 -0.951508 11.385500 0.257355 0.937056 0.235995 0.770100 0.000000 0.000000 0.000000 1.000000</matrix>
                        <node id="mixamorig_LeftHandPinky2" name="mixamorig_LeftHandPinky2" sid="mixamorig_LeftHandPinky2" type="JOINT">
                          <matrix sid="matrix">0.993609 -0.019595 0.111161 -0.000000 0.108464 -0.106874 -0.988339 2.856200 0.031246 0.994080 -0.104065 0.000000 0.000000 0.000000 0.000000 1.000000</matrix>
                          <node id="mixamorig_LeftHandPinky3" name="mixamorig_LeftHandPinky3" sid="mixamorig_LeftHandPinky3" type="JOINT">
                            <matrix sid="matrix">1.000000 0.000000 -0.000000 -0.000000 -0.000000 1.000000 -0.000000 2.868000 0.000000 0.000000 1.000000 -0.000000 0.000000 0.000000 0.000000 1.000000</matrix>
                            <node id="mixamorig_LeftHandPinky4" name="mixamorig_LeftHandPinky4" sid="mixamorig_LeftHandPinky4" type="JOINT">
                              <matrix sid="matrix">1.000000 0.000000 -0.000000 0.000000 0.000000 1.000000 0.000000 2.950200 -0.000000 -0.000000 1.000000 0.000000 0.000000 0.000000 0.000000 1.000000</matrix>
                            </node>
                          </node>
                        </node>
                      </node>
                    </node>
                  </node>
                </node>
              </node>
              <node id="mixamorig_RightShoulder" name="mixamorig_RightShoulder" sid="mixamorig_RightShoulder" type="JOINT">
                <matrix sid="matrix">-0.172910 -0.968020 0.181765 -4.217400 -0.079959 -0.170140 -0.982171 16.561300 0.981687 -0.184361 -0.047983 -4.061100 0.000000 0.000000 0.000000 1.000000</matrix>
                <node id="mixamorig_RightArm" name="mixamorig_RightArm" sid="mixamorig_RightArm" type="JOINT">
                  <matrix sid="matrix">0.998405 -0.056317 -0.003859 0.000000 0.023340 0.474084 -0.880170 5.607700 0.051398 0.878677 0.474642 0.000000 0.000000 0.000000 0.000000 1.000000</matrix>
                  <node id="mixamorig_RightForeArm" name="mixamorig_RightForeArm" sid="mixamorig_RightForeArm" type="JOINT">
                    <matrix sid="matrix">0.888800 0.365968 -0.275866 0.000000 -0.419799 0.891611 -0.169704 21.869200 0.183859 0.266641 0.946096 0.000000 0.000000 0.000000 0.000000 1.000000</matrix>
                    <node id="mixamorig_RightHand" name="mixamorig_RightHand" sid="mixamorig_RightHand" type="JOINT">
                      <matrix sid="matrix">0.922966 0.103246 -0.370776 -0.000000 -0.060419 0.990271 0.125352 23.865299 0.380110 -0.093294 0.920224 0.000000 0.000000 0.000000 0.000000 1.000000</matrix>
                      <node id="mixamorig_RightHandThumb1" name="mixamorig_RightHandThumb1" sid="mixamorig_RightHandThumb1" type="JOINT">
                        <matrix sid="matrix">0.913971 0.403567 -0.042310 3.107300 -0.392099 0.851499 -0.348150 4.377200 -0.104475 0.334789 0.936484 2.079000 0.000000 0.000000 0.000000 1.000000</matrix>
                        <node id="mixamorig_RightHandThumb2" name="mixamorig_RightHandThumb2" sid="mixamorig_RightHandThumb2" type="JOINT">
                          <matrix sid="matrix">0.896660 -0.284611 -0.339112 0.000000 0.200838 0.944121 -0.261341 4.021500 0.394544 0.166227 0.903717 0.000000 0.000000 0.000000 0.000000 1.000000</matrix>
                          <node id="mixamorig_RightHandThumb3" name="mixamorig_RightHandThumb3" sid="mixamorig_RightHandThumb3" type="JOINT">
                            <matrix sid="matrix">1.000000 0.000000 -0.000000 -0.000000 -0.000000 1.000000 0.000000 3.952700 0.000000 -0.000000 1.000000 0.000000 0.000000 0.000000 0.000000 1.000000</matrix>
                            <node id="mixamorig_RightHandThumb4" name="mixamorig_RightHandThumb4" sid="mixamorig_RightHandThumb4" type="JOINT">
                              <matrix sid="matrix">1.000000 -0.000000 0.000000 -0.000000 0.000000 1.000000 0.000000 4.385600 0.000000 0.000000 1.000000 -0.000000 0.000000 0.000000 0.000000 1.000000</matrix>
                            </node>
                          </node>
                        </node>
                      </node>
                      <node id="mixamorig_RightHandIndex1" name="mixamorig_RightHandIndex1" sid="mixamorig_RightHandIndex1" type="JOINT">
                        <matrix sid="matrix">0.998899 0.009245 0.045996 3.728800 0.022195 0.770636 -0.636889 12.149100 -0.041334 0.637208 0.769583 0.680000 0.000000 0.000000 0.000000 1.000000</matrix>
                        <node id="mixamorig_RightHandIndex2" name="mixamorig_RightHandIndex2" sid="mixamorig_RightHandIndex2" type="JOINT">
                          <matrix sid="matrix">0.996280 0.085730 0.008707 0.000000 -0.025463 0.389419 -0.920709 3.278100 -0.082323 0.917062 0.390153 0.000000 0.000000 0.000000 0.000000 1.000000</matrix>
                          <node id="mixamorig_RightHandIndex3" name="mixamorig_RightHandIndex3" sid="mixamorig_RightHandIndex3" type="JOINT">
                            <matrix sid="matrix">1.000000 -0.000000 -0.000000 0.000000 -0.000000 1.000000 0.000000 3.333500 0.000000 0.000000 1.000000 0.000000 0.000000 0.000000 0.000000 1.000000</matrix>
                            <node id="mixamorig_RightHandIndex4" name="mixamorig_RightHandIndex4" sid="mixamorig_RightHandIndex4" type="JOINT">
                              <matrix sid="matrix">1.000000 -0.000000 0.000000 -0.000000 0.000000 1.000000 0.000000 3.640500 -0.000000 0.000000 1.000000 -0.000000 0.000000 0.000000 0.000000 1.000000</matrix>
                            </node>
                          </node>
                        </node>
                      </node>
                      <node id="mixamorig_RightHandMiddle1" name="mixamorig_RightHandMiddle1" sid="mixamorig_RightHandMiddle1" type="JOINT">
                        <matrix sid="matrix">0.996330 0.055865 0.064844 -0.006900 0.012448 0.654979 -0.755545 12.134400 -0.084680 0.753579 0.651880 -0.011000 0.000000 0.000000 0.000000 1.000000</matrix>
                        <node id="mixamorig_RightHandMiddle2" name="mixamorig_RightHandMiddle2" sid="mixamorig_RightHandMiddle2" type="JOINT">
                          <matrix sid="matrix">0.993599 0.112955 0.001613 -0.000000 -0.031145 0.287637 -0.957233 3.418400 -0.108589 0.951055 0.289313 -0.000000 0.000000 0.000000 0.000000 1.000000</matrix>
                          <node id="mixamorig_RightHandMiddle3" name="mixamorig_RightHandMiddle3" sid="mixamorig_RightHandMiddle3" type="JOINT">
                            <matrix sid="matrix">1.000000 0.000000 -0.000000 -0.000000 -0.000000 1.000000 0.000000 3.298600 0.000000 -0.000000 1.000000 0.000000 0.000000 0.000000 0.000000 1.000000</matrix>
                            <node id="mixamorig_RightHandMiddle4" name="mixamorig_RightHandMiddle4" sid="mixamorig_RightHandMiddle4" type="JOINT">
                              <matrix sid="matrix">1.000000 0.000000 0.000000 0.000000 0.000000 1.000000 -0.000000 4.858100 0.000000 0.000000 1.000000 0.000000 0.000000 0.000000 0.000000 1.000000</matrix>
                            </node>
                          </node>
                        </node>
                      </node>
                      <node id="mixamorig_RightHandRing1" name="mixamorig_RightHandRing1" sid="mixamorig_RightHandRing1" type="JOINT">
                        <matrix sid="matrix">0.996975 0.077598 -0.004344 -2.998700 -0.055059 0.665742 -0.744148 12.329100 -0.054852 0.742136 0.668001 -0.107000 0.000000 0.000000 0.000000 1.000000</matrix>
                        <node id="mixamorig_RightHandRing2" name="mixamorig_RightHandRing2" sid="mixamorig_RightHandRing2" type="JOINT">
                          <matrix sid="matrix">0.992358 0.068484 -0.102648 0.000000 -0.112521 0.160758 -0.980559 3.058700 -0.050651 0.984615 0.167235 -0.000000 0.000000 0.000000 0.000000 1.000000</matrix>
                          <node id="mixamorig_RightHandRing3" name="mixamorig_RightHandRing3" sid="mixamorig_RightHandRing3" type="JOINT">
                            <matrix sid="matrix">1.000000 -0.000000 -0.000000 0.000000 0.000000 1.000000 0.000000 3.289500 -0.000000 -0.000000 1.000000 0.000000 0.000000 0.000000 0.000000 1.000000</matrix>
                            <node id="mixamorig_RightHandRing4" name="mixamorig_RightHandRing4" sid="mixamorig_RightHandRing4" type="JOINT">
                              <matrix sid="matrix">1.000000 0.000000 -0.000000 0.000000 -0.000000 1.000000 -0.000000 4.093700 -0.000000 0.000000 1.000000 0.000000 0.000000 0.000000 0.000000 1.000000</matrix>
                            </node>
                          </node>
                        </node>
                      </node>
                      <node id="mixamorig_RightHandPinky1" name="mixamorig_RightHandPinky1" sid="mixamorig_RightHandPinky1" type="JOINT">
                        <matrix sid="matrix">0.992149 0.118828 -0.038982 -5.731500 -0.112154 0.707528 -0.697729 11.385500 -0.055329 0.696624 0.715300 0.771000 0.000000 0.000000 0.000000 1.000000</matrix>
                        <node id="mixamorig_RightHandPinky2" name="mixamorig_RightHandPinky2" sid="mixamorig_RightHandPinky2" type="JOINT">
                          <matrix sid="matrix">0.981977 0.064094 -0.177801 -0.000000 -0.180789 0.044247 -0.982526 2.856200 -0.055107 0.996962 0.055037 0.000000 0.000000 0.000000 0.000000 1.000000</matrix>
                          <node id="mixamorig_RightHandPinky3" name="mixamorig_RightHandPinky3" sid="mixamorig_RightHandPinky3" type="JOINT">
                            <matrix sid="matrix">1.000000 0.000000 -0.000000 0.000000 0.000000 1.000000 -0.000000 2.868000 0.000000 -0.000000 1.000000 0.000000 0.000000 0.000000 0.000000 1.000000</matrix>
                            <node id="mixamorig_RightHandPinky4" name="mixamorig_RightHandPinky4" sid="mixamorig_RightHandPinky4" type="JOINT">
                              <matrix sid="matrix">1.000000 -0.000000 -0.000000 0.000000 -0.000000 1.000000 0.000000 2.950200 -0.000000 -0.000000 1.000000 0.000000 0.000000 0.000000 0.000000 1.000000</matrix>
                            </node>
                          </node>
                        </node>
                      </node>
                    </node>
                  </node>
                </node>
              </node>
              <node id="mixamorig_Scart1" name="mixamorig_Scart1" sid="mixamorig_Scart1" type="JOINT">
                <matrix sid="matrix">0.999263 -0.038384 0.000000 5.409700 -0.038384 -0.999263 -0.000000 17.819599 -0.000000 0.000000 -1.000000 5.011300 0.000000 0.000000 0.000000 1.000000</matrix>
                <node id="mixamorig_Scart2" name="mixamorig_Scart2" sid="mixamorig_Scart2" type="JOINT">
                  <matrix sid="matrix">0.981549 0.191213 0.000000 0.000000 -0.191213 0.981549 -0.000000 9.170600 -0.000000 -0.000000 1.000000 0.000000 0.000000 0.000000 0.000000 1.000000</matrix>
                  <node id="mixamorig_Scart3" name="mixamorig_Scart3" sid="mixamorig_Scart3" type="JOINT">
                    <matrix sid="matrix">1.000000 0.000000 -0.000000 -0.000000 0.000000 1.000000 -0.000000 8.298900 0.000000 0.000000 1.000000 0.000000 0.000000 0.000000 0.000000 1.000000</matrix>
                    <node id="mixamorig_Scart4" name="mixamorig_Scart4" sid="mixamorig_Scart4" type="JOINT">
                      <matrix sid="matrix">1.000000 0.000000 0.000000 0.000000 0.000000 1.000000 -0.000000 10.284700 0.000000 -0.000000 1.000000 0.000000 0.000000 0.000000 0.000000 1.000000</matrix>
                    </node>
                  </node>
                </node>
              </node>
            </node>
          </node>
        </node>
        <node id="mixamorig_LeftUpLeg" name="mixamorig_LeftUpLeg" sid="mixamorig_LeftUpLeg" type="JOINT">
          <matrix sid="matrix">-0.987364 0.130762 0.089516 8.267000 -0.072399 -0.874719 0.479191 -4.795500 0.140961 0.466655 0.873134 -0.379100 0.000000 0.000000 0.000000 1.000000</matrix>
          <node id="mixamorig_LeftLeg" name="mixamorig_LeftLeg" sid="mixamorig_LeftLeg" type="JOINT">
            <matrix sid="matrix">0.999776 -0.014472 0.015444 0.000000 -0.008725 0.383009 0.923704 33.831501 -0.019283 -0.923631 0.382797 0.000000 0.000000 0.000000 0.000000 1.000000</matrix>
            <node id="mixamorig_LeftFoot" name="mixamorig_LeftFoot" sid="mixamorig_LeftFoot" type="JOINT">
              <matrix sid="matrix">0.998711 -0.038089 -0.033538 0.000000 -0.000790 0.649105 -0.760699 33.272099 0.050743 0.759745 0.648238 0.000000 0.000000 0.000000 0.000000 1.000000</matrix>
              <node id="mixamorig_LeftToeBase" name="mixamorig_LeftToeBase" sid="mixamorig_LeftToeBase" type="JOINT">
                <matrix sid="matrix">0.998087 0.020364 -0.058374 -0.000000 -0.061647 0.399233 -0.914775 19.000000 0.004677 0.916623 0.399725 -0.000000 0.000000 0.000000 0.000000 1.000000</matrix>
                <node id="mixamorig_LeftToe_End" name="mixamorig_LeftToe_End" sid="mixamorig_LeftToe_End" type="JOINT">
                  <matrix sid="matrix">1.000000 0.000000 0.000000 0.000000 -0.000000 1.000000 -0.000000 13.618800 -0.000000 -0.000000 1.000000 0.000000 0.000000 0.000000 0.000000 1.000000</matrix>
                </node>
              </node>
            </node>
          </node>
        </node>
        <node id="mixamorig_RightUpLeg" name="mixamorig_RightUpLeg" sid="mixamorig_RightUpLeg" type="JOINT">
          <matrix sid="matrix">-0.985758 0.059294 -0.157372 -8.267000 -0.093831 -0.970502 0.222083 -4.795500 -0.139562 0.233687 0.962244 -0.379100 0.000000 0.000000 0.000000 1.000000</matrix>
          <node id="mixamorig_RightLeg" name="mixamorig_RightLeg" sid="mixamorig_RightLeg" type="JOINT">
            <matrix sid="matrix">0.990841 0.010395 -0.134633 -0.000000 0.051572 0.892321 0.448446 33.831501 0.124797 -0.451282 0.883612 0.000000 0.000000 0.000000 0.000000 1.000000</matrix>
            <node id="mixamorig_RightFoot" name="mixamorig_RightFoot" sid="mixamorig_RightFoot" type="JOINT">
              <matrix sid="matrix">0.993432 0.098099 -0.058911 0.000000 -0.098310 0.468236 -0.878118 33.271999 -0.058558 0.878141 0.474804 0.000000 0.000000 0.000000 0.000000 1.000000</matrix>
              <node id="mixamorig_RightToeBase" name="mixamorig_RightToeBase" sid="mixamorig_RightToeBase" type="JOINT">
                <matrix sid="matrix">0.999199 0.006929 0.039407 0.000000 0.024269 0.678085 -0.734583 19.000000 -0.031811 0.734951 0.677374 0.000000 0.000000 0.000000 0.000000 1.000000</matrix>
                <node id="mixamorig_RightToe_End" name="mixamorig_RightToe_End" sid="mixamorig_RightToe_End" type="JOINT">
                  <matrix sid="matrix">1.000000 -0.000000 0.000000 0.000000 0.000000 1.000000 -0.000000 13.619000 -0.000000 0.000000 1.000000 -0.000000 0.000000 0.000000 0.000000 1.000000</matrix>
                </node>
              </node>
            </node>
          </node>
        </node>
      </node>
    </visual_scene>
  </library_visual_scenes>
  <scene>
    <instance_visual_scene url="#RootNode"/>
  </scene>
</COLLADA>
