<?xml version="1.0" encoding="utf-8"?>
<COLLADA xmlns="http://www.collada.org/2005/11/COLLADASchema" version="1.4.1">
  <asset>
    <contributor>
      <author>Mixamo</author>
      <authoring_tool>COLLADA Mixamo exporter</authoring_tool>
      <comments/>
    </contributor>
    <created>2024-09-24T07:41:32Z</created>
    <modified>2024-09-24T07:41:32Z</modified>
    <revision/>
    <title/>
    <unit meter="0.010000"/>
    <up_axis>Y_UP</up_axis>
  </asset>
  <library_animations>
    <animation id="mixamorig_Hips-anim" name="mixamorig_Hips">
      <source id="mixamorig_Hips-Matrix-animation-input">
        <float_array id="mixamorig_Hips-Matrix-animation-input-array" count="32">

0.000000 0.033333 0.066667 0.100000 0.133333 0.166667 0.200000 0.233333 0.266667 0.300000 0.333333 0.366667 0.400000 0.433333 0.466667 0.500000
0.533333 0.566667 0.600000 0.633333 0.666667 0.700000 0.733333 0.766667 0.800000 0.833333 0.866667 0.900000 0.933333 0.966667 1.000000 1.033333</float_array>
        <technique_common>
          <accessor source="#mixamorig_Hips-Matrix-animation-input-array" count="32">
            <param name="TIME" type="float"/>
          </accessor>
        </technique_common>
      </source>
      <source id="mixamorig_Hips-Matrix-animation-output-transform">
        <float_array id="mixamorig_Hips-Matrix-animation-output-transform-array" count="512">

0.998658 0.022814 0.046502 -0.045683 -0.022009 0.999600 -0.017749 68.699112 -0.046888 0.016702 0.998761 -0.373828 0.000000 0.000000 0.000000 1.000000
0.999441 0.023483 0.023811 -0.108064 -0.023062 0.999576 -0.017800 69.065819 -0.024219 0.017241 0.999558 -0.565506 0.000000 0.000000 0.000000 1.000000
0.999588 0.028327 0.004555 -0.142245 -0.028253 0.999479 -0.015617 68.993469 -0.004995 0.015482 0.999868 -0.790300 0.000000 0.000000 0.000000 1.000000
0.999432 0.032399 -0.009272 -0.134876 -0.032510 0.999399 -0.012056 68.579536 0.008876 0.012351 0.999884 -0.846363 0.000000 0.000000 0.000000 1.000000
0.999251 0.033280 -0.019726 -0.124802 -0.033486 0.999388 -0.010162 67.925507 0.019375 0.010815 0.999754 -1.003047 0.000000 0.000000 0.000000 1.000000
0.998995 0.032222 -0.031172 -0.070777 -0.032591 0.999404 -0.011411 67.161728 0.030785 0.012415 0.999449 -1.197276 0.000000 0.000000 0.000000 1.000000
0.998499 0.031359 -0.044899 0.047143 -0.031992 0.999398 -0.013448 66.372490 0.044450 0.014864 0.998901 -1.336429 0.000000 0.000000 0.000000 1.000000
0.997821 0.031034 -0.058221 0.234565 -0.031852 0.999406 -0.013178 65.485725 0.057778 0.015004 0.998217 -1.241855 0.000000 0.000000 0.000000 1.000000
0.997266 0.028957 -0.067986 0.559870 -0.029856 0.999479 -0.012246 64.524254 0.067596 0.014242 0.997611 -0.776239 0.000000 0.000000 0.000000 1.000000
0.997135 0.022265 -0.072293 0.886991 -0.023471 0.999599 -0.015871 63.997387 0.071910 0.017522 0.997257 -0.191305 0.000000 0.000000 0.000000 1.000000
0.997472 0.012456 -0.069963 1.233904 -0.014161 0.999613 -0.023924 63.893768 0.069638 0.024855 0.997263 0.216744 0.000000 0.000000 0.000000 1.000000
0.998087 0.004242 -0.061675 1.547693 -0.006034 0.999564 -0.028908 64.136070 0.061525 0.029224 0.997678 0.287830 0.000000 0.000000 0.000000 1.000000
0.998626 0.002037 -0.052369 1.884349 -0.003417 0.999649 -0.026275 65.035645 0.052298 0.026418 0.998282 0.291240 0.000000 0.000000 0.000000 1.000000
0.998983 0.006524 -0.044614 2.173148 -0.007410 0.999778 -0.019721 66.341347 0.044476 0.020032 0.998810 0.231561 0.000000 0.000000 0.000000 1.000000
0.999330 0.016010 -0.032906 2.357422 -0.016511 0.999751 -0.015002 67.598221 0.032657 0.015536 0.999346 0.062039 0.000000 0.000000 0.000000 1.000000
0.999627 0.025380 -0.010097 2.499832 -0.025532 0.999558 -0.015220 68.654434 0.009706 0.015472 0.999833 -0.037896 0.000000 0.000000 0.000000 1.000000
0.999372 0.027845 0.021912 2.578376 -0.027401 0.999418 -0.020305 69.234123 -0.022465 0.019692 0.999554 -0.379021 0.000000 0.000000 0.000000 1.000000
0.998380 0.020686 0.052996 2.595031 -0.019276 0.999450 -0.026991 69.263535 -0.053525 0.025926 0.998230 -0.763780 0.000000 0.000000 0.000000 1.000000
0.997158 0.007841 0.074927 2.583655 -0.005498 0.999491 -0.031417 68.804214 -0.075135 0.030916 0.996694 -0.970456 0.000000 0.000000 0.000000 1.000000
0.996131 -0.004571 0.087761 2.584424 0.007453 0.999442 -0.032549 67.983864 -0.087563 0.033077 0.995610 -1.105869 0.000000 0.000000 0.000000 1.000000
0.995119 -0.013750 0.097715 2.558372 0.016969 0.999338 -0.032193 67.043373 -0.097207 0.033694 0.994694 -1.196120 0.000000 0.000000 0.000000 1.000000
0.993702 -0.019724 0.110305 2.503460 0.023440 0.999197 -0.032501 65.973030 -0.109575 0.034882 0.993366 -1.223343 0.000000 0.000000 0.000000 1.000000
0.991801 -0.022250 0.125838 2.382702 0.026776 0.999050 -0.034387 64.957230 -0.124954 0.037474 0.991455 -1.291564 0.000000 0.000000 0.000000 1.000000
0.990001 -0.019104 0.139763 2.106672 0.024672 0.998965 -0.038218 64.076599 -0.138889 0.041284 0.989447 -1.098967 0.000000 0.000000 0.000000 1.000000
0.989349 -0.008474 0.145315 1.763265 0.015136 0.998881 -0.044797 63.662399 -0.144773 0.046519 0.988371 -0.736383 0.000000 0.000000 0.000000 1.000000
0.990277 0.007870 0.138884 1.385113 -0.000475 0.998584 -0.053196 63.669281 -0.139106 0.052613 0.988879 -0.512076 0.000000 0.000000 0.000000 1.000000
0.991589 0.025925 0.126804 1.040911 -0.018637 0.998124 -0.058328 64.209824 -0.128078 0.055474 0.990211 -0.385060 0.000000 0.000000 0.000000 1.000000
0.992373 0.038202 0.117206 0.611473 -0.031937 0.997983 -0.054867 65.094170 -0.119065 0.050705 0.991591 -0.371689 0.000000 0.000000 0.000000 1.000000
0.993101 0.040777 0.109947 0.343762 -0.036175 0.998397 -0.043530 66.221527 -0.111546 0.039253 0.992984 -0.396971 0.000000 0.000000 0.000000 1.000000
0.994568 0.035898 0.097699 0.166684 -0.033054 0.998986 -0.030578 67.284851 -0.098697 0.027182 0.994746 -0.303378 0.000000 0.000000 0.000000 1.000000
0.996699 0.028497 0.076014 0.040221 -0.026933 0.999405 -0.021526 68.123978 -0.076582 0.019408 0.996874 -0.236163 0.000000 0.000000 0.000000 1.000000
0.998658 0.022814 0.046502 -0.045684 -0.022009 0.999600 -0.017749 68.699104 -0.046888 0.016702 0.998761 -0.373828 0.000000 0.000000 0.000000 1.000000</float_array>
        <technique_common>
          <accessor source="#mixamorig_Hips-Matrix-animation-output-transform-array" count="32" stride="16">
            <param type="float4x4"/>
          </accessor>
        </technique_common>
      </source>
      <source id="mixamorig_Hips-Interpolations">
        <Name_array id="mixamorig_Hips-Interpolations-array" count="32">
 LINEAR LINEAR LINEAR LINEAR LINEAR LINEAR LINEAR LINEAR LINEAR LINEAR LINEAR
LINEAR LINEAR LINEAR LINEAR LINEAR LINEAR LINEAR LINEAR LINEAR LINEAR LINEAR LINEAR
LINEAR LINEAR LINEAR LINEAR LINEAR LINEAR LINEAR LINEAR LINEAR</Name_array>
        <technique_common>
          <accessor source="#mixamorig_Hips-Interpolations-array" count="32">
            <param type="name"/>
          </accessor>
        </technique_common>
      </source>
      <sampler id="mixamorig_Hips-Matrix-animation-transform">
        <input semantic="INPUT" source="#mixamorig_Hips-Matrix-animation-input"/>
        <input semantic="OUTPUT" source="#mixamorig_Hips-Matrix-animation-output-transform"/>
        <input semantic="INTERPOLATION" source="#mixamorig_Hips-Interpolations"/>
      </sampler>
      <channel source="#mixamorig_Hips-Matrix-animation-transform" target="mixamorig_Hips/matrix"/>
    </animation>
    <animation id="mixamorig_Spine-anim" name="mixamorig_Spine">
      <source id="mixamorig_Spine-Matrix-animation-input">
        <float_array id="mixamorig_Spine-Matrix-animation-input-array" count="32">

0.000000 0.033333 0.066667 0.100000 0.133333 0.166667 0.200000 0.233333 0.266667 0.300000 0.333333 0.366667 0.400000 0.433333 0.466667 0.500000
0.533333 0.566667 0.600000 0.633333 0.666667 0.700000 0.733333 0.766667 0.800000 0.833333 0.866667 0.900000 0.933333 0.966667 1.000000 1.033333</float_array>
        <technique_common>
          <accessor source="#mixamorig_Spine-Matrix-animation-input-array" count="32">
            <param name="TIME" type="float"/>
          </accessor>
        </technique_common>
      </source>
      <source id="mixamorig_Spine-Matrix-animation-output-transform">
        <float_array id="mixamorig_Spine-Matrix-animation-output-transform-array" count="512">

0.999978 -0.000898 0.006561 0.000000 0.000648 0.999279 0.037971 3.962400 -0.006590 -0.037966 0.999257 -0.274300 0.000000 0.000000 0.000000 1.000000
0.999930 0.001277 0.011731 0.000000 -0.001718 0.999291 0.037616 3.962400 -0.011675 -0.037633 0.999223 -0.274300 0.000000 0.000000 0.000000 1.000000
0.999866 0.001800 0.016270 -0.000000 -0.002379 0.999360 0.035683 3.962400 -0.016195 -0.035716 0.999231 -0.274300 0.000000 0.000000 0.000000 1.000000
0.999802 0.001503 0.019855 0.000000 -0.002192 0.999394 0.034734 3.962400 -0.019790 -0.034771 0.999199 -0.274300 0.000000 0.000000 0.000000 1.000000
0.999732 0.001960 0.023067 0.000000 -0.002730 0.999438 0.033408 3.962400 -0.022988 -0.033462 0.999176 -0.274300 0.000000 0.000000 0.000000 1.000000
0.999638 0.003231 0.026726 0.000000 -0.004116 0.999442 0.033141 3.962400 -0.026604 -0.033239 0.999093 -0.274300 0.000000 0.000000 0.000000 1.000000
0.999508 0.005147 0.030948 0.000000 -0.006179 0.999426 0.033315 3.962400 -0.030759 -0.033490 0.998966 -0.274300 0.000000 0.000000 0.000000 1.000000
0.999362 0.006947 0.035041 0.000000 -0.008129 0.999399 0.033706 3.962400 -0.034786 -0.033969 0.998817 -0.274300 0.000000 0.000000 0.000000 1.000000
0.999239 0.008455 0.038068 0.000000 -0.009781 0.999347 0.034785 3.962400 -0.037749 -0.035131 0.998670 -0.274300 0.000000 0.000000 0.000000 1.000000
0.999185 0.010456 0.038986 0.000000 -0.011962 0.999184 0.038580 3.962400 -0.038551 -0.039015 0.998495 -0.274300 0.000000 0.000000 0.000000 1.000000
0.999218 0.013271 0.037233 0.000000 -0.014900 0.998929 0.043816 3.962400 -0.036612 -0.044336 0.998346 -0.274300 0.000000 0.000000 0.000000 1.000000
0.999346 0.014981 0.032906 -0.000000 -0.016483 0.998811 0.045880 3.962400 -0.032180 -0.046392 0.998405 -0.274300 0.000000 0.000000 0.000000 1.000000
0.999531 0.013511 0.027473 -0.000000 -0.014721 0.998908 0.044332 3.962400 -0.026844 -0.044716 0.998639 -0.274300 0.000000 0.000000 0.000000 1.000000
0.999697 0.011022 0.022009 0.000000 -0.011937 0.999050 0.041913 3.962400 -0.021526 -0.042163 0.998879 -0.274300 0.000000 0.000000 0.000000 1.000000
0.999848 0.007150 0.015877 0.000000 -0.007781 0.999167 0.040052 3.962400 -0.015577 -0.040170 0.999071 -0.274300 0.000000 0.000000 0.000000 1.000000
0.999961 0.003094 0.008253 -0.000000 -0.003418 0.999212 0.039545 3.962400 -0.008125 -0.039572 0.999184 -0.274300 0.000000 0.000000 0.000000 1.000000
0.999999 0.001061 -0.000095 -0.000000 -0.001057 0.999248 0.038769 3.962400 0.000136 -0.038769 0.999248 -0.274300 0.000000 0.000000 0.000000 1.000000
0.999973 0.001395 -0.007209 0.000000 -0.001120 0.999276 0.038031 3.962400 0.007257 -0.038022 0.999251 -0.274300 0.000000 0.000000 0.000000 1.000000
0.999924 0.002928 -0.011950 0.000000 -0.002480 0.999297 0.037403 3.962400 0.012051 -0.037371 0.999229 -0.274300 0.000000 0.000000 0.000000 1.000000
0.999883 0.003234 -0.014922 0.000000 -0.002698 0.999356 0.035786 3.962400 0.015028 -0.035742 0.999248 -0.274300 0.000000 0.000000 0.000000 1.000000
0.999839 0.003384 -0.017609 0.000000 -0.002780 0.999412 0.034181 3.962400 0.017715 -0.034127 0.999261 -0.274300 0.000000 0.000000 0.000000 1.000000
0.999776 0.002446 -0.021029 0.000000 -0.001744 0.999444 0.033304 3.962400 0.021099 -0.033260 0.999224 -0.274300 0.000000 0.000000 0.000000 1.000000
0.999689 0.000531 -0.024915 0.000000 0.000295 0.999450 0.033146 3.962400 0.024919 -0.033143 0.999140 -0.274300 0.000000 0.000000 0.000000 1.000000
0.999605 -0.001601 -0.028067 0.000000 0.002588 0.999377 0.035190 3.962400 0.027993 -0.035248 0.998986 -0.274300 0.000000 0.000000 0.000000 1.000000
0.999572 -0.004309 -0.028943 0.000000 0.005461 0.999191 0.039843 3.962400 0.028748 -0.039984 0.998787 -0.274300 0.000000 0.000000 0.000000 1.000000
0.999637 -0.006392 -0.026177 -0.000000 0.007558 0.998973 0.044684 3.962400 0.025864 -0.044865 0.998658 -0.274300 0.000000 0.000000 0.000000 1.000000
0.999720 -0.009691 -0.021589 -0.000000 0.010698 0.998835 0.047059 3.962400 0.021108 -0.047276 0.998659 -0.274300 0.000000 0.000000 0.000000 1.000000
0.999799 -0.010867 -0.016877 0.000000 0.011631 0.998879 0.045879 3.962400 0.016360 -0.046066 0.998804 -0.274300 0.000000 0.000000 0.000000 1.000000
0.999866 -0.010414 -0.012600 0.000000 0.010944 0.999024 0.042790 3.962400 0.012143 -0.042922 0.999005 -0.274300 0.000000 0.000000 0.000000 1.000000
0.999940 -0.007947 -0.007509 0.000000 0.008243 0.999157 0.040226 3.962400 0.007183 -0.040286 0.999162 -0.274300 0.000000 0.000000 0.000000 1.000000
0.999991 -0.004260 -0.000903 0.000000 0.004292 0.999223 0.039186 3.962400 0.000735 -0.039189 0.999232 -0.274300 0.000000 0.000000 0.000000 1.000000
0.999978 -0.000898 0.006561 0.000000 0.000648 0.999279 0.037971 3.962400 -0.006590 -0.037966 0.999257 -0.274300 0.000000 0.000000 0.000000 1.000000</float_array>
        <technique_common>
          <accessor source="#mixamorig_Spine-Matrix-animation-output-transform-array" count="32" stride="16">
            <param type="float4x4"/>
          </accessor>
        </technique_common>
      </source>
      <source id="mixamorig_Spine-Interpolations">
        <Name_array id="mixamorig_Spine-Interpolations-array" count="32">
 LINEAR LINEAR LINEAR LINEAR LINEAR LINEAR LINEAR LINEAR LINEAR LINEAR LINEAR
LINEAR LINEAR LINEAR LINEAR LINEAR LINEAR LINEAR LINEAR LINEAR LINEAR LINEAR LINEAR
LINEAR LINEAR LINEAR LINEAR LINEAR LINEAR LINEAR LINEAR LINEAR</Name_array>
        <technique_common>
          <accessor source="#mixamorig_Spine-Interpolations-array" count="32">
            <param type="name"/>
          </accessor>
        </technique_common>
      </source>
      <sampler id="mixamorig_Spine-Matrix-animation-transform">
        <input semantic="INPUT" source="#mixamorig_Spine-Matrix-animation-input"/>
        <input semantic="OUTPUT" source="#mixamorig_Spine-Matrix-animation-output-transform"/>
        <input semantic="INTERPOLATION" source="#mixamorig_Spine-Interpolations"/>
      </sampler>
      <channel source="#mixamorig_Spine-Matrix-animation-transform" target="mixamorig_Spine/matrix"/>
    </animation>
    <animation id="mixamorig_Spine1-anim" name="mixamorig_Spine1">
      <source id="mixamorig_Spine1-Matrix-animation-input">
        <float_array id="mixamorig_Spine1-Matrix-animation-input-array" count="32">

0.000000 0.033333 0.066667 0.100000 0.133333 0.166667 0.200000 0.233333 0.266667 0.300000 0.333333 0.366667 0.400000 0.433333 0.466667 0.500000
0.533333 0.566667 0.600000 0.633333 0.666667 0.700000 0.733333 0.766667 0.800000 0.833333 0.866667 0.900000 0.933333 0.966667 1.000000 1.033333</float_array>
        <technique_common>
          <accessor source="#mixamorig_Spine1-Matrix-animation-input-array" count="32">
            <param name="TIME" type="float"/>
          </accessor>
        </technique_common>
      </source>
      <source id="mixamorig_Spine1-Matrix-animation-output-transform">
        <float_array id="mixamorig_Spine1-Matrix-animation-output-transform-array" count="512">

0.999889 -0.009165 0.011716 0.000000 0.009244 0.999935 -0.006717 14.123300 -0.011653 0.006825 0.999909 0.264400 0.000000 0.000000 0.000000 1.000000
0.999723 -0.003574 0.023249 -0.000000 0.003747 0.999966 -0.007404 14.123300 -0.023222 0.007489 0.999702 0.264400 0.000000 0.000000 0.000000 1.000000
0.999450 -0.000610 0.033160 -0.000000 0.000985 0.999936 -0.011283 14.123300 -0.033151 0.011309 0.999386 0.264400 0.000000 0.000000 0.000000 1.000000
0.999167 0.000725 0.040809 0.000000 -0.000186 0.999913 -0.013207 14.123300 -0.040815 0.013188 0.999080 0.264400 0.000000 0.000000 0.000000 1.000000
0.998865 0.003323 0.047516 -0.000000 -0.002569 0.999870 -0.015914 14.123300 -0.047563 0.015774 0.998744 0.264400 0.000000 0.000000 0.000000 1.000000
0.998454 0.007036 0.055137 0.000000 -0.006133 0.999845 -0.016523 14.123300 -0.055245 0.016159 0.998342 0.264400 0.000000 0.000000 0.000000 1.000000
0.997879 0.011058 0.064153 0.000000 -0.010034 0.999818 -0.016247 14.123300 -0.064321 0.015569 0.997808 0.264400 0.000000 0.000000 0.000000 1.000000
0.997228 0.014373 0.073003 -0.000000 -0.013273 0.999791 -0.015527 14.123300 -0.073211 0.014515 0.997211 0.264400 0.000000 0.000000 0.000000 1.000000
0.996679 0.017254 0.079580 0.000000 -0.016235 0.999778 -0.013436 14.123300 -0.079795 0.012099 0.996738 0.264400 0.000000 0.000000 0.000000 1.000000
0.996396 0.020794 0.082230 -0.000000 -0.020375 0.999775 -0.005922 14.123300 -0.082334 0.004225 0.996596 0.264400 0.000000 0.000000 0.000000 1.000000
0.996446 0.026901 0.079825 0.000000 -0.027339 0.999617 0.004398 14.123300 -0.079676 -0.006565 0.996799 0.264400 0.000000 0.000000 0.000000 1.000000
0.996911 0.031322 0.072019 0.000000 -0.032013 0.999452 0.008452 14.123300 -0.071715 -0.010732 0.997367 0.264400 0.000000 0.000000 0.000000 1.000000
0.997703 0.029777 0.060840 0.000000 -0.030163 0.999530 0.005429 14.123300 -0.060650 -0.007252 0.998133 0.264400 0.000000 0.000000 0.000000 1.000000
0.998475 0.025929 0.048728 0.000000 -0.025995 0.999662 0.000711 14.123300 -0.048693 -0.001977 0.998812 0.264400 0.000000 0.000000 0.000000 1.000000
0.999203 0.019167 0.035020 0.000000 -0.019078 0.999814 -0.002864 14.123300 -0.035068 0.002194 0.999383 0.264400 0.000000 0.000000 0.000000 1.000000
0.999763 0.011578 0.018423 0.000000 -0.011511 0.999927 -0.003739 14.123300 -0.018465 0.003526 0.999823 0.264400 0.000000 0.000000 0.000000 1.000000
0.999973 0.007367 0.000544 0.000000 -0.007364 0.999959 -0.005197 14.123300 -0.000582 0.005193 0.999986 0.264400 0.000000 0.000000 0.000000 1.000000
0.999868 0.007157 -0.014593 0.000000 -0.007254 0.999952 -0.006612 14.123300 0.014545 0.006717 0.999872 0.264400 0.000000 0.000000 0.000000 1.000000
0.999659 0.008837 -0.024573 -0.000000 -0.009032 0.999929 -0.007830 14.123300 0.024502 0.008050 0.999667 0.264400 0.000000 0.000000 0.000000 1.000000
0.999496 0.007721 -0.030786 0.000000 -0.008065 0.999906 -0.011074 14.123300 0.030698 0.011316 0.999465 0.264400 0.000000 0.000000 0.000000 1.000000
0.999319 0.006137 -0.036397 0.000000 -0.006661 0.999875 -0.014312 14.123300 0.036305 0.014545 0.999235 0.264400 0.000000 0.000000 0.000000 1.000000
0.999040 0.003151 -0.043694 0.000000 -0.003858 0.999863 -0.016105 14.123300 0.043637 0.016258 0.998915 0.264400 0.000000 0.000000 0.000000 1.000000
0.998636 -0.000764 -0.052209 0.000000 -0.000096 0.999864 -0.016462 14.123300 0.052215 0.016445 0.998500 0.264400 0.000000 0.000000 0.000000 1.000000
0.998240 -0.004091 -0.059157 0.000000 0.003363 0.999918 -0.012396 14.123300 0.059203 0.012175 0.998172 0.264400 0.000000 0.000000 0.000000 1.000000
0.998082 -0.008530 -0.061309 0.000000 0.008353 0.999960 -0.003136 14.123300 0.061333 0.002618 0.998114 0.264400 0.000000 0.000000 0.000000 1.000000
0.998264 -0.014014 -0.057214 0.000000 0.014405 0.999876 0.006429 14.123300 0.057117 -0.007242 0.998341 0.264400 0.000000 0.000000 0.000000 1.000000
0.998541 -0.022245 -0.049207 -0.000000 0.022816 0.999678 0.011067 14.123300 0.048945 -0.012173 0.998727 0.264400 0.000000 0.000000 0.000000 1.000000
0.998840 -0.026486 -0.040203 0.000000 0.026856 0.999602 0.008689 14.123300 0.039956 -0.009759 0.999154 0.264400 0.000000 0.000000 0.000000 1.000000
0.999166 -0.026806 -0.030795 0.000000 0.026898 0.999635 0.002569 14.123300 0.030715 -0.003395 0.999522 0.264400 0.000000 0.000000 0.000000 1.000000
0.999563 -0.022468 -0.019185 0.000000 0.022426 0.999746 -0.002440 14.123300 0.019235 0.002008 0.999813 0.264400 0.000000 0.000000 0.000000 1.000000
0.999866 -0.015708 -0.004622 0.000000 0.015688 0.999867 -0.004391 14.123300 0.004691 0.004318 0.999980 0.264400 0.000000 0.000000 0.000000 1.000000
0.999889 -0.009165 0.011716 -0.000000 0.009244 0.999935 -0.006717 14.123300 -0.011653 0.006825 0.999909 0.264400 0.000000 0.000000 0.000000 1.000000</float_array>
        <technique_common>
          <accessor source="#mixamorig_Spine1-Matrix-animation-output-transform-array" count="32" stride="16">
            <param type="float4x4"/>
          </accessor>
        </technique_common>
      </source>
      <source id="mixamorig_Spine1-Interpolations">
        <Name_array id="mixamorig_Spine1-Interpolations-array" count="32">
 LINEAR LINEAR LINEAR LINEAR LINEAR LINEAR LINEAR LINEAR LINEAR LINEAR LINEAR
LINEAR LINEAR LINEAR LINEAR LINEAR LINEAR LINEAR LINEAR LINEAR LINEAR LINEAR LINEAR
LINEAR LINEAR LINEAR LINEAR LINEAR LINEAR LINEAR LINEAR LINEAR</Name_array>
        <technique_common>
          <accessor source="#mixamorig_Spine1-Interpolations-array" count="32">
            <param type="name"/>
          </accessor>
        </technique_common>
      </source>
      <sampler id="mixamorig_Spine1-Matrix-animation-transform">
        <input semantic="INPUT" source="#mixamorig_Spine1-Matrix-animation-input"/>
        <input semantic="OUTPUT" source="#mixamorig_Spine1-Matrix-animation-output-transform"/>
        <input semantic="INTERPOLATION" source="#mixamorig_Spine1-Interpolations"/>
      </sampler>
      <channel source="#mixamorig_Spine1-Matrix-animation-transform" target="mixamorig_Spine1/matrix"/>
    </animation>
    <animation id="mixamorig_Spine2-anim" name="mixamorig_Spine2">
      <source id="mixamorig_Spine2-Matrix-animation-input">
        <float_array id="mixamorig_Spine2-Matrix-animation-input-array" count="32">

0.000000 0.033333 0.066667 0.100000 0.133333 0.166667 0.200000 0.233333 0.266667 0.300000 0.333333 0.366667 0.400000 0.433333 0.466667 0.500000
0.533333 0.566667 0.600000 0.633333 0.666667 0.700000 0.733333 0.766667 0.800000 0.833333 0.866667 0.900000 0.933333 0.966667 1.000000 1.033333</float_array>
        <technique_common>
          <accessor source="#mixamorig_Spine2-Matrix-animation-input-array" count="32">
            <param name="TIME" type="float"/>
          </accessor>
        </technique_common>
      </source>
      <source id="mixamorig_Spine2-Matrix-animation-output-transform">
        <float_array id="mixamorig_Spine2-Matrix-animation-output-transform-array" count="512">

0.999889 -0.009165 0.011716 0.000000 0.009244 0.999935 -0.006717 11.404500 -0.011653 0.006825 0.999909 0.106100 0.000000 0.000000 0.000000 1.000000
0.999723 -0.003574 0.023249 0.000000 0.003747 0.999966 -0.007404 11.404500 -0.023222 0.007489 0.999702 0.106100 0.000000 0.000000 0.000000 1.000000
0.999450 -0.000610 0.033160 0.000000 0.000985 0.999936 -0.011283 11.404500 -0.033151 0.011309 0.999386 0.106100 0.000000 0.000000 0.000000 1.000000
0.999167 0.000725 0.040809 0.000000 -0.000186 0.999913 -0.013207 11.404500 -0.040815 0.013188 0.999080 0.106100 0.000000 0.000000 0.000000 1.000000
0.998865 0.003323 0.047516 0.000000 -0.002569 0.999870 -0.015914 11.404500 -0.047563 0.015774 0.998744 0.106100 0.000000 0.000000 0.000000 1.000000
0.998454 0.007036 0.055137 0.000000 -0.006133 0.999845 -0.016523 11.404500 -0.055245 0.016159 0.998342 0.106100 0.000000 0.000000 0.000000 1.000000
0.997879 0.011058 0.064153 -0.000000 -0.010035 0.999818 -0.016247 11.404500 -0.064321 0.015569 0.997808 0.106100 0.000000 0.000000 0.000000 1.000000
0.997228 0.014373 0.073003 -0.000000 -0.013273 0.999791 -0.015527 11.404500 -0.073211 0.014515 0.997211 0.106100 0.000000 0.000000 0.000000 1.000000
0.996679 0.017254 0.079580 -0.000000 -0.016235 0.999778 -0.013436 11.404500 -0.079795 0.012099 0.996738 0.106100 0.000000 0.000000 0.000000 1.000000
0.996396 0.020793 0.082229 0.000000 -0.020375 0.999775 -0.005922 11.404500 -0.082334 0.004225 0.996596 0.106100 0.000000 0.000000 0.000000 1.000000
0.996446 0.026901 0.079825 -0.000000 -0.027339 0.999617 0.004398 11.404500 -0.079676 -0.006565 0.996799 0.106100 0.000000 0.000000 0.000000 1.000000
0.996911 0.031322 0.072019 -0.000000 -0.032013 0.999452 0.008452 11.404500 -0.071715 -0.010732 0.997367 0.106100 0.000000 0.000000 0.000000 1.000000
0.997703 0.029777 0.060840 0.000000 -0.030163 0.999530 0.005429 11.404500 -0.060650 -0.007252 0.998133 0.106100 0.000000 0.000000 0.000000 1.000000
0.998475 0.025929 0.048728 0.000000 -0.025995 0.999662 0.000711 11.404500 -0.048693 -0.001977 0.998812 0.106100 0.000000 0.000000 0.000000 1.000000
0.999203 0.019167 0.035020 -0.000000 -0.019078 0.999814 -0.002864 11.404500 -0.035068 0.002194 0.999383 0.106100 0.000000 0.000000 0.000000 1.000000
0.999763 0.011578 0.018423 0.000000 -0.011511 0.999927 -0.003739 11.404500 -0.018464 0.003526 0.999823 0.106100 0.000000 0.000000 0.000000 1.000000
0.999973 0.007367 0.000544 -0.000000 -0.007364 0.999959 -0.005197 11.404500 -0.000582 0.005193 0.999986 0.106100 0.000000 0.000000 0.000000 1.000000
0.999868 0.007157 -0.014593 0.000000 -0.007254 0.999952 -0.006612 11.404500 0.014545 0.006717 0.999872 0.106100 0.000000 0.000000 0.000000 1.000000
0.999659 0.008837 -0.024573 0.000000 -0.009032 0.999929 -0.007830 11.404500 0.024502 0.008050 0.999667 0.106100 0.000000 0.000000 0.000000 1.000000
0.999496 0.007721 -0.030786 -0.000000 -0.008065 0.999906 -0.011074 11.404500 0.030698 0.011316 0.999465 0.106100 0.000000 0.000000 0.000000 1.000000
0.999319 0.006137 -0.036397 0.000000 -0.006661 0.999875 -0.014312 11.404500 0.036305 0.014545 0.999235 0.106100 0.000000 0.000000 0.000000 1.000000
0.999040 0.003151 -0.043694 0.000000 -0.003858 0.999863 -0.016105 11.404500 0.043637 0.016258 0.998915 0.106100 0.000000 0.000000 0.000000 1.000000
0.998636 -0.000764 -0.052209 0.000000 -0.000096 0.999864 -0.016462 11.404500 0.052215 0.016445 0.998500 0.106100 0.000000 0.000000 0.000000 1.000000
0.998240 -0.004091 -0.059157 -0.000000 0.003363 0.999918 -0.012396 11.404500 0.059203 0.012175 0.998172 0.106100 0.000000 0.000000 0.000000 1.000000
0.998082 -0.008530 -0.061309 0.000000 0.008353 0.999960 -0.003136 11.404500 0.061333 0.002618 0.998114 0.106100 0.000000 0.000000 0.000000 1.000000
0.998264 -0.014014 -0.057214 0.000000 0.014405 0.999876 0.006429 11.404500 0.057117 -0.007242 0.998341 0.106100 0.000000 0.000000 0.000000 1.000000
0.998541 -0.022245 -0.049207 0.000000 0.022816 0.999678 0.011067 11.404500 0.048945 -0.012173 0.998727 0.106100 0.000000 0.000000 0.000000 1.000000
0.998840 -0.026486 -0.040202 0.000000 0.026856 0.999602 0.008689 11.404500 0.039956 -0.009759 0.999154 0.106100 0.000000 0.000000 0.000000 1.000000
0.999166 -0.026806 -0.030795 -0.000000 0.026898 0.999635 0.002569 11.404500 0.030715 -0.003395 0.999522 0.106100 0.000000 0.000000 0.000000 1.000000
0.999563 -0.022468 -0.019185 0.000000 0.022426 0.999746 -0.002440 11.404500 0.019235 0.002008 0.999813 0.106100 0.000000 0.000000 0.000000 1.000000
0.999866 -0.015708 -0.004622 -0.000000 0.015688 0.999867 -0.004391 11.404500 0.004691 0.004318 0.999980 0.106100 0.000000 0.000000 0.000000 1.000000
0.999889 -0.009165 0.011716 0.000000 0.009244 0.999935 -0.006717 11.404500 -0.011653 0.006825 0.999909 0.106100 0.000000 0.000000 0.000000 1.000000</float_array>
        <technique_common>
          <accessor source="#mixamorig_Spine2-Matrix-animation-output-transform-array" count="32" stride="16">
            <param type="float4x4"/>
          </accessor>
        </technique_common>
      </source>
      <source id="mixamorig_Spine2-Interpolations">
        <Name_array id="mixamorig_Spine2-Interpolations-array" count="32">
 LINEAR LINEAR LINEAR LINEAR LINEAR LINEAR LINEAR LINEAR LINEAR LINEAR LINEAR
LINEAR LINEAR LINEAR LINEAR LINEAR LINEAR LINEAR LINEAR LINEAR LINEAR LINEAR LINEAR
LINEAR LINEAR LINEAR LINEAR LINEAR LINEAR LINEAR LINEAR LINEAR</Name_array>
        <technique_common>
          <accessor source="#mixamorig_Spine2-Interpolations-array" count="32">
            <param type="name"/>
          </accessor>
        </technique_common>
      </source>
      <sampler id="mixamorig_Spine2-Matrix-animation-transform">
        <input semantic="INPUT" source="#mixamorig_Spine2-Matrix-animation-input"/>
        <input semantic="OUTPUT" source="#mixamorig_Spine2-Matrix-animation-output-transform"/>
        <input semantic="INTERPOLATION" source="#mixamorig_Spine2-Interpolations"/>
      </sampler>
      <channel source="#mixamorig_Spine2-Matrix-animation-transform" target="mixamorig_Spine2/matrix"/>
    </animation>
    <animation id="mixamorig_Neck-anim" name="mixamorig_Neck">
      <source id="mixamorig_Neck-Matrix-animation-input">
        <float_array id="mixamorig_Neck-Matrix-animation-input-array" count="32">

0.000000 0.033333 0.066667 0.100000 0.133333 0.166667 0.200000 0.233333 0.266667 0.300000 0.333333 0.366667 0.400000 0.433333 0.466667 0.500000
0.533333 0.566667 0.600000 0.633333 0.666667 0.700000 0.733333 0.766667 0.800000 0.833333 0.866667 0.900000 0.933333 0.966667 1.000000 1.033333</float_array>
        <technique_common>
          <accessor source="#mixamorig_Neck-Matrix-animation-input-array" count="32">
            <param name="TIME" type="float"/>
          </accessor>
        </technique_common>
      </source>
      <source id="mixamorig_Neck-Matrix-animation-output-transform">
        <float_array id="mixamorig_Neck-Matrix-animation-output-transform-array" count="512">

0.999746 0.021083 -0.007958 -0.000000 -0.021394 0.998918 -0.041288 9.946700 0.007079 0.041448 0.999116 0.000000 0.000000 0.000000 0.000000 1.000000
0.999909 0.008095 -0.010777 -0.000000 -0.008632 0.998674 -0.050747 9.946700 0.010351 0.050835 0.998653 0.000000 0.000000 0.000000 0.000000 1.000000
0.999848 -0.009064 -0.014863 0.000000 0.008283 0.998623 -0.051807 9.946700 0.015312 0.051676 0.998547 0.000000 0.000000 0.000000 0.000000 1.000000
0.999628 -0.021022 -0.017352 0.000000 0.019790 0.997463 -0.068378 9.946700 0.018745 0.068010 0.997509 0.000000 0.000000 0.000000 0.000000 1.000000
0.999162 -0.035487 -0.020381 -0.000000 0.033808 0.996417 -0.077531 9.946700 0.023059 0.076777 0.996782 0.000000 0.000000 0.000000 0.000000 1.000000
0.998259 -0.053529 -0.024755 0.000000 0.051211 0.994951 -0.086311 9.946700 0.029250 0.084893 0.995961 0.000000 0.000000 0.000000 0.000000 1.000000
0.996879 -0.072846 -0.030426 0.000000 0.069957 0.993737 -0.087133 9.946700 0.036582 0.084733 0.995732 0.000000 0.000000 0.000000 0.000000 1.000000
0.995707 -0.085504 -0.035455 -0.000000 0.082704 0.993818 -0.074065 9.946700 0.041569 0.070815 0.996623 0.000000 0.000000 0.000000 0.000000 1.000000
0.995584 -0.086101 -0.037401 -0.000000 0.084165 0.995168 -0.050572 9.946700 0.041575 0.047201 0.998020 0.000000 0.000000 0.000000 0.000000 1.000000
0.996181 -0.079903 -0.035187 0.000000 0.078048 0.995630 -0.051272 9.946700 0.039130 0.048330 0.998065 0.000000 0.000000 0.000000 0.000000 1.000000
0.996334 -0.079391 -0.031871 0.000000 0.077197 0.994895 -0.064999 9.946700 0.036869 0.062300 0.997376 0.000000 0.000000 0.000000 0.000000 1.000000
0.997093 -0.071280 -0.026913 0.000000 0.069527 0.995698 -0.061244 9.946700 0.031163 0.059194 0.997760 0.000000 0.000000 0.000000 0.000000 1.000000
0.998647 -0.048600 -0.018487 0.000000 0.047471 0.997230 -0.057263 9.946700 0.021219 0.056308 0.998188 0.000000 0.000000 0.000000 0.000000 1.000000
0.999337 -0.034502 -0.011603 -0.000000 0.033679 0.997328 -0.064832 9.946700 0.013809 0.064399 0.997829 0.000000 0.000000 0.000000 0.000000 1.000000
0.999735 -0.022408 -0.005258 -0.000000 0.021951 0.996945 -0.074953 9.946700 0.006922 0.074817 0.997173 0.000000 0.000000 0.000000 0.000000 1.000000
0.999933 -0.011586 0.000595 0.000000 0.011591 0.995589 -0.093101 9.946700 0.000486 0.093102 0.995656 -0.000000 0.000000 0.000000 0.000000 1.000000
0.999961 -0.007402 0.004883 0.000000 0.007845 0.995170 -0.097849 9.946700 -0.004135 0.097883 0.995189 0.000000 0.000000 0.000000 0.000000 1.000000
0.999949 -0.006031 0.008138 0.000000 0.006793 0.995254 -0.097074 9.946700 -0.007514 0.097124 0.995244 0.000000 0.000000 0.000000 0.000000 1.000000
0.999937 -0.003519 0.010673 -0.000000 0.004560 0.995061 -0.099156 9.946700 -0.010271 0.099198 0.995015 0.000000 0.000000 0.000000 0.000000 1.000000
0.999837 0.011058 0.014284 -0.000000 -0.009650 0.995420 -0.095113 9.946700 -0.015271 0.094960 0.995364 0.000000 0.000000 0.000000 0.000000 1.000000
0.999647 0.021206 0.016033 -0.000000 -0.019616 0.995419 -0.093573 9.946700 -0.017944 0.093225 0.995483 0.000000 0.000000 0.000000 0.000000 1.000000
0.999268 0.033675 0.018132 0.000000 -0.032009 0.995829 -0.085438 9.946700 -0.020934 0.084795 0.996179 0.000000 0.000000 0.000000 0.000000 1.000000
0.998653 0.047332 0.021257 -0.000000 -0.045873 0.996860 -0.064544 9.946700 -0.024245 0.063482 0.997688 0.000000 0.000000 0.000000 0.000000 1.000000
0.998376 0.052244 0.022726 -0.000000 -0.051184 0.997677 -0.044959 9.946700 -0.025022 0.043723 0.998730 0.000000 0.000000 0.000000 0.000000 1.000000
0.998296 0.053920 0.022328 0.000000 -0.052903 0.997635 -0.043891 9.946700 -0.024642 0.042635 0.998787 0.000000 0.000000 0.000000 0.000000 1.000000
0.998775 0.045768 0.018820 0.000000 -0.044972 0.998158 -0.040713 9.946700 -0.020648 0.039817 0.998994 0.000000 0.000000 0.000000 0.000000 1.000000
0.998939 0.043302 0.015680 0.000000 -0.042799 0.998598 -0.031138 9.946700 -0.017006 0.030433 0.999392 0.000000 0.000000 0.000000 0.000000 1.000000
0.999538 0.028922 0.009387 0.000000 -0.028789 0.999488 -0.013992 9.946700 -0.009787 0.013715 0.999858 0.000000 0.000000 0.000000 0.000000 1.000000
0.999810 0.019127 0.003694 0.000000 -0.019108 0.999805 -0.005009 9.946700 -0.003789 0.004937 0.999981 0.000000 0.000000 0.000000 0.000000 1.000000
0.999933 0.011452 -0.001796 0.000000 -0.011473 0.999864 -0.011857 9.946700 0.001660 0.011877 0.999928 0.000000 0.000000 0.000000 0.000000 1.000000
0.999932 0.009976 -0.006056 0.000000 -0.010153 0.999500 -0.029947 9.946700 0.005754 0.030006 0.999533 0.000000 0.000000 0.000000 0.000000 1.000000
0.999746 0.021083 -0.007959 -0.000000 -0.021394 0.998918 -0.041288 9.946700 0.007080 0.041448 0.999116 0.000000 0.000000 0.000000 0.000000 1.000000</float_array>
        <technique_common>
          <accessor source="#mixamorig_Neck-Matrix-animation-output-transform-array" count="32" stride="16">
            <param type="float4x4"/>
          </accessor>
        </technique_common>
      </source>
      <source id="mixamorig_Neck-Interpolations">
        <Name_array id="mixamorig_Neck-Interpolations-array" count="32">
 LINEAR LINEAR LINEAR LINEAR LINEAR LINEAR LINEAR LINEAR LINEAR LINEAR LINEAR
LINEAR LINEAR LINEAR LINEAR LINEAR LINEAR LINEAR LINEAR LINEAR LINEAR LINEAR LINEAR
LINEAR LINEAR LINEAR LINEAR LINEAR LINEAR LINEAR LINEAR LINEAR</Name_array>
        <technique_common>
          <accessor source="#mixamorig_Neck-Interpolations-array" count="32">
            <param type="name"/>
          </accessor>
        </technique_common>
      </source>
      <sampler id="mixamorig_Neck-Matrix-animation-transform">
        <input semantic="INPUT" source="#mixamorig_Neck-Matrix-animation-input"/>
        <input semantic="OUTPUT" source="#mixamorig_Neck-Matrix-animation-output-transform"/>
        <input semantic="INTERPOLATION" source="#mixamorig_Neck-Interpolations"/>
      </sampler>
      <channel source="#mixamorig_Neck-Matrix-animation-transform" target="mixamorig_Neck/matrix"/>
    </animation>
    <animation id="mixamorig_Head-anim" name="mixamorig_Head">
      <source id="mixamorig_Head-Matrix-animation-input">
        <float_array id="mixamorig_Head-Matrix-animation-input-array" count="32">

0.000000 0.033333 0.066667 0.100000 0.133333 0.166667 0.200000 0.233333 0.266667 0.300000 0.333333 0.366667 0.400000 0.433333 0.466667 0.500000
0.533333 0.566667 0.600000 0.633333 0.666667 0.700000 0.733333 0.766667 0.800000 0.833333 0.866667 0.900000 0.933333 0.966667 1.000000 1.033333</float_array>
        <technique_common>
          <accessor source="#mixamorig_Head-Matrix-animation-input-array" count="32">
            <param name="TIME" type="float"/>
          </accessor>
        </technique_common>
      </source>
      <source id="mixamorig_Head-Matrix-animation-output-transform">
        <float_array id="mixamorig_Head-Matrix-animation-output-transform-array" count="512">

0.998050 -0.033250 -0.052817 -0.000000 0.030730 0.998383 -0.047823 8.579100 0.054322 0.046107 0.997458 0.114200 0.000000 0.000000 0.000000 1.000000
0.998313 -0.027046 -0.051370 0.000000 0.024995 0.998880 -0.040165 8.579100 0.052399 0.038813 0.997872 0.114200 0.000000 0.000000 0.000000 1.000000
0.998764 -0.015367 -0.047267 -0.000000 0.013615 0.999216 -0.037166 8.579100 0.047802 0.036477 0.998191 0.114200 0.000000 0.000000 0.000000 1.000000
0.999017 -0.007256 -0.043735 0.000000 0.006089 0.999624 -0.026748 8.579100 0.043913 0.026455 0.998685 0.114200 0.000000 0.000000 0.000000 1.000000
0.999175 0.000758 -0.040598 0.000000 -0.001576 0.999796 -0.020114 8.579100 0.040575 0.020162 0.998973 0.114200 0.000000 0.000000 0.000000 1.000000
0.999234 0.008478 -0.038206 0.000000 -0.008978 0.999876 -0.012931 8.579100 0.038092 0.013264 0.999186 0.114200 0.000000 0.000000 0.000000 1.000000
0.999212 0.013339 -0.037377 -0.000000 -0.013677 0.999868 -0.008804 8.579100 0.037255 0.009308 0.999262 0.114200 0.000000 0.000000 0.000000 1.000000
0.999150 0.010153 -0.039958 -0.000000 -0.010711 0.999848 -0.013780 8.579100 0.039812 0.014196 0.999106 0.114200 0.000000 0.000000 0.000000 1.000000
0.998933 -0.003274 -0.046072 0.000000 0.002056 0.999648 -0.026442 8.579100 0.046142 0.026319 0.998588 0.114200 0.000000 0.000000 0.000000 1.000000
0.998476 -0.021051 -0.051010 -0.000000 0.019928 0.999550 -0.022423 8.579100 0.051459 0.021372 0.998446 0.114200 0.000000 0.000000 0.000000 1.000000
0.998235 -0.032220 -0.049890 0.000000 0.031583 0.999410 -0.013522 8.579100 0.050296 0.011923 0.998663 0.114200 0.000000 0.000000 0.000000 1.000000
0.998225 -0.040334 -0.043820 0.000000 0.039453 0.999005 -0.020803 8.579100 0.044615 0.019037 0.998823 0.114200 0.000000 0.000000 0.000000 1.000000
0.998204 -0.048961 -0.034508 0.000000 0.047931 0.998398 -0.030083 8.579100 0.035926 0.028374 0.998952 0.114200 0.000000 0.000000 0.000000 1.000000
0.998543 -0.049893 -0.020539 0.000000 0.049164 0.998191 -0.034594 8.579100 0.022228 0.033534 0.999190 0.114200 0.000000 0.000000 0.000000 1.000000
0.998705 -0.050341 -0.007298 0.000000 0.050026 0.998012 -0.038322 8.579100 0.009212 0.037907 0.999239 0.114200 0.000000 0.000000 0.000000 1.000000
0.998553 -0.053703 0.002758 0.000000 0.053763 0.998061 -0.031377 8.579100 -0.001067 0.031480 0.999504 0.114200 0.000000 0.000000 0.000000 1.000000
0.998294 -0.057564 0.009730 0.000000 0.057790 0.998021 -0.024769 8.579100 -0.008285 0.025289 0.999646 0.114200 0.000000 0.000000 0.000000 1.000000
0.997974 -0.062093 0.013902 0.000000 0.062313 0.997929 -0.015970 8.579100 -0.012882 0.016804 0.999776 0.114200 0.000000 0.000000 0.000000 1.000000
0.997666 -0.066417 0.015871 -0.000000 0.066487 0.997780 -0.003920 8.579100 -0.015576 0.004966 0.999866 0.114200 0.000000 0.000000 0.000000 1.000000
0.997179 -0.073652 0.014440 -0.000000 0.073612 0.997282 0.003239 8.579100 -0.014640 -0.002167 0.999890 0.114200 0.000000 0.000000 0.000000 1.000000
0.997132 -0.074326 0.014256 -0.000000 0.074194 0.997197 0.009617 8.579100 -0.014931 -0.008532 0.999852 0.114200 0.000000 0.000000 0.000000 1.000000
0.997315 -0.071916 0.013805 0.000000 0.071821 0.997391 0.007226 8.579100 -0.014289 -0.006215 0.999879 0.114200 0.000000 0.000000 0.000000 1.000000
0.997661 -0.067196 0.012520 -0.000000 0.067266 0.997721 -0.005228 8.579100 -0.012140 0.006058 0.999908 0.114200 0.000000 0.000000 0.000000 1.000000
0.998297 -0.057129 0.011787 0.000000 0.057345 0.998177 -0.018831 8.579100 -0.010689 0.019475 0.999753 0.114200 0.000000 0.000000 0.000000 1.000000
0.998812 -0.047867 0.009104 0.000000 0.048039 0.998652 -0.019676 8.579100 -0.008150 0.020090 0.999765 0.114200 0.000000 0.000000 0.000000 1.000000
0.999262 -0.038054 0.005220 -0.000000 0.038161 0.999023 -0.022303 8.579100 -0.004366 0.022486 0.999738 0.114200 0.000000 0.000000 0.000000 1.000000
0.999308 -0.037080 -0.002826 -0.000000 0.036988 0.998930 -0.027761 8.579100 0.003853 0.027637 0.999611 0.114200 0.000000 0.000000 0.000000 1.000000
0.999355 -0.034233 -0.010818 0.000000 0.033781 0.998646 -0.039549 8.579100 0.012157 0.039158 0.999159 0.114200 0.000000 0.000000 0.000000 1.000000
0.999168 -0.035088 -0.020776 0.000000 0.034041 0.998230 -0.048762 8.579100 0.022450 0.048014 0.998594 0.114200 0.000000 0.000000 0.000000 1.000000
0.998901 -0.035036 -0.031144 -0.000000 0.033407 0.998121 -0.051360 8.579100 0.032885 0.050264 0.998194 0.114200 0.000000 0.000000 0.000000 1.000000
0.998551 -0.034099 -0.041642 0.000000 0.032041 0.998278 -0.049128 8.579100 0.043246 0.047722 0.997924 0.114200 0.000000 0.000000 0.000000 1.000000
0.998050 -0.033250 -0.052817 -0.000000 0.030730 0.998383 -0.047824 8.579100 0.054322 0.046108 0.997458 0.114200 0.000000 0.000000 0.000000 1.000000</float_array>
        <technique_common>
          <accessor source="#mixamorig_Head-Matrix-animation-output-transform-array" count="32" stride="16">
            <param type="float4x4"/>
          </accessor>
        </technique_common>
      </source>
      <source id="mixamorig_Head-Interpolations">
        <Name_array id="mixamorig_Head-Interpolations-array" count="32">
 LINEAR LINEAR LINEAR LINEAR LINEAR LINEAR LINEAR LINEAR LINEAR LINEAR LINEAR
LINEAR LINEAR LINEAR LINEAR LINEAR LINEAR LINEAR LINEAR LINEAR LINEAR LINEAR LINEAR
LINEAR LINEAR LINEAR LINEAR LINEAR LINEAR LINEAR LINEAR LINEAR</Name_array>
        <technique_common>
          <accessor source="#mixamorig_Head-Interpolations-array" count="32">
            <param type="name"/>
          </accessor>
        </technique_common>
      </source>
      <sampler id="mixamorig_Head-Matrix-animation-transform">
        <input semantic="INPUT" source="#mixamorig_Head-Matrix-animation-input"/>
        <input semantic="OUTPUT" source="#mixamorig_Head-Matrix-animation-output-transform"/>
        <input semantic="INTERPOLATION" source="#mixamorig_Head-Interpolations"/>
      </sampler>
      <channel source="#mixamorig_Head-Matrix-animation-transform" target="mixamorig_Head/matrix"/>
    </animation>
    <animation id="mixamorig_LeftShoulder-anim" name="mixamorig_LeftShoulder">
      <source id="mixamorig_LeftShoulder-Matrix-animation-input">
        <float_array id="mixamorig_LeftShoulder-Matrix-animation-input-array" count="32">

0.000000 0.033333 0.066667 0.100000 0.133333 0.166667 0.200000 0.233333 0.266667 0.300000 0.333333 0.366667 0.400000 0.433333 0.466667 0.500000
0.533333 0.566667 0.600000 0.633333 0.666667 0.700000 0.733333 0.766667 0.800000 0.833333 0.866667 0.900000 0.933333 0.966667 1.000000 1.033333</float_array>
        <technique_common>
          <accessor source="#mixamorig_LeftShoulder-Matrix-animation-input-array" count="32">
            <param name="TIME" type="float"/>
          </accessor>
        </technique_common>
      </source>
      <source id="mixamorig_LeftShoulder-Matrix-animation-output-transform">
        <float_array id="mixamorig_LeftShoulder-Matrix-animation-output-transform-array" count="512">

0.231089 0.834094 -0.500883 4.224100 0.013619 -0.517541 -0.855550 8.898400 -0.972837 0.190887 -0.130958 -0.056600 0.000000 0.000000 0.000000 1.000000
0.210866 0.845812 -0.490039 4.224100 0.018780 -0.504724 -0.863077 8.898400 -0.977335 0.172791 -0.122313 -0.056600 0.000000 0.000000 0.000000 1.000000
0.201603 0.846548 -0.492659 4.224100 0.020497 -0.506523 -0.861983 8.898400 -0.979253 0.163681 -0.119469 -0.056600 0.000000 0.000000 0.000000 1.000000
0.186171 0.852589 -0.488295 4.224100 0.023948 -0.500774 -0.865247 8.898400 -0.982225 0.149391 -0.113647 -0.056600 0.000000 0.000000 0.000000 1.000000
0.180342 0.859266 -0.478684 4.224100 0.025718 -0.490616 -0.870996 8.898400 -0.983268 0.144766 -0.110578 -0.056600 0.000000 0.000000 0.000000 1.000000
0.184774 0.861239 -0.473419 4.224100 0.025218 -0.485710 -0.873756 8.898400 -0.982458 0.149508 -0.111465 -0.056600 0.000000 0.000000 0.000000 1.000000
0.180893 0.864957 -0.468110 4.224100 0.026335 -0.480051 -0.876845 8.898400 -0.983150 0.146287 -0.109616 -0.056600 0.000000 0.000000 0.000000 1.000000
0.174783 0.865059 -0.470238 4.224100 0.027412 -0.481680 -0.875919 8.898400 -0.984225 0.140206 -0.107902 -0.056600 0.000000 0.000000 0.000000 1.000000
0.179578 0.857495 -0.482135 4.224100 0.025782 -0.494036 -0.869059 8.898400 -0.983406 0.143634 -0.110826 -0.056600 0.000000 0.000000 0.000000 1.000000
0.196199 0.847716 -0.492832 4.224100 0.021671 -0.506227 -0.862128 8.898400 -0.980325 0.158468 -0.117692 -0.056600 0.000000 0.000000 0.000000 1.000000
0.192003 0.851460 -0.488007 4.224100 0.022927 -0.501015 -0.865135 8.898400 -0.981127 0.154920 -0.115717 -0.056600 0.000000 0.000000 0.000000 1.000000
0.203344 0.845708 -0.493384 4.224100 0.020156 -0.507421 -0.861462 8.898400 -0.978900 0.165229 -0.120227 -0.056600 0.000000 0.000000 0.000000 1.000000
0.241826 0.815182 -0.526307 4.224100 0.008244 -0.544113 -0.838972 8.898400 -0.970285 0.198546 -0.138301 -0.056600 0.000000 0.000000 0.000000 1.000000
0.253481 0.811226 -0.526935 4.224100 0.005303 -0.545883 -0.837845 8.898400 -0.967326 0.209583 -0.142673 -0.056600 0.000000 0.000000 0.000000 1.000000
0.246902 0.817522 -0.520286 4.224100 0.007651 -0.538537 -0.842567 8.898400 -0.969010 0.204051 -0.139221 -0.056600 0.000000 0.000000 0.000000 1.000000
0.244105 0.820771 -0.516476 4.224100 0.008735 -0.534427 -0.845170 8.898400 -0.969709 0.201799 -0.137626 -0.056600 0.000000 0.000000 0.000000 1.000000
0.250720 0.827476 -0.502417 4.224100 0.008850 -0.520931 -0.853553 8.898400 -0.968019 0.209556 -0.137931 -0.056600 0.000000 0.000000 0.000000 1.000000
0.259302 0.831552 -0.491206 4.224100 0.008287 -0.510500 -0.859838 8.898400 -0.965761 0.218887 -0.139265 -0.056600 0.000000 0.000000 0.000000 1.000000
0.255123 0.839809 -0.479201 4.224100 0.010713 -0.498025 -0.867096 8.898400 -0.966849 0.216082 -0.136055 -0.056600 0.000000 0.000000 0.000000 1.000000
0.264213 0.837697 -0.477970 4.224100 0.008920 -0.497682 -0.867313 8.898400 -0.964423 0.224892 -0.138967 -0.056600 0.000000 0.000000 0.000000 1.000000
0.262424 0.838363 -0.477787 4.224100 0.009351 -0.497327 -0.867513 8.898400 -0.964907 0.223189 -0.138350 -0.056600 0.000000 0.000000 0.000000 1.000000
0.261014 0.839583 -0.476416 4.224100 0.009855 -0.495816 -0.868371 8.898400 -0.965285 0.221962 -0.137689 -0.056600 0.000000 0.000000 0.000000 1.000000
0.272504 0.831881 -0.483442 4.224100 0.006396 -0.504013 -0.863673 8.898400 -0.962133 0.232262 -0.142666 -0.056600 0.000000 0.000000 0.000000 1.000000
0.276144 0.830649 -0.483494 4.224100 0.005579 -0.504431 -0.863434 8.898400 -0.961100 0.235735 -0.143930 -0.056600 0.000000 0.000000 0.000000 1.000000
0.285353 0.818879 -0.498006 4.224100 0.001303 -0.519941 -0.854201 8.898400 -0.958421 0.243101 -0.149434 -0.056600 0.000000 0.000000 0.000000 1.000000
0.284293 0.818108 -0.499877 4.224100 0.001260 -0.521709 -0.853123 8.898400 -0.958737 0.241907 -0.149349 -0.056600 0.000000 0.000000 0.000000 1.000000
0.272630 0.824954 -0.495100 4.224100 0.004729 -0.515736 -0.856734 8.898400 -0.962107 0.231230 -0.144506 -0.056600 0.000000 0.000000 0.000000 1.000000
0.264844 0.827680 -0.494777 4.224100 0.006593 -0.514641 -0.857380 8.898400 -0.964269 0.223810 -0.141757 -0.056600 0.000000 0.000000 0.000000 1.000000
0.264697 0.829354 -0.492044 4.224100 0.007026 -0.511889 -0.859023 8.898400 -0.964306 0.223924 -0.141323 -0.056600 0.000000 0.000000 0.000000 1.000000
0.261771 0.825814 -0.499507 4.224100 0.006651 -0.519085 -0.854697 8.898400 -0.965107 0.220413 -0.141374 -0.056600 0.000000 0.000000 0.000000 1.000000
0.244948 0.829865 -0.501323 4.224100 0.010343 -0.519282 -0.854540 8.898400 -0.969481 0.204132 -0.135780 -0.056600 0.000000 0.000000 0.000000 1.000000
0.231090 0.834095 -0.500883 4.224100 0.013619 -0.517541 -0.855550 8.898400 -0.972837 0.190887 -0.130958 -0.056600 0.000000 0.000000 0.000000 1.000000</float_array>
        <technique_common>
          <accessor source="#mixamorig_LeftShoulder-Matrix-animation-output-transform-array" count="32" stride="16">
            <param type="float4x4"/>
          </accessor>
        </technique_common>
      </source>
      <source id="mixamorig_LeftShoulder-Interpolations">
        <Name_array id="mixamorig_LeftShoulder-Interpolations-array" count="32">
 LINEAR LINEAR LINEAR LINEAR LINEAR LINEAR LINEAR LINEAR LINEAR LINEAR LINEAR
LINEAR LINEAR LINEAR LINEAR LINEAR LINEAR LINEAR LINEAR LINEAR LINEAR LINEAR LINEAR
LINEAR LINEAR LINEAR LINEAR LINEAR LINEAR LINEAR LINEAR LINEAR</Name_array>
        <technique_common>
          <accessor source="#mixamorig_LeftShoulder-Interpolations-array" count="32">
            <param type="name"/>
          </accessor>
        </technique_common>
      </source>
      <sampler id="mixamorig_LeftShoulder-Matrix-animation-transform">
        <input semantic="INPUT" source="#mixamorig_LeftShoulder-Matrix-animation-input"/>
        <input semantic="OUTPUT" source="#mixamorig_LeftShoulder-Matrix-animation-output-transform"/>
        <input semantic="INTERPOLATION" source="#mixamorig_LeftShoulder-Interpolations"/>
      </sampler>
      <channel source="#mixamorig_LeftShoulder-Matrix-animation-transform" target="mixamorig_LeftShoulder/matrix"/>
    </animation>
    <animation id="mixamorig_LeftArm-anim" name="mixamorig_LeftArm">
      <source id="mixamorig_LeftArm-Matrix-animation-input">
        <float_array id="mixamorig_LeftArm-Matrix-animation-input-array" count="32">

0.000000 0.033333 0.066667 0.100000 0.133333 0.166667 0.200000 0.233333 0.266667 0.300000 0.333333 0.366667 0.400000 0.433333 0.466667 0.500000
0.533333 0.566667 0.600000 0.633333 0.666667 0.700000 0.733333 0.766667 0.800000 0.833333 0.866667 0.900000 0.933333 0.966667 1.000000 1.033333</float_array>
        <technique_common>
          <accessor source="#mixamorig_LeftArm-Matrix-animation-input-array" count="32">
            <param name="TIME" type="float"/>
          </accessor>
        </technique_common>
      </source>
      <source id="mixamorig_LeftArm-Matrix-animation-output-transform">
        <float_array id="mixamorig_LeftArm-Matrix-animation-output-transform-array" count="512">

0.985867 0.012953 -0.167028 0.000000 -0.111151 0.796535 -0.594288 8.861000 0.125346 0.604454 0.786717 -0.000000 0.000000 0.000000 0.000000 1.000000
0.977972 0.086122 -0.190142 -0.000000 -0.187602 0.762044 -0.619754 8.861000 0.091522 0.641773 0.761414 0.000000 0.000000 0.000000 0.000000 1.000000
0.967257 0.169580 -0.188829 0.000000 -0.251354 0.743081 -0.620204 8.861000 0.035141 0.647359 0.761375 0.000000 0.000000 0.000000 0.000000 1.000000
0.955244 0.230508 -0.185404 -0.000000 -0.295492 0.714096 -0.634627 8.861000 -0.013890 0.661009 0.750250 0.000000 0.000000 0.000000 0.000000 1.000000
0.940540 0.279053 -0.193683 -0.000000 -0.335746 0.677166 -0.654768 8.861000 -0.051560 0.680864 0.730593 0.000000 0.000000 0.000000 0.000000 1.000000
0.921377 0.326826 -0.210354 0.000000 -0.379673 0.641066 -0.666996 8.861000 -0.083141 0.694420 0.714750 0.000000 0.000000 0.000000 0.000000 1.000000
0.904747 0.358049 -0.230725 0.000000 -0.414020 0.611919 -0.673901 8.861000 -0.100104 0.705234 0.701871 0.000000 0.000000 0.000000 0.000000 1.000000
0.882219 0.401221 -0.246398 0.000000 -0.455216 0.593136 -0.664054 8.861000 -0.120285 0.698006 0.705918 -0.000000 0.000000 0.000000 0.000000 1.000000
0.853938 0.453942 -0.254413 0.000000 -0.500247 0.581450 -0.641614 8.861000 -0.143327 0.675168 0.723606 0.000000 0.000000 0.000000 0.000000 1.000000
0.834868 0.484924 -0.260469 0.000000 -0.527595 0.570011 -0.629866 8.861000 -0.156967 0.663277 0.731727 0.000000 0.000000 0.000000 0.000000 1.000000
0.836358 0.480002 -0.264769 0.000000 -0.527172 0.571828 -0.628572 8.861000 -0.150314 0.665290 0.731297 0.000000 0.000000 0.000000 0.000000 1.000000
0.838841 0.471540 -0.272021 0.000000 -0.528211 0.584161 -0.616237 8.861000 -0.131676 0.660610 0.739091 0.000000 0.000000 0.000000 0.000000 1.000000
0.846200 0.457134 -0.273814 0.000000 -0.522939 0.613691 -0.591539 8.861000 -0.102376 0.643748 0.758358 0.000000 0.000000 0.000000 0.000000 1.000000
0.885752 0.382779 -0.262533 -0.000000 -0.459913 0.647452 -0.607689 8.861000 -0.062633 0.659004 0.749527 0.000000 0.000000 0.000000 0.000000 1.000000
0.927341 0.295205 -0.229982 0.000000 -0.372914 0.677759 -0.633702 8.861000 -0.031200 0.673422 0.738600 -0.000000 0.000000 0.000000 0.000000 1.000000
0.953991 0.229930 -0.192440 0.000000 -0.299543 0.702532 -0.645541 8.861000 -0.013234 0.673485 0.739083 0.000000 0.000000 0.000000 0.000000 1.000000
0.969132 0.187444 -0.160149 0.000000 -0.246487 0.722955 -0.645430 8.861000 -0.005202 0.664982 0.746841 0.000000 0.000000 0.000000 0.000000 1.000000
0.977082 0.164306 -0.135330 0.000000 -0.212852 0.747791 -0.628890 8.861000 -0.002132 0.643283 0.765626 -0.000000 0.000000 0.000000 0.000000 1.000000
0.985984 0.123477 -0.112204 0.000000 -0.166495 0.771605 -0.613926 8.861000 0.010771 0.624003 0.781348 0.000000 0.000000 0.000000 0.000000 1.000000
0.990703 0.086028 -0.105389 0.000000 -0.131978 0.795724 -0.591105 8.861000 0.033009 0.599518 0.799680 0.000000 0.000000 0.000000 0.000000 1.000000
0.994808 0.029552 -0.097387 -0.000000 -0.080227 0.816499 -0.571746 8.861000 0.062620 0.576590 0.814630 0.000000 0.000000 0.000000 0.000000 1.000000
0.994733 -0.023425 -0.099784 0.000000 -0.036486 0.828839 -0.558297 8.861000 0.095783 0.558997 0.823619 0.000000 0.000000 0.000000 0.000000 1.000000
0.991735 -0.051612 -0.117467 0.000000 -0.019659 0.843593 -0.536624 8.861000 0.126791 0.534498 0.835605 0.000000 0.000000 0.000000 0.000000 1.000000
0.989121 -0.065092 -0.131919 0.000000 -0.014129 0.850590 -0.525640 8.861000 0.146424 0.521785 0.840417 -0.000000 0.000000 0.000000 0.000000 1.000000
0.989198 -0.040785 -0.140798 0.000000 -0.035740 0.864421 -0.501496 8.861000 0.142163 0.501111 0.853626 0.000000 0.000000 0.000000 0.000000 1.000000
0.989324 -0.029011 -0.142817 -0.000000 -0.046435 0.866158 -0.497609 8.861000 0.138138 0.498928 0.855563 0.000000 0.000000 0.000000 0.000000 1.000000
0.990312 -0.052538 -0.128537 0.000000 -0.021422 0.856776 -0.515244 8.861000 0.137198 0.513006 0.847350 0.000000 0.000000 0.000000 0.000000 1.000000
0.990391 -0.081075 -0.112037 0.000000 0.010560 0.852101 -0.523272 8.861000 0.137891 0.517060 0.844769 0.000000 0.000000 0.000000 0.000000 1.000000
0.990066 -0.105781 -0.092631 0.000000 0.038852 0.838960 -0.542805 8.861000 0.135132 0.533813 0.834735 0.000000 0.000000 0.000000 0.000000 1.000000
0.989267 -0.102302 -0.104332 0.000000 0.027352 0.831044 -0.555533 8.861000 0.143537 0.546717 0.824923 -0.000000 0.000000 0.000000 0.000000 1.000000
0.987456 -0.072138 -0.140449 -0.000000 -0.022303 0.816883 -0.576372 8.861000 0.156309 0.572274 0.805028 0.000000 0.000000 0.000000 0.000000 1.000000
0.985867 0.012954 -0.167028 0.000000 -0.111152 0.796535 -0.594288 8.861000 0.125345 0.604454 0.786717 0.000000 0.000000 0.000000 0.000000 1.000000</float_array>
        <technique_common>
          <accessor source="#mixamorig_LeftArm-Matrix-animation-output-transform-array" count="32" stride="16">
            <param type="float4x4"/>
          </accessor>
        </technique_common>
      </source>
      <source id="mixamorig_LeftArm-Interpolations">
        <Name_array id="mixamorig_LeftArm-Interpolations-array" count="32">
 LINEAR LINEAR LINEAR LINEAR LINEAR LINEAR LINEAR LINEAR LINEAR LINEAR LINEAR
LINEAR LINEAR LINEAR LINEAR LINEAR LINEAR LINEAR LINEAR LINEAR LINEAR LINEAR LINEAR
LINEAR LINEAR LINEAR LINEAR LINEAR LINEAR LINEAR LINEAR LINEAR</Name_array>
        <technique_common>
          <accessor source="#mixamorig_LeftArm-Interpolations-array" count="32">
            <param type="name"/>
          </accessor>
        </technique_common>
      </source>
      <sampler id="mixamorig_LeftArm-Matrix-animation-transform">
        <input semantic="INPUT" source="#mixamorig_LeftArm-Matrix-animation-input"/>
        <input semantic="OUTPUT" source="#mixamorig_LeftArm-Matrix-animation-output-transform"/>
        <input semantic="INTERPOLATION" source="#mixamorig_LeftArm-Interpolations"/>
      </sampler>
      <channel source="#mixamorig_LeftArm-Matrix-animation-transform" target="mixamorig_LeftArm/matrix"/>
    </animation>
    <animation id="mixamorig_LeftForeArm-anim" name="mixamorig_LeftForeArm">
      <source id="mixamorig_LeftForeArm-Matrix-animation-input">
        <float_array id="mixamorig_LeftForeArm-Matrix-animation-input-array" count="32">

0.000000 0.033333 0.066667 0.100000 0.133333 0.166667 0.200000 0.233333 0.266667 0.300000 0.333333 0.366667 0.400000 0.433333 0.466667 0.500000
0.533333 0.566667 0.600000 0.633333 0.666667 0.700000 0.733333 0.766667 0.800000 0.833333 0.866667 0.900000 0.933333 0.966667 1.000000 1.033333</float_array>
        <technique_common>
          <accessor source="#mixamorig_LeftForeArm-Matrix-animation-input-array" count="32">
            <param name="TIME" type="float"/>
          </accessor>
        </technique_common>
      </source>
      <source id="mixamorig_LeftForeArm-Matrix-animation-output-transform">
        <float_array id="mixamorig_LeftForeArm-Matrix-animation-output-transform-array" count="512">

0.811294 -0.460227 0.360546 0.000000 0.524600 0.845280 -0.101470 18.975201 -0.258063 0.271465 0.927205 -0.000000 0.000000 0.000000 0.000000 1.000000
0.828030 -0.446942 0.338539 -0.000000 0.502150 0.859748 -0.093159 18.975201 -0.249421 0.247136 0.936329 0.000000 0.000000 0.000000 0.000000 1.000000
0.819450 -0.455397 0.348017 -0.000000 0.511207 0.855292 -0.084511 18.975201 -0.259170 0.247161 0.933671 0.000000 0.000000 0.000000 0.000000 1.000000
0.824846 -0.435295 0.360759 -0.000000 0.492816 0.866310 -0.081486 18.975201 -0.277059 0.245001 0.929092 0.000000 0.000000 0.000000 0.000000 1.000000
0.836328 -0.407118 0.367166 -0.000000 0.462080 0.883872 -0.072474 18.975201 -0.295022 0.230272 0.927328 0.000000 0.000000 0.000000 0.000000 1.000000
0.845373 -0.386363 0.368875 0.000000 0.435975 0.898054 -0.058521 18.975201 -0.308659 0.210293 0.927635 0.000000 0.000000 0.000000 0.000000 1.000000
0.851756 -0.371771 0.369185 0.000000 0.415623 0.908469 -0.044061 18.975201 -0.319013 0.190971 0.928311 0.000000 0.000000 0.000000 0.000000 1.000000
0.831715 -0.408108 0.376429 0.000000 0.451778 0.891571 -0.031595 18.975201 -0.322719 0.196340 0.925907 -0.000000 0.000000 0.000000 0.000000 1.000000
0.788500 -0.480252 0.384221 0.000000 0.527655 0.849189 -0.021423 18.975201 -0.315988 0.219628 0.922993 0.000000 0.000000 0.000000 0.000000 1.000000
0.766915 -0.520839 0.374923 -0.000000 0.566080 0.824250 -0.012892 18.975201 -0.302315 0.222124 0.926966 0.000000 0.000000 0.000000 0.000000 1.000000
0.761824 -0.533347 0.367647 0.000000 0.579277 0.814929 -0.018133 18.975201 -0.289935 0.226784 0.929789 0.000000 0.000000 0.000000 0.000000 1.000000
0.750247 -0.555382 0.358720 0.000000 0.601779 0.798344 -0.022570 18.975201 -0.273847 0.232803 0.933172 0.000000 0.000000 0.000000 0.000000 1.000000
0.754172 -0.561470 0.340553 0.000000 0.601531 0.798703 -0.015300 18.975201 -0.263410 0.216392 0.940101 -0.000000 0.000000 0.000000 0.000000 1.000000
0.809231 -0.492811 0.319816 -0.000000 0.526073 0.850178 -0.021067 18.975201 -0.261519 0.185294 0.947245 0.000000 0.000000 0.000000 0.000000 1.000000
0.845516 -0.434486 0.310364 0.000000 0.463279 0.885943 -0.021846 18.975201 -0.265473 0.162257 0.950367 0.000000 0.000000 0.000000 0.000000 1.000000
0.848118 -0.428218 0.311970 -0.000000 0.456986 0.889206 -0.021809 18.975201 -0.268066 0.161063 0.949842 0.000000 0.000000 0.000000 0.000000 1.000000
0.818421 -0.478094 0.318767 0.000000 0.512704 0.858062 -0.029407 18.975201 -0.259463 0.187500 0.947377 0.000000 0.000000 0.000000 0.000000 1.000000
0.751823 -0.572669 0.326822 -0.000000 0.614209 0.788525 -0.031249 18.975201 -0.239812 0.224231 0.944569 0.000000 0.000000 0.000000 0.000000 1.000000
0.680406 -0.656048 0.326570 -0.000000 0.701639 0.711819 -0.031883 18.975201 -0.211542 0.250828 0.944635 0.000000 0.000000 0.000000 0.000000 1.000000
0.609769 -0.727704 0.314053 0.000000 0.772405 0.634439 -0.029629 18.975201 -0.177686 0.260643 0.948943 0.000000 0.000000 0.000000 0.000000 1.000000
0.563216 -0.771264 0.296548 0.000000 0.811861 0.583323 -0.024810 18.975201 -0.153848 0.254729 0.954696 0.000000 0.000000 0.000000 0.000000 1.000000
0.535069 -0.797368 0.279116 0.000000 0.833485 0.552165 -0.020398 18.975201 -0.137853 0.243553 0.960041 -0.000000 0.000000 0.000000 0.000000 1.000000
0.519401 -0.811458 0.267879 0.000000 0.844809 0.534760 -0.018138 18.975201 -0.128533 0.235727 0.963282 -0.000000 0.000000 0.000000 0.000000 1.000000
0.515238 -0.815297 0.264235 0.000000 0.847967 0.529707 -0.019058 18.975201 -0.124429 0.233882 0.964270 0.000000 0.000000 0.000000 0.000000 1.000000
0.508704 -0.818285 0.267638 0.000000 0.851791 0.523564 -0.018253 18.975201 -0.125190 0.237257 0.963347 0.000000 0.000000 0.000000 0.000000 1.000000
0.532339 -0.797768 0.283163 0.000000 0.836059 0.547921 -0.028085 18.975201 -0.132745 0.251692 0.958660 0.000000 0.000000 0.000000 0.000000 1.000000
0.598533 -0.742884 0.299802 0.000000 0.786774 0.615568 -0.045414 18.975201 -0.150811 0.263058 0.952920 -0.000000 0.000000 0.000000 0.000000 1.000000
0.669514 -0.669179 0.322414 0.000000 0.721087 0.689704 -0.065886 18.975201 -0.178281 0.276600 0.944303 -0.000000 0.000000 0.000000 0.000000 1.000000
0.745424 -0.574716 0.337704 0.000000 0.631170 0.771480 -0.080269 18.975201 -0.214400 0.272983 0.937824 0.000000 0.000000 0.000000 0.000000 1.000000
0.797482 -0.491550 0.349859 0.000000 0.554681 0.825464 -0.104586 18.975201 -0.237387 0.277465 0.930946 0.000000 0.000000 0.000000 0.000000 1.000000
0.826542 -0.436139 0.355825 0.000000 0.505129 0.853643 -0.127038 18.975201 -0.248341 0.284740 0.925878 0.000000 0.000000 0.000000 0.000000 1.000000
0.811293 -0.460227 0.360547 0.000000 0.524601 0.845279 -0.101471 18.975201 -0.258063 0.271466 0.927205 0.000000 0.000000 0.000000 0.000000 1.000000</float_array>
        <technique_common>
          <accessor source="#mixamorig_LeftForeArm-Matrix-animation-output-transform-array" count="32" stride="16">
            <param type="float4x4"/>
          </accessor>
        </technique_common>
      </source>
      <source id="mixamorig_LeftForeArm-Interpolations">
        <Name_array id="mixamorig_LeftForeArm-Interpolations-array" count="32">
 LINEAR LINEAR LINEAR LINEAR LINEAR LINEAR LINEAR LINEAR LINEAR LINEAR LINEAR
LINEAR LINEAR LINEAR LINEAR LINEAR LINEAR LINEAR LINEAR LINEAR LINEAR LINEAR LINEAR
LINEAR LINEAR LINEAR LINEAR LINEAR LINEAR LINEAR LINEAR LINEAR</Name_array>
        <technique_common>
          <accessor source="#mixamorig_LeftForeArm-Interpolations-array" count="32">
            <param type="name"/>
          </accessor>
        </technique_common>
      </source>
      <sampler id="mixamorig_LeftForeArm-Matrix-animation-transform">
        <input semantic="INPUT" source="#mixamorig_LeftForeArm-Matrix-animation-input"/>
        <input semantic="OUTPUT" source="#mixamorig_LeftForeArm-Matrix-animation-output-transform"/>
        <input semantic="INTERPOLATION" source="#mixamorig_LeftForeArm-Interpolations"/>
      </sampler>
      <channel source="#mixamorig_LeftForeArm-Matrix-animation-transform" target="mixamorig_LeftForeArm/matrix"/>
    </animation>
    <animation id="mixamorig_LeftHand-anim" name="mixamorig_LeftHand">
      <source id="mixamorig_LeftHand-Matrix-animation-input">
        <float_array id="mixamorig_LeftHand-Matrix-animation-input-array" count="32">

0.000000 0.033333 0.066667 0.100000 0.133333 0.166667 0.200000 0.233333 0.266667 0.300000 0.333333 0.366667 0.400000 0.433333 0.466667 0.500000
0.533333 0.566667 0.600000 0.633333 0.666667 0.700000 0.733333 0.766667 0.800000 0.833333 0.866667 0.900000 0.933333 0.966667 1.000000 1.033333</float_array>
        <technique_common>
          <accessor source="#mixamorig_LeftHand-Matrix-animation-input-array" count="32">
            <param name="TIME" type="float"/>
          </accessor>
        </technique_common>
      </source>
      <source id="mixamorig_LeftHand-Matrix-animation-output-transform">
        <float_array id="mixamorig_LeftHand-Matrix-animation-output-transform-array" count="512">

0.929771 -0.117488 0.348887 0.000000 0.038273 0.973421 0.225804 19.896000 -0.366143 -0.196593 0.909555 0.000000 0.000000 0.000000 0.000000 1.000000
0.914401 -0.133812 0.382054 0.000000 0.053136 0.975296 0.214417 19.896000 -0.401307 -0.175762 0.898922 0.000000 0.000000 0.000000 0.000000 1.000000
0.923107 -0.125955 0.363330 -0.000000 0.049340 0.975821 0.212928 19.896000 -0.381364 -0.178628 0.907002 0.000000 0.000000 0.000000 0.000000 1.000000
0.925241 -0.134449 0.354756 0.000000 0.059072 0.974748 0.215354 19.896000 -0.374752 -0.178298 0.909819 0.000000 0.000000 0.000000 0.000000 1.000000
0.917541 -0.155696 0.365893 0.000000 0.080367 0.973778 0.212832 19.896000 -0.389436 -0.165876 0.905994 0.000000 0.000000 0.000000 0.000000 1.000000
0.902602 -0.178655 0.391652 -0.000000 0.103033 0.973027 0.206403 19.896000 -0.417963 -0.145947 0.896664 -0.000000 0.000000 0.000000 0.000000 1.000000
0.886090 -0.158736 0.435485 0.000000 0.089296 0.980392 0.175666 19.896000 -0.454831 -0.116769 0.882890 0.000000 0.000000 0.000000 0.000000 1.000000
0.879405 -0.051503 0.473280 0.000000 0.001281 0.994383 0.105830 19.896000 -0.476072 -0.092461 0.874532 0.000000 0.000000 0.000000 0.000000 1.000000
0.875968 0.083673 0.475057 -0.000000 -0.111687 0.993260 0.030997 19.896000 -0.469262 -0.080210 0.879409 0.000000 0.000000 0.000000 0.000000 1.000000
0.870921 0.175563 0.458994 -0.000000 -0.189284 0.981786 -0.016370 19.896000 -0.453507 -0.072623 0.888289 -0.000000 0.000000 0.000000 0.000000 1.000000
0.852188 0.253127 0.457932 0.000000 -0.255319 0.965096 -0.058332 19.896000 -0.456714 -0.067209 0.887071 -0.000000 0.000000 0.000000 0.000000 1.000000
0.831292 0.315660 0.457506 0.000000 -0.306628 0.946954 -0.096212 19.896000 -0.463607 -0.060304 0.883986 -0.000000 0.000000 0.000000 0.000000 1.000000
0.832122 0.329566 0.446048 0.000000 -0.314793 0.942839 -0.109363 19.896000 -0.456593 -0.049409 0.888302 -0.000000 0.000000 0.000000 0.000000 1.000000
0.846459 0.272544 0.457413 0.000000 -0.264981 0.960752 -0.082097 19.896000 -0.461836 -0.051714 0.885457 -0.000000 0.000000 0.000000 0.000000 1.000000
0.867599 0.206507 0.452358 0.000000 -0.206352 0.977183 -0.050324 19.896000 -0.452429 -0.049684 0.890416 -0.000000 0.000000 0.000000 0.000000 1.000000
0.890060 0.158097 0.427549 0.000000 -0.159799 0.986625 -0.032162 19.896000 -0.426915 -0.039696 0.903420 0.000000 0.000000 0.000000 0.000000 1.000000
0.910736 0.134110 0.390608 -0.000000 -0.134136 0.990585 -0.027353 19.896000 -0.390599 -0.027484 0.920151 -0.000000 0.000000 0.000000 0.000000 1.000000
0.928362 0.136946 0.345530 0.000000 -0.133390 0.990474 -0.034172 19.896000 -0.346918 -0.014366 0.937785 0.000000 0.000000 0.000000 0.000000 1.000000
0.941032 0.142962 0.306627 0.000000 -0.139099 0.989676 -0.034535 19.896000 -0.308398 -0.010153 0.951203 0.000000 0.000000 0.000000 0.000000 1.000000
0.951077 0.144745 0.272950 -0.000000 -0.144906 0.989250 -0.019682 19.896000 -0.272865 -0.020833 0.961827 0.000000 0.000000 0.000000 0.000000 1.000000
0.959874 0.131216 0.247841 -0.000000 -0.138677 0.990255 0.012809 19.896000 -0.243745 -0.046665 0.968716 0.000000 0.000000 0.000000 0.000000 1.000000
0.966710 0.095056 0.237562 0.000000 -0.114080 0.991167 0.067630 19.896000 -0.229035 -0.092480 0.969015 -0.000000 0.000000 0.000000 0.000000 1.000000
0.971289 0.039245 0.234644 0.000000 -0.073773 0.987366 0.140239 19.896000 -0.226175 -0.153523 0.961912 -0.000000 0.000000 0.000000 0.000000 1.000000
0.971686 -0.018145 0.235577 0.000000 -0.031867 0.977873 0.206760 19.896000 -0.234116 -0.208413 0.949607 -0.000000 0.000000 0.000000 0.000000 1.000000
0.971773 -0.059128 0.228388 -0.000000 -0.001102 0.966934 0.255025 19.896000 -0.235915 -0.248078 0.939575 -0.000000 0.000000 0.000000 0.000000 1.000000
0.970877 -0.088656 0.222571 0.000000 0.021823 0.957875 0.286354 19.896000 -0.238582 -0.273157 0.931914 -0.000000 0.000000 0.000000 0.000000 1.000000
0.970402 -0.107868 0.216064 -0.000000 0.038744 0.952649 0.301593 19.896000 -0.238365 -0.284295 0.928632 0.000000 0.000000 0.000000 0.000000 1.000000
0.972075 -0.105740 0.209499 0.000000 0.038873 0.952954 0.300611 19.896000 -0.231430 -0.284072 0.930453 0.000000 0.000000 0.000000 0.000000 1.000000
0.972865 -0.107267 0.205006 0.000000 0.043749 0.955340 0.292254 19.896000 -0.227200 -0.275355 0.934109 0.000000 0.000000 0.000000 0.000000 1.000000
0.964184 -0.109022 0.241792 0.000000 0.040123 0.961079 0.273345 19.896000 -0.262182 -0.253854 0.931031 0.000000 0.000000 0.000000 0.000000 1.000000
0.943060 -0.116955 0.311382 -0.000000 0.036892 0.967146 0.251529 19.896000 -0.330570 -0.225720 0.916392 0.000000 0.000000 0.000000 0.000000 1.000000
0.929771 -0.117488 0.348887 0.000000 0.038273 0.973421 0.225804 19.896000 -0.366143 -0.196593 0.909555 0.000000 0.000000 0.000000 0.000000 1.000000</float_array>
        <technique_common>
          <accessor source="#mixamorig_LeftHand-Matrix-animation-output-transform-array" count="32" stride="16">
            <param type="float4x4"/>
          </accessor>
        </technique_common>
      </source>
      <source id="mixamorig_LeftHand-Interpolations">
        <Name_array id="mixamorig_LeftHand-Interpolations-array" count="32">
 LINEAR LINEAR LINEAR LINEAR LINEAR LINEAR LINEAR LINEAR LINEAR LINEAR LINEAR
LINEAR LINEAR LINEAR LINEAR LINEAR LINEAR LINEAR LINEAR LINEAR LINEAR LINEAR LINEAR
LINEAR LINEAR LINEAR LINEAR LINEAR LINEAR LINEAR LINEAR LINEAR</Name_array>
        <technique_common>
          <accessor source="#mixamorig_LeftHand-Interpolations-array" count="32">
            <param type="name"/>
          </accessor>
        </technique_common>
      </source>
      <sampler id="mixamorig_LeftHand-Matrix-animation-transform">
        <input semantic="INPUT" source="#mixamorig_LeftHand-Matrix-animation-input"/>
        <input semantic="OUTPUT" source="#mixamorig_LeftHand-Matrix-animation-output-transform"/>
        <input semantic="INTERPOLATION" source="#mixamorig_LeftHand-Interpolations"/>
      </sampler>
      <channel source="#mixamorig_LeftHand-Matrix-animation-transform" target="mixamorig_LeftHand/matrix"/>
    </animation>
    <animation id="mixamorig_LeftHandThumb1-anim" name="mixamorig_LeftHandThumb1">
      <source id="mixamorig_LeftHandThumb1-Matrix-animation-input">
        <float_array id="mixamorig_LeftHandThumb1-Matrix-animation-input-array" count="32">

0.000000 0.033333 0.066667 0.100000 0.133333 0.166667 0.200000 0.233333 0.266667 0.300000 0.333333 0.366667 0.400000 0.433333 0.466667 0.500000
0.533333 0.566667 0.600000 0.633333 0.666667 0.700000 0.733333 0.766667 0.800000 0.833333 0.866667 0.900000 0.933333 0.966667 1.000000 1.033333</float_array>
        <technique_common>
          <accessor source="#mixamorig_LeftHandThumb1-Matrix-animation-input-array" count="32">
            <param name="TIME" type="float"/>
          </accessor>
        </technique_common>
      </source>
      <source id="mixamorig_LeftHandThumb1-Matrix-animation-output-transform">
        <float_array id="mixamorig_LeftHandThumb1-Matrix-animation-output-transform-array" count="512">

0.929305 -0.346689 0.127271 -2.088900 0.361189 0.781313 -0.509011 2.141300 0.077030 0.518996 0.851299 1.209400 0.000000 0.000000 0.000000 1.000000
0.929305 -0.346689 0.127271 -2.088900 0.361190 0.781313 -0.509011 2.141300 0.077030 0.518996 0.851299 1.209400 0.000000 0.000000 0.000000 1.000000
0.929305 -0.346689 0.127271 -2.088900 0.361190 0.781313 -0.509011 2.141300 0.077030 0.518996 0.851299 1.209400 0.000000 0.000000 0.000000 1.000000
0.929305 -0.346690 0.127271 -2.088900 0.361190 0.781313 -0.509011 2.141300 0.077030 0.518996 0.851299 1.209400 0.000000 0.000000 0.000000 1.000000
0.929305 -0.346689 0.127271 -2.088900 0.361189 0.781313 -0.509011 2.141300 0.077030 0.518995 0.851299 1.209400 0.000000 0.000000 0.000000 1.000000
0.929305 -0.346690 0.127271 -2.088900 0.361190 0.781313 -0.509011 2.141300 0.077030 0.518996 0.851299 1.209400 0.000000 0.000000 0.000000 1.000000
0.929305 -0.346689 0.127271 -2.088900 0.361189 0.781313 -0.509011 2.141300 0.077030 0.518996 0.851299 1.209400 0.000000 0.000000 0.000000 1.000000
0.929305 -0.346689 0.127271 -2.088900 0.361189 0.781313 -0.509010 2.141300 0.077030 0.518995 0.851299 1.209400 0.000000 0.000000 0.000000 1.000000
0.929305 -0.346689 0.127271 -2.088900 0.361189 0.781313 -0.509011 2.141300 0.077030 0.518995 0.851299 1.209400 0.000000 0.000000 0.000000 1.000000
0.929305 -0.346690 0.127271 -2.088900 0.361190 0.781313 -0.509011 2.141300 0.077030 0.518996 0.851299 1.209400 0.000000 0.000000 0.000000 1.000000
0.929305 -0.346690 0.127271 -2.088900 0.361190 0.781313 -0.509011 2.141300 0.077030 0.518995 0.851299 1.209400 0.000000 0.000000 0.000000 1.000000
0.929305 -0.346689 0.127271 -2.088900 0.361190 0.781313 -0.509011 2.141300 0.077030 0.518996 0.851299 1.209400 0.000000 0.000000 0.000000 1.000000
0.929305 -0.346690 0.127271 -2.088900 0.361190 0.781313 -0.509011 2.141300 0.077030 0.518995 0.851299 1.209400 0.000000 0.000000 0.000000 1.000000
0.929305 -0.346690 0.127271 -2.088900 0.361190 0.781313 -0.509011 2.141300 0.077030 0.518996 0.851299 1.209400 0.000000 0.000000 0.000000 1.000000
0.929305 -0.346689 0.127271 -2.088900 0.361190 0.781313 -0.509011 2.141300 0.077030 0.518995 0.851299 1.209400 0.000000 0.000000 0.000000 1.000000
0.929305 -0.346689 0.127271 -2.088900 0.361189 0.781313 -0.509011 2.141300 0.077030 0.518996 0.851299 1.209400 0.000000 0.000000 0.000000 1.000000
0.929305 -0.346690 0.127271 -2.088900 0.361190 0.781313 -0.509011 2.141300 0.077030 0.518996 0.851299 1.209400 0.000000 0.000000 0.000000 1.000000
0.929305 -0.346690 0.127271 -2.088900 0.361190 0.781313 -0.509011 2.141300 0.077030 0.518996 0.851299 1.209400 0.000000 0.000000 0.000000 1.000000
0.929305 -0.346689 0.127271 -2.088900 0.361190 0.781313 -0.509011 2.141300 0.077030 0.518996 0.851299 1.209400 0.000000 0.000000 0.000000 1.000000
0.929305 -0.346689 0.127271 -2.088900 0.361189 0.781313 -0.509011 2.141300 0.077030 0.518996 0.851299 1.209400 0.000000 0.000000 0.000000 1.000000
0.929305 -0.346689 0.127271 -2.088900 0.361189 0.781313 -0.509011 2.141300 0.077030 0.518995 0.851299 1.209400 0.000000 0.000000 0.000000 1.000000
0.929305 -0.346689 0.127271 -2.088900 0.361189 0.781313 -0.509011 2.141300 0.077030 0.518996 0.851299 1.209400 0.000000 0.000000 0.000000 1.000000
0.929305 -0.346689 0.127271 -2.088900 0.361190 0.781313 -0.509011 2.141300 0.077030 0.518996 0.851299 1.209400 0.000000 0.000000 0.000000 1.000000
0.929305 -0.346689 0.127271 -2.088900 0.361190 0.781313 -0.509011 2.141300 0.077030 0.518995 0.851299 1.209400 0.000000 0.000000 0.000000 1.000000
0.929305 -0.346689 0.127271 -2.088900 0.361190 0.781313 -0.509011 2.141300 0.077030 0.518996 0.851299 1.209400 0.000000 0.000000 0.000000 1.000000
0.929305 -0.346690 0.127271 -2.088900 0.361190 0.781313 -0.509011 2.141300 0.077030 0.518995 0.851299 1.209400 0.000000 0.000000 0.000000 1.000000
0.929305 -0.346690 0.127271 -2.088900 0.361190 0.781313 -0.509011 2.141300 0.077030 0.518996 0.851299 1.209400 0.000000 0.000000 0.000000 1.000000
0.929305 -0.346689 0.127271 -2.088900 0.361189 0.781313 -0.509011 2.141300 0.077030 0.518995 0.851299 1.209400 0.000000 0.000000 0.000000 1.000000
0.929305 -0.346689 0.127271 -2.088900 0.361190 0.781313 -0.509011 2.141300 0.077030 0.518996 0.851299 1.209400 0.000000 0.000000 0.000000 1.000000
0.929305 -0.346689 0.127271 -2.088900 0.361189 0.781313 -0.509011 2.141300 0.077030 0.518996 0.851299 1.209400 0.000000 0.000000 0.000000 1.000000
0.929305 -0.346689 0.127271 -2.088900 0.361189 0.781313 -0.509011 2.141300 0.077030 0.518995 0.851299 1.209400 0.000000 0.000000 0.000000 1.000000
0.929306 -0.346689 0.127271 -2.088900 0.361189 0.781313 -0.509011 2.141300 0.077030 0.518995 0.851299 1.209400 0.000000 0.000000 0.000000 1.000000</float_array>
        <technique_common>
          <accessor source="#mixamorig_LeftHandThumb1-Matrix-animation-output-transform-array" count="32" stride="16">
            <param type="float4x4"/>
          </accessor>
        </technique_common>
      </source>
      <source id="mixamorig_LeftHandThumb1-Interpolations">
        <Name_array id="mixamorig_LeftHandThumb1-Interpolations-array" count="32">
 LINEAR LINEAR LINEAR LINEAR LINEAR LINEAR LINEAR LINEAR LINEAR LINEAR LINEAR
LINEAR LINEAR LINEAR LINEAR LINEAR LINEAR LINEAR LINEAR LINEAR LINEAR LINEAR LINEAR
LINEAR LINEAR LINEAR LINEAR LINEAR LINEAR LINEAR LINEAR LINEAR</Name_array>
        <technique_common>
          <accessor source="#mixamorig_LeftHandThumb1-Interpolations-array" count="32">
            <param type="name"/>
          </accessor>
        </technique_common>
      </source>
      <sampler id="mixamorig_LeftHandThumb1-Matrix-animation-transform">
        <input semantic="INPUT" source="#mixamorig_LeftHandThumb1-Matrix-animation-input"/>
        <input semantic="OUTPUT" source="#mixamorig_LeftHandThumb1-Matrix-animation-output-transform"/>
        <input semantic="INTERPOLATION" source="#mixamorig_LeftHandThumb1-Interpolations"/>
      </sampler>
      <channel source="#mixamorig_LeftHandThumb1-Matrix-animation-transform" target="mixamorig_LeftHandThumb1/matrix"/>
    </animation>
    <animation id="mixamorig_LeftHandThumb2-anim" name="mixamorig_LeftHandThumb2">
      <source id="mixamorig_LeftHandThumb2-Matrix-animation-input">
        <float_array id="mixamorig_LeftHandThumb2-Matrix-animation-input-array" count="32">

0.000000 0.033333 0.066667 0.100000 0.133333 0.166667 0.200000 0.233333 0.266667 0.300000 0.333333 0.366667 0.400000 0.433333 0.466667 0.500000
0.533333 0.566667 0.600000 0.633333 0.666667 0.700000 0.733333 0.766667 0.800000 0.833333 0.866667 0.900000 0.933333 0.966667 1.000000 1.033333</float_array>
        <technique_common>
          <accessor source="#mixamorig_LeftHandThumb2-Matrix-animation-input-array" count="32">
            <param name="TIME" type="float"/>
          </accessor>
        </technique_common>
      </source>
      <source id="mixamorig_LeftHandThumb2-Matrix-animation-output-transform">
        <float_array id="mixamorig_LeftHandThumb2-Matrix-animation-output-transform-array" count="512">

0.999646 -0.026606 -0.000370 -0.329800 0.026609 0.999563 0.012852 2.560100 0.000027 -0.012857 0.999917 0.000000 0.000000 0.000000 0.000000 1.000000
0.999646 -0.026606 -0.000370 -0.329800 0.026609 0.999563 0.012852 2.560100 0.000028 -0.012857 0.999917 0.000000 0.000000 0.000000 0.000000 1.000000
0.999646 -0.026606 -0.000369 -0.329800 0.026609 0.999563 0.012852 2.560100 0.000027 -0.012857 0.999917 0.000000 0.000000 0.000000 0.000000 1.000000
0.999646 -0.026606 -0.000370 -0.329800 0.026609 0.999563 0.012852 2.560100 0.000028 -0.012857 0.999917 -0.000000 0.000000 0.000000 0.000000 1.000000
0.999646 -0.026606 -0.000369 -0.329800 0.026609 0.999563 0.012851 2.560100 0.000027 -0.012857 0.999917 -0.000000 0.000000 0.000000 0.000000 1.000000
0.999646 -0.026606 -0.000370 -0.329800 0.026609 0.999563 0.012852 2.560100 0.000028 -0.012857 0.999917 0.000000 0.000000 0.000000 0.000000 1.000000
0.999646 -0.026606 -0.000370 -0.329800 0.026609 0.999563 0.012852 2.560100 0.000028 -0.012857 0.999917 0.000000 0.000000 0.000000 0.000000 1.000000
0.999646 -0.026606 -0.000370 -0.329800 0.026609 0.999563 0.012852 2.560100 0.000028 -0.012857 0.999917 0.000000 0.000000 0.000000 0.000000 1.000000
0.999646 -0.026606 -0.000370 -0.329800 0.026609 0.999563 0.012852 2.560100 0.000027 -0.012857 0.999917 0.000000 0.000000 0.000000 0.000000 1.000000
0.999646 -0.026606 -0.000370 -0.329800 0.026609 0.999563 0.012852 2.560100 0.000028 -0.012857 0.999917 0.000000 0.000000 0.000000 0.000000 1.000000
0.999646 -0.026606 -0.000369 -0.329800 0.026609 0.999563 0.012852 2.560100 0.000027 -0.012857 0.999917 0.000000 0.000000 0.000000 0.000000 1.000000
0.999646 -0.026606 -0.000370 -0.329800 0.026609 0.999563 0.012852 2.560100 0.000028 -0.012857 0.999917 0.000000 0.000000 0.000000 0.000000 1.000000
0.999646 -0.026606 -0.000370 -0.329800 0.026609 0.999563 0.012852 2.560100 0.000027 -0.012857 0.999917 0.000000 0.000000 0.000000 0.000000 1.000000
0.999646 -0.026607 -0.000370 -0.329800 0.026609 0.999563 0.012852 2.560100 0.000028 -0.012857 0.999917 -0.000000 0.000000 0.000000 0.000000 1.000000
0.999646 -0.026606 -0.000370 -0.329800 0.026609 0.999563 0.012852 2.560100 0.000028 -0.012857 0.999917 0.000000 0.000000 0.000000 0.000000 1.000000
0.999646 -0.026606 -0.000370 -0.329800 0.026609 0.999563 0.012852 2.560100 0.000028 -0.012857 0.999917 0.000000 0.000000 0.000000 0.000000 1.000000
0.999646 -0.026606 -0.000370 -0.329800 0.026609 0.999563 0.012852 2.560100 0.000028 -0.012857 0.999917 -0.000000 0.000000 0.000000 0.000000 1.000000
0.999646 -0.026607 -0.000370 -0.329800 0.026609 0.999563 0.012851 2.560100 0.000028 -0.012857 0.999917 0.000000 0.000000 0.000000 0.000000 1.000000
0.999646 -0.026606 -0.000370 -0.329800 0.026609 0.999563 0.012852 2.560100 0.000028 -0.012857 0.999917 -0.000000 0.000000 0.000000 0.000000 1.000000
0.999646 -0.026607 -0.000370 -0.329800 0.026609 0.999563 0.012851 2.560100 0.000027 -0.012857 0.999917 0.000000 0.000000 0.000000 0.000000 1.000000
0.999646 -0.026606 -0.000370 -0.329800 0.026609 0.999563 0.012851 2.560100 0.000028 -0.012857 0.999917 0.000000 0.000000 0.000000 0.000000 1.000000
0.999646 -0.026606 -0.000369 -0.329800 0.026609 0.999563 0.012852 2.560100 0.000027 -0.012857 0.999917 0.000000 0.000000 0.000000 0.000000 1.000000
0.999646 -0.026607 -0.000370 -0.329800 0.026609 0.999563 0.012852 2.560100 0.000028 -0.012857 0.999917 -0.000000 0.000000 0.000000 0.000000 1.000000
0.999646 -0.026606 -0.000370 -0.329800 0.026609 0.999563 0.012851 2.560100 0.000028 -0.012857 0.999917 0.000000 0.000000 0.000000 0.000000 1.000000
0.999646 -0.026606 -0.000370 -0.329800 0.026609 0.999563 0.012852 2.560100 0.000028 -0.012857 0.999917 -0.000000 0.000000 0.000000 0.000000 1.000000
0.999646 -0.026606 -0.000369 -0.329800 0.026609 0.999563 0.012852 2.560100 0.000027 -0.012857 0.999917 0.000000 0.000000 0.000000 0.000000 1.000000
0.999646 -0.026606 -0.000370 -0.329800 0.026609 0.999563 0.012852 2.560100 0.000028 -0.012857 0.999917 0.000000 0.000000 0.000000 0.000000 1.000000
0.999646 -0.026607 -0.000370 -0.329800 0.026609 0.999563 0.012851 2.560100 0.000028 -0.012857 0.999917 0.000000 0.000000 0.000000 0.000000 1.000000
0.999646 -0.026606 -0.000370 -0.329800 0.026609 0.999563 0.012852 2.560100 0.000028 -0.012857 0.999917 0.000000 0.000000 0.000000 0.000000 1.000000
0.999646 -0.026607 -0.000370 -0.329800 0.026609 0.999563 0.012852 2.560100 0.000028 -0.012857 0.999917 0.000000 0.000000 0.000000 0.000000 1.000000
0.999646 -0.026606 -0.000370 -0.329800 0.026609 0.999563 0.012852 2.560100 0.000027 -0.012857 0.999917 -0.000000 0.000000 0.000000 0.000000 1.000000
0.999646 -0.026606 -0.000369 -0.329800 0.026609 0.999563 0.012852 2.560100 0.000027 -0.012857 0.999917 0.000000 0.000000 0.000000 0.000000 1.000000</float_array>
        <technique_common>
          <accessor source="#mixamorig_LeftHandThumb2-Matrix-animation-output-transform-array" count="32" stride="16">
            <param type="float4x4"/>
          </accessor>
        </technique_common>
      </source>
      <source id="mixamorig_LeftHandThumb2-Interpolations">
        <Name_array id="mixamorig_LeftHandThumb2-Interpolations-array" count="32">
 LINEAR LINEAR LINEAR LINEAR LINEAR LINEAR LINEAR LINEAR LINEAR LINEAR LINEAR
LINEAR LINEAR LINEAR LINEAR LINEAR LINEAR LINEAR LINEAR LINEAR LINEAR LINEAR LINEAR
LINEAR LINEAR LINEAR LINEAR LINEAR LINEAR LINEAR LINEAR LINEAR</Name_array>
        <technique_common>
          <accessor source="#mixamorig_LeftHandThumb2-Interpolations-array" count="32">
            <param type="name"/>
          </accessor>
        </technique_common>
      </source>
      <sampler id="mixamorig_LeftHandThumb2-Matrix-animation-transform">
        <input semantic="INPUT" source="#mixamorig_LeftHandThumb2-Matrix-animation-input"/>
        <input semantic="OUTPUT" source="#mixamorig_LeftHandThumb2-Matrix-animation-output-transform"/>
        <input semantic="INTERPOLATION" source="#mixamorig_LeftHandThumb2-Interpolations"/>
      </sampler>
      <channel source="#mixamorig_LeftHandThumb2-Matrix-animation-transform" target="mixamorig_LeftHandThumb2/matrix"/>
    </animation>
    <animation id="mixamorig_LeftHandThumb3-anim" name="mixamorig_LeftHandThumb3">
      <source id="mixamorig_LeftHandThumb3-Matrix-animation-input">
        <float_array id="mixamorig_LeftHandThumb3-Matrix-animation-input-array" count="32">

0.000000 0.033333 0.066667 0.100000 0.133333 0.166667 0.200000 0.233333 0.266667 0.300000 0.333333 0.366667 0.400000 0.433333 0.466667 0.500000
0.533333 0.566667 0.600000 0.633333 0.666667 0.700000 0.733333 0.766667 0.800000 0.833333 0.866667 0.900000 0.933333 0.966667 1.000000 1.033333</float_array>
        <technique_common>
          <accessor source="#mixamorig_LeftHandThumb3-Matrix-animation-input-array" count="32">
            <param name="TIME" type="float"/>
          </accessor>
        </technique_common>
      </source>
      <source id="mixamorig_LeftHandThumb3-Matrix-animation-output-transform">
        <float_array id="mixamorig_LeftHandThumb3-Matrix-animation-output-transform-array" count="512">

0.996427 -0.084253 0.005798 0.076900 0.084256 0.996444 -0.000164 2.727200 -0.005763 0.000651 0.999983 0.000000 0.000000 0.000000 0.000000 1.000000
0.996427 -0.084253 0.005798 0.076900 0.084256 0.996444 -0.000164 2.727200 -0.005763 0.000651 0.999983 0.000000 0.000000 0.000000 0.000000 1.000000
0.996427 -0.084253 0.005798 0.076900 0.084256 0.996444 -0.000163 2.727200 -0.005763 0.000651 0.999983 0.000000 0.000000 0.000000 0.000000 1.000000
0.996427 -0.084253 0.005798 0.076900 0.084256 0.996444 -0.000163 2.727200 -0.005763 0.000651 0.999983 0.000000 0.000000 0.000000 0.000000 1.000000
0.996427 -0.084254 0.005798 0.076900 0.084256 0.996444 -0.000163 2.727200 -0.005763 0.000651 0.999983 0.000000 0.000000 0.000000 0.000000 1.000000
0.996427 -0.084254 0.005798 0.076900 0.084256 0.996444 -0.000163 2.727200 -0.005763 0.000651 0.999983 0.000000 0.000000 0.000000 0.000000 1.000000
0.996427 -0.084254 0.005798 0.076900 0.084256 0.996444 -0.000163 2.727200 -0.005763 0.000651 0.999983 0.000000 0.000000 0.000000 0.000000 1.000000
0.996427 -0.084253 0.005798 0.076900 0.084256 0.996444 -0.000163 2.727200 -0.005763 0.000651 0.999983 0.000000 0.000000 0.000000 0.000000 1.000000
0.996427 -0.084254 0.005798 0.076900 0.084256 0.996444 -0.000164 2.727200 -0.005763 0.000651 0.999983 0.000000 0.000000 0.000000 0.000000 1.000000
0.996428 -0.084253 0.005798 0.076900 0.084256 0.996444 -0.000164 2.727200 -0.005763 0.000652 0.999983 0.000000 0.000000 0.000000 0.000000 1.000000
0.996427 -0.084254 0.005798 0.076900 0.084256 0.996444 -0.000163 2.727200 -0.005763 0.000651 0.999983 0.000000 0.000000 0.000000 0.000000 1.000000
0.996427 -0.084253 0.005798 0.076900 0.084256 0.996444 -0.000163 2.727200 -0.005763 0.000651 0.999983 0.000000 0.000000 0.000000 0.000000 1.000000
0.996427 -0.084253 0.005798 0.076900 0.084256 0.996444 -0.000164 2.727200 -0.005763 0.000651 0.999983 0.000000 0.000000 0.000000 0.000000 1.000000
0.996428 -0.084253 0.005798 0.076900 0.084256 0.996444 -0.000164 2.727200 -0.005763 0.000651 0.999983 0.000000 0.000000 0.000000 0.000000 1.000000
0.996427 -0.084253 0.005798 0.076900 0.084256 0.996444 -0.000163 2.727200 -0.005763 0.000651 0.999983 -0.000000 0.000000 0.000000 0.000000 1.000000
0.996427 -0.084253 0.005798 0.076900 0.084256 0.996444 -0.000164 2.727200 -0.005763 0.000652 0.999983 -0.000000 0.000000 0.000000 0.000000 1.000000
0.996427 -0.084253 0.005798 0.076900 0.084256 0.996444 -0.000163 2.727200 -0.005763 0.000651 0.999983 -0.000000 0.000000 0.000000 0.000000 1.000000
0.996427 -0.084253 0.005798 0.076900 0.084256 0.996444 -0.000163 2.727200 -0.005763 0.000651 0.999983 -0.000000 0.000000 0.000000 0.000000 1.000000
0.996428 -0.084253 0.005798 0.076900 0.084256 0.996444 -0.000163 2.727200 -0.005763 0.000651 0.999983 0.000000 0.000000 0.000000 0.000000 1.000000
0.996428 -0.084253 0.005798 0.076900 0.084256 0.996444 -0.000163 2.727200 -0.005763 0.000651 0.999983 0.000000 0.000000 0.000000 0.000000 1.000000
0.996427 -0.084253 0.005798 0.076900 0.084256 0.996444 -0.000163 2.727200 -0.005763 0.000651 0.999983 0.000000 0.000000 0.000000 0.000000 1.000000
0.996427 -0.084254 0.005798 0.076900 0.084256 0.996444 -0.000164 2.727200 -0.005763 0.000652 0.999983 0.000000 0.000000 0.000000 0.000000 1.000000
0.996428 -0.084253 0.005798 0.076900 0.084256 0.996444 -0.000164 2.727200 -0.005763 0.000651 0.999983 -0.000000 0.000000 0.000000 0.000000 1.000000
0.996427 -0.084254 0.005798 0.076900 0.084256 0.996444 -0.000164 2.727200 -0.005763 0.000651 0.999983 0.000000 0.000000 0.000000 0.000000 1.000000
0.996427 -0.084253 0.005798 0.076900 0.084256 0.996444 -0.000163 2.727200 -0.005763 0.000651 0.999983 0.000000 0.000000 0.000000 0.000000 1.000000
0.996427 -0.084253 0.005798 0.076900 0.084256 0.996444 -0.000164 2.727200 -0.005763 0.000652 0.999983 0.000000 0.000000 0.000000 0.000000 1.000000
0.996427 -0.084253 0.005798 0.076900 0.084256 0.996444 -0.000163 2.727200 -0.005764 0.000651 0.999983 0.000000 0.000000 0.000000 0.000000 1.000000
0.996428 -0.084253 0.005798 0.076900 0.084255 0.996444 -0.000163 2.727200 -0.005763 0.000651 0.999983 0.000000 0.000000 0.000000 0.000000 1.000000
0.996427 -0.084253 0.005798 0.076900 0.084256 0.996444 -0.000163 2.727200 -0.005763 0.000651 0.999983 -0.000000 0.000000 0.000000 0.000000 1.000000
0.996427 -0.084253 0.005798 0.076900 0.084256 0.996444 -0.000164 2.727200 -0.005763 0.000651 0.999983 0.000000 0.000000 0.000000 0.000000 1.000000
0.996427 -0.084254 0.005798 0.076900 0.084256 0.996444 -0.000163 2.727200 -0.005763 0.000651 0.999983 0.000000 0.000000 0.000000 0.000000 1.000000
0.996427 -0.084253 0.005798 0.076900 0.084256 0.996444 -0.000163 2.727200 -0.005763 0.000651 0.999983 0.000000 0.000000 0.000000 0.000000 1.000000</float_array>
        <technique_common>
          <accessor source="#mixamorig_LeftHandThumb3-Matrix-animation-output-transform-array" count="32" stride="16">
            <param type="float4x4"/>
          </accessor>
        </technique_common>
      </source>
      <source id="mixamorig_LeftHandThumb3-Interpolations">
        <Name_array id="mixamorig_LeftHandThumb3-Interpolations-array" count="32">
 LINEAR LINEAR LINEAR LINEAR LINEAR LINEAR LINEAR LINEAR LINEAR LINEAR LINEAR
LINEAR LINEAR LINEAR LINEAR LINEAR LINEAR LINEAR LINEAR LINEAR LINEAR LINEAR LINEAR
LINEAR LINEAR LINEAR LINEAR LINEAR LINEAR LINEAR LINEAR LINEAR</Name_array>
        <technique_common>
          <accessor source="#mixamorig_LeftHandThumb3-Interpolations-array" count="32">
            <param type="name"/>
          </accessor>
        </technique_common>
      </source>
      <sampler id="mixamorig_LeftHandThumb3-Matrix-animation-transform">
        <input semantic="INPUT" source="#mixamorig_LeftHandThumb3-Matrix-animation-input"/>
        <input semantic="OUTPUT" source="#mixamorig_LeftHandThumb3-Matrix-animation-output-transform"/>
        <input semantic="INTERPOLATION" source="#mixamorig_LeftHandThumb3-Interpolations"/>
      </sampler>
      <channel source="#mixamorig_LeftHandThumb3-Matrix-animation-transform" target="mixamorig_LeftHandThumb3/matrix"/>
    </animation>
    <animation id="mixamorig_LeftHandIndex1-anim" name="mixamorig_LeftHandIndex1">
      <source id="mixamorig_LeftHandIndex1-Matrix-animation-input">
        <float_array id="mixamorig_LeftHandIndex1-Matrix-animation-input-array" count="32">

0.000000 0.033333 0.066667 0.100000 0.133333 0.166667 0.200000 0.233333 0.266667 0.300000 0.333333 0.366667 0.400000 0.433333 0.466667 0.500000
0.533333 0.566667 0.600000 0.633333 0.666667 0.700000 0.733333 0.766667 0.800000 0.833333 0.866667 0.900000 0.933333 0.966667 1.000000 1.033333</float_array>
        <technique_common>
          <accessor source="#mixamorig_LeftHandIndex1-Matrix-animation-input-array" count="32">
            <param name="TIME" type="float"/>
          </accessor>
        </technique_common>
      </source>
      <source id="mixamorig_LeftHandIndex1-Matrix-animation-output-transform">
        <float_array id="mixamorig_LeftHandIndex1-Matrix-animation-output-transform-array" count="512">

0.980651 -0.163288 0.107983 -2.586000 0.193483 0.724507 -0.661554 6.942300 0.029789 0.669647 0.742082 0.029700 0.000000 0.000000 0.000000 1.000000
0.980224 -0.167121 0.105980 -2.586000 0.195819 0.741821 -0.641371 6.942300 0.028568 0.649440 0.759876 0.029700 0.000000 0.000000 0.000000 1.000000
0.979852 -0.170958 0.103260 -2.586000 0.197895 0.761258 -0.617515 6.942300 0.026962 0.625508 0.779752 0.029700 0.000000 0.000000 0.000000 1.000000
0.979505 -0.174673 0.100297 -2.586000 0.199854 0.780845 -0.591894 6.942300 0.025071 0.599808 0.799751 0.029700 0.000000 0.000000 0.000000 1.000000
0.979147 -0.178193 0.097567 -2.586000 0.201846 0.798861 -0.566638 6.942300 0.023028 0.574516 0.818170 0.029700 0.000000 0.000000 0.000000 1.000000
0.978739 -0.181500 0.095536 -2.586000 0.204030 0.813850 -0.544076 6.942300 0.020998 0.552001 0.833579 0.029700 0.000000 0.000000 0.000000 1.000000
0.978241 -0.184618 0.094662 -2.586000 0.206584 0.824582 -0.526676 6.942300 0.019178 0.534772 0.844779 0.029700 0.000000 0.000000 0.000000 1.000000
0.977604 -0.187590 0.095396 -2.586000 0.209698 0.829931 -0.516955 6.942300 0.017803 0.525381 0.850681 0.029700 0.000000 0.000000 0.000000 1.000000
0.976715 -0.190492 0.098691 -2.586000 0.213840 0.827309 -0.519454 6.942300 0.017304 0.528463 0.848780 0.029700 0.000000 0.000000 0.000000 1.000000
0.975294 -0.193396 0.106771 -2.586000 0.220125 0.809998 -0.543551 6.942300 0.018637 0.553625 0.832557 0.029700 0.000000 0.000000 0.000000 1.000000
0.973812 -0.195658 0.115793 -2.586000 0.226392 0.787703 -0.572949 6.942300 0.020892 0.584159 0.811370 0.029700 0.000000 0.000000 0.000000 1.000000
0.972927 -0.197012 0.120832 -2.586000 0.230043 0.775238 -0.588291 6.942300 0.022227 0.600160 0.799571 0.029700 0.000000 0.000000 0.000000 1.000000
0.972403 -0.198113 0.123221 -2.586000 0.232200 0.770409 -0.593762 6.942300 0.022701 0.605988 0.795150 0.029700 0.000000 0.000000 0.000000 1.000000
0.972018 -0.199193 0.124511 -2.586000 0.233800 0.768985 -0.594978 6.942300 0.022768 0.607440 0.794039 0.029700 0.000000 0.000000 0.000000 1.000000
0.971765 -0.200211 0.124856 -2.586000 0.234879 0.770395 -0.592726 6.942300 0.022482 0.605316 0.795668 0.029700 0.000000 0.000000 0.000000 1.000000
0.971635 -0.201119 0.124407 -2.586000 0.235469 0.774017 -0.587752 6.942300 0.021915 0.600374 0.799419 0.029700 0.000000 0.000000 0.000000 1.000000
0.971620 -0.201861 0.123318 -2.586000 0.235601 0.779214 -0.580790 6.942300 0.021148 0.593361 0.804659 0.029700 0.000000 0.000000 0.000000 1.000000
0.971709 -0.202386 0.121742 -2.586000 0.235309 0.785354 -0.572580 6.942300 0.020272 0.585028 0.810759 0.029700 0.000000 0.000000 0.000000 1.000000
0.971892 -0.202646 0.119832 -2.586000 0.234626 0.791829 -0.563878 6.942300 0.019381 0.576144 0.817118 0.029700 0.000000 0.000000 0.000000 1.000000
0.972158 -0.202598 0.117740 -2.586000 0.233589 0.798058 -0.555464 6.942300 0.018573 0.567501 0.823163 0.029700 0.000000 0.000000 0.000000 1.000000
0.972494 -0.202209 0.115615 -2.586000 0.232236 0.803497 -0.548142 6.942300 0.017943 0.559915 0.828356 0.029700 0.000000 0.000000 0.000000 1.000000
0.972888 -0.201449 0.113610 -2.586000 0.230608 0.807625 -0.542735 6.942300 0.017579 0.554219 0.832185 0.029700 0.000000 0.000000 0.000000 1.000000
0.973328 -0.200291 0.111871 -2.586000 0.228743 0.809938 -0.540072 6.942300 0.017563 0.551257 0.834151 0.029700 0.000000 0.000000 0.000000 1.000000
0.973805 -0.198705 0.110549 -2.586000 0.226676 0.809917 -0.540973 6.942300 0.017959 0.551861 0.833743 0.029700 0.000000 0.000000 0.000000 1.000000
0.974320 -0.196598 0.109775 -2.586000 0.224380 0.806926 -0.546374 6.942300 0.018836 0.556974 0.830316 0.029700 0.000000 0.000000 0.000000 1.000000
0.975093 -0.192989 0.109313 -2.586000 0.220845 0.799167 -0.559071 6.942300 0.020535 0.569287 0.821882 0.029700 0.000000 0.000000 0.000000 1.000000
0.976177 -0.187658 0.108920 -2.586000 0.215769 0.786681 -0.578426 6.942300 0.022861 0.588148 0.808430 0.029700 0.000000 0.000000 0.000000 1.000000
0.977404 -0.181352 0.108595 -2.586000 0.209868 0.771226 -0.600971 6.942300 0.025236 0.610183 0.791859 0.029700 0.000000 0.000000 0.000000 1.000000
0.978613 -0.174870 0.108336 -2.586000 0.203897 0.754819 -0.623437 6.942300 0.027246 0.632193 0.774331 0.029700 0.000000 0.000000 0.000000 1.000000
0.979652 -0.169077 0.108145 -2.586000 0.198645 0.739806 -0.642828 6.942300 0.028681 0.651230 0.758338 0.029700 0.000000 0.000000 0.000000 1.000000
0.980377 -0.164899 0.108025 -2.586000 0.194910 0.728795 -0.656405 6.942300 0.029513 0.664579 0.746635 0.029700 0.000000 0.000000 0.000000 1.000000
0.980651 -0.163288 0.107983 -2.586000 0.193483 0.724507 -0.661554 6.942300 0.029790 0.669647 0.742082 0.029700 0.000000 0.000000 0.000000 1.000000</float_array>
        <technique_common>
          <accessor source="#mixamorig_LeftHandIndex1-Matrix-animation-output-transform-array" count="32" stride="16">
            <param type="float4x4"/>
          </accessor>
        </technique_common>
      </source>
      <source id="mixamorig_LeftHandIndex1-Interpolations">
        <Name_array id="mixamorig_LeftHandIndex1-Interpolations-array" count="32">
 LINEAR LINEAR LINEAR LINEAR LINEAR LINEAR LINEAR LINEAR LINEAR LINEAR LINEAR
LINEAR LINEAR LINEAR LINEAR LINEAR LINEAR LINEAR LINEAR LINEAR LINEAR LINEAR LINEAR
LINEAR LINEAR LINEAR LINEAR LINEAR LINEAR LINEAR LINEAR LINEAR</Name_array>
        <technique_common>
          <accessor source="#mixamorig_LeftHandIndex1-Interpolations-array" count="32">
            <param type="name"/>
          </accessor>
        </technique_common>
      </source>
      <sampler id="mixamorig_LeftHandIndex1-Matrix-animation-transform">
        <input semantic="INPUT" source="#mixamorig_LeftHandIndex1-Matrix-animation-input"/>
        <input semantic="OUTPUT" source="#mixamorig_LeftHandIndex1-Matrix-animation-output-transform"/>
        <input semantic="INTERPOLATION" source="#mixamorig_LeftHandIndex1-Interpolations"/>
      </sampler>
      <channel source="#mixamorig_LeftHandIndex1-Matrix-animation-transform" target="mixamorig_LeftHandIndex1/matrix"/>
    </animation>
    <animation id="mixamorig_LeftHandIndex2-anim" name="mixamorig_LeftHandIndex2">
      <source id="mixamorig_LeftHandIndex2-Matrix-animation-input">
        <float_array id="mixamorig_LeftHandIndex2-Matrix-animation-input-array" count="32">

0.000000 0.033333 0.066667 0.100000 0.133333 0.166667 0.200000 0.233333 0.266667 0.300000 0.333333 0.366667 0.400000 0.433333 0.466667 0.500000
0.533333 0.566667 0.600000 0.633333 0.666667 0.700000 0.733333 0.766667 0.800000 0.833333 0.866667 0.900000 0.933333 0.966667 1.000000 1.033333</float_array>
        <technique_common>
          <accessor source="#mixamorig_LeftHandIndex2-Matrix-animation-input-array" count="32">
            <param name="TIME" type="float"/>
          </accessor>
        </technique_common>
      </source>
      <source id="mixamorig_LeftHandIndex2-Matrix-animation-output-transform">
        <float_array id="mixamorig_LeftHandIndex2-Matrix-animation-output-transform-array" count="512">

0.990533 -0.119245 0.068009 0.001000 0.083875 0.133532 -0.987489 2.844900 0.108672 0.983844 0.142269 0.000000 0.000000 0.000000 0.000000 1.000000
0.991366 -0.115637 0.061812 0.001000 0.082718 0.185786 -0.979102 2.844900 0.101737 0.975762 0.193747 0.000000 0.000000 0.000000 0.000000 1.000000
0.992250 -0.111303 0.055241 0.001000 0.081026 0.242523 -0.966756 2.844900 0.094206 0.963740 0.249661 0.000000 0.000000 0.000000 0.000000 1.000000
0.993124 -0.106440 0.048739 0.001000 0.078823 0.300152 -0.950629 2.844900 0.086556 0.947934 0.306478 -0.000000 0.000000 0.000000 0.000000 1.000000
0.993936 -0.101334 0.042697 0.001000 0.076239 0.355238 -0.931662 2.844900 0.079242 0.929267 0.360809 0.000000 0.000000 0.000000 0.000000 1.000000
0.994643 -0.096355 0.037432 0.001000 0.073501 0.404613 -0.911530 2.844900 0.072685 0.909398 0.409528 0.000000 0.000000 0.000000 0.000000 1.000000
0.995212 -0.091932 0.033196 0.001000 0.070916 0.445427 -0.892505 2.844900 0.067264 0.890586 0.449814 0.000000 0.000000 0.000000 0.000000 1.000000
0.995616 -0.088529 0.030183 0.001000 0.068841 0.475119 -0.877225 2.844900 0.063320 0.875457 0.479131 0.000000 0.000000 0.000000 0.000000 1.000000
0.995806 -0.086849 0.028768 0.001000 0.067791 0.489281 -0.869487 2.844900 0.061438 0.867791 0.493117 0.000000 0.000000 0.000000 0.000000 1.000000
0.995659 -0.088156 0.029865 0.001000 0.068609 0.478296 -0.875515 2.844900 0.062898 0.873763 0.482268 0.000000 0.000000 0.000000 0.000000 1.000000
0.995356 -0.090747 0.032123 0.001000 0.070201 0.455931 -0.887242 2.844900 0.065868 0.885377 0.460184 -0.000000 0.000000 0.000000 0.000000 1.000000
0.995151 -0.092427 0.033651 0.001000 0.071212 0.440987 -0.894684 2.844900 0.067853 0.892742 0.445431 0.000000 0.000000 0.000000 0.000000 1.000000
0.995031 -0.093378 0.034539 0.001000 0.071776 0.432373 -0.898834 2.844900 0.068998 0.896847 0.436927 0.000000 0.000000 0.000000 0.000000 1.000000
0.994940 -0.094094 0.035219 0.001000 0.072196 0.425802 -0.901931 2.844900 0.069870 0.899910 0.430441 0.000000 0.000000 0.000000 0.000000 1.000000
0.994870 -0.094635 0.035739 0.001000 0.072511 0.420801 -0.904250 2.844900 0.070535 0.902203 0.425504 0.000000 0.000000 0.000000 0.000000 1.000000
0.994816 -0.095055 0.036147 0.001000 0.072755 0.416884 -0.906043 2.844900 0.071055 0.903976 0.421639 -0.000000 0.000000 0.000000 0.000000 1.000000
0.994769 -0.095409 0.036494 0.001000 0.072959 0.413561 -0.907549 2.844900 0.071496 0.905464 0.418359 0.000000 0.000000 0.000000 0.000000 1.000000
0.994724 -0.095752 0.036832 0.001000 0.073156 0.410336 -0.908995 2.844900 0.071925 0.906894 0.415176 0.000000 0.000000 0.000000 0.000000 1.000000
0.994673 -0.096134 0.037212 0.001000 0.073375 0.406710 -0.910606 2.844900 0.072406 0.908485 0.411597 -0.000000 0.000000 0.000000 0.000000 1.000000
0.994609 -0.096609 0.037688 0.001000 0.073645 0.402182 -0.912593 2.844900 0.073008 0.910449 0.407128 0.000000 0.000000 0.000000 0.000000 1.000000
0.994524 -0.097227 0.038315 0.001000 0.073994 0.396240 -0.915161 2.844900 0.073796 0.912985 0.401264 0.000000 0.000000 0.000000 0.000000 1.000000
0.994413 -0.098036 0.039147 0.001000 0.074447 0.388374 -0.918490 2.844900 0.074841 0.916272 0.393502 -0.000000 0.000000 0.000000 0.000000 1.000000
0.994265 -0.099082 0.040246 0.001000 0.075025 0.378052 -0.922739 2.844900 0.076212 0.920467 0.383318 0.000000 0.000000 0.000000 0.000000 1.000000
0.994073 -0.100406 0.041672 0.001000 0.075744 0.364736 -0.928025 2.844900 0.077980 0.925681 0.370180 0.000000 0.000000 0.000000 0.000000 1.000000
0.993824 -0.102071 0.043526 0.001000 0.076627 0.347582 -0.934513 2.844900 0.080258 0.932077 0.353257 -0.000000 0.000000 0.000000 0.000000 1.000000
0.993439 -0.104527 0.046391 0.001000 0.077884 0.321376 -0.943744 2.844900 0.083738 0.941165 0.327408 0.000000 0.000000 0.000000 0.000000 1.000000
0.992905 -0.107718 0.050370 0.001000 0.079429 0.285542 -0.955069 2.844900 0.088496 0.952293 0.292071 0.000000 0.000000 0.000000 0.000000 1.000000
0.992285 -0.111122 0.054983 0.001000 0.080949 0.244773 -0.966195 2.844900 0.093908 0.963191 0.251880 0.000000 0.000000 0.000000 0.000000 1.000000
0.991653 -0.114294 0.059683 0.001000 0.082225 0.204009 -0.975510 2.844900 0.099319 0.972274 0.211704 0.000000 0.000000 0.000000 0.000000 1.000000
0.991091 -0.116879 0.063859 0.001000 0.083145 0.168391 -0.982207 2.844900 0.104046 0.978766 0.176609 0.000000 0.000000 0.000000 0.000000 1.000000
0.990688 -0.118608 0.066857 0.001000 0.083690 0.143154 -0.986156 2.844900 0.107395 0.982568 0.151748 0.000000 0.000000 0.000000 0.000000 1.000000
0.990533 -0.119245 0.068008 0.001000 0.083875 0.133531 -0.987489 2.844900 0.108672 0.983844 0.142269 -0.000000 0.000000 0.000000 0.000000 1.000000</float_array>
        <technique_common>
          <accessor source="#mixamorig_LeftHandIndex2-Matrix-animation-output-transform-array" count="32" stride="16">
            <param type="float4x4"/>
          </accessor>
        </technique_common>
      </source>
      <source id="mixamorig_LeftHandIndex2-Interpolations">
        <Name_array id="mixamorig_LeftHandIndex2-Interpolations-array" count="32">
 LINEAR LINEAR LINEAR LINEAR LINEAR LINEAR LINEAR LINEAR LINEAR LINEAR LINEAR
LINEAR LINEAR LINEAR LINEAR LINEAR LINEAR LINEAR LINEAR LINEAR LINEAR LINEAR LINEAR
LINEAR LINEAR LINEAR LINEAR LINEAR LINEAR LINEAR LINEAR LINEAR</Name_array>
        <technique_common>
          <accessor source="#mixamorig_LeftHandIndex2-Interpolations-array" count="32">
            <param type="name"/>
          </accessor>
        </technique_common>
      </source>
      <sampler id="mixamorig_LeftHandIndex2-Matrix-animation-transform">
        <input semantic="INPUT" source="#mixamorig_LeftHandIndex2-Matrix-animation-input"/>
        <input semantic="OUTPUT" source="#mixamorig_LeftHandIndex2-Matrix-animation-output-transform"/>
        <input semantic="INTERPOLATION" source="#mixamorig_LeftHandIndex2-Interpolations"/>
      </sampler>
      <channel source="#mixamorig_LeftHandIndex2-Matrix-animation-transform" target="mixamorig_LeftHandIndex2/matrix"/>
    </animation>
    <animation id="mixamorig_LeftHandIndex3-anim" name="mixamorig_LeftHandIndex3">
      <source id="mixamorig_LeftHandIndex3-Matrix-animation-input">
        <float_array id="mixamorig_LeftHandIndex3-Matrix-animation-input-array" count="32">

0.000000 0.033333 0.066667 0.100000 0.133333 0.166667 0.200000 0.233333 0.266667 0.300000 0.333333 0.366667 0.400000 0.433333 0.466667 0.500000
0.533333 0.566667 0.600000 0.633333 0.666667 0.700000 0.733333 0.766667 0.800000 0.833333 0.866667 0.900000 0.933333 0.966667 1.000000 1.033333</float_array>
        <technique_common>
          <accessor source="#mixamorig_LeftHandIndex3-Matrix-animation-input-array" count="32">
            <param name="TIME" type="float"/>
          </accessor>
        </technique_common>
      </source>
      <source id="mixamorig_LeftHandIndex3-Matrix-animation-output-transform">
        <float_array id="mixamorig_LeftHandIndex3-Matrix-animation-output-transform-array" count="512">

1.000000 -0.000618 -0.000002 -0.001300 0.000618 1.000000 -0.000000 2.665500 0.000002 0.000000 1.000000 -0.000000 0.000000 0.000000 0.000000 1.000000
1.000000 -0.000618 -0.000002 -0.001300 0.000618 1.000000 -0.000000 2.665500 0.000002 0.000000 1.000000 0.000000 0.000000 0.000000 0.000000 1.000000
1.000000 -0.000618 -0.000002 -0.001300 0.000618 1.000000 0.000000 2.665500 0.000002 -0.000000 1.000000 0.000000 0.000000 0.000000 0.000000 1.000000
1.000000 -0.000618 -0.000002 -0.001300 0.000618 1.000000 0.000000 2.665500 0.000002 -0.000000 1.000000 0.000000 0.000000 0.000000 0.000000 1.000000
1.000000 -0.000618 -0.000002 -0.001300 0.000618 1.000000 0.000000 2.665500 0.000002 -0.000000 1.000000 -0.000000 0.000000 0.000000 0.000000 1.000000
1.000000 -0.000618 -0.000003 -0.001300 0.000618 1.000000 -0.000000 2.665500 0.000003 0.000000 1.000000 0.000000 0.000000 0.000000 0.000000 1.000000
1.000000 -0.000618 -0.000002 -0.001300 0.000618 1.000000 0.000000 2.665500 0.000002 -0.000000 1.000000 0.000000 0.000000 0.000000 0.000000 1.000000
1.000000 -0.000618 -0.000002 -0.001300 0.000618 1.000000 0.000000 2.665500 0.000002 -0.000000 1.000000 0.000000 0.000000 0.000000 0.000000 1.000000
1.000000 -0.000618 -0.000003 -0.001300 0.000618 1.000000 -0.000000 2.665500 0.000003 0.000000 1.000000 -0.000000 0.000000 0.000000 0.000000 1.000000
1.000000 -0.000618 -0.000002 -0.001300 0.000618 1.000000 0.000000 2.665500 0.000002 -0.000000 1.000000 0.000000 0.000000 0.000000 0.000000 1.000000
1.000000 -0.000618 -0.000002 -0.001300 0.000618 1.000000 -0.000000 2.665500 0.000002 0.000000 1.000000 0.000000 0.000000 0.000000 0.000000 1.000000
1.000000 -0.000618 -0.000002 -0.001300 0.000618 1.000000 -0.000000 2.665500 0.000002 0.000000 1.000000 0.000000 0.000000 0.000000 0.000000 1.000000
1.000000 -0.000618 -0.000003 -0.001300 0.000618 1.000000 0.000000 2.665500 0.000003 -0.000000 1.000000 0.000000 0.000000 0.000000 0.000000 1.000000
1.000000 -0.000618 -0.000003 -0.001300 0.000618 1.000000 -0.000000 2.665500 0.000003 0.000000 1.000000 0.000000 0.000000 0.000000 0.000000 1.000000
1.000000 -0.000618 -0.000002 -0.001300 0.000618 1.000000 0.000000 2.665500 0.000002 -0.000000 1.000000 -0.000000 0.000000 0.000000 0.000000 1.000000
1.000000 -0.000618 -0.000002 -0.001300 0.000618 1.000000 -0.000000 2.665500 0.000002 0.000000 1.000000 0.000000 0.000000 0.000000 0.000000 1.000000
1.000000 -0.000618 -0.000002 -0.001300 0.000618 1.000000 -0.000000 2.665500 0.000002 0.000000 1.000000 0.000000 0.000000 0.000000 0.000000 1.000000
1.000000 -0.000618 -0.000002 -0.001300 0.000618 1.000000 -0.000000 2.665500 0.000002 0.000000 1.000000 0.000000 0.000000 0.000000 0.000000 1.000000
1.000000 -0.000618 -0.000002 -0.001300 0.000618 1.000000 -0.000000 2.665500 0.000002 0.000000 1.000000 -0.000000 0.000000 0.000000 0.000000 1.000000
1.000000 -0.000618 -0.000002 -0.001300 0.000618 1.000000 0.000000 2.665500 0.000002 -0.000000 1.000000 0.000000 0.000000 0.000000 0.000000 1.000000
1.000000 -0.000618 -0.000002 -0.001300 0.000618 1.000000 0.000000 2.665500 0.000002 -0.000000 1.000000 0.000000 0.000000 0.000000 0.000000 1.000000
1.000000 -0.000618 -0.000002 -0.001300 0.000618 1.000000 -0.000000 2.665500 0.000002 0.000000 1.000000 0.000000 0.000000 0.000000 0.000000 1.000000
1.000000 -0.000619 -0.000002 -0.001300 0.000619 1.000000 -0.000000 2.665500 0.000002 0.000000 1.000000 0.000000 0.000000 0.000000 0.000000 1.000000
1.000000 -0.000618 -0.000002 -0.001300 0.000618 1.000000 -0.000000 2.665500 0.000002 0.000000 1.000000 -0.000000 0.000000 0.000000 0.000000 1.000000
1.000000 -0.000618 -0.000002 -0.001300 0.000618 1.000000 0.000000 2.665500 0.000002 -0.000000 1.000000 0.000000 0.000000 0.000000 0.000000 1.000000
1.000000 -0.000618 -0.000002 -0.001300 0.000618 1.000000 -0.000000 2.665500 0.000002 0.000000 1.000000 0.000000 0.000000 0.000000 0.000000 1.000000
1.000000 -0.000618 -0.000003 -0.001300 0.000618 1.000000 -0.000000 2.665500 0.000003 0.000000 1.000000 0.000000 0.000000 0.000000 0.000000 1.000000
1.000000 -0.000618 -0.000002 -0.001300 0.000618 1.000000 0.000000 2.665500 0.000002 -0.000000 1.000000 0.000000 0.000000 0.000000 0.000000 1.000000
1.000000 -0.000618 -0.000003 -0.001300 0.000618 1.000000 -0.000000 2.665500 0.000003 0.000000 1.000000 0.000000 0.000000 0.000000 0.000000 1.000000
1.000000 -0.000618 -0.000002 -0.001300 0.000618 1.000000 -0.000000 2.665500 0.000002 0.000000 1.000000 -0.000000 0.000000 0.000000 0.000000 1.000000
1.000000 -0.000618 -0.000003 -0.001300 0.000618 1.000000 0.000000 2.665500 0.000003 -0.000000 1.000000 0.000000 0.000000 0.000000 0.000000 1.000000
1.000000 -0.000618 -0.000002 -0.001300 0.000618 1.000000 -0.000000 2.665500 0.000002 0.000000 1.000000 -0.000000 0.000000 0.000000 0.000000 1.000000</float_array>
        <technique_common>
          <accessor source="#mixamorig_LeftHandIndex3-Matrix-animation-output-transform-array" count="32" stride="16">
            <param type="float4x4"/>
          </accessor>
        </technique_common>
      </source>
      <source id="mixamorig_LeftHandIndex3-Interpolations">
        <Name_array id="mixamorig_LeftHandIndex3-Interpolations-array" count="32">
 LINEAR LINEAR LINEAR LINEAR LINEAR LINEAR LINEAR LINEAR LINEAR LINEAR LINEAR
LINEAR LINEAR LINEAR LINEAR LINEAR LINEAR LINEAR LINEAR LINEAR LINEAR LINEAR LINEAR
LINEAR LINEAR LINEAR LINEAR LINEAR LINEAR LINEAR LINEAR LINEAR</Name_array>
        <technique_common>
          <accessor source="#mixamorig_LeftHandIndex3-Interpolations-array" count="32">
            <param type="name"/>
          </accessor>
        </technique_common>
      </source>
      <sampler id="mixamorig_LeftHandIndex3-Matrix-animation-transform">
        <input semantic="INPUT" source="#mixamorig_LeftHandIndex3-Matrix-animation-input"/>
        <input semantic="OUTPUT" source="#mixamorig_LeftHandIndex3-Matrix-animation-output-transform"/>
        <input semantic="INTERPOLATION" source="#mixamorig_LeftHandIndex3-Interpolations"/>
      </sampler>
      <channel source="#mixamorig_LeftHandIndex3-Matrix-animation-transform" target="mixamorig_LeftHandIndex3/matrix"/>
    </animation>
    <animation id="mixamorig_LeftHandMiddle1-anim" name="mixamorig_LeftHandMiddle1">
      <source id="mixamorig_LeftHandMiddle1-Matrix-animation-input">
        <float_array id="mixamorig_LeftHandMiddle1-Matrix-animation-input-array" count="32">

0.000000 0.033333 0.066667 0.100000 0.133333 0.166667 0.200000 0.233333 0.266667 0.300000 0.333333 0.366667 0.400000 0.433333 0.466667 0.500000
0.533333 0.566667 0.600000 0.633333 0.666667 0.700000 0.733333 0.766667 0.800000 0.833333 0.866667 0.900000 0.933333 0.966667 1.000000 1.033333</float_array>
        <technique_common>
          <accessor source="#mixamorig_LeftHandMiddle1-Matrix-animation-input-array" count="32">
            <param name="TIME" type="float"/>
          </accessor>
        </technique_common>
      </source>
      <source id="mixamorig_LeftHandMiddle1-Matrix-animation-output-transform">
        <float_array id="mixamorig_LeftHandMiddle1-Matrix-animation-output-transform-array" count="512">

0.963895 -0.227707 0.138045 -0.815000 0.227204 0.432925 -0.872327 6.827200 0.138872 0.872196 0.469030 -0.110100 0.000000 0.000000 0.000000 1.000000
0.963609 -0.230792 0.134879 -0.815000 0.229554 0.455881 -0.859929 6.827200 0.136976 0.859597 0.492270 -0.110100 0.000000 0.000000 0.000000 1.000000
0.963424 -0.233924 0.130742 -0.815000 0.231722 0.482139 -0.844894 6.827200 0.134605 0.844288 0.518710 -0.110100 0.000000 0.000000 0.000000 1.000000
0.963295 -0.236900 0.126256 -0.815000 0.233785 0.509183 -0.828298 6.827200 0.131937 0.827412 0.545877 -0.110100 0.000000 0.000000 0.000000 1.000000
0.963171 -0.239594 0.122054 -0.815000 0.235830 0.534646 -0.811503 6.827200 0.129176 0.810400 0.571459 -0.110100 0.000000 0.000000 0.000000 1.000000
0.962992 -0.241956 0.118763 -0.815000 0.237969 0.556338 -0.796152 6.827200 0.126561 0.794950 0.593327 -0.110100 0.000000 0.000000 0.000000 1.000000
0.962691 -0.243996 0.117012 -0.815000 0.240334 0.572222 -0.784093 6.827200 0.124359 0.782961 0.609514 -0.110100 0.000000 0.000000 0.000000 1.000000
0.962195 -0.245751 0.117419 -0.815000 0.243072 0.580339 -0.777253 6.827200 0.122868 0.776410 0.618135 -0.110100 0.000000 0.000000 0.000000 1.000000
0.961343 -0.247216 0.121259 -0.815000 0.246533 0.576627 -0.778924 6.827200 0.122642 0.778708 0.615283 -0.110100 0.000000 0.000000 0.000000 1.000000
0.959760 -0.248154 0.131458 -0.815000 0.251518 0.551402 -0.795421 6.827200 0.124901 0.796477 0.591628 -0.110100 0.000000 0.000000 0.000000 1.000000
0.958048 -0.248403 0.142969 -0.815000 0.256360 0.519658 -0.815006 6.827200 0.128155 0.817466 0.561538 -0.110100 0.000000 0.000000 0.000000 1.000000
0.957039 -0.248540 0.149345 -0.815000 0.259173 0.502277 -0.824953 6.827200 0.130021 0.828219 0.545113 -0.110100 0.000000 0.000000 0.000000 1.000000
0.956480 -0.248902 0.152298 -0.815000 0.260885 0.495635 -0.828423 6.827200 0.130712 0.832102 0.539000 -0.110100 0.000000 0.000000 0.000000 1.000000
0.956099 -0.249421 0.153832 -0.815000 0.262205 0.493721 -0.829149 6.827200 0.130857 0.833084 0.537445 -0.110100 0.000000 0.000000 0.000000 1.000000
0.955882 -0.250056 0.154148 -0.815000 0.263149 0.495721 -0.827655 6.827200 0.130546 0.831705 0.539653 -0.110100 0.000000 0.000000 0.000000 1.000000
0.955814 -0.250744 0.153449 -0.815000 0.263729 0.500791 -0.824412 6.827200 0.129870 0.828454 0.544792 -0.110100 0.000000 0.000000 0.000000 1.000000
0.955878 -0.251418 0.151940 -0.815000 0.263957 0.508077 -0.819868 6.827200 0.128933 0.823800 0.552024 -0.110100 0.000000 0.000000 0.000000 1.000000
0.956056 -0.252012 0.149825 -0.815000 0.263845 0.516726 -0.814481 6.827200 0.127841 0.818220 0.560511 -0.110100 0.000000 0.000000 0.000000 1.000000
0.956327 -0.252467 0.147308 -0.815000 0.263409 0.525898 -0.808732 6.827200 0.126709 0.812214 0.569433 -0.110100 0.000000 0.000000 0.000000 1.000000
0.956671 -0.252730 0.144594 -0.815000 0.262663 0.534777 -0.803133 6.827200 0.125650 0.806314 0.577988 -0.110100 0.000000 0.000000 0.000000 1.000000
0.957066 -0.252769 0.141886 -0.815000 0.261633 0.542562 -0.798232 6.827200 0.124787 0.801083 0.585400 -0.110100 0.000000 0.000000 0.000000 1.000000
0.957493 -0.252539 0.139393 -0.815000 0.260340 0.548477 -0.794604 6.827200 0.124215 0.797118 0.590910 -0.110100 0.000000 0.000000 0.000000 1.000000
0.957931 -0.252019 0.137314 -0.815000 0.258807 0.551753 -0.792835 6.827200 0.124046 0.795019 0.593766 -0.110100 0.000000 0.000000 0.000000 1.000000
0.958361 -0.251173 0.135854 -0.815000 0.257055 0.551615 -0.793501 6.827200 0.124367 0.795382 0.593212 -0.110100 0.000000 0.000000 0.000000 1.000000
0.958779 -0.249927 0.135203 -0.815000 0.255048 0.547143 -0.797236 6.827200 0.125276 0.798856 0.588333 -0.110100 0.000000 0.000000 0.000000 1.000000
0.959365 -0.247666 0.135208 -0.815000 0.251895 0.535776 -0.805911 6.827200 0.127156 0.807221 0.576390 -0.110100 0.000000 0.000000 0.000000 1.000000
0.960192 -0.244237 0.135569 -0.815000 0.247342 0.517817 -0.818955 6.827200 0.129819 0.819887 0.557614 -0.110100 0.000000 0.000000 0.000000 1.000000
0.961157 -0.240086 0.136149 -0.815000 0.242030 0.496063 -0.833872 6.827200 0.132662 0.834434 0.534903 -0.110100 0.000000 0.000000 0.000000 1.000000
0.962142 -0.235723 0.136809 -0.815000 0.236640 0.473478 -0.848422 6.827200 0.135217 0.848677 0.511335 -0.110100 0.000000 0.000000 0.000000 1.000000
0.963020 -0.231749 0.137422 -0.815000 0.231888 0.453214 -0.860712 6.827200 0.137187 0.860749 0.490194 -0.110100 0.000000 0.000000 0.000000 1.000000
0.963652 -0.228839 0.137870 -0.815000 0.228500 0.438578 -0.869159 6.827200 0.138431 0.869070 0.474926 -0.110100 0.000000 0.000000 0.000000 1.000000
0.963895 -0.227708 0.138045 -0.815000 0.227204 0.432924 -0.872327 6.827200 0.138873 0.872196 0.469030 -0.110100 0.000000 0.000000 0.000000 1.000000</float_array>
        <technique_common>
          <accessor source="#mixamorig_LeftHandMiddle1-Matrix-animation-output-transform-array" count="32" stride="16">
            <param type="float4x4"/>
          </accessor>
        </technique_common>
      </source>
      <source id="mixamorig_LeftHandMiddle1-Interpolations">
        <Name_array id="mixamorig_LeftHandMiddle1-Interpolations-array" count="32">
 LINEAR LINEAR LINEAR LINEAR LINEAR LINEAR LINEAR LINEAR LINEAR LINEAR LINEAR
LINEAR LINEAR LINEAR LINEAR LINEAR LINEAR LINEAR LINEAR LINEAR LINEAR LINEAR LINEAR
LINEAR LINEAR LINEAR LINEAR LINEAR LINEAR LINEAR LINEAR LINEAR</Name_array>
        <technique_common>
          <accessor source="#mixamorig_LeftHandMiddle1-Interpolations-array" count="32">
            <param type="name"/>
          </accessor>
        </technique_common>
      </source>
      <sampler id="mixamorig_LeftHandMiddle1-Matrix-animation-transform">
        <input semantic="INPUT" source="#mixamorig_LeftHandMiddle1-Matrix-animation-input"/>
        <input semantic="OUTPUT" source="#mixamorig_LeftHandMiddle1-Matrix-animation-output-transform"/>
        <input semantic="INTERPOLATION" source="#mixamorig_LeftHandMiddle1-Interpolations"/>
      </sampler>
      <channel source="#mixamorig_LeftHandMiddle1-Matrix-animation-transform" target="mixamorig_LeftHandMiddle1/matrix"/>
    </animation>
    <animation id="mixamorig_LeftHandMiddle2-anim" name="mixamorig_LeftHandMiddle2">
      <source id="mixamorig_LeftHandMiddle2-Matrix-animation-input">
        <float_array id="mixamorig_LeftHandMiddle2-Matrix-animation-input-array" count="32">

0.000000 0.033333 0.066667 0.100000 0.133333 0.166667 0.200000 0.233333 0.266667 0.300000 0.333333 0.366667 0.400000 0.433333 0.466667 0.500000
0.533333 0.566667 0.600000 0.633333 0.666667 0.700000 0.733333 0.766667 0.800000 0.833333 0.866667 0.900000 0.933333 0.966667 1.000000 1.033333</float_array>
        <technique_common>
          <accessor source="#mixamorig_LeftHandMiddle2-Matrix-animation-input-array" count="32">
            <param name="TIME" type="float"/>
          </accessor>
        </technique_common>
      </source>
      <source id="mixamorig_LeftHandMiddle2-Matrix-animation-output-transform">
        <float_array id="mixamorig_LeftHandMiddle2-Matrix-animation-output-transform-array" count="512">

0.982699 -0.122497 0.138915 -0.011700 0.109658 -0.219626 -0.969402 3.256800 0.149258 0.967863 -0.202393 0.000000 0.000000 0.000000 0.000000 1.000000
0.983500 -0.123237 0.132439 -0.011700 0.110908 -0.167631 -0.979591 3.256800 0.142923 0.978117 -0.151197 0.000000 0.000000 0.000000 0.000000 1.000000
0.984372 -0.123658 0.125384 -0.011700 0.111972 -0.110040 -0.987600 3.256800 0.135922 0.986205 -0.094474 0.000000 0.000000 0.000000 0.000000 1.000000
0.985283 -0.123652 0.118015 -0.011700 0.112554 -0.050282 -0.992373 3.256800 0.128643 0.991051 -0.035624 0.000000 0.000000 0.000000 0.000000 1.000000
0.986169 -0.123217 0.110848 -0.011700 0.112693 0.008089 -0.993597 3.256800 0.121532 0.992347 0.021863 0.000000 0.000000 0.000000 0.000000 1.000000
0.986977 -0.122451 0.104318 -0.011700 0.112454 0.061510 -0.991751 3.256800 0.115024 0.990567 0.074479 0.000000 0.000000 0.000000 0.000000 1.000000
0.987654 -0.121530 0.098841 -0.011700 0.111980 0.106505 -0.987986 3.256800 0.109543 0.986857 0.118799 0.000000 0.000000 0.000000 0.000000 1.000000
0.988153 -0.120686 0.094808 -0.011700 0.111467 0.139746 -0.983893 3.256800 0.105493 0.982805 0.151543 0.000000 0.000000 0.000000 0.000000 1.000000
0.988391 -0.120234 0.092880 -0.011700 0.111181 0.155757 -0.981518 3.256800 0.103545 0.980451 0.167317 0.000000 0.000000 0.000000 0.000000 1.000000
0.988207 -0.120587 0.094374 -0.011700 0.111403 0.143328 -0.983385 3.256800 0.105057 0.982301 0.155072 0.000000 0.000000 0.000000 0.000000 1.000000
0.987830 -0.121248 0.097419 -0.011700 0.111815 0.118213 -0.986673 3.256800 0.108116 0.985558 0.130332 0.000000 0.000000 0.000000 0.000000 1.000000
0.987580 -0.121643 0.099441 -0.011700 0.112044 0.101571 -0.988499 3.256800 0.110144 0.987363 0.113939 0.000000 0.000000 0.000000 0.000000 1.000000
0.987437 -0.121853 0.100600 -0.011700 0.112158 0.092028 -0.989420 3.256800 0.111306 0.988273 0.104539 0.000000 0.000000 0.000000 0.000000 1.000000
0.987327 -0.122006 0.101484 -0.011700 0.112240 0.084772 -0.990059 3.256800 0.112190 0.988903 0.097391 0.000000 0.000000 0.000000 0.000000 1.000000
0.987245 -0.122116 0.102153 -0.011700 0.112295 0.079262 -0.990509 3.256800 0.112861 0.989346 0.091964 -0.000000 0.000000 0.000000 0.000000 1.000000
0.987180 -0.122201 0.102676 -0.011700 0.112335 0.074955 -0.990839 3.256800 0.113385 0.989671 0.087722 0.000000 0.000000 0.000000 0.000000 1.000000
0.987125 -0.122271 0.103122 -0.011700 0.112370 0.071307 -0.991105 3.256800 0.113830 0.989932 0.084129 -0.000000 0.000000 0.000000 0.000000 1.000000
0.987071 -0.122337 0.103554 -0.011700 0.112403 0.067771 -0.991349 3.256800 0.114261 0.990172 0.080646 -0.000000 0.000000 0.000000 0.000000 1.000000
0.987011 -0.122412 0.104038 -0.011700 0.112436 0.063802 -0.991609 3.256800 0.114747 0.990426 0.076737 -0.000000 0.000000 0.000000 0.000000 1.000000
0.986937 -0.122497 0.104644 -0.011700 0.112476 0.058853 -0.991910 3.256800 0.115348 0.990722 0.071862 -0.000000 0.000000 0.000000 0.000000 1.000000
0.986838 -0.122608 0.105438 -0.011700 0.112526 0.052374 -0.992268 3.256800 0.116138 0.991072 0.065481 0.000000 0.000000 0.000000 0.000000 1.000000
0.986709 -0.122745 0.106482 -0.011700 0.112577 0.043819 -0.992676 3.256800 0.117180 0.991470 0.057055 -0.000000 0.000000 0.000000 0.000000 1.000000
0.986541 -0.122909 0.107844 -0.011700 0.112627 0.032639 -0.993101 3.256800 0.118541 0.991881 0.046042 0.000000 0.000000 0.000000 0.000000 1.000000
0.986324 -0.123098 0.109600 -0.011700 0.112675 0.018283 -0.993464 3.256800 0.120290 0.992226 0.031903 0.000000 0.000000 0.000000 0.000000 1.000000
0.986045 -0.123304 0.111851 -0.011700 0.112699 -0.000098 -0.993629 3.256800 0.122529 0.992369 0.013799 0.000000 0.000000 0.000000 0.000000 1.000000
0.985623 -0.123535 0.115268 -0.011700 0.112657 -0.027941 -0.993241 3.256800 0.125921 0.991947 -0.013622 0.000000 0.000000 0.000000 0.000000 1.000000
0.985050 -0.123696 0.119895 -0.011700 0.112447 -0.065556 -0.991493 3.256800 0.130503 0.990152 -0.050666 0.000000 0.000000 0.000000 0.000000 1.000000
0.984407 -0.123666 0.125096 -0.011700 0.112000 -0.107731 -0.987851 3.256800 0.135640 0.986459 -0.092200 0.000000 0.000000 0.000000 0.000000 1.000000
0.983781 -0.123415 0.130169 -0.011700 0.111276 -0.149264 -0.982516 3.256800 0.140687 0.981065 -0.133110 0.000000 0.000000 0.000000 0.000000 1.000000
0.983234 -0.123029 0.134590 -0.011700 0.110513 -0.185050 -0.976495 3.256800 0.145043 0.974998 -0.168351 0.000000 0.000000 0.000000 0.000000 1.000000
0.982847 -0.122659 0.137716 -0.011700 0.109900 -0.210124 -0.971478 3.256800 0.148098 0.969950 -0.193039 -0.000000 0.000000 0.000000 0.000000 1.000000
0.982700 -0.122497 0.138907 -0.011700 0.109650 -0.219626 -0.969403 3.256800 0.149256 0.967863 -0.202395 0.000000 0.000000 0.000000 0.000000 1.000000</float_array>
        <technique_common>
          <accessor source="#mixamorig_LeftHandMiddle2-Matrix-animation-output-transform-array" count="32" stride="16">
            <param type="float4x4"/>
          </accessor>
        </technique_common>
      </source>
      <source id="mixamorig_LeftHandMiddle2-Interpolations">
        <Name_array id="mixamorig_LeftHandMiddle2-Interpolations-array" count="32">
 LINEAR LINEAR LINEAR LINEAR LINEAR LINEAR LINEAR LINEAR LINEAR LINEAR LINEAR
LINEAR LINEAR LINEAR LINEAR LINEAR LINEAR LINEAR LINEAR LINEAR LINEAR LINEAR LINEAR
LINEAR LINEAR LINEAR LINEAR LINEAR LINEAR LINEAR LINEAR LINEAR</Name_array>
        <technique_common>
          <accessor source="#mixamorig_LeftHandMiddle2-Interpolations-array" count="32">
            <param type="name"/>
          </accessor>
        </technique_common>
      </source>
      <sampler id="mixamorig_LeftHandMiddle2-Matrix-animation-transform">
        <input semantic="INPUT" source="#mixamorig_LeftHandMiddle2-Matrix-animation-input"/>
        <input semantic="OUTPUT" source="#mixamorig_LeftHandMiddle2-Matrix-animation-output-transform"/>
        <input semantic="INTERPOLATION" source="#mixamorig_LeftHandMiddle2-Interpolations"/>
      </sampler>
      <channel source="#mixamorig_LeftHandMiddle2-Matrix-animation-transform" target="mixamorig_LeftHandMiddle2/matrix"/>
    </animation>
    <animation id="mixamorig_LeftHandMiddle3-anim" name="mixamorig_LeftHandMiddle3">
      <source id="mixamorig_LeftHandMiddle3-Matrix-animation-input">
        <float_array id="mixamorig_LeftHandMiddle3-Matrix-animation-input-array" count="32">

0.000000 0.033333 0.066667 0.100000 0.133333 0.166667 0.200000 0.233333 0.266667 0.300000 0.333333 0.366667 0.400000 0.433333 0.466667 0.500000
0.533333 0.566667 0.600000 0.633333 0.666667 0.700000 0.733333 0.766667 0.800000 0.833333 0.866667 0.900000 0.933333 0.966667 1.000000 1.033333</float_array>
        <technique_common>
          <accessor source="#mixamorig_LeftHandMiddle3-Matrix-animation-input-array" count="32">
            <param name="TIME" type="float"/>
          </accessor>
        </technique_common>
      </source>
      <source id="mixamorig_LeftHandMiddle3-Matrix-animation-output-transform">
        <float_array id="mixamorig_LeftHandMiddle3-Matrix-animation-output-transform-array" count="512">

0.999988 -0.004821 0.000255 -0.000700 0.004821 0.999988 -0.000000 3.177900 -0.000255 0.000001 1.000000 0.000000 0.000000 0.000000 0.000000 1.000000
0.999988 -0.004821 0.000255 -0.000700 0.004821 0.999988 -0.000000 3.177900 -0.000255 0.000001 1.000000 0.000000 0.000000 0.000000 0.000000 1.000000
0.999988 -0.004821 0.000255 -0.000700 0.004821 0.999988 -0.000000 3.177900 -0.000255 0.000001 1.000000 -0.000000 0.000000 0.000000 0.000000 1.000000
0.999988 -0.004821 0.000255 -0.000700 0.004821 0.999988 0.000000 3.177900 -0.000255 0.000001 1.000000 0.000000 0.000000 0.000000 0.000000 1.000000
0.999988 -0.004821 0.000255 -0.000700 0.004821 0.999988 0.000000 3.177900 -0.000255 0.000001 1.000000 0.000000 0.000000 0.000000 0.000000 1.000000
0.999988 -0.004821 0.000255 -0.000700 0.004821 0.999988 0.000000 3.177900 -0.000255 0.000001 1.000000 0.000000 0.000000 0.000000 0.000000 1.000000
0.999988 -0.004821 0.000255 -0.000700 0.004821 0.999988 0.000000 3.177900 -0.000255 0.000001 1.000000 0.000000 0.000000 0.000000 0.000000 1.000000
0.999988 -0.004821 0.000255 -0.000700 0.004821 0.999988 -0.000000 3.177900 -0.000255 0.000001 1.000000 0.000000 0.000000 0.000000 0.000000 1.000000
0.999988 -0.004821 0.000255 -0.000700 0.004821 0.999988 0.000000 3.177900 -0.000255 0.000001 1.000000 0.000000 0.000000 0.000000 0.000000 1.000000
0.999988 -0.004821 0.000255 -0.000700 0.004821 0.999988 0.000000 3.177900 -0.000255 0.000001 1.000000 0.000000 0.000000 0.000000 0.000000 1.000000
0.999988 -0.004821 0.000255 -0.000700 0.004821 0.999988 -0.000000 3.177900 -0.000255 0.000001 1.000000 0.000000 0.000000 0.000000 0.000000 1.000000
0.999988 -0.004821 0.000255 -0.000700 0.004821 0.999988 0.000000 3.177900 -0.000255 0.000001 1.000000 0.000000 0.000000 0.000000 0.000000 1.000000
0.999988 -0.004821 0.000255 -0.000700 0.004821 0.999988 0.000000 3.177900 -0.000255 0.000001 1.000000 -0.000000 0.000000 0.000000 0.000000 1.000000
0.999988 -0.004821 0.000255 -0.000700 0.004821 0.999988 0.000000 3.177900 -0.000255 0.000001 1.000000 0.000000 0.000000 0.000000 0.000000 1.000000
0.999988 -0.004821 0.000255 -0.000700 0.004821 0.999988 -0.000000 3.177900 -0.000255 0.000001 1.000000 0.000000 0.000000 0.000000 0.000000 1.000000
0.999988 -0.004821 0.000255 -0.000700 0.004821 0.999988 0.000000 3.177900 -0.000255 0.000001 1.000000 0.000000 0.000000 0.000000 0.000000 1.000000
0.999988 -0.004821 0.000255 -0.000700 0.004821 0.999988 -0.000000 3.177900 -0.000255 0.000001 1.000000 -0.000000 0.000000 0.000000 0.000000 1.000000
0.999988 -0.004821 0.000255 -0.000700 0.004821 0.999988 0.000000 3.177900 -0.000255 0.000001 1.000000 0.000000 0.000000 0.000000 0.000000 1.000000
0.999988 -0.004821 0.000255 -0.000700 0.004821 0.999988 0.000000 3.177900 -0.000255 0.000001 1.000000 -0.000000 0.000000 0.000000 0.000000 1.000000
0.999988 -0.004821 0.000255 -0.000700 0.004821 0.999988 0.000000 3.177900 -0.000255 0.000001 1.000000 0.000000 0.000000 0.000000 0.000000 1.000000
0.999988 -0.004821 0.000255 -0.000700 0.004821 0.999988 0.000000 3.177900 -0.000255 0.000001 1.000000 0.000000 0.000000 0.000000 0.000000 1.000000
0.999988 -0.004821 0.000255 -0.000700 0.004821 0.999988 -0.000000 3.177900 -0.000255 0.000001 1.000000 0.000000 0.000000 0.000000 0.000000 1.000000
0.999988 -0.004821 0.000255 -0.000700 0.004821 0.999988 0.000000 3.177900 -0.000255 0.000001 1.000000 -0.000000 0.000000 0.000000 0.000000 1.000000
0.999988 -0.004821 0.000255 -0.000700 0.004821 0.999988 -0.000000 3.177900 -0.000255 0.000001 1.000000 0.000000 0.000000 0.000000 0.000000 1.000000
0.999988 -0.004821 0.000255 -0.000700 0.004821 0.999988 0.000000 3.177900 -0.000255 0.000001 1.000000 0.000000 0.000000 0.000000 0.000000 1.000000
0.999988 -0.004821 0.000255 -0.000700 0.004821 0.999988 -0.000000 3.177900 -0.000255 0.000001 1.000000 -0.000000 0.000000 0.000000 0.000000 1.000000
0.999988 -0.004821 0.000255 -0.000700 0.004821 0.999988 -0.000000 3.177900 -0.000255 0.000001 1.000000 -0.000000 0.000000 0.000000 0.000000 1.000000
0.999988 -0.004821 0.000255 -0.000700 0.004821 0.999988 0.000000 3.177900 -0.000255 0.000001 1.000000 0.000000 0.000000 0.000000 0.000000 1.000000
0.999988 -0.004821 0.000255 -0.000700 0.004821 0.999988 -0.000000 3.177900 -0.000255 0.000001 1.000000 -0.000000 0.000000 0.000000 0.000000 1.000000
0.999988 -0.004821 0.000255 -0.000700 0.004821 0.999988 0.000000 3.177900 -0.000255 0.000001 1.000000 0.000000 0.000000 0.000000 0.000000 1.000000
0.999988 -0.004821 0.000255 -0.000700 0.004821 0.999988 0.000000 3.177900 -0.000255 0.000001 1.000000 0.000000 0.000000 0.000000 0.000000 1.000000
0.999988 -0.004821 0.000255 -0.000700 0.004821 0.999988 0.000000 3.177900 -0.000255 0.000001 1.000000 -0.000000 0.000000 0.000000 0.000000 1.000000</float_array>
        <technique_common>
          <accessor source="#mixamorig_LeftHandMiddle3-Matrix-animation-output-transform-array" count="32" stride="16">
            <param type="float4x4"/>
          </accessor>
        </technique_common>
      </source>
      <source id="mixamorig_LeftHandMiddle3-Interpolations">
        <Name_array id="mixamorig_LeftHandMiddle3-Interpolations-array" count="32">
 LINEAR LINEAR LINEAR LINEAR LINEAR LINEAR LINEAR LINEAR LINEAR LINEAR LINEAR
LINEAR LINEAR LINEAR LINEAR LINEAR LINEAR LINEAR LINEAR LINEAR LINEAR LINEAR LINEAR
LINEAR LINEAR LINEAR LINEAR LINEAR LINEAR LINEAR LINEAR LINEAR</Name_array>
        <technique_common>
          <accessor source="#mixamorig_LeftHandMiddle3-Interpolations-array" count="32">
            <param type="name"/>
          </accessor>
        </technique_common>
      </source>
      <sampler id="mixamorig_LeftHandMiddle3-Matrix-animation-transform">
        <input semantic="INPUT" source="#mixamorig_LeftHandMiddle3-Matrix-animation-input"/>
        <input semantic="OUTPUT" source="#mixamorig_LeftHandMiddle3-Matrix-animation-output-transform"/>
        <input semantic="INTERPOLATION" source="#mixamorig_LeftHandMiddle3-Interpolations"/>
      </sampler>
      <channel source="#mixamorig_LeftHandMiddle3-Matrix-animation-transform" target="mixamorig_LeftHandMiddle3/matrix"/>
    </animation>
    <animation id="mixamorig_LeftHandRing1-anim" name="mixamorig_LeftHandRing1">
      <source id="mixamorig_LeftHandRing1-Matrix-animation-input">
        <float_array id="mixamorig_LeftHandRing1-Matrix-animation-input-array" count="32">

0.000000 0.033333 0.066667 0.100000 0.133333 0.166667 0.200000 0.233333 0.266667 0.300000 0.333333 0.366667 0.400000 0.433333 0.466667 0.500000
0.533333 0.566667 0.600000 0.633333 0.666667 0.700000 0.733333 0.766667 0.800000 0.833333 0.866667 0.900000 0.933333 0.966667 1.000000 1.033333</float_array>
        <technique_common>
          <accessor source="#mixamorig_LeftHandRing1-Matrix-animation-input-array" count="32">
            <param name="TIME" type="float"/>
          </accessor>
        </technique_common>
      </source>
      <source id="mixamorig_LeftHandRing1-Matrix-animation-output-transform">
        <float_array id="mixamorig_LeftHandRing1-Matrix-animation-output-transform-array" count="512">

0.975970 -0.217167 -0.017908 0.898800 0.077696 0.423598 -0.902512 6.778700 0.203582 0.879433 0.430292 -0.023000 0.000000 0.000000 0.000000 1.000000
0.976295 -0.215505 -0.020160 0.898800 0.080311 0.447165 -0.890839 6.778700 0.200995 0.868102 0.453872 -0.023000 0.000000 0.000000 0.000000 1.000000
0.976698 -0.213366 -0.023161 0.898800 0.082788 0.474119 -0.876560 6.778700 0.198009 0.854217 0.480735 -0.023000 0.000000 0.000000 0.000000 1.000000
0.977155 -0.210891 -0.026333 0.898800 0.085125 0.501897 -0.860728 6.778700 0.194737 0.838823 0.508383 -0.023000 0.000000 0.000000 0.000000 1.000000
0.977624 -0.208335 -0.029134 0.898800 0.087364 0.528084 -0.844686 6.778700 0.191363 0.823240 0.534468 -0.023000 0.000000 0.000000 0.000000 1.000000
0.978055 -0.206018 -0.031069 0.898800 0.089577 0.550437 -0.830057 6.778700 0.188108 0.809058 0.556812 -0.023000 0.000000 0.000000 0.000000 1.000000
0.978394 -0.204309 -0.031675 0.898800 0.091869 0.566862 -0.818674 6.778700 0.185218 0.798076 0.573384 -0.023000 0.000000 0.000000 0.000000 1.000000
0.978578 -0.203601 -0.030514 0.898800 0.094371 0.575343 -0.812449 6.778700 0.182971 0.792166 0.582233 -0.023000 0.000000 0.000000 0.000000 1.000000
0.978494 -0.204556 -0.026583 0.898800 0.097386 0.571714 -0.814653 6.778700 0.181840 0.794544 0.579339 -0.023000 0.000000 0.000000 0.000000 1.000000
0.977883 -0.208429 -0.017408 0.898800 0.101590 0.546079 -0.831551 6.778700 0.182825 0.811391 0.555176 -0.023000 0.000000 0.000000 0.000000 1.000000
0.977078 -0.212765 -0.007107 0.898800 0.105684 0.513772 -0.851393 6.778700 0.184797 0.831126 0.524481 -0.023000 0.000000 0.000000 0.000000 1.000000
0.976610 -0.215016 -0.001260 0.898800 0.108114 0.496106 -0.861505 6.778700 0.185862 0.841218 0.507748 -0.023000 0.000000 0.000000 0.000000 1.000000
0.976403 -0.215952 0.001579 0.898800 0.109639 0.489395 -0.865143 6.778700 0.186057 0.844901 0.501523 -0.023000 0.000000 0.000000 0.000000 1.000000
0.976310 -0.216353 0.003168 0.898800 0.110843 0.487506 -0.866055 6.778700 0.185829 0.845890 0.499938 -0.023000 0.000000 0.000000 0.000000 1.000000
0.976324 -0.216283 0.003674 0.898800 0.111716 0.489611 -0.864755 6.778700 0.185233 0.844691 0.502181 -0.023000 0.000000 0.000000 0.000000 1.000000
0.976415 -0.215879 0.003267 0.898800 0.112290 0.494841 -0.861698 6.778700 0.184406 0.841741 0.507411 -0.023000 0.000000 0.000000 0.000000 1.000000
0.976564 -0.215216 0.002123 0.898800 0.112567 0.502324 -0.857321 6.778700 0.183442 0.837468 0.514778 -0.023000 0.000000 0.000000 0.000000 1.000000
0.976766 -0.214310 0.000419 0.898800 0.112525 0.511190 -0.852070 6.778700 0.182393 0.832320 0.523428 -0.023000 0.000000 0.000000 0.000000 1.000000
0.976991 -0.213275 -0.001677 0.898800 0.112188 0.520579 -0.846411 6.778700 0.181392 0.826747 0.532528 -0.023000 0.000000 0.000000 0.000000 1.000000
0.977219 -0.212196 -0.003993 0.898800 0.111574 0.529651 -0.840845 6.778700 0.180539 0.821244 0.541261 -0.023000 0.000000 0.000000 0.000000 1.000000
0.977427 -0.211175 -0.006374 0.898800 0.110696 0.537590 -0.835909 6.778700 0.179950 0.816335 0.548831 -0.023000 0.000000 0.000000 0.000000 1.000000
0.977595 -0.210317 -0.008661 0.898800 0.109575 0.543595 -0.832164 6.778700 0.179727 0.812571 0.554461 -0.023000 0.000000 0.000000 0.000000 1.000000
0.977701 -0.209730 -0.010700 0.898800 0.108227 0.546877 -0.830188 6.778700 0.179966 0.810518 0.557381 -0.023000 0.000000 0.000000 0.000000 1.000000
0.977727 -0.209519 -0.012334 0.898800 0.106664 0.546641 -0.830546 6.778700 0.180757 0.810731 0.556814 -0.023000 0.000000 0.000000 0.000000 1.000000
0.977655 -0.209786 -0.013429 0.898800 0.104837 0.541942 -0.833852 6.778700 0.182208 0.813811 0.551825 -0.023000 0.000000 0.000000 0.000000 1.000000
0.977450 -0.210677 -0.014342 0.898800 0.101907 0.530108 -0.841784 6.778700 0.184948 0.821341 0.539624 -0.023000 0.000000 0.000000 0.000000 1.000000
0.977140 -0.212046 -0.015315 0.898800 0.097608 0.511453 -0.853750 6.778700 0.188868 0.832738 0.520458 -0.023000 0.000000 0.000000 0.000000 1.000000
0.976794 -0.213567 -0.016217 0.898800 0.092492 0.488896 -0.867425 6.778700 0.193182 0.845795 0.497304 -0.023000 0.000000 0.000000 0.000000 1.000000
0.976470 -0.214986 -0.016955 0.898800 0.087197 0.465512 -0.880736 6.778700 0.197239 0.858533 0.473305 -0.023000 0.000000 0.000000 0.000000 1.000000
0.976210 -0.216121 -0.017486 0.898800 0.082443 0.444558 -0.891948 6.778700 0.200542 0.869287 0.451800 -0.023000 0.000000 0.000000 0.000000 1.000000
0.976040 -0.216861 -0.017802 0.898800 0.079006 0.429437 -0.899634 6.778700 0.202740 0.876673 0.436281 -0.023000 0.000000 0.000000 0.000000 1.000000
0.975970 -0.217166 -0.017908 0.898800 0.077696 0.423598 -0.902512 6.778700 0.203581 0.879434 0.430292 -0.023000 0.000000 0.000000 0.000000 1.000000</float_array>
        <technique_common>
          <accessor source="#mixamorig_LeftHandRing1-Matrix-animation-output-transform-array" count="32" stride="16">
            <param type="float4x4"/>
          </accessor>
        </technique_common>
      </source>
      <source id="mixamorig_LeftHandRing1-Interpolations">
        <Name_array id="mixamorig_LeftHandRing1-Interpolations-array" count="32">
 LINEAR LINEAR LINEAR LINEAR LINEAR LINEAR LINEAR LINEAR LINEAR LINEAR LINEAR
LINEAR LINEAR LINEAR LINEAR LINEAR LINEAR LINEAR LINEAR LINEAR LINEAR LINEAR LINEAR
LINEAR LINEAR LINEAR LINEAR LINEAR LINEAR LINEAR LINEAR LINEAR</Name_array>
        <technique_common>
          <accessor source="#mixamorig_LeftHandRing1-Interpolations-array" count="32">
            <param type="name"/>
          </accessor>
        </technique_common>
      </source>
      <sampler id="mixamorig_LeftHandRing1-Matrix-animation-transform">
        <input semantic="INPUT" source="#mixamorig_LeftHandRing1-Matrix-animation-input"/>
        <input semantic="OUTPUT" source="#mixamorig_LeftHandRing1-Matrix-animation-output-transform"/>
        <input semantic="INTERPOLATION" source="#mixamorig_LeftHandRing1-Interpolations"/>
      </sampler>
      <channel source="#mixamorig_LeftHandRing1-Matrix-animation-transform" target="mixamorig_LeftHandRing1/matrix"/>
    </animation>
    <animation id="mixamorig_LeftHandRing2-anim" name="mixamorig_LeftHandRing2">
      <source id="mixamorig_LeftHandRing2-Matrix-animation-input">
        <float_array id="mixamorig_LeftHandRing2-Matrix-animation-input-array" count="32">

0.000000 0.033333 0.066667 0.100000 0.133333 0.166667 0.200000 0.233333 0.266667 0.300000 0.333333 0.366667 0.400000 0.433333 0.466667 0.500000
0.533333 0.566667 0.600000 0.633333 0.666667 0.700000 0.733333 0.766667 0.800000 0.833333 0.866667 0.900000 0.933333 0.966667 1.000000 1.033333</float_array>
        <technique_common>
          <accessor source="#mixamorig_LeftHandRing2-Matrix-animation-input-array" count="32">
            <param name="TIME" type="float"/>
          </accessor>
        </technique_common>
      </source>
      <source id="mixamorig_LeftHandRing2-Matrix-animation-output-transform">
        <float_array id="mixamorig_LeftHandRing2-Matrix-animation-output-transform-array" count="512">

0.990159 -0.074978 0.118168 -0.004000 0.094442 -0.265129 -0.959577 2.958000 0.103277 0.961293 -0.255438 0.000000 0.000000 0.000000 0.000000 1.000000
0.990482 -0.076837 0.114202 -0.004000 0.095520 -0.213678 -0.972223 2.958000 0.099105 0.973878 -0.204305 0.000000 0.000000 0.000000 0.000000 1.000000
0.990854 -0.078624 0.109668 -0.004000 0.096373 -0.156533 -0.982960 2.958000 0.094451 0.984538 -0.147524 0.000000 0.000000 0.000000 0.000000 1.000000
0.991237 -0.080193 0.104969 -0.004000 0.097042 -0.097071 -0.990535 2.958000 0.089623 0.992042 -0.088438 0.000000 0.000000 0.000000 0.000000 1.000000
0.991617 -0.081447 0.100315 -0.004000 0.097416 -0.038826 -0.994486 2.958000 0.084893 0.995921 -0.030566 0.000000 0.000000 0.000000 0.000000 1.000000
0.991969 -0.082355 0.095995 -0.004000 0.097515 0.014619 -0.995127 2.958000 0.080550 0.996496 0.022532 -0.000000 0.000000 0.000000 0.000000 1.000000
0.992270 -0.082939 0.092314 -0.004000 0.097417 0.059739 -0.993449 2.958000 0.076881 0.994762 0.067357 -0.000000 0.000000 0.000000 0.000000 1.000000
0.992494 -0.083265 0.089568 -0.004000 0.097237 0.093134 -0.990894 2.958000 0.074165 0.992166 0.100531 -0.000000 0.000000 0.000000 0.000000 1.000000
0.992604 -0.083387 0.088229 -0.004000 0.097108 0.109239 -0.989261 2.958000 0.072853 0.990512 0.116528 0.000000 0.000000 0.000000 0.000000 1.000000
0.992518 -0.083295 0.089271 -0.004000 0.097212 0.096736 -0.990551 2.958000 0.073872 0.991819 0.104109 0.000000 0.000000 0.000000 0.000000 1.000000
0.992348 -0.083065 0.091349 -0.004000 0.097364 0.071495 -0.992678 2.958000 0.075925 0.993976 0.079036 -0.000000 0.000000 0.000000 0.000000 1.000000
0.992237 -0.082883 0.092717 -0.004000 0.097434 0.054787 -0.993733 2.958000 0.077283 0.995052 0.062437 0.000000 0.000000 0.000000 0.000000 1.000000
0.992173 -0.082769 0.093502 -0.004000 0.097466 0.045211 -0.994211 2.958000 0.078063 0.995543 0.052924 0.000000 0.000000 0.000000 0.000000 1.000000
0.992124 -0.082678 0.094099 -0.004000 0.097487 0.037933 -0.994514 2.958000 0.078655 0.995854 0.045695 0.000000 0.000000 0.000000 0.000000 1.000000
0.992087 -0.082606 0.094551 -0.004000 0.097500 0.032409 -0.994708 2.958000 0.079105 0.996055 0.040207 -0.000000 0.000000 0.000000 0.000000 1.000000
0.992058 -0.082547 0.094903 -0.004000 0.097507 0.028092 -0.994838 2.958000 0.079455 0.996191 0.035917 -0.000000 0.000000 0.000000 0.000000 1.000000
0.992034 -0.082495 0.095198 -0.004000 0.097509 0.024435 -0.994935 2.958000 0.079751 0.996292 0.032285 0.000000 0.000000 0.000000 0.000000 1.000000
0.992011 -0.082445 0.095484 -0.004000 0.097510 0.020892 -0.995015 2.958000 0.080039 0.996377 0.028765 0.000000 0.000000 0.000000 0.000000 1.000000
0.991985 -0.082385 0.095803 -0.004000 0.097507 0.016915 -0.995091 2.958000 0.080361 0.996457 0.024812 -0.000000 0.000000 0.000000 0.000000 1.000000
0.991953 -0.082311 0.096203 -0.004000 0.097506 0.011957 -0.995163 2.958000 0.080762 0.996535 0.019887 0.000000 0.000000 0.000000 0.000000 1.000000
0.991909 -0.082213 0.096730 -0.004000 0.097506 0.005469 -0.995220 2.958000 0.081291 0.996600 0.013441 0.000000 0.000000 0.000000 0.000000 1.000000
0.991852 -0.082079 0.097429 -0.004000 0.097505 -0.003095 -0.995230 2.958000 0.081989 0.996621 0.004934 0.000000 0.000000 0.000000 0.000000 1.000000
0.991778 -0.081893 0.098336 -0.004000 0.097490 -0.014283 -0.995134 2.958000 0.082899 0.996539 -0.006182 -0.000000 0.000000 0.000000 0.000000 1.000000
0.991684 -0.081638 0.099494 -0.004000 0.097452 -0.028639 -0.994828 2.958000 0.084065 0.996251 -0.020445 0.000000 0.000000 0.000000 0.000000 1.000000
0.991563 -0.081288 0.100972 -0.004000 0.097380 -0.047006 -0.994137 2.958000 0.085558 0.995582 -0.038694 0.000000 0.000000 0.000000 0.000000 1.000000
0.991382 -0.080705 0.103195 -0.004000 0.097217 -0.074797 -0.992449 2.958000 0.087815 0.993928 -0.066306 -0.000000 0.000000 0.000000 0.000000 1.000000
0.991138 -0.079820 0.106177 -0.004000 0.096899 -0.112285 -0.988940 2.958000 0.090859 0.990465 -0.103556 0.000000 0.000000 0.000000 0.000000 1.000000
0.990868 -0.078690 0.109489 -0.004000 0.096406 -0.154238 -0.983319 2.958000 0.094265 0.984895 -0.145243 -0.000000 0.000000 0.000000 0.000000 1.000000
0.990598 -0.077439 0.112778 -0.004000 0.095837 -0.195470 -0.976016 2.958000 0.097626 0.977647 -0.186211 0.000000 0.000000 0.000000 0.000000 1.000000
0.990371 -0.076241 0.115551 -0.004000 0.095199 -0.230929 -0.968302 2.958000 0.100508 0.969979 -0.221448 0.000000 0.000000 0.000000 0.000000 1.000000
0.990216 -0.075336 0.117459 -0.004000 0.094668 -0.255736 -0.962100 2.958000 0.102519 0.963807 -0.246102 0.000000 0.000000 0.000000 0.000000 1.000000
0.990158 -0.074978 0.118175 -0.004000 0.094449 -0.265129 -0.959576 2.958000 0.103279 0.961293 -0.255438 0.000000 0.000000 0.000000 0.000000 1.000000</float_array>
        <technique_common>
          <accessor source="#mixamorig_LeftHandRing2-Matrix-animation-output-transform-array" count="32" stride="16">
            <param type="float4x4"/>
          </accessor>
        </technique_common>
      </source>
      <source id="mixamorig_LeftHandRing2-Interpolations">
        <Name_array id="mixamorig_LeftHandRing2-Interpolations-array" count="32">
 LINEAR LINEAR LINEAR LINEAR LINEAR LINEAR LINEAR LINEAR LINEAR LINEAR LINEAR
LINEAR LINEAR LINEAR LINEAR LINEAR LINEAR LINEAR LINEAR LINEAR LINEAR LINEAR LINEAR
LINEAR LINEAR LINEAR LINEAR LINEAR LINEAR LINEAR LINEAR LINEAR</Name_array>
        <technique_common>
          <accessor source="#mixamorig_LeftHandRing2-Interpolations-array" count="32">
            <param type="name"/>
          </accessor>
        </technique_common>
      </source>
      <sampler id="mixamorig_LeftHandRing2-Matrix-animation-transform">
        <input semantic="INPUT" source="#mixamorig_LeftHandRing2-Matrix-animation-input"/>
        <input semantic="OUTPUT" source="#mixamorig_LeftHandRing2-Matrix-animation-output-transform"/>
        <input semantic="INTERPOLATION" source="#mixamorig_LeftHandRing2-Interpolations"/>
      </sampler>
      <channel source="#mixamorig_LeftHandRing2-Matrix-animation-transform" target="mixamorig_LeftHandRing2/matrix"/>
    </animation>
    <animation id="mixamorig_LeftHandRing3-anim" name="mixamorig_LeftHandRing3">
      <source id="mixamorig_LeftHandRing3-Matrix-animation-input">
        <float_array id="mixamorig_LeftHandRing3-Matrix-animation-input-array" count="32">

0.000000 0.033333 0.066667 0.100000 0.133333 0.166667 0.200000 0.233333 0.266667 0.300000 0.333333 0.366667 0.400000 0.433333 0.466667 0.500000
0.533333 0.566667 0.600000 0.633333 0.666667 0.700000 0.733333 0.766667 0.800000 0.833333 0.866667 0.900000 0.933333 0.966667 1.000000 1.033333</float_array>
        <technique_common>
          <accessor source="#mixamorig_LeftHandRing3-Matrix-animation-input-array" count="32">
            <param name="TIME" type="float"/>
          </accessor>
        </technique_common>
      </source>
      <source id="mixamorig_LeftHandRing3-Matrix-animation-output-transform">
        <float_array id="mixamorig_LeftHandRing3-Matrix-animation-output-transform-array" count="512">

1.000000 0.000264 -0.000005 0.002500 -0.000264 1.000000 -0.000000 2.756900 0.000005 0.000000 1.000000 0.000000 0.000000 0.000000 0.000000 1.000000
1.000000 0.000264 -0.000005 0.002500 -0.000264 1.000000 -0.000000 2.756900 0.000005 0.000000 1.000000 0.000000 0.000000 0.000000 0.000000 1.000000
1.000000 0.000264 -0.000005 0.002500 -0.000264 1.000000 0.000000 2.756900 0.000005 -0.000000 1.000000 0.000000 0.000000 0.000000 0.000000 1.000000
1.000000 0.000264 -0.000005 0.002500 -0.000264 1.000000 -0.000000 2.756900 0.000005 0.000000 1.000000 0.000000 0.000000 0.000000 0.000000 1.000000
1.000000 0.000264 -0.000005 0.002500 -0.000264 1.000000 0.000000 2.756900 0.000005 -0.000000 1.000000 0.000000 0.000000 0.000000 0.000000 1.000000
1.000000 0.000264 -0.000005 0.002500 -0.000264 1.000000 -0.000000 2.756900 0.000005 0.000000 1.000000 0.000000 0.000000 0.000000 0.000000 1.000000
1.000000 0.000264 -0.000005 0.002500 -0.000264 1.000000 -0.000000 2.756900 0.000005 0.000000 1.000000 0.000000 0.000000 0.000000 0.000000 1.000000
1.000000 0.000264 -0.000005 0.002500 -0.000264 1.000000 -0.000000 2.756900 0.000005 0.000000 1.000000 0.000000 0.000000 0.000000 0.000000 1.000000
1.000000 0.000264 -0.000005 0.002500 -0.000264 1.000000 0.000000 2.756900 0.000005 -0.000000 1.000000 0.000000 0.000000 0.000000 0.000000 1.000000
1.000000 0.000264 -0.000005 0.002500 -0.000264 1.000000 -0.000000 2.756900 0.000005 0.000000 1.000000 0.000000 0.000000 0.000000 0.000000 1.000000
1.000000 0.000264 -0.000005 0.002500 -0.000264 1.000000 -0.000000 2.756900 0.000005 0.000000 1.000000 -0.000000 0.000000 0.000000 0.000000 1.000000
1.000000 0.000264 -0.000005 0.002500 -0.000264 1.000000 -0.000000 2.756900 0.000005 0.000000 1.000000 -0.000000 0.000000 0.000000 0.000000 1.000000
1.000000 0.000264 -0.000005 0.002500 -0.000264 1.000000 -0.000000 2.756900 0.000005 0.000000 1.000000 0.000000 0.000000 0.000000 0.000000 1.000000
1.000000 0.000264 -0.000005 0.002500 -0.000264 1.000000 -0.000000 2.756900 0.000005 0.000000 1.000000 0.000000 0.000000 0.000000 0.000000 1.000000
1.000000 0.000264 -0.000005 0.002500 -0.000264 1.000000 0.000000 2.756900 0.000005 -0.000000 1.000000 0.000000 0.000000 0.000000 0.000000 1.000000
1.000000 0.000264 -0.000005 0.002500 -0.000264 1.000000 0.000000 2.756900 0.000005 -0.000000 1.000000 0.000000 0.000000 0.000000 0.000000 1.000000
1.000000 0.000264 -0.000005 0.002500 -0.000264 1.000000 0.000000 2.756900 0.000005 -0.000000 1.000000 0.000000 0.000000 0.000000 0.000000 1.000000
1.000000 0.000264 -0.000005 0.002500 -0.000264 1.000000 -0.000000 2.756900 0.000005 0.000000 1.000000 0.000000 0.000000 0.000000 0.000000 1.000000
1.000000 0.000264 -0.000005 0.002500 -0.000264 1.000000 -0.000000 2.756900 0.000005 0.000000 1.000000 -0.000000 0.000000 0.000000 0.000000 1.000000
1.000000 0.000264 -0.000005 0.002500 -0.000264 1.000000 0.000000 2.756900 0.000005 -0.000000 1.000000 0.000000 0.000000 0.000000 0.000000 1.000000
1.000000 0.000264 -0.000005 0.002500 -0.000264 1.000000 -0.000000 2.756900 0.000005 0.000000 1.000000 0.000000 0.000000 0.000000 0.000000 1.000000
1.000000 0.000264 -0.000005 0.002500 -0.000264 1.000000 0.000000 2.756900 0.000005 -0.000000 1.000000 0.000000 0.000000 0.000000 0.000000 1.000000
1.000000 0.000264 -0.000005 0.002500 -0.000264 1.000000 0.000000 2.756900 0.000005 -0.000000 1.000000 0.000000 0.000000 0.000000 0.000000 1.000000
1.000000 0.000264 -0.000005 0.002500 -0.000264 1.000000 -0.000000 2.756900 0.000005 0.000000 1.000000 -0.000000 0.000000 0.000000 0.000000 1.000000
1.000000 0.000264 -0.000005 0.002500 -0.000264 1.000000 -0.000000 2.756900 0.000005 0.000000 1.000000 0.000000 0.000000 0.000000 0.000000 1.000000
1.000000 0.000264 -0.000005 0.002500 -0.000264 1.000000 -0.000000 2.756900 0.000005 0.000000 1.000000 0.000000 0.000000 0.000000 0.000000 1.000000
1.000000 0.000264 -0.000005 0.002500 -0.000264 1.000000 -0.000000 2.756900 0.000005 0.000000 1.000000 0.000000 0.000000 0.000000 0.000000 1.000000
1.000000 0.000264 -0.000005 0.002500 -0.000264 1.000000 -0.000000 2.756900 0.000005 0.000000 1.000000 -0.000000 0.000000 0.000000 0.000000 1.000000
1.000000 0.000264 -0.000005 0.002500 -0.000264 1.000000 0.000000 2.756900 0.000005 -0.000000 1.000000 0.000000 0.000000 0.000000 0.000000 1.000000
1.000000 0.000264 -0.000005 0.002500 -0.000264 1.000000 0.000000 2.756900 0.000005 -0.000000 1.000000 -0.000000 0.000000 0.000000 0.000000 1.000000
1.000000 0.000264 -0.000005 0.002500 -0.000264 1.000000 -0.000000 2.756900 0.000005 0.000000 1.000000 0.000000 0.000000 0.000000 0.000000 1.000000
1.000000 0.000264 -0.000005 0.002500 -0.000264 1.000000 0.000000 2.756900 0.000005 -0.000000 1.000000 0.000000 0.000000 0.000000 0.000000 1.000000</float_array>
        <technique_common>
          <accessor source="#mixamorig_LeftHandRing3-Matrix-animation-output-transform-array" count="32" stride="16">
            <param type="float4x4"/>
          </accessor>
        </technique_common>
      </source>
      <source id="mixamorig_LeftHandRing3-Interpolations">
        <Name_array id="mixamorig_LeftHandRing3-Interpolations-array" count="32">
 LINEAR LINEAR LINEAR LINEAR LINEAR LINEAR LINEAR LINEAR LINEAR LINEAR LINEAR
LINEAR LINEAR LINEAR LINEAR LINEAR LINEAR LINEAR LINEAR LINEAR LINEAR LINEAR LINEAR
LINEAR LINEAR LINEAR LINEAR LINEAR LINEAR LINEAR LINEAR LINEAR</Name_array>
        <technique_common>
          <accessor source="#mixamorig_LeftHandRing3-Interpolations-array" count="32">
            <param type="name"/>
          </accessor>
        </technique_common>
      </source>
      <sampler id="mixamorig_LeftHandRing3-Matrix-animation-transform">
        <input semantic="INPUT" source="#mixamorig_LeftHandRing3-Matrix-animation-input"/>
        <input semantic="OUTPUT" source="#mixamorig_LeftHandRing3-Matrix-animation-output-transform"/>
        <input semantic="INTERPOLATION" source="#mixamorig_LeftHandRing3-Interpolations"/>
      </sampler>
      <channel source="#mixamorig_LeftHandRing3-Matrix-animation-transform" target="mixamorig_LeftHandRing3/matrix"/>
    </animation>
    <animation id="mixamorig_LeftHandPinky1-anim" name="mixamorig_LeftHandPinky1">
      <source id="mixamorig_LeftHandPinky1-Matrix-animation-input">
        <float_array id="mixamorig_LeftHandPinky1-Matrix-animation-input-array" count="32">

0.000000 0.033333 0.066667 0.100000 0.133333 0.166667 0.200000 0.233333 0.266667 0.300000 0.333333 0.366667 0.400000 0.433333 0.466667 0.500000
0.533333 0.566667 0.600000 0.633333 0.666667 0.700000 0.733333 0.766667 0.800000 0.833333 0.866667 0.900000 0.933333 0.966667 1.000000 1.033333</float_array>
        <technique_common>
          <accessor source="#mixamorig_LeftHandPinky1-Matrix-animation-input-array" count="32">
            <param name="TIME" type="float"/>
          </accessor>
        </technique_common>
      </source>
      <source id="mixamorig_LeftHandPinky1-Matrix-animation-output-transform">
        <float_array id="mixamorig_LeftHandPinky1-Matrix-animation-output-transform-array" count="512">

0.962856 -0.259964 -0.072982 2.502200 -0.002487 0.261740 -0.965135 6.390800 0.270003 0.929468 0.251371 0.087500 0.000000 0.000000 0.000000 1.000000
0.963574 -0.256342 -0.076247 2.502200 0.000502 0.286831 -0.957981 6.390800 0.267440 0.923048 0.276512 0.087500 0.000000 0.000000 0.000000 1.000000
0.964421 -0.251869 -0.080340 2.502200 0.003402 0.315688 -0.948857 6.390800 0.264350 0.914824 0.305313 0.087500 0.000000 0.000000 0.000000 1.000000
0.965341 -0.246906 -0.084585 2.502200 0.006177 0.345613 -0.938357 6.390800 0.260919 0.905312 0.335159 0.087500 0.000000 0.000000 0.000000 1.000000
0.966272 -0.241881 -0.088385 2.502200 0.008796 0.374010 -0.927383 6.390800 0.257374 0.895327 0.363523 0.087500 0.000000 0.000000 0.000000 1.000000
0.967161 -0.237249 -0.091176 2.502200 0.011266 0.398392 -0.917146 6.390800 0.253915 0.886001 0.387982 0.087500 0.000000 0.000000 0.000000 1.000000
0.967949 -0.233518 -0.092437 2.502200 0.013637 0.416384 -0.909087 6.390800 0.250777 0.878689 0.406223 0.087500 0.000000 0.000000 0.000000 1.000000
0.968573 -0.231222 -0.091672 2.502200 0.015989 0.425673 -0.904736 6.390800 0.248217 0.874837 0.415992 0.087500 0.000000 0.000000 0.000000 1.000000
0.968926 -0.231257 -0.087760 2.502200 0.018508 0.421592 -0.906597 6.390800 0.246656 0.876801 0.412772 0.087500 0.000000 0.000000 0.000000 1.000000
0.968792 -0.235309 -0.077916 2.502200 0.021608 0.393317 -0.919149 6.390800 0.246930 0.888781 0.386127 0.087500 0.000000 0.000000 0.000000 1.000000
0.968419 -0.240242 -0.066689 2.502200 0.024530 0.357982 -0.933406 6.390800 0.248117 0.902293 0.352570 0.087500 0.000000 0.000000 0.000000 1.000000
0.968223 -0.242702 -0.060326 2.502200 0.026322 0.338778 -0.940498 6.390800 0.248698 0.909024 0.334401 0.087500 0.000000 0.000000 0.000000 1.000000
0.968211 -0.243482 -0.057305 2.502200 0.027546 0.331489 -0.943057 6.390800 0.248613 0.911500 0.327658 0.087500 0.000000 0.000000 0.000000 1.000000
0.968290 -0.243544 -0.055685 2.502200 0.028583 0.329423 -0.943750 6.390800 0.248189 0.912232 0.325938 0.087500 0.000000 0.000000 0.000000 1.000000
0.968441 -0.243036 -0.055274 2.502200 0.029417 0.331673 -0.942936 6.390800 0.247500 0.911552 0.328356 0.087500 0.000000 0.000000 0.000000 1.000000
0.968638 -0.242112 -0.055870 2.502200 0.030041 0.337314 -0.940913 6.390800 0.246652 0.909726 0.334008 0.087500 0.000000 0.000000 0.000000 1.000000
0.968869 -0.240856 -0.057273 2.502200 0.030422 0.345411 -0.937958 6.390800 0.245696 0.907017 0.341985 0.087500 0.000000 0.000000 0.000000 1.000000
0.969114 -0.239389 -0.059258 2.502200 0.030565 0.355026 -0.934357 6.390800 0.244713 0.903687 0.351377 0.087500 0.000000 0.000000 0.000000 1.000000
0.969344 -0.237848 -0.061645 2.502200 0.030449 0.365238 -0.930416 6.390800 0.243813 0.900016 0.361284 0.087500 0.000000 0.000000 0.000000 1.000000
0.969538 -0.236369 -0.064235 2.502200 0.030074 0.375136 -0.926482 6.390800 0.243088 0.896327 0.370817 0.087500 0.000000 0.000000 0.000000 1.000000
0.969670 -0.235103 -0.066831 2.502200 0.029450 0.383824 -0.922937 6.390800 0.242636 0.892976 0.379106 0.087500 0.000000 0.000000 0.000000 1.000000
0.969706 -0.234250 -0.069262 2.502200 0.028587 0.390420 -0.920193 6.390800 0.242597 0.890337 0.385289 0.087500 0.000000 0.000000 0.000000 1.000000
0.969629 -0.233945 -0.071345 2.502200 0.027477 0.394047 -0.918679 6.390800 0.243034 0.888818 0.388507 0.087500 0.000000 0.000000 0.000000 1.000000
0.969416 -0.234345 -0.072898 2.502200 0.026110 0.393826 -0.918814 6.390800 0.244029 0.888810 0.387900 0.087500 0.000000 0.000000 0.000000 1.000000
0.969039 -0.235634 -0.073754 2.502200 0.024423 0.388725 -0.921030 6.390800 0.245696 0.890713 0.382445 0.087500 0.000000 0.000000 0.000000 1.000000
0.968323 -0.238439 -0.074145 2.502200 0.021617 0.375867 -0.926422 6.390800 0.248763 0.895473 0.369115 0.087500 0.000000 0.000000 0.000000 1.000000
0.967269 -0.242631 -0.074306 2.502200 0.017431 0.355668 -0.934450 6.390800 0.253154 0.902569 0.348256 0.087500 0.000000 0.000000 0.000000 1.000000
0.966057 -0.247438 -0.074219 2.502200 0.012394 0.331367 -0.943421 6.390800 0.258031 0.910478 0.323186 0.087500 0.000000 0.000000 0.000000 1.000000
0.964860 -0.252155 -0.073920 2.502200 0.007123 0.306311 -0.951905 6.390800 0.262670 0.917928 0.297343 0.087500 0.000000 0.000000 0.000000 1.000000
0.963834 -0.256165 -0.073510 2.502200 0.002346 0.283974 -0.958829 6.390800 0.266493 0.923980 0.274305 0.087500 0.000000 0.000000 0.000000 1.000000
0.963122 -0.258935 -0.073139 2.502200 -0.001133 0.267919 -0.963441 6.390800 0.269064 0.927994 0.257745 0.087500 0.000000 0.000000 0.000000 1.000000
0.962856 -0.259973 -0.072956 2.502200 -0.002460 0.261734 -0.965137 6.390800 0.270005 0.929467 0.251373 0.087500 0.000000 0.000000 0.000000 1.000000</float_array>
        <technique_common>
          <accessor source="#mixamorig_LeftHandPinky1-Matrix-animation-output-transform-array" count="32" stride="16">
            <param type="float4x4"/>
          </accessor>
        </technique_common>
      </source>
      <source id="mixamorig_LeftHandPinky1-Interpolations">
        <Name_array id="mixamorig_LeftHandPinky1-Interpolations-array" count="32">
 LINEAR LINEAR LINEAR LINEAR LINEAR LINEAR LINEAR LINEAR LINEAR LINEAR LINEAR
LINEAR LINEAR LINEAR LINEAR LINEAR LINEAR LINEAR LINEAR LINEAR LINEAR LINEAR LINEAR
LINEAR LINEAR LINEAR LINEAR LINEAR LINEAR LINEAR LINEAR LINEAR</Name_array>
        <technique_common>
          <accessor source="#mixamorig_LeftHandPinky1-Interpolations-array" count="32">
            <param type="name"/>
          </accessor>
        </technique_common>
      </source>
      <sampler id="mixamorig_LeftHandPinky1-Matrix-animation-transform">
        <input semantic="INPUT" source="#mixamorig_LeftHandPinky1-Matrix-animation-input"/>
        <input semantic="OUTPUT" source="#mixamorig_LeftHandPinky1-Matrix-animation-output-transform"/>
        <input semantic="INTERPOLATION" source="#mixamorig_LeftHandPinky1-Interpolations"/>
      </sampler>
      <channel source="#mixamorig_LeftHandPinky1-Matrix-animation-transform" target="mixamorig_LeftHandPinky1/matrix"/>
    </animation>
    <animation id="mixamorig_LeftHandPinky2-anim" name="mixamorig_LeftHandPinky2">
      <source id="mixamorig_LeftHandPinky2-Matrix-animation-input">
        <float_array id="mixamorig_LeftHandPinky2-Matrix-animation-input-array" count="32">

0.000000 0.033333 0.066667 0.100000 0.133333 0.166667 0.200000 0.233333 0.266667 0.300000 0.333333 0.366667 0.400000 0.433333 0.466667 0.500000
0.533333 0.566667 0.600000 0.633333 0.666667 0.700000 0.733333 0.766667 0.800000 0.833333 0.866667 0.900000 0.933333 0.966667 1.000000 1.033333</float_array>
        <technique_common>
          <accessor source="#mixamorig_LeftHandPinky2-Matrix-animation-input-array" count="32">
            <param name="TIME" type="float"/>
          </accessor>
        </technique_common>
      </source>
      <source id="mixamorig_LeftHandPinky2-Matrix-animation-output-transform">
        <float_array id="mixamorig_LeftHandPinky2-Matrix-animation-output-transform-array" count="512">

0.991535 -0.035159 0.124993 0.003200 0.120613 -0.107054 -0.986910 2.623700 0.048080 0.993631 -0.101907 0.000000 0.000000 0.000000 0.000000 1.000000
0.991593 -0.039867 0.123100 0.003200 0.120861 -0.054423 -0.991176 2.623700 0.046215 0.997722 -0.049148 -0.000000 0.000000 0.000000 0.000000 1.000000
0.991668 -0.044910 0.120741 0.003200 0.121019 0.003503 -0.992644 2.623700 0.044156 0.998985 0.008908 -0.000000 0.000000 0.000000 0.000000 1.000000
0.991756 -0.049955 0.118006 0.003200 0.121056 0.063202 -0.990632 2.623700 0.042029 0.996750 0.068729 -0.000000 0.000000 0.000000 0.000000 1.000000
0.991852 -0.054703 0.115057 0.003200 0.120970 0.121125 -0.985239 2.623700 0.039959 0.991129 0.126755 -0.000000 0.000000 0.000000 0.000000 1.000000
0.991948 -0.058891 0.112119 0.003200 0.120786 0.173794 -0.977347 2.623700 0.038072 0.983020 0.179508 0.000000 0.000000 0.000000 0.000000 1.000000
0.992036 -0.062303 0.109465 0.003200 0.120553 0.217907 -0.968496 2.623700 0.036487 0.973979 0.223682 -0.000000 0.000000 0.000000 0.000000 1.000000
0.992105 -0.064754 0.107399 0.003200 0.120333 0.250345 -0.960649 2.623700 0.035320 0.965989 0.256160 0.000000 0.000000 0.000000 0.000000 1.000000
0.992139 -0.065914 0.106371 0.003200 0.120213 0.265924 -0.956469 2.623700 0.034758 0.961738 0.271758 0.000000 0.000000 0.000000 0.000000 1.000000
0.992113 -0.065015 0.107170 0.003200 0.120307 0.253832 -0.959737 2.623700 0.035194 0.965061 0.259652 0.000000 0.000000 0.000000 0.000000 1.000000
0.992060 -0.063173 0.108748 0.003200 0.120480 0.229346 -0.965860 2.623700 0.036075 0.971293 0.235136 0.000000 0.000000 0.000000 0.000000 1.000000
0.992026 -0.061934 0.109764 0.003200 0.120582 0.213081 -0.969565 2.623700 0.036661 0.975070 0.218850 0.000000 0.000000 0.000000 0.000000 1.000000
0.992007 -0.061217 0.110337 0.003200 0.120636 0.203738 -0.971565 2.623700 0.036996 0.977110 0.209495 0.000000 0.000000 0.000000 0.000000 1.000000
0.991993 -0.060668 0.110767 0.003200 0.120675 0.196629 -0.973024 2.623700 0.037252 0.978599 0.202375 0.000000 0.000000 0.000000 0.000000 1.000000
0.991982 -0.060250 0.111091 0.003200 0.120703 0.191226 -0.974096 2.623700 0.037446 0.979695 0.196965 -0.000000 0.000000 0.000000 0.000000 1.000000
0.991974 -0.059922 0.111343 0.003200 0.120724 0.187000 -0.974914 2.623700 0.037598 0.980531 0.192733 0.000000 0.000000 0.000000 0.000000 1.000000
0.991967 -0.059643 0.111555 0.003200 0.120742 0.183419 -0.975592 2.623700 0.037726 0.981224 0.189147 0.000000 0.000000 0.000000 0.000000 1.000000
0.991960 -0.059372 0.111759 0.003200 0.120758 0.179947 -0.976236 2.623700 0.037851 0.981883 0.185670 0.000000 0.000000 0.000000 0.000000 1.000000
0.991953 -0.059067 0.111987 0.003200 0.120776 0.176047 -0.976945 2.623700 0.037990 0.982608 0.181764 -0.000000 0.000000 0.000000 0.000000 1.000000
0.991943 -0.058686 0.112271 0.003200 0.120798 0.171182 -0.977806 2.623700 0.038165 0.983490 0.176892 0.000000 0.000000 0.000000 0.000000 1.000000
0.991931 -0.058186 0.112637 0.003200 0.120825 0.164810 -0.978897 2.623700 0.038394 0.984608 0.170510 0.000000 0.000000 0.000000 0.000000 1.000000
0.991915 -0.057521 0.113117 0.003200 0.120858 0.156389 -0.980273 2.623700 0.038696 0.986019 0.162076 -0.000000 0.000000 0.000000 0.000000 1.000000
0.991895 -0.056646 0.113735 0.003200 0.120898 0.145369 -0.981963 2.623700 0.039091 0.987755 0.151039 0.000000 0.000000 0.000000 0.000000 1.000000
0.991869 -0.055513 0.114514 0.003200 0.120943 0.131199 -0.983951 2.623700 0.039598 0.989801 0.136846 -0.000000 0.000000 0.000000 0.000000 1.000000
0.991837 -0.054048 0.115487 0.003200 0.120990 0.113022 -0.986198 2.623700 0.040249 0.992121 0.118639 0.000000 0.000000 0.000000 0.000000 1.000000
0.991791 -0.051793 0.116910 0.003200 0.121038 0.085417 -0.988966 2.623700 0.041236 0.994998 0.090984 0.000000 0.000000 0.000000 0.000000 1.000000
0.991732 -0.048684 0.118733 0.003200 0.121059 0.047982 -0.991485 2.623700 0.042572 0.997661 0.053479 -0.000000 0.000000 0.000000 0.000000 1.000000
0.991671 -0.045108 0.120641 0.003200 0.121022 0.005817 -0.992633 2.623700 0.044074 0.998965 0.011228 0.000000 0.000000 0.000000 0.000000 1.000000
0.991616 -0.041495 0.122378 0.003200 0.120924 -0.035908 -0.992012 2.623700 0.045558 0.998493 -0.030589 0.000000 0.000000 0.000000 0.000000 1.000000
0.991573 -0.038306 0.123760 0.003200 0.120789 -0.072019 -0.990062 2.623700 0.046839 0.996667 -0.066785 0.000000 0.000000 0.000000 0.000000 1.000000
0.991545 -0.036031 0.124664 0.003200 0.120666 -0.097412 -0.987902 2.623700 0.047739 0.994592 -0.092241 0.000000 0.000000 0.000000 0.000000 1.000000
0.991535 -0.035159 0.124992 0.003200 0.120613 -0.107054 -0.986910 2.623700 0.048080 0.993631 -0.101907 0.000000 0.000000 0.000000 0.000000 1.000000</float_array>
        <technique_common>
          <accessor source="#mixamorig_LeftHandPinky2-Matrix-animation-output-transform-array" count="32" stride="16">
            <param type="float4x4"/>
          </accessor>
        </technique_common>
      </source>
      <source id="mixamorig_LeftHandPinky2-Interpolations">
        <Name_array id="mixamorig_LeftHandPinky2-Interpolations-array" count="32">
 LINEAR LINEAR LINEAR LINEAR LINEAR LINEAR LINEAR LINEAR LINEAR LINEAR LINEAR
LINEAR LINEAR LINEAR LINEAR LINEAR LINEAR LINEAR LINEAR LINEAR LINEAR LINEAR LINEAR
LINEAR LINEAR LINEAR LINEAR LINEAR LINEAR LINEAR LINEAR LINEAR</Name_array>
        <technique_common>
          <accessor source="#mixamorig_LeftHandPinky2-Interpolations-array" count="32">
            <param type="name"/>
          </accessor>
        </technique_common>
      </source>
      <sampler id="mixamorig_LeftHandPinky2-Matrix-animation-transform">
        <input semantic="INPUT" source="#mixamorig_LeftHandPinky2-Matrix-animation-input"/>
        <input semantic="OUTPUT" source="#mixamorig_LeftHandPinky2-Matrix-animation-output-transform"/>
        <input semantic="INTERPOLATION" source="#mixamorig_LeftHandPinky2-Interpolations"/>
      </sampler>
      <channel source="#mixamorig_LeftHandPinky2-Matrix-animation-transform" target="mixamorig_LeftHandPinky2/matrix"/>
    </animation>
    <animation id="mixamorig_LeftHandPinky3-anim" name="mixamorig_LeftHandPinky3">
      <source id="mixamorig_LeftHandPinky3-Matrix-animation-input">
        <float_array id="mixamorig_LeftHandPinky3-Matrix-animation-input-array" count="32">

0.000000 0.033333 0.066667 0.100000 0.133333 0.166667 0.200000 0.233333 0.266667 0.300000 0.333333 0.366667 0.400000 0.433333 0.466667 0.500000
0.533333 0.566667 0.600000 0.633333 0.666667 0.700000 0.733333 0.766667 0.800000 0.833333 0.866667 0.900000 0.933333 0.966667 1.000000 1.033333</float_array>
        <technique_common>
          <accessor source="#mixamorig_LeftHandPinky3-Matrix-animation-input-array" count="32">
            <param name="TIME" type="float"/>
          </accessor>
        </technique_common>
      </source>
      <source id="mixamorig_LeftHandPinky3-Matrix-animation-output-transform">
        <float_array id="mixamorig_LeftHandPinky3-Matrix-animation-output-transform-array" count="512">

0.999983 0.005789 0.000148 0.003900 -0.005789 0.999983 -0.000000 2.132100 -0.000148 -0.000001 1.000000 0.000000 0.000000 0.000000 0.000000 1.000000
0.999983 0.005789 0.000148 0.003900 -0.005789 0.999983 -0.000000 2.132100 -0.000148 -0.000001 1.000000 -0.000000 0.000000 0.000000 0.000000 1.000000
0.999983 0.005789 0.000148 0.003900 -0.005789 0.999983 -0.000000 2.132100 -0.000148 -0.000001 1.000000 0.000000 0.000000 0.000000 0.000000 1.000000
0.999983 0.005789 0.000148 0.003900 -0.005789 0.999983 -0.000000 2.132100 -0.000148 -0.000001 1.000000 0.000000 0.000000 0.000000 0.000000 1.000000
0.999983 0.005789 0.000148 0.003900 -0.005789 0.999983 -0.000000 2.132100 -0.000148 -0.000001 1.000000 0.000000 0.000000 0.000000 0.000000 1.000000
0.999983 0.005789 0.000148 0.003900 -0.005789 0.999983 -0.000000 2.132100 -0.000148 -0.000001 1.000000 -0.000000 0.000000 0.000000 0.000000 1.000000
0.999983 0.005789 0.000148 0.003900 -0.005789 0.999983 -0.000000 2.132100 -0.000148 -0.000001 1.000000 0.000000 0.000000 0.000000 0.000000 1.000000
0.999983 0.005789 0.000148 0.003900 -0.005789 0.999983 -0.000000 2.132100 -0.000148 -0.000001 1.000000 0.000000 0.000000 0.000000 0.000000 1.000000
0.999983 0.005788 0.000148 0.003900 -0.005788 0.999983 -0.000000 2.132100 -0.000148 -0.000001 1.000000 0.000000 0.000000 0.000000 0.000000 1.000000
0.999983 0.005789 0.000148 0.003900 -0.005789 0.999983 -0.000000 2.132100 -0.000148 -0.000001 1.000000 0.000000 0.000000 0.000000 0.000000 1.000000
0.999983 0.005789 0.000148 0.003900 -0.005789 0.999983 -0.000000 2.132100 -0.000148 -0.000000 1.000000 0.000000 0.000000 0.000000 0.000000 1.000000
0.999983 0.005789 0.000148 0.003900 -0.005789 0.999983 -0.000000 2.132100 -0.000148 -0.000001 1.000000 0.000000 0.000000 0.000000 0.000000 1.000000
0.999983 0.005789 0.000148 0.003900 -0.005789 0.999983 -0.000000 2.132100 -0.000148 -0.000001 1.000000 0.000000 0.000000 0.000000 0.000000 1.000000
0.999983 0.005789 0.000148 0.003900 -0.005789 0.999983 -0.000000 2.132100 -0.000148 -0.000001 1.000000 0.000000 0.000000 0.000000 0.000000 1.000000
0.999983 0.005789 0.000148 0.003900 -0.005789 0.999983 -0.000000 2.132100 -0.000148 -0.000001 1.000000 -0.000000 0.000000 0.000000 0.000000 1.000000
0.999983 0.005789 0.000148 0.003900 -0.005789 0.999983 -0.000000 2.132100 -0.000148 -0.000001 1.000000 0.000000 0.000000 0.000000 0.000000 1.000000
0.999983 0.005788 0.000148 0.003900 -0.005788 0.999983 0.000000 2.132100 -0.000148 -0.000001 1.000000 0.000000 0.000000 0.000000 0.000000 1.000000
0.999983 0.005788 0.000148 0.003900 -0.005788 0.999983 -0.000000 2.132100 -0.000148 -0.000001 1.000000 -0.000000 0.000000 0.000000 0.000000 1.000000
0.999983 0.005789 0.000148 0.003900 -0.005789 0.999983 -0.000000 2.132100 -0.000148 -0.000001 1.000000 -0.000000 0.000000 0.000000 0.000000 1.000000
0.999983 0.005789 0.000148 0.003900 -0.005789 0.999983 -0.000000 2.132100 -0.000148 -0.000001 1.000000 0.000000 0.000000 0.000000 0.000000 1.000000
0.999983 0.005789 0.000148 0.003900 -0.005789 0.999983 -0.000000 2.132100 -0.000148 -0.000001 1.000000 0.000000 0.000000 0.000000 0.000000 1.000000
0.999983 0.005789 0.000148 0.003900 -0.005789 0.999983 -0.000000 2.132100 -0.000148 -0.000001 1.000000 0.000000 0.000000 0.000000 0.000000 1.000000
0.999983 0.005789 0.000148 0.003900 -0.005789 0.999983 -0.000000 2.132100 -0.000148 -0.000001 1.000000 -0.000000 0.000000 0.000000 0.000000 1.000000
0.999983 0.005789 0.000148 0.003900 -0.005789 0.999983 -0.000000 2.132100 -0.000148 -0.000001 1.000000 0.000000 0.000000 0.000000 0.000000 1.000000
0.999983 0.005789 0.000148 0.003900 -0.005789 0.999983 -0.000000 2.132100 -0.000148 -0.000000 1.000000 0.000000 0.000000 0.000000 0.000000 1.000000
0.999983 0.005789 0.000148 0.003900 -0.005789 0.999983 -0.000000 2.132100 -0.000148 -0.000000 1.000000 0.000000 0.000000 0.000000 0.000000 1.000000
0.999983 0.005789 0.000148 0.003900 -0.005789 0.999983 -0.000000 2.132100 -0.000148 -0.000001 1.000000 0.000000 0.000000 0.000000 0.000000 1.000000
0.999983 0.005788 0.000148 0.003900 -0.005788 0.999983 -0.000000 2.132100 -0.000148 -0.000001 1.000000 0.000000 0.000000 0.000000 0.000000 1.000000
0.999983 0.005788 0.000148 0.003900 -0.005788 0.999983 -0.000000 2.132100 -0.000148 -0.000001 1.000000 0.000000 0.000000 0.000000 0.000000 1.000000
0.999983 0.005789 0.000148 0.003900 -0.005789 0.999983 -0.000000 2.132100 -0.000148 -0.000001 1.000000 -0.000000 0.000000 0.000000 0.000000 1.000000
0.999983 0.005789 0.000148 0.003900 -0.005789 0.999983 -0.000000 2.132100 -0.000148 -0.000000 1.000000 0.000000 0.000000 0.000000 0.000000 1.000000
0.999983 0.005789 0.000148 0.003900 -0.005789 0.999983 -0.000000 2.132100 -0.000148 -0.000001 1.000000 0.000000 0.000000 0.000000 0.000000 1.000000</float_array>
        <technique_common>
          <accessor source="#mixamorig_LeftHandPinky3-Matrix-animation-output-transform-array" count="32" stride="16">
            <param type="float4x4"/>
          </accessor>
        </technique_common>
      </source>
      <source id="mixamorig_LeftHandPinky3-Interpolations">
        <Name_array id="mixamorig_LeftHandPinky3-Interpolations-array" count="32">
 LINEAR LINEAR LINEAR LINEAR LINEAR LINEAR LINEAR LINEAR LINEAR LINEAR LINEAR
LINEAR LINEAR LINEAR LINEAR LINEAR LINEAR LINEAR LINEAR LINEAR LINEAR LINEAR LINEAR
LINEAR LINEAR LINEAR LINEAR LINEAR LINEAR LINEAR LINEAR LINEAR</Name_array>
        <technique_common>
          <accessor source="#mixamorig_LeftHandPinky3-Interpolations-array" count="32">
            <param type="name"/>
          </accessor>
        </technique_common>
      </source>
      <sampler id="mixamorig_LeftHandPinky3-Matrix-animation-transform">
        <input semantic="INPUT" source="#mixamorig_LeftHandPinky3-Matrix-animation-input"/>
        <input semantic="OUTPUT" source="#mixamorig_LeftHandPinky3-Matrix-animation-output-transform"/>
        <input semantic="INTERPOLATION" source="#mixamorig_LeftHandPinky3-Interpolations"/>
      </sampler>
      <channel source="#mixamorig_LeftHandPinky3-Matrix-animation-transform" target="mixamorig_LeftHandPinky3/matrix"/>
    </animation>
    <animation id="mixamorig_RightShoulder-anim" name="mixamorig_RightShoulder">
      <source id="mixamorig_RightShoulder-Matrix-animation-input">
        <float_array id="mixamorig_RightShoulder-Matrix-animation-input-array" count="32">

0.000000 0.033333 0.066667 0.100000 0.133333 0.166667 0.200000 0.233333 0.266667 0.300000 0.333333 0.366667 0.400000 0.433333 0.466667 0.500000
0.533333 0.566667 0.600000 0.633333 0.666667 0.700000 0.733333 0.766667 0.800000 0.833333 0.866667 0.900000 0.933333 0.966667 1.000000 1.033333</float_array>
        <technique_common>
          <accessor source="#mixamorig_RightShoulder-Matrix-animation-input-array" count="32">
            <param name="TIME" type="float"/>
          </accessor>
        </technique_common>
      </source>
      <source id="mixamorig_RightShoulder-Matrix-animation-output-transform">
        <float_array id="mixamorig_RightShoulder-Matrix-animation-output-transform-array" count="512">

0.109789 -0.845038 0.523313 -4.224100 -0.028416 -0.528949 -0.848178 8.897300 0.993549 0.078250 -0.082086 -0.030200 0.000000 0.000000 0.000000 1.000000
0.123435 -0.850291 0.511634 -4.224100 -0.026519 -0.518219 -0.854837 8.897300 0.991998 0.091948 -0.086515 -0.030200 0.000000 0.000000 0.000000 1.000000
0.131554 -0.859622 0.493704 -4.224100 -0.026371 -0.500891 -0.865109 8.897300 0.990958 0.100789 -0.088564 -0.030200 0.000000 0.000000 0.000000 1.000000
0.140062 -0.867010 0.478201 -4.224100 -0.026092 -0.486026 -0.873555 8.897300 0.989799 0.109874 -0.090696 -0.030200 0.000000 0.000000 0.000000 1.000000
0.148748 -0.869790 0.470467 -4.224100 -0.025214 -0.478941 -0.877485 8.897300 0.988554 0.118662 -0.093172 -0.030200 0.000000 0.000000 0.000000 1.000000
0.155701 -0.875052 0.458303 -4.224100 -0.025122 -0.467319 -0.883732 8.897300 0.987485 0.126085 -0.094745 -0.030200 0.000000 0.000000 0.000000 1.000000
0.160797 -0.880265 0.446405 -4.224100 -0.025393 -0.455831 -0.889704 8.897300 0.986661 0.131726 -0.095649 -0.030200 0.000000 0.000000 0.000000 1.000000
0.168824 -0.887787 0.428173 -4.224100 -0.025887 -0.438252 -0.898479 8.897300 0.985306 0.140601 -0.096970 -0.030200 0.000000 0.000000 0.000000 1.000000
0.165204 -0.893937 0.416635 -4.224100 -0.027548 -0.426457 -0.904088 8.897300 0.985875 0.137881 -0.095078 -0.030200 0.000000 0.000000 0.000000 1.000000
0.153282 -0.895750 0.417297 -4.224100 -0.029216 -0.426211 -0.904152 8.897300 0.987750 0.126399 -0.091501 -0.030200 0.000000 0.000000 0.000000 1.000000
0.145619 -0.886578 0.439061 -4.224100 -0.028472 -0.447363 -0.893899 8.897300 0.988931 0.117668 -0.090387 -0.030200 0.000000 0.000000 0.000000 1.000000
0.140126 -0.878400 0.456922 -4.224100 -0.027848 -0.464789 -0.884984 8.897300 0.989742 0.111285 -0.089591 -0.030200 0.000000 0.000000 0.000000 1.000000
0.131421 -0.885847 0.444977 -4.224100 -0.030186 -0.452238 -0.891386 8.897300 0.990867 0.103715 -0.086174 -0.030200 0.000000 0.000000 0.000000 1.000000
0.123894 -0.879314 0.459845 -4.224100 -0.030269 -0.466549 -0.883977 8.897300 0.991834 0.095601 -0.084419 -0.030200 0.000000 0.000000 0.000000 1.000000
0.122793 -0.867346 0.482320 -4.224100 -0.028810 -0.488908 -0.871859 8.897300 0.992014 0.093162 -0.085022 -0.030200 0.000000 0.000000 0.000000 1.000000
0.109631 -0.858858 0.500344 -4.224100 -0.029927 -0.506002 -0.862013 8.897300 0.993522 0.079529 -0.081177 -0.030200 0.000000 0.000000 0.000000 1.000000
0.087940 -0.848089 0.522505 -4.224100 -0.032706 -0.526713 -0.849414 8.897300 0.995589 0.057608 -0.074056 -0.030200 0.000000 0.000000 0.000000 1.000000
0.071616 -0.840806 0.536578 -4.224100 -0.035243 -0.539757 -0.841083 8.897300 0.996809 0.041324 -0.068287 -0.030200 0.000000 0.000000 0.000000 1.000000
0.072519 -0.826108 0.558827 -4.224100 -0.034053 -0.562026 -0.826418 8.897300 0.996786 0.040901 -0.068889 -0.030200 0.000000 0.000000 0.000000 1.000000
0.064928 -0.829246 0.555100 -4.224100 -0.035818 -0.557852 -0.829167 8.897300 0.997247 0.033953 -0.065922 -0.030200 0.000000 0.000000 0.000000 1.000000
0.061173 -0.824968 0.561859 -4.224100 -0.036343 -0.564381 -0.824714 8.897300 0.997465 0.030031 -0.064507 -0.030200 0.000000 0.000000 0.000000 1.000000
0.059656 -0.827573 0.558180 -4.224100 -0.036787 -0.560618 -0.827257 8.897300 0.997541 0.028817 -0.063888 -0.030200 0.000000 0.000000 0.000000 1.000000
0.045260 -0.829588 0.556539 -4.224100 -0.039845 -0.558165 -0.828772 8.897300 0.998180 0.015335 -0.058318 -0.030200 0.000000 0.000000 0.000000 1.000000
0.037923 -0.829041 0.557901 -4.224100 -0.041318 -0.559126 -0.828053 8.897300 0.998426 0.008351 -0.055458 -0.030200 0.000000 0.000000 0.000000 1.000000
0.029012 -0.831132 0.555317 -4.224100 -0.043183 -0.556075 -0.830010 8.897300 0.998646 0.000100 -0.052023 -0.030200 0.000000 0.000000 0.000000 1.000000
0.021462 -0.829034 0.558787 -4.224100 -0.044662 -0.559152 -0.827861 8.897300 0.998772 -0.007189 -0.049027 -0.030200 0.000000 0.000000 0.000000 1.000000
0.035468 -0.827065 0.560986 -4.224100 -0.041692 -0.562075 -0.826034 8.897300 0.998501 0.005909 -0.054417 -0.030200 0.000000 0.000000 0.000000 1.000000
0.059077 -0.822536 0.565637 -4.224100 -0.036575 -0.568030 -0.822195 8.897300 0.997583 0.027885 -0.063642 -0.030200 0.000000 0.000000 0.000000 1.000000
0.074586 -0.820029 0.567441 -4.224100 -0.033183 -0.570752 -0.820452 8.897300 0.996662 0.042365 -0.069781 -0.030200 0.000000 0.000000 0.000000 1.000000
0.082516 -0.823922 0.560663 -4.224100 -0.031806 -0.564472 -0.824839 8.897300 0.996082 0.050230 -0.072784 -0.030200 0.000000 0.000000 0.000000 1.000000
0.096780 -0.831563 0.546934 -4.224100 -0.029570 -0.551673 -0.833536 8.897300 0.994866 0.064497 -0.077980 -0.030200 0.000000 0.000000 0.000000 1.000000
0.109789 -0.845039 0.523313 -4.224100 -0.028416 -0.528949 -0.848178 8.897300 0.993549 0.078250 -0.082086 -0.030200 0.000000 0.000000 0.000000 1.000000</float_array>
        <technique_common>
          <accessor source="#mixamorig_RightShoulder-Matrix-animation-output-transform-array" count="32" stride="16">
            <param type="float4x4"/>
          </accessor>
        </technique_common>
      </source>
      <source id="mixamorig_RightShoulder-Interpolations">
        <Name_array id="mixamorig_RightShoulder-Interpolations-array" count="32">
 LINEAR LINEAR LINEAR LINEAR LINEAR LINEAR LINEAR LINEAR LINEAR LINEAR LINEAR
LINEAR LINEAR LINEAR LINEAR LINEAR LINEAR LINEAR LINEAR LINEAR LINEAR LINEAR LINEAR
LINEAR LINEAR LINEAR LINEAR LINEAR LINEAR LINEAR LINEAR LINEAR</Name_array>
        <technique_common>
          <accessor source="#mixamorig_RightShoulder-Interpolations-array" count="32">
            <param type="name"/>
          </accessor>
        </technique_common>
      </source>
      <sampler id="mixamorig_RightShoulder-Matrix-animation-transform">
        <input semantic="INPUT" source="#mixamorig_RightShoulder-Matrix-animation-input"/>
        <input semantic="OUTPUT" source="#mixamorig_RightShoulder-Matrix-animation-output-transform"/>
        <input semantic="INTERPOLATION" source="#mixamorig_RightShoulder-Interpolations"/>
      </sampler>
      <channel source="#mixamorig_RightShoulder-Matrix-animation-transform" target="mixamorig_RightShoulder/matrix"/>
    </animation>
    <animation id="mixamorig_RightArm-anim" name="mixamorig_RightArm">
      <source id="mixamorig_RightArm-Matrix-animation-input">
        <float_array id="mixamorig_RightArm-Matrix-animation-input-array" count="32">

0.000000 0.033333 0.066667 0.100000 0.133333 0.166667 0.200000 0.233333 0.266667 0.300000 0.333333 0.366667 0.400000 0.433333 0.466667 0.500000
0.533333 0.566667 0.600000 0.633333 0.666667 0.700000 0.733333 0.766667 0.800000 0.833333 0.866667 0.900000 0.933333 0.966667 1.000000 1.033333</float_array>
        <technique_common>
          <accessor source="#mixamorig_RightArm-Matrix-animation-input-array" count="32">
            <param name="TIME" type="float"/>
          </accessor>
        </technique_common>
      </source>
      <source id="mixamorig_RightArm-Matrix-animation-output-transform">
        <float_array id="mixamorig_RightArm-Matrix-animation-output-transform-array" count="512">

0.933220 -0.227431 0.278163 0.000000 0.353532 0.719426 -0.597864 8.861000 -0.064145 0.656278 0.751787 -0.000000 0.000000 0.000000 0.000000 1.000000
0.917222 -0.212843 0.336752 0.000000 0.380101 0.720663 -0.579801 8.861000 -0.119278 0.659806 0.741909 0.000000 0.000000 0.000000 0.000000 1.000000
0.929648 -0.136088 0.342395 0.000000 0.324537 0.742418 -0.586081 8.861000 -0.174442 0.655969 0.734353 0.000000 0.000000 0.000000 0.000000 1.000000
0.942851 -0.045181 0.330138 0.000000 0.245017 0.765475 -0.594992 8.861000 -0.225830 0.641878 0.732799 0.000000 0.000000 0.000000 0.000000 1.000000
0.954371 0.053395 0.293812 -0.000000 0.142394 0.783459 -0.604909 8.861000 -0.262489 0.619145 0.740107 0.000000 0.000000 0.000000 0.000000 1.000000
0.957271 0.148984 0.247863 -0.000000 0.039177 0.782376 -0.621573 8.861000 -0.286527 0.604725 0.743109 -0.000000 0.000000 0.000000 0.000000 1.000000
0.953191 0.223789 0.203337 -0.000000 -0.045071 0.770122 -0.636303 8.861000 -0.298992 0.597353 0.744159 0.000000 0.000000 0.000000 0.000000 1.000000
0.952951 0.250081 0.171298 -0.000000 -0.080998 0.754643 -0.651117 8.861000 -0.292101 0.606608 0.739394 -0.000000 0.000000 0.000000 0.000000 1.000000
0.961500 0.232219 0.146942 -0.000000 -0.078651 0.744889 -0.662536 8.861000 -0.263309 0.625471 0.734475 0.000000 0.000000 0.000000 0.000000 1.000000
0.975438 0.181593 0.124682 0.000000 -0.050400 0.735001 -0.676190 8.861000 -0.214433 0.653297 0.726100 0.000000 0.000000 0.000000 0.000000 1.000000
0.989784 0.095853 0.105548 0.000000 0.001681 0.732392 -0.680881 8.861000 -0.142567 0.674102 0.724749 0.000000 0.000000 0.000000 0.000000 1.000000
0.996128 0.007909 0.087556 0.000000 0.055228 0.718583 -0.693244 8.861000 -0.068399 0.695396 0.715364 0.000000 0.000000 0.000000 0.000000 1.000000
0.996535 -0.045759 0.069456 -0.000000 0.082129 0.673325 -0.734771 8.861000 -0.013144 0.737929 0.674750 0.000000 0.000000 0.000000 0.000000 1.000000
0.994189 -0.091644 0.056482 -0.000000 0.102680 0.649675 -0.753246 8.861000 0.032335 0.754668 0.655309 0.000000 0.000000 0.000000 0.000000 1.000000
0.988985 -0.135354 0.059894 0.000000 0.133417 0.639990 -0.756712 8.861000 0.064093 0.756368 0.650999 -0.000000 0.000000 0.000000 0.000000 1.000000
0.985419 -0.152977 0.074487 0.000000 0.155939 0.636852 -0.755051 8.861000 0.068069 0.755657 0.651421 0.000000 0.000000 0.000000 0.000000 1.000000
0.982545 -0.157305 0.099303 -0.000000 0.178457 0.646301 -0.741922 8.861000 0.052528 0.746693 0.663092 0.000000 0.000000 0.000000 0.000000 1.000000
0.978122 -0.169425 0.120716 0.000000 0.203333 0.655978 -0.726876 8.861000 0.043964 0.735519 0.676076 -0.000000 0.000000 0.000000 0.000000 1.000000
0.962280 -0.235071 0.136962 0.000000 0.262103 0.666062 -0.698329 8.861000 0.072932 0.707887 0.702551 0.000000 0.000000 0.000000 0.000000 1.000000
0.955350 -0.263781 0.133137 0.000000 0.280656 0.669184 -0.688059 8.861000 0.092404 0.694703 0.713337 0.000000 0.000000 0.000000 0.000000 1.000000
0.943136 -0.309333 0.121688 0.000000 0.306417 0.667136 -0.678998 8.861000 0.128854 0.677675 0.723984 0.000000 0.000000 0.000000 0.000000 1.000000
0.926936 -0.358862 0.109584 0.000000 0.332564 0.650494 -0.682831 8.861000 0.173758 0.669384 0.722311 -0.000000 0.000000 0.000000 0.000000 1.000000
0.904676 -0.413940 0.101065 0.000000 0.366314 0.634391 -0.680707 8.861000 0.217657 0.652841 0.725551 0.000000 0.000000 0.000000 0.000000 1.000000
0.879795 -0.463994 0.103300 0.000000 0.404388 0.616338 -0.675720 8.861000 0.249863 0.636268 0.729884 0.000000 0.000000 0.000000 0.000000 1.000000
0.867003 -0.484688 0.115685 0.000000 0.425862 0.600170 -0.677080 8.861000 0.258742 0.636296 0.726760 0.000000 0.000000 0.000000 0.000000 1.000000
0.853664 -0.507260 0.118085 -0.000000 0.445239 0.593139 -0.670782 8.861000 0.270220 0.625198 0.732194 0.000000 0.000000 0.000000 0.000000 1.000000
0.850487 -0.508221 0.135587 0.000000 0.461930 0.598366 -0.654660 8.861000 0.251581 0.619411 0.743664 -0.000000 0.000000 0.000000 0.000000 1.000000
0.856168 -0.485960 0.175556 0.000000 0.476421 0.610951 -0.632267 8.861000 0.200000 0.624965 0.754598 0.000000 0.000000 0.000000 0.000000 1.000000
0.876411 -0.439041 0.197855 0.000000 0.458862 0.636693 -0.619733 8.861000 0.146115 0.633929 0.759464 0.000000 0.000000 0.000000 0.000000 1.000000
0.908462 -0.374925 0.184736 0.000000 0.402396 0.665036 -0.629129 8.861000 0.113020 0.645877 0.755029 -0.000000 0.000000 0.000000 0.000000 1.000000
0.930748 -0.311101 0.192154 0.000000 0.360310 0.690724 -0.626958 8.861000 0.062322 0.652775 0.754984 0.000000 0.000000 0.000000 0.000000 1.000000
0.933220 -0.227431 0.278163 0.000000 0.353532 0.719426 -0.597864 8.861000 -0.064145 0.656278 0.751788 0.000000 0.000000 0.000000 0.000000 1.000000</float_array>
        <technique_common>
          <accessor source="#mixamorig_RightArm-Matrix-animation-output-transform-array" count="32" stride="16">
            <param type="float4x4"/>
          </accessor>
        </technique_common>
      </source>
      <source id="mixamorig_RightArm-Interpolations">
        <Name_array id="mixamorig_RightArm-Interpolations-array" count="32">
 LINEAR LINEAR LINEAR LINEAR LINEAR LINEAR LINEAR LINEAR LINEAR LINEAR LINEAR
LINEAR LINEAR LINEAR LINEAR LINEAR LINEAR LINEAR LINEAR LINEAR LINEAR LINEAR LINEAR
LINEAR LINEAR LINEAR LINEAR LINEAR LINEAR LINEAR LINEAR LINEAR</Name_array>
        <technique_common>
          <accessor source="#mixamorig_RightArm-Interpolations-array" count="32">
            <param type="name"/>
          </accessor>
        </technique_common>
      </source>
      <sampler id="mixamorig_RightArm-Matrix-animation-transform">
        <input semantic="INPUT" source="#mixamorig_RightArm-Matrix-animation-input"/>
        <input semantic="OUTPUT" source="#mixamorig_RightArm-Matrix-animation-output-transform"/>
        <input semantic="INTERPOLATION" source="#mixamorig_RightArm-Interpolations"/>
      </sampler>
      <channel source="#mixamorig_RightArm-Matrix-animation-transform" target="mixamorig_RightArm/matrix"/>
    </animation>
    <animation id="mixamorig_RightForeArm-anim" name="mixamorig_RightForeArm">
      <source id="mixamorig_RightForeArm-Matrix-animation-input">
        <float_array id="mixamorig_RightForeArm-Matrix-animation-input-array" count="32">

0.000000 0.033333 0.066667 0.100000 0.133333 0.166667 0.200000 0.233333 0.266667 0.300000 0.333333 0.366667 0.400000 0.433333 0.466667 0.500000
0.533333 0.566667 0.600000 0.633333 0.666667 0.700000 0.733333 0.766667 0.800000 0.833333 0.866667 0.900000 0.933333 0.966667 1.000000 1.033333</float_array>
        <technique_common>
          <accessor source="#mixamorig_RightForeArm-Matrix-animation-input-array" count="32">
            <param name="TIME" type="float"/>
          </accessor>
        </technique_common>
      </source>
      <source id="mixamorig_RightForeArm-Matrix-animation-output-transform">
        <float_array id="mixamorig_RightForeArm-Matrix-animation-output-transform-array" count="512">

0.893354 0.353017 -0.278023 -0.000000 -0.411278 0.891611 -0.189421 18.973600 0.181019 0.283565 0.941713 -0.000000 0.000000 0.000000 0.000000 1.000000
0.822460 0.500293 -0.270678 0.000000 -0.557879 0.802350 -0.212147 18.973600 0.111043 0.325488 0.939003 0.000000 0.000000 0.000000 0.000000 1.000000
0.780105 0.564454 -0.269867 0.000000 -0.621145 0.750399 -0.226010 18.973600 0.074936 0.343938 0.935997 0.000000 0.000000 0.000000 0.000000 1.000000
0.758685 0.598399 -0.257516 0.000000 -0.649110 0.727909 -0.220918 18.973600 0.055251 0.334764 0.940681 0.000000 0.000000 0.000000 0.000000 1.000000
0.749040 0.620403 -0.232463 0.000000 -0.660279 0.727907 -0.184889 18.973600 0.054506 0.291980 0.954870 0.000000 0.000000 0.000000 0.000000 1.000000
0.761340 0.618399 -0.194793 0.000000 -0.645428 0.751397 -0.137208 18.973600 0.061518 0.230187 0.971200 -0.000000 0.000000 0.000000 0.000000 1.000000
0.780674 0.604154 -0.159828 -0.000000 -0.620993 0.778638 -0.089947 18.973600 0.070106 0.169472 0.983038 0.000000 0.000000 0.000000 0.000000 1.000000
0.777535 0.613516 -0.137975 0.000000 -0.624217 0.779567 -0.051270 18.973600 0.076106 0.125990 0.989108 0.000000 0.000000 0.000000 0.000000 1.000000
0.735822 0.663019 -0.137742 0.000000 -0.671629 0.740518 -0.023391 18.973600 0.086492 0.109723 0.990192 0.000000 0.000000 0.000000 0.000000 1.000000
0.680592 0.717346 -0.149029 0.000000 -0.725264 0.688469 0.001758 18.973600 0.103863 0.106889 0.988831 -0.000000 0.000000 0.000000 0.000000 1.000000
0.614291 0.773059 -0.158198 0.000000 -0.778978 0.626091 0.034680 18.973600 0.125856 0.101929 0.986798 0.000000 0.000000 0.000000 0.000000 1.000000
0.562753 0.811801 -0.155844 0.000000 -0.813229 0.577509 0.071709 18.973600 0.148215 0.086382 0.985175 0.000000 0.000000 0.000000 0.000000 1.000000
0.586417 0.795657 -0.151808 0.000000 -0.791308 0.602766 0.102489 18.973600 0.173051 0.060026 0.983082 0.000000 0.000000 0.000000 0.000000 1.000000
0.639765 0.751195 -0.162504 0.000000 -0.741235 0.658949 0.127894 18.973600 0.203155 0.038632 0.978384 0.000000 0.000000 0.000000 0.000000 1.000000
0.705838 0.683780 -0.185032 -0.000000 -0.670522 0.729169 0.136794 18.973600 0.228457 0.027514 0.973165 0.000000 0.000000 0.000000 0.000000 1.000000
0.790691 0.573430 -0.214441 -0.000000 -0.561542 0.818834 0.119090 18.973600 0.243882 0.026254 0.969449 -0.000000 0.000000 0.000000 0.000000 1.000000
0.861065 0.451898 -0.233144 0.000000 -0.444453 0.891599 0.086677 18.973600 0.247040 0.028987 0.968572 0.000000 0.000000 0.000000 0.000000 1.000000
0.907754 0.342163 -0.242707 0.000000 -0.341173 0.938801 0.047474 18.973600 0.244097 0.039711 0.968937 -0.000000 0.000000 0.000000 0.000000 1.000000
0.913241 0.319198 -0.253187 0.000000 -0.324238 0.945702 0.022748 18.973600 0.246701 0.061319 0.967150 0.000000 0.000000 0.000000 0.000000 1.000000
0.927045 0.253907 -0.275895 0.000000 -0.270654 0.962384 -0.023749 18.973600 0.259487 0.096688 0.960894 -0.000000 0.000000 0.000000 0.000000 1.000000
0.921697 0.237170 -0.306960 0.000000 -0.260174 0.964902 -0.035691 18.973600 0.287721 0.112759 0.951053 0.000000 0.000000 0.000000 0.000000 1.000000
0.908552 0.244420 -0.338811 0.000000 -0.270938 0.962048 -0.032517 18.973600 0.318004 0.121340 0.940292 0.000000 0.000000 0.000000 0.000000 1.000000
0.879624 0.296289 -0.372121 0.000000 -0.326269 0.945091 -0.018742 18.973600 0.346135 0.137897 0.927995 0.000000 0.000000 0.000000 0.000000 1.000000
0.857632 0.337621 -0.387916 -0.000000 -0.368614 0.929564 -0.005916 18.973600 0.358595 0.148065 0.921676 -0.000000 0.000000 0.000000 0.000000 1.000000
0.859018 0.333675 -0.388263 0.000000 -0.360978 0.932570 0.002805 18.973600 0.363019 0.137745 0.921544 0.000000 0.000000 0.000000 0.000000 1.000000
0.844651 0.367164 -0.389559 0.000000 -0.392450 0.919637 0.015850 18.973600 0.364073 0.139494 0.920865 -0.000000 0.000000 0.000000 0.000000 1.000000
0.839474 0.384149 -0.384334 0.000000 -0.414473 0.910051 0.004308 18.973600 0.351419 0.155679 0.923184 0.000000 0.000000 0.000000 0.000000 1.000000
0.843336 0.393318 -0.366176 0.000000 -0.429895 0.902645 -0.020534 18.973600 0.322451 0.174735 0.930319 0.000000 0.000000 0.000000 0.000000 1.000000
0.848435 0.397864 -0.349088 0.000000 -0.437860 0.898127 -0.040572 18.973600 0.297383 0.187274 0.936211 0.000000 0.000000 0.000000 0.000000 1.000000
0.852680 0.398156 -0.338244 0.000000 -0.439304 0.896847 -0.051740 18.973600 0.282752 0.192709 0.939635 0.000000 0.000000 0.000000 0.000000 1.000000
0.861530 0.393855 -0.320382 0.000000 -0.441443 0.892814 -0.089509 18.973600 0.250788 0.218545 0.943050 0.000000 0.000000 0.000000 0.000000 1.000000
0.893355 0.353017 -0.278023 -0.000000 -0.411278 0.891611 -0.189421 18.973600 0.181019 0.283565 0.941713 0.000000 0.000000 0.000000 0.000000 1.000000</float_array>
        <technique_common>
          <accessor source="#mixamorig_RightForeArm-Matrix-animation-output-transform-array" count="32" stride="16">
            <param type="float4x4"/>
          </accessor>
        </technique_common>
      </source>
      <source id="mixamorig_RightForeArm-Interpolations">
        <Name_array id="mixamorig_RightForeArm-Interpolations-array" count="32">
 LINEAR LINEAR LINEAR LINEAR LINEAR LINEAR LINEAR LINEAR LINEAR LINEAR LINEAR
LINEAR LINEAR LINEAR LINEAR LINEAR LINEAR LINEAR LINEAR LINEAR LINEAR LINEAR LINEAR
LINEAR LINEAR LINEAR LINEAR LINEAR LINEAR LINEAR LINEAR LINEAR</Name_array>
        <technique_common>
          <accessor source="#mixamorig_RightForeArm-Interpolations-array" count="32">
            <param type="name"/>
          </accessor>
        </technique_common>
      </source>
      <sampler id="mixamorig_RightForeArm-Matrix-animation-transform">
        <input semantic="INPUT" source="#mixamorig_RightForeArm-Matrix-animation-input"/>
        <input semantic="OUTPUT" source="#mixamorig_RightForeArm-Matrix-animation-output-transform"/>
        <input semantic="INTERPOLATION" source="#mixamorig_RightForeArm-Interpolations"/>
      </sampler>
      <channel source="#mixamorig_RightForeArm-Matrix-animation-transform" target="mixamorig_RightForeArm/matrix"/>
    </animation>
    <animation id="mixamorig_RightHand-anim" name="mixamorig_RightHand">
      <source id="mixamorig_RightHand-Matrix-animation-input">
        <float_array id="mixamorig_RightHand-Matrix-animation-input-array" count="32">

0.000000 0.033333 0.066667 0.100000 0.133333 0.166667 0.200000 0.233333 0.266667 0.300000 0.333333 0.366667 0.400000 0.433333 0.466667 0.500000
0.533333 0.566667 0.600000 0.633333 0.666667 0.700000 0.733333 0.766667 0.800000 0.833333 0.866667 0.900000 0.933333 0.966667 1.000000 1.033333</float_array>
        <technique_common>
          <accessor source="#mixamorig_RightHand-Matrix-animation-input-array" count="32">
            <param name="TIME" type="float"/>
          </accessor>
        </technique_common>
      </source>
      <source id="mixamorig_RightHand-Matrix-animation-output-transform">
        <float_array id="mixamorig_RightHand-Matrix-animation-output-transform-array" count="512">

0.906064 0.003784 -0.423125 0.000000 0.049131 0.992256 0.114079 19.898300 0.420280 -0.124152 0.898861 -0.000000 0.000000 0.000000 0.000000 1.000000
0.873551 -0.103209 -0.475663 -0.000000 0.151490 0.986373 0.064187 19.898300 0.462557 -0.128129 0.877282 0.000000 0.000000 0.000000 0.000000 1.000000
0.864909 -0.175137 -0.470382 0.000000 0.224937 0.973021 0.051315 19.898300 0.448705 -0.150189 0.880969 -0.000000 0.000000 0.000000 0.000000 1.000000
0.862475 -0.215328 -0.458007 -0.000000 0.270333 0.961064 0.057230 19.898300 0.427851 -0.173174 0.887104 0.000000 0.000000 0.000000 0.000000 1.000000
0.876118 -0.219644 -0.429155 0.000000 0.281754 0.955615 0.086110 19.898300 0.391194 -0.196358 0.899117 0.000000 0.000000 0.000000 0.000000 1.000000
0.897059 -0.177127 -0.404860 0.000000 0.252577 0.957273 0.140833 19.898300 0.362616 -0.228594 0.903468 0.000000 0.000000 0.000000 0.000000 1.000000
0.918695 -0.102538 -0.381426 0.000000 0.195528 0.957146 0.213637 19.898300 0.343174 -0.270847 0.899374 -0.000000 0.000000 0.000000 0.000000 1.000000
0.933715 -0.025739 -0.357090 0.000000 0.136951 0.947232 0.289820 19.898300 0.330788 -0.319513 0.887970 -0.000000 0.000000 0.000000 0.000000 1.000000
0.940778 0.027704 -0.337890 0.000000 0.100196 0.929414 0.355175 19.898300 0.323879 -0.367996 0.871597 0.000000 0.000000 0.000000 0.000000 1.000000
0.943232 0.062655 -0.326172 0.000000 0.073662 0.918126 0.389382 19.898300 0.323863 -0.391304 0.861391 -0.000000 0.000000 0.000000 0.000000 1.000000
0.946309 0.068719 -0.315875 0.000000 0.064029 0.917939 0.391520 19.898300 0.316859 -0.390724 0.864254 0.000000 0.000000 0.000000 0.000000 1.000000
0.947728 0.078221 -0.309343 -0.000000 0.048873 0.922460 0.382987 19.898300 0.315314 -0.378086 0.870418 -0.000000 0.000000 0.000000 0.000000 1.000000
0.947851 0.118507 -0.295862 -0.000000 0.001943 0.926135 0.377187 19.898300 0.318707 -0.358092 0.877608 0.000000 0.000000 0.000000 0.000000 1.000000
0.950886 0.150274 -0.270616 0.000000 -0.043520 0.930470 0.363773 19.898300 0.306466 -0.334129 0.891311 0.000000 0.000000 0.000000 0.000000 1.000000
0.954227 0.173071 -0.243922 0.000000 -0.081655 0.935333 0.344217 19.898300 0.287722 -0.308543 0.906652 0.000000 0.000000 0.000000 0.000000 1.000000
0.953364 0.201453 -0.224752 0.000000 -0.121837 0.938151 0.324082 19.898300 0.276139 -0.281584 0.918944 0.000000 0.000000 0.000000 0.000000 1.000000
0.951448 0.218798 -0.216505 -0.000000 -0.149429 0.943251 0.296561 19.898300 0.269105 -0.249810 0.930149 0.000000 0.000000 0.000000 0.000000 1.000000
0.954920 0.219900 -0.199426 -0.000000 -0.162384 0.949295 0.269204 19.898300 0.248512 -0.224684 0.942209 0.000000 0.000000 0.000000 0.000000 1.000000
0.967340 0.184138 -0.174203 0.000000 -0.141586 0.962544 0.231218 19.898300 0.210254 -0.199002 0.957179 -0.000000 0.000000 0.000000 0.000000 1.000000
0.972975 0.176283 -0.149147 0.000000 -0.142380 0.966507 0.213522 19.898300 0.181792 -0.186516 0.965486 0.000000 0.000000 0.000000 0.000000 1.000000
0.980215 0.139356 -0.140564 -0.000000 -0.114738 0.978710 0.170185 19.898300 0.161288 -0.150689 0.975335 -0.000000 0.000000 0.000000 0.000000 1.000000
0.984925 0.082467 -0.152057 -0.000000 -0.065281 0.991247 0.114749 19.898300 0.160189 -0.103092 0.981688 0.000000 0.000000 0.000000 0.000000 1.000000
0.984509 -0.005774 -0.175240 0.000000 0.015906 0.998277 0.056474 19.898300 0.174612 -0.058386 0.982905 -0.000000 0.000000 0.000000 0.000000 1.000000
0.977031 -0.085170 -0.195337 0.000000 0.088674 0.996018 0.009250 19.898300 0.193771 -0.026359 0.980693 -0.000000 0.000000 0.000000 0.000000 1.000000
0.966687 -0.138973 -0.214948 0.000000 0.137213 0.990271 -0.023163 19.898300 0.216075 -0.007102 0.976351 0.000000 0.000000 0.000000 0.000000 1.000000
0.955065 -0.202958 -0.216009 0.000000 0.195462 0.979125 -0.055749 19.898300 0.222814 0.011022 0.974799 0.000000 0.000000 0.000000 0.000000 1.000000
0.944682 -0.227278 -0.236476 0.000000 0.217721 0.973768 -0.066132 19.898300 0.245303 0.010988 0.969384 0.000000 0.000000 0.000000 0.000000 1.000000
0.933688 -0.200025 -0.297013 0.000000 0.193669 0.979741 -0.050997 19.898300 0.301196 -0.009907 0.953511 0.000000 0.000000 0.000000 0.000000 1.000000
0.929674 -0.138030 -0.341547 0.000000 0.142665 0.989703 -0.011642 19.898300 0.339637 -0.037904 0.939793 0.000000 0.000000 0.000000 0.000000 1.000000
0.939830 -0.068525 -0.334701 0.000000 0.087806 0.995218 0.042801 19.898300 0.330167 -0.069615 0.941352 0.000000 0.000000 0.000000 0.000000 1.000000
0.940826 -0.018211 -0.338402 0.000000 0.052040 0.994475 0.091163 19.898300 0.334872 -0.103378 0.936576 0.000000 0.000000 0.000000 0.000000 1.000000
0.906063 0.003784 -0.423125 0.000000 0.049130 0.992256 0.114079 19.898300 0.420280 -0.124151 0.898861 0.000000 0.000000 0.000000 0.000000 1.000000</float_array>
        <technique_common>
          <accessor source="#mixamorig_RightHand-Matrix-animation-output-transform-array" count="32" stride="16">
            <param type="float4x4"/>
          </accessor>
        </technique_common>
      </source>
      <source id="mixamorig_RightHand-Interpolations">
        <Name_array id="mixamorig_RightHand-Interpolations-array" count="32">
 LINEAR LINEAR LINEAR LINEAR LINEAR LINEAR LINEAR LINEAR LINEAR LINEAR LINEAR
LINEAR LINEAR LINEAR LINEAR LINEAR LINEAR LINEAR LINEAR LINEAR LINEAR LINEAR LINEAR
LINEAR LINEAR LINEAR LINEAR LINEAR LINEAR LINEAR LINEAR LINEAR</Name_array>
        <technique_common>
          <accessor source="#mixamorig_RightHand-Interpolations-array" count="32">
            <param type="name"/>
          </accessor>
        </technique_common>
      </source>
      <sampler id="mixamorig_RightHand-Matrix-animation-transform">
        <input semantic="INPUT" source="#mixamorig_RightHand-Matrix-animation-input"/>
        <input semantic="OUTPUT" source="#mixamorig_RightHand-Matrix-animation-output-transform"/>
        <input semantic="INTERPOLATION" source="#mixamorig_RightHand-Interpolations"/>
      </sampler>
      <channel source="#mixamorig_RightHand-Matrix-animation-transform" target="mixamorig_RightHand/matrix"/>
    </animation>
    <animation id="mixamorig_RightHandThumb1-anim" name="mixamorig_RightHandThumb1">
      <source id="mixamorig_RightHandThumb1-Matrix-animation-input">
        <float_array id="mixamorig_RightHandThumb1-Matrix-animation-input-array" count="32">

0.000000 0.033333 0.066667 0.100000 0.133333 0.166667 0.200000 0.233333 0.266667 0.300000 0.333333 0.366667 0.400000 0.433333 0.466667 0.500000
0.533333 0.566667 0.600000 0.633333 0.666667 0.700000 0.733333 0.766667 0.800000 0.833333 0.866667 0.900000 0.933333 0.966667 1.000000 1.033333</float_array>
        <technique_common>
          <accessor source="#mixamorig_RightHandThumb1-Matrix-animation-input-array" count="32">
            <param name="TIME" type="float"/>
          </accessor>
        </technique_common>
      </source>
      <source id="mixamorig_RightHandThumb1-Matrix-animation-output-transform">
        <float_array id="mixamorig_RightHandThumb1-Matrix-animation-output-transform-array" count="512">

0.913275 0.402461 -0.062881 2.062000 -0.399122 0.853255 -0.335645 2.147700 -0.081431 0.331633 0.939887 1.241000 0.000000 0.000000 0.000000 1.000000
0.908769 0.411541 -0.069085 2.062000 -0.408551 0.843716 -0.348180 2.147700 -0.085002 0.344640 0.934878 1.241000 0.000000 0.000000 0.000000 1.000000
0.902584 0.423618 -0.076748 2.062000 -0.421145 0.831808 -0.361568 2.147700 -0.089327 0.358668 0.929181 1.241000 0.000000 0.000000 0.000000 1.000000
0.895456 0.436881 -0.085401 2.062000 -0.435116 0.818514 -0.375111 2.147700 -0.093977 0.373055 0.923038 1.241000 0.000000 0.000000 0.000000 1.000000
0.888226 0.449599 -0.094423 2.062000 -0.448716 0.804951 -0.388211 2.147700 -0.098533 0.387188 0.916721 1.241000 0.000000 0.000000 0.000000 1.000000
0.881843 0.460146 -0.103047 2.062000 -0.460248 0.792373 -0.400396 2.147700 -0.102589 0.400514 0.910530 1.241000 0.000000 0.000000 0.000000 1.000000
0.877345 0.466994 -0.110373 2.062000 -0.468062 0.782140 -0.411308 2.147700 -0.105752 0.412521 0.904789 1.241000 0.000000 0.000000 0.000000 1.000000
0.875797 0.468677 -0.115418 2.062000 -0.470526 0.775658 -0.420667 2.147700 -0.107632 0.422726 0.899843 1.241000 0.000000 0.000000 0.000000 1.000000
0.878199 0.463721 -0.117173 2.062000 -0.465981 0.774284 -0.428190 2.147700 -0.107836 0.430636 0.896060 1.241000 0.000000 0.000000 0.000000 1.000000
0.887535 0.446610 -0.113235 2.062000 -0.448642 0.781770 -0.433078 2.147700 -0.104893 0.435174 0.894215 1.241000 0.000000 0.000000 0.000000 1.000000
0.908785 0.405412 -0.098751 2.062000 -0.406133 0.805106 -0.432273 2.147700 -0.095743 0.432949 0.896319 1.241000 0.000000 0.000000 0.000000 1.000000
0.918988 0.384331 -0.088041 2.062000 -0.383316 0.818556 -0.427826 2.147700 -0.092360 0.426915 0.899563 1.241000 0.000000 0.000000 0.000000 1.000000
0.915453 0.393279 -0.085309 2.062000 -0.390582 0.817270 -0.423692 2.147700 -0.096909 0.421190 0.901780 1.241000 0.000000 0.000000 0.000000 1.000000
0.905922 0.414903 -0.084623 2.062000 -0.410214 0.810347 -0.418403 2.147700 -0.105023 0.413754 0.904311 1.241000 0.000000 0.000000 0.000000 1.000000
0.896101 0.436488 -0.080506 2.062000 -0.428986 0.805180 -0.409458 2.147700 -0.113901 0.401452 0.908770 1.241000 0.000000 0.000000 0.000000 1.000000
0.892374 0.446276 -0.067135 2.062000 -0.434711 0.810052 -0.393500 2.147700 -0.121227 0.380333 0.916870 1.241000 0.000000 0.000000 0.000000 1.000000
0.895912 0.442462 -0.039614 2.062000 -0.425379 0.828772 -0.363579 2.147700 -0.128039 0.342585 0.930721 1.241000 0.000000 0.000000 0.000000 1.000000
0.901622 0.432446 -0.008205 2.062000 -0.411003 0.850697 -0.327705 2.147700 -0.134735 0.298838 0.944745 1.241000 0.000000 0.000000 0.000000 1.000000
0.904780 0.425678 0.013109 2.062000 -0.402141 0.864075 -0.302747 2.147700 -0.140200 0.268648 0.952981 1.241000 0.000000 0.000000 0.000000 1.000000
0.902536 0.430301 0.016411 2.062000 -0.405802 0.862664 -0.301886 2.147700 -0.144059 0.265803 0.953203 1.241000 0.000000 0.000000 0.000000 1.000000
0.896166 0.443665 0.006899 2.062000 -0.418510 0.850316 -0.319079 2.147700 -0.147430 0.283061 0.947703 1.241000 0.000000 0.000000 0.000000 1.000000
0.887370 0.460919 -0.011344 2.062000 -0.435965 0.830812 -0.345956 2.147700 -0.150033 0.311936 0.938182 1.241000 0.000000 0.000000 0.000000 1.000000
0.877856 0.477691 -0.034347 2.062000 -0.454362 0.808017 -0.375051 2.147700 -0.151406 0.344847 0.926368 1.241000 0.000000 0.000000 0.000000 1.000000
0.869616 0.490412 -0.057135 2.062000 -0.470024 0.786876 -0.399879 2.147700 -0.151147 0.374596 0.914785 1.241000 0.000000 0.000000 0.000000 1.000000
0.864922 0.496432 -0.073926 2.062000 -0.479318 0.773297 -0.415050 2.147700 -0.148878 0.394420 0.906790 1.241000 0.000000 0.000000 0.000000 1.000000
0.865962 0.493581 -0.080547 2.062000 -0.479050 0.772421 -0.416986 2.147700 -0.143601 0.399680 0.905337 1.241000 0.000000 0.000000 0.000000 1.000000
0.872568 0.481814 -0.080503 2.062000 -0.469818 0.782605 -0.408412 2.147700 -0.133777 0.394189 0.909241 1.241000 0.000000 0.000000 0.000000 1.000000
0.882493 0.464011 -0.076817 2.062000 -0.454509 0.799360 -0.392996 2.147700 -0.120950 0.381730 0.916326 1.241000 0.000000 0.000000 0.000000 1.000000
0.893454 0.443376 -0.071820 2.062000 -0.436195 0.818376 -0.374157 2.147700 -0.107116 0.365620 0.924580 1.241000 0.000000 0.000000 0.000000 1.000000
0.903391 0.423515 -0.067234 2.062000 -0.418297 0.835808 -0.355602 2.147700 -0.094408 0.349371 0.932216 1.241000 0.000000 0.000000 0.000000 1.000000
0.910525 0.408459 -0.064069 2.062000 -0.404605 0.848391 -0.341362 2.147700 -0.085076 0.336741 0.937746 1.241000 0.000000 0.000000 0.000000 1.000000
0.913275 0.402461 -0.062881 2.062000 -0.399122 0.853255 -0.335645 2.147700 -0.081431 0.331633 0.939887 1.241000 0.000000 0.000000 0.000000 1.000000</float_array>
        <technique_common>
          <accessor source="#mixamorig_RightHandThumb1-Matrix-animation-output-transform-array" count="32" stride="16">
            <param type="float4x4"/>
          </accessor>
        </technique_common>
      </source>
      <source id="mixamorig_RightHandThumb1-Interpolations">
        <Name_array id="mixamorig_RightHandThumb1-Interpolations-array" count="32">
 LINEAR LINEAR LINEAR LINEAR LINEAR LINEAR LINEAR LINEAR LINEAR LINEAR LINEAR
LINEAR LINEAR LINEAR LINEAR LINEAR LINEAR LINEAR LINEAR LINEAR LINEAR LINEAR LINEAR
LINEAR LINEAR LINEAR LINEAR LINEAR LINEAR LINEAR LINEAR LINEAR</Name_array>
        <technique_common>
          <accessor source="#mixamorig_RightHandThumb1-Interpolations-array" count="32">
            <param type="name"/>
          </accessor>
        </technique_common>
      </source>
      <sampler id="mixamorig_RightHandThumb1-Matrix-animation-transform">
        <input semantic="INPUT" source="#mixamorig_RightHandThumb1-Matrix-animation-input"/>
        <input semantic="OUTPUT" source="#mixamorig_RightHandThumb1-Matrix-animation-output-transform"/>
        <input semantic="INTERPOLATION" source="#mixamorig_RightHandThumb1-Interpolations"/>
      </sampler>
      <channel source="#mixamorig_RightHandThumb1-Matrix-animation-transform" target="mixamorig_RightHandThumb1/matrix"/>
    </animation>
    <animation id="mixamorig_RightHandThumb2-anim" name="mixamorig_RightHandThumb2">
      <source id="mixamorig_RightHandThumb2-Matrix-animation-input">
        <float_array id="mixamorig_RightHandThumb2-Matrix-animation-input-array" count="32">

0.000000 0.033333 0.066667 0.100000 0.133333 0.166667 0.200000 0.233333 0.266667 0.300000 0.333333 0.366667 0.400000 0.433333 0.466667 0.500000
0.533333 0.566667 0.600000 0.633333 0.666667 0.700000 0.733333 0.766667 0.800000 0.833333 0.866667 0.900000 0.933333 0.966667 1.000000 1.033333</float_array>
        <technique_common>
          <accessor source="#mixamorig_RightHandThumb2-Matrix-animation-input-array" count="32">
            <param name="TIME" type="float"/>
          </accessor>
        </technique_common>
      </source>
      <source id="mixamorig_RightHandThumb2-Matrix-animation-output-transform">
        <float_array id="mixamorig_RightHandThumb2-Matrix-animation-output-transform-array" count="512">

0.916684 -0.158399 -0.366879 0.274400 0.078983 0.971792 -0.222222 2.565900 0.391730 0.174731 0.903336 -0.000000 0.000000 0.000000 0.000000 1.000000
0.922978 -0.151262 -0.353882 0.274400 0.077120 0.973565 -0.214996 2.565900 0.377048 0.171145 0.910244 0.000000 0.000000 0.000000 0.000000 1.000000
0.925453 -0.138833 -0.352507 0.274400 0.068217 0.976295 -0.205415 2.565900 0.372669 0.166055 0.912986 0.000000 0.000000 0.000000 0.000000 1.000000
0.928394 -0.131926 -0.347390 0.274400 0.064204 0.977746 -0.199727 2.565900 0.366009 0.163121 0.916204 0.000000 0.000000 0.000000 0.000000 1.000000
0.935114 -0.133015 -0.328433 0.274400 0.069366 0.977653 -0.198450 2.565900 0.347490 0.162792 0.923444 -0.000000 0.000000 0.000000 0.000000 1.000000
0.941860 -0.134938 -0.307720 0.274400 0.075467 0.977374 -0.197599 2.565900 0.327421 0.162888 0.930733 0.000000 0.000000 0.000000 0.000000 1.000000
0.941930 -0.119567 -0.313801 0.274400 0.062119 0.980377 -0.187088 2.565900 0.330013 0.156731 0.930874 0.000000 0.000000 0.000000 0.000000 1.000000
0.930073 -0.077580 -0.359091 0.274400 0.020611 0.986928 -0.159838 2.565900 0.366797 0.141260 0.919514 0.000000 0.000000 0.000000 0.000000 1.000000
0.918140 -0.055381 -0.392368 0.274400 -0.002208 0.989455 -0.144825 2.565900 0.396251 0.133836 0.908335 -0.000000 0.000000 0.000000 0.000000 1.000000
0.921475 -0.071515 -0.381799 0.274400 0.011813 0.987611 -0.156478 2.565900 0.388259 0.139680 0.910903 0.000000 0.000000 0.000000 0.000000 1.000000
0.923365 -0.077398 -0.376040 0.274400 0.017240 0.986839 -0.160783 2.565900 0.383535 0.141978 0.912547 0.000000 0.000000 0.000000 0.000000 1.000000
0.915234 -0.080578 -0.394784 0.274400 0.015675 0.986178 -0.164946 2.565900 0.402618 0.144776 0.903846 0.000000 0.000000 0.000000 0.000000 1.000000
0.909317 -0.093943 -0.405360 0.274400 0.022804 0.983968 -0.176884 2.565900 0.415478 0.151600 0.896881 0.000000 0.000000 0.000000 0.000000 1.000000
0.907421 -0.109186 -0.405790 0.274400 0.033466 0.981364 -0.189219 2.565900 0.418888 0.158121 0.894165 -0.000000 0.000000 0.000000 0.000000 1.000000
0.907957 -0.124895 -0.400020 0.274400 0.046109 0.978534 -0.200863 2.565900 0.416520 0.163931 0.894225 0.000000 0.000000 0.000000 0.000000 1.000000
0.913329 -0.143326 -0.381167 0.274400 0.064112 0.974951 -0.212978 2.565900 0.402144 0.170081 0.899640 -0.000000 0.000000 0.000000 0.000000 1.000000
0.923111 -0.169726 -0.345051 0.274400 0.092808 0.969130 -0.228415 2.565900 0.373167 0.178829 0.910366 0.000000 0.000000 0.000000 0.000000 1.000000
0.926026 -0.187752 -0.327454 0.274400 0.111129 0.964678 -0.238846 2.565900 0.360731 0.184788 0.914181 -0.000000 0.000000 0.000000 0.000000 1.000000
0.920143 -0.192377 -0.341068 0.274400 0.111009 0.963419 -0.243926 2.565900 0.375518 0.186585 0.907839 -0.000000 0.000000 0.000000 0.000000 1.000000
0.915607 -0.195084 -0.351576 0.274400 0.110015 0.962592 -0.247614 2.565900 0.386729 0.188039 0.902819 -0.000000 0.000000 0.000000 0.000000 1.000000
0.912239 -0.196032 -0.359710 0.274400 0.108258 0.962217 -0.249835 2.565900 0.395095 0.188968 0.898995 0.000000 0.000000 0.000000 0.000000 1.000000
0.910310 -0.203186 -0.360627 0.274400 0.112975 0.960113 -0.255775 2.565900 0.398212 0.192092 0.896955 0.000000 0.000000 0.000000 0.000000 1.000000
0.910215 -0.212778 -0.355294 0.274400 0.121297 0.957267 -0.262541 2.565900 0.395974 0.195873 0.897128 0.000000 0.000000 0.000000 0.000000 1.000000
0.908973 -0.218206 -0.355182 0.274400 0.125108 0.955574 -0.266882 2.565900 0.397638 0.198152 0.895890 0.000000 0.000000 0.000000 0.000000 1.000000
0.899311 -0.204983 -0.386292 0.274400 0.106094 0.959216 -0.262009 2.565900 0.424245 0.194645 0.884381 -0.000000 0.000000 0.000000 0.000000 1.000000
0.898754 -0.198916 -0.390735 0.274400 0.100281 0.960802 -0.258464 2.565900 0.426831 0.193112 0.883472 0.000000 0.000000 0.000000 0.000000 1.000000
0.912002 -0.210918 -0.351804 0.274400 0.120792 0.957736 -0.261059 2.565900 0.391997 0.195591 0.898934 -0.000000 0.000000 0.000000 0.000000 1.000000
0.917194 -0.220072 -0.332149 0.274400 0.133655 0.955259 -0.263851 2.565900 0.375354 0.197609 0.905572 -0.000000 0.000000 0.000000 0.000000 1.000000
0.915352 -0.218988 -0.337898 0.274400 0.131289 0.955634 -0.263679 2.565900 0.380649 0.196997 0.903492 0.000000 0.000000 0.000000 0.000000 1.000000
0.912788 -0.198800 -0.356786 0.274400 0.110896 0.961364 -0.251956 2.565900 0.393090 0.190416 0.899568 0.000000 0.000000 0.000000 0.000000 1.000000
0.912742 -0.178440 -0.367506 0.274400 0.093188 0.966791 -0.237975 2.565900 0.397766 0.182962 0.899059 0.000000 0.000000 0.000000 0.000000 1.000000
0.916684 -0.158399 -0.366880 0.274400 0.078983 0.971792 -0.222223 2.565900 0.391730 0.174731 0.903336 0.000000 0.000000 0.000000 0.000000 1.000000</float_array>
        <technique_common>
          <accessor source="#mixamorig_RightHandThumb2-Matrix-animation-output-transform-array" count="32" stride="16">
            <param type="float4x4"/>
          </accessor>
        </technique_common>
      </source>
      <source id="mixamorig_RightHandThumb2-Interpolations">
        <Name_array id="mixamorig_RightHandThumb2-Interpolations-array" count="32">
 LINEAR LINEAR LINEAR LINEAR LINEAR LINEAR LINEAR LINEAR LINEAR LINEAR LINEAR
LINEAR LINEAR LINEAR LINEAR LINEAR LINEAR LINEAR LINEAR LINEAR LINEAR LINEAR LINEAR
LINEAR LINEAR LINEAR LINEAR LINEAR LINEAR LINEAR LINEAR LINEAR</Name_array>
        <technique_common>
          <accessor source="#mixamorig_RightHandThumb2-Interpolations-array" count="32">
            <param type="name"/>
          </accessor>
        </technique_common>
      </source>
      <sampler id="mixamorig_RightHandThumb2-Matrix-animation-transform">
        <input semantic="INPUT" source="#mixamorig_RightHandThumb2-Matrix-animation-input"/>
        <input semantic="OUTPUT" source="#mixamorig_RightHandThumb2-Matrix-animation-output-transform"/>
        <input semantic="INTERPOLATION" source="#mixamorig_RightHandThumb2-Interpolations"/>
      </sampler>
      <channel source="#mixamorig_RightHandThumb2-Matrix-animation-transform" target="mixamorig_RightHandThumb2/matrix"/>
    </animation>
    <animation id="mixamorig_RightHandThumb3-anim" name="mixamorig_RightHandThumb3">
      <source id="mixamorig_RightHandThumb3-Matrix-animation-input">
        <float_array id="mixamorig_RightHandThumb3-Matrix-animation-input-array" count="32">

0.000000 0.033333 0.066667 0.100000 0.133333 0.166667 0.200000 0.233333 0.266667 0.300000 0.333333 0.366667 0.400000 0.433333 0.466667 0.500000
0.533333 0.566667 0.600000 0.633333 0.666667 0.700000 0.733333 0.766667 0.800000 0.833333 0.866667 0.900000 0.933333 0.966667 1.000000 1.033333</float_array>
        <technique_common>
          <accessor source="#mixamorig_RightHandThumb3-Matrix-animation-input-array" count="32">
            <param name="TIME" type="float"/>
          </accessor>
        </technique_common>
      </source>
      <source id="mixamorig_RightHandThumb3-Matrix-animation-output-transform">
        <float_array id="mixamorig_RightHandThumb3-Matrix-animation-output-transform-array" count="512">

0.998205 0.059741 -0.004329 -0.076700 -0.059742 0.998214 -0.000121 2.730200 0.004314 0.000380 0.999991 -0.000000 0.000000 0.000000 0.000000 1.000000
0.998205 0.059741 -0.004329 -0.076700 -0.059742 0.998214 -0.000121 2.730200 0.004314 0.000380 0.999991 -0.000000 0.000000 0.000000 0.000000 1.000000
0.998205 0.059741 -0.004329 -0.076700 -0.059742 0.998214 -0.000122 2.730200 0.004314 0.000380 0.999991 0.000000 0.000000 0.000000 0.000000 1.000000
0.998205 0.059741 -0.004329 -0.076700 -0.059742 0.998214 -0.000121 2.730200 0.004314 0.000380 0.999991 -0.000000 0.000000 0.000000 0.000000 1.000000
0.998205 0.059741 -0.004329 -0.076700 -0.059742 0.998214 -0.000122 2.730200 0.004314 0.000380 0.999991 0.000000 0.000000 0.000000 0.000000 1.000000
0.998205 0.059741 -0.004329 -0.076700 -0.059742 0.998214 -0.000121 2.730200 0.004314 0.000380 0.999991 -0.000000 0.000000 0.000000 0.000000 1.000000
0.998205 0.059741 -0.004329 -0.076700 -0.059742 0.998214 -0.000122 2.730200 0.004314 0.000380 0.999991 0.000000 0.000000 0.000000 0.000000 1.000000
0.998205 0.059741 -0.004329 -0.076700 -0.059742 0.998214 -0.000121 2.730200 0.004314 0.000380 0.999991 0.000000 0.000000 0.000000 0.000000 1.000000
0.998205 0.059741 -0.004329 -0.076700 -0.059742 0.998214 -0.000121 2.730200 0.004314 0.000380 0.999991 -0.000000 0.000000 0.000000 0.000000 1.000000
0.998205 0.059741 -0.004329 -0.076700 -0.059742 0.998214 -0.000122 2.730200 0.004314 0.000380 0.999991 0.000000 0.000000 0.000000 0.000000 1.000000
0.998205 0.059741 -0.004329 -0.076700 -0.059742 0.998214 -0.000121 2.730200 0.004314 0.000380 0.999991 0.000000 0.000000 0.000000 0.000000 1.000000
0.998205 0.059741 -0.004329 -0.076700 -0.059742 0.998214 -0.000122 2.730200 0.004314 0.000380 0.999991 -0.000000 0.000000 0.000000 0.000000 1.000000
0.998205 0.059741 -0.004329 -0.076700 -0.059742 0.998214 -0.000122 2.730200 0.004314 0.000380 0.999991 0.000000 0.000000 0.000000 0.000000 1.000000
0.998205 0.059741 -0.004329 -0.076700 -0.059742 0.998214 -0.000122 2.730200 0.004314 0.000380 0.999991 0.000000 0.000000 0.000000 0.000000 1.000000
0.998205 0.059741 -0.004329 -0.076700 -0.059742 0.998214 -0.000121 2.730200 0.004314 0.000380 0.999991 0.000000 0.000000 0.000000 0.000000 1.000000
0.998205 0.059741 -0.004329 -0.076700 -0.059742 0.998214 -0.000121 2.730200 0.004314 0.000380 0.999991 0.000000 0.000000 0.000000 0.000000 1.000000
0.998205 0.059741 -0.004329 -0.076700 -0.059742 0.998214 -0.000121 2.730200 0.004314 0.000380 0.999991 0.000000 0.000000 0.000000 0.000000 1.000000
0.998205 0.059741 -0.004329 -0.076700 -0.059742 0.998214 -0.000121 2.730200 0.004314 0.000380 0.999991 0.000000 0.000000 0.000000 0.000000 1.000000
0.998205 0.059741 -0.004329 -0.076700 -0.059742 0.998214 -0.000121 2.730200 0.004314 0.000380 0.999991 -0.000000 0.000000 0.000000 0.000000 1.000000
0.998205 0.059741 -0.004329 -0.076700 -0.059742 0.998214 -0.000121 2.730200 0.004314 0.000380 0.999991 -0.000000 0.000000 0.000000 0.000000 1.000000
0.998205 0.059741 -0.004329 -0.076700 -0.059742 0.998214 -0.000122 2.730200 0.004314 0.000380 0.999991 0.000000 0.000000 0.000000 0.000000 1.000000
0.998205 0.059741 -0.004329 -0.076700 -0.059742 0.998214 -0.000122 2.730200 0.004314 0.000380 0.999991 0.000000 0.000000 0.000000 0.000000 1.000000
0.998205 0.059741 -0.004329 -0.076700 -0.059742 0.998214 -0.000122 2.730200 0.004314 0.000380 0.999991 0.000000 0.000000 0.000000 0.000000 1.000000
0.998205 0.059741 -0.004329 -0.076700 -0.059742 0.998214 -0.000122 2.730200 0.004314 0.000380 0.999991 0.000000 0.000000 0.000000 0.000000 1.000000
0.998205 0.059741 -0.004329 -0.076700 -0.059742 0.998214 -0.000122 2.730200 0.004314 0.000380 0.999991 0.000000 0.000000 0.000000 0.000000 1.000000
0.998205 0.059741 -0.004329 -0.076700 -0.059742 0.998214 -0.000122 2.730200 0.004314 0.000380 0.999991 -0.000000 0.000000 0.000000 0.000000 1.000000
0.998205 0.059741 -0.004329 -0.076700 -0.059742 0.998214 -0.000122 2.730200 0.004314 0.000380 0.999991 0.000000 0.000000 0.000000 0.000000 1.000000
0.998205 0.059741 -0.004329 -0.076700 -0.059742 0.998214 -0.000122 2.730200 0.004314 0.000380 0.999991 0.000000 0.000000 0.000000 0.000000 1.000000
0.998205 0.059741 -0.004329 -0.076700 -0.059742 0.998214 -0.000121 2.730200 0.004314 0.000380 0.999991 0.000000 0.000000 0.000000 0.000000 1.000000
0.998205 0.059741 -0.004329 -0.076700 -0.059742 0.998214 -0.000121 2.730200 0.004314 0.000380 0.999991 -0.000000 0.000000 0.000000 0.000000 1.000000
0.998205 0.059741 -0.004329 -0.076700 -0.059742 0.998214 -0.000122 2.730200 0.004314 0.000380 0.999991 0.000000 0.000000 0.000000 0.000000 1.000000
0.998205 0.059740 -0.004329 -0.076700 -0.059742 0.998214 -0.000122 2.730200 0.004314 0.000380 0.999991 0.000000 0.000000 0.000000 0.000000 1.000000</float_array>
        <technique_common>
          <accessor source="#mixamorig_RightHandThumb3-Matrix-animation-output-transform-array" count="32" stride="16">
            <param type="float4x4"/>
          </accessor>
        </technique_common>
      </source>
      <source id="mixamorig_RightHandThumb3-Interpolations">
        <Name_array id="mixamorig_RightHandThumb3-Interpolations-array" count="32">
 LINEAR LINEAR LINEAR LINEAR LINEAR LINEAR LINEAR LINEAR LINEAR LINEAR LINEAR
LINEAR LINEAR LINEAR LINEAR LINEAR LINEAR LINEAR LINEAR LINEAR LINEAR LINEAR LINEAR
LINEAR LINEAR LINEAR LINEAR LINEAR LINEAR LINEAR LINEAR LINEAR</Name_array>
        <technique_common>
          <accessor source="#mixamorig_RightHandThumb3-Interpolations-array" count="32">
            <param type="name"/>
          </accessor>
        </technique_common>
      </source>
      <sampler id="mixamorig_RightHandThumb3-Matrix-animation-transform">
        <input semantic="INPUT" source="#mixamorig_RightHandThumb3-Matrix-animation-input"/>
        <input semantic="OUTPUT" source="#mixamorig_RightHandThumb3-Matrix-animation-output-transform"/>
        <input semantic="INTERPOLATION" source="#mixamorig_RightHandThumb3-Interpolations"/>
      </sampler>
      <channel source="#mixamorig_RightHandThumb3-Matrix-animation-transform" target="mixamorig_RightHandThumb3/matrix"/>
    </animation>
    <animation id="mixamorig_RightHandIndex1-anim" name="mixamorig_RightHandIndex1">
      <source id="mixamorig_RightHandIndex1-Matrix-animation-input">
        <float_array id="mixamorig_RightHandIndex1-Matrix-animation-input-array" count="32">

0.000000 0.033333 0.066667 0.100000 0.133333 0.166667 0.200000 0.233333 0.266667 0.300000 0.333333 0.366667 0.400000 0.433333 0.466667 0.500000
0.533333 0.566667 0.600000 0.633333 0.666667 0.700000 0.733333 0.766667 0.800000 0.833333 0.866667 0.900000 0.933333 0.966667 1.000000 1.033333</float_array>
        <technique_common>
          <accessor source="#mixamorig_RightHandIndex1-Matrix-animation-input-array" count="32">
            <param name="TIME" type="float"/>
          </accessor>
        </technique_common>
      </source>
      <source id="mixamorig_RightHandIndex1-Matrix-animation-output-transform">
        <float_array id="mixamorig_RightHandIndex1-Matrix-animation-output-transform-array" count="512">

0.994692 0.100073 -0.023930 2.569900 -0.092787 0.771864 -0.628980 7.053800 -0.044473 0.627862 0.777053 0.050900 0.000000 0.000000 0.000000 1.000000
0.994531 0.101039 -0.026441 2.569900 -0.093702 0.751373 -0.653191 7.053800 -0.046131 0.652096 0.756732 0.050900 0.000000 0.000000 0.000000 1.000000
0.994354 0.102176 -0.028626 2.569900 -0.094901 0.735649 -0.670682 7.053800 -0.047469 0.669612 0.741193 0.050900 0.000000 0.000000 0.000000 1.000000
0.994316 0.101967 -0.030620 2.569900 -0.094917 0.718739 -0.688770 7.053800 -0.048224 0.687762 0.724333 0.050900 0.000000 0.000000 0.000000 1.000000
0.994392 0.100591 -0.032639 2.569900 -0.093847 0.697082 -0.710823 7.053800 -0.048750 0.709900 0.702613 0.050900 0.000000 0.000000 0.000000 1.000000
0.994416 0.099669 -0.034689 2.569900 -0.093187 0.675004 -0.731906 7.053800 -0.049533 0.731051 0.680523 0.050900 0.000000 0.000000 0.000000 1.000000
0.994192 0.101162 -0.036717 2.569900 -0.094750 0.660994 -0.744385 7.053800 -0.051034 0.743541 0.666740 0.050900 0.000000 0.000000 0.000000 1.000000
0.993752 0.104798 -0.038391 2.569900 -0.098393 0.660249 -0.744574 7.053800 -0.052682 0.743699 0.666435 0.050900 0.000000 0.000000 0.000000 1.000000
0.993687 0.105198 -0.038987 2.569900 -0.099096 0.660082 -0.744628 7.053800 -0.052599 0.743791 0.666340 0.050900 0.000000 0.000000 0.000000 1.000000
0.993868 0.103314 -0.039403 2.569900 -0.097487 0.650558 -0.753174 7.053800 -0.052179 0.752397 0.656641 0.050900 0.000000 0.000000 0.000000 1.000000
0.993863 0.103142 -0.039982 2.569900 -0.097454 0.645361 -0.757636 7.053800 -0.052341 0.756882 0.651452 0.050900 0.000000 0.000000 0.000000 1.000000
0.993655 0.104679 -0.041130 2.569900 -0.099184 0.643163 -0.759279 7.053800 -0.053028 0.758541 0.649465 0.050900 0.000000 0.000000 0.000000 1.000000
0.993263 0.107273 -0.043840 2.569900 -0.101877 0.627999 -0.771517 7.053800 -0.055231 0.770785 0.634696 0.050900 0.000000 0.000000 0.000000 1.000000
0.992821 0.110038 -0.046885 2.569900 -0.104762 0.610827 -0.784803 7.053800 -0.057719 0.784080 0.617970 0.050900 0.000000 0.000000 0.000000 1.000000
0.992531 0.111797 -0.048818 2.569900 -0.106532 0.599353 -0.793364 7.053800 -0.059437 0.792639 0.606787 0.050900 0.000000 0.000000 0.000000 1.000000
0.992467 0.112076 -0.049479 2.569900 -0.106716 0.592495 -0.798474 7.053800 -0.060174 0.797740 0.599992 0.050900 0.000000 0.000000 0.000000 1.000000
0.992611 0.111360 -0.048188 2.569900 -0.105695 0.598467 -0.794145 7.053800 -0.059597 0.793370 0.605815 0.050900 0.000000 0.000000 0.000000 1.000000
0.992957 0.110028 -0.043930 2.569900 -0.103968 0.631471 -0.768398 7.053800 -0.056805 0.767553 0.638463 0.050900 0.000000 0.000000 0.000000 1.000000
0.993862 0.104971 -0.034910 2.569900 -0.098469 0.695643 -0.711607 7.053800 -0.050413 0.710677 0.701709 0.050900 0.000000 0.000000 0.000000 1.000000
0.995270 0.095117 -0.019760 2.569900 -0.088035 0.797050 -0.597463 7.053800 -0.041079 0.596376 0.801653 0.050900 0.000000 0.000000 0.000000 1.000000
0.995888 0.089650 -0.013044 2.569900 -0.082651 0.840159 -0.536006 7.053800 -0.037094 0.534880 0.844114 0.050900 0.000000 0.000000 0.000000 1.000000
0.996002 0.088509 -0.012105 2.569900 -0.081658 0.847086 -0.525145 7.053800 -0.036226 0.524034 0.850927 0.050900 0.000000 0.000000 0.000000 1.000000
0.995896 0.089482 -0.013576 2.569900 -0.082618 0.837572 -0.540044 7.053800 -0.036954 0.538949 0.841527 0.050900 0.000000 0.000000 0.000000 1.000000
0.995663 0.091873 -0.014623 2.569900 -0.084944 0.833731 -0.545598 7.053800 -0.037934 0.544474 0.837919 0.050900 0.000000 0.000000 0.000000 1.000000
0.995455 0.094062 -0.014873 2.569900 -0.087097 0.836106 -0.541609 7.053800 -0.038510 0.540443 0.840499 0.050900 0.000000 0.000000 0.000000 1.000000
0.995311 0.095347 -0.016277 2.569900 -0.088264 0.826453 -0.556044 7.053800 -0.039565 0.554873 0.830994 0.050900 0.000000 0.000000 0.000000 1.000000
0.995366 0.094374 -0.018421 2.569900 -0.087256 0.806026 -0.585413 7.053800 -0.040400 0.584308 0.810526 0.050900 0.000000 0.000000 0.000000 1.000000
0.995421 0.093491 -0.019893 2.569900 -0.086493 0.792433 -0.603796 7.053800 -0.040685 0.602752 0.796891 0.050900 0.000000 0.000000 0.000000 1.000000
0.995227 0.095295 -0.021036 2.569900 -0.088306 0.787628 -0.609790 7.053800 -0.041542 0.608737 0.792284 0.050900 0.000000 0.000000 0.000000 1.000000
0.994880 0.098585 -0.022240 2.569900 -0.091437 0.784326 -0.613574 7.053800 -0.043046 0.612466 0.789324 0.050900 0.000000 0.000000 0.000000 1.000000
0.994619 0.100928 -0.023361 2.569900 -0.093630 0.779263 -0.619663 7.053800 -0.044337 0.618516 0.784520 0.050900 0.000000 0.000000 0.000000 1.000000
0.994692 0.100073 -0.023930 2.569900 -0.092787 0.771864 -0.628980 7.053800 -0.044473 0.627862 0.777053 0.050900 0.000000 0.000000 0.000000 1.000000</float_array>
        <technique_common>
          <accessor source="#mixamorig_RightHandIndex1-Matrix-animation-output-transform-array" count="32" stride="16">
            <param type="float4x4"/>
          </accessor>
        </technique_common>
      </source>
      <source id="mixamorig_RightHandIndex1-Interpolations">
        <Name_array id="mixamorig_RightHandIndex1-Interpolations-array" count="32">
 LINEAR LINEAR LINEAR LINEAR LINEAR LINEAR LINEAR LINEAR LINEAR LINEAR LINEAR
LINEAR LINEAR LINEAR LINEAR LINEAR LINEAR LINEAR LINEAR LINEAR LINEAR LINEAR LINEAR
LINEAR LINEAR LINEAR LINEAR LINEAR LINEAR LINEAR LINEAR LINEAR</Name_array>
        <technique_common>
          <accessor source="#mixamorig_RightHandIndex1-Interpolations-array" count="32">
            <param type="name"/>
          </accessor>
        </technique_common>
      </source>
      <sampler id="mixamorig_RightHandIndex1-Matrix-animation-transform">
        <input semantic="INPUT" source="#mixamorig_RightHandIndex1-Matrix-animation-input"/>
        <input semantic="OUTPUT" source="#mixamorig_RightHandIndex1-Matrix-animation-output-transform"/>
        <input semantic="INTERPOLATION" source="#mixamorig_RightHandIndex1-Interpolations"/>
      </sampler>
      <channel source="#mixamorig_RightHandIndex1-Matrix-animation-transform" target="mixamorig_RightHandIndex1/matrix"/>
    </animation>
    <animation id="mixamorig_RightHandIndex2-anim" name="mixamorig_RightHandIndex2">
      <source id="mixamorig_RightHandIndex2-Matrix-animation-input">
        <float_array id="mixamorig_RightHandIndex2-Matrix-animation-input-array" count="32">

0.000000 0.033333 0.066667 0.100000 0.133333 0.166667 0.200000 0.233333 0.266667 0.300000 0.333333 0.366667 0.400000 0.433333 0.466667 0.500000
0.533333 0.566667 0.600000 0.633333 0.666667 0.700000 0.733333 0.766667 0.800000 0.833333 0.866667 0.900000 0.933333 0.966667 1.000000 1.033333</float_array>
        <technique_common>
          <accessor source="#mixamorig_RightHandIndex2-Matrix-animation-input-array" count="32">
            <param name="TIME" type="float"/>
          </accessor>
        </technique_common>
      </source>
      <source id="mixamorig_RightHandIndex2-Matrix-animation-output-transform">
        <float_array id="mixamorig_RightHandIndex2-Matrix-animation-output-transform-array" count="512">

0.995716 0.092359 0.004383 -0.001500 -0.032075 0.389483 -0.920475 2.816300 -0.086721 0.916391 0.390777 0.000000 0.000000 0.000000 0.000000 1.000000
0.995538 0.094327 0.002559 -0.001500 -0.032782 0.371153 -0.927993 2.816300 -0.088485 0.923768 0.372589 -0.000000 0.000000 0.000000 0.000000 1.000000
0.995336 0.096467 0.000674 -0.001500 -0.033557 0.352766 -0.935110 2.816300 -0.090444 0.930726 0.354358 0.000000 0.000000 0.000000 0.000000 1.000000
0.995110 0.098767 -0.001264 -0.001500 -0.034387 0.334411 -0.941800 2.816300 -0.092596 0.937238 0.336172 0.000000 0.000000 0.000000 0.000000 1.000000
0.994874 0.101058 -0.003495 -0.001500 -0.035024 0.311963 -0.949448 2.816300 -0.094859 0.944704 0.313904 0.000000 0.000000 0.000000 0.000000 1.000000
0.994591 0.103711 -0.005783 -0.001500 -0.035629 0.288326 -0.956869 2.816300 -0.097570 0.951899 0.290461 0.000000 0.000000 0.000000 0.000000 1.000000
0.994323 0.106106 -0.007968 -0.001500 -0.036157 0.266495 -0.963158 2.816300 -0.100073 0.957978 0.268818 0.000000 0.000000 0.000000 0.000000 1.000000
0.994172 0.107378 -0.009575 -0.001500 -0.036693 0.253528 -0.966632 2.816300 -0.101367 0.961350 0.255991 0.000000 0.000000 0.000000 0.000000 1.000000
0.994101 0.107928 -0.010698 -0.001500 -0.037204 0.246686 -0.968381 2.816300 -0.101876 0.963067 0.249246 -0.000000 0.000000 0.000000 0.000000 1.000000
0.993956 0.109125 -0.011993 -0.001500 -0.037443 0.234278 -0.971448 2.816300 -0.103199 0.966026 0.236948 0.000000 0.000000 0.000000 0.000000 1.000000
0.993846 0.110022 -0.012872 -0.001500 -0.037529 0.225106 -0.973611 2.816300 -0.104221 0.968103 0.227849 0.000000 0.000000 0.000000 0.000000 1.000000
0.993786 0.110541 -0.013041 -0.001500 -0.037395 0.221214 -0.974508 2.816300 -0.104839 0.968940 0.223973 0.000000 0.000000 0.000000 0.000000 1.000000
0.993717 0.111043 -0.013996 -0.001500 -0.037803 0.215302 -0.975816 2.816300 -0.105344 0.970214 0.218147 -0.000000 0.000000 0.000000 0.000000 1.000000
0.993725 0.110970 -0.014038 -0.001500 -0.037995 0.216840 -0.975467 2.816300 -0.105204 0.969879 0.219696 0.000000 0.000000 0.000000 0.000000 1.000000
0.993765 0.110652 -0.013649 -0.001500 -0.038006 0.221128 -0.974504 2.816300 -0.104813 0.968947 0.223954 0.000000 0.000000 0.000000 0.000000 1.000000
0.993863 0.109882 -0.012753 -0.001500 -0.037870 0.229656 -0.972535 2.816300 -0.103935 0.967049 0.232408 0.000000 0.000000 0.000000 0.000000 1.000000
0.994002 0.108751 -0.011540 -0.001500 -0.037573 0.240493 -0.969923 2.816300 -0.102705 0.964539 0.243137 0.000000 0.000000 0.000000 0.000000 1.000000
0.994231 0.106826 -0.009636 -0.001500 -0.037095 0.258167 -0.965388 2.816300 -0.100641 0.960176 0.260640 0.000000 0.000000 0.000000 0.000000 1.000000
0.994640 0.103210 -0.006272 -0.001500 -0.036311 0.291843 -0.955777 2.816300 -0.096815 0.950881 0.294026 0.000000 0.000000 0.000000 0.000000 1.000000
0.995144 0.098412 -0.001757 -0.001500 -0.034826 0.335348 -0.941450 2.816300 -0.092060 0.936940 0.337147 0.000000 0.000000 0.000000 0.000000 1.000000
0.995679 0.092810 0.003124 -0.001500 -0.032830 0.383267 -0.923054 2.816300 -0.086866 0.918963 0.384658 0.000000 0.000000 0.000000 0.000000 1.000000
0.996179 0.086998 0.007719 -0.001500 -0.030612 0.430564 -0.902041 2.816300 -0.081800 0.898357 0.431582 0.000000 0.000000 0.000000 0.000000 1.000000
0.996535 0.082442 0.011023 -0.001500 -0.028722 0.465452 -0.884607 2.816300 -0.078060 0.881225 0.466207 0.000000 0.000000 0.000000 0.000000 1.000000
0.996703 0.080143 0.012655 -0.001500 -0.027690 0.482604 -0.875401 2.816300 -0.076265 0.872164 0.483232 -0.000000 0.000000 0.000000 0.000000 1.000000
0.996702 0.080140 0.012732 -0.001500 -0.027647 0.482895 -0.875242 2.816300 -0.076290 0.872003 0.483518 0.000000 0.000000 0.000000 0.000000 1.000000
0.996623 0.081215 0.012095 -0.001500 -0.028032 0.474979 -0.879550 2.816300 -0.077178 0.876241 0.475652 0.000000 0.000000 0.000000 0.000000 1.000000
0.996476 0.083155 0.010960 -0.001500 -0.028703 0.460874 -0.887001 2.816300 -0.078810 0.883561 0.461637 -0.000000 0.000000 0.000000 0.000000 1.000000
0.996247 0.086057 0.009266 -0.001500 -0.029620 0.439551 -0.897729 2.816300 -0.081329 0.894086 0.440451 0.000000 0.000000 0.000000 0.000000 1.000000
0.996065 0.088297 0.007593 -0.001500 -0.030526 0.422267 -0.905957 2.816300 -0.083200 0.902161 0.423301 -0.000000 0.000000 0.000000 0.000000 1.000000
0.995895 0.090319 0.006025 -0.001500 -0.031324 0.406300 -0.913203 2.816300 -0.084927 0.909265 0.407461 0.000000 0.000000 0.000000 0.000000 1.000000
0.995768 0.091777 0.004859 -0.001500 -0.031886 0.394582 -0.918307 2.816300 -0.086197 0.914266 0.395839 -0.000000 0.000000 0.000000 0.000000 1.000000
0.995717 0.092353 0.004383 -0.001500 -0.032073 0.389483 -0.920475 2.816300 -0.086716 0.916392 0.390776 -0.000000 0.000000 0.000000 0.000000 1.000000</float_array>
        <technique_common>
          <accessor source="#mixamorig_RightHandIndex2-Matrix-animation-output-transform-array" count="32" stride="16">
            <param type="float4x4"/>
          </accessor>
        </technique_common>
      </source>
      <source id="mixamorig_RightHandIndex2-Interpolations">
        <Name_array id="mixamorig_RightHandIndex2-Interpolations-array" count="32">
 LINEAR LINEAR LINEAR LINEAR LINEAR LINEAR LINEAR LINEAR LINEAR LINEAR LINEAR
LINEAR LINEAR LINEAR LINEAR LINEAR LINEAR LINEAR LINEAR LINEAR LINEAR LINEAR LINEAR
LINEAR LINEAR LINEAR LINEAR LINEAR LINEAR LINEAR LINEAR LINEAR</Name_array>
        <technique_common>
          <accessor source="#mixamorig_RightHandIndex2-Interpolations-array" count="32">
            <param type="name"/>
          </accessor>
        </technique_common>
      </source>
      <sampler id="mixamorig_RightHandIndex2-Matrix-animation-transform">
        <input semantic="INPUT" source="#mixamorig_RightHandIndex2-Matrix-animation-input"/>
        <input semantic="OUTPUT" source="#mixamorig_RightHandIndex2-Matrix-animation-output-transform"/>
        <input semantic="INTERPOLATION" source="#mixamorig_RightHandIndex2-Interpolations"/>
      </sampler>
      <channel source="#mixamorig_RightHandIndex2-Matrix-animation-transform" target="mixamorig_RightHandIndex2/matrix"/>
    </animation>
    <animation id="mixamorig_RightHandIndex3-anim" name="mixamorig_RightHandIndex3">
      <source id="mixamorig_RightHandIndex3-Matrix-animation-input">
        <float_array id="mixamorig_RightHandIndex3-Matrix-animation-input-array" count="32">

0.000000 0.033333 0.066667 0.100000 0.133333 0.166667 0.200000 0.233333 0.266667 0.300000 0.333333 0.366667 0.400000 0.433333 0.466667 0.500000
0.533333 0.566667 0.600000 0.633333 0.666667 0.700000 0.733333 0.766667 0.800000 0.833333 0.866667 0.900000 0.933333 0.966667 1.000000 1.033333</float_array>
        <technique_common>
          <accessor source="#mixamorig_RightHandIndex3-Matrix-animation-input-array" count="32">
            <param name="TIME" type="float"/>
          </accessor>
        </technique_common>
      </source>
      <source id="mixamorig_RightHandIndex3-Matrix-animation-output-transform">
        <float_array id="mixamorig_RightHandIndex3-Matrix-animation-output-transform-array" count="512">

1.000000 0.000321 0.000002 0.001200 -0.000321 1.000000 -0.000000 2.639600 -0.000002 0.000000 1.000000 -0.000000 0.000000 0.000000 0.000000 1.000000
1.000000 0.000321 0.000002 0.001200 -0.000321 1.000000 -0.000000 2.639600 -0.000002 0.000000 1.000000 0.000000 0.000000 0.000000 0.000000 1.000000
1.000000 0.000321 0.000002 0.001200 -0.000321 1.000000 -0.000000 2.639600 -0.000002 0.000000 1.000000 0.000000 0.000000 0.000000 0.000000 1.000000
1.000000 0.000321 0.000001 0.001200 -0.000321 1.000000 0.000000 2.639600 -0.000001 -0.000000 1.000000 0.000000 0.000000 0.000000 0.000000 1.000000
1.000000 0.000321 0.000002 0.001200 -0.000321 1.000000 -0.000000 2.639600 -0.000002 0.000000 1.000000 0.000000 0.000000 0.000000 0.000000 1.000000
1.000000 0.000321 0.000002 0.001200 -0.000321 1.000000 -0.000000 2.639600 -0.000002 0.000000 1.000000 -0.000000 0.000000 0.000000 0.000000 1.000000
1.000000 0.000321 0.000002 0.001200 -0.000321 1.000000 -0.000000 2.639600 -0.000002 0.000000 1.000000 0.000000 0.000000 0.000000 0.000000 1.000000
1.000000 0.000321 0.000002 0.001200 -0.000321 1.000000 0.000000 2.639600 -0.000002 -0.000000 1.000000 0.000000 0.000000 0.000000 0.000000 1.000000
1.000000 0.000321 0.000002 0.001200 -0.000321 1.000000 -0.000000 2.639600 -0.000002 0.000000 1.000000 0.000000 0.000000 0.000000 0.000000 1.000000
1.000000 0.000321 0.000001 0.001200 -0.000321 1.000000 0.000000 2.639600 -0.000001 -0.000000 1.000000 0.000000 0.000000 0.000000 0.000000 1.000000
1.000000 0.000321 0.000002 0.001200 -0.000321 1.000000 -0.000000 2.639600 -0.000002 0.000000 1.000000 0.000000 0.000000 0.000000 0.000000 1.000000
1.000000 0.000321 0.000002 0.001200 -0.000321 1.000000 -0.000000 2.639600 -0.000002 0.000000 1.000000 0.000000 0.000000 0.000000 0.000000 1.000000
1.000000 0.000321 0.000002 0.001200 -0.000321 1.000000 -0.000000 2.639600 -0.000002 0.000000 1.000000 -0.000000 0.000000 0.000000 0.000000 1.000000
1.000000 0.000321 0.000002 0.001200 -0.000321 1.000000 -0.000000 2.639600 -0.000002 0.000000 1.000000 0.000000 0.000000 0.000000 0.000000 1.000000
1.000000 0.000321 0.000002 0.001200 -0.000321 1.000000 -0.000000 2.639600 -0.000002 0.000000 1.000000 -0.000000 0.000000 0.000000 0.000000 1.000000
1.000000 0.000321 0.000002 0.001200 -0.000321 1.000000 -0.000000 2.639600 -0.000002 0.000000 1.000000 0.000000 0.000000 0.000000 0.000000 1.000000
1.000000 0.000321 0.000002 0.001200 -0.000321 1.000000 -0.000000 2.639600 -0.000002 0.000000 1.000000 0.000000 0.000000 0.000000 0.000000 1.000000
1.000000 0.000321 0.000002 0.001200 -0.000321 1.000000 -0.000000 2.639600 -0.000002 0.000000 1.000000 0.000000 0.000000 0.000000 0.000000 1.000000
1.000000 0.000321 0.000002 0.001200 -0.000321 1.000000 -0.000000 2.639600 -0.000002 0.000000 1.000000 0.000000 0.000000 0.000000 0.000000 1.000000
1.000000 0.000321 0.000002 0.001200 -0.000321 1.000000 -0.000000 2.639600 -0.000002 0.000000 1.000000 0.000000 0.000000 0.000000 0.000000 1.000000
1.000000 0.000321 0.000002 0.001200 -0.000321 1.000000 -0.000000 2.639600 -0.000002 0.000000 1.000000 0.000000 0.000000 0.000000 0.000000 1.000000
1.000000 0.000321 0.000002 0.001200 -0.000321 1.000000 -0.000000 2.639600 -0.000002 0.000000 1.000000 0.000000 0.000000 0.000000 0.000000 1.000000
1.000000 0.000321 0.000002 0.001200 -0.000321 1.000000 -0.000000 2.639600 -0.000002 0.000000 1.000000 -0.000000 0.000000 0.000000 0.000000 1.000000
1.000000 0.000321 0.000002 0.001200 -0.000321 1.000000 -0.000000 2.639600 -0.000002 0.000000 1.000000 0.000000 0.000000 0.000000 0.000000 1.000000
1.000000 0.000321 0.000002 0.001200 -0.000321 1.000000 -0.000000 2.639600 -0.000002 0.000000 1.000000 -0.000000 0.000000 0.000000 0.000000 1.000000
1.000000 0.000321 0.000002 0.001200 -0.000321 1.000000 0.000000 2.639600 -0.000002 -0.000000 1.000000 0.000000 0.000000 0.000000 0.000000 1.000000
1.000000 0.000321 0.000002 0.001200 -0.000321 1.000000 0.000000 2.639600 -0.000002 -0.000000 1.000000 0.000000 0.000000 0.000000 0.000000 1.000000
1.000000 0.000321 0.000002 0.001200 -0.000321 1.000000 -0.000000 2.639600 -0.000002 0.000000 1.000000 -0.000000 0.000000 0.000000 0.000000 1.000000
1.000000 0.000321 0.000002 0.001200 -0.000321 1.000000 -0.000000 2.639600 -0.000002 0.000000 1.000000 0.000000 0.000000 0.000000 0.000000 1.000000
1.000000 0.000321 0.000002 0.001200 -0.000321 1.000000 -0.000000 2.639600 -0.000002 0.000000 1.000000 0.000000 0.000000 0.000000 0.000000 1.000000
1.000000 0.000321 0.000002 0.001200 -0.000321 1.000000 0.000000 2.639600 -0.000002 -0.000000 1.000000 0.000000 0.000000 0.000000 0.000000 1.000000
1.000000 0.000321 0.000002 0.001200 -0.000321 1.000000 -0.000000 2.639600 -0.000002 0.000000 1.000000 -0.000000 0.000000 0.000000 0.000000 1.000000</float_array>
        <technique_common>
          <accessor source="#mixamorig_RightHandIndex3-Matrix-animation-output-transform-array" count="32" stride="16">
            <param type="float4x4"/>
          </accessor>
        </technique_common>
      </source>
      <source id="mixamorig_RightHandIndex3-Interpolations">
        <Name_array id="mixamorig_RightHandIndex3-Interpolations-array" count="32">
 LINEAR LINEAR LINEAR LINEAR LINEAR LINEAR LINEAR LINEAR LINEAR LINEAR LINEAR
LINEAR LINEAR LINEAR LINEAR LINEAR LINEAR LINEAR LINEAR LINEAR LINEAR LINEAR LINEAR
LINEAR LINEAR LINEAR LINEAR LINEAR LINEAR LINEAR LINEAR LINEAR</Name_array>
        <technique_common>
          <accessor source="#mixamorig_RightHandIndex3-Interpolations-array" count="32">
            <param type="name"/>
          </accessor>
        </technique_common>
      </source>
      <sampler id="mixamorig_RightHandIndex3-Matrix-animation-transform">
        <input semantic="INPUT" source="#mixamorig_RightHandIndex3-Matrix-animation-input"/>
        <input semantic="OUTPUT" source="#mixamorig_RightHandIndex3-Matrix-animation-output-transform"/>
        <input semantic="INTERPOLATION" source="#mixamorig_RightHandIndex3-Interpolations"/>
      </sampler>
      <channel source="#mixamorig_RightHandIndex3-Matrix-animation-transform" target="mixamorig_RightHandIndex3/matrix"/>
    </animation>
    <animation id="mixamorig_RightHandMiddle1-anim" name="mixamorig_RightHandMiddle1">
      <source id="mixamorig_RightHandMiddle1-Matrix-animation-input">
        <float_array id="mixamorig_RightHandMiddle1-Matrix-animation-input-array" count="32">

0.000000 0.033333 0.066667 0.100000 0.133333 0.166667 0.200000 0.233333 0.266667 0.300000 0.333333 0.366667 0.400000 0.433333 0.466667 0.500000
0.533333 0.566667 0.600000 0.633333 0.666667 0.700000 0.733333 0.766667 0.800000 0.833333 0.866667 0.900000 0.933333 0.966667 1.000000 1.033333</float_array>
        <technique_common>
          <accessor source="#mixamorig_RightHandMiddle1-Matrix-animation-input-array" count="32">
            <param name="TIME" type="float"/>
          </accessor>
        </technique_common>
      </source>
      <source id="mixamorig_RightHandMiddle1-Matrix-animation-output-transform">
        <float_array id="mixamorig_RightHandMiddle1-Matrix-animation-output-transform-array" count="512">

0.991028 0.131916 -0.021492 0.765500 -0.103238 0.653398 -0.749942 7.018200 -0.084887 0.745432 0.661154 -0.090400 0.000000 0.000000 0.000000 1.000000
0.990581 0.134652 -0.024849 0.765500 -0.105376 0.633793 -0.766291 7.018200 -0.087434 0.761692 0.642013 -0.090400 0.000000 0.000000 0.000000 1.000000
0.990293 0.136195 -0.027774 0.765500 -0.106665 0.616489 -0.780105 7.018200 -0.089124 0.775495 0.625031 -0.090400 0.000000 0.000000 0.000000 1.000000
0.990079 0.137147 -0.030572 0.765500 -0.107558 0.599715 -0.792952 7.018200 -0.090416 0.788373 0.608517 -0.090400 0.000000 0.000000 0.000000 1.000000
0.989840 0.138140 -0.033664 0.765500 -0.108348 0.579532 -0.807715 7.018200 -0.092068 0.803156 0.588612 -0.090400 0.000000 0.000000 0.000000 1.000000
0.989616 0.138935 -0.036853 0.765500 -0.108886 0.557229 -0.823189 7.018200 -0.093834 0.818653 0.566571 -0.090400 0.000000 0.000000 0.000000 1.000000
0.989276 0.140523 -0.039830 0.765500 -0.110342 0.540371 -0.834161 7.018200 -0.095696 0.829610 0.550082 -0.090400 0.000000 0.000000 0.000000 1.000000
0.988906 0.142443 -0.042129 0.765500 -0.112484 0.532865 -0.838691 7.018200 -0.097016 0.834125 0.542976 -0.090400 0.000000 0.000000 0.000000 1.000000
0.988702 0.143362 -0.043757 0.765500 -0.113780 0.527770 -0.841732 7.018200 -0.097579 0.837201 0.538119 -0.090400 0.000000 0.000000 0.000000 1.000000
0.988784 0.142493 -0.044751 0.765500 -0.113184 0.519389 -0.847009 7.018200 -0.097450 0.842574 0.529691 -0.090400 0.000000 0.000000 0.000000 1.000000
0.988793 0.142183 -0.045531 0.765500 -0.113060 0.513955 -0.850334 7.018200 -0.097502 0.845952 0.524270 -0.090400 0.000000 0.000000 0.000000 1.000000
0.988773 0.142150 -0.046059 0.765500 -0.113453 0.513588 -0.850503 7.018200 -0.097243 0.846180 0.523950 -0.090400 0.000000 0.000000 0.000000 1.000000
0.988625 0.142716 -0.047455 0.765500 -0.114043 0.505641 -0.855173 7.018200 -0.098052 0.850858 0.516165 -0.090400 0.000000 0.000000 0.000000 1.000000
0.988446 0.143411 -0.049076 0.765500 -0.114627 0.495387 -0.861076 7.018200 -0.099176 0.856752 0.506102 -0.090400 0.000000 0.000000 0.000000 1.000000
0.988304 0.144052 -0.050038 0.765500 -0.115106 0.489458 -0.864396 7.018200 -0.100026 0.860046 0.500315 -0.090400 0.000000 0.000000 0.000000 1.000000
0.988246 0.144337 -0.050370 0.765500 -0.115168 0.486249 -0.866198 7.018200 -0.100532 0.861817 0.497156 -0.090400 0.000000 0.000000 0.000000 1.000000
0.988354 0.143912 -0.049444 0.765500 -0.114538 0.489647 -0.864365 7.018200 -0.100182 0.859962 0.500428 -0.090400 0.000000 0.000000 0.000000 1.000000
0.988659 0.142743 -0.046660 0.765500 -0.113415 0.506044 -0.855018 7.018200 -0.098436 0.850614 0.516494 -0.090400 0.000000 0.000000 0.000000 1.000000
0.989111 0.141088 -0.041871 0.765500 -0.112101 0.537947 -0.835492 7.018200 -0.095353 0.831088 0.547905 -0.090400 0.000000 0.000000 0.000000 1.000000
0.989906 0.137753 -0.033333 0.765500 -0.108954 0.589232 -0.800584 7.018200 -0.090642 0.796134 0.598293 -0.090400 0.000000 0.000000 0.000000 1.000000
0.990815 0.133197 -0.023306 0.765500 -0.104827 0.647744 -0.754611 7.018200 -0.085416 0.750124 0.655758 -0.090400 0.000000 0.000000 0.000000 1.000000
0.991342 0.130147 -0.017373 0.765500 -0.102154 0.681365 -0.724780 7.018200 -0.082490 0.720280 0.688761 -0.090400 0.000000 0.000000 0.000000 1.000000
0.991704 0.127856 -0.013250 0.765500 -0.100187 0.704256 -0.702842 7.018200 -0.080531 0.698338 0.711223 -0.090400 0.000000 0.000000 0.000000 1.000000
0.991957 0.126146 -0.010435 0.765500 -0.098805 0.720152 -0.686745 7.018200 -0.079115 0.682253 0.726823 -0.090400 0.000000 0.000000 0.000000 1.000000
0.992119 0.124977 -0.009009 0.765500 -0.098105 0.730045 -0.676321 7.018200 -0.077948 0.671874 0.736552 -0.090400 0.000000 0.000000 0.000000 1.000000
0.992037 0.125578 -0.009600 0.765500 -0.098423 0.725447 -0.681204 7.018200 -0.078580 0.676725 0.732031 -0.090400 0.000000 0.000000 0.000000 1.000000
0.991775 0.127429 -0.012012 0.765500 -0.099458 0.708194 -0.698977 7.018200 -0.080564 0.694423 0.715043 -0.090400 0.000000 0.000000 0.000000 1.000000
0.991708 0.127722 -0.014220 0.765500 -0.099606 0.694013 -0.713039 7.018200 -0.081202 0.708543 0.700980 -0.090400 0.000000 0.000000 0.000000 1.000000
0.991608 0.128253 -0.016296 0.765500 -0.100208 0.682827 -0.723675 7.018200 -0.081686 0.719235 0.689948 -0.090400 0.000000 0.000000 0.000000 1.000000
0.991351 0.129924 -0.018530 0.765500 -0.101729 0.671538 -0.733954 7.018200 -0.082914 0.729491 0.678946 -0.090400 0.000000 0.000000 0.000000 1.000000
0.991015 0.132151 -0.020626 0.765500 -0.103578 0.660706 -0.743465 7.018200 -0.084622 0.738921 0.668457 -0.090400 0.000000 0.000000 0.000000 1.000000
0.991028 0.131919 -0.021452 0.765500 -0.103209 0.653397 -0.749946 7.018200 -0.084916 0.745432 0.661151 -0.090400 0.000000 0.000000 0.000000 1.000000</float_array>
        <technique_common>
          <accessor source="#mixamorig_RightHandMiddle1-Matrix-animation-output-transform-array" count="32" stride="16">
            <param type="float4x4"/>
          </accessor>
        </technique_common>
      </source>
      <source id="mixamorig_RightHandMiddle1-Interpolations">
        <Name_array id="mixamorig_RightHandMiddle1-Interpolations-array" count="32">
 LINEAR LINEAR LINEAR LINEAR LINEAR LINEAR LINEAR LINEAR LINEAR LINEAR LINEAR
LINEAR LINEAR LINEAR LINEAR LINEAR LINEAR LINEAR LINEAR LINEAR LINEAR LINEAR LINEAR
LINEAR LINEAR LINEAR LINEAR LINEAR LINEAR LINEAR LINEAR LINEAR</Name_array>
        <technique_common>
          <accessor source="#mixamorig_RightHandMiddle1-Interpolations-array" count="32">
            <param type="name"/>
          </accessor>
        </technique_common>
      </source>
      <sampler id="mixamorig_RightHandMiddle1-Matrix-animation-transform">
        <input semantic="INPUT" source="#mixamorig_RightHandMiddle1-Matrix-animation-input"/>
        <input semantic="OUTPUT" source="#mixamorig_RightHandMiddle1-Matrix-animation-output-transform"/>
        <input semantic="INTERPOLATION" source="#mixamorig_RightHandMiddle1-Interpolations"/>
      </sampler>
      <channel source="#mixamorig_RightHandMiddle1-Matrix-animation-transform" target="mixamorig_RightHandMiddle1/matrix"/>
    </animation>
    <animation id="mixamorig_RightHandMiddle2-anim" name="mixamorig_RightHandMiddle2">
      <source id="mixamorig_RightHandMiddle2-Matrix-animation-input">
        <float_array id="mixamorig_RightHandMiddle2-Matrix-animation-input-array" count="32">

0.000000 0.033333 0.066667 0.100000 0.133333 0.166667 0.200000 0.233333 0.266667 0.300000 0.333333 0.366667 0.400000 0.433333 0.466667 0.500000
0.533333 0.566667 0.600000 0.633333 0.666667 0.700000 0.733333 0.766667 0.800000 0.833333 0.866667 0.900000 0.933333 0.966667 1.000000 1.033333</float_array>
        <technique_common>
          <accessor source="#mixamorig_RightHandMiddle2-Matrix-animation-input-array" count="32">
            <param name="TIME" type="float"/>
          </accessor>
        </technique_common>
      </source>
      <source id="mixamorig_RightHandMiddle2-Matrix-animation-output-transform">
        <float_array id="mixamorig_RightHandMiddle2-Matrix-animation-output-transform-array" count="512">

0.992006 0.125939 -0.007991 0.008500 -0.044170 0.287210 -0.956849 3.340200 -0.118209 0.949552 0.290477 0.000000 0.000000 0.000000 0.000000 1.000000
0.991777 0.127565 -0.010241 0.008500 -0.044632 0.269782 -0.961887 3.340200 -0.119940 0.954434 0.273257 -0.000000 0.000000 0.000000 0.000000 1.000000
0.991530 0.129259 -0.012656 0.008500 -0.045108 0.251353 -0.966844 3.340200 -0.121792 0.959226 0.255055 0.000000 0.000000 0.000000 0.000000 1.000000
0.991274 0.130945 -0.015130 0.008500 -0.045586 0.232843 -0.971445 3.340200 -0.123683 0.963658 0.236781 -0.000000 0.000000 0.000000 0.000000 1.000000
0.991000 0.132665 -0.017861 0.008500 -0.045974 0.211995 -0.976189 3.340200 -0.125719 0.968224 0.216186 -0.000000 0.000000 0.000000 0.000000 1.000000
0.990671 0.134671 -0.020854 0.008500 -0.046313 0.188791 -0.980924 3.340200 -0.128165 0.972739 0.193267 -0.000000 0.000000 0.000000 0.000000 1.000000
0.990391 0.136283 -0.023504 0.008500 -0.046598 0.168840 -0.984541 3.340200 -0.130208 0.976176 0.173568 0.000000 0.000000 0.000000 0.000000 1.000000
0.990283 0.136777 -0.025134 0.008500 -0.046905 0.158362 -0.986266 3.340200 -0.130918 0.977862 0.163239 0.000000 0.000000 0.000000 0.000000 1.000000
0.990192 0.137214 -0.026321 0.008500 -0.047135 0.150727 -0.987451 3.340200 -0.131525 0.979006 0.155716 0.000000 0.000000 0.000000 0.000000 1.000000
0.990012 0.138177 -0.027984 0.008500 -0.047265 0.138297 -0.989262 3.340200 -0.132823 0.980704 0.143447 -0.000000 0.000000 0.000000 0.000000 1.000000
0.989870 0.138934 -0.029248 0.008500 -0.047324 0.128642 -0.990561 3.340200 -0.133860 0.981911 0.133914 0.000000 0.000000 0.000000 0.000000 1.000000
0.989783 0.139395 -0.029977 0.008500 -0.047353 0.123063 -0.991268 3.340200 -0.134489 0.982560 0.128407 0.000000 0.000000 0.000000 0.000000 1.000000
0.989706 0.139780 -0.030721 0.008500 -0.047384 0.117494 -0.991943 3.340200 -0.135044 0.983187 0.122907 0.000000 0.000000 0.000000 0.000000 1.000000
0.989659 0.139995 -0.031248 0.008500 -0.047411 0.113648 -0.992389 3.340200 -0.135378 0.983608 0.119110 0.000000 0.000000 0.000000 0.000000 1.000000
0.989682 0.139898 -0.030946 0.008500 -0.047401 0.115866 -0.992133 3.340200 -0.135211 0.983363 0.121302 0.000000 0.000000 0.000000 0.000000 1.000000
0.989771 0.139475 -0.030013 0.008500 -0.047365 0.122808 -0.991300 3.340200 -0.134576 0.982581 0.128158 0.000000 0.000000 0.000000 0.000000 1.000000
0.989928 0.138676 -0.028495 0.008500 -0.047249 0.133887 -0.989870 3.340200 -0.133456 0.981246 0.139090 0.000000 0.000000 0.000000 0.000000 1.000000
0.990212 0.137152 -0.025875 0.008500 -0.047187 0.154505 -0.986865 3.340200 -0.131353 0.978426 0.159464 0.000000 0.000000 0.000000 0.000000 1.000000
0.990758 0.133980 -0.021156 0.008500 -0.047263 0.194804 -0.979703 3.340200 -0.127139 0.971648 0.199336 0.000000 0.000000 0.000000 0.000000 1.000000
0.991434 0.129753 -0.014949 0.008500 -0.046701 0.245277 -0.968328 3.340200 -0.121977 0.960731 0.249235 0.000000 0.000000 0.000000 0.000000 1.000000
0.992123 0.124993 -0.008334 0.008500 -0.045548 0.297952 -0.953493 3.340200 -0.116696 0.946362 0.301298 -0.000000 0.000000 0.000000 0.000000 1.000000
0.992733 0.120314 -0.002436 0.008500 -0.044091 0.344814 -0.937635 3.340200 -0.111970 0.930929 0.347612 0.000000 0.000000 0.000000 0.000000 1.000000
0.993190 0.116484 0.002050 0.008500 -0.042772 0.380943 -0.923608 3.340200 -0.108366 0.917232 0.383332 -0.000000 0.000000 0.000000 0.000000 1.000000
0.993403 0.114597 0.004176 0.008500 -0.042042 0.397851 -0.916486 3.340200 -0.106688 0.910265 0.400044 0.000000 0.000000 0.000000 0.000000 1.000000
0.993400 0.114622 0.004233 0.008500 -0.041952 0.397442 -0.916668 3.340200 -0.106752 0.910440 0.399628 0.000000 0.000000 0.000000 0.000000 1.000000
0.993302 0.115499 0.003439 0.008500 -0.042081 0.389297 -0.920151 3.340200 -0.107615 0.913842 0.391549 -0.000000 0.000000 0.000000 0.000000 1.000000
0.993040 0.117768 0.001393 0.008500 -0.042395 0.368471 -0.928672 3.340200 -0.109881 0.922149 0.370899 -0.000000 0.000000 0.000000 0.000000 1.000000
0.992709 0.120531 -0.001298 0.008500 -0.042781 0.342243 -0.938637 3.340200 -0.112690 0.931849 0.344904 0.000000 0.000000 0.000000 0.000000 1.000000
0.992436 0.122703 -0.003785 0.008500 -0.043328 0.321263 -0.945998 3.340200 -0.114861 0.939007 0.324149 0.000000 0.000000 0.000000 0.000000 1.000000
0.992222 0.124342 -0.005871 0.008500 -0.043844 0.304939 -0.951362 3.340200 -0.116504 0.944220 0.308019 0.000000 0.000000 0.000000 0.000000 1.000000
0.992064 0.125513 -0.007421 0.008500 -0.044130 0.292328 -0.955299 3.340200 -0.117733 0.948046 0.295547 -0.000000 0.000000 0.000000 0.000000 1.000000
0.992006 0.125933 -0.008036 0.008500 -0.044212 0.287211 -0.956846 3.340200 -0.118191 0.949553 0.290483 0.000000 0.000000 0.000000 0.000000 1.000000</float_array>
        <technique_common>
          <accessor source="#mixamorig_RightHandMiddle2-Matrix-animation-output-transform-array" count="32" stride="16">
            <param type="float4x4"/>
          </accessor>
        </technique_common>
      </source>
      <source id="mixamorig_RightHandMiddle2-Interpolations">
        <Name_array id="mixamorig_RightHandMiddle2-Interpolations-array" count="32">
 LINEAR LINEAR LINEAR LINEAR LINEAR LINEAR LINEAR LINEAR LINEAR LINEAR LINEAR
LINEAR LINEAR LINEAR LINEAR LINEAR LINEAR LINEAR LINEAR LINEAR LINEAR LINEAR LINEAR
LINEAR LINEAR LINEAR LINEAR LINEAR LINEAR LINEAR LINEAR LINEAR</Name_array>
        <technique_common>
          <accessor source="#mixamorig_RightHandMiddle2-Interpolations-array" count="32">
            <param type="name"/>
          </accessor>
        </technique_common>
      </source>
      <sampler id="mixamorig_RightHandMiddle2-Matrix-animation-transform">
        <input semantic="INPUT" source="#mixamorig_RightHandMiddle2-Matrix-animation-input"/>
        <input semantic="OUTPUT" source="#mixamorig_RightHandMiddle2-Matrix-animation-output-transform"/>
        <input semantic="INTERPOLATION" source="#mixamorig_RightHandMiddle2-Interpolations"/>
      </sampler>
      <channel source="#mixamorig_RightHandMiddle2-Matrix-animation-transform" target="mixamorig_RightHandMiddle2/matrix"/>
    </animation>
    <animation id="mixamorig_RightHandMiddle3-anim" name="mixamorig_RightHandMiddle3">
      <source id="mixamorig_RightHandMiddle3-Matrix-animation-input">
        <float_array id="mixamorig_RightHandMiddle3-Matrix-animation-input-array" count="32">

0.000000 0.033333 0.066667 0.100000 0.133333 0.166667 0.200000 0.233333 0.266667 0.300000 0.333333 0.366667 0.400000 0.433333 0.466667 0.500000
0.533333 0.566667 0.600000 0.633333 0.666667 0.700000 0.733333 0.766667 0.800000 0.833333 0.866667 0.900000 0.933333 0.966667 1.000000 1.033333</float_array>
        <technique_common>
          <accessor source="#mixamorig_RightHandMiddle3-Matrix-animation-input-array" count="32">
            <param name="TIME" type="float"/>
          </accessor>
        </technique_common>
      </source>
      <source id="mixamorig_RightHandMiddle3-Matrix-animation-output-transform">
        <float_array id="mixamorig_RightHandMiddle3-Matrix-animation-output-transform-array" count="512">

0.999997 -0.002357 0.000077 -0.007900 0.002357 0.999997 0.000000 3.056700 -0.000077 0.000000 1.000000 0.000000 0.000000 0.000000 0.000000 1.000000
0.999997 -0.002357 0.000077 -0.007900 0.002357 0.999997 0.000000 3.056700 -0.000077 0.000000 1.000000 0.000000 0.000000 0.000000 0.000000 1.000000
0.999997 -0.002357 0.000077 -0.007900 0.002357 0.999997 0.000000 3.056700 -0.000077 0.000000 1.000000 0.000000 0.000000 0.000000 0.000000 1.000000
0.999997 -0.002357 0.000077 -0.007900 0.002357 0.999997 0.000000 3.056700 -0.000077 -0.000000 1.000000 0.000000 0.000000 0.000000 0.000000 1.000000
0.999997 -0.002357 0.000077 -0.007900 0.002357 0.999997 0.000000 3.056700 -0.000077 0.000000 1.000000 0.000000 0.000000 0.000000 0.000000 1.000000
0.999997 -0.002357 0.000077 -0.007900 0.002357 0.999997 0.000000 3.056700 -0.000077 -0.000000 1.000000 0.000000 0.000000 0.000000 0.000000 1.000000
0.999997 -0.002357 0.000077 -0.007900 0.002357 0.999997 0.000000 3.056700 -0.000077 0.000000 1.000000 0.000000 0.000000 0.000000 0.000000 1.000000
0.999997 -0.002357 0.000077 -0.007900 0.002357 0.999997 0.000000 3.056700 -0.000077 0.000000 1.000000 0.000000 0.000000 0.000000 0.000000 1.000000
0.999997 -0.002357 0.000077 -0.007900 0.002357 0.999997 0.000000 3.056700 -0.000077 -0.000000 1.000000 0.000000 0.000000 0.000000 0.000000 1.000000
0.999997 -0.002357 0.000077 -0.007900 0.002357 0.999997 0.000000 3.056700 -0.000077 -0.000000 1.000000 0.000000 0.000000 0.000000 0.000000 1.000000
0.999997 -0.002357 0.000077 -0.007900 0.002357 0.999997 0.000000 3.056700 -0.000077 -0.000000 1.000000 0.000000 0.000000 0.000000 0.000000 1.000000
0.999997 -0.002357 0.000077 -0.007900 0.002357 0.999997 0.000000 3.056700 -0.000077 -0.000000 1.000000 -0.000000 0.000000 0.000000 0.000000 1.000000
0.999997 -0.002357 0.000077 -0.007900 0.002357 0.999997 0.000000 3.056700 -0.000077 0.000000 1.000000 0.000000 0.000000 0.000000 0.000000 1.000000
0.999997 -0.002357 0.000077 -0.007900 0.002357 0.999997 0.000000 3.056700 -0.000077 0.000000 1.000000 0.000000 0.000000 0.000000 0.000000 1.000000
0.999997 -0.002357 0.000077 -0.007900 0.002357 0.999997 0.000000 3.056700 -0.000077 -0.000000 1.000000 0.000000 0.000000 0.000000 0.000000 1.000000
0.999997 -0.002357 0.000077 -0.007900 0.002357 0.999997 0.000000 3.056700 -0.000077 -0.000000 1.000000 -0.000000 0.000000 0.000000 0.000000 1.000000
0.999997 -0.002357 0.000077 -0.007900 0.002357 0.999997 0.000000 3.056700 -0.000077 0.000000 1.000000 0.000000 0.000000 0.000000 0.000000 1.000000
0.999997 -0.002357 0.000077 -0.007900 0.002357 0.999997 0.000000 3.056700 -0.000077 0.000000 1.000000 0.000000 0.000000 0.000000 0.000000 1.000000
0.999997 -0.002357 0.000077 -0.007900 0.002357 0.999997 0.000000 3.056700 -0.000077 -0.000000 1.000000 0.000000 0.000000 0.000000 0.000000 1.000000
0.999997 -0.002357 0.000077 -0.007900 0.002357 0.999997 0.000000 3.056700 -0.000077 0.000000 1.000000 -0.000000 0.000000 0.000000 0.000000 1.000000
0.999997 -0.002357 0.000077 -0.007900 0.002357 0.999997 0.000000 3.056700 -0.000077 -0.000000 1.000000 -0.000000 0.000000 0.000000 0.000000 1.000000
0.999997 -0.002357 0.000077 -0.007900 0.002357 0.999997 0.000000 3.056700 -0.000077 -0.000000 1.000000 0.000000 0.000000 0.000000 0.000000 1.000000
0.999997 -0.002357 0.000077 -0.007900 0.002357 0.999997 0.000000 3.056700 -0.000077 0.000000 1.000000 0.000000 0.000000 0.000000 0.000000 1.000000
0.999997 -0.002357 0.000077 -0.007900 0.002357 0.999997 0.000000 3.056700 -0.000077 -0.000000 1.000000 0.000000 0.000000 0.000000 0.000000 1.000000
0.999997 -0.002357 0.000077 -0.007900 0.002357 0.999997 0.000000 3.056700 -0.000077 -0.000000 1.000000 0.000000 0.000000 0.000000 0.000000 1.000000
0.999997 -0.002357 0.000077 -0.007900 0.002357 0.999997 0.000000 3.056700 -0.000077 0.000000 1.000000 0.000000 0.000000 0.000000 0.000000 1.000000
0.999997 -0.002357 0.000077 -0.007900 0.002357 0.999997 0.000000 3.056700 -0.000077 0.000000 1.000000 -0.000000 0.000000 0.000000 0.000000 1.000000
0.999997 -0.002357 0.000077 -0.007900 0.002357 0.999997 0.000000 3.056700 -0.000077 -0.000000 1.000000 0.000000 0.000000 0.000000 0.000000 1.000000
0.999997 -0.002357 0.000077 -0.007900 0.002357 0.999997 0.000000 3.056700 -0.000077 0.000000 1.000000 -0.000000 0.000000 0.000000 0.000000 1.000000
0.999997 -0.002357 0.000077 -0.007900 0.002357 0.999997 0.000000 3.056700 -0.000077 -0.000000 1.000000 -0.000000 0.000000 0.000000 0.000000 1.000000
0.999997 -0.002357 0.000077 -0.007900 0.002357 0.999997 0.000000 3.056700 -0.000077 0.000000 1.000000 -0.000000 0.000000 0.000000 0.000000 1.000000
0.999997 -0.002357 0.000077 -0.007900 0.002357 0.999997 0.000000 3.056700 -0.000077 -0.000000 1.000000 0.000000 0.000000 0.000000 0.000000 1.000000</float_array>
        <technique_common>
          <accessor source="#mixamorig_RightHandMiddle3-Matrix-animation-output-transform-array" count="32" stride="16">
            <param type="float4x4"/>
          </accessor>
        </technique_common>
      </source>
      <source id="mixamorig_RightHandMiddle3-Interpolations">
        <Name_array id="mixamorig_RightHandMiddle3-Interpolations-array" count="32">
 LINEAR LINEAR LINEAR LINEAR LINEAR LINEAR LINEAR LINEAR LINEAR LINEAR LINEAR
LINEAR LINEAR LINEAR LINEAR LINEAR LINEAR LINEAR LINEAR LINEAR LINEAR LINEAR LINEAR
LINEAR LINEAR LINEAR LINEAR LINEAR LINEAR LINEAR LINEAR LINEAR</Name_array>
        <technique_common>
          <accessor source="#mixamorig_RightHandMiddle3-Interpolations-array" count="32">
            <param type="name"/>
          </accessor>
        </technique_common>
      </source>
      <sampler id="mixamorig_RightHandMiddle3-Matrix-animation-transform">
        <input semantic="INPUT" source="#mixamorig_RightHandMiddle3-Matrix-animation-input"/>
        <input semantic="OUTPUT" source="#mixamorig_RightHandMiddle3-Matrix-animation-output-transform"/>
        <input semantic="INTERPOLATION" source="#mixamorig_RightHandMiddle3-Interpolations"/>
      </sampler>
      <channel source="#mixamorig_RightHandMiddle3-Matrix-animation-transform" target="mixamorig_RightHandMiddle3/matrix"/>
    </animation>
    <animation id="mixamorig_RightHandRing1-anim" name="mixamorig_RightHandRing1">
      <source id="mixamorig_RightHandRing1-Matrix-animation-input">
        <float_array id="mixamorig_RightHandRing1-Matrix-animation-input-array" count="32">

0.000000 0.033333 0.066667 0.100000 0.133333 0.166667 0.200000 0.233333 0.266667 0.300000 0.333333 0.366667 0.400000 0.433333 0.466667 0.500000
0.533333 0.566667 0.600000 0.633333 0.666667 0.700000 0.733333 0.766667 0.800000 0.833333 0.866667 0.900000 0.933333 0.966667 1.000000 1.033333</float_array>
        <technique_common>
          <accessor source="#mixamorig_RightHandRing1-Matrix-animation-input-array" count="32">
            <param name="TIME" type="float"/>
          </accessor>
        </technique_common>
      </source>
      <source id="mixamorig_RightHandRing1-Matrix-animation-output-transform">
        <float_array id="mixamorig_RightHandRing1-Matrix-animation-output-transform-array" count="512">

0.983599 0.158109 -0.086800 -0.892300 -0.170748 0.661161 -0.730556 6.911100 -0.058118 0.733395 0.677314 -0.121600 0.000000 0.000000 0.000000 1.000000
0.983018 0.159673 -0.090444 -0.892300 -0.173194 0.644348 -0.744862 6.911100 -0.060657 0.747877 0.661060 -0.121600 0.000000 0.000000 0.000000 1.000000
0.982534 0.160608 -0.093983 -0.892300 -0.175248 0.628790 -0.757570 6.911100 -0.062576 0.760808 0.645953 -0.121600 0.000000 0.000000 0.000000 1.000000
0.982082 0.161238 -0.097551 -0.892300 -0.177077 0.612430 -0.770437 6.911100 -0.064481 0.773907 0.630009 -0.121600 0.000000 0.000000 0.000000 1.000000
0.981527 0.162193 -0.101479 -0.892300 -0.179241 0.594042 -0.784211 6.911100 -0.066911 0.787913 0.612140 -0.121600 0.000000 0.000000 0.000000 1.000000
0.981077 0.162644 -0.105046 -0.892300 -0.180740 0.574762 -0.798112 6.911100 -0.069432 0.801995 0.593282 -0.121600 0.000000 0.000000 0.000000 1.000000
0.980590 0.163341 -0.108459 -0.892300 -0.182540 0.558594 -0.809106 6.911100 -0.071576 0.813199 0.577567 -0.121600 0.000000 0.000000 0.000000 1.000000
0.980231 0.163717 -0.111104 -0.892300 -0.184095 0.548917 -0.815352 6.911100 -0.072501 0.819687 0.568205 -0.121600 0.000000 0.000000 0.000000 1.000000
0.980470 0.161695 -0.111949 -0.892300 -0.183234 0.544297 -0.818637 6.911100 -0.071435 0.823162 0.563295 -0.121600 0.000000 0.000000 0.000000 1.000000
0.980665 0.159978 -0.112707 -0.892300 -0.182316 0.537595 -0.823257 6.911100 -0.071112 0.827888 0.556367 -0.121600 0.000000 0.000000 0.000000 1.000000
0.980759 0.158960 -0.113332 -0.892300 -0.181807 0.532201 -0.826867 6.911100 -0.071123 0.831561 0.550860 -0.121600 0.000000 0.000000 0.000000 1.000000
0.981091 0.157126 -0.113011 -0.892300 -0.180441 0.531341 -0.827718 6.911100 -0.070009 0.832459 0.549646 -0.121600 0.000000 0.000000 0.000000 1.000000
0.981035 0.157007 -0.113663 -0.892300 -0.180515 0.526470 -0.830809 6.911100 -0.070603 0.835570 0.544828 -0.121600 0.000000 0.000000 0.000000 1.000000
0.980730 0.158072 -0.114812 -0.892300 -0.181576 0.520601 -0.834269 6.911100 -0.072103 0.839040 0.539271 -0.121600 0.000000 0.000000 0.000000 1.000000
0.980485 0.159207 -0.115332 -0.892300 -0.182459 0.518531 -0.835365 6.911100 -0.073193 0.840106 0.537461 -0.121600 0.000000 0.000000 0.000000 1.000000
0.980182 0.160931 -0.115521 -0.892300 -0.183603 0.519017 -0.834812 6.911100 -0.074390 0.839478 0.538278 -0.121600 0.000000 0.000000 0.000000 1.000000
0.980185 0.161814 -0.114257 -0.892300 -0.183567 0.525246 -0.830915 6.911100 -0.074441 0.835424 0.544541 -0.121600 0.000000 0.000000 0.000000 1.000000
0.980560 0.161712 -0.111137 -0.892300 -0.182224 0.540404 -0.821436 6.911100 -0.072778 0.825719 0.559366 -0.121600 0.000000 0.000000 0.000000 1.000000
0.986572 0.136093 -0.090304 -0.892300 -0.153046 0.577233 -0.802109 6.911100 -0.057035 0.805159 0.590310 -0.121600 0.000000 0.000000 0.000000 1.000000
0.992883 0.101476 -0.062345 -0.892300 -0.112274 0.622859 -0.774236 6.911100 -0.039734 0.775725 0.629819 -0.121600 0.000000 0.000000 0.000000 1.000000
0.992172 0.109655 -0.059762 -0.892300 -0.117853 0.663861 -0.738511 6.911100 -0.041308 0.739773 0.671587 -0.121600 0.000000 0.000000 0.000000 1.000000
0.988764 0.133666 -0.066925 -0.892300 -0.141985 0.699756 -0.700130 6.911100 -0.046753 0.701765 0.710872 -0.121600 0.000000 0.000000 0.000000 1.000000
0.985608 0.152507 -0.072930 -0.892300 -0.161609 0.723480 -0.671162 6.911100 -0.049593 0.673289 0.737714 -0.121600 0.000000 0.000000 0.000000 1.000000
0.985526 0.153610 -0.071714 -0.892300 -0.162471 0.735085 -0.658219 6.911100 -0.048393 0.660343 0.749403 -0.121600 0.000000 0.000000 0.000000 1.000000
0.985914 0.151584 -0.070686 -0.892300 -0.160572 0.739565 -0.653652 6.911100 -0.046806 0.655794 0.753487 -0.121600 0.000000 0.000000 0.000000 1.000000
0.985681 0.152459 -0.072036 -0.892300 -0.161662 0.732968 -0.660775 6.911100 -0.047942 0.662959 0.747119 -0.121600 0.000000 0.000000 0.000000 1.000000
0.985218 0.154123 -0.074772 -0.892300 -0.163722 0.718767 -0.675699 6.911100 -0.050397 0.677953 0.733375 -0.121600 0.000000 0.000000 0.000000 1.000000
0.985086 0.153682 -0.077377 -0.892300 -0.164130 0.704335 -0.690632 6.911100 -0.051638 0.693032 0.719055 -0.121600 0.000000 0.000000 0.000000 1.000000
0.984805 0.154013 -0.080247 -0.892300 -0.165402 0.690964 -0.703712 6.911100 -0.052933 0.706292 0.705939 -0.121600 0.000000 0.000000 0.000000 1.000000
0.984355 0.155285 -0.083264 -0.892300 -0.167355 0.676140 -0.717515 6.911100 -0.055121 0.720223 0.691549 -0.121600 0.000000 0.000000 0.000000 1.000000
0.984023 0.156254 -0.085347 -0.892300 -0.168877 0.667305 -0.725386 6.911100 -0.056392 0.728209 0.683031 -0.121600 0.000000 0.000000 0.000000 1.000000
0.983599 0.158109 -0.086800 -0.892300 -0.170748 0.661161 -0.730556 6.911100 -0.058119 0.733395 0.677314 -0.121600 0.000000 0.000000 0.000000 1.000000</float_array>
        <technique_common>
          <accessor source="#mixamorig_RightHandRing1-Matrix-animation-output-transform-array" count="32" stride="16">
            <param type="float4x4"/>
          </accessor>
        </technique_common>
      </source>
      <source id="mixamorig_RightHandRing1-Interpolations">
        <Name_array id="mixamorig_RightHandRing1-Interpolations-array" count="32">
 LINEAR LINEAR LINEAR LINEAR LINEAR LINEAR LINEAR LINEAR LINEAR LINEAR LINEAR
LINEAR LINEAR LINEAR LINEAR LINEAR LINEAR LINEAR LINEAR LINEAR LINEAR LINEAR LINEAR
LINEAR LINEAR LINEAR LINEAR LINEAR LINEAR LINEAR LINEAR LINEAR</Name_array>
        <technique_common>
          <accessor source="#mixamorig_RightHandRing1-Interpolations-array" count="32">
            <param type="name"/>
          </accessor>
        </technique_common>
      </source>
      <sampler id="mixamorig_RightHandRing1-Matrix-animation-transform">
        <input semantic="INPUT" source="#mixamorig_RightHandRing1-Matrix-animation-input"/>
        <input semantic="OUTPUT" source="#mixamorig_RightHandRing1-Matrix-animation-output-transform"/>
        <input semantic="INTERPOLATION" source="#mixamorig_RightHandRing1-Interpolations"/>
      </sampler>
      <channel source="#mixamorig_RightHandRing1-Matrix-animation-transform" target="mixamorig_RightHandRing1/matrix"/>
    </animation>
    <animation id="mixamorig_RightHandRing2-anim" name="mixamorig_RightHandRing2">
      <source id="mixamorig_RightHandRing2-Matrix-animation-input">
        <float_array id="mixamorig_RightHandRing2-Matrix-animation-input-array" count="32">

0.000000 0.033333 0.066667 0.100000 0.133333 0.166667 0.200000 0.233333 0.266667 0.300000 0.333333 0.366667 0.400000 0.433333 0.466667 0.500000
0.533333 0.566667 0.600000 0.633333 0.666667 0.700000 0.733333 0.766667 0.800000 0.833333 0.866667 0.900000 0.933333 0.966667 1.000000 1.033333</float_array>
        <technique_common>
          <accessor source="#mixamorig_RightHandRing2-Matrix-animation-input-array" count="32">
            <param name="TIME" type="float"/>
          </accessor>
        </technique_common>
      </source>
      <source id="mixamorig_RightHandRing2-Matrix-animation-output-transform">
        <float_array id="mixamorig_RightHandRing2-Matrix-animation-output-transform-array" count="512">

0.991246 0.075409 -0.108369 -0.003000 -0.119354 0.160951 -0.979719 2.923900 -0.056438 0.984077 0.168542 0.000000 0.000000 0.000000 0.000000 1.000000
0.991070 0.075179 -0.110125 -0.003000 -0.119838 0.140063 -0.982864 2.923900 -0.058466 0.987284 0.147822 0.000000 0.000000 0.000000 0.000000 1.000000
0.990899 0.074895 -0.111847 -0.003000 -0.120269 0.119443 -0.985530 2.923900 -0.060452 0.990012 0.127364 0.000000 0.000000 0.000000 0.000000 1.000000
0.990763 0.074510 -0.113302 -0.003000 -0.120461 0.099876 -0.987681 2.923900 -0.062276 0.992206 0.107929 -0.000000 0.000000 0.000000 0.000000 1.000000
0.990610 0.074084 -0.114910 -0.003000 -0.120662 0.078494 -0.989585 2.923900 -0.064292 0.994158 0.086696 -0.000000 0.000000 0.000000 0.000000 1.000000
0.990423 0.073605 -0.116808 -0.003000 -0.120908 0.053936 -0.991197 2.923900 -0.066657 0.995828 0.062319 0.000000 0.000000 0.000000 0.000000 1.000000
0.990269 0.073134 -0.118402 -0.003000 -0.121052 0.032927 -0.992100 2.923900 -0.068658 0.996778 0.041459 0.000000 0.000000 0.000000 0.000000 1.000000
0.990208 0.072755 -0.119143 -0.003000 -0.120967 0.021191 -0.992430 2.923900 -0.069679 0.997125 0.029785 0.000000 0.000000 0.000000 0.000000 1.000000
0.990168 0.072425 -0.119673 -0.003000 -0.120841 0.011946 -0.992600 2.923900 -0.070459 0.997302 0.020580 0.000000 0.000000 0.000000 0.000000 1.000000
0.990060 0.072053 -0.120787 -0.003000 -0.120867 -0.003270 -0.992663 2.923900 -0.071919 0.997395 0.005471 0.000000 0.000000 0.000000 0.000000 1.000000
0.989983 0.071785 -0.121576 -0.003000 -0.120871 -0.014099 -0.992568 2.923900 -0.072966 0.997320 -0.005281 0.000000 0.000000 0.000000 0.000000 1.000000
0.989970 0.071694 -0.121735 -0.003000 -0.120857 -0.016483 -0.992533 2.923900 -0.073165 0.997290 -0.007653 0.000000 0.000000 0.000000 0.000000 1.000000
0.989928 0.071616 -0.122120 -0.003000 -0.120845 -0.021895 -0.992430 2.923900 -0.073748 0.997192 -0.013020 0.000000 0.000000 0.000000 0.000000 1.000000
0.989894 0.071553 -0.122431 -0.003000 -0.120844 -0.026124 -0.992328 2.923900 -0.074203 0.997095 -0.017213 0.000000 0.000000 0.000000 0.000000 1.000000
0.989912 0.071563 -0.122282 -0.003000 -0.120861 -0.023879 -0.992382 2.923900 -0.073937 0.997150 -0.014989 0.000000 0.000000 0.000000 0.000000 1.000000
0.989985 0.071681 -0.121622 -0.003000 -0.120882 -0.014581 -0.992560 2.923900 -0.072921 0.997321 -0.005770 -0.000000 0.000000 0.000000 0.000000 1.000000
0.990088 0.072033 -0.120573 -0.003000 -0.120850 -0.000523 -0.992671 2.923900 -0.071568 0.997402 0.008188 -0.000000 0.000000 0.000000 0.000000 1.000000
0.990282 0.072896 -0.118438 -0.003000 -0.120641 0.026580 -0.992340 2.923900 -0.069190 0.996985 0.035115 0.000000 0.000000 0.000000 0.000000 1.000000
0.990610 0.074255 -0.114793 -0.003000 -0.120128 0.071889 -0.990152 2.923900 -0.065272 0.994645 0.080134 0.000000 0.000000 0.000000 0.000000 1.000000
0.991005 0.075420 -0.110552 -0.003000 -0.119422 0.125535 -0.984875 2.923900 -0.060401 0.989218 0.133412 0.000000 0.000000 0.000000 0.000000 1.000000
0.991433 0.076231 -0.106067 -0.003000 -0.118430 0.182086 -0.976125 2.923900 -0.055097 0.980323 0.189554 0.000000 0.000000 0.000000 0.000000 1.000000
0.991843 0.076712 -0.101802 -0.003000 -0.117218 0.235114 -0.964874 2.923900 -0.050082 0.968936 0.242188 -0.000000 0.000000 0.000000 0.000000 1.000000
0.992135 0.076938 -0.098735 -0.003000 -0.116220 0.273283 -0.954887 2.923900 -0.046485 0.958852 0.280075 0.000000 0.000000 0.000000 0.000000 1.000000
0.992251 0.077015 -0.097499 -0.003000 -0.115812 0.289095 -0.950269 2.923900 -0.044998 0.954197 0.295774 0.000000 0.000000 0.000000 0.000000 1.000000
0.992237 0.076975 -0.097678 -0.003000 -0.115889 0.287335 -0.950794 2.923900 -0.045121 0.954732 0.294025 -0.000000 0.000000 0.000000 0.000000 1.000000
0.992153 0.076824 -0.098647 -0.003000 -0.116259 0.276511 -0.953953 2.923900 -0.046010 0.957935 0.283272 0.000000 0.000000 0.000000 0.000000 1.000000
0.991948 0.076385 -0.101022 -0.003000 -0.117148 0.250253 -0.961067 2.923900 -0.048130 0.965163 0.257186 0.000000 0.000000 0.000000 0.000000 1.000000
0.991728 0.075891 -0.103515 -0.003000 -0.117993 0.221607 -0.967971 2.923900 -0.050521 0.972178 0.228728 0.000000 0.000000 0.000000 0.000000 1.000000
0.991570 0.075655 -0.105191 -0.003000 -0.118472 0.200591 -0.972485 2.923900 -0.052473 0.976750 0.207863 0.000000 0.000000 0.000000 0.000000 1.000000
0.991422 0.075473 -0.106702 -0.003000 -0.118919 0.182227 -0.976039 2.923900 -0.054221 0.980356 0.189639 0.000000 0.000000 0.000000 0.000000 1.000000
0.991315 0.075429 -0.107730 -0.003000 -0.119229 0.169793 -0.978241 2.923900 -0.055496 0.982589 0.177312 0.000000 0.000000 0.000000 0.000000 1.000000
0.991235 0.075497 -0.108410 -0.003000 -0.119409 0.160948 -0.979713 2.923900 -0.056517 0.984071 0.168552 0.000000 0.000000 0.000000 0.000000 1.000000</float_array>
        <technique_common>
          <accessor source="#mixamorig_RightHandRing2-Matrix-animation-output-transform-array" count="32" stride="16">
            <param type="float4x4"/>
          </accessor>
        </technique_common>
      </source>
      <source id="mixamorig_RightHandRing2-Interpolations">
        <Name_array id="mixamorig_RightHandRing2-Interpolations-array" count="32">
 LINEAR LINEAR LINEAR LINEAR LINEAR LINEAR LINEAR LINEAR LINEAR LINEAR LINEAR
LINEAR LINEAR LINEAR LINEAR LINEAR LINEAR LINEAR LINEAR LINEAR LINEAR LINEAR LINEAR
LINEAR LINEAR LINEAR LINEAR LINEAR LINEAR LINEAR LINEAR LINEAR</Name_array>
        <technique_common>
          <accessor source="#mixamorig_RightHandRing2-Interpolations-array" count="32">
            <param type="name"/>
          </accessor>
        </technique_common>
      </source>
      <sampler id="mixamorig_RightHandRing2-Matrix-animation-transform">
        <input semantic="INPUT" source="#mixamorig_RightHandRing2-Matrix-animation-input"/>
        <input semantic="OUTPUT" source="#mixamorig_RightHandRing2-Matrix-animation-output-transform"/>
        <input semantic="INTERPOLATION" source="#mixamorig_RightHandRing2-Interpolations"/>
      </sampler>
      <channel source="#mixamorig_RightHandRing2-Matrix-animation-transform" target="mixamorig_RightHandRing2/matrix"/>
    </animation>
    <animation id="mixamorig_RightHandRing3-anim" name="mixamorig_RightHandRing3">
      <source id="mixamorig_RightHandRing3-Matrix-animation-input">
        <float_array id="mixamorig_RightHandRing3-Matrix-animation-input-array" count="32">

0.000000 0.033333 0.066667 0.100000 0.133333 0.166667 0.200000 0.233333 0.266667 0.300000 0.333333 0.366667 0.400000 0.433333 0.466667 0.500000
0.533333 0.566667 0.600000 0.633333 0.666667 0.700000 0.733333 0.766667 0.800000 0.833333 0.866667 0.900000 0.933333 0.966667 1.000000 1.033333</float_array>
        <technique_common>
          <accessor source="#mixamorig_RightHandRing3-Matrix-animation-input-array" count="32">
            <param name="TIME" type="float"/>
          </accessor>
        </technique_common>
      </source>
      <source id="mixamorig_RightHandRing3-Matrix-animation-output-transform">
        <float_array id="mixamorig_RightHandRing3-Matrix-animation-output-transform-array" count="512">

1.000000 0.000831 0.000010 0.002600 -0.000831 1.000000 0.000000 2.718000 -0.000010 -0.000000 1.000000 0.000000 0.000000 0.000000 0.000000 1.000000
1.000000 0.000830 0.000010 0.002600 -0.000830 1.000000 0.000000 2.718000 -0.000010 -0.000000 1.000000 0.000000 0.000000 0.000000 0.000000 1.000000
1.000000 0.000831 0.000010 0.002600 -0.000831 1.000000 -0.000000 2.718000 -0.000010 0.000000 1.000000 0.000000 0.000000 0.000000 0.000000 1.000000
1.000000 0.000830 0.000010 0.002600 -0.000830 1.000000 0.000000 2.718000 -0.000010 -0.000000 1.000000 0.000000 0.000000 0.000000 0.000000 1.000000
1.000000 0.000830 0.000010 0.002600 -0.000830 1.000000 0.000000 2.718000 -0.000010 -0.000000 1.000000 0.000000 0.000000 0.000000 0.000000 1.000000
1.000000 0.000831 0.000010 0.002600 -0.000831 1.000000 0.000000 2.718000 -0.000010 -0.000000 1.000000 0.000000 0.000000 0.000000 0.000000 1.000000
1.000000 0.000830 0.000010 0.002600 -0.000830 1.000000 0.000000 2.718000 -0.000010 -0.000000 1.000000 -0.000000 0.000000 0.000000 0.000000 1.000000
1.000000 0.000830 0.000010 0.002600 -0.000830 1.000000 -0.000000 2.718000 -0.000010 0.000000 1.000000 0.000000 0.000000 0.000000 0.000000 1.000000
1.000000 0.000831 0.000010 0.002600 -0.000831 1.000000 0.000000 2.718000 -0.000010 -0.000000 1.000000 0.000000 0.000000 0.000000 0.000000 1.000000
1.000000 0.000831 0.000010 0.002600 -0.000831 1.000000 0.000000 2.718000 -0.000010 -0.000000 1.000000 0.000000 0.000000 0.000000 0.000000 1.000000
1.000000 0.000830 0.000010 0.002600 -0.000830 1.000000 0.000000 2.718000 -0.000010 -0.000000 1.000000 0.000000 0.000000 0.000000 0.000000 1.000000
1.000000 0.000831 0.000010 0.002600 -0.000831 1.000000 0.000000 2.718000 -0.000010 -0.000000 1.000000 -0.000000 0.000000 0.000000 0.000000 1.000000
1.000000 0.000831 0.000010 0.002600 -0.000831 1.000000 -0.000000 2.718000 -0.000010 0.000000 1.000000 0.000000 0.000000 0.000000 0.000000 1.000000
1.000000 0.000830 0.000010 0.002600 -0.000830 1.000000 -0.000000 2.718000 -0.000010 0.000000 1.000000 -0.000000 0.000000 0.000000 0.000000 1.000000
1.000000 0.000831 0.000010 0.002600 -0.000831 1.000000 0.000000 2.718000 -0.000010 -0.000000 1.000000 0.000000 0.000000 0.000000 0.000000 1.000000
1.000000 0.000831 0.000010 0.002600 -0.000831 1.000000 0.000000 2.718000 -0.000010 -0.000000 1.000000 -0.000000 0.000000 0.000000 0.000000 1.000000
1.000000 0.000830 0.000010 0.002600 -0.000830 1.000000 -0.000000 2.718000 -0.000010 0.000000 1.000000 0.000000 0.000000 0.000000 0.000000 1.000000
1.000000 0.000831 0.000010 0.002600 -0.000831 1.000000 -0.000000 2.718000 -0.000010 0.000000 1.000000 -0.000000 0.000000 0.000000 0.000000 1.000000
1.000000 0.000831 0.000010 0.002600 -0.000831 1.000000 0.000000 2.718000 -0.000010 -0.000000 1.000000 -0.000000 0.000000 0.000000 0.000000 1.000000
1.000000 0.000830 0.000010 0.002600 -0.000830 1.000000 0.000000 2.718000 -0.000010 -0.000000 1.000000 0.000000 0.000000 0.000000 0.000000 1.000000
1.000000 0.000831 0.000010 0.002600 -0.000831 1.000000 -0.000000 2.718000 -0.000010 0.000000 1.000000 0.000000 0.000000 0.000000 0.000000 1.000000
1.000000 0.000830 0.000010 0.002600 -0.000830 1.000000 -0.000000 2.718000 -0.000010 0.000000 1.000000 0.000000 0.000000 0.000000 0.000000 1.000000
1.000000 0.000830 0.000010 0.002600 -0.000830 1.000000 0.000000 2.718000 -0.000010 -0.000000 1.000000 0.000000 0.000000 0.000000 0.000000 1.000000
1.000000 0.000831 0.000010 0.002600 -0.000831 1.000000 0.000000 2.718000 -0.000010 -0.000000 1.000000 0.000000 0.000000 0.000000 0.000000 1.000000
1.000000 0.000830 0.000010 0.002600 -0.000830 1.000000 0.000000 2.718000 -0.000010 -0.000000 1.000000 0.000000 0.000000 0.000000 0.000000 1.000000
1.000000 0.000830 0.000010 0.002600 -0.000830 1.000000 -0.000000 2.718000 -0.000010 0.000000 1.000000 0.000000 0.000000 0.000000 0.000000 1.000000
1.000000 0.000830 0.000010 0.002600 -0.000830 1.000000 -0.000000 2.718000 -0.000010 0.000000 1.000000 0.000000 0.000000 0.000000 0.000000 1.000000
1.000000 0.000830 0.000010 0.002600 -0.000830 1.000000 -0.000000 2.718000 -0.000010 0.000000 1.000000 -0.000000 0.000000 0.000000 0.000000 1.000000
1.000000 0.000831 0.000010 0.002600 -0.000831 1.000000 0.000000 2.718000 -0.000010 -0.000000 1.000000 0.000000 0.000000 0.000000 0.000000 1.000000
1.000000 0.000830 0.000010 0.002600 -0.000830 1.000000 -0.000000 2.718000 -0.000010 0.000000 1.000000 -0.000000 0.000000 0.000000 0.000000 1.000000
1.000000 0.000831 0.000010 0.002600 -0.000831 1.000000 0.000000 2.718000 -0.000010 -0.000000 1.000000 0.000000 0.000000 0.000000 0.000000 1.000000
1.000000 0.000830 0.000010 0.002600 -0.000830 1.000000 -0.000000 2.718000 -0.000010 0.000000 1.000000 0.000000 0.000000 0.000000 0.000000 1.000000</float_array>
        <technique_common>
          <accessor source="#mixamorig_RightHandRing3-Matrix-animation-output-transform-array" count="32" stride="16">
            <param type="float4x4"/>
          </accessor>
        </technique_common>
      </source>
      <source id="mixamorig_RightHandRing3-Interpolations">
        <Name_array id="mixamorig_RightHandRing3-Interpolations-array" count="32">
 LINEAR LINEAR LINEAR LINEAR LINEAR LINEAR LINEAR LINEAR LINEAR LINEAR LINEAR
LINEAR LINEAR LINEAR LINEAR LINEAR LINEAR LINEAR LINEAR LINEAR LINEAR LINEAR LINEAR
LINEAR LINEAR LINEAR LINEAR LINEAR LINEAR LINEAR LINEAR LINEAR</Name_array>
        <technique_common>
          <accessor source="#mixamorig_RightHandRing3-Interpolations-array" count="32">
            <param type="name"/>
          </accessor>
        </technique_common>
      </source>
      <sampler id="mixamorig_RightHandRing3-Matrix-animation-transform">
        <input semantic="INPUT" source="#mixamorig_RightHandRing3-Matrix-animation-input"/>
        <input semantic="OUTPUT" source="#mixamorig_RightHandRing3-Matrix-animation-output-transform"/>
        <input semantic="INTERPOLATION" source="#mixamorig_RightHandRing3-Interpolations"/>
      </sampler>
      <channel source="#mixamorig_RightHandRing3-Matrix-animation-transform" target="mixamorig_RightHandRing3/matrix"/>
    </animation>
    <animation id="mixamorig_RightHandPinky1-anim" name="mixamorig_RightHandPinky1">
      <source id="mixamorig_RightHandPinky1-Matrix-animation-input">
        <float_array id="mixamorig_RightHandPinky1-Matrix-animation-input-array" count="32">

0.000000 0.033333 0.066667 0.100000 0.133333 0.166667 0.200000 0.233333 0.266667 0.300000 0.333333 0.366667 0.400000 0.433333 0.466667 0.500000
0.533333 0.566667 0.600000 0.633333 0.666667 0.700000 0.733333 0.766667 0.800000 0.833333 0.866667 0.900000 0.933333 0.966667 1.000000 1.033333</float_array>
        <technique_common>
          <accessor source="#mixamorig_RightHandPinky1-Matrix-animation-input-array" count="32">
            <param name="TIME" type="float"/>
          </accessor>
        </technique_common>
      </source>
      <source id="mixamorig_RightHandPinky1-Matrix-animation-output-transform">
        <float_array id="mixamorig_RightHandPinky1-Matrix-animation-output-transform-array" count="512">

0.972132 0.203144 -0.117014 -2.443100 -0.227557 0.697651 -0.679338 6.453600 -0.056369 0.687034 0.724436 0.125500 0.000000 0.000000 0.000000 1.000000
0.971137 0.205312 -0.121408 -2.443100 -0.230993 0.682656 -0.693269 6.453600 -0.059457 0.701304 0.710378 0.125500 0.000000 0.000000 0.000000 1.000000
0.970550 0.205638 -0.125480 -2.443100 -0.232977 0.668763 -0.706030 6.453600 -0.061271 0.714471 0.696977 0.125500 0.000000 0.000000 0.000000 1.000000
0.969758 0.206667 -0.129839 -2.443100 -0.235821 0.656276 -0.716722 6.453600 -0.062912 0.725666 0.685165 0.125500 0.000000 0.000000 0.000000 1.000000
0.968706 0.208549 -0.134598 -2.443100 -0.239528 0.643244 -0.727230 6.453600 -0.065084 0.736712 0.673068 0.125500 0.000000 0.000000 0.000000 1.000000
0.967507 0.210789 -0.139632 -2.443100 -0.243538 0.628471 -0.738724 6.453600 -0.067960 0.748727 0.659386 0.125500 0.000000 0.000000 0.000000 1.000000
0.966414 0.212482 -0.144551 -2.443100 -0.246863 0.611221 -0.751976 6.453600 -0.071429 0.762404 0.643147 0.125500 0.000000 0.000000 0.000000 1.000000
0.965816 0.212463 -0.148524 -2.443100 -0.248464 0.595304 -0.764120 6.453600 -0.073930 0.774902 0.627743 0.125500 0.000000 0.000000 0.000000 1.000000
0.966064 0.210086 -0.150279 -2.443100 -0.247841 0.590022 -0.768407 6.453600 -0.072764 0.779576 0.622067 0.125500 0.000000 0.000000 0.000000 1.000000
0.966089 0.208811 -0.151885 -2.443100 -0.247921 0.585763 -0.771633 6.453600 -0.072157 0.783122 0.617668 0.125500 0.000000 0.000000 0.000000 1.000000
0.966329 0.207055 -0.152765 -2.443100 -0.247017 0.580244 -0.776079 6.453600 -0.072050 0.787684 0.611852 0.125500 0.000000 0.000000 0.000000 1.000000
0.967464 0.202320 -0.151919 -2.443100 -0.243050 0.576395 -0.780189 6.453600 -0.070283 0.791729 0.606816 0.125500 0.000000 0.000000 0.000000 1.000000
0.968014 0.199674 -0.151915 -2.443100 -0.240789 0.569246 -0.786117 6.453600 -0.070490 0.797552 0.599118 0.125500 0.000000 0.000000 0.000000 1.000000
0.968585 0.197257 -0.151435 -2.443100 -0.238502 0.564398 -0.790298 6.453600 -0.070422 0.801589 0.593714 0.125500 0.000000 0.000000 0.000000 1.000000
0.969072 0.195655 -0.150396 -2.443100 -0.236741 0.565020 -0.790383 6.453600 -0.069666 0.801543 0.593865 0.125500 0.000000 0.000000 0.000000 1.000000
0.969002 0.196612 -0.149599 -2.443100 -0.237004 0.568830 -0.787567 6.453600 -0.069749 0.798609 0.597795 0.125500 0.000000 0.000000 0.000000 1.000000
0.968465 0.199840 -0.148793 -2.443100 -0.238846 0.574717 -0.782722 6.453600 -0.070905 0.793577 0.604324 0.125500 0.000000 0.000000 0.000000 1.000000
0.968740 0.200916 -0.145519 -2.443100 -0.238103 0.588353 -0.772753 6.453600 -0.069642 0.783245 0.617800 0.125500 0.000000 0.000000 0.000000 1.000000
0.970250 0.198861 -0.138094 -2.443100 -0.233604 0.619131 -0.749737 6.453600 -0.063595 0.759691 0.647167 0.125500 0.000000 0.000000 0.000000 1.000000
0.971697 0.198354 -0.128302 -2.443100 -0.229090 0.658688 -0.716692 6.453600 -0.057648 0.725800 0.685486 0.125500 0.000000 0.000000 0.000000 1.000000
0.972890 0.199039 -0.117765 -2.443100 -0.225188 0.699288 -0.678444 6.453600 -0.052685 0.686570 0.725152 0.125500 0.000000 0.000000 0.000000 1.000000
0.974134 0.198606 -0.107791 -2.443100 -0.220761 0.734567 -0.641620 6.453600 -0.048250 0.648820 0.759411 0.125500 0.000000 0.000000 0.000000 1.000000
0.975217 0.197102 -0.100513 -2.443100 -0.216636 0.758357 -0.614787 6.453600 -0.044951 0.621326 0.782262 0.125500 0.000000 0.000000 0.000000 1.000000
0.976163 0.194065 -0.097187 -2.443100 -0.212704 0.766320 -0.606227 6.453600 -0.043171 0.612448 0.789331 0.125500 0.000000 0.000000 0.000000 1.000000
0.977254 0.189193 -0.095811 -2.443100 -0.208230 0.770452 -0.602532 6.453600 -0.040177 0.608778 0.792323 0.125500 0.000000 0.000000 0.000000 1.000000
0.976340 0.192780 -0.097963 -2.443100 -0.211894 0.762501 -0.611305 6.453600 -0.043150 0.617599 0.785309 0.125500 0.000000 0.000000 0.000000 1.000000
0.975339 0.196169 -0.101156 -2.443100 -0.215936 0.753252 -0.621276 6.453600 -0.045679 0.627797 0.777035 0.125500 0.000000 0.000000 0.000000 1.000000
0.975468 0.194008 -0.104035 -2.443100 -0.215381 0.743338 -0.633293 6.453600 -0.045531 0.640164 0.766888 0.125500 0.000000 0.000000 0.000000 1.000000
0.975602 0.191616 -0.107159 -2.443100 -0.214680 0.730455 -0.648343 6.453600 -0.045959 0.655530 0.753770 0.125500 0.000000 0.000000 0.000000 1.000000
0.974610 0.194291 -0.111294 -2.443100 -0.218333 0.714387 -0.664817 6.453600 -0.049661 0.672236 0.738669 0.125500 0.000000 0.000000 0.000000 1.000000
0.973601 0.197424 -0.114563 -2.443100 -0.222083 0.703382 -0.675228 6.453600 -0.052724 0.682845 0.728658 0.125500 0.000000 0.000000 0.000000 1.000000
0.972132 0.203144 -0.117014 -2.443100 -0.227557 0.697651 -0.679339 6.453600 -0.056369 0.687034 0.724436 0.125500 0.000000 0.000000 0.000000 1.000000</float_array>
        <technique_common>
          <accessor source="#mixamorig_RightHandPinky1-Matrix-animation-output-transform-array" count="32" stride="16">
            <param type="float4x4"/>
          </accessor>
        </technique_common>
      </source>
      <source id="mixamorig_RightHandPinky1-Interpolations">
        <Name_array id="mixamorig_RightHandPinky1-Interpolations-array" count="32">
 LINEAR LINEAR LINEAR LINEAR LINEAR LINEAR LINEAR LINEAR LINEAR LINEAR LINEAR
LINEAR LINEAR LINEAR LINEAR LINEAR LINEAR LINEAR LINEAR LINEAR LINEAR LINEAR LINEAR
LINEAR LINEAR LINEAR LINEAR LINEAR LINEAR LINEAR LINEAR LINEAR</Name_array>
        <technique_common>
          <accessor source="#mixamorig_RightHandPinky1-Interpolations-array" count="32">
            <param type="name"/>
          </accessor>
        </technique_common>
      </source>
      <sampler id="mixamorig_RightHandPinky1-Matrix-animation-transform">
        <input semantic="INPUT" source="#mixamorig_RightHandPinky1-Matrix-animation-input"/>
        <input semantic="OUTPUT" source="#mixamorig_RightHandPinky1-Matrix-animation-output-transform"/>
        <input semantic="INTERPOLATION" source="#mixamorig_RightHandPinky1-Interpolations"/>
      </sampler>
      <channel source="#mixamorig_RightHandPinky1-Matrix-animation-transform" target="mixamorig_RightHandPinky1/matrix"/>
    </animation>
    <animation id="mixamorig_RightHandPinky2-anim" name="mixamorig_RightHandPinky2">
      <source id="mixamorig_RightHandPinky2-Matrix-animation-input">
        <float_array id="mixamorig_RightHandPinky2-Matrix-animation-input-array" count="32">

0.000000 0.033333 0.066667 0.100000 0.133333 0.166667 0.200000 0.233333 0.266667 0.300000 0.333333 0.366667 0.400000 0.433333 0.466667 0.500000
0.533333 0.566667 0.600000 0.633333 0.666667 0.700000 0.733333 0.766667 0.800000 0.833333 0.866667 0.900000 0.933333 0.966667 1.000000 1.033333</float_array>
        <technique_common>
          <accessor source="#mixamorig_RightHandPinky2-Matrix-animation-input-array" count="32">
            <param name="TIME" type="float"/>
          </accessor>
        </technique_common>
      </source>
      <source id="mixamorig_RightHandPinky2-Matrix-animation-output-transform">
        <float_array id="mixamorig_RightHandPinky2-Matrix-animation-output-transform-array" count="512">

0.979774 0.074509 -0.185716 -0.002600 -0.189292 0.044150 -0.980928 2.627900 -0.064888 0.996243 0.057361 0.000000 0.000000 0.000000 0.000000 1.000000
0.979589 0.072049 -0.187656 -0.002600 -0.189617 0.021365 -0.981626 2.627900 -0.066716 0.997172 0.034591 0.000000 0.000000 0.000000 0.000000 1.000000
0.979396 0.069317 -0.189681 -0.002600 -0.189921 -0.003165 -0.981794 2.627900 -0.068655 0.997590 0.010065 -0.000000 0.000000 0.000000 0.000000 1.000000
0.979265 0.067006 -0.191182 -0.002600 -0.189951 -0.024352 -0.981492 2.627900 -0.070422 0.997455 -0.011119 0.000000 0.000000 0.000000 0.000000 1.000000
0.979087 0.064144 -0.193066 -0.002600 -0.190124 -0.049233 -0.980525 2.627900 -0.072400 0.996725 -0.036008 0.000000 0.000000 0.000000 0.000000 1.000000
0.978898 0.061087 -0.195006 -0.002600 -0.190311 -0.075086 -0.978848 2.627900 -0.074437 0.995304 -0.061876 -0.000000 0.000000 0.000000 0.000000 1.000000
0.978812 0.059104 -0.196046 -0.002600 -0.190137 -0.092997 -0.977343 2.627900 -0.075996 0.993911 -0.079789 0.000000 0.000000 0.000000 0.000000 1.000000
0.978746 0.057415 -0.196873 -0.002600 -0.189927 -0.108328 -0.975804 2.627900 -0.077353 0.992456 -0.095120 0.000000 0.000000 0.000000 0.000000 1.000000
0.978710 0.056145 -0.197421 -0.002600 -0.189709 -0.119691 -0.974518 2.627900 -0.078344 0.991222 -0.106492 0.000000 0.000000 0.000000 0.000000 1.000000
0.978657 0.054954 -0.198018 -0.002600 -0.189547 -0.130870 -0.973111 2.627900 -0.079391 0.989875 -0.117660 0.000000 0.000000 0.000000 0.000000 1.000000
0.978634 0.054279 -0.198315 -0.002600 -0.189373 -0.137710 -0.972200 2.627900 -0.080080 0.988984 -0.124489 0.000000 0.000000 0.000000 0.000000 1.000000
0.978671 0.054398 -0.198101 -0.002600 -0.189072 -0.138615 -0.972130 2.627900 -0.080342 0.988851 -0.125373 0.000000 0.000000 0.000000 0.000000 1.000000
0.978714 0.054686 -0.197811 -0.002600 -0.188797 -0.138006 -0.972270 2.627900 -0.080469 0.988920 -0.124744 0.000000 0.000000 0.000000 0.000000 1.000000
0.978734 0.054858 -0.197663 -0.002600 -0.188675 -0.137431 -0.972376 2.627900 -0.080508 0.988991 -0.124158 0.000000 0.000000 0.000000 0.000000 1.000000
0.978802 0.055735 -0.197081 -0.002600 -0.188539 -0.130686 -0.973332 2.627900 -0.080004 0.989856 -0.117407 0.000000 0.000000 0.000000 0.000000 1.000000
0.978830 0.056511 -0.196720 -0.002600 -0.188599 -0.124371 -0.974147 2.627900 -0.079517 0.990625 -0.111080 0.000000 0.000000 0.000000 0.000000 1.000000
0.978897 0.057994 -0.195953 -0.002600 -0.188668 -0.111955 -0.975638 2.627900 -0.078519 0.992020 -0.098651 0.000000 0.000000 0.000000 0.000000 1.000000
0.979070 0.060893 -0.194203 -0.002600 -0.188525 -0.088192 -0.978100 2.627900 -0.076687 0.994241 -0.074866 0.000000 0.000000 0.000000 0.000000 1.000000
0.979378 0.065599 -0.191090 -0.002600 -0.188124 -0.048810 -0.980932 2.627900 -0.073676 0.996652 -0.035463 0.000000 0.000000 0.000000 0.000000 1.000000
0.979694 0.070782 -0.187590 -0.002600 -0.187999 -0.000901 -0.982169 2.627900 -0.069689 0.997491 0.012424 0.000000 0.000000 0.000000 0.000000 1.000000
0.980104 0.076668 -0.183082 -0.002600 -0.187559 0.055908 -0.980661 2.627900 -0.064949 0.995488 0.069175 0.000000 0.000000 0.000000 0.000000 1.000000
0.980530 0.082137 -0.178367 -0.002600 -0.186846 0.110791 -0.976122 2.627900 -0.060414 0.990444 0.123981 0.000000 0.000000 0.000000 0.000000 1.000000
0.980796 0.085697 -0.175201 -0.002600 -0.186462 0.148586 -0.971161 2.627900 -0.057193 0.985179 0.161712 0.000000 0.000000 0.000000 0.000000 1.000000
0.980843 0.086821 -0.174381 -0.002600 -0.186652 0.162706 -0.968859 2.627900 -0.055744 0.982847 0.175794 -0.000000 0.000000 0.000000 0.000000 1.000000
0.980834 0.086768 -0.174460 -0.002600 -0.186727 0.162814 -0.968826 2.627900 -0.055659 0.982834 0.175896 0.000000 0.000000 0.000000 0.000000 1.000000
0.980692 0.085527 -0.175864 -0.002600 -0.187222 0.150856 -0.970665 2.627900 -0.056488 0.984849 0.163956 -0.000000 0.000000 0.000000 0.000000 1.000000
0.980457 0.083297 -0.178230 -0.002600 -0.187979 0.129392 -0.973613 2.627900 -0.058037 0.988089 0.142521 0.000000 0.000000 0.000000 0.000000 1.000000
0.980264 0.081138 -0.180273 -0.002600 -0.188434 0.107717 -0.976161 2.627900 -0.059786 0.990865 0.120880 0.000000 0.000000 0.000000 0.000000 1.000000
0.980044 0.078648 -0.182560 -0.002600 -0.188933 0.083069 -0.978470 2.627900 -0.061789 0.993435 0.096270 0.000000 0.000000 0.000000 0.000000 1.000000
0.979927 0.076954 -0.183904 -0.002600 -0.189026 0.065577 -0.979780 2.627900 -0.063338 0.994876 0.078806 0.000000 0.000000 0.000000 0.000000 1.000000
0.979852 0.075733 -0.184810 -0.002600 -0.189059 0.053367 -0.980514 2.627900 -0.064395 0.995699 0.066609 0.000000 0.000000 0.000000 0.000000 1.000000
0.979775 0.074508 -0.185715 -0.002600 -0.189291 0.044150 -0.980928 2.627900 -0.064888 0.996243 0.057361 -0.000000 0.000000 0.000000 0.000000 1.000000</float_array>
        <technique_common>
          <accessor source="#mixamorig_RightHandPinky2-Matrix-animation-output-transform-array" count="32" stride="16">
            <param type="float4x4"/>
          </accessor>
        </technique_common>
      </source>
      <source id="mixamorig_RightHandPinky2-Interpolations">
        <Name_array id="mixamorig_RightHandPinky2-Interpolations-array" count="32">
 LINEAR LINEAR LINEAR LINEAR LINEAR LINEAR LINEAR LINEAR LINEAR LINEAR LINEAR
LINEAR LINEAR LINEAR LINEAR LINEAR LINEAR LINEAR LINEAR LINEAR LINEAR LINEAR LINEAR
LINEAR LINEAR LINEAR LINEAR LINEAR LINEAR LINEAR LINEAR LINEAR</Name_array>
        <technique_common>
          <accessor source="#mixamorig_RightHandPinky2-Interpolations-array" count="32">
            <param type="name"/>
          </accessor>
        </technique_common>
      </source>
      <sampler id="mixamorig_RightHandPinky2-Matrix-animation-transform">
        <input semantic="INPUT" source="#mixamorig_RightHandPinky2-Matrix-animation-input"/>
        <input semantic="OUTPUT" source="#mixamorig_RightHandPinky2-Matrix-animation-output-transform"/>
        <input semantic="INTERPOLATION" source="#mixamorig_RightHandPinky2-Interpolations"/>
      </sampler>
      <channel source="#mixamorig_RightHandPinky2-Matrix-animation-transform" target="mixamorig_RightHandPinky2/matrix"/>
    </animation>
    <animation id="mixamorig_RightHandPinky3-anim" name="mixamorig_RightHandPinky3">
      <source id="mixamorig_RightHandPinky3-Matrix-animation-input">
        <float_array id="mixamorig_RightHandPinky3-Matrix-animation-input-array" count="32">

0.000000 0.033333 0.066667 0.100000 0.133333 0.166667 0.200000 0.233333 0.266667 0.300000 0.333333 0.366667 0.400000 0.433333 0.466667 0.500000
0.533333 0.566667 0.600000 0.633333 0.666667 0.700000 0.733333 0.766667 0.800000 0.833333 0.866667 0.900000 0.933333 0.966667 1.000000 1.033333</float_array>
        <technique_common>
          <accessor source="#mixamorig_RightHandPinky3-Matrix-animation-input-array" count="32">
            <param name="TIME" type="float"/>
          </accessor>
        </technique_common>
      </source>
      <source id="mixamorig_RightHandPinky3-Matrix-animation-output-transform">
        <float_array id="mixamorig_RightHandPinky3-Matrix-animation-output-transform-array" count="512">

0.999994 -0.003406 -0.000059 -0.001900 0.003406 0.999994 0.000000 2.122500 0.000059 -0.000000 1.000000 -0.000000 0.000000 0.000000 0.000000 1.000000
0.999994 -0.003406 -0.000058 -0.001900 0.003406 0.999994 -0.000000 2.122500 0.000058 -0.000000 1.000000 -0.000000 0.000000 0.000000 0.000000 1.000000
0.999994 -0.003406 -0.000058 -0.001900 0.003406 0.999994 -0.000000 2.122500 0.000058 -0.000000 1.000000 0.000000 0.000000 0.000000 0.000000 1.000000
0.999994 -0.003406 -0.000058 -0.001900 0.003406 0.999994 0.000000 2.122500 0.000058 -0.000000 1.000000 0.000000 0.000000 0.000000 0.000000 1.000000
0.999994 -0.003406 -0.000058 -0.001900 0.003406 0.999994 -0.000000 2.122500 0.000058 -0.000000 1.000000 0.000000 0.000000 0.000000 0.000000 1.000000
0.999994 -0.003406 -0.000058 -0.001900 0.003406 0.999994 0.000000 2.122500 0.000058 -0.000000 1.000000 -0.000000 0.000000 0.000000 0.000000 1.000000
0.999994 -0.003406 -0.000059 -0.001900 0.003406 0.999994 -0.000000 2.122500 0.000059 -0.000000 1.000000 0.000000 0.000000 0.000000 0.000000 1.000000
0.999994 -0.003406 -0.000059 -0.001900 0.003406 0.999994 0.000000 2.122500 0.000059 -0.000000 1.000000 -0.000000 0.000000 0.000000 0.000000 1.000000
0.999994 -0.003406 -0.000058 -0.001900 0.003406 0.999994 -0.000000 2.122500 0.000058 -0.000000 1.000000 0.000000 0.000000 0.000000 0.000000 1.000000
0.999994 -0.003406 -0.000059 -0.001900 0.003406 0.999994 -0.000000 2.122500 0.000059 -0.000000 1.000000 0.000000 0.000000 0.000000 0.000000 1.000000
0.999994 -0.003406 -0.000059 -0.001900 0.003406 0.999994 -0.000000 2.122500 0.000059 -0.000000 1.000000 -0.000000 0.000000 0.000000 0.000000 1.000000
0.999994 -0.003406 -0.000058 -0.001900 0.003406 0.999994 -0.000000 2.122500 0.000058 -0.000000 1.000000 0.000000 0.000000 0.000000 0.000000 1.000000
0.999994 -0.003406 -0.000059 -0.001900 0.003406 0.999994 0.000000 2.122500 0.000059 -0.000000 1.000000 0.000000 0.000000 0.000000 0.000000 1.000000
0.999994 -0.003406 -0.000058 -0.001900 0.003406 0.999994 -0.000000 2.122500 0.000058 0.000000 1.000000 0.000000 0.000000 0.000000 0.000000 1.000000
0.999994 -0.003406 -0.000059 -0.001900 0.003406 0.999994 -0.000000 2.122500 0.000059 -0.000000 1.000000 0.000000 0.000000 0.000000 0.000000 1.000000
0.999994 -0.003406 -0.000059 -0.001900 0.003406 0.999994 0.000000 2.122500 0.000059 -0.000000 1.000000 0.000000 0.000000 0.000000 0.000000 1.000000
0.999994 -0.003406 -0.000059 -0.001900 0.003406 0.999994 -0.000000 2.122500 0.000059 -0.000000 1.000000 -0.000000 0.000000 0.000000 0.000000 1.000000
0.999994 -0.003406 -0.000058 -0.001900 0.003406 0.999994 -0.000000 2.122500 0.000058 -0.000000 1.000000 0.000000 0.000000 0.000000 0.000000 1.000000
0.999994 -0.003406 -0.000059 -0.001900 0.003406 0.999994 0.000000 2.122500 0.000059 -0.000000 1.000000 0.000000 0.000000 0.000000 0.000000 1.000000
0.999994 -0.003407 -0.000058 -0.001900 0.003407 0.999994 -0.000000 2.122500 0.000058 -0.000000 1.000000 0.000000 0.000000 0.000000 0.000000 1.000000
0.999994 -0.003407 -0.000058 -0.001900 0.003407 0.999994 -0.000000 2.122500 0.000058 -0.000000 1.000000 -0.000000 0.000000 0.000000 0.000000 1.000000
0.999994 -0.003406 -0.000059 -0.001900 0.003406 0.999994 0.000000 2.122500 0.000059 -0.000000 1.000000 -0.000000 0.000000 0.000000 0.000000 1.000000
0.999994 -0.003406 -0.000059 -0.001900 0.003406 0.999994 0.000000 2.122500 0.000059 -0.000000 1.000000 0.000000 0.000000 0.000000 0.000000 1.000000
0.999994 -0.003406 -0.000059 -0.001900 0.003406 0.999994 0.000000 2.122500 0.000059 -0.000000 1.000000 -0.000000 0.000000 0.000000 0.000000 1.000000
0.999994 -0.003406 -0.000058 -0.001900 0.003406 0.999994 -0.000000 2.122500 0.000058 -0.000000 1.000000 0.000000 0.000000 0.000000 0.000000 1.000000
0.999994 -0.003406 -0.000058 -0.001900 0.003406 0.999994 0.000000 2.122500 0.000058 -0.000000 1.000000 -0.000000 0.000000 0.000000 0.000000 1.000000
0.999994 -0.003406 -0.000059 -0.001900 0.003406 0.999994 -0.000000 2.122500 0.000059 -0.000000 1.000000 0.000000 0.000000 0.000000 0.000000 1.000000
0.999994 -0.003406 -0.000059 -0.001900 0.003406 0.999994 0.000000 2.122500 0.000059 -0.000000 1.000000 0.000000 0.000000 0.000000 0.000000 1.000000
0.999994 -0.003406 -0.000059 -0.001900 0.003406 0.999994 0.000000 2.122500 0.000059 -0.000000 1.000000 0.000000 0.000000 0.000000 0.000000 1.000000
0.999994 -0.003406 -0.000059 -0.001900 0.003406 0.999994 0.000000 2.122500 0.000059 -0.000000 1.000000 0.000000 0.000000 0.000000 0.000000 1.000000
0.999994 -0.003406 -0.000059 -0.001900 0.003406 0.999994 0.000000 2.122500 0.000059 -0.000000 1.000000 0.000000 0.000000 0.000000 0.000000 1.000000
0.999994 -0.003406 -0.000058 -0.001900 0.003406 0.999994 0.000000 2.122500 0.000058 -0.000000 1.000000 0.000000 0.000000 0.000000 0.000000 1.000000</float_array>
        <technique_common>
          <accessor source="#mixamorig_RightHandPinky3-Matrix-animation-output-transform-array" count="32" stride="16">
            <param type="float4x4"/>
          </accessor>
        </technique_common>
      </source>
      <source id="mixamorig_RightHandPinky3-Interpolations">
        <Name_array id="mixamorig_RightHandPinky3-Interpolations-array" count="32">
 LINEAR LINEAR LINEAR LINEAR LINEAR LINEAR LINEAR LINEAR LINEAR LINEAR LINEAR
LINEAR LINEAR LINEAR LINEAR LINEAR LINEAR LINEAR LINEAR LINEAR LINEAR LINEAR LINEAR
LINEAR LINEAR LINEAR LINEAR LINEAR LINEAR LINEAR LINEAR LINEAR</Name_array>
        <technique_common>
          <accessor source="#mixamorig_RightHandPinky3-Interpolations-array" count="32">
            <param type="name"/>
          </accessor>
        </technique_common>
      </source>
      <sampler id="mixamorig_RightHandPinky3-Matrix-animation-transform">
        <input semantic="INPUT" source="#mixamorig_RightHandPinky3-Matrix-animation-input"/>
        <input semantic="OUTPUT" source="#mixamorig_RightHandPinky3-Matrix-animation-output-transform"/>
        <input semantic="INTERPOLATION" source="#mixamorig_RightHandPinky3-Interpolations"/>
      </sampler>
      <channel source="#mixamorig_RightHandPinky3-Matrix-animation-transform" target="mixamorig_RightHandPinky3/matrix"/>
    </animation>
    <animation id="mixamorig_LeftUpLeg-anim" name="mixamorig_LeftUpLeg">
      <source id="mixamorig_LeftUpLeg-Matrix-animation-input">
        <float_array id="mixamorig_LeftUpLeg-Matrix-animation-input-array" count="32">

0.000000 0.033333 0.066667 0.100000 0.133333 0.166667 0.200000 0.233333 0.266667 0.300000 0.333333 0.366667 0.400000 0.433333 0.466667 0.500000
0.533333 0.566667 0.600000 0.633333 0.666667 0.700000 0.733333 0.766667 0.800000 0.833333 0.866667 0.900000 0.933333 0.966667 1.000000 1.033333</float_array>
        <technique_common>
          <accessor source="#mixamorig_LeftUpLeg-Matrix-animation-input-array" count="32">
            <param name="TIME" type="float"/>
          </accessor>
        </technique_common>
      </source>
      <source id="mixamorig_LeftUpLeg-Matrix-animation-output-transform">
        <float_array id="mixamorig_LeftUpLeg-Matrix-animation-output-transform-array" count="512">

-0.987244 0.129535 0.092577 7.557000 -0.060866 -0.844341 0.532337 -4.826300 0.147123 0.519912 0.841455 0.300500 0.000000 0.000000 0.000000 1.000000
-0.988366 0.120833 0.092367 7.557000 -0.046428 -0.818018 0.573316 -4.826300 0.144833 0.562358 0.814111 0.300500 0.000000 0.000000 0.000000 1.000000
-0.990554 0.109377 0.082704 7.557000 -0.040020 -0.807464 0.588558 -4.826300 0.131155 0.579688 0.804214 0.300500 0.000000 0.000000 0.000000 1.000000
-0.992251 0.099545 0.074354 7.557000 -0.036169 -0.803926 0.593628 -4.826300 0.118868 0.586339 0.801297 0.300500 0.000000 0.000000 0.000000 1.000000
-0.993281 0.089858 0.072922 7.557000 -0.028476 -0.800543 0.598599 -4.826300 0.112166 0.592500 0.797723 0.300500 0.000000 0.000000 0.000000 1.000000
-0.994929 0.077293 0.064365 7.557000 -0.021455 -0.788271 0.614954 -4.826300 0.098269 0.610454 0.785932 0.300500 0.000000 0.000000 0.000000 1.000000
-0.995990 0.071543 0.053712 7.557000 -0.018741 -0.753923 0.656695 -4.826300 0.087477 0.653055 0.752241 0.300500 0.000000 0.000000 0.000000 1.000000
-0.995227 0.075823 0.061440 7.557000 -0.013330 -0.729288 0.684077 -4.826300 0.096677 0.679993 0.726817 0.300500 0.000000 0.000000 0.000000 1.000000
-0.993619 0.076953 0.082463 7.557000 -0.001338 -0.739097 0.673598 -4.826300 0.112783 0.669189 0.734484 0.300500 0.000000 0.000000 0.000000 1.000000
-0.992856 0.078804 0.089588 7.557000 0.003557 -0.730967 0.682403 -4.826300 0.119262 0.677847 0.725465 0.300500 0.000000 0.000000 0.000000 1.000000
-0.993829 0.066098 0.089080 7.557000 0.010169 -0.745400 0.666540 -4.826300 0.110457 0.663333 0.740128 0.300500 0.000000 0.000000 0.000000 1.000000
-0.994715 0.053110 0.087870 7.557000 0.018726 -0.747619 0.663864 -4.826300 0.100951 0.662001 0.742674 0.300500 0.000000 0.000000 0.000000 1.000000
-0.995218 0.036296 0.090688 7.557000 0.026665 -0.792195 0.609685 -4.826300 0.093972 0.609187 0.787439 0.300500 0.000000 0.000000 0.000000 1.000000
-0.994944 0.026068 0.096992 7.557000 0.027554 -0.857827 0.513200 -4.826300 0.096581 0.513277 0.852771 0.300500 0.000000 0.000000 0.000000 1.000000
-0.992372 0.029316 0.119740 7.557000 0.020754 -0.917718 0.396691 -4.826300 0.121517 0.396150 0.910109 0.300500 0.000000 0.000000 0.000000 1.000000
-0.989063 0.029608 0.144488 7.557000 0.010557 -0.962919 0.269584 -4.826300 0.147112 0.268161 0.952076 0.300500 0.000000 0.000000 0.000000 1.000000
-0.987311 0.026411 0.156586 7.557000 -0.000216 -0.986294 0.164997 -4.826300 0.158797 0.162869 0.973785 0.300500 0.000000 0.000000 0.000000 1.000000
-0.985006 0.022546 0.171040 7.557000 -0.010912 -0.997581 0.068655 -4.826300 0.172174 0.065759 0.982869 0.300500 0.000000 0.000000 0.000000 1.000000
-0.982074 0.016610 0.187761 7.557000 -0.021580 -0.999468 -0.024457 -4.826300 0.187255 -0.028071 0.981910 0.300500 0.000000 0.000000 0.000000 1.000000
-0.978135 0.020732 0.206933 7.557000 -0.039777 -0.995299 -0.088301 -4.826300 0.204130 -0.094602 0.974362 0.300500 0.000000 0.000000 0.000000 1.000000
-0.974967 0.038206 0.219044 7.557000 -0.062355 -0.992577 -0.104416 -4.826300 0.213429 -0.115461 0.970112 0.300500 0.000000 0.000000 0.000000 1.000000
-0.976254 0.057256 0.208924 7.557000 -0.080561 -0.991226 -0.104794 -4.826300 0.201091 -0.119137 0.972301 0.300500 0.000000 0.000000 0.000000 1.000000
-0.978460 0.065664 0.195717 7.557000 -0.089338 -0.989376 -0.114690 -4.826300 0.186107 -0.129704 0.973931 0.300500 0.000000 0.000000 0.000000 1.000000
-0.975015 0.074250 0.209365 7.557000 -0.109612 -0.980566 -0.162715 -4.826300 0.193214 -0.181599 0.964204 0.300500 0.000000 0.000000 0.000000 1.000000
-0.974678 0.086109 0.206368 7.557000 -0.128562 -0.970893 -0.202084 -4.826300 0.182960 -0.223498 0.957379 0.300500 0.000000 0.000000 0.000000 1.000000
-0.974973 0.111673 0.192240 7.557000 -0.127566 -0.989188 -0.072346 -4.826300 0.182083 -0.095059 0.978678 0.300500 0.000000 0.000000 0.000000 1.000000
-0.977119 0.137644 0.162149 7.557000 -0.134080 -0.990428 0.032774 -4.826300 0.165108 0.010283 0.986222 0.300500 0.000000 0.000000 0.000000 1.000000
-0.977383 0.157278 0.141370 7.557000 -0.134890 -0.978499 0.156027 -4.826300 0.162870 0.133429 0.977584 0.300500 0.000000 0.000000 0.000000 1.000000
-0.980659 0.157366 0.116376 7.557000 -0.121114 -0.954994 0.270774 -4.826300 0.153749 0.251442 0.955583 0.300500 0.000000 0.000000 0.000000 1.000000
-0.985235 0.142642 0.094685 7.557000 -0.098717 -0.925149 0.366544 -4.826300 0.139882 0.351785 0.925570 0.300500 0.000000 0.000000 0.000000 1.000000
-0.987339 0.131404 0.088852 7.557000 -0.077945 -0.889755 0.449735 -4.826300 0.138153 0.437115 0.888732 0.300500 0.000000 0.000000 0.000000 1.000000
-0.987244 0.129535 0.092577 7.557000 -0.060866 -0.844341 0.532338 -4.826300 0.147123 0.519912 0.841455 0.300500 0.000000 0.000000 0.000000 1.000000</float_array>
        <technique_common>
          <accessor source="#mixamorig_LeftUpLeg-Matrix-animation-output-transform-array" count="32" stride="16">
            <param type="float4x4"/>
          </accessor>
        </technique_common>
      </source>
      <source id="mixamorig_LeftUpLeg-Interpolations">
        <Name_array id="mixamorig_LeftUpLeg-Interpolations-array" count="32">
 LINEAR LINEAR LINEAR LINEAR LINEAR LINEAR LINEAR LINEAR LINEAR LINEAR LINEAR
LINEAR LINEAR LINEAR LINEAR LINEAR LINEAR LINEAR LINEAR LINEAR LINEAR LINEAR LINEAR
LINEAR LINEAR LINEAR LINEAR LINEAR LINEAR LINEAR LINEAR LINEAR</Name_array>
        <technique_common>
          <accessor source="#mixamorig_LeftUpLeg-Interpolations-array" count="32">
            <param type="name"/>
          </accessor>
        </technique_common>
      </source>
      <sampler id="mixamorig_LeftUpLeg-Matrix-animation-transform">
        <input semantic="INPUT" source="#mixamorig_LeftUpLeg-Matrix-animation-input"/>
        <input semantic="OUTPUT" source="#mixamorig_LeftUpLeg-Matrix-animation-output-transform"/>
        <input semantic="INTERPOLATION" source="#mixamorig_LeftUpLeg-Interpolations"/>
      </sampler>
      <channel source="#mixamorig_LeftUpLeg-Matrix-animation-transform" target="mixamorig_LeftUpLeg/matrix"/>
    </animation>
    <animation id="mixamorig_LeftLeg-anim" name="mixamorig_LeftLeg">
      <source id="mixamorig_LeftLeg-Matrix-animation-input">
        <float_array id="mixamorig_LeftLeg-Matrix-animation-input-array" count="32">

0.000000 0.033333 0.066667 0.100000 0.133333 0.166667 0.200000 0.233333 0.266667 0.300000 0.333333 0.366667 0.400000 0.433333 0.466667 0.500000
0.533333 0.566667 0.600000 0.633333 0.666667 0.700000 0.733333 0.766667 0.800000 0.833333 0.866667 0.900000 0.933333 0.966667 1.000000 1.033333</float_array>
        <technique_common>
          <accessor source="#mixamorig_LeftLeg-Matrix-animation-input-array" count="32">
            <param name="TIME" type="float"/>
          </accessor>
        </technique_common>
      </source>
      <source id="mixamorig_LeftLeg-Matrix-animation-output-transform">
        <float_array id="mixamorig_LeftLeg-Matrix-animation-output-transform-array" count="512">

0.999755 -0.001106 0.022127 -0.124600 -0.019948 0.389587 0.920774 24.065800 -0.009639 -0.920989 0.389469 0.104700 0.000000 0.000000 0.000000 1.000000
0.999794 0.013962 -0.014708 -0.124600 0.005682 0.503377 0.864048 24.065800 0.019468 -0.863954 0.503194 0.104700 0.000000 0.000000 0.000000 1.000000
0.998062 0.021663 -0.058330 -0.124600 0.030623 0.645034 0.763540 24.065800 0.054165 -0.763847 0.643120 0.104700 0.000000 0.000000 0.000000 1.000000
0.996337 0.023541 -0.082207 -0.124600 0.033557 0.776603 0.629096 24.065800 0.078652 -0.629551 0.772968 0.104700 0.000000 0.000000 0.000000 1.000000
0.997014 0.017570 -0.075198 -0.124600 0.020451 0.878930 0.476513 24.065800 0.074466 -0.476628 0.875946 0.104700 0.000000 0.000000 0.000000 1.000000
0.998164 0.002343 -0.060527 -0.124600 0.019223 0.935345 0.353213 24.065800 0.057441 -0.353728 0.933583 0.104700 0.000000 0.000000 0.000000 1.000000
0.999021 -0.011908 -0.042607 -0.124600 0.025486 0.942134 0.334268 24.065800 0.036161 -0.335026 0.941515 0.104700 0.000000 0.000000 0.000000 1.000000
0.999908 -0.012248 -0.005895 -0.124600 0.013568 0.925123 0.379424 24.065800 0.000806 -0.379469 0.925204 0.104700 0.000000 0.000000 0.000000 1.000000
0.999364 -0.003360 0.035494 -0.124600 -0.011706 0.909431 0.415690 24.065800 -0.033676 -0.415841 0.908814 0.104700 0.000000 0.000000 0.000000 1.000000
0.996079 0.003469 0.088395 -0.124600 -0.047218 0.865835 0.498097 24.065800 -0.074807 -0.500318 0.862604 0.104700 0.000000 0.000000 0.000000 1.000000
0.997071 0.009781 0.075854 -0.124600 -0.049292 0.840518 0.539536 24.065800 -0.058480 -0.541695 0.838538 0.104700 0.000000 0.000000 0.000000 1.000000
0.997547 0.014023 0.068585 -0.124600 -0.054143 0.775585 0.628917 24.065800 -0.044375 -0.631088 0.774441 0.104700 0.000000 0.000000 0.000000 1.000000
0.997396 0.010825 0.071307 -0.124600 -0.054166 0.765234 0.641470 24.065800 -0.047623 -0.643662 0.763827 0.104700 0.000000 0.000000 0.000000 1.000000
0.996673 0.006336 0.081252 -0.124600 -0.053778 0.800243 0.597259 24.065800 -0.061238 -0.599642 0.797922 0.104700 0.000000 0.000000 0.000000 1.000000
0.993035 0.003798 0.117759 -0.124600 -0.064926 0.851671 0.520040 24.065800 -0.098317 -0.524063 0.845985 0.104700 0.000000 0.000000 0.000000 1.000000
0.986283 0.001845 0.165056 -0.124600 -0.071979 0.904669 0.419991 24.065800 -0.148546 -0.426110 0.892392 0.104700 0.000000 0.000000 0.000000 1.000000
0.977951 0.001725 0.208826 -0.124600 -0.073765 0.938360 0.337696 24.065800 -0.195372 -0.345654 0.917798 0.104700 0.000000 0.000000 0.000000 1.000000
0.967319 0.009905 0.253368 -0.124600 -0.079106 0.961153 0.264438 24.065800 -0.240906 -0.275839 0.930525 0.104700 0.000000 0.000000 0.000000 1.000000
0.954453 0.017582 0.297842 -0.124600 -0.082964 0.974533 0.208334 24.065800 -0.286594 -0.223556 0.931604 0.104700 0.000000 0.000000 0.000000 1.000000
0.941459 0.028752 0.335900 -0.124600 -0.103333 0.973010 0.206335 24.065800 -0.320902 -0.228966 0.919019 0.104700 0.000000 0.000000 0.000000 1.000000
0.930451 0.036457 0.364599 -0.124600 -0.146871 0.948714 0.279949 24.065800 -0.335694 -0.314028 0.888086 0.104700 0.000000 0.000000 0.000000 1.000000
0.927610 0.036419 0.371770 -0.124600 -0.186550 0.907409 0.376575 24.065800 -0.323633 -0.418668 0.848516 0.104700 0.000000 0.000000 0.000000 1.000000
0.930674 0.015521 0.365519 -0.124600 -0.193206 0.869267 0.455023 24.065800 -0.310672 -0.494099 0.812003 0.104700 0.000000 0.000000 0.000000 1.000000
0.927944 -0.015857 0.372383 -0.124600 -0.173359 0.866085 0.468874 24.065800 -0.329950 -0.499645 0.800929 0.104700 0.000000 0.000000 0.000000 1.000000
0.936833 -0.034637 0.348058 -0.124600 -0.143176 0.869926 0.471942 24.065800 -0.319131 -0.491965 0.810016 0.104700 0.000000 0.000000 0.000000 1.000000
0.957646 -0.065706 0.280353 -0.124600 -0.147219 0.725027 0.672802 24.065800 -0.247470 -0.685579 0.684646 0.104700 0.000000 0.000000 0.000000 1.000000
0.984529 -0.064303 0.162995 -0.124600 -0.093513 0.593852 0.799121 24.065800 -0.148181 -0.802001 0.578651 0.104700 0.000000 0.000000 0.000000 1.000000
0.995063 -0.057299 0.081028 -0.124600 -0.045676 0.460436 0.886517 24.065800 -0.088105 -0.885842 0.455546 0.104700 0.000000 0.000000 0.000000 1.000000
0.995701 -0.047849 0.079307 -0.124600 -0.056947 0.359022 0.931590 24.065800 -0.073049 -0.932102 0.354754 0.104700 0.000000 0.000000 0.000000 1.000000
0.995828 -0.035168 0.084205 -0.124600 -0.068539 0.320963 0.944609 24.065800 -0.060247 -0.946439 0.317213 0.104700 0.000000 0.000000 0.000000 1.000000
0.998465 -0.019641 0.051793 -0.124600 -0.042126 0.337911 0.940235 24.065800 -0.035969 -0.940973 0.336565 0.104700 0.000000 0.000000 0.000000 1.000000
0.999755 -0.001106 0.022127 -0.124600 -0.019948 0.389585 0.920774 24.065800 -0.009639 -0.920990 0.389467 0.104700 0.000000 0.000000 0.000000 1.000000</float_array>
        <technique_common>
          <accessor source="#mixamorig_LeftLeg-Matrix-animation-output-transform-array" count="32" stride="16">
            <param type="float4x4"/>
          </accessor>
        </technique_common>
      </source>
      <source id="mixamorig_LeftLeg-Interpolations">
        <Name_array id="mixamorig_LeftLeg-Interpolations-array" count="32">
 LINEAR LINEAR LINEAR LINEAR LINEAR LINEAR LINEAR LINEAR LINEAR LINEAR LINEAR
LINEAR LINEAR LINEAR LINEAR LINEAR LINEAR LINEAR LINEAR LINEAR LINEAR LINEAR LINEAR
LINEAR LINEAR LINEAR LINEAR LINEAR LINEAR LINEAR LINEAR LINEAR</Name_array>
        <technique_common>
          <accessor source="#mixamorig_LeftLeg-Interpolations-array" count="32">
            <param type="name"/>
          </accessor>
        </technique_common>
      </source>
      <sampler id="mixamorig_LeftLeg-Matrix-animation-transform">
        <input semantic="INPUT" source="#mixamorig_LeftLeg-Matrix-animation-input"/>
        <input semantic="OUTPUT" source="#mixamorig_LeftLeg-Matrix-animation-output-transform"/>
        <input semantic="INTERPOLATION" source="#mixamorig_LeftLeg-Interpolations"/>
      </sampler>
      <channel source="#mixamorig_LeftLeg-Matrix-animation-transform" target="mixamorig_LeftLeg/matrix"/>
    </animation>
    <animation id="mixamorig_LeftFoot-anim" name="mixamorig_LeftFoot">
      <source id="mixamorig_LeftFoot-Matrix-animation-input">
        <float_array id="mixamorig_LeftFoot-Matrix-animation-input-array" count="32">

0.000000 0.033333 0.066667 0.100000 0.133333 0.166667 0.200000 0.233333 0.266667 0.300000 0.333333 0.366667 0.400000 0.433333 0.466667 0.500000
0.533333 0.566667 0.600000 0.633333 0.666667 0.700000 0.733333 0.766667 0.800000 0.833333 0.866667 0.900000 0.933333 0.966667 1.000000 1.033333</float_array>
        <technique_common>
          <accessor source="#mixamorig_LeftFoot-Matrix-animation-input-array" count="32">
            <param name="TIME" type="float"/>
          </accessor>
        </technique_common>
      </source>
      <source id="mixamorig_LeftFoot-Matrix-animation-output-transform">
        <float_array id="mixamorig_LeftFoot-Matrix-animation-output-transform-array" count="512">

0.999889 -0.004848 -0.014063 -0.006000 -0.008711 0.575514 -0.817746 33.063099 0.012058 0.817778 0.575408 0.003900 0.000000 0.000000 0.000000 1.000000
0.999929 -0.011014 -0.004575 -0.006000 0.001962 0.530350 -0.847777 33.063099 0.011764 0.847707 0.530334 0.003900 0.000000 0.000000 0.000000 1.000000
0.999795 -0.018151 0.008961 -0.006000 0.016693 0.488856 -0.872205 33.063099 0.011451 0.872176 0.489059 0.003900 0.000000 0.000000 0.000000 1.000000
0.999177 -0.028796 0.028553 -0.006000 0.038758 0.471003 -0.881280 33.063099 0.011928 0.881661 0.471732 0.003900 0.000000 0.000000 0.000000 1.000000
0.998510 -0.036812 0.040289 -0.006000 0.053277 0.497511 -0.865820 33.063099 0.011828 0.866676 0.498731 0.003900 0.000000 0.000000 0.000000 1.000000
0.999211 -0.029727 0.026322 -0.006000 0.037922 0.518008 -0.854535 33.063099 0.011768 0.854859 0.518727 0.003900 0.000000 0.000000 0.000000 1.000000
0.999889 -0.014675 0.002450 -0.006000 0.009373 0.493407 -0.869748 33.063099 0.011555 0.869675 0.493490 0.003900 0.000000 0.000000 0.000000 1.000000
0.999933 -0.009911 -0.006053 -0.006000 -0.001129 0.435773 -0.900056 33.063099 0.011559 0.900002 0.435733 0.003900 0.000000 0.000000 0.000000 1.000000
0.999350 -0.025950 0.025012 -0.006000 0.033754 0.430554 -0.901933 33.063099 0.012636 0.902192 0.431151 0.003900 0.000000 0.000000 0.000000 1.000000
0.999855 -0.015223 0.007585 -0.006000 0.014463 0.526403 -0.850112 33.063099 0.008949 0.850099 0.526547 0.003900 0.000000 0.000000 0.000000 1.000000
0.999640 -0.021736 0.015704 -0.006000 0.025977 0.639608 -0.768262 33.063099 0.006655 0.768394 0.639943 0.003900 0.000000 0.000000 0.000000 1.000000
0.999215 -0.028860 0.027153 -0.006000 0.038661 0.559704 -0.827790 33.063099 0.008692 0.828190 0.560380 0.003900 0.000000 0.000000 0.000000 1.000000
0.998859 -0.032828 0.034673 -0.006000 0.046304 0.488760 -0.871189 33.063099 0.011653 0.871801 0.489722 0.003900 0.000000 0.000000 0.000000 1.000000
0.998568 -0.035262 0.040221 -0.006000 0.051664 0.441056 -0.895992 33.063099 0.013854 0.896787 0.442246 0.003900 0.000000 0.000000 0.000000 1.000000
0.998099 -0.038747 0.047927 -0.006000 0.059619 0.409917 -0.910172 33.063099 0.015621 0.911299 0.411448 0.003900 0.000000 0.000000 0.000000 1.000000
0.996558 -0.048745 0.067054 -0.006000 0.080756 0.388115 -0.918066 33.063099 0.018727 0.920321 0.390716 0.003900 0.000000 0.000000 0.000000 1.000000
0.996313 -0.050498 0.069357 -0.006000 0.083413 0.381085 -0.920770 33.063099 0.020066 0.923160 0.383892 0.003900 0.000000 0.000000 0.000000 1.000000
0.996361 -0.050919 0.068354 -0.006000 0.082222 0.362853 -0.928212 33.063099 0.022461 0.930454 0.365719 0.003900 0.000000 0.000000 0.000000 1.000000
0.995475 -0.055615 0.077055 -0.006000 0.090944 0.322375 -0.942233 33.063099 0.027562 0.944977 0.325974 0.003900 0.000000 0.000000 0.000000 1.000000
0.994363 -0.060514 0.087060 -0.006000 0.100295 0.270575 -0.957460 33.063099 0.034384 0.960795 0.275119 0.003900 0.000000 0.000000 0.000000 1.000000
0.992470 -0.066820 0.102659 -0.006000 0.115386 0.228745 -0.966624 33.063099 0.041107 0.971190 0.234733 0.003900 0.000000 0.000000 0.000000 1.000000
0.990711 -0.072346 0.115142 -0.006000 0.128113 0.212669 -0.968689 33.063099 0.045594 0.974442 0.219962 0.003900 0.000000 0.000000 0.000000 1.000000
0.991104 -0.073011 0.111273 -0.006000 0.125470 0.233781 -0.964160 33.063099 0.044380 0.969544 0.240862 0.003900 0.000000 0.000000 0.000000 1.000000
0.992993 -0.067737 0.096832 -0.006000 0.112061 0.279637 -0.953544 33.063099 0.037513 0.957713 0.285268 0.003900 0.000000 0.000000 0.000000 1.000000
0.994540 -0.060839 0.084785 -0.006000 0.101525 0.376184 -0.920966 33.063099 0.024136 0.924546 0.380307 0.003900 0.000000 0.000000 0.000000 1.000000
0.991766 -0.074954 0.103834 -0.006000 0.128056 0.573539 -0.809108 33.063099 0.001093 0.815742 0.578415 0.003900 0.000000 0.000000 0.000000 1.000000
0.995926 -0.052067 0.073626 -0.006000 0.089369 0.678885 -0.728786 33.063099 -0.012037 0.732397 0.680772 0.003900 0.000000 0.000000 0.000000 1.000000
0.987577 -0.102873 0.118778 -0.006000 0.153829 0.787167 -0.597247 33.063099 -0.032058 0.608100 0.793213 0.003900 0.000000 0.000000 0.000000 1.000000
0.975805 -0.147207 0.161664 -0.006000 0.214796 0.783539 -0.583034 33.063099 -0.040844 0.603652 0.796201 0.003900 0.000000 0.000000 0.000000 1.000000
0.978482 -0.132489 0.158175 -0.006000 0.204988 0.711544 -0.672075 33.063099 -0.023506 0.690037 0.723392 0.003900 0.000000 0.000000 0.000000 1.000000
0.994460 -0.067652 0.080448 -0.006000 0.105111 0.636889 -0.763756 33.063099 0.000433 0.767981 0.640472 0.003900 0.000000 0.000000 0.000000 1.000000
0.999889 -0.004848 -0.014063 -0.006000 -0.008711 0.575513 -0.817746 33.063099 0.012058 0.817778 0.575407 0.003900 0.000000 0.000000 0.000000 1.000000</float_array>
        <technique_common>
          <accessor source="#mixamorig_LeftFoot-Matrix-animation-output-transform-array" count="32" stride="16">
            <param type="float4x4"/>
          </accessor>
        </technique_common>
      </source>
      <source id="mixamorig_LeftFoot-Interpolations">
        <Name_array id="mixamorig_LeftFoot-Interpolations-array" count="32">
 LINEAR LINEAR LINEAR LINEAR LINEAR LINEAR LINEAR LINEAR LINEAR LINEAR LINEAR
LINEAR LINEAR LINEAR LINEAR LINEAR LINEAR LINEAR LINEAR LINEAR LINEAR LINEAR LINEAR
LINEAR LINEAR LINEAR LINEAR LINEAR LINEAR LINEAR LINEAR LINEAR</Name_array>
        <technique_common>
          <accessor source="#mixamorig_LeftFoot-Interpolations-array" count="32">
            <param type="name"/>
          </accessor>
        </technique_common>
      </source>
      <sampler id="mixamorig_LeftFoot-Matrix-animation-transform">
        <input semantic="INPUT" source="#mixamorig_LeftFoot-Matrix-animation-input"/>
        <input semantic="OUTPUT" source="#mixamorig_LeftFoot-Matrix-animation-output-transform"/>
        <input semantic="INTERPOLATION" source="#mixamorig_LeftFoot-Interpolations"/>
      </sampler>
      <channel source="#mixamorig_LeftFoot-Matrix-animation-transform" target="mixamorig_LeftFoot/matrix"/>
    </animation>
    <animation id="mixamorig_LeftToeBase-anim" name="mixamorig_LeftToeBase">
      <source id="mixamorig_LeftToeBase-Matrix-animation-input">
        <float_array id="mixamorig_LeftToeBase-Matrix-animation-input-array" count="32">

0.000000 0.033333 0.066667 0.100000 0.133333 0.166667 0.200000 0.233333 0.266667 0.300000 0.333333 0.366667 0.400000 0.433333 0.466667 0.500000
0.533333 0.566667 0.600000 0.633333 0.666667 0.700000 0.733333 0.766667 0.800000 0.833333 0.866667 0.900000 0.933333 0.966667 1.000000 1.033333</float_array>
        <technique_common>
          <accessor source="#mixamorig_LeftToeBase-Matrix-animation-input-array" count="32">
            <param name="TIME" type="float"/>
          </accessor>
        </technique_common>
      </source>
      <source id="mixamorig_LeftToeBase-Matrix-animation-output-transform">
        <float_array id="mixamorig_LeftToeBase-Matrix-animation-output-transform-array" count="512">

0.999757 0.022062 0.000052 -0.005300 -0.017815 0.808711 -0.587936 12.893300 -0.013013 0.587792 0.808907 -0.515500 0.000000 0.000000 0.000000 1.000000
0.999735 -0.003683 -0.022709 -0.005300 -0.010760 0.797623 -0.603060 12.893300 0.020334 0.603145 0.797372 -0.515500 0.000000 0.000000 0.000000 1.000000
0.994173 -0.074352 -0.078048 -0.005300 0.009915 0.784047 -0.620622 12.893300 0.107338 0.616232 0.780216 -0.515500 0.000000 0.000000 0.000000 1.000000
0.998446 -0.032161 -0.045505 -0.005300 -0.002342 0.791688 -0.610921 12.893300 0.055673 0.610078 0.790383 -0.515500 0.000000 0.000000 0.000000 1.000000
0.999120 -0.020010 -0.036860 -0.005300 -0.006754 0.790626 -0.612262 12.893300 0.041394 0.611972 0.789796 -0.515500 0.000000 0.000000 0.000000 1.000000
0.995512 -0.062673 -0.070907 -0.005300 0.004379 0.778974 -0.627040 12.893300 0.094533 0.623916 0.775753 -0.515500 0.000000 0.000000 0.000000 1.000000
0.990687 -0.095021 -0.097517 -0.005300 0.009209 0.761336 -0.648292 12.893300 0.135844 0.641357 0.755121 -0.515500 0.000000 0.000000 0.000000 1.000000
0.994052 -0.070089 -0.083358 -0.005300 -0.005455 0.732392 -0.680861 12.893300 0.108772 0.677266 0.727653 -0.515500 0.000000 0.000000 0.000000 1.000000
0.993964 -0.065651 -0.087892 -0.005300 -0.020112 0.678547 -0.734282 12.893300 0.107845 0.731617 0.673131 -0.515500 0.000000 0.000000 0.000000 1.000000
0.992467 -0.100423 -0.070174 -0.005300 0.021228 0.705087 -0.708803 12.893300 0.120659 0.701974 0.701907 -0.515500 0.000000 0.000000 0.000000 1.000000
0.991726 -0.087609 -0.093831 -0.005300 0.013330 0.797251 -0.603501 12.893300 0.127679 0.597257 0.791822 -0.515500 0.000000 0.000000 0.000000 1.000000
0.993701 -0.075302 -0.082989 -0.005300 0.012028 0.807969 -0.589102 12.893300 0.111413 0.584393 0.803786 -0.515500 0.000000 0.000000 0.000000 1.000000
0.993066 -0.076137 -0.089572 -0.005300 0.008153 0.804707 -0.593616 12.893300 0.117275 0.588770 0.799748 -0.515500 0.000000 0.000000 0.000000 1.000000
0.992561 -0.077136 -0.094195 -0.005300 0.005717 0.802362 -0.596810 12.893300 0.121614 0.591832 0.796835 -0.515500 0.000000 0.000000 0.000000 1.000000
0.992478 -0.077750 -0.094559 -0.005300 0.005947 0.802127 -0.597124 12.893300 0.122275 0.592071 0.796556 -0.515500 0.000000 0.000000 0.000000 1.000000
0.991744 -0.077667 -0.102037 -0.005300 0.000622 0.798618 -0.601838 12.893300 0.128231 0.596806 0.792073 -0.515500 0.000000 0.000000 0.000000 1.000000
0.991803 -0.078097 -0.101129 -0.005300 -0.001022 0.786592 -0.617472 12.893300 0.127770 0.612514 0.780065 -0.515500 0.000000 0.000000 0.000000 1.000000
0.992552 -0.074625 -0.096286 -0.005300 -0.001750 0.781585 -0.623797 12.893300 0.121806 0.619319 0.775633 -0.515500 0.000000 0.000000 0.000000 1.000000
0.991770 -0.078543 -0.101113 -0.005300 -0.001875 0.780736 -0.624858 12.893300 0.128021 0.619905 0.774163 -0.515500 0.000000 0.000000 0.000000 1.000000
0.991814 -0.079190 -0.100167 -0.005300 -0.003137 0.769110 -0.639109 12.893300 0.127650 0.634191 0.762566 -0.515500 0.000000 0.000000 0.000000 1.000000
0.992033 -0.080777 -0.096676 -0.005300 -0.008333 0.723634 -0.690134 12.893300 0.125704 0.685441 0.717195 -0.515500 0.000000 0.000000 0.000000 1.000000
0.992014 -0.084929 -0.093253 -0.005300 -0.017431 0.639925 -0.768240 12.893300 0.124921 0.763730 0.633334 -0.515500 0.000000 0.000000 0.000000 1.000000
0.991990 -0.088741 -0.089899 -0.005300 -0.029211 0.531231 -0.846723 12.893300 0.122896 0.842567 0.524384 -0.515500 0.000000 0.000000 0.000000 1.000000
0.992155 -0.086087 -0.090650 -0.005300 -0.038696 0.478035 -0.877488 12.893300 0.118874 0.874112 0.470953 -0.515500 0.000000 0.000000 0.000000 1.000000
0.996358 -0.080210 -0.028940 -0.005300 0.005616 0.400385 -0.916330 12.893300 0.085086 0.912830 0.399377 -0.515500 0.000000 0.000000 0.000000 1.000000
0.993976 -0.087571 -0.065899 -0.005300 -0.037314 0.294954 -0.954782 12.893300 0.103049 0.951490 0.289910 -0.515500 0.000000 0.000000 0.000000 1.000000
0.992170 -0.044218 -0.116808 -0.005300 -0.076863 0.520989 -0.850096 12.893300 0.098445 0.852418 0.513510 -0.515500 0.000000 0.000000 0.000000 1.000000
0.996324 -0.005028 -0.085513 -0.005300 -0.052587 0.752118 -0.656928 12.893300 0.067619 0.659010 0.749089 -0.515500 0.000000 0.000000 0.000000 1.000000
0.989194 -0.033452 -0.142744 -0.005300 -0.061782 0.787841 -0.612772 12.893300 0.132958 0.614969 0.777261 -0.515500 0.000000 0.000000 0.000000 1.000000
0.986920 -0.049281 -0.153492 -0.005300 -0.051051 0.807584 -0.587538 12.893300 0.152912 0.587689 0.794506 -0.515500 0.000000 0.000000 0.000000 1.000000
0.996510 -0.016475 -0.081831 -0.005300 -0.036350 0.796850 -0.603083 12.893300 0.075143 0.603952 0.793470 -0.515500 0.000000 0.000000 0.000000 1.000000
0.999757 0.022062 0.000052 -0.005300 -0.017815 0.808711 -0.587937 12.893300 -0.013013 0.587793 0.808907 -0.515500 0.000000 0.000000 0.000000 1.000000</float_array>
        <technique_common>
          <accessor source="#mixamorig_LeftToeBase-Matrix-animation-output-transform-array" count="32" stride="16">
            <param type="float4x4"/>
          </accessor>
        </technique_common>
      </source>
      <source id="mixamorig_LeftToeBase-Interpolations">
        <Name_array id="mixamorig_LeftToeBase-Interpolations-array" count="32">
 LINEAR LINEAR LINEAR LINEAR LINEAR LINEAR LINEAR LINEAR LINEAR LINEAR LINEAR
LINEAR LINEAR LINEAR LINEAR LINEAR LINEAR LINEAR LINEAR LINEAR LINEAR LINEAR LINEAR
LINEAR LINEAR LINEAR LINEAR LINEAR LINEAR LINEAR LINEAR LINEAR</Name_array>
        <technique_common>
          <accessor source="#mixamorig_LeftToeBase-Interpolations-array" count="32">
            <param type="name"/>
          </accessor>
        </technique_common>
      </source>
      <sampler id="mixamorig_LeftToeBase-Matrix-animation-transform">
        <input semantic="INPUT" source="#mixamorig_LeftToeBase-Matrix-animation-input"/>
        <input semantic="OUTPUT" source="#mixamorig_LeftToeBase-Matrix-animation-output-transform"/>
        <input semantic="INTERPOLATION" source="#mixamorig_LeftToeBase-Interpolations"/>
      </sampler>
      <channel source="#mixamorig_LeftToeBase-Matrix-animation-transform" target="mixamorig_LeftToeBase/matrix"/>
    </animation>
    <animation id="mixamorig_RightUpLeg-anim" name="mixamorig_RightUpLeg">
      <source id="mixamorig_RightUpLeg-Matrix-animation-input">
        <float_array id="mixamorig_RightUpLeg-Matrix-animation-input-array" count="32">

0.000000 0.033333 0.066667 0.100000 0.133333 0.166667 0.200000 0.233333 0.266667 0.300000 0.333333 0.366667 0.400000 0.433333 0.466667 0.500000
0.533333 0.566667 0.600000 0.633333 0.666667 0.700000 0.733333 0.766667 0.800000 0.833333 0.866667 0.900000 0.933333 0.966667 1.000000 1.033333</float_array>
        <technique_common>
          <accessor source="#mixamorig_RightUpLeg-Matrix-animation-input-array" count="32">
            <param name="TIME" type="float"/>
          </accessor>
        </technique_common>
      </source>
      <source id="mixamorig_RightUpLeg-Matrix-animation-output-transform">
        <float_array id="mixamorig_RightUpLeg-Matrix-animation-output-transform-array" count="512">

-0.987796 0.030969 -0.152644 -7.557000 -0.063448 -0.975042 0.212763 -4.826300 -0.142245 0.219851 0.965107 0.300500 0.000000 0.000000 0.000000 1.000000
-0.985914 0.036341 -0.163258 -7.557000 -0.058266 -0.989591 0.131589 -4.826300 -0.156776 0.139247 0.977769 0.300500 0.000000 0.000000 0.000000 1.000000
-0.984080 0.037118 -0.173808 -7.557000 -0.048671 -0.996846 0.062682 -4.826300 -0.170933 0.070144 0.982783 0.300500 0.000000 0.000000 0.000000 1.000000
-0.981796 0.029086 -0.187698 -7.557000 -0.028431 -0.999577 -0.006184 -4.826300 -0.187799 -0.000735 0.982207 0.300500 0.000000 0.000000 0.000000 1.000000
-0.980500 0.016074 -0.195858 -7.557000 -0.003440 -0.997900 -0.064674 -4.826300 -0.196487 -0.062740 0.978497 0.300500 0.000000 0.000000 0.000000 1.000000
-0.978820 -0.002727 -0.204703 -7.557000 0.023933 -0.994579 -0.101189 -4.826300 -0.203317 -0.103945 0.973580 0.300500 0.000000 0.000000 0.000000 1.000000
-0.977010 -0.019628 -0.212290 -7.557000 0.049510 -0.989419 -0.136378 -4.826300 -0.207367 -0.143753 0.967644 0.300500 0.000000 0.000000 0.000000 1.000000
-0.974887 -0.035189 -0.219904 -7.557000 0.073445 -0.982996 -0.168302 -4.826300 -0.210242 -0.180226 0.960894 0.300500 0.000000 0.000000 0.000000 1.000000
-0.972933 -0.050976 -0.225394 -7.557000 0.096240 -0.976137 -0.194664 -4.826300 -0.210093 -0.211087 0.954622 0.300500 0.000000 0.000000 0.000000 1.000000
-0.971750 -0.058023 -0.228770 -7.557000 0.108293 -0.970865 -0.213760 -4.826300 -0.209702 -0.232496 0.949721 0.300500 0.000000 0.000000 0.000000 1.000000
-0.971917 -0.072954 -0.223731 -7.557000 0.115646 -0.976081 -0.184100 -4.826300 -0.204949 -0.204803 0.957106 0.300500 0.000000 0.000000 0.000000 1.000000
-0.977077 -0.080147 -0.197221 -7.557000 0.107841 -0.985104 -0.133940 -4.826300 -0.183548 -0.152138 0.971166 0.300500 0.000000 0.000000 0.000000 1.000000
-0.979495 -0.089002 -0.180744 -7.557000 0.092833 -0.995599 -0.012831 -4.826300 -0.178806 -0.029347 0.983447 0.300500 0.000000 0.000000 0.000000 1.000000
-0.983385 -0.086381 -0.159664 -7.557000 0.068086 -0.990830 0.116710 -4.826300 -0.168281 0.103900 0.980248 0.300500 0.000000 0.000000 0.000000 1.000000
-0.987309 -0.072741 -0.141173 -7.557000 0.034295 -0.965616 0.257699 -4.826300 -0.155065 0.249587 0.955856 0.300500 0.000000 0.000000 0.000000 1.000000
-0.990070 -0.056676 -0.128646 -7.557000 0.005460 -0.929939 0.367675 -4.826300 -0.140471 0.363321 0.921013 0.300500 0.000000 0.000000 0.000000 1.000000
-0.991510 -0.049894 -0.120074 -7.557000 -0.010053 -0.891271 0.453360 -4.826300 -0.129639 0.450718 0.883203 0.300500 0.000000 0.000000 0.000000 1.000000
-0.992780 -0.054045 -0.107086 -7.557000 -0.008655 -0.858144 0.513336 -4.826300 -0.119638 0.510556 0.851481 0.300500 0.000000 0.000000 0.000000 1.000000
-0.993967 -0.061715 -0.090668 -7.557000 0.002471 -0.839059 0.544035 -4.826300 -0.109651 0.540529 0.834149 0.300500 0.000000 0.000000 0.000000 1.000000
-0.994827 -0.068534 -0.074982 -7.557000 0.014134 -0.824338 0.565922 -4.826300 -0.100595 0.561935 0.821042 0.300500 0.000000 0.000000 0.000000 1.000000
-0.994909 -0.075136 -0.067161 -7.557000 0.022590 -0.815745 0.577970 -4.826300 -0.098213 0.573511 0.813290 0.300500 0.000000 0.000000 0.000000 1.000000
-0.993788 -0.085711 -0.070983 -7.557000 0.026244 -0.800340 0.598972 -4.826300 -0.108149 0.593389 0.797618 0.300500 0.000000 0.000000 0.000000 1.000000
-0.993257 -0.092977 -0.069248 -7.557000 0.026911 -0.765922 0.642370 -4.826300 -0.112764 0.636175 0.763259 0.300500 0.000000 0.000000 0.000000 1.000000
-0.993862 -0.089540 -0.064972 -7.557000 0.019658 -0.720889 0.692772 -4.826300 -0.108869 0.687242 0.718224 0.300500 0.000000 0.000000 0.000000 1.000000
-0.994689 -0.076880 -0.068436 -7.557000 0.003619 -0.690613 0.723215 -4.826300 -0.102864 0.719127 0.687223 0.300500 0.000000 0.000000 0.000000 1.000000
-0.995121 -0.061019 -0.077527 -7.557000 -0.012399 -0.702222 0.711850 -4.826300 -0.097878 0.709339 0.698039 0.300500 0.000000 0.000000 0.000000 1.000000
-0.995344 -0.036652 -0.089143 -7.557000 -0.032601 -0.742338 0.669232 -4.826300 -0.090703 0.669023 0.737687 0.300500 0.000000 0.000000 0.000000 1.000000
-0.994268 -0.008054 -0.106617 -7.557000 -0.061310 -0.773989 0.630224 -4.826300 -0.087596 0.633148 0.769058 0.300500 0.000000 0.000000 0.000000 1.000000
-0.991468 0.009613 -0.129992 -7.557000 -0.079631 -0.834208 0.545670 -4.826300 -0.103194 0.551366 0.827856 0.300500 0.000000 0.000000 0.000000 1.000000
-0.989797 0.019612 -0.141126 -7.557000 -0.080266 -0.895110 0.438561 -4.826300 -0.117722 0.445414 0.887551 0.300500 0.000000 0.000000 0.000000 1.000000
-0.988481 0.025628 -0.149157 -7.557000 -0.073758 -0.942170 0.326917 -4.826300 -0.132153 0.334153 0.933208 0.300500 0.000000 0.000000 0.000000 1.000000
-0.987796 0.030968 -0.152644 -7.557000 -0.063448 -0.975040 0.212769 -4.826300 -0.142245 0.219857 0.965106 0.300500 0.000000 0.000000 0.000000 1.000000</float_array>
        <technique_common>
          <accessor source="#mixamorig_RightUpLeg-Matrix-animation-output-transform-array" count="32" stride="16">
            <param type="float4x4"/>
          </accessor>
        </technique_common>
      </source>
      <source id="mixamorig_RightUpLeg-Interpolations">
        <Name_array id="mixamorig_RightUpLeg-Interpolations-array" count="32">
 LINEAR LINEAR LINEAR LINEAR LINEAR LINEAR LINEAR LINEAR LINEAR LINEAR LINEAR
LINEAR LINEAR LINEAR LINEAR LINEAR LINEAR LINEAR LINEAR LINEAR LINEAR LINEAR LINEAR
LINEAR LINEAR LINEAR LINEAR LINEAR LINEAR LINEAR LINEAR LINEAR</Name_array>
        <technique_common>
          <accessor source="#mixamorig_RightUpLeg-Interpolations-array" count="32">
            <param type="name"/>
          </accessor>
        </technique_common>
      </source>
      <sampler id="mixamorig_RightUpLeg-Matrix-animation-transform">
        <input semantic="INPUT" source="#mixamorig_RightUpLeg-Matrix-animation-input"/>
        <input semantic="OUTPUT" source="#mixamorig_RightUpLeg-Matrix-animation-output-transform"/>
        <input semantic="INTERPOLATION" source="#mixamorig_RightUpLeg-Interpolations"/>
      </sampler>
      <channel source="#mixamorig_RightUpLeg-Matrix-animation-transform" target="mixamorig_RightUpLeg/matrix"/>
    </animation>
    <animation id="mixamorig_RightLeg-anim" name="mixamorig_RightLeg">
      <source id="mixamorig_RightLeg-Matrix-animation-input">
        <float_array id="mixamorig_RightLeg-Matrix-animation-input-array" count="32">

0.000000 0.033333 0.066667 0.100000 0.133333 0.166667 0.200000 0.233333 0.266667 0.300000 0.333333 0.366667 0.400000 0.433333 0.466667 0.500000
0.533333 0.566667 0.600000 0.633333 0.666667 0.700000 0.733333 0.766667 0.800000 0.833333 0.866667 0.900000 0.933333 0.966667 1.000000 1.033333</float_array>
        <technique_common>
          <accessor source="#mixamorig_RightLeg-Matrix-animation-input-array" count="32">
            <param name="TIME" type="float"/>
          </accessor>
        </technique_common>
      </source>
      <source id="mixamorig_RightLeg-Matrix-animation-output-transform">
        <float_array id="mixamorig_RightLeg-Matrix-animation-output-transform-array" count="512">

0.989878 -0.017125 -0.140882 0.124800 0.066589 0.932681 0.354502 24.070101 0.125327 -0.360295 0.924381 -0.144900 0.000000 0.000000 0.000000 1.000000
0.987489 -0.019588 -0.156468 0.124800 0.070262 0.942969 0.325381 24.070101 0.141171 -0.332304 0.932548 -0.144900 0.000000 0.000000 0.000000 1.000000
0.984326 -0.026863 -0.174299 0.124800 0.082405 0.943860 0.319903 24.070101 0.155921 -0.329252 0.931280 -0.144900 0.000000 0.000000 0.000000 1.000000
0.979467 -0.039374 -0.197722 0.124800 0.102702 0.941394 0.321293 24.070101 0.173484 -0.335003 0.926108 -0.144900 0.000000 0.000000 0.000000 1.000000
0.975099 -0.050842 -0.215865 0.124800 0.122423 0.935023 0.332784 24.070101 0.184919 -0.350924 0.917964 -0.144900 0.000000 0.000000 0.000000 1.000000
0.970687 -0.058093 -0.233219 0.124800 0.143560 0.918373 0.368756 24.070101 0.192760 -0.391428 0.899793 -0.144900 0.000000 0.000000 0.000000 1.000000
0.967707 -0.057999 -0.245313 0.124800 0.156294 0.901583 0.403387 24.070101 0.197774 -0.428702 0.881533 -0.144900 0.000000 0.000000 0.000000 1.000000
0.965867 -0.047987 -0.254557 0.124800 0.161376 0.880168 0.446389 24.070101 0.202632 -0.472231 0.857868 -0.144900 0.000000 0.000000 0.000000 1.000000
0.965317 -0.030409 -0.259305 0.124800 0.159913 0.853954 0.495166 24.070101 0.206377 -0.519459 0.829199 -0.144900 0.000000 0.000000 0.000000 1.000000
0.968726 -0.005300 -0.248078 0.124800 0.137412 0.843930 0.518556 24.070101 0.206612 -0.536428 0.818265 -0.144900 0.000000 0.000000 0.000000 1.000000
0.983060 0.014713 -0.182690 0.124800 0.095768 0.808642 0.580454 24.070101 0.156271 -0.588117 0.793535 -0.144900 0.000000 0.000000 0.000000 1.000000
0.996795 0.023104 -0.076585 0.124800 0.032908 0.754192 0.655828 24.070101 0.072912 -0.656247 0.751015 -0.144900 0.000000 0.000000 0.000000 1.000000
0.999632 0.026294 -0.006714 0.124800 -0.012095 0.653143 0.757138 24.070101 0.024294 -0.756778 0.653220 -0.144900 0.000000 0.000000 0.000000 1.000000
0.999634 0.020130 0.018081 0.124800 -0.026307 0.566668 0.823526 24.070101 0.006332 -0.823700 0.566990 -0.144900 0.000000 0.000000 0.000000 1.000000
0.999659 0.008072 0.024854 0.124800 -0.025535 0.503824 0.863429 24.070101 -0.005552 -0.863769 0.503858 -0.144900 0.000000 0.000000 0.000000 1.000000
0.999263 -0.008156 0.037512 0.124800 -0.028143 0.508934 0.860345 24.070101 -0.026108 -0.860767 0.508329 -0.144900 0.000000 0.000000 0.000000 1.000000
0.998312 -0.020464 0.054346 0.124800 -0.032938 0.571200 0.820150 24.070101 -0.047826 -0.820556 0.569562 -0.144900 0.000000 0.000000 0.000000 1.000000
0.997292 -0.024269 0.069424 0.124800 -0.034823 0.675623 0.736424 24.070101 -0.064776 -0.736848 0.672949 -0.144900 0.000000 0.000000 0.000000 1.000000
0.997118 -0.016797 0.073985 0.124800 -0.032006 0.791025 0.610947 24.070101 -0.068786 -0.611554 0.788207 -0.144900 0.000000 0.000000 0.000000 1.000000
0.997297 -0.001955 0.073448 0.124800 -0.032368 0.885728 0.463076 24.070101 -0.065961 -0.464201 0.883270 -0.144900 0.000000 0.000000 0.000000 1.000000
0.997458 0.010880 0.070426 0.124800 -0.031772 0.952507 0.302853 24.070101 -0.063786 -0.304321 0.950432 -0.144900 0.000000 0.000000 0.000000 1.000000
0.998712 0.014194 0.048709 0.124800 -0.024036 0.977861 0.207870 24.070101 -0.044680 -0.208773 0.976943 -0.144900 0.000000 0.000000 0.000000 1.000000
0.999582 0.014071 0.025256 0.124800 -0.019810 0.969617 0.243825 24.070101 -0.021058 -0.244223 0.969490 -0.144900 0.000000 0.000000 0.000000 1.000000
0.999816 0.014366 0.012744 0.124800 -0.018106 0.926298 0.376357 24.070101 -0.006398 -0.376518 0.926387 -0.144900 0.000000 0.000000 0.000000 1.000000
0.999814 0.015633 0.011277 0.124800 -0.019155 0.871368 0.490256 24.070101 -0.002162 -0.490381 0.871506 -0.144900 0.000000 0.000000 0.000000 1.000000
1.000000 0.000108 0.000550 0.124800 -0.000381 0.851087 0.525025 24.070101 -0.000412 -0.525025 0.851087 -0.144900 0.000000 0.000000 0.000000 1.000000
0.999876 -0.014260 -0.006726 0.124800 0.015677 0.853776 0.520405 24.070101 -0.001679 -0.520446 0.853893 -0.144900 0.000000 0.000000 0.000000 1.000000
0.999785 -0.013365 -0.015855 0.124800 0.019925 0.830934 0.556015 24.070101 0.005743 -0.556211 0.831021 -0.144900 0.000000 0.000000 0.000000 1.000000
0.999175 -0.010083 -0.039330 0.124800 0.029625 0.843463 0.536370 24.070101 0.027765 -0.537093 0.843066 -0.144900 0.000000 0.000000 0.000000 1.000000
0.997741 -0.011582 -0.066171 0.124800 0.042602 0.870704 0.489959 24.070101 0.051941 -0.491672 0.869230 -0.144900 0.000000 0.000000 0.000000 1.000000
0.994705 -0.013873 -0.101834 0.124800 0.056711 0.900436 0.431275 24.070101 0.085712 -0.434767 0.896455 -0.144900 0.000000 0.000000 0.000000 1.000000
0.989878 -0.017125 -0.140882 0.124800 0.066591 0.932677 0.354512 24.070101 0.125326 -0.360305 0.924377 -0.144900 0.000000 0.000000 0.000000 1.000000</float_array>
        <technique_common>
          <accessor source="#mixamorig_RightLeg-Matrix-animation-output-transform-array" count="32" stride="16">
            <param type="float4x4"/>
          </accessor>
        </technique_common>
      </source>
      <source id="mixamorig_RightLeg-Interpolations">
        <Name_array id="mixamorig_RightLeg-Interpolations-array" count="32">
 LINEAR LINEAR LINEAR LINEAR LINEAR LINEAR LINEAR LINEAR LINEAR LINEAR LINEAR
LINEAR LINEAR LINEAR LINEAR LINEAR LINEAR LINEAR LINEAR LINEAR LINEAR LINEAR LINEAR
LINEAR LINEAR LINEAR LINEAR LINEAR LINEAR LINEAR LINEAR LINEAR</Name_array>
        <technique_common>
          <accessor source="#mixamorig_RightLeg-Interpolations-array" count="32">
            <param type="name"/>
          </accessor>
        </technique_common>
      </source>
      <sampler id="mixamorig_RightLeg-Matrix-animation-transform">
        <input semantic="INPUT" source="#mixamorig_RightLeg-Matrix-animation-input"/>
        <input semantic="OUTPUT" source="#mixamorig_RightLeg-Matrix-animation-output-transform"/>
        <input semantic="INTERPOLATION" source="#mixamorig_RightLeg-Interpolations"/>
      </sampler>
      <channel source="#mixamorig_RightLeg-Matrix-animation-transform" target="mixamorig_RightLeg/matrix"/>
    </animation>
    <animation id="mixamorig_RightFoot-anim" name="mixamorig_RightFoot">
      <source id="mixamorig_RightFoot-Matrix-animation-input">
        <float_array id="mixamorig_RightFoot-Matrix-animation-input-array" count="32">

0.000000 0.033333 0.066667 0.100000 0.133333 0.166667 0.200000 0.233333 0.266667 0.300000 0.333333 0.366667 0.400000 0.433333 0.466667 0.500000
0.533333 0.566667 0.600000 0.633333 0.666667 0.700000 0.733333 0.766667 0.800000 0.833333 0.866667 0.900000 0.933333 0.966667 1.000000 1.033333</float_array>
        <technique_common>
          <accessor source="#mixamorig_RightFoot-Matrix-animation-input-array" count="32">
            <param name="TIME" type="float"/>
          </accessor>
        </technique_common>
      </source>
      <source id="mixamorig_RightFoot-Matrix-animation-output-transform">
        <float_array id="mixamorig_RightFoot-Matrix-animation-output-transform-array" count="512">

0.995613 0.046577 -0.081156 0.006000 -0.093173 0.413457 -0.905744 33.063099 -0.008632 0.909332 0.415983 0.004500 0.000000 0.000000 0.000000 1.000000
0.995009 0.047302 -0.087865 0.006000 -0.099489 0.402023 -0.910209 33.063099 -0.007731 0.914407 0.404722 0.004500 0.000000 0.000000 0.000000 1.000000
0.994263 0.047591 -0.095791 0.006000 -0.106685 0.376814 -0.920125 33.063099 -0.007694 0.925065 0.379730 0.004500 0.000000 0.000000 0.000000 1.000000
0.993302 0.047604 -0.105285 0.006000 -0.115243 0.342128 -0.932560 33.063099 -0.008372 0.938447 0.345322 0.004500 0.000000 0.000000 0.000000 1.000000
0.992665 0.045951 -0.111827 0.006000 -0.120574 0.308335 -0.943606 33.063099 -0.008880 0.950167 0.311614 0.004500 0.000000 0.000000 0.000000 1.000000
0.992483 0.043470 -0.114406 0.006000 -0.122133 0.291642 -0.948698 33.063099 -0.007874 0.955539 0.294759 0.004500 0.000000 0.000000 0.000000 1.000000
0.992294 0.042083 -0.116539 0.006000 -0.123799 0.297947 -0.946521 33.063099 -0.005110 0.953654 0.300861 0.004500 0.000000 0.000000 0.000000 1.000000
0.992751 0.041216 -0.112903 0.006000 -0.120189 0.336398 -0.934019 33.063099 -0.000516 0.940818 0.338913 0.004500 0.000000 0.000000 0.000000 1.000000
0.993447 0.043124 -0.105841 0.006000 -0.114053 0.433677 -0.893821 33.063099 0.007356 0.900036 0.435754 0.004500 0.000000 0.000000 0.000000 1.000000
0.996163 0.037740 -0.078967 0.006000 -0.084943 0.634297 -0.768409 33.063099 0.021089 0.772168 0.635068 0.004500 0.000000 0.000000 0.000000 1.000000
0.999308 0.007718 -0.036386 0.006000 -0.027527 0.811342 -0.583923 33.063099 0.025015 0.584520 0.810993 0.004500 0.000000 0.000000 0.000000 1.000000
0.999001 0.012743 -0.042827 0.006000 -0.029766 0.904621 -0.425177 33.063099 0.033325 0.426027 0.904096 0.004500 0.000000 0.000000 0.000000 1.000000
0.995022 0.051575 -0.085274 0.006000 -0.081578 0.913012 -0.399692 33.063099 0.057242 0.404659 0.912674 0.004500 0.000000 0.000000 0.000000 1.000000
0.987058 0.091004 -0.132043 0.006000 -0.142764 0.873701 -0.465043 33.063099 0.073046 0.477875 0.875386 0.004500 0.000000 0.000000 0.000000 1.000000
0.979338 0.111743 -0.168555 0.006000 -0.190388 0.790482 -0.582143 33.063099 0.068189 0.602206 0.795424 0.004500 0.000000 0.000000 0.000000 1.000000
0.976918 0.108260 -0.184150 0.006000 -0.207387 0.687326 -0.696113 33.063099 0.051210 0.718235 0.693913 0.004500 0.000000 0.000000 0.000000 1.000000
0.979445 0.095648 -0.177591 0.006000 -0.199355 0.593166 -0.780007 33.063099 0.030735 0.799378 0.600042 0.004500 0.000000 0.000000 0.000000 1.000000
0.983109 0.082175 -0.163536 0.006000 -0.182079 0.529707 -0.828407 33.063099 0.018552 0.844191 0.535722 0.004500 0.000000 0.000000 0.000000 1.000000
0.985360 0.074366 -0.153415 0.006000 -0.170231 0.478590 -0.861379 33.063099 0.009365 0.874884 0.484243 0.004500 0.000000 0.000000 0.000000 1.000000
0.988603 0.062988 -0.136735 0.006000 -0.150532 0.425651 -0.892279 33.063099 0.001998 0.902692 0.430282 0.004500 0.000000 0.000000 0.000000 1.000000
0.995102 0.038917 -0.090873 0.006000 -0.098837 0.373887 -0.922193 33.063099 -0.001912 0.926657 0.375902 0.004500 0.000000 0.000000 0.000000 1.000000
0.999686 0.014657 -0.020306 0.006000 -0.023959 0.323770 -0.945832 33.063099 -0.007288 0.946022 0.324020 0.004500 0.000000 0.000000 0.000000 1.000000
0.999717 0.002325 0.023694 0.006000 0.021943 0.296119 -0.954899 33.063099 -0.009237 0.955148 0.295984 0.004500 0.000000 0.000000 0.000000 1.000000
0.999922 0.001226 0.012435 0.006000 0.011356 0.325928 -0.945327 33.063099 -0.005211 0.945394 0.325888 0.004500 0.000000 0.000000 0.000000 1.000000
0.999988 -0.003754 0.003252 0.006000 0.004622 0.463623 -0.886020 33.063099 0.001818 0.886024 0.463635 0.004500 0.000000 0.000000 0.000000 1.000000
0.999951 0.002172 -0.009646 0.006000 -0.009037 0.596742 -0.802382 33.063099 0.004013 0.802430 0.596733 0.004500 0.000000 0.000000 0.000000 1.000000
0.999671 0.013361 -0.021879 0.006000 -0.025318 0.648530 -0.760768 33.063099 0.004024 0.761072 0.648655 0.004500 0.000000 0.000000 0.000000 1.000000
0.998557 0.030113 -0.044456 0.006000 -0.053647 0.594474 -0.802324 33.063099 0.002267 0.803551 0.595232 0.004500 0.000000 0.000000 0.000000 1.000000
0.997692 0.036407 -0.057324 0.006000 -0.067908 0.534550 -0.842404 33.063099 -0.000026 0.844352 0.535788 0.004500 0.000000 0.000000 0.000000 1.000000
0.997287 0.038246 -0.062903 0.006000 -0.073558 0.483517 -0.872239 33.063099 -0.002945 0.874499 0.485018 0.004500 0.000000 0.000000 0.000000 1.000000
0.996442 0.042898 -0.072544 0.006000 -0.084050 0.442437 -0.892852 33.063099 -0.006205 0.895773 0.444468 0.004500 0.000000 0.000000 0.000000 1.000000
0.995613 0.046576 -0.081155 0.006000 -0.093172 0.413453 -0.905746 33.063099 -0.008632 0.909333 0.415979 0.004500 0.000000 0.000000 0.000000 1.000000</float_array>
        <technique_common>
          <accessor source="#mixamorig_RightFoot-Matrix-animation-output-transform-array" count="32" stride="16">
            <param type="float4x4"/>
          </accessor>
        </technique_common>
      </source>
      <source id="mixamorig_RightFoot-Interpolations">
        <Name_array id="mixamorig_RightFoot-Interpolations-array" count="32">
 LINEAR LINEAR LINEAR LINEAR LINEAR LINEAR LINEAR LINEAR LINEAR LINEAR LINEAR
LINEAR LINEAR LINEAR LINEAR LINEAR LINEAR LINEAR LINEAR LINEAR LINEAR LINEAR LINEAR
LINEAR LINEAR LINEAR LINEAR LINEAR LINEAR LINEAR LINEAR LINEAR</Name_array>
        <technique_common>
          <accessor source="#mixamorig_RightFoot-Interpolations-array" count="32">
            <param type="name"/>
          </accessor>
        </technique_common>
      </source>
      <sampler id="mixamorig_RightFoot-Matrix-animation-transform">
        <input semantic="INPUT" source="#mixamorig_RightFoot-Matrix-animation-input"/>
        <input semantic="OUTPUT" source="#mixamorig_RightFoot-Matrix-animation-output-transform"/>
        <input semantic="INTERPOLATION" source="#mixamorig_RightFoot-Interpolations"/>
      </sampler>
      <channel source="#mixamorig_RightFoot-Matrix-animation-transform" target="mixamorig_RightFoot/matrix"/>
    </animation>
    <animation id="mixamorig_RightToeBase-anim" name="mixamorig_RightToeBase">
      <source id="mixamorig_RightToeBase-Matrix-animation-input">
        <float_array id="mixamorig_RightToeBase-Matrix-animation-input-array" count="32">

0.000000 0.033333 0.066667 0.100000 0.133333 0.166667 0.200000 0.233333 0.266667 0.300000 0.333333 0.366667 0.400000 0.433333 0.466667 0.500000
0.533333 0.566667 0.600000 0.633333 0.666667 0.700000 0.733333 0.766667 0.800000 0.833333 0.866667 0.900000 0.933333 0.966667 1.000000 1.033333</float_array>
        <technique_common>
          <accessor source="#mixamorig_RightToeBase-Matrix-animation-input-array" count="32">
            <param name="TIME" type="float"/>
          </accessor>
        </technique_common>
      </source>
      <source id="mixamorig_RightToeBase-Matrix-animation-output-transform">
        <float_array id="mixamorig_RightToeBase-Matrix-animation-output-transform-array" count="512">

0.999464 0.021175 0.024962 0.005400 -0.001282 0.787330 -0.616530 12.718300 -0.032709 0.616168 0.786935 -0.522400 0.000000 0.000000 0.000000 1.000000
0.999517 0.021441 0.022482 0.005400 -0.002868 0.784246 -0.620443 12.718300 -0.030935 0.620079 0.783929 -0.522400 0.000000 0.000000 0.000000 1.000000
0.999468 0.023297 0.022828 0.005400 -0.004031 0.782748 -0.622325 12.718300 -0.032367 0.621902 0.782426 -0.522400 0.000000 0.000000 0.000000 1.000000
0.999351 0.026777 0.024080 0.005400 -0.005588 0.775875 -0.630862 12.718300 -0.035576 0.630318 0.775521 -0.522400 0.000000 0.000000 0.000000 1.000000
0.999152 0.033269 0.024273 0.005400 -0.009201 0.754821 -0.655866 12.718300 -0.040142 0.655086 0.754487 -0.522400 0.000000 0.000000 0.000000 1.000000
0.999168 0.037620 0.015733 0.005400 -0.015687 0.710761 -0.703258 12.718300 -0.037639 0.702427 0.710760 -0.522400 0.000000 0.000000 0.000000 1.000000
0.999017 0.041248 0.016207 0.005400 -0.014412 0.648184 -0.761348 12.718300 -0.041909 0.760366 0.648141 -0.522400 0.000000 0.000000 0.000000 1.000000
0.998610 0.049933 0.016845 0.005400 -0.013363 0.549136 -0.835626 12.718300 -0.050976 0.834240 0.549041 -0.522400 0.000000 0.000000 0.000000 1.000000
0.998266 0.056399 0.016868 0.005400 -0.005874 0.380541 -0.924745 12.718300 -0.058573 0.923042 0.380213 -0.522400 0.000000 0.000000 0.000000 1.000000
0.998639 0.051686 0.007017 0.005400 0.001576 0.104564 -0.994517 12.718300 -0.052136 0.993174 0.104340 -0.522400 0.000000 0.000000 0.000000 1.000000
0.999064 0.037073 0.022268 0.005400 0.022669 -0.010427 -0.999689 12.718300 -0.036829 0.999258 -0.011258 -0.522400 0.000000 0.000000 0.000000 1.000000
0.994423 0.030662 0.100906 0.005400 0.096867 0.112786 -0.988886 12.718300 -0.041702 0.993146 0.109187 -0.522400 0.000000 0.000000 0.000000 1.000000
0.974762 0.074531 0.210436 0.005400 0.163665 0.402500 -0.900670 12.718300 -0.151829 0.912381 0.380144 -0.522400 0.000000 0.000000 0.000000 1.000000
0.960764 0.111066 0.254160 0.005400 0.160862 0.523364 -0.836788 12.718300 -0.225957 0.844840 0.484962 -0.522400 0.000000 0.000000 0.000000 1.000000
0.938855 0.164279 0.302595 0.005400 0.183926 0.503658 -0.844097 12.718300 -0.291072 0.848140 0.442646 -0.522400 0.000000 0.000000 0.000000 1.000000
0.949750 0.152643 0.273266 0.005400 0.145128 0.558773 -0.816524 12.718300 -0.277331 0.815152 0.508542 -0.522400 0.000000 0.000000 0.000000 1.000000
0.969937 0.094374 0.224310 0.005400 0.104631 0.670468 -0.734524 12.718300 -0.219712 0.735912 0.640437 -0.522400 0.000000 0.000000 0.000000 1.000000
0.996649 0.054893 0.060636 0.005400 -0.001403 0.752707 -0.658354 12.718300 -0.081781 0.656064 0.750262 -0.522400 0.000000 0.000000 0.000000 1.000000
0.997133 0.052292 0.054702 0.005400 -0.000459 0.727013 -0.686623 12.718300 -0.075674 0.684629 0.724953 -0.522400 0.000000 0.000000 0.000000 1.000000
0.998263 0.038018 0.045012 0.005400 0.003919 0.719427 -0.694557 12.718300 -0.058789 0.693527 0.718028 -0.522400 0.000000 0.000000 0.000000 1.000000
0.998729 0.042307 0.027413 0.005400 -0.010355 0.704349 -0.709778 12.718300 -0.049336 0.708592 0.703891 -0.522400 0.000000 0.000000 0.000000 1.000000
0.998407 0.034229 0.044864 0.005400 0.009673 0.679454 -0.733655 12.718300 -0.055595 0.732920 0.678040 -0.522400 0.000000 0.000000 0.000000 1.000000
0.999570 0.015942 0.024602 0.005400 0.006443 0.699226 -0.714871 12.718300 -0.028599 0.714722 0.698823 -0.522400 0.000000 0.000000 0.000000 1.000000
0.999935 0.007510 0.008547 0.005400 0.001774 0.639087 -0.769132 12.718300 -0.011238 0.769098 0.639032 -0.522400 0.000000 0.000000 0.000000 1.000000
0.999607 0.018997 0.020608 0.005400 0.005597 0.585167 -0.810893 12.718300 -0.027463 0.810690 0.584831 -0.522400 0.000000 0.000000 0.000000 1.000000
0.999262 0.021247 0.032012 0.005400 0.006817 0.721920 -0.691943 12.718300 -0.037812 0.691650 0.721242 -0.522400 0.000000 0.000000 0.000000 1.000000
0.999468 0.019753 0.025937 0.005400 -0.000786 0.809935 -0.586519 12.718300 -0.032593 0.586187 0.809520 -0.522400 0.000000 0.000000 0.000000 1.000000
0.999538 0.020031 0.022846 0.005400 -0.001202 0.777399 -0.629007 12.718300 -0.030360 0.628689 0.777064 -0.522400 0.000000 0.000000 0.000000 1.000000
0.999491 0.020983 0.024041 0.005400 -0.001406 0.781612 -0.623763 12.718300 -0.031879 0.623412 0.781244 -0.522400 0.000000 0.000000 0.000000 1.000000
0.999448 0.021573 0.025245 0.005400 -0.001493 0.788655 -0.614834 12.718300 -0.033174 0.614458 0.788252 -0.522400 0.000000 0.000000 0.000000 1.000000
0.999451 0.021498 0.025226 0.005400 -0.001438 0.788534 -0.614989 12.718300 -0.033113 0.614615 0.788132 -0.522400 0.000000 0.000000 0.000000 1.000000
0.999464 0.021175 0.024962 0.005400 -0.001282 0.787330 -0.616530 12.718300 -0.032709 0.616168 0.786935 -0.522400 0.000000 0.000000 0.000000 1.000000</float_array>
        <technique_common>
          <accessor source="#mixamorig_RightToeBase-Matrix-animation-output-transform-array" count="32" stride="16">
            <param type="float4x4"/>
          </accessor>
        </technique_common>
      </source>
      <source id="mixamorig_RightToeBase-Interpolations">
        <Name_array id="mixamorig_RightToeBase-Interpolations-array" count="32">
 LINEAR LINEAR LINEAR LINEAR LINEAR LINEAR LINEAR LINEAR LINEAR LINEAR LINEAR
LINEAR LINEAR LINEAR LINEAR LINEAR LINEAR LINEAR LINEAR LINEAR LINEAR LINEAR LINEAR
LINEAR LINEAR LINEAR LINEAR LINEAR LINEAR LINEAR LINEAR LINEAR</Name_array>
        <technique_common>
          <accessor source="#mixamorig_RightToeBase-Interpolations-array" count="32">
            <param type="name"/>
          </accessor>
        </technique_common>
      </source>
      <sampler id="mixamorig_RightToeBase-Matrix-animation-transform">
        <input semantic="INPUT" source="#mixamorig_RightToeBase-Matrix-animation-input"/>
        <input semantic="OUTPUT" source="#mixamorig_RightToeBase-Matrix-animation-output-transform"/>
        <input semantic="INTERPOLATION" source="#mixamorig_RightToeBase-Interpolations"/>
      </sampler>
      <channel source="#mixamorig_RightToeBase-Matrix-animation-transform" target="mixamorig_RightToeBase/matrix"/>
    </animation>
  </library_animations>
  <library_visual_scenes>
    <visual_scene id="RootNode" name="RootNode">
      <node id="mixamorig_Hips" name="mixamorig_Hips" sid="mixamorig_Hips" type="JOINT">
        <matrix sid="matrix">0.998658 0.022814 0.046502 -0.045683 -0.022009 0.999600 -0.017749 68.699112 -0.046888 0.016702 0.998761 -0.373828 0.000000 0.000000 0.000000 1.000000</matrix>
        <node id="mixamorig_Spine" name="mixamorig_Spine" sid="mixamorig_Spine" type="JOINT">
          <matrix sid="matrix">0.999978 -0.000898 0.006561 0.000000 0.000648 0.999279 0.037971 3.962400 -0.006590 -0.037966 0.999257 -0.274300 0.000000 0.000000 0.000000 1.000000</matrix>
          <node id="mixamorig_Spine1" name="mixamorig_Spine1" sid="mixamorig_Spine1" type="JOINT">
            <matrix sid="matrix">0.999889 -0.009165 0.011716 0.000000 0.009244 0.999935 -0.006717 14.123300 -0.011653 0.006825 0.999909 0.264400 0.000000 0.000000 0.000000 1.000000</matrix>
            <node id="mixamorig_Spine2" name="mixamorig_Spine2" sid="mixamorig_Spine2" type="JOINT">
              <matrix sid="matrix">0.999889 -0.009165 0.011716 0.000000 0.009244 0.999935 -0.006717 11.404500 -0.011653 0.006825 0.999909 0.106100 0.000000 0.000000 0.000000 1.000000</matrix>
              <node id="mixamorig_Neck" name="mixamorig_Neck" sid="mixamorig_Neck" type="JOINT">
                <matrix sid="matrix">0.999746 0.021083 -0.007958 -0.000000 -0.021394 0.998918 -0.041288 9.946700 0.007079 0.041448 0.999116 0.000000 0.000000 0.000000 0.000000 1.000000</matrix>
                <node id="mixamorig_Head" name="mixamorig_Head" sid="mixamorig_Head" type="JOINT">
                  <matrix sid="matrix">0.998050 -0.033250 -0.052817 -0.000000 0.030730 0.998383 -0.047823 8.579100 0.054322 0.046107 0.997458 0.114200 0.000000 0.000000 0.000000 1.000000</matrix>
                  <node id="mixamorig_HeadTop_End" name="mixamorig_HeadTop_End" sid="mixamorig_HeadTop_End" type="JOINT">
                    <matrix sid="matrix">1.000000 -0.000000 -0.000000 0.000000 0.000000 1.000000 -0.000000 25.089100 0.000000 -0.000000 1.000000 0.333900 0.000000 0.000000 0.000000 1.000000</matrix>
                  </node>
                </node>
              </node>
              <node id="mixamorig_LeftShoulder" name="mixamorig_LeftShoulder" sid="mixamorig_LeftShoulder" type="JOINT">
                <matrix sid="matrix">0.231089 0.834094 -0.500883 4.224100 0.013619 -0.517541 -0.855550 8.898400 -0.972837 0.190887 -0.130958 -0.056600 0.000000 0.000000 0.000000 1.000000</matrix>
                <node id="mixamorig_LeftArm" name="mixamorig_LeftArm" sid="mixamorig_LeftArm" type="JOINT">
                  <matrix sid="matrix">0.985867 0.012953 -0.167028 0.000000 -0.111151 0.796535 -0.594288 8.861000 0.125346 0.604454 0.786717 -0.000000 0.000000 0.000000 0.000000 1.000000</matrix>
                  <node id="mixamorig_LeftForeArm" name="mixamorig_LeftForeArm" sid="mixamorig_LeftForeArm" type="JOINT">
                    <matrix sid="matrix">0.811294 -0.460227 0.360546 0.000000 0.524600 0.845280 -0.101470 18.975201 -0.258063 0.271465 0.927205 -0.000000 0.000000 0.000000 0.000000 1.000000</matrix>
                    <node id="mixamorig_LeftHand" name="mixamorig_LeftHand" sid="mixamorig_LeftHand" type="JOINT">
                      <matrix sid="matrix">0.929771 -0.117488 0.348887 0.000000 0.038273 0.973421 0.225804 19.896000 -0.366143 -0.196593 0.909555 0.000000 0.000000 0.000000 0.000000 1.000000</matrix>
                      <node id="mixamorig_LeftHandThumb1" name="mixamorig_LeftHandThumb1" sid="mixamorig_LeftHandThumb1" type="JOINT">
                        <matrix sid="matrix">0.929305 -0.346689 0.127271 -2.088900 0.361189 0.781313 -0.509011 2.141300 0.077030 0.518996 0.851299 1.209400 0.000000 0.000000 0.000000 1.000000</matrix>
                        <node id="mixamorig_LeftHandThumb2" name="mixamorig_LeftHandThumb2" sid="mixamorig_LeftHandThumb2" type="JOINT">
                          <matrix sid="matrix">0.999646 -0.026606 -0.000370 -0.329800 0.026609 0.999563 0.012852 2.560100 0.000027 -0.012857 0.999917 0.000000 0.000000 0.000000 0.000000 1.000000</matrix>
                          <node id="mixamorig_LeftHandThumb3" name="mixamorig_LeftHandThumb3" sid="mixamorig_LeftHandThumb3" type="JOINT">
                            <matrix sid="matrix">0.996427 -0.084253 0.005798 0.076900 0.084256 0.996444 -0.000164 2.727200 -0.005763 0.000651 0.999983 0.000000 0.000000 0.000000 0.000000 1.000000</matrix>
                            <node id="mixamorig_LeftHandThumb4" name="mixamorig_LeftHandThumb4" sid="mixamorig_LeftHandThumb4" type="JOINT">
                              <matrix sid="matrix">1.000000 0.000000 0.000000 0.252900 -0.000000 1.000000 -0.000000 2.237600 -0.000000 -0.000000 1.000000 0.000000 0.000000 0.000000 0.000000 1.000000</matrix>
                            </node>
                          </node>
                        </node>
                      </node>
                      <node id="mixamorig_LeftHandIndex1" name="mixamorig_LeftHandIndex1" sid="mixamorig_LeftHandIndex1" type="JOINT">
                        <matrix sid="matrix">0.980651 -0.163288 0.107983 -2.586000 0.193483 0.724507 -0.661554 6.942300 0.029789 0.669647 0.742082 0.029700 0.000000 0.000000 0.000000 1.000000</matrix>
                        <node id="mixamorig_LeftHandIndex2" name="mixamorig_LeftHandIndex2" sid="mixamorig_LeftHandIndex2" type="JOINT">
                          <matrix sid="matrix">0.990533 -0.119245 0.068009 0.001000 0.083875 0.133532 -0.987489 2.844900 0.108672 0.983844 0.142269 0.000000 0.000000 0.000000 0.000000 1.000000</matrix>
                          <node id="mixamorig_LeftHandIndex3" name="mixamorig_LeftHandIndex3" sid="mixamorig_LeftHandIndex3" type="JOINT">
                            <matrix sid="matrix">1.000000 -0.000618 -0.000002 -0.001300 0.000618 1.000000 -0.000000 2.665500 0.000002 0.000000 1.000000 -0.000000 0.000000 0.000000 0.000000 1.000000</matrix>
                            <node id="mixamorig_LeftHandIndex4" name="mixamorig_LeftHandIndex4" sid="mixamorig_LeftHandIndex4" type="JOINT">
                              <matrix sid="matrix">1.000000 0.000000 0.000000 0.000300 0.000000 1.000000 0.000000 2.297400 0.000000 0.000000 1.000000 0.000000 0.000000 0.000000 0.000000 1.000000</matrix>
                            </node>
                          </node>
                        </node>
                      </node>
                      <node id="mixamorig_LeftHandMiddle1" name="mixamorig_LeftHandMiddle1" sid="mixamorig_LeftHandMiddle1" type="JOINT">
                        <matrix sid="matrix">0.963895 -0.227707 0.138045 -0.815000 0.227204 0.432925 -0.872327 6.827200 0.138872 0.872196 0.469030 -0.110100 0.000000 0.000000 0.000000 1.000000</matrix>
                        <node id="mixamorig_LeftHandMiddle2" name="mixamorig_LeftHandMiddle2" sid="mixamorig_LeftHandMiddle2" type="JOINT">
                          <matrix sid="matrix">0.982699 -0.122497 0.138915 -0.011700 0.109658 -0.219626 -0.969402 3.256800 0.149258 0.967863 -0.202393 0.000000 0.000000 0.000000 0.000000 1.000000</matrix>
                          <node id="mixamorig_LeftHandMiddle3" name="mixamorig_LeftHandMiddle3" sid="mixamorig_LeftHandMiddle3" type="JOINT">
                            <matrix sid="matrix">0.999988 -0.004821 0.000255 -0.000700 0.004821 0.999988 -0.000000 3.177900 -0.000255 0.000001 1.000000 0.000000 0.000000 0.000000 0.000000 1.000000</matrix>
                            <node id="mixamorig_LeftHandMiddle4" name="mixamorig_LeftHandMiddle4" sid="mixamorig_LeftHandMiddle4" type="JOINT">
                              <matrix sid="matrix">1.000000 0.000000 0.000000 0.012400 -0.000000 1.000000 -0.000000 2.695100 0.000000 -0.000000 1.000000 0.000000 0.000000 0.000000 0.000000 1.000000</matrix>
                            </node>
                          </node>
                        </node>
                      </node>
                      <node id="mixamorig_LeftHandRing1" name="mixamorig_LeftHandRing1" sid="mixamorig_LeftHandRing1" type="JOINT">
                        <matrix sid="matrix">0.975970 -0.217167 -0.017908 0.898800 0.077696 0.423598 -0.902512 6.778700 0.203582 0.879433 0.430292 -0.023000 0.000000 0.000000 0.000000 1.000000</matrix>
                        <node id="mixamorig_LeftHandRing2" name="mixamorig_LeftHandRing2" sid="mixamorig_LeftHandRing2" type="JOINT">
                          <matrix sid="matrix">0.990159 -0.074978 0.118168 -0.004000 0.094442 -0.265129 -0.959577 2.958000 0.103277 0.961293 -0.255438 0.000000 0.000000 0.000000 0.000000 1.000000</matrix>
                          <node id="mixamorig_LeftHandRing3" name="mixamorig_LeftHandRing3" sid="mixamorig_LeftHandRing3" type="JOINT">
                            <matrix sid="matrix">1.000000 0.000264 -0.000005 0.002500 -0.000264 1.000000 -0.000000 2.756900 0.000005 0.000000 1.000000 0.000000 0.000000 0.000000 0.000000 1.000000</matrix>
                            <node id="mixamorig_LeftHandRing4" name="mixamorig_LeftHandRing4" sid="mixamorig_LeftHandRing4" type="JOINT">
                              <matrix sid="matrix">1.000000 -0.000000 -0.000000 0.001500 -0.000000 1.000000 0.000000 2.334600 -0.000000 0.000000 1.000000 0.000000 0.000000 0.000000 0.000000 1.000000</matrix>
                            </node>
                          </node>
                        </node>
                      </node>
                      <node id="mixamorig_LeftHandPinky1" name="mixamorig_LeftHandPinky1" sid="mixamorig_LeftHandPinky1" type="JOINT">
                        <matrix sid="matrix">0.962856 -0.259964 -0.072982 2.502200 -0.002487 0.261740 -0.965135 6.390800 0.270003 0.929468 0.251371 0.087500 0.000000 0.000000 0.000000 1.000000</matrix>
                        <node id="mixamorig_LeftHandPinky2" name="mixamorig_LeftHandPinky2" sid="mixamorig_LeftHandPinky2" type="JOINT">
                          <matrix sid="matrix">0.991535 -0.035159 0.124993 0.003200 0.120613 -0.107054 -0.986910 2.623700 0.048080 0.993631 -0.101907 0.000000 0.000000 0.000000 0.000000 1.000000</matrix>
                          <node id="mixamorig_LeftHandPinky3" name="mixamorig_LeftHandPinky3" sid="mixamorig_LeftHandPinky3" type="JOINT">
                            <matrix sid="matrix">0.999983 0.005789 0.000148 0.003900 -0.005789 0.999983 -0.000000 2.132100 -0.000148 -0.000001 1.000000 0.000000 0.000000 0.000000 0.000000 1.000000</matrix>
                            <node id="mixamorig_LeftHandPinky4" name="mixamorig_LeftHandPinky4" sid="mixamorig_LeftHandPinky4" type="JOINT">
                              <matrix sid="matrix">1.000000 -0.000000 0.000000 -0.007100 -0.000000 1.000000 0.000000 1.793200 -0.000000 -0.000000 1.000000 0.000000 0.000000 0.000000 0.000000 1.000000</matrix>
                            </node>
                          </node>
                        </node>
                      </node>
                    </node>
                  </node>
                </node>
              </node>
              <node id="mixamorig_RightShoulder" name="mixamorig_RightShoulder" sid="mixamorig_RightShoulder" type="JOINT">
                <matrix sid="matrix">0.109789 -0.845038 0.523313 -4.224100 -0.028416 -0.528949 -0.848178 8.897300 0.993549 0.078250 -0.082086 -0.030200 0.000000 0.000000 0.000000 1.000000</matrix>
                <node id="mixamorig_RightArm" name="mixamorig_RightArm" sid="mixamorig_RightArm" type="JOINT">
                  <matrix sid="matrix">0.933220 -0.227431 0.278163 0.000000 0.353532 0.719426 -0.597864 8.861000 -0.064145 0.656278 0.751787 -0.000000 0.000000 0.000000 0.000000 1.000000</matrix>
                  <node id="mixamorig_RightForeArm" name="mixamorig_RightForeArm" sid="mixamorig_RightForeArm" type="JOINT">
                    <matrix sid="matrix">0.893354 0.353017 -0.278023 -0.000000 -0.411278 0.891611 -0.189421 18.973600 0.181019 0.283565 0.941713 -0.000000 0.000000 0.000000 0.000000 1.000000</matrix>
                    <node id="mixamorig_RightHand" name="mixamorig_RightHand" sid="mixamorig_RightHand" type="JOINT">
                      <matrix sid="matrix">0.906064 0.003784 -0.423125 0.000000 0.049131 0.992256 0.114079 19.898300 0.420280 -0.124152 0.898861 -0.000000 0.000000 0.000000 0.000000 1.000000</matrix>
                      <node id="mixamorig_RightHandThumb1" name="mixamorig_RightHandThumb1" sid="mixamorig_RightHandThumb1" type="JOINT">
                        <matrix sid="matrix">0.913275 0.402461 -0.062881 2.062000 -0.399122 0.853255 -0.335645 2.147700 -0.081431 0.331633 0.939887 1.241000 0.000000 0.000000 0.000000 1.000000</matrix>
                        <node id="mixamorig_RightHandThumb2" name="mixamorig_RightHandThumb2" sid="mixamorig_RightHandThumb2" type="JOINT">
                          <matrix sid="matrix">0.916684 -0.158399 -0.366879 0.274400 0.078983 0.971792 -0.222222 2.565900 0.391730 0.174731 0.903336 -0.000000 0.000000 0.000000 0.000000 1.000000</matrix>
                          <node id="mixamorig_RightHandThumb3" name="mixamorig_RightHandThumb3" sid="mixamorig_RightHandThumb3" type="JOINT">
                            <matrix sid="matrix">0.998205 0.059741 -0.004329 -0.076700 -0.059742 0.998214 -0.000121 2.730200 0.004314 0.000380 0.999991 -0.000000 0.000000 0.000000 0.000000 1.000000</matrix>
                            <node id="mixamorig_RightHandThumb4" name="mixamorig_RightHandThumb4" sid="mixamorig_RightHandThumb4" type="JOINT">
                              <matrix sid="matrix">1.000000 0.000000 0.000000 -0.197700 -0.000000 1.000000 0.000000 2.244300 0.000000 0.000000 1.000000 0.000000 0.000000 0.000000 0.000000 1.000000</matrix>
                            </node>
                          </node>
                        </node>
                      </node>
                      <node id="mixamorig_RightHandIndex1" name="mixamorig_RightHandIndex1" sid="mixamorig_RightHandIndex1" type="JOINT">
                        <matrix sid="matrix">0.994692 0.100073 -0.023930 2.569900 -0.092787 0.771864 -0.628980 7.053800 -0.044473 0.627862 0.777053 0.050900 0.000000 0.000000 0.000000 1.000000</matrix>
                        <node id="mixamorig_RightHandIndex2" name="mixamorig_RightHandIndex2" sid="mixamorig_RightHandIndex2" type="JOINT">
                          <matrix sid="matrix">0.995716 0.092359 0.004383 -0.001500 -0.032075 0.389483 -0.920475 2.816300 -0.086721 0.916391 0.390777 0.000000 0.000000 0.000000 0.000000 1.000000</matrix>
                          <node id="mixamorig_RightHandIndex3" name="mixamorig_RightHandIndex3" sid="mixamorig_RightHandIndex3" type="JOINT">
                            <matrix sid="matrix">1.000000 0.000321 0.000002 0.001200 -0.000321 1.000000 -0.000000 2.639600 -0.000002 0.000000 1.000000 -0.000000 0.000000 0.000000 0.000000 1.000000</matrix>
                            <node id="mixamorig_RightHandIndex4" name="mixamorig_RightHandIndex4" sid="mixamorig_RightHandIndex4" type="JOINT">
                              <matrix sid="matrix">1.000000 0.000000 0.000000 0.000300 0.000000 1.000000 0.000000 2.241500 0.000000 -0.000000 1.000000 -0.000000 0.000000 0.000000 0.000000 1.000000</matrix>
                            </node>
                          </node>
                        </node>
                      </node>
                      <node id="mixamorig_RightHandMiddle1" name="mixamorig_RightHandMiddle1" sid="mixamorig_RightHandMiddle1" type="JOINT">
                        <matrix sid="matrix">0.991028 0.131916 -0.021492 0.765500 -0.103238 0.653398 -0.749942 7.018200 -0.084887 0.745432 0.661154 -0.090400 0.000000 0.000000 0.000000 1.000000</matrix>
                        <node id="mixamorig_RightHandMiddle2" name="mixamorig_RightHandMiddle2" sid="mixamorig_RightHandMiddle2" type="JOINT">
                          <matrix sid="matrix">0.992006 0.125939 -0.007991 0.008500 -0.044170 0.287210 -0.956849 3.340200 -0.118209 0.949552 0.290477 0.000000 0.000000 0.000000 0.000000 1.000000</matrix>
                          <node id="mixamorig_RightHandMiddle3" name="mixamorig_RightHandMiddle3" sid="mixamorig_RightHandMiddle3" type="JOINT">
                            <matrix sid="matrix">0.999997 -0.002357 0.000077 -0.007900 0.002357 0.999997 0.000000 3.056700 -0.000077 0.000000 1.000000 0.000000 0.000000 0.000000 0.000000 1.000000</matrix>
                            <node id="mixamorig_RightHandMiddle4" name="mixamorig_RightHandMiddle4" sid="mixamorig_RightHandMiddle4" type="JOINT">
                              <matrix sid="matrix">1.000000 0.000000 0.000000 -0.000600 0.000000 1.000000 -0.000000 2.639500 0.000000 -0.000000 1.000000 0.000000 0.000000 0.000000 0.000000 1.000000</matrix>
                            </node>
                          </node>
                        </node>
                      </node>
                      <node id="mixamorig_RightHandRing1" name="mixamorig_RightHandRing1" sid="mixamorig_RightHandRing1" type="JOINT">
                        <matrix sid="matrix">0.983599 0.158109 -0.086800 -0.892300 -0.170748 0.661161 -0.730556 6.911100 -0.058118 0.733395 0.677314 -0.121600 0.000000 0.000000 0.000000 1.000000</matrix>
                        <node id="mixamorig_RightHandRing2" name="mixamorig_RightHandRing2" sid="mixamorig_RightHandRing2" type="JOINT">
                          <matrix sid="matrix">0.991246 0.075409 -0.108369 -0.003000 -0.119354 0.160951 -0.979719 2.923900 -0.056438 0.984077 0.168542 0.000000 0.000000 0.000000 0.000000 1.000000</matrix>
                          <node id="mixamorig_RightHandRing3" name="mixamorig_RightHandRing3" sid="mixamorig_RightHandRing3" type="JOINT">
                            <matrix sid="matrix">1.000000 0.000831 0.000010 0.002600 -0.000831 1.000000 0.000000 2.718000 -0.000010 -0.000000 1.000000 0.000000 0.000000 0.000000 0.000000 1.000000</matrix>
                            <node id="mixamorig_RightHandRing4" name="mixamorig_RightHandRing4" sid="mixamorig_RightHandRing4" type="JOINT">
                              <matrix sid="matrix">1.000000 -0.000000 0.000000 0.000300 0.000000 1.000000 -0.000000 2.379600 -0.000000 0.000000 1.000000 -0.000000 0.000000 0.000000 0.000000 1.000000</matrix>
                            </node>
                          </node>
                        </node>
                      </node>
                      <node id="mixamorig_RightHandPinky1" name="mixamorig_RightHandPinky1" sid="mixamorig_RightHandPinky1" type="JOINT">
                        <matrix sid="matrix">0.972132 0.203144 -0.117014 -2.443100 -0.227557 0.697651 -0.679338 6.453600 -0.056369 0.687034 0.724436 0.125500 0.000000 0.000000 0.000000 1.000000</matrix>
                        <node id="mixamorig_RightHandPinky2" name="mixamorig_RightHandPinky2" sid="mixamorig_RightHandPinky2" type="JOINT">
                          <matrix sid="matrix">0.979774 0.074509 -0.185716 -0.002600 -0.189292 0.044150 -0.980928 2.627900 -0.064888 0.996243 0.057361 0.000000 0.000000 0.000000 0.000000 1.000000</matrix>
                          <node id="mixamorig_RightHandPinky3" name="mixamorig_RightHandPinky3" sid="mixamorig_RightHandPinky3" type="JOINT">
                            <matrix sid="matrix">0.999994 -0.003406 -0.000059 -0.001900 0.003406 0.999994 0.000000 2.122500 0.000059 -0.000000 1.000000 -0.000000 0.000000 0.000000 0.000000 1.000000</matrix>
                            <node id="mixamorig_RightHandPinky4" name="mixamorig_RightHandPinky4" sid="mixamorig_RightHandPinky4" type="JOINT">
                              <matrix sid="matrix">1.000000 0.000000 -0.000000 0.004500 0.000000 1.000000 -0.000000 1.792000 0.000000 -0.000000 1.000000 0.000000 0.000000 0.000000 0.000000 1.000000</matrix>
                            </node>
                          </node>
                        </node>
                      </node>
                    </node>
                  </node>
                </node>
              </node>
            </node>
          </node>
        </node>
        <node id="mixamorig_LeftUpLeg" name="mixamorig_LeftUpLeg" sid="mixamorig_LeftUpLeg" type="JOINT">
          <matrix sid="matrix">-0.987244 0.129535 0.092577 7.557000 -0.060866 -0.844341 0.532337 -4.826300 0.147123 0.519912 0.841455 0.300500 0.000000 0.000000 0.000000 1.000000</matrix>
          <node id="mixamorig_LeftLeg" name="mixamorig_LeftLeg" sid="mixamorig_LeftLeg" type="JOINT">
            <matrix sid="matrix">0.999755 -0.001106 0.022127 -0.124600 -0.019948 0.389587 0.920774 24.065800 -0.009639 -0.920989 0.389469 0.104700 0.000000 0.000000 0.000000 1.000000</matrix>
            <node id="mixamorig_LeftFoot" name="mixamorig_LeftFoot" sid="mixamorig_LeftFoot" type="JOINT">
              <matrix sid="matrix">0.999889 -0.004848 -0.014063 -0.006000 -0.008711 0.575514 -0.817746 33.063099 0.012058 0.817778 0.575408 0.003900 0.000000 0.000000 0.000000 1.000000</matrix>
              <node id="mixamorig_LeftToeBase" name="mixamorig_LeftToeBase" sid="mixamorig_LeftToeBase" type="JOINT">
                <matrix sid="matrix">0.999757 0.022062 0.000052 -0.005300 -0.017815 0.808711 -0.587936 12.893300 -0.013013 0.587792 0.808907 -0.515500 0.000000 0.000000 0.000000 1.000000</matrix>
                <node id="mixamorig_LeftToe_End" name="mixamorig_LeftToe_End" sid="mixamorig_LeftToe_End" type="JOINT">
                  <matrix sid="matrix">1.000000 0.000000 0.000000 0.014200 0.000000 1.000000 0.000000 6.420800 -0.000000 -0.000000 1.000000 0.007900 0.000000 0.000000 0.000000 1.000000</matrix>
                </node>
              </node>
            </node>
          </node>
        </node>
        <node id="mixamorig_RightUpLeg" name="mixamorig_RightUpLeg" sid="mixamorig_RightUpLeg" type="JOINT">
          <matrix sid="matrix">-0.987796 0.030969 -0.152644 -7.557000 -0.063448 -0.975042 0.212763 -4.826300 -0.142245 0.219851 0.965107 0.300500 0.000000 0.000000 0.000000 1.000000</matrix>
          <node id="mixamorig_RightLeg" name="mixamorig_RightLeg" sid="mixamorig_RightLeg" type="JOINT">
            <matrix sid="matrix">0.989878 -0.017125 -0.140882 0.124800 0.066589 0.932681 0.354502 24.070101 0.125327 -0.360295 0.924381 -0.144900 0.000000 0.000000 0.000000 1.000000</matrix>
            <node id="mixamorig_RightFoot" name="mixamorig_RightFoot" sid="mixamorig_RightFoot" type="JOINT">
              <matrix sid="matrix">0.995613 0.046577 -0.081156 0.006000 -0.093173 0.413457 -0.905744 33.063099 -0.008632 0.909332 0.415983 0.004500 0.000000 0.000000 0.000000 1.000000</matrix>
              <node id="mixamorig_RightToeBase" name="mixamorig_RightToeBase" sid="mixamorig_RightToeBase" type="JOINT">
                <matrix sid="matrix">0.999464 0.021175 0.024962 0.005400 -0.001282 0.787330 -0.616530 12.718300 -0.032709 0.616168 0.786935 -0.522400 0.000000 0.000000 0.000000 1.000000</matrix>
                <node id="mixamorig_RightToe_End" name="mixamorig_RightToe_End" sid="mixamorig_RightToe_End" type="JOINT">
                  <matrix sid="matrix">1.000000 0.000000 -0.000000 -0.014200 0.000000 1.000000 -0.000000 6.412100 -0.000000 -0.000000 1.000000 0.007900 0.000000 0.000000 0.000000 1.000000</matrix>
                </node>
              </node>
            </node>
          </node>
        </node>
      </node>
    </visual_scene>
  </library_visual_scenes>
  <scene>
    <instance_visual_scene url="#RootNode"/>
  </scene>
</COLLADA>
