<?xml version="1.0" encoding="utf-8"?>
<COLLADA xmlns="http://www.collada.org/2005/11/COLLADASchema" version="1.4.1">
  <asset>
    <contributor>
      <author>Mixamo</author>
      <authoring_tool>COLLADA Mixamo exporter</authoring_tool>
      <comments/>
    </contributor>
    <created>2024-09-28T13:24:35Z</created>
    <modified>2024-09-28T13:24:35Z</modified>
    <revision/>
    <title/>
    <unit meter="0.010000"/>
    <up_axis>Y_UP</up_axis>
  </asset>
  <library_animations>
    <animation id="mixamorig_Hips-anim" name="mixamorig_Hips">
      <source id="mixamorig_Hips-Matrix-animation-input">
        <float_array id="mixamorig_Hips-Matrix-animation-input-array" count="40">

0.000000 0.033333 0.066667 0.100000 0.133333 0.166667 0.200000 0.233333 0.266667 0.300000 0.333333 0.366667 0.400000 0.433333 0.466667 0.500000
0.533333 0.566667 0.600000 0.633333 0.666667 0.700000 0.733333 0.766667 0.800000 0.833333 0.866667 0.900000 0.933333 0.966667 1.000000 1.033333
1.066667 1.100000 1.133333 1.166667 1.200000 1.233333 1.266667 1.300000</float_array>
        <technique_common>
          <accessor source="#mixamorig_Hips-Matrix-animation-input-array" count="40">
            <param name="TIME" type="float"/>
          </accessor>
        </technique_common>
      </source>
      <source id="mixamorig_Hips-Matrix-animation-output-transform">
        <float_array id="mixamorig_Hips-Matrix-animation-output-transform-array" count="640">

0.313829 -0.077368 0.946322 -9.699473 0.066332 0.996026 0.059434 84.285950 -0.947160 0.044120 0.317714 12.347448 0.000000 0.000000 0.000000 1.000000
0.312694 -0.077035 0.946725 -9.770130 0.065534 0.996080 0.059406 84.270409 -0.947590 0.043467 0.316517 12.365580 0.000000 0.000000 0.000000 1.000000
0.312399 -0.076534 0.946863 -9.819618 0.063883 0.996185 0.059443 84.264664 -0.947800 0.041919 0.316097 12.312121 0.000000 0.000000 0.000000 1.000000
0.312496 -0.076528 0.946831 -9.904122 0.062761 0.996235 0.059807 84.247902 -0.947843 0.040735 0.316123 12.190750 0.000000 0.000000 0.000000 1.000000
0.312631 -0.074760 0.946928 -9.995815 0.061162 0.996414 0.058474 84.233162 -0.947903 0.039636 0.316083 11.991051 0.000000 0.000000 0.000000 1.000000
0.312123 -0.076122 0.946987 -10.038102 0.059400 0.996398 0.060516 84.189255 -0.948183 0.037363 0.315521 11.676752 0.000000 0.000000 0.000000 1.000000
0.310553 -0.071799 0.947841 -10.102706 0.055502 0.996812 0.057324 83.995407 -0.948934 0.034805 0.313548 11.119485 0.000000 0.000000 0.000000 1.000000
0.308042 -0.068006 0.948939 -10.226766 0.052902 0.997123 0.054286 83.747467 -0.949901 0.033478 0.310754 10.349460 0.000000 0.000000 0.000000 1.000000
0.309546 -0.063174 0.948784 -10.260827 0.050701 0.997468 0.049874 83.478149 -0.949532 0.032666 0.311965 9.165317 0.000000 0.000000 0.000000 1.000000
0.322375 -0.060471 0.944678 -10.134363 0.049022 0.997685 0.047135 83.214241 -0.945342 0.031115 0.324593 7.774245 0.000000 0.000000 0.000000 1.000000
0.349541 -0.051994 0.935477 -9.832483 0.043536 0.998282 0.039217 83.014824 -0.935909 0.027018 0.351204 6.350002 0.000000 0.000000 0.000000 1.000000
0.382387 -0.039475 0.923159 -9.270269 0.036591 0.998950 0.027559 83.001221 -0.923277 0.023241 0.383430 5.082313 0.000000 0.000000 0.000000 1.000000
0.393835 -0.033343 0.918576 -8.217875 0.026155 0.999344 0.025061 83.488167 -0.918809 0.014155 0.394449 4.247315 0.000000 0.000000 0.000000 1.000000
0.395834 -0.027150 0.917921 -6.912101 -0.000854 0.999552 0.029933 84.396347 -0.918322 -0.012633 0.395633 3.581830 0.000000 0.000000 0.000000 1.000000
0.424764 -0.027466 0.904888 -5.561533 -0.022257 0.998921 0.040768 85.104401 -0.905031 -0.037457 0.423694 2.569460 0.000000 0.000000 0.000000 1.000000
0.473237 -0.027085 0.880519 -4.125968 -0.027981 0.998561 0.045754 85.565529 -0.880491 -0.046290 0.471798 1.471642 0.000000 0.000000 0.000000 1.000000
0.531204 -0.035511 0.846499 -2.875751 -0.037777 0.997135 0.065537 85.813438 -0.846401 -0.066792 0.528340 0.420427 0.000000 0.000000 0.000000 1.000000
0.593253 -0.050679 0.803419 -1.647837 -0.045223 0.994342 0.096115 85.852913 -0.803745 -0.093354 0.587604 -0.843069 0.000000 0.000000 0.000000 1.000000
0.637005 -0.063997 0.768199 -0.452216 -0.062762 0.988934 0.134429 85.571762 -0.768301 -0.133846 0.625939 -2.193505 0.000000 0.000000 0.000000 1.000000
0.657960 -0.060361 0.750630 0.577693 -0.071371 0.987297 0.141951 85.278687 -0.749663 -0.146971 0.645294 -3.477723 0.000000 0.000000 0.000000 1.000000
0.668154 -0.057272 0.741815 1.473597 -0.080105 0.985700 0.148252 84.881599 -0.739698 -0.158479 0.654012 -4.946366 0.000000 0.000000 0.000000 1.000000
0.668723 -0.056962 0.741326 2.295084 -0.093693 0.982657 0.160023 84.352219 -0.737584 -0.176468 0.651789 -6.279844 0.000000 0.000000 0.000000 1.000000
0.679795 -0.054202 0.731396 2.987472 -0.101071 0.980826 0.166627 84.010132 -0.726404 -0.187195 0.661283 -7.386440 0.000000 0.000000 0.000000 1.000000
0.695467 -0.054549 0.716485 3.745611 -0.108759 0.977636 0.180000 83.687515 -0.710280 -0.203108 0.673980 -8.428555 0.000000 0.000000 0.000000 1.000000
0.711135 -0.053133 0.701045 4.436051 -0.115956 0.974620 0.191493 83.376724 -0.693427 -0.217468 0.686925 -9.316707 0.000000 0.000000 0.000000 1.000000
0.722983 -0.051683 0.688930 4.963756 -0.115669 0.974067 0.194460 83.094070 -0.681114 -0.220279 0.698255 -9.980090 0.000000 0.000000 0.000000 1.000000
0.733037 -0.052126 0.678189 5.476470 -0.114971 0.973217 0.199071 82.785606 -0.670402 -0.223899 0.707411 -10.574474 0.000000 0.000000 0.000000 1.000000
0.744639 -0.054617 0.665229 5.924256 -0.113567 0.971747 0.206907 82.451096 -0.657735 -0.229619 0.717398 -11.071642 0.000000 0.000000 0.000000 1.000000
0.756435 -0.052812 0.651933 6.342704 -0.112967 0.971207 0.209750 82.223602 -0.644239 -0.232309 0.728690 -11.519510 0.000000 0.000000 0.000000 1.000000
0.763913 -0.045985 0.643679 6.709373 -0.114989 0.971795 0.205894 81.939789 -0.634992 -0.231301 0.737079 -11.973058 0.000000 0.000000 0.000000 1.000000
0.768004 -0.042648 0.639024 7.002510 -0.117517 0.971455 0.206072 81.612709 -0.629571 -0.233360 0.741069 -12.305978 0.000000 0.000000 0.000000 1.000000
0.768442 -0.037441 0.638823 7.233065 -0.122710 0.971139 0.204526 81.367310 -0.628043 -0.235557 0.741670 -12.593910 0.000000 0.000000 0.000000 1.000000
0.766738 -0.032431 0.641141 7.435017 -0.126743 0.971418 0.200709 81.150116 -0.629325 -0.235152 0.740712 -12.811676 0.000000 0.000000 0.000000 1.000000
0.764912 -0.028713 0.643495 7.608305 -0.130046 0.971551 0.197934 80.985275 -0.630871 -0.235086 0.739417 -12.974088 0.000000 0.000000 0.000000 1.000000
0.763599 -0.025791 0.645176 7.487254 -0.130825 0.972298 0.193705 81.188873 -0.632299 -0.232318 0.739071 -12.611466 0.000000 0.000000 0.000000 1.000000
0.762196 -0.024560 0.646881 7.282468 -0.132168 0.972327 0.192645 81.477570 -0.633711 -0.232331 0.737857 -12.144872 0.000000 0.000000 0.000000 1.000000
0.760376 -0.022884 0.649079 7.016171 -0.133561 0.972510 0.190749 81.844810 -0.635602 -0.231733 0.736417 -11.569052 0.000000 0.000000 0.000000 1.000000
0.758429 -0.018364 0.651497 6.711583 -0.120980 0.978264 0.168412 82.290588 -0.640429 -0.206547 0.739723 -10.738961 0.000000 0.000000 0.000000 1.000000
0.755906 -0.015178 0.654504 6.357341 -0.108089 0.983118 0.147633 82.807922 -0.645695 -0.182342 0.741504 -9.855063 0.000000 0.000000 0.000000 1.000000
0.754316 -0.011872 0.656404 5.961785 -0.094128 0.987551 0.126030 83.383888 -0.649728 -0.156852 0.743808 -8.904245 0.000000 0.000000 0.000000 1.000000</float_array>
        <technique_common>
          <accessor source="#mixamorig_Hips-Matrix-animation-output-transform-array" count="40" stride="16">
            <param type="float4x4"/>
          </accessor>
        </technique_common>
      </source>
      <source id="mixamorig_Hips-Interpolations">
        <Name_array id="mixamorig_Hips-Interpolations-array" count="40">
 LINEAR LINEAR LINEAR LINEAR LINEAR LINEAR LINEAR LINEAR LINEAR LINEAR LINEAR
LINEAR LINEAR LINEAR LINEAR LINEAR LINEAR LINEAR LINEAR LINEAR LINEAR LINEAR LINEAR
LINEAR LINEAR LINEAR LINEAR LINEAR LINEAR LINEAR LINEAR LINEAR LINEAR LINEAR LINEAR
LINEAR LINEAR LINEAR LINEAR LINEAR</Name_array>
        <technique_common>
          <accessor source="#mixamorig_Hips-Interpolations-array" count="40">
            <param type="name"/>
          </accessor>
        </technique_common>
      </source>
      <sampler id="mixamorig_Hips-Matrix-animation-transform">
        <input semantic="INPUT" source="#mixamorig_Hips-Matrix-animation-input"/>
        <input semantic="OUTPUT" source="#mixamorig_Hips-Matrix-animation-output-transform"/>
        <input semantic="INTERPOLATION" source="#mixamorig_Hips-Interpolations"/>
      </sampler>
      <channel source="#mixamorig_Hips-Matrix-animation-transform" target="mixamorig_Hips/matrix"/>
    </animation>
    <animation id="mixamorig_Spine-anim" name="mixamorig_Spine">
      <source id="mixamorig_Spine-Matrix-animation-input">
        <float_array id="mixamorig_Spine-Matrix-animation-input-array" count="40">

0.000000 0.033333 0.066667 0.100000 0.133333 0.166667 0.200000 0.233333 0.266667 0.300000 0.333333 0.366667 0.400000 0.433333 0.466667 0.500000
0.533333 0.566667 0.600000 0.633333 0.666667 0.700000 0.733333 0.766667 0.800000 0.833333 0.866667 0.900000 0.933333 0.966667 1.000000 1.033333
1.066667 1.100000 1.133333 1.166667 1.200000 1.233333 1.266667 1.300000</float_array>
        <technique_common>
          <accessor source="#mixamorig_Spine-Matrix-animation-input-array" count="40">
            <param name="TIME" type="float"/>
          </accessor>
        </technique_common>
      </source>
      <source id="mixamorig_Spine-Matrix-animation-output-transform">
        <float_array id="mixamorig_Spine-Matrix-animation-output-transform-array" count="640">

0.999660 -0.023784 0.010694 0.000000 0.022915 0.996911 0.075125 10.729900 -0.012447 -0.074854 0.997117 -1.090300 0.000000 0.000000 0.000000 1.000000
0.999682 -0.022843 0.010724 0.000000 0.021969 0.996900 0.075554 10.729900 -0.012416 -0.075294 0.997084 -1.090300 0.000000 0.000000 0.000000 1.000000
0.999696 -0.021831 0.011425 0.000000 0.020899 0.996875 0.076176 10.729900 -0.013053 -0.075914 0.997029 -1.090300 0.000000 0.000000 0.000000 1.000000
0.999692 -0.021373 0.012637 0.000000 0.020345 0.996855 0.076585 10.729900 -0.014234 -0.076304 0.996983 -1.090300 0.000000 0.000000 0.000000 1.000000
0.999659 -0.022308 0.013573 -0.000000 0.021203 0.996826 0.076732 10.729900 -0.015241 -0.076418 0.996959 -1.090300 0.000000 0.000000 0.000000 1.000000
0.999587 -0.025245 0.013724 0.000000 0.024112 0.996720 0.077253 10.729900 -0.015629 -0.076890 0.996917 -1.090300 0.000000 0.000000 0.000000 1.000000
0.999463 -0.029602 0.014079 0.000000 0.028404 0.996487 0.078788 10.729900 -0.016362 -0.078345 0.996792 -1.090300 0.000000 0.000000 0.000000 1.000000
0.999285 -0.034079 0.016349 0.000000 0.032651 0.996191 0.080854 10.729900 -0.019042 -0.080263 0.996592 -1.090300 0.000000 0.000000 0.000000 1.000000
0.999052 -0.038066 0.021127 0.000000 0.036223 0.996002 0.081655 10.729900 -0.024151 -0.080812 0.996437 -1.090300 0.000000 0.000000 0.000000 1.000000
0.998743 -0.043047 0.025673 -0.000000 0.040861 0.995932 0.080305 10.729900 -0.029026 -0.079156 0.996440 -1.090300 0.000000 0.000000 0.000000 1.000000
0.998523 -0.047978 0.025509 0.000000 0.045848 0.995870 0.078364 10.729900 -0.029163 -0.077079 0.996598 -1.090300 0.000000 0.000000 0.000000 1.000000
0.998637 -0.048927 0.018176 0.000000 0.047375 0.995847 0.077743 10.729900 -0.021904 -0.076776 0.996808 -1.090300 0.000000 0.000000 0.000000 1.000000
0.999031 -0.043564 0.006216 0.000000 0.042941 0.995975 0.078676 10.729900 -0.009619 -0.078333 0.996881 -1.090300 0.000000 0.000000 0.000000 1.000000
0.999359 -0.035478 -0.004709 0.000000 0.035742 0.996095 0.080734 10.729900 0.001826 -0.080850 0.996725 -1.090300 0.000000 0.000000 0.000000 1.000000
0.999525 -0.028432 -0.011861 -0.000000 0.029325 0.996070 0.083570 10.729900 0.009438 -0.083878 0.996431 -1.090300 0.000000 0.000000 0.000000 1.000000
0.999673 -0.020292 -0.015571 0.000000 0.021564 0.996029 0.086373 10.729900 0.013757 -0.086681 0.996141 -1.090300 0.000000 0.000000 0.000000 1.000000
0.999822 -0.009060 -0.016576 0.000000 0.010486 0.996060 0.088064 10.729900 0.015713 -0.088222 0.995977 -1.090300 0.000000 0.000000 0.000000 1.000000
0.999864 0.003086 -0.016217 0.000000 -0.001637 0.996063 0.088635 10.729900 0.016427 -0.088597 0.995932 -1.090300 0.000000 0.000000 0.000000 1.000000
0.999766 0.014330 -0.016200 -0.000000 -0.012818 0.995870 0.089880 10.729900 0.017421 -0.089651 0.995821 -1.090300 0.000000 0.000000 0.000000 1.000000
0.999551 0.024494 -0.017272 -0.000000 -0.022793 0.995443 0.092598 10.729900 0.019461 -0.092162 0.995554 -1.090300 0.000000 0.000000 0.000000 1.000000
0.999241 0.034703 -0.017680 0.000000 -0.032862 0.994889 0.095482 10.729900 0.020904 -0.094828 0.995274 -1.090300 0.000000 0.000000 0.000000 1.000000
0.998907 0.043830 -0.016253 0.000000 -0.042051 0.994382 0.097137 10.729900 0.020419 -0.096348 0.995138 -1.090300 0.000000 0.000000 0.000000 1.000000
0.998670 0.049806 -0.013293 -0.000000 -0.048273 0.994033 0.097812 10.729900 0.018085 -0.097041 0.995116 -1.090300 0.000000 0.000000 0.000000 1.000000
0.998486 0.054289 -0.008799 -0.000000 -0.053159 0.993699 0.098671 10.729900 0.014101 -0.098053 0.995081 -1.090300 0.000000 0.000000 0.000000 1.000000
0.998135 0.060972 -0.002972 0.000000 -0.060368 0.993132 0.100218 10.729900 0.009062 -0.099852 0.994961 -1.090300 0.000000 0.000000 0.000000 1.000000
0.997454 0.071226 0.003640 0.000000 -0.071226 0.992258 0.101738 10.729900 0.003634 -0.101738 0.994805 -1.090300 0.000000 0.000000 0.000000 1.000000
0.996513 0.082775 0.010448 -0.000000 -0.083410 0.991261 0.102200 10.729900 -0.001897 -0.102715 0.994709 -1.090300 0.000000 0.000000 0.000000 1.000000
0.995609 0.092179 0.016321 -0.000000 -0.093366 0.990421 0.101727 10.729900 -0.006788 -0.102805 0.994678 -1.090300 0.000000 0.000000 0.000000 1.000000
0.995058 0.097298 0.019815 -0.000000 -0.098816 0.989926 0.101402 10.729900 -0.009749 -0.102859 0.994648 -1.090300 0.000000 0.000000 0.000000 1.000000
0.994808 0.099576 0.021028 0.000000 -0.101209 0.989657 0.101669 10.729900 -0.010687 -0.103269 0.994596 -1.090300 0.000000 0.000000 0.000000 1.000000
0.994731 0.100351 0.020956 0.000000 -0.101977 0.989539 0.102047 10.729900 -0.010496 -0.103646 0.994559 -1.090300 0.000000 0.000000 0.000000 1.000000
0.994776 0.100073 0.020160 0.000000 -0.101618 0.989577 0.102040 10.729900 -0.009738 -0.103555 0.994576 -1.090300 0.000000 0.000000 0.000000 1.000000
0.994912 0.098950 0.018963 0.000000 -0.100374 0.989735 0.101734 10.729900 -0.008702 -0.103119 0.994631 -1.090300 0.000000 0.000000 0.000000 1.000000
0.995033 0.097958 0.017727 0.000000 -0.099258 0.989877 0.101449 10.729900 -0.007610 -0.102705 0.994683 -1.090300 0.000000 0.000000 0.000000 1.000000
0.995075 0.097677 0.016861 0.000000 -0.098888 0.989941 0.101188 10.729900 -0.006807 -0.102357 0.994724 -1.090300 0.000000 0.000000 0.000000 1.000000
0.995147 0.097019 0.016433 0.000000 -0.098186 0.990062 0.100680 10.729900 -0.006502 -0.101804 0.994783 -1.090300 0.000000 0.000000 0.000000 1.000000
0.995544 0.093077 0.015134 -0.000000 -0.094126 0.990568 0.099579 10.729900 -0.005723 -0.100560 0.994915 -1.090300 0.000000 0.000000 0.000000 1.000000
0.996535 0.082445 0.010998 -0.000000 -0.083127 0.991741 0.097676 10.729900 -0.002855 -0.098252 0.995157 -1.090300 0.000000 0.000000 0.000000 1.000000
0.997561 0.069523 0.006161 0.000000 -0.069794 0.992990 0.095396 10.729900 0.000514 -0.095593 0.995420 -1.090300 0.000000 0.000000 0.000000 1.000000
0.998354 0.057321 0.001800 -0.000000 -0.057239 0.993993 0.093280 10.729900 0.003558 -0.093229 0.995638 -1.090300 0.000000 0.000000 0.000000 1.000000</float_array>
        <technique_common>
          <accessor source="#mixamorig_Spine-Matrix-animation-output-transform-array" count="40" stride="16">
            <param type="float4x4"/>
          </accessor>
        </technique_common>
      </source>
      <source id="mixamorig_Spine-Interpolations">
        <Name_array id="mixamorig_Spine-Interpolations-array" count="40">
 LINEAR LINEAR LINEAR LINEAR LINEAR LINEAR LINEAR LINEAR LINEAR LINEAR LINEAR
LINEAR LINEAR LINEAR LINEAR LINEAR LINEAR LINEAR LINEAR LINEAR LINEAR LINEAR LINEAR
LINEAR LINEAR LINEAR LINEAR LINEAR LINEAR LINEAR LINEAR LINEAR LINEAR LINEAR LINEAR
LINEAR LINEAR LINEAR LINEAR LINEAR</Name_array>
        <technique_common>
          <accessor source="#mixamorig_Spine-Interpolations-array" count="40">
            <param type="name"/>
          </accessor>
        </technique_common>
      </source>
      <sampler id="mixamorig_Spine-Matrix-animation-transform">
        <input semantic="INPUT" source="#mixamorig_Spine-Matrix-animation-input"/>
        <input semantic="OUTPUT" source="#mixamorig_Spine-Matrix-animation-output-transform"/>
        <input semantic="INTERPOLATION" source="#mixamorig_Spine-Interpolations"/>
      </sampler>
      <channel source="#mixamorig_Spine-Matrix-animation-transform" target="mixamorig_Spine/matrix"/>
    </animation>
    <animation id="mixamorig_Spine1-anim" name="mixamorig_Spine1">
      <source id="mixamorig_Spine1-Matrix-animation-input">
        <float_array id="mixamorig_Spine1-Matrix-animation-input-array" count="40">

0.000000 0.033333 0.066667 0.100000 0.133333 0.166667 0.200000 0.233333 0.266667 0.300000 0.333333 0.366667 0.400000 0.433333 0.466667 0.500000
0.533333 0.566667 0.600000 0.633333 0.666667 0.700000 0.733333 0.766667 0.800000 0.833333 0.866667 0.900000 0.933333 0.966667 1.000000 1.033333
1.066667 1.100000 1.133333 1.166667 1.200000 1.233333 1.266667 1.300000</float_array>
        <technique_common>
          <accessor source="#mixamorig_Spine1-Matrix-animation-input-array" count="40">
            <param name="TIME" type="float"/>
          </accessor>
        </technique_common>
      </source>
      <source id="mixamorig_Spine1-Matrix-animation-output-transform">
        <float_array id="mixamorig_Spine1-Matrix-animation-output-transform-array" count="640">

0.999422 -0.000937 0.033978 -0.000000 0.003088 0.997988 -0.063321 12.582700 -0.033851 0.063390 0.997415 -0.000000 0.000000 0.000000 0.000000 1.000000
0.999427 -0.000304 0.033857 -0.000000 0.002417 0.998051 -0.062362 12.582700 -0.033772 0.062409 0.997479 0.000000 0.000000 0.000000 0.000000 1.000000
0.999381 0.000532 0.035186 0.000000 0.001620 0.998130 -0.061101 12.582700 -0.035152 0.061121 0.997511 0.000000 0.000000 0.000000 0.000000 1.000000
0.999283 0.001370 0.037834 0.000000 0.000917 0.998176 -0.060359 12.582700 -0.037848 0.060350 0.997459 0.000000 0.000000 0.000000 0.000000 1.000000
0.999186 0.001572 0.040307 -0.000000 0.000860 0.998183 -0.060243 12.582700 -0.040329 0.060228 0.997370 0.000000 0.000000 0.000000 0.000000 1.000000
0.999124 0.000855 0.041831 0.000000 0.001644 0.998217 -0.059669 12.582700 -0.041808 0.059685 0.997341 0.000000 0.000000 0.000000 0.000000 1.000000
0.999028 -0.000370 0.044078 -0.000000 0.002909 0.998338 -0.057561 12.582700 -0.043984 0.057633 0.997368 0.000000 0.000000 0.000000 0.000000 1.000000
0.998736 -0.002377 0.050201 0.000000 0.005140 0.998475 -0.054967 12.582700 -0.049993 0.055156 0.997225 -0.000000 0.000000 0.000000 0.000000 1.000000
0.998122 -0.006675 0.060886 0.000000 0.010027 0.998440 -0.054921 12.582700 -0.060425 0.055429 0.996633 0.000000 0.000000 0.000000 0.000000 1.000000
0.997392 -0.014167 0.070765 0.000000 0.018317 0.998129 -0.058342 12.582700 -0.069806 0.059486 0.995785 -0.000000 0.000000 0.000000 0.000000 1.000000
0.997238 -0.022545 0.070765 0.000000 0.026953 0.997715 -0.061961 12.582700 -0.069206 0.063698 0.995567 0.000000 0.000000 0.000000 0.000000 1.000000
0.998075 -0.027803 0.055438 -0.000000 0.031262 0.997553 -0.062529 12.582700 -0.053564 0.064142 0.996502 -0.000000 0.000000 0.000000 0.000000 1.000000
0.999129 -0.029584 0.029416 -0.000000 0.031307 0.997711 -0.059935 12.582700 -0.027576 0.060804 0.997769 -0.000000 0.000000 0.000000 0.000000 1.000000
0.999487 -0.031747 0.004293 -0.000000 0.031936 0.997974 -0.055033 12.582700 -0.002537 0.055142 0.998475 -0.000000 0.000000 0.000000 0.000000 1.000000
0.999312 -0.034623 -0.013276 0.000000 0.033945 0.998256 -0.048300 12.582700 0.014925 0.047816 0.998745 -0.000000 0.000000 0.000000 0.000000 1.000000
0.999202 -0.032526 -0.023172 0.000000 0.031550 0.998650 -0.041273 12.582700 0.024483 0.040509 0.998879 0.000000 0.000000 0.000000 0.000000 1.000000
0.999359 -0.023540 -0.026953 0.000000 0.022539 0.999067 -0.036837 12.582700 0.027795 0.036205 0.998958 0.000000 0.000000 0.000000 0.000000 1.000000
0.999511 -0.013306 -0.028288 0.000000 0.012296 0.999290 -0.035606 12.582700 0.028742 0.035241 0.998965 -0.000000 0.000000 0.000000 0.000000 1.000000
0.999481 -0.006075 -0.031625 0.000000 0.005003 0.999415 -0.033845 12.582700 0.031812 0.033670 0.998927 -0.000000 0.000000 0.000000 0.000000 1.000000
0.999295 -0.000354 -0.037530 0.000000 -0.000741 0.999575 -0.029147 12.582700 0.037524 0.029154 0.998870 0.000000 0.000000 0.000000 0.000000 1.000000
0.999088 0.006458 -0.042200 -0.000000 -0.007470 0.999687 -0.023856 12.582700 0.042032 0.024150 0.998824 0.000000 0.000000 0.000000 0.000000 1.000000
0.999004 0.013292 -0.042587 -0.000000 -0.014187 0.999684 -0.020768 12.582700 0.042297 0.021352 0.998877 0.000000 0.000000 0.000000 0.000000 1.000000
0.999107 0.017928 -0.038269 0.000000 -0.018682 0.999636 -0.019455 12.582700 0.037906 0.020152 0.999078 0.000000 0.000000 0.000000 0.000000 1.000000
0.999327 0.020451 -0.030443 0.000000 -0.020997 0.999622 -0.017726 12.582700 0.030069 0.018353 0.999379 0.000000 0.000000 0.000000 0.000000 1.000000
0.999518 0.022729 -0.021131 0.000000 -0.023033 0.999633 -0.014291 12.582700 0.020799 0.014771 0.999675 0.000000 0.000000 0.000000 0.000000 1.000000
0.999585 0.026318 -0.011678 0.000000 -0.026438 0.999598 -0.010207 12.582700 0.011405 0.010512 0.999880 0.000000 0.000000 0.000000 0.000000 1.000000
0.999512 0.031154 -0.002279 0.000000 -0.031171 0.999485 -0.007645 12.582700 0.002039 0.007712 0.999968 -0.000000 0.000000 0.000000 0.000000 1.000000
0.999339 0.035779 0.006498 -0.000000 -0.035734 0.999337 -0.006919 12.582700 -0.006741 0.006682 0.999955 0.000000 0.000000 0.000000 0.000000 1.000000
0.999155 0.038921 0.013214 -0.000000 -0.038839 0.999225 -0.006427 12.582700 -0.013454 0.005908 0.999892 -0.000000 0.000000 0.000000 0.000000 1.000000
0.999037 0.040495 0.016897 0.000000 -0.040408 0.999169 -0.005427 12.582700 -0.017103 0.004739 0.999843 0.000000 0.000000 0.000000 0.000000 1.000000
0.999007 0.040842 0.017785 0.000000 -0.040763 0.999157 -0.004776 12.582700 -0.017965 0.004046 0.999830 0.000000 0.000000 0.000000 0.000000 1.000000
0.999039 0.040396 0.016981 -0.000000 -0.040313 0.999173 -0.005229 12.582700 -0.017178 0.004540 0.999842 0.000000 0.000000 0.000000 0.000000 1.000000
0.999088 0.039791 0.015475 -0.000000 -0.039697 0.999192 -0.006358 12.582700 -0.015715 0.005738 0.999860 0.000000 0.000000 0.000000 0.000000 1.000000
0.999115 0.039739 0.013754 0.000000 -0.039641 0.999187 -0.007296 12.582700 -0.014033 0.006745 0.999879 0.000000 0.000000 0.000000 0.000000 1.000000
0.999097 0.040579 0.012609 0.000000 -0.040481 0.999149 -0.007888 12.582700 -0.012918 0.007370 0.999889 0.000000 0.000000 0.000000 0.000000 1.000000
0.999067 0.041428 0.012239 -0.000000 -0.041321 0.999107 -0.008800 12.582700 -0.012593 0.008286 0.999886 0.000000 0.000000 0.000000 0.000000 1.000000
0.999126 0.040365 0.010843 -0.000000 -0.040246 0.999130 -0.010946 12.582700 -0.011276 0.010500 0.999881 0.000000 0.000000 0.000000 0.000000 1.000000
0.999309 0.036515 0.006881 0.000000 -0.036411 0.999229 -0.014686 12.582700 -0.007412 0.014425 0.999868 0.000000 0.000000 0.000000 0.000000 1.000000
0.999505 0.031428 0.001597 -0.000000 -0.031392 0.999325 -0.019083 12.582700 -0.002196 0.019024 0.999817 -0.000000 0.000000 0.000000 0.000000 1.000000
0.999640 0.026673 -0.003056 0.000000 -0.026736 0.999379 -0.022959 12.582700 0.002442 0.023033 0.999732 0.000000 0.000000 0.000000 0.000000 1.000000</float_array>
        <technique_common>
          <accessor source="#mixamorig_Spine1-Matrix-animation-output-transform-array" count="40" stride="16">
            <param type="float4x4"/>
          </accessor>
        </technique_common>
      </source>
      <source id="mixamorig_Spine1-Interpolations">
        <Name_array id="mixamorig_Spine1-Interpolations-array" count="40">
 LINEAR LINEAR LINEAR LINEAR LINEAR LINEAR LINEAR LINEAR LINEAR LINEAR LINEAR
LINEAR LINEAR LINEAR LINEAR LINEAR LINEAR LINEAR LINEAR LINEAR LINEAR LINEAR LINEAR
LINEAR LINEAR LINEAR LINEAR LINEAR LINEAR LINEAR LINEAR LINEAR LINEAR LINEAR LINEAR
LINEAR LINEAR LINEAR LINEAR LINEAR</Name_array>
        <technique_common>
          <accessor source="#mixamorig_Spine1-Interpolations-array" count="40">
            <param type="name"/>
          </accessor>
        </technique_common>
      </source>
      <sampler id="mixamorig_Spine1-Matrix-animation-transform">
        <input semantic="INPUT" source="#mixamorig_Spine1-Matrix-animation-input"/>
        <input semantic="OUTPUT" source="#mixamorig_Spine1-Matrix-animation-output-transform"/>
        <input semantic="INTERPOLATION" source="#mixamorig_Spine1-Interpolations"/>
      </sampler>
      <channel source="#mixamorig_Spine1-Matrix-animation-transform" target="mixamorig_Spine1/matrix"/>
    </animation>
    <animation id="mixamorig_Spine2-anim" name="mixamorig_Spine2">
      <source id="mixamorig_Spine2-Matrix-animation-input">
        <float_array id="mixamorig_Spine2-Matrix-animation-input-array" count="40">

0.000000 0.033333 0.066667 0.100000 0.133333 0.166667 0.200000 0.233333 0.266667 0.300000 0.333333 0.366667 0.400000 0.433333 0.466667 0.500000
0.533333 0.566667 0.600000 0.633333 0.666667 0.700000 0.733333 0.766667 0.800000 0.833333 0.866667 0.900000 0.933333 0.966667 1.000000 1.033333
1.066667 1.100000 1.133333 1.166667 1.200000 1.233333 1.266667 1.300000</float_array>
        <technique_common>
          <accessor source="#mixamorig_Spine2-Matrix-animation-input-array" count="40">
            <param name="TIME" type="float"/>
          </accessor>
        </technique_common>
      </source>
      <source id="mixamorig_Spine2-Matrix-animation-output-transform">
        <float_array id="mixamorig_Spine2-Matrix-animation-output-transform-array" count="640">

0.999401 0.002275 0.034543 0.000000 -0.000099 0.998022 -0.062870 14.380200 -0.034618 0.062829 0.997424 0.000000 0.000000 0.000000 0.000000 1.000000
0.999404 0.002882 0.034402 0.000000 -0.000748 0.998083 -0.061883 14.380200 -0.034514 0.061820 0.997490 0.000000 0.000000 0.000000 0.000000 1.000000
0.999355 0.003729 0.035706 0.000000 -0.001561 0.998163 -0.060571 14.380200 -0.035867 0.060476 0.997525 0.000000 0.000000 0.000000 0.000000 1.000000
0.999254 0.004634 0.038340 -0.000000 -0.002336 0.998210 -0.059765 14.380200 -0.038549 0.059631 0.997476 0.000000 0.000000 0.000000 0.000000 1.000000
0.999154 0.004917 0.040823 0.000000 -0.002477 0.998219 -0.059607 14.380200 -0.041043 0.059456 0.997387 0.000000 0.000000 0.000000 0.000000 1.000000
0.999092 0.004253 0.042387 0.000000 -0.001746 0.998255 -0.059017 14.380200 -0.042564 0.058889 0.997357 0.000000 0.000000 0.000000 0.000000 1.000000
0.998996 0.003105 0.044690 -0.000000 -0.000558 0.998380 -0.056890 14.380200 -0.044795 0.056808 0.997380 0.000000 0.000000 0.000000 0.000000 1.000000
0.998704 0.001324 0.050871 -0.000000 0.001442 0.998524 -0.054300 14.380200 -0.050868 0.054303 0.997228 0.000000 0.000000 0.000000 0.000000 1.000000
0.998096 -0.002612 0.061617 0.000000 0.005972 0.998501 -0.054401 14.380200 -0.061382 0.054665 0.996616 -0.000000 0.000000 0.000000 0.000000 1.000000
0.997386 -0.009892 0.071571 0.000000 0.014075 0.998207 -0.058176 14.380200 -0.070868 0.059031 0.995737 0.000000 0.000000 0.000000 0.000000 1.000000
0.997260 -0.018446 0.071641 0.000000 0.022928 0.997797 -0.062247 14.380200 -0.070335 0.063719 0.995486 0.000000 0.000000 0.000000 0.000000 1.000000
0.998120 -0.024180 0.056328 -0.000000 0.027734 0.997616 -0.063195 14.380200 -0.054665 0.064639 0.996410 0.000000 0.000000 0.000000 0.000000 1.000000
0.999190 -0.026539 0.030234 0.000000 0.028343 0.997744 -0.060865 14.380200 -0.028550 0.061673 0.997688 -0.000000 0.000000 0.000000 0.000000 1.000000
0.999558 -0.029302 0.004982 0.000000 0.029535 0.997984 -0.056178 14.380200 -0.003326 0.056300 0.998408 -0.000000 0.000000 0.000000 0.000000 1.000000
0.999382 -0.032785 -0.012719 -0.000000 0.032117 0.998254 -0.049572 14.380200 0.014322 0.049133 0.998690 0.000000 0.000000 0.000000 0.000000 1.000000
0.999255 -0.031192 -0.022737 0.000000 0.030207 0.998642 -0.042439 14.380200 0.024030 0.041721 0.998840 0.000000 0.000000 0.000000 0.000000 1.000000
0.999394 -0.022429 -0.026622 0.000000 0.021418 0.999060 -0.037682 14.380200 0.027442 0.037089 0.998935 0.000000 0.000000 0.000000 0.000000 1.000000
0.999533 -0.012173 -0.028033 -0.000000 0.011157 0.999285 -0.036127 14.380200 0.028453 0.035797 0.998954 0.000000 0.000000 0.000000 0.000000 1.000000
0.999493 -0.004945 -0.031442 -0.000000 0.003871 0.999410 -0.034141 14.380200 0.031592 0.034002 0.998922 -0.000000 0.000000 0.000000 0.000000 1.000000
0.999299 0.000604 -0.037439 0.000000 -0.001699 0.999572 -0.029214 14.380200 0.037405 0.029257 0.998872 -0.000000 0.000000 0.000000 0.000000 1.000000
0.999082 0.007217 -0.042221 0.000000 -0.008218 0.999688 -0.023585 14.380200 0.042038 0.023910 0.998830 -0.000000 0.000000 0.000000 0.000000 1.000000
0.998990 0.013977 -0.042714 0.000000 -0.014847 0.999687 -0.020118 14.380200 0.042419 0.020732 0.998885 -0.000000 0.000000 0.000000 0.000000 1.000000
0.999086 0.018656 -0.038469 -0.000000 -0.019379 0.999641 -0.018510 14.380200 0.038110 0.019238 0.999088 -0.000000 0.000000 0.000000 0.000000 1.000000
0.999303 0.021235 -0.030697 0.000000 -0.021750 0.999626 -0.016556 14.380200 0.030334 0.017213 0.999392 -0.000000 0.000000 0.000000 0.000000 1.000000
0.999494 0.023488 -0.021455 0.000000 -0.023767 0.999635 -0.012835 14.380200 0.021145 0.013339 0.999687 -0.000000 0.000000 0.000000 0.000000 1.000000
0.999562 0.027014 -0.012114 0.000000 -0.027116 0.999598 -0.008312 14.380200 0.011884 0.008637 0.999892 0.000000 0.000000 0.000000 0.000000 1.000000
0.999488 0.031880 -0.002861 -0.000000 -0.031894 0.999478 -0.005208 14.380200 0.002693 0.005297 0.999982 0.000000 0.000000 0.000000 0.000000 1.000000
0.999312 0.036637 0.005775 0.000000 -0.036614 0.999322 -0.003993 14.380200 -0.005917 0.003779 0.999975 0.000000 0.000000 0.000000 0.000000 1.000000
0.999128 0.039875 0.012400 0.000000 -0.039838 0.999201 -0.003185 14.380200 -0.012517 0.002688 0.999918 -0.000000 0.000000 0.000000 0.000000 1.000000
0.999012 0.041445 0.016046 -0.000000 -0.041418 0.999140 -0.002031 14.380200 -0.016116 0.001364 0.999869 0.000000 0.000000 0.000000 0.000000 1.000000
0.998984 0.041772 0.016923 0.000000 -0.041755 0.999127 -0.001328 14.380200 -0.016963 0.000620 0.999856 0.000000 0.000000 0.000000 0.000000 1.000000
0.999014 0.041361 0.016119 0.000000 -0.041337 0.999144 -0.001794 14.380200 -0.016180 0.001126 0.999868 -0.000000 0.000000 0.000000 0.000000 1.000000
0.999059 0.040823 0.014619 -0.000000 -0.040784 0.999164 -0.002962 14.380200 -0.014728 0.002363 0.999889 -0.000000 0.000000 0.000000 0.000000 1.000000
0.999084 0.040811 0.012900 -0.000000 -0.040763 0.999161 -0.003924 14.380200 -0.013050 0.003394 0.999909 0.000000 0.000000 0.000000 0.000000 1.000000
0.999062 0.041672 0.011745 0.000000 -0.041622 0.999123 -0.004490 14.380200 -0.011922 0.003997 0.999921 -0.000000 0.000000 0.000000 0.000000 1.000000
0.999029 0.042571 0.011367 0.000000 -0.042512 0.999081 -0.005382 14.380200 -0.011585 0.004893 0.999921 0.000000 0.000000 0.000000 0.000000 1.000000
0.999086 0.041571 0.010000 0.000000 -0.041496 0.999109 -0.007648 14.380200 -0.010309 0.007226 0.999921 0.000000 0.000000 0.000000 0.000000 1.000000
0.999269 0.037747 0.006130 0.000000 -0.037673 0.999222 -0.011705 14.380200 -0.006567 0.011465 0.999913 -0.000000 0.000000 0.000000 0.000000 1.000000
0.999466 0.032648 0.000970 0.000000 -0.032627 0.999331 -0.016513 14.380200 -0.001508 0.016473 0.999863 -0.000000 0.000000 0.000000 0.000000 1.000000
0.999606 0.027858 -0.003562 0.000000 -0.027926 0.999394 -0.020762 14.380200 0.002982 0.020853 0.999778 0.000000 0.000000 0.000000 0.000000 1.000000</float_array>
        <technique_common>
          <accessor source="#mixamorig_Spine2-Matrix-animation-output-transform-array" count="40" stride="16">
            <param type="float4x4"/>
          </accessor>
        </technique_common>
      </source>
      <source id="mixamorig_Spine2-Interpolations">
        <Name_array id="mixamorig_Spine2-Interpolations-array" count="40">
 LINEAR LINEAR LINEAR LINEAR LINEAR LINEAR LINEAR LINEAR LINEAR LINEAR LINEAR
LINEAR LINEAR LINEAR LINEAR LINEAR LINEAR LINEAR LINEAR LINEAR LINEAR LINEAR LINEAR
LINEAR LINEAR LINEAR LINEAR LINEAR LINEAR LINEAR LINEAR LINEAR LINEAR LINEAR LINEAR
LINEAR LINEAR LINEAR LINEAR LINEAR</Name_array>
        <technique_common>
          <accessor source="#mixamorig_Spine2-Interpolations-array" count="40">
            <param type="name"/>
          </accessor>
        </technique_common>
      </source>
      <sampler id="mixamorig_Spine2-Matrix-animation-transform">
        <input semantic="INPUT" source="#mixamorig_Spine2-Matrix-animation-input"/>
        <input semantic="OUTPUT" source="#mixamorig_Spine2-Matrix-animation-output-transform"/>
        <input semantic="INTERPOLATION" source="#mixamorig_Spine2-Interpolations"/>
      </sampler>
      <channel source="#mixamorig_Spine2-Matrix-animation-transform" target="mixamorig_Spine2/matrix"/>
    </animation>
    <animation id="mixamorig_Neck-anim" name="mixamorig_Neck">
      <source id="mixamorig_Neck-Matrix-animation-input">
        <float_array id="mixamorig_Neck-Matrix-animation-input-array" count="40">

0.000000 0.033333 0.066667 0.100000 0.133333 0.166667 0.200000 0.233333 0.266667 0.300000 0.333333 0.366667 0.400000 0.433333 0.466667 0.500000
0.533333 0.566667 0.600000 0.633333 0.666667 0.700000 0.733333 0.766667 0.800000 0.833333 0.866667 0.900000 0.933333 0.966667 1.000000 1.033333
1.066667 1.100000 1.133333 1.166667 1.200000 1.233333 1.266667 1.300000</float_array>
        <technique_common>
          <accessor source="#mixamorig_Neck-Matrix-animation-input-array" count="40">
            <param name="TIME" type="float"/>
          </accessor>
        </technique_common>
      </source>
      <source id="mixamorig_Neck-Matrix-animation-output-transform">
        <float_array id="mixamorig_Neck-Matrix-animation-output-transform-array" count="640">

0.980119 -0.060117 -0.189086 0.000000 0.035086 0.990489 -0.133040 16.177799 0.195285 0.123760 0.972906 0.000000 0.000000 0.000000 0.000000 1.000000
0.980023 -0.061707 -0.189071 0.000000 0.036778 0.990483 -0.132631 16.177799 0.195456 0.123028 0.972965 -0.000000 0.000000 0.000000 0.000000 1.000000
0.979857 -0.063323 -0.189397 -0.000000 0.038357 0.990415 -0.132690 16.177799 0.195984 0.122753 0.972894 0.000000 0.000000 0.000000 0.000000 1.000000
0.979619 -0.064656 -0.190177 -0.000000 0.039688 0.990417 -0.132281 16.177799 0.196907 0.122037 0.972797 0.000000 0.000000 0.000000 0.000000 1.000000
0.979478 -0.064449 -0.190967 0.000000 0.039613 0.990574 -0.131128 16.177799 0.197618 0.120872 0.972799 0.000000 0.000000 0.000000 0.000000 1.000000
0.979529 -0.062431 -0.191377 0.000000 0.037520 0.990655 -0.131130 16.177799 0.197775 0.121265 0.972718 -0.000000 0.000000 0.000000 0.000000 1.000000
0.979601 -0.059853 -0.191831 0.000000 0.034478 0.990518 -0.132985 16.177799 0.197971 0.123658 0.972376 0.000000 0.000000 0.000000 0.000000 1.000000
0.979320 -0.057840 -0.193874 0.000000 0.032407 0.990736 -0.131878 16.177799 0.199706 0.122867 0.972122 0.000000 0.000000 0.000000 0.000000 1.000000
0.978394 -0.057067 -0.198718 0.000000 0.032843 0.991846 -0.123134 16.177799 0.204124 0.113947 0.972291 0.000000 0.000000 0.000000 0.000000 1.000000
0.977097 -0.060814 -0.203917 0.000000 0.037351 0.992429 -0.117000 16.177799 0.209489 0.106704 0.971972 0.000000 0.000000 0.000000 0.000000 1.000000
0.976272 -0.075912 -0.202807 0.000000 0.048121 0.989177 -0.138611 16.177799 0.211134 0.125563 0.969359 0.000000 0.000000 0.000000 0.000000 1.000000
0.975861 -0.105270 -0.191346 0.000000 0.066782 0.978029 -0.197480 16.177799 0.207931 0.179935 0.961451 0.000000 0.000000 0.000000 0.000000 1.000000
0.974784 -0.138203 -0.175200 0.000000 0.088817 0.960550 -0.263545 16.177799 0.204711 0.241339 0.948604 0.000000 0.000000 0.000000 0.000000 1.000000
0.974479 -0.153485 -0.163807 0.000000 0.100468 0.950766 -0.293173 16.177799 0.200739 0.269234 0.941922 0.000000 0.000000 0.000000 0.000000 1.000000
0.977291 -0.140850 -0.158315 -0.000000 0.093273 0.956779 -0.275453 16.177799 0.190270 0.254431 0.948189 0.000000 0.000000 0.000000 0.000000 1.000000
0.981411 -0.116279 -0.152683 -0.000000 0.077378 0.967769 -0.239657 16.177799 0.175629 0.223388 0.958777 -0.000000 0.000000 0.000000 0.000000 1.000000
0.984396 -0.102061 -0.143347 0.000000 0.069241 0.973564 -0.217669 16.177799 0.161773 0.204347 0.965439 -0.000000 0.000000 0.000000 0.000000 1.000000
0.985949 -0.101883 -0.132381 -0.000000 0.071772 0.973965 -0.215037 16.177799 0.150843 0.202514 0.967592 -0.000000 0.000000 0.000000 0.000000 1.000000
0.986455 -0.107573 -0.123833 0.000000 0.078146 0.971953 -0.221814 16.177799 0.144220 0.209132 0.967194 0.000000 0.000000 0.000000 0.000000 1.000000
0.986058 -0.115672 -0.119620 -0.000000 0.085889 0.969511 -0.229503 16.177799 0.142520 0.216030 0.965929 0.000000 0.000000 0.000000 0.000000 1.000000
0.984784 -0.126647 -0.119001 0.000000 0.096183 0.967530 -0.233739 16.177799 0.144739 0.218736 0.964990 0.000000 0.000000 0.000000 0.000000 1.000000
0.983515 -0.135706 -0.119509 0.000000 0.104896 0.966502 -0.234244 16.177799 0.147294 0.217847 0.964804 -0.000000 0.000000 0.000000 0.000000 1.000000
0.983389 -0.137178 -0.118859 -0.000000 0.106571 0.966456 -0.233680 16.177799 0.146928 0.217132 0.965021 -0.000000 0.000000 0.000000 0.000000 1.000000
0.984418 -0.131756 -0.116458 -0.000000 0.101690 0.966842 -0.234256 16.177799 0.143461 0.218763 0.965174 0.000000 0.000000 0.000000 0.000000 1.000000
0.985718 -0.124711 -0.113167 0.000000 0.095295 0.967134 -0.235733 16.177799 0.138846 0.221582 0.965206 -0.000000 0.000000 0.000000 0.000000 1.000000
0.986585 -0.120492 -0.110140 0.000000 0.091757 0.967330 -0.236332 16.177799 0.135018 0.223055 0.965410 0.000000 0.000000 0.000000 0.000000 1.000000
0.986858 -0.120232 -0.107964 0.000000 0.092180 0.967618 -0.234985 16.177799 0.132720 0.221945 0.965984 -0.000000 0.000000 0.000000 0.000000 1.000000
0.986789 -0.122136 -0.106444 -0.000000 0.094732 0.967979 -0.232471 16.177799 0.131429 0.219316 0.966761 0.000000 0.000000 0.000000 0.000000 1.000000
0.986669 -0.124201 -0.105158 0.000000 0.097318 0.968209 -0.230434 16.177799 0.130435 0.217129 0.967389 0.000000 0.000000 0.000000 0.000000 1.000000
0.986532 -0.126192 -0.104070 -0.000000 0.099627 0.968179 -0.229572 16.177799 0.129729 0.216112 0.967712 -0.000000 0.000000 0.000000 0.000000 1.000000
0.986363 -0.128103 -0.103335 0.000000 0.101734 0.968084 -0.229048 16.177799 0.129379 0.215412 0.967915 0.000000 0.000000 0.000000 0.000000 1.000000
0.986228 -0.129425 -0.102976 -0.000000 0.103248 0.968170 -0.228004 16.177799 0.129208 0.214232 0.968199 0.000000 0.000000 0.000000 0.000000 1.000000
0.986174 -0.130032 -0.102723 0.000000 0.104008 0.968280 -0.227191 16.177799 0.129006 0.213366 0.968417 0.000000 0.000000 0.000000 0.000000 1.000000
0.986144 -0.130739 -0.102110 -0.000000 0.104702 0.967971 -0.228189 16.177799 0.128673 0.214336 0.968248 0.000000 0.000000 0.000000 0.000000 1.000000
0.985973 -0.132774 -0.101139 0.000000 0.106526 0.967083 -0.231089 16.177799 0.128493 0.217073 0.967662 0.000000 0.000000 0.000000 0.000000 1.000000
0.985844 -0.134389 -0.100258 0.000000 0.108066 0.966483 -0.232880 16.177799 0.128194 0.218749 0.967324 -0.000000 0.000000 0.000000 0.000000 1.000000
0.986491 -0.129981 -0.099705 0.000000 0.104504 0.968034 -0.228012 16.177799 0.126155 0.214513 0.968540 0.000000 0.000000 0.000000 0.000000 1.000000
0.988189 -0.116664 -0.099358 0.000000 0.093341 0.972472 -0.213507 16.177799 0.121531 0.201711 0.971876 0.000000 0.000000 0.000000 0.000000 1.000000
0.990187 -0.098656 -0.098976 0.000000 0.078130 0.978036 -0.193238 16.177799 0.115867 0.183609 0.976147 -0.000000 0.000000 0.000000 0.000000 1.000000
0.991791 -0.081676 -0.098388 -0.000000 0.063722 0.982770 -0.173500 16.177799 0.110864 0.165806 0.979907 -0.000000 0.000000 0.000000 0.000000 1.000000</float_array>
        <technique_common>
          <accessor source="#mixamorig_Neck-Matrix-animation-output-transform-array" count="40" stride="16">
            <param type="float4x4"/>
          </accessor>
        </technique_common>
      </source>
      <source id="mixamorig_Neck-Interpolations">
        <Name_array id="mixamorig_Neck-Interpolations-array" count="40">
 LINEAR LINEAR LINEAR LINEAR LINEAR LINEAR LINEAR LINEAR LINEAR LINEAR LINEAR
LINEAR LINEAR LINEAR LINEAR LINEAR LINEAR LINEAR LINEAR LINEAR LINEAR LINEAR LINEAR
LINEAR LINEAR LINEAR LINEAR LINEAR LINEAR LINEAR LINEAR LINEAR LINEAR LINEAR LINEAR
LINEAR LINEAR LINEAR LINEAR LINEAR</Name_array>
        <technique_common>
          <accessor source="#mixamorig_Neck-Interpolations-array" count="40">
            <param type="name"/>
          </accessor>
        </technique_common>
      </source>
      <sampler id="mixamorig_Neck-Matrix-animation-transform">
        <input semantic="INPUT" source="#mixamorig_Neck-Matrix-animation-input"/>
        <input semantic="OUTPUT" source="#mixamorig_Neck-Matrix-animation-output-transform"/>
        <input semantic="INTERPOLATION" source="#mixamorig_Neck-Interpolations"/>
      </sampler>
      <channel source="#mixamorig_Neck-Matrix-animation-transform" target="mixamorig_Neck/matrix"/>
    </animation>
    <animation id="mixamorig_Head-anim" name="mixamorig_Head">
      <source id="mixamorig_Head-Matrix-animation-input">
        <float_array id="mixamorig_Head-Matrix-animation-input-array" count="40">

0.000000 0.033333 0.066667 0.100000 0.133333 0.166667 0.200000 0.233333 0.266667 0.300000 0.333333 0.366667 0.400000 0.433333 0.466667 0.500000
0.533333 0.566667 0.600000 0.633333 0.666667 0.700000 0.733333 0.766667 0.800000 0.833333 0.866667 0.900000 0.933333 0.966667 1.000000 1.033333
1.066667 1.100000 1.133333 1.166667 1.200000 1.233333 1.266667 1.300000</float_array>
        <technique_common>
          <accessor source="#mixamorig_Head-Matrix-animation-input-array" count="40">
            <param name="TIME" type="float"/>
          </accessor>
        </technique_common>
      </source>
      <source id="mixamorig_Head-Matrix-animation-output-transform">
        <float_array id="mixamorig_Head-Matrix-animation-output-transform-array" count="640">

0.636443 0.048543 -0.769795 -0.000000 0.009761 0.997431 0.070967 6.762300 0.771262 -0.052681 0.634334 3.044900 0.000000 0.000000 0.000000 1.000000
0.638178 0.049116 -0.768321 -0.000000 0.008294 0.997466 0.070654 6.762300 0.769844 -0.051463 0.636154 3.044900 0.000000 0.000000 0.000000 1.000000
0.638276 0.048779 -0.768261 -0.000000 0.007592 0.997543 0.069644 6.762300 0.769770 -0.050285 0.636337 3.044900 0.000000 0.000000 0.000000 1.000000
0.636389 0.047995 -0.769874 -0.000000 0.007874 0.997606 0.068701 6.762300 0.771328 -0.049782 0.634488 3.044900 0.000000 0.000000 0.000000 1.000000
0.633605 0.046943 -0.772231 -0.000000 0.007626 0.997730 0.066908 6.762300 0.773619 -0.048282 0.631809 3.044900 0.000000 0.000000 0.000000 1.000000
0.630222 0.044205 -0.775156 0.000000 0.007705 0.997973 0.063176 6.762300 0.776377 -0.045788 0.628604 3.044900 0.000000 0.000000 0.000000 1.000000
0.624523 0.039768 -0.779993 -0.000000 0.011037 0.998154 0.059728 6.762300 0.780928 -0.045910 0.622931 3.044900 0.000000 0.000000 0.000000 1.000000
0.613625 0.040121 -0.788578 -0.000000 0.016297 0.997852 0.063449 6.762300 0.789429 -0.051785 0.611653 3.044900 0.000000 0.000000 0.000000 1.000000
0.597407 0.051796 -0.800264 -0.000000 0.016245 0.996926 0.076651 6.762300 0.801774 -0.058792 0.594729 3.044900 0.000000 0.000000 0.000000 1.000000
0.584860 0.065820 -0.808459 -0.000000 0.008301 0.996164 0.087107 6.762300 0.811092 -0.057656 0.582070 3.044900 0.000000 0.000000 0.000000 1.000000
0.593833 0.059946 -0.802352 -0.000000 0.004383 0.996965 0.077730 6.762300 0.804576 -0.049675 0.591768 3.044900 0.000000 0.000000 0.000000 1.000000
0.630161 0.022488 -0.776139 0.000000 0.017238 0.998929 0.042938 6.762300 0.776273 -0.040437 0.629098 3.044900 0.000000 0.000000 0.000000 1.000000
0.675056 -0.026755 -0.737282 -0.000000 0.033145 0.999433 -0.005920 6.762300 0.737022 -0.020441 0.675560 3.044900 0.000000 0.000000 0.000000 1.000000
0.712501 -0.048481 -0.699994 -0.000000 0.027608 0.998775 -0.041073 6.762300 0.701127 0.009939 0.712967 3.044900 0.000000 0.000000 0.000000 1.000000
0.742128 -0.031619 -0.669512 -0.000000 0.007528 0.999217 -0.038845 6.762300 0.670216 0.023788 0.741785 3.044900 0.000000 0.000000 0.000000 1.000000
0.769704 -0.003736 -0.638390 -0.000000 -0.002470 0.999958 -0.008830 6.762300 0.638396 0.008373 0.769662 3.044900 0.000000 0.000000 0.000000 1.000000
0.801841 0.008400 -0.597478 0.000000 0.000225 0.999897 0.014360 6.762300 0.597537 -0.011649 0.801757 3.044900 0.000000 0.000000 0.000000 1.000000
0.835796 0.006948 -0.548997 -0.000000 -0.000976 0.999937 0.011169 6.762300 0.549040 -0.008799 0.835750 3.044900 0.000000 0.000000 0.000000 1.000000
0.862657 0.007921 -0.505727 0.000000 -0.013449 0.999883 -0.007281 6.762300 0.505610 0.013082 0.862663 3.044900 0.000000 0.000000 0.000000 1.000000
0.878388 0.014380 -0.477732 0.000000 -0.027737 0.999396 -0.020916 6.762300 0.477143 0.031623 0.878257 3.044900 0.000000 0.000000 0.000000 1.000000
0.885429 0.017572 -0.464442 0.000000 -0.033878 0.999067 -0.026787 6.762300 0.463538 0.039452 0.885198 3.044900 0.000000 0.000000 0.000000 1.000000
0.888303 0.012347 -0.459092 -0.000000 -0.031994 0.998874 -0.035040 6.762300 0.458142 0.045814 0.887698 3.044900 0.000000 0.000000 0.000000 1.000000
0.890470 0.002317 -0.455037 0.000000 -0.027997 0.998372 -0.049702 6.762300 0.454181 0.056998 0.889084 3.044900 0.000000 0.000000 0.000000 1.000000
0.893501 -0.007126 -0.449004 0.000000 -0.025217 0.997500 -0.066011 6.762300 0.448352 0.070304 0.891088 3.044900 0.000000 0.000000 0.000000 1.000000
0.897517 -0.014489 -0.440741 0.000000 -0.022692 0.996618 -0.078973 6.762300 0.440395 0.080881 0.894154 3.044900 0.000000 0.000000 0.000000 1.000000
0.902157 -0.020386 -0.430925 0.000000 -0.019522 0.995930 -0.087985 6.762300 0.430965 0.087789 0.898088 3.044900 0.000000 0.000000 0.000000 1.000000
0.907055 -0.025020 -0.420268 -0.000000 -0.016597 0.995332 -0.095076 6.762300 0.420685 0.093214 0.902405 3.044900 0.000000 0.000000 0.000000 1.000000
0.911698 -0.028666 -0.409859 0.000000 -0.014104 0.994792 -0.100949 6.762300 0.410618 0.097816 0.906546 3.044900 0.000000 0.000000 0.000000 1.000000
0.915569 -0.031747 -0.400905 0.000000 -0.011224 0.994474 -0.104385 6.762300 0.402003 0.100072 0.910153 3.044900 0.000000 0.000000 0.000000 1.000000
0.918425 -0.034466 -0.394090 0.000000 -0.007586 0.994480 -0.104655 6.762300 0.395521 0.099108 0.913094 3.044900 0.000000 0.000000 0.000000 1.000000
0.920222 -0.037184 -0.389626 0.000000 -0.003392 0.994682 -0.102939 6.762300 0.391381 0.096049 0.915202 3.044900 0.000000 0.000000 0.000000 1.000000
0.920952 -0.040353 -0.387582 0.000000 0.001254 0.994925 -0.100608 6.762300 0.389675 0.092169 0.916329 3.044900 0.000000 0.000000 0.000000 1.000000
0.921025 -0.043523 -0.387063 -0.000000 0.005960 0.995196 -0.097722 6.762300 0.389457 0.087697 0.916860 3.044900 0.000000 0.000000 0.000000 1.000000
0.921624 -0.046026 -0.385344 0.000000 0.009780 0.995381 -0.095499 6.762300 0.387960 0.084245 0.917818 3.044900 0.000000 0.000000 0.000000 1.000000
0.923450 -0.048347 -0.380660 0.000000 0.012242 0.995238 -0.096705 6.762300 0.383522 0.084642 0.919645 3.044900 0.000000 0.000000 0.000000 1.000000
0.925558 -0.049179 -0.375398 0.000000 0.012696 0.995002 -0.099048 6.762300 0.378392 0.086908 0.921556 3.044900 0.000000 0.000000 0.000000 1.000000
0.926429 -0.043242 -0.373977 -0.000000 0.008597 0.995552 -0.093817 6.762300 0.376371 0.083700 0.922680 3.044900 0.000000 0.000000 0.000000 1.000000
0.925401 -0.027863 -0.377964 0.000000 -0.001020 0.997107 -0.076001 6.762300 0.378988 0.070716 0.922695 3.044900 0.000000 0.000000 0.000000 1.000000
0.922972 -0.007675 -0.384791 0.000000 -0.012793 0.998637 -0.050605 6.762300 0.384655 0.051629 0.921615 3.044900 0.000000 0.000000 0.000000 1.000000
0.920158 0.011445 -0.391379 -0.000000 -0.023634 0.999374 -0.026343 6.762300 0.390832 0.033490 0.919852 3.044900 0.000000 0.000000 0.000000 1.000000</float_array>
        <technique_common>
          <accessor source="#mixamorig_Head-Matrix-animation-output-transform-array" count="40" stride="16">
            <param type="float4x4"/>
          </accessor>
        </technique_common>
      </source>
      <source id="mixamorig_Head-Interpolations">
        <Name_array id="mixamorig_Head-Interpolations-array" count="40">
 LINEAR LINEAR LINEAR LINEAR LINEAR LINEAR LINEAR LINEAR LINEAR LINEAR LINEAR
LINEAR LINEAR LINEAR LINEAR LINEAR LINEAR LINEAR LINEAR LINEAR LINEAR LINEAR LINEAR
LINEAR LINEAR LINEAR LINEAR LINEAR LINEAR LINEAR LINEAR LINEAR LINEAR LINEAR LINEAR
LINEAR LINEAR LINEAR LINEAR LINEAR</Name_array>
        <technique_common>
          <accessor source="#mixamorig_Head-Interpolations-array" count="40">
            <param type="name"/>
          </accessor>
        </technique_common>
      </source>
      <sampler id="mixamorig_Head-Matrix-animation-transform">
        <input semantic="INPUT" source="#mixamorig_Head-Matrix-animation-input"/>
        <input semantic="OUTPUT" source="#mixamorig_Head-Matrix-animation-output-transform"/>
        <input semantic="INTERPOLATION" source="#mixamorig_Head-Interpolations"/>
      </sampler>
      <channel source="#mixamorig_Head-Matrix-animation-transform" target="mixamorig_Head/matrix"/>
    </animation>
    <animation id="mixamorig_LeftShoulder-anim" name="mixamorig_LeftShoulder">
      <source id="mixamorig_LeftShoulder-Matrix-animation-input">
        <float_array id="mixamorig_LeftShoulder-Matrix-animation-input-array" count="40">

0.000000 0.033333 0.066667 0.100000 0.133333 0.166667 0.200000 0.233333 0.266667 0.300000 0.333333 0.366667 0.400000 0.433333 0.466667 0.500000
0.533333 0.566667 0.600000 0.633333 0.666667 0.700000 0.733333 0.766667 0.800000 0.833333 0.866667 0.900000 0.933333 0.966667 1.000000 1.033333
1.066667 1.100000 1.133333 1.166667 1.200000 1.233333 1.266667 1.300000</float_array>
        <technique_common>
          <accessor source="#mixamorig_LeftShoulder-Matrix-animation-input-array" count="40">
            <param name="TIME" type="float"/>
          </accessor>
        </technique_common>
      </source>
      <source id="mixamorig_LeftShoulder-Matrix-animation-output-transform">
        <float_array id="mixamorig_LeftShoulder-Matrix-animation-output-transform-array" count="640">

0.083171 0.915117 -0.394516 6.802200 0.024775 -0.397664 -0.917196 14.584200 -0.996227 0.066510 -0.055746 -0.154100 0.000000 0.000000 0.000000 1.000000
0.082671 0.915206 -0.394415 6.802200 0.024716 -0.397531 -0.917256 14.584200 -0.996270 0.066082 -0.055485 -0.154100 0.000000 0.000000 0.000000 1.000000
0.083207 0.915201 -0.394315 6.802200 0.024673 -0.397458 -0.917289 14.584200 -0.996227 0.066596 -0.055652 -0.154100 0.000000 0.000000 0.000000 1.000000
0.084051 0.915225 -0.394080 6.802200 0.024565 -0.397262 -0.917376 14.584200 -0.996159 0.067426 -0.055873 -0.154100 0.000000 0.000000 0.000000 1.000000
0.084026 0.915406 -0.393663 6.802200 0.024373 -0.396830 -0.917568 14.584200 -0.996165 0.067505 -0.055655 -0.154100 0.000000 0.000000 0.000000 1.000000
0.083333 0.915583 -0.393400 6.802200 0.024267 -0.396521 -0.917705 14.584200 -0.996226 0.066929 -0.055262 -0.154100 0.000000 0.000000 0.000000 1.000000
0.084606 0.915191 -0.394039 6.802200 0.024579 -0.397254 -0.917380 14.584200 -0.996111 0.067931 -0.056105 -0.154100 0.000000 0.000000 0.000000 1.000000
0.089432 0.914177 -0.395325 6.802200 0.025137 -0.398861 -0.916667 14.584200 -0.995676 0.072042 -0.058651 -0.154100 0.000000 0.000000 0.000000 1.000000
0.091422 0.914526 -0.394061 6.802200 0.024528 -0.397666 -0.917202 14.584200 -0.995510 0.074187 -0.058787 -0.154100 0.000000 0.000000 0.000000 1.000000
0.078690 0.918865 -0.386646 6.802200 0.021336 -0.389313 -0.920859 14.584200 -0.996671 0.064212 -0.050240 -0.154100 0.000000 0.000000 0.000000 1.000000
0.050057 0.925606 -0.375164 6.802200 0.016560 -0.376352 -0.926329 14.584200 -0.998609 0.040156 -0.034167 -0.154100 0.000000 0.000000 0.000000 1.000000
0.019332 0.930261 -0.366389 6.802200 0.013249 -0.366664 -0.930259 14.584200 -0.999725 0.013129 -0.019414 -0.154100 0.000000 0.000000 0.000000 1.000000
-0.000628 0.931497 -0.363748 6.802200 0.012734 -0.363711 -0.931425 14.584200 -0.999919 -0.005217 -0.011634 -0.154100 0.000000 0.000000 0.000000 1.000000
-0.009192 0.930933 -0.365075 6.802200 0.013609 -0.364940 -0.930932 14.584200 -0.999865 -0.013525 -0.009315 -0.154100 0.000000 0.000000 0.000000 1.000000
-0.015498 0.930437 -0.366123 6.802200 0.014181 -0.365926 -0.930536 14.584200 -0.999779 -0.019613 -0.007524 -0.154100 0.000000 0.000000 0.000000 1.000000
-0.024472 0.930807 -0.364691 6.802200 0.013962 -0.364446 -0.931120 14.584200 -0.999603 -0.027879 -0.004078 -0.154100 0.000000 0.000000 0.000000 1.000000
-0.030785 0.931469 -0.362515 6.802200 0.013464 -0.362267 -0.931977 14.584200 -0.999435 -0.033572 -0.001389 -0.154100 0.000000 0.000000 0.000000 1.000000
-0.027647 0.931418 -0.362900 6.802200 0.013502 -0.362658 -0.931825 14.584200 -0.999527 -0.030662 -0.002550 -0.154100 0.000000 0.000000 0.000000 1.000000
-0.014230 0.930233 -0.366693 6.802200 0.014328 -0.366502 -0.930307 14.584200 -0.999796 -0.018492 -0.008113 -0.154100 0.000000 0.000000 0.000000 1.000000
0.005867 0.928215 -0.371998 6.802200 0.015579 -0.372044 -0.928084 14.584200 -0.999861 -0.000351 -0.016643 -0.154100 0.000000 0.000000 0.000000 1.000000
0.028613 0.925811 -0.376903 6.802200 0.016947 -0.377453 -0.925874 14.584200 -0.999447 0.020105 -0.026489 -0.154100 0.000000 0.000000 0.000000 1.000000
0.050677 0.923178 -0.381017 6.802200 0.018425 -0.382307 -0.923852 14.584200 -0.998545 0.039798 -0.036384 -0.154100 0.000000 0.000000 0.000000 1.000000
0.069040 0.920460 -0.384691 6.802200 0.020040 -0.386813 -0.921940 14.584200 -0.997413 0.055941 -0.045152 -0.154100 0.000000 0.000000 0.000000 1.000000
0.081822 0.917958 -0.388147 6.802200 0.021708 -0.391002 -0.920134 14.584200 -0.996410 0.066861 -0.051920 -0.154100 0.000000 0.000000 0.000000 1.000000
0.089273 0.916001 -0.391117 6.802200 0.023190 -0.394490 -0.918608 14.584200 -0.995737 0.072937 -0.056460 -0.154100 0.000000 0.000000 0.000000 1.000000
0.093567 0.914672 -0.393217 6.802200 0.024267 -0.396928 -0.917529 14.584200 -0.995317 0.076308 -0.059335 -0.154100 0.000000 0.000000 0.000000 1.000000
0.096808 0.913805 -0.394447 6.802200 0.024921 -0.398410 -0.916869 14.584200 -0.994991 0.078930 -0.061342 -0.154100 0.000000 0.000000 0.000000 1.000000
0.099595 0.913186 -0.395187 6.802200 0.025330 -0.399359 -0.916444 14.584200 -0.994706 0.081263 -0.062905 -0.154100 0.000000 0.000000 0.000000 1.000000
0.101689 0.912664 -0.395858 6.802200 0.025700 -0.400198 -0.916068 14.584200 -0.994484 0.082981 -0.064151 -0.154100 0.000000 0.000000 0.000000 1.000000
0.103114 0.912172 -0.396622 6.802200 0.026122 -0.401093 -0.915665 14.584200 -0.994326 0.084058 -0.065186 -0.154100 0.000000 0.000000 0.000000 1.000000
0.104506 0.911639 -0.397483 6.802200 0.026623 -0.402092 -0.915212 14.584200 -0.994168 0.085063 -0.066292 -0.154100 0.000000 0.000000 0.000000 1.000000
0.106407 0.911029 -0.398376 6.802200 0.027185 -0.403166 -0.914723 14.584200 -0.993951 0.086503 -0.067666 -0.154100 0.000000 0.000000 0.000000 1.000000
0.108333 0.910455 -0.399168 6.802200 0.027706 -0.404141 -0.914277 14.584200 -0.993729 0.087987 -0.069007 -0.154100 0.000000 0.000000 0.000000 1.000000
0.109241 0.910123 -0.399678 6.802200 0.028035 -0.404745 -0.914000 14.584200 -0.993620 0.088641 -0.069730 -0.154100 0.000000 0.000000 0.000000 1.000000
0.108908 0.910157 -0.399691 6.802200 0.028043 -0.404736 -0.914004 14.584200 -0.993656 0.088334 -0.069602 -0.154100 0.000000 0.000000 0.000000 1.000000
0.107472 0.910432 -0.399454 6.802200 0.027865 -0.404381 -0.914166 14.584200 -0.993818 0.087116 -0.068829 -0.154100 0.000000 0.000000 0.000000 1.000000
0.103886 0.910695 -0.399803 6.802200 0.027894 -0.404488 -0.914118 14.584200 -0.994198 0.083812 -0.067424 -0.154100 0.000000 0.000000 0.000000 1.000000
0.097426 0.910779 -0.401236 6.802200 0.028354 -0.405530 -0.913642 14.584200 -0.994839 0.077636 -0.065334 -0.154100 0.000000 0.000000 0.000000 1.000000
0.089825 0.910629 -0.403344 6.802200 0.029081 -0.407207 -0.912873 14.584200 -0.995533 0.070269 -0.063060 -0.154100 0.000000 0.000000 0.000000 1.000000
0.083210 0.910314 -0.405468 6.802200 0.029780 -0.408969 -0.912062 14.584200 -0.996087 0.063818 -0.061140 -0.154100 0.000000 0.000000 0.000000 1.000000</float_array>
        <technique_common>
          <accessor source="#mixamorig_LeftShoulder-Matrix-animation-output-transform-array" count="40" stride="16">
            <param type="float4x4"/>
          </accessor>
        </technique_common>
      </source>
      <source id="mixamorig_LeftShoulder-Interpolations">
        <Name_array id="mixamorig_LeftShoulder-Interpolations-array" count="40">
 LINEAR LINEAR LINEAR LINEAR LINEAR LINEAR LINEAR LINEAR LINEAR LINEAR LINEAR
LINEAR LINEAR LINEAR LINEAR LINEAR LINEAR LINEAR LINEAR LINEAR LINEAR LINEAR LINEAR
LINEAR LINEAR LINEAR LINEAR LINEAR LINEAR LINEAR LINEAR LINEAR LINEAR LINEAR LINEAR
LINEAR LINEAR LINEAR LINEAR LINEAR</Name_array>
        <technique_common>
          <accessor source="#mixamorig_LeftShoulder-Interpolations-array" count="40">
            <param type="name"/>
          </accessor>
        </technique_common>
      </source>
      <sampler id="mixamorig_LeftShoulder-Matrix-animation-transform">
        <input semantic="INPUT" source="#mixamorig_LeftShoulder-Matrix-animation-input"/>
        <input semantic="OUTPUT" source="#mixamorig_LeftShoulder-Matrix-animation-output-transform"/>
        <input semantic="INTERPOLATION" source="#mixamorig_LeftShoulder-Interpolations"/>
      </sampler>
      <channel source="#mixamorig_LeftShoulder-Matrix-animation-transform" target="mixamorig_LeftShoulder/matrix"/>
    </animation>
    <animation id="mixamorig_LeftArm-anim" name="mixamorig_LeftArm">
      <source id="mixamorig_LeftArm-Matrix-animation-input">
        <float_array id="mixamorig_LeftArm-Matrix-animation-input-array" count="40">

0.000000 0.033333 0.066667 0.100000 0.133333 0.166667 0.200000 0.233333 0.266667 0.300000 0.333333 0.366667 0.400000 0.433333 0.466667 0.500000
0.533333 0.566667 0.600000 0.633333 0.666667 0.700000 0.733333 0.766667 0.800000 0.833333 0.866667 0.900000 0.933333 0.966667 1.000000 1.033333
1.066667 1.100000 1.133333 1.166667 1.200000 1.233333 1.266667 1.300000</float_array>
        <technique_common>
          <accessor source="#mixamorig_LeftArm-Matrix-animation-input-array" count="40">
            <param name="TIME" type="float"/>
          </accessor>
        </technique_common>
      </source>
      <source id="mixamorig_LeftArm-Matrix-animation-output-transform">
        <float_array id="mixamorig_LeftArm-Matrix-animation-output-transform-array" count="640">

0.982853 -0.083076 0.164619 0.000000 0.173797 0.715649 -0.676491 14.280800 -0.061609 0.693501 0.717816 0.000000 0.000000 0.000000 0.000000 1.000000
0.983264 -0.084310 0.161504 0.000000 0.172484 0.716227 -0.676217 14.280800 -0.058662 0.692756 0.718782 0.000000 0.000000 0.000000 0.000000 1.000000
0.982762 -0.088837 0.162135 0.000000 0.176108 0.716733 -0.674744 14.280800 -0.056266 0.691666 0.720022 0.000000 0.000000 0.000000 0.000000 1.000000
0.981267 -0.096569 0.166701 -0.000000 0.184729 0.717238 -0.671897 14.280800 -0.054680 0.690105 0.721641 -0.000000 0.000000 0.000000 0.000000 1.000000
0.978857 -0.105139 0.175458 -0.000000 0.196826 0.717607 -0.668056 14.280800 -0.055672 0.688466 0.723129 -0.000000 0.000000 0.000000 0.000000 1.000000
0.976619 -0.110935 0.184145 0.000000 0.207039 0.715997 -0.666695 14.280800 -0.057888 0.689232 0.722224 0.000000 0.000000 0.000000 0.000000 1.000000
0.975736 -0.113659 0.187137 -0.000000 0.211530 0.709962 -0.671721 14.280800 -0.056513 0.695008 0.716778 0.000000 0.000000 0.000000 0.000000 1.000000
0.973194 -0.123663 0.193908 0.000000 0.224073 0.699770 -0.678316 14.280800 -0.051809 0.703583 0.708722 0.000000 0.000000 0.000000 0.000000 1.000000
0.957810 -0.157961 0.240099 0.000000 0.281036 0.689618 -0.667417 14.280800 -0.060150 0.706736 0.704916 0.000000 0.000000 0.000000 0.000000 1.000000
0.914622 -0.208710 0.346275 0.000000 0.390449 0.678284 -0.622479 14.280800 -0.104955 0.704536 0.701864 0.000000 0.000000 0.000000 0.000000 1.000000
0.856909 -0.231074 0.460773 0.000000 0.483757 0.669191 -0.564059 14.280800 -0.178006 0.706250 0.685219 -0.000000 0.000000 0.000000 0.000000 1.000000
0.828359 -0.200510 0.523084 0.000000 0.500670 0.683857 -0.530725 14.280800 -0.251299 0.701524 0.666868 0.000000 0.000000 0.000000 0.000000 1.000000
0.825798 -0.134099 0.547791 -0.000000 0.460779 0.720483 -0.518254 14.280800 -0.325177 0.680384 0.656763 0.000000 0.000000 0.000000 0.000000 1.000000
0.815544 -0.066036 0.574915 0.000000 0.416720 0.756350 -0.504261 14.280800 -0.401538 0.650826 0.644355 -0.000000 0.000000 0.000000 0.000000 1.000000
0.791463 -0.016725 0.610988 0.000000 0.390333 0.783069 -0.484194 14.280800 -0.470348 0.621710 0.626298 0.000000 0.000000 0.000000 0.000000 1.000000
0.769736 0.014772 0.638191 0.000000 0.367307 0.807412 -0.461705 14.280800 -0.522103 0.589803 0.616069 0.000000 0.000000 0.000000 0.000000 1.000000
0.769494 0.032994 0.637801 -0.000000 0.333556 0.830873 -0.445411 14.280800 -0.544627 0.555484 0.628346 0.000000 0.000000 0.000000 0.000000 1.000000
0.795810 0.042098 0.604081 0.000000 0.293990 0.845264 -0.446205 14.280800 -0.529392 0.532688 0.660293 0.000000 0.000000 0.000000 0.000000 1.000000
0.835454 0.043105 0.547867 -0.000000 0.260203 0.847068 -0.463434 14.280800 -0.484056 0.529734 0.696470 0.000000 0.000000 0.000000 0.000000 1.000000
0.875953 0.031843 0.481343 0.000000 0.236939 0.840763 -0.486803 14.280800 -0.420197 0.540465 0.728925 0.000000 0.000000 0.000000 0.000000 1.000000
0.912089 0.004216 0.409972 0.000000 0.224342 0.831835 -0.507663 14.280800 -0.343169 0.555007 0.757761 0.000000 0.000000 0.000000 0.000000 1.000000
0.939704 -0.033148 0.340377 0.000000 0.219433 0.821836 -0.525771 14.280800 -0.262306 0.568759 0.779557 0.000000 0.000000 0.000000 0.000000 1.000000
0.956395 -0.066304 0.284452 0.000000 0.217958 0.810319 -0.543946 14.280800 -0.194431 0.582226 0.789436 0.000000 0.000000 0.000000 0.000000 1.000000
0.964624 -0.087165 0.248802 0.000000 0.217157 0.797823 -0.562425 14.280800 -0.149476 0.596557 0.788528 0.000000 0.000000 0.000000 0.000000 1.000000
0.968467 -0.096814 0.229562 0.000000 0.215879 0.786057 -0.579233 14.280800 -0.124370 0.610526 0.782170 -0.000000 0.000000 0.000000 0.000000 1.000000
0.970074 -0.100804 0.220897 0.000000 0.215372 0.777321 -0.591090 14.280800 -0.112124 0.620976 0.775769 0.000000 0.000000 0.000000 0.000000 1.000000
0.969628 -0.103154 0.221770 0.000000 0.218399 0.773349 -0.595174 14.280800 -0.110111 0.625532 0.772390 0.000000 0.000000 0.000000 0.000000 1.000000
0.967392 -0.102753 0.231506 0.000000 0.224054 0.773425 -0.592971 14.280800 -0.118123 0.625505 0.771227 0.000000 0.000000 0.000000 0.000000 1.000000
0.964515 -0.097404 0.245404 -0.000000 0.228205 0.775014 -0.589302 14.280800 -0.132791 0.624393 0.769741 -0.000000 0.000000 0.000000 0.000000 1.000000
0.962302 -0.090622 0.256441 -0.000000 0.229604 0.776086 -0.587343 14.280800 -0.145794 0.624081 0.767637 -0.000000 0.000000 0.000000 0.000000 1.000000
0.961532 -0.089662 0.259649 0.000000 0.230915 0.775780 -0.587234 14.280800 -0.148778 0.624601 0.766642 0.000000 0.000000 0.000000 0.000000 1.000000
0.961799 -0.097359 0.255861 -0.000000 0.234751 0.774141 -0.587876 14.280800 -0.140838 0.625482 0.767423 -0.000000 0.000000 0.000000 0.000000 1.000000
0.962263 -0.107681 0.249909 0.000000 0.239265 0.772263 -0.588526 14.280800 -0.129623 0.626111 0.768884 0.000000 0.000000 0.000000 0.000000 1.000000
0.962934 -0.111836 0.245461 0.000000 0.239719 0.772017 -0.588664 14.280800 -0.123666 0.625686 0.770210 0.000000 0.000000 0.000000 0.000000 1.000000
0.963770 -0.108924 0.243482 0.000000 0.235856 0.774333 -0.587181 14.280800 -0.124578 0.623334 0.771969 0.000000 0.000000 0.000000 0.000000 1.000000
0.964952 -0.103030 0.241356 0.000000 0.229427 0.777702 -0.585272 14.280800 -0.127403 0.620133 0.774082 0.000000 0.000000 0.000000 0.000000 1.000000
0.968513 -0.093083 0.230909 0.000000 0.215293 0.778913 -0.589019 14.280800 -0.125030 0.620186 0.774427 0.000000 0.000000 0.000000 0.000000 1.000000
0.975621 -0.075648 0.206012 0.000000 0.187440 0.775479 -0.602909 14.280800 -0.114149 0.626825 0.770753 0.000000 0.000000 0.000000 0.000000 1.000000
0.983716 -0.053468 0.171590 0.000000 0.150400 0.767586 -0.623050 14.280800 -0.098397 0.638712 0.763128 0.000000 0.000000 0.000000 0.000000 1.000000
0.989945 -0.032920 0.137566 0.000000 0.114488 0.757624 -0.642572 14.280800 -0.083069 0.651860 0.753775 0.000000 0.000000 0.000000 0.000000 1.000000</float_array>
        <technique_common>
          <accessor source="#mixamorig_LeftArm-Matrix-animation-output-transform-array" count="40" stride="16">
            <param type="float4x4"/>
          </accessor>
        </technique_common>
      </source>
      <source id="mixamorig_LeftArm-Interpolations">
        <Name_array id="mixamorig_LeftArm-Interpolations-array" count="40">
 LINEAR LINEAR LINEAR LINEAR LINEAR LINEAR LINEAR LINEAR LINEAR LINEAR LINEAR
LINEAR LINEAR LINEAR LINEAR LINEAR LINEAR LINEAR LINEAR LINEAR LINEAR LINEAR LINEAR
LINEAR LINEAR LINEAR LINEAR LINEAR LINEAR LINEAR LINEAR LINEAR LINEAR LINEAR LINEAR
LINEAR LINEAR LINEAR LINEAR LINEAR</Name_array>
        <technique_common>
          <accessor source="#mixamorig_LeftArm-Interpolations-array" count="40">
            <param type="name"/>
          </accessor>
        </technique_common>
      </source>
      <sampler id="mixamorig_LeftArm-Matrix-animation-transform">
        <input semantic="INPUT" source="#mixamorig_LeftArm-Matrix-animation-input"/>
        <input semantic="OUTPUT" source="#mixamorig_LeftArm-Matrix-animation-output-transform"/>
        <input semantic="INTERPOLATION" source="#mixamorig_LeftArm-Interpolations"/>
      </sampler>
      <channel source="#mixamorig_LeftArm-Matrix-animation-transform" target="mixamorig_LeftArm/matrix"/>
    </animation>
    <animation id="mixamorig_LeftForeArm-anim" name="mixamorig_LeftForeArm">
      <source id="mixamorig_LeftForeArm-Matrix-animation-input">
        <float_array id="mixamorig_LeftForeArm-Matrix-animation-input-array" count="40">

0.000000 0.033333 0.066667 0.100000 0.133333 0.166667 0.200000 0.233333 0.266667 0.300000 0.333333 0.366667 0.400000 0.433333 0.466667 0.500000
0.533333 0.566667 0.600000 0.633333 0.666667 0.700000 0.733333 0.766667 0.800000 0.833333 0.866667 0.900000 0.933333 0.966667 1.000000 1.033333
1.066667 1.100000 1.133333 1.166667 1.200000 1.233333 1.266667 1.300000</float_array>
        <technique_common>
          <accessor source="#mixamorig_LeftForeArm-Matrix-animation-input-array" count="40">
            <param name="TIME" type="float"/>
          </accessor>
        </technique_common>
      </source>
      <source id="mixamorig_LeftForeArm-Matrix-animation-output-transform">
        <float_array id="mixamorig_LeftForeArm-Matrix-animation-output-transform-array" count="640">

0.766618 -0.641803 0.019641 0.000000 0.641529 0.764281 -0.065686 23.180300 0.027147 0.062957 0.997647 0.000000 0.000000 0.000000 0.000000 1.000000
0.767299 -0.640990 0.019571 -0.000000 0.640717 0.764969 -0.065603 23.180300 0.027080 0.062877 0.997654 0.000000 0.000000 0.000000 0.000000 1.000000
0.767723 -0.640485 0.019528 -0.000000 0.640212 0.765397 -0.065551 23.180300 0.027038 0.062827 0.997658 -0.000000 0.000000 0.000000 0.000000 1.000000
0.767384 -0.640889 0.019562 0.000000 0.640616 0.765055 -0.065593 23.180300 0.027071 0.062867 0.997655 0.000000 0.000000 0.000000 0.000000 1.000000
0.766346 -0.642127 0.019669 0.000000 0.641853 0.764006 -0.065719 23.180300 0.027173 0.062988 0.997644 0.000000 0.000000 0.000000 0.000000 1.000000
0.763799 -0.645147 0.019929 0.000000 0.644872 0.761433 -0.066029 23.180300 0.027423 0.063284 0.997619 0.000000 0.000000 0.000000 0.000000 1.000000
0.757560 -0.652442 0.020568 0.000000 0.652164 0.755132 -0.066775 23.180300 0.028035 0.064000 0.997556 0.000000 0.000000 0.000000 0.000000 1.000000
0.747873 -0.663492 0.021560 0.000000 0.663209 0.745347 -0.067906 23.180300 0.028985 0.065084 0.997459 0.000000 0.000000 0.000000 0.000000 1.000000
0.742007 -0.670026 0.022161 0.000000 0.669740 0.739422 -0.068575 23.180300 0.029561 0.065725 0.997400 0.000000 0.000000 0.000000 0.000000 1.000000
0.746310 -0.665244 0.021720 0.000000 0.664961 0.743768 -0.068086 23.180300 0.029139 0.065256 0.997443 0.000000 0.000000 0.000000 0.000000 1.000000
0.749025 -0.662195 0.021442 0.000000 0.661912 0.746511 -0.067773 23.180300 0.028872 0.064957 0.997470 0.000000 0.000000 0.000000 0.000000 1.000000
0.728205 -0.684954 0.023574 0.000000 0.684662 0.725481 -0.070103 23.180300 0.030915 0.067189 0.997261 0.000000 0.000000 0.000000 0.000000 1.000000
0.680961 -0.731769 0.028411 -0.000000 0.731457 0.677763 -0.074894 23.180300 0.035549 0.071781 0.996787 0.000000 0.000000 0.000000 0.000000 1.000000
0.630122 -0.775768 0.033616 -0.000000 0.775437 0.626413 -0.079397 23.180300 0.040536 0.076097 0.996276 0.000000 0.000000 0.000000 0.000000 1.000000
0.598319 -0.800409 0.036873 0.000000 0.800068 0.594290 -0.081919 23.180300 0.043655 0.078514 0.995957 0.000000 0.000000 0.000000 0.000000 1.000000
0.586300 -0.809197 0.038104 0.000000 0.808852 0.582150 -0.082818 23.180300 0.044834 0.079377 0.995836 0.000000 0.000000 0.000000 0.000000 1.000000
0.587435 -0.808379 0.037987 0.000000 0.808035 0.583297 -0.082734 23.180300 0.044723 0.079296 0.995847 0.000000 0.000000 0.000000 0.000000 1.000000
0.602323 -0.797420 0.036463 0.000000 0.797080 0.598334 -0.081613 23.180300 0.043263 0.078221 0.995997 -0.000000 0.000000 0.000000 0.000000 1.000000
0.631098 -0.774979 0.033517 0.000000 0.774648 0.627399 -0.079316 23.180300 0.040440 0.076020 0.996286 -0.000000 0.000000 0.000000 0.000000 1.000000
0.666921 -0.744530 0.029849 0.000000 0.744213 0.663582 -0.076200 23.180300 0.036926 0.073033 0.996646 0.000000 0.000000 0.000000 0.000000 1.000000
0.700520 -0.713144 0.026409 -0.000000 0.712840 0.697518 -0.072988 23.180300 0.033630 0.069955 0.996983 -0.000000 0.000000 0.000000 0.000000 1.000000
0.725612 -0.687691 0.023839 -0.000000 0.687398 0.722863 -0.070383 23.180300 0.031169 0.067458 0.997235 0.000000 0.000000 0.000000 0.000000 1.000000
0.738480 -0.673899 0.022522 -0.000000 0.673612 0.735860 -0.068971 23.180300 0.029906 0.066105 0.997364 0.000000 0.000000 0.000000 0.000000 1.000000
0.737448 -0.675024 0.022627 0.000000 0.674736 0.734818 -0.069086 23.180300 0.030008 0.066215 0.997354 -0.000000 0.000000 0.000000 0.000000 1.000000
0.725326 -0.687992 0.023869 0.000000 0.687698 0.722574 -0.070413 23.180300 0.031197 0.067487 0.997232 0.000000 0.000000 0.000000 0.000000 1.000000
0.707567 -0.706179 0.025687 0.000000 0.705878 0.704636 -0.072275 23.180300 0.032939 0.069271 0.997054 0.000000 0.000000 0.000000 0.000000 1.000000
0.687715 -0.725451 0.027720 -0.000000 0.725142 0.684585 -0.074247 23.180300 0.034886 0.071161 0.996855 0.000000 0.000000 0.000000 0.000000 1.000000
0.668085 -0.743490 0.029730 -0.000000 0.743173 0.664758 -0.076093 23.180300 0.036812 0.072931 0.996657 -0.000000 0.000000 0.000000 0.000000 1.000000
0.651357 -0.758120 0.031442 0.000000 0.757796 0.647861 -0.077591 23.180300 0.038453 0.074366 0.996489 0.000000 0.000000 0.000000 0.000000 1.000000
0.639887 -0.767777 0.032617 0.000000 0.767450 0.636275 -0.078579 23.180300 0.039578 0.075313 0.996374 0.000000 0.000000 0.000000 0.000000 1.000000
0.635000 -0.771802 0.033117 0.000000 0.771473 0.631340 -0.078991 23.180300 0.040057 0.075709 0.996325 -0.000000 0.000000 0.000000 0.000000 1.000000
0.636280 -0.770752 0.032986 -0.000000 0.770424 0.632633 -0.078884 23.180300 0.039932 0.075606 0.996338 0.000000 0.000000 0.000000 0.000000 1.000000
0.640692 -0.767108 0.032534 0.000000 0.766781 0.637089 -0.078511 23.180300 0.039499 0.075248 0.996382 0.000000 0.000000 0.000000 0.000000 1.000000
0.643998 -0.764350 0.032196 0.000000 0.764024 0.640428 -0.078229 23.180300 0.039175 0.074978 0.996415 0.000000 0.000000 0.000000 0.000000 1.000000
0.644432 -0.763985 0.032151 0.000000 0.763659 0.640867 -0.078191 23.180300 0.039132 0.074941 0.996420 0.000000 0.000000 0.000000 0.000000 1.000000
0.644823 -0.763657 0.032111 -0.000000 0.763332 0.641261 -0.078157 23.180300 0.039094 0.074909 0.996424 0.000000 0.000000 0.000000 0.000000 1.000000
0.651979 -0.757587 0.031379 0.000000 0.757264 0.648490 -0.077536 23.180300 0.038392 0.074314 0.996496 0.000000 0.000000 0.000000 0.000000 1.000000
0.670427 -0.741389 0.029490 0.000000 0.741073 0.667123 -0.075879 23.180300 0.036583 0.072726 0.996681 0.000000 0.000000 0.000000 0.000000 1.000000
0.695906 -0.717629 0.026881 0.000000 0.717323 0.692858 -0.073446 23.180300 0.034083 0.070394 0.996937 0.000000 0.000000 0.000000 0.000000 1.000000
0.720434 -0.693095 0.024369 0.000000 0.692799 0.717633 -0.070936 23.180300 0.031677 0.067988 0.997183 0.000000 0.000000 0.000000 0.000000 1.000000</float_array>
        <technique_common>
          <accessor source="#mixamorig_LeftForeArm-Matrix-animation-output-transform-array" count="40" stride="16">
            <param type="float4x4"/>
          </accessor>
        </technique_common>
      </source>
      <source id="mixamorig_LeftForeArm-Interpolations">
        <Name_array id="mixamorig_LeftForeArm-Interpolations-array" count="40">
 LINEAR LINEAR LINEAR LINEAR LINEAR LINEAR LINEAR LINEAR LINEAR LINEAR LINEAR
LINEAR LINEAR LINEAR LINEAR LINEAR LINEAR LINEAR LINEAR LINEAR LINEAR LINEAR LINEAR
LINEAR LINEAR LINEAR LINEAR LINEAR LINEAR LINEAR LINEAR LINEAR LINEAR LINEAR LINEAR
LINEAR LINEAR LINEAR LINEAR LINEAR</Name_array>
        <technique_common>
          <accessor source="#mixamorig_LeftForeArm-Interpolations-array" count="40">
            <param type="name"/>
          </accessor>
        </technique_common>
      </source>
      <sampler id="mixamorig_LeftForeArm-Matrix-animation-transform">
        <input semantic="INPUT" source="#mixamorig_LeftForeArm-Matrix-animation-input"/>
        <input semantic="OUTPUT" source="#mixamorig_LeftForeArm-Matrix-animation-output-transform"/>
        <input semantic="INTERPOLATION" source="#mixamorig_LeftForeArm-Interpolations"/>
      </sampler>
      <channel source="#mixamorig_LeftForeArm-Matrix-animation-transform" target="mixamorig_LeftForeArm/matrix"/>
    </animation>
    <animation id="mixamorig_LeftHand-anim" name="mixamorig_LeftHand">
      <source id="mixamorig_LeftHand-Matrix-animation-input">
        <float_array id="mixamorig_LeftHand-Matrix-animation-input-array" count="40">

0.000000 0.033333 0.066667 0.100000 0.133333 0.166667 0.200000 0.233333 0.266667 0.300000 0.333333 0.366667 0.400000 0.433333 0.466667 0.500000
0.533333 0.566667 0.600000 0.633333 0.666667 0.700000 0.733333 0.766667 0.800000 0.833333 0.866667 0.900000 0.933333 0.966667 1.000000 1.033333
1.066667 1.100000 1.133333 1.166667 1.200000 1.233333 1.266667 1.300000</float_array>
        <technique_common>
          <accessor source="#mixamorig_LeftHand-Matrix-animation-input-array" count="40">
            <param name="TIME" type="float"/>
          </accessor>
        </technique_common>
      </source>
      <source id="mixamorig_LeftHand-Matrix-animation-output-transform">
        <float_array id="mixamorig_LeftHand-Matrix-animation-output-transform-array" count="640">

0.810053 0.234996 0.537207 0.000000 0.066979 0.873096 -0.482925 25.270901 -0.582518 0.427177 0.691515 0.000000 0.000000 0.000000 0.000000 1.000000
0.807986 0.243435 0.536561 0.000000 0.063448 0.869414 -0.489993 25.270901 -0.585775 0.429951 0.687029 -0.000000 0.000000 0.000000 0.000000 1.000000
0.807228 0.251935 0.533771 0.000000 0.058766 0.865531 -0.497396 25.270901 -0.587307 0.432880 0.683875 -0.000000 0.000000 0.000000 0.000000 1.000000
0.810145 0.255744 0.527503 -0.000000 0.054682 0.862934 -0.502349 25.270901 -0.583674 0.435820 0.685118 0.000000 0.000000 0.000000 0.000000 1.000000
0.818320 0.251362 0.516885 0.000000 0.052069 0.863181 -0.502202 25.270901 -0.572400 0.437875 0.693270 0.000000 0.000000 0.000000 0.000000 1.000000
0.827869 0.245022 0.504577 -0.000000 0.049410 0.864198 -0.500721 25.270901 -0.558742 0.439462 0.703336 0.000000 0.000000 0.000000 0.000000 1.000000
0.832314 0.251466 0.493981 0.000000 0.042595 0.859523 -0.509318 25.270901 -0.552665 0.444954 0.704682 0.000000 0.000000 0.000000 0.000000 1.000000
0.833662 0.272980 0.480094 -0.000000 0.028757 0.846666 -0.531348 25.270901 -0.551526 0.456771 0.697983 0.000000 0.000000 0.000000 0.000000 1.000000
0.851368 0.278278 0.444673 0.000000 0.009122 0.839710 -0.542959 25.270901 -0.524490 0.466314 0.712363 0.000000 0.000000 0.000000 0.000000 1.000000
0.899137 0.229481 0.372681 0.000000 -0.005856 0.857748 -0.514036 25.270901 -0.437628 0.460007 0.772577 -0.000000 0.000000 0.000000 0.000000 1.000000
0.948598 0.139811 0.283926 -0.000000 0.005146 0.890198 -0.455544 25.270901 -0.316440 0.433589 0.843721 0.000000 0.000000 0.000000 0.000000 1.000000
0.972942 0.063866 0.222045 -0.000000 0.031862 0.914767 -0.402724 25.270901 -0.228840 0.398902 0.887980 0.000000 0.000000 0.000000 0.000000 1.000000
0.980081 0.026215 0.196860 0.000000 0.047672 0.931213 -0.361345 25.270901 -0.192791 0.363532 0.911414 0.000000 0.000000 0.000000 0.000000 1.000000
0.981180 0.012961 0.192661 -0.000000 0.051764 0.943571 -0.327101 25.270901 -0.186029 0.330918 0.925141 -0.000000 0.000000 0.000000 0.000000 1.000000
0.981022 0.007122 0.193768 0.000000 0.055890 0.946524 -0.317755 25.270901 -0.185669 0.322554 0.928163 -0.000000 0.000000 0.000000 0.000000 1.000000
0.980838 0.009259 0.194605 0.000000 0.062799 0.930531 -0.360789 25.270901 -0.184426 0.366097 0.912119 0.000000 0.000000 0.000000 0.000000 1.000000
0.976738 0.033728 0.211766 0.000000 0.068208 0.887394 -0.455937 25.270901 -0.203298 0.459776 0.864451 0.000000 0.000000 0.000000 0.000000 1.000000
0.960940 0.085823 0.263112 -0.000000 0.078602 0.826920 -0.556800 25.270901 -0.265359 0.555732 0.787875 0.000000 0.000000 0.000000 0.000000 1.000000
0.928527 0.151571 0.338915 0.000000 0.099035 0.778671 -0.619567 25.270901 -0.357812 0.608849 0.708006 -0.000000 0.000000 0.000000 0.000000 1.000000
0.884402 0.212887 0.415347 0.000000 0.121189 0.754645 -0.644844 25.270901 -0.450718 0.620637 0.641610 0.000000 0.000000 0.000000 0.000000 1.000000
0.839736 0.260444 0.476459 0.000000 0.138626 0.745559 -0.651862 25.270901 -0.525002 0.613442 0.589968 0.000000 0.000000 0.000000 0.000000 1.000000
0.805677 0.290337 0.516322 -0.000000 0.145740 0.747692 -0.647855 25.270901 -0.574147 0.597210 0.560085 -0.000000 0.000000 0.000000 0.000000 1.000000
0.788441 0.301908 0.535921 -0.000000 0.136578 0.763588 -0.631094 25.270901 -0.599755 0.570776 0.560810 0.000000 0.000000 0.000000 0.000000 1.000000
0.784882 0.300847 0.541712 0.000000 0.115308 0.788046 -0.604721 25.270901 -0.608822 0.537099 0.583833 0.000000 0.000000 0.000000 0.000000 1.000000
0.787455 0.296104 0.540589 0.000000 0.093366 0.809627 -0.579471 25.270901 -0.609260 0.506780 0.609899 0.000000 0.000000 0.000000 0.000000 1.000000
0.791808 0.296932 0.533733 -0.000000 0.076720 0.818594 -0.569226 25.270901 -0.605932 0.491666 0.625389 0.000000 0.000000 0.000000 0.000000 1.000000
0.797039 0.307985 0.519495 -0.000000 0.062901 0.813180 -0.578603 25.270901 -0.600644 0.493846 0.628763 0.000000 0.000000 0.000000 0.000000 1.000000
0.802611 0.322618 0.501730 0.000000 0.050589 0.801274 -0.596154 25.270901 -0.594354 0.503862 0.626791 -0.000000 0.000000 0.000000 0.000000 1.000000
0.806699 0.332527 0.488530 0.000000 0.042918 0.791521 -0.609633 25.270901 -0.589402 0.512757 0.624248 0.000000 0.000000 0.000000 0.000000 1.000000
0.804912 0.345225 0.482634 0.000000 0.040348 0.779622 -0.624950 25.270901 -0.592020 0.522503 0.613598 0.000000 0.000000 0.000000 0.000000 1.000000
0.792555 0.378925 0.477780 0.000000 0.038797 0.750581 -0.659639 25.270901 -0.608566 0.541336 0.580175 0.000000 0.000000 0.000000 0.000000 1.000000
0.769178 0.437271 0.466004 0.000000 0.036361 0.698101 -0.715075 25.270901 -0.637999 0.566964 0.521065 0.000000 0.000000 0.000000 0.000000 1.000000
0.741736 0.498172 0.449057 -0.000000 0.034331 0.640464 -0.767221 25.270901 -0.669813 0.584492 0.457952 0.000000 0.000000 0.000000 0.000000 1.000000
0.722254 0.535121 0.438172 -0.000000 0.033223 0.605963 -0.794799 25.270901 -0.690830 0.588604 0.419880 0.000000 0.000000 0.000000 0.000000 1.000000
0.715305 0.544261 0.438313 0.000000 0.034228 0.599186 -0.799878 25.270901 -0.697974 0.587159 0.409972 0.000000 0.000000 0.000000 0.000000 1.000000
0.714939 0.539904 0.444258 0.000000 0.037025 0.605267 -0.795161 25.270901 -0.698205 0.584941 0.412739 -0.000000 0.000000 0.000000 0.000000 1.000000
0.715653 0.531187 0.453521 0.000000 0.038387 0.618425 -0.784906 25.270901 -0.697401 0.579129 0.422187 0.000000 0.000000 0.000000 0.000000 1.000000
0.716876 0.515700 0.469194 0.000000 0.036690 0.644131 -0.764035 25.270901 -0.696235 0.564933 0.442841 0.000000 0.000000 0.000000 0.000000 1.000000
0.718911 0.492773 0.490247 0.000000 0.033260 0.680093 -0.732371 25.270901 -0.694306 0.542815 0.472537 0.000000 0.000000 0.000000 0.000000 1.000000
0.720455 0.469766 0.510161 0.000000 0.029292 0.714361 -0.699164 25.270901 -0.692883 0.518660 0.500904 0.000000 0.000000 0.000000 0.000000 1.000000</float_array>
        <technique_common>
          <accessor source="#mixamorig_LeftHand-Matrix-animation-output-transform-array" count="40" stride="16">
            <param type="float4x4"/>
          </accessor>
        </technique_common>
      </source>
      <source id="mixamorig_LeftHand-Interpolations">
        <Name_array id="mixamorig_LeftHand-Interpolations-array" count="40">
 LINEAR LINEAR LINEAR LINEAR LINEAR LINEAR LINEAR LINEAR LINEAR LINEAR LINEAR
LINEAR LINEAR LINEAR LINEAR LINEAR LINEAR LINEAR LINEAR LINEAR LINEAR LINEAR LINEAR
LINEAR LINEAR LINEAR LINEAR LINEAR LINEAR LINEAR LINEAR LINEAR LINEAR LINEAR LINEAR
LINEAR LINEAR LINEAR LINEAR LINEAR</Name_array>
        <technique_common>
          <accessor source="#mixamorig_LeftHand-Interpolations-array" count="40">
            <param type="name"/>
          </accessor>
        </technique_common>
      </source>
      <sampler id="mixamorig_LeftHand-Matrix-animation-transform">
        <input semantic="INPUT" source="#mixamorig_LeftHand-Matrix-animation-input"/>
        <input semantic="OUTPUT" source="#mixamorig_LeftHand-Matrix-animation-output-transform"/>
        <input semantic="INTERPOLATION" source="#mixamorig_LeftHand-Interpolations"/>
      </sampler>
      <channel source="#mixamorig_LeftHand-Matrix-animation-transform" target="mixamorig_LeftHand/matrix"/>
    </animation>
    <animation id="mixamorig_LeftHandThumb1-anim" name="mixamorig_LeftHandThumb1">
      <source id="mixamorig_LeftHandThumb1-Matrix-animation-input">
        <float_array id="mixamorig_LeftHandThumb1-Matrix-animation-input-array" count="40">

0.000000 0.033333 0.066667 0.100000 0.133333 0.166667 0.200000 0.233333 0.266667 0.300000 0.333333 0.366667 0.400000 0.433333 0.466667 0.500000
0.533333 0.566667 0.600000 0.633333 0.666667 0.700000 0.733333 0.766667 0.800000 0.833333 0.866667 0.900000 0.933333 0.966667 1.000000 1.033333
1.066667 1.100000 1.133333 1.166667 1.200000 1.233333 1.266667 1.300000</float_array>
        <technique_common>
          <accessor source="#mixamorig_LeftHandThumb1-Matrix-animation-input-array" count="40">
            <param name="TIME" type="float"/>
          </accessor>
        </technique_common>
      </source>
      <source id="mixamorig_LeftHandThumb1-Matrix-animation-output-transform">
        <float_array id="mixamorig_LeftHandThumb1-Matrix-animation-output-transform-array" count="640">

0.992634 -0.089694 -0.081437 -3.017900 0.008159 0.720175 -0.693745 3.394100 0.120874 0.687971 0.715602 1.371200 0.000000 0.000000 0.000000 1.000000
0.992634 -0.089694 -0.081437 -3.017900 0.008159 0.720174 -0.693745 3.394100 0.120874 0.687971 0.715602 1.371200 0.000000 0.000000 0.000000 1.000000
0.992634 -0.089694 -0.081437 -3.017900 0.008159 0.720174 -0.693745 3.394100 0.120874 0.687971 0.715602 1.371200 0.000000 0.000000 0.000000 1.000000
0.992634 -0.089694 -0.081437 -3.017900 0.008159 0.720174 -0.693745 3.394100 0.120874 0.687971 0.715602 1.371200 0.000000 0.000000 0.000000 1.000000
0.992634 -0.089694 -0.081437 -3.017900 0.008159 0.720175 -0.693745 3.394100 0.120874 0.687971 0.715602 1.371200 0.000000 0.000000 0.000000 1.000000
0.992634 -0.089694 -0.081437 -3.017900 0.008159 0.720174 -0.693745 3.394100 0.120874 0.687971 0.715601 1.371200 0.000000 0.000000 0.000000 1.000000
0.992634 -0.089694 -0.081437 -3.017900 0.008159 0.720174 -0.693745 3.394100 0.120874 0.687971 0.715601 1.371200 0.000000 0.000000 0.000000 1.000000
0.992634 -0.089694 -0.081437 -3.017900 0.008159 0.720174 -0.693745 3.394100 0.120873 0.687971 0.715602 1.371200 0.000000 0.000000 0.000000 1.000000
0.992634 -0.089694 -0.081437 -3.017900 0.008159 0.720175 -0.693745 3.394100 0.120874 0.687971 0.715602 1.371200 0.000000 0.000000 0.000000 1.000000
0.992634 -0.089694 -0.081437 -3.017900 0.008159 0.720174 -0.693745 3.394100 0.120874 0.687971 0.715601 1.371200 0.000000 0.000000 0.000000 1.000000
0.992634 -0.089694 -0.081437 -3.017900 0.008159 0.720174 -0.693745 3.394100 0.120874 0.687971 0.715602 1.371200 0.000000 0.000000 0.000000 1.000000
0.992634 -0.089694 -0.081437 -3.017900 0.008159 0.720174 -0.693745 3.394100 0.120874 0.687971 0.715602 1.371200 0.000000 0.000000 0.000000 1.000000
0.992634 -0.089694 -0.081437 -3.017900 0.008159 0.720174 -0.693745 3.394100 0.120874 0.687971 0.715601 1.371200 0.000000 0.000000 0.000000 1.000000
0.992634 -0.089694 -0.081437 -3.017900 0.008159 0.720174 -0.693745 3.394100 0.120874 0.687971 0.715602 1.371200 0.000000 0.000000 0.000000 1.000000
0.992634 -0.089694 -0.081437 -3.017900 0.008159 0.720174 -0.693745 3.394100 0.120874 0.687971 0.715602 1.371200 0.000000 0.000000 0.000000 1.000000
0.992634 -0.089694 -0.081437 -3.017900 0.008159 0.720175 -0.693745 3.394100 0.120874 0.687971 0.715602 1.371200 0.000000 0.000000 0.000000 1.000000
0.992634 -0.089694 -0.081437 -3.017900 0.008159 0.720174 -0.693745 3.394100 0.120874 0.687971 0.715602 1.371200 0.000000 0.000000 0.000000 1.000000
0.992634 -0.089694 -0.081437 -3.017900 0.008159 0.720174 -0.693745 3.394100 0.120874 0.687971 0.715602 1.371200 0.000000 0.000000 0.000000 1.000000
0.992634 -0.089694 -0.081437 -3.017900 0.008159 0.720174 -0.693745 3.394100 0.120874 0.687971 0.715602 1.371200 0.000000 0.000000 0.000000 1.000000
0.992634 -0.089694 -0.081437 -3.017900 0.008159 0.720175 -0.693745 3.394100 0.120874 0.687971 0.715602 1.371200 0.000000 0.000000 0.000000 1.000000
0.992634 -0.089694 -0.081437 -3.017900 0.008159 0.720174 -0.693745 3.394100 0.120874 0.687971 0.715602 1.371200 0.000000 0.000000 0.000000 1.000000
0.992634 -0.089694 -0.081437 -3.017900 0.008159 0.720174 -0.693745 3.394100 0.120874 0.687971 0.715602 1.371200 0.000000 0.000000 0.000000 1.000000
0.992634 -0.089694 -0.081437 -3.017900 0.008159 0.720174 -0.693745 3.394100 0.120874 0.687971 0.715602 1.371200 0.000000 0.000000 0.000000 1.000000
0.992634 -0.089694 -0.081437 -3.017900 0.008159 0.720174 -0.693745 3.394100 0.120874 0.687971 0.715602 1.371200 0.000000 0.000000 0.000000 1.000000
0.992634 -0.089694 -0.081437 -3.017900 0.008159 0.720175 -0.693745 3.394100 0.120874 0.687970 0.715602 1.371200 0.000000 0.000000 0.000000 1.000000
0.992634 -0.089694 -0.081437 -3.017900 0.008159 0.720174 -0.693745 3.394100 0.120873 0.687971 0.715602 1.371200 0.000000 0.000000 0.000000 1.000000
0.992634 -0.089694 -0.081437 -3.017900 0.008159 0.720174 -0.693745 3.394100 0.120874 0.687971 0.715602 1.371200 0.000000 0.000000 0.000000 1.000000
0.992634 -0.089694 -0.081437 -3.017900 0.008159 0.720175 -0.693745 3.394100 0.120873 0.687971 0.715602 1.371200 0.000000 0.000000 0.000000 1.000000
0.992634 -0.089694 -0.081437 -3.017900 0.008159 0.720174 -0.693745 3.394100 0.120874 0.687971 0.715602 1.371200 0.000000 0.000000 0.000000 1.000000
0.992634 -0.089694 -0.081437 -3.017900 0.008159 0.720174 -0.693745 3.394100 0.120874 0.687971 0.715602 1.371200 0.000000 0.000000 0.000000 1.000000
0.992634 -0.089694 -0.081437 -3.017900 0.008159 0.720174 -0.693745 3.394100 0.120874 0.687971 0.715602 1.371200 0.000000 0.000000 0.000000 1.000000
0.992634 -0.089694 -0.081437 -3.017900 0.008159 0.720174 -0.693745 3.394100 0.120874 0.687971 0.715602 1.371200 0.000000 0.000000 0.000000 1.000000
0.992634 -0.089694 -0.081437 -3.017900 0.008159 0.720174 -0.693745 3.394100 0.120874 0.687971 0.715602 1.371200 0.000000 0.000000 0.000000 1.000000
0.992634 -0.089694 -0.081437 -3.017900 0.008159 0.720174 -0.693745 3.394100 0.120874 0.687971 0.715602 1.371200 0.000000 0.000000 0.000000 1.000000
0.992634 -0.089694 -0.081437 -3.017900 0.008159 0.720175 -0.693745 3.394100 0.120874 0.687971 0.715602 1.371200 0.000000 0.000000 0.000000 1.000000
0.992634 -0.089694 -0.081437 -3.017900 0.008159 0.720174 -0.693745 3.394100 0.120874 0.687971 0.715602 1.371200 0.000000 0.000000 0.000000 1.000000
0.992634 -0.089694 -0.081437 -3.017900 0.008159 0.720174 -0.693745 3.394100 0.120874 0.687971 0.715602 1.371200 0.000000 0.000000 0.000000 1.000000
0.992634 -0.089694 -0.081437 -3.017900 0.008159 0.720174 -0.693745 3.394100 0.120874 0.687971 0.715601 1.371200 0.000000 0.000000 0.000000 1.000000
0.992634 -0.089694 -0.081437 -3.017900 0.008159 0.720174 -0.693745 3.394100 0.120874 0.687971 0.715602 1.371200 0.000000 0.000000 0.000000 1.000000
0.992634 -0.089694 -0.081437 -3.017900 0.008159 0.720174 -0.693745 3.394100 0.120874 0.687971 0.715602 1.371200 0.000000 0.000000 0.000000 1.000000</float_array>
        <technique_common>
          <accessor source="#mixamorig_LeftHandThumb1-Matrix-animation-output-transform-array" count="40" stride="16">
            <param type="float4x4"/>
          </accessor>
        </technique_common>
      </source>
      <source id="mixamorig_LeftHandThumb1-Interpolations">
        <Name_array id="mixamorig_LeftHandThumb1-Interpolations-array" count="40">
 LINEAR LINEAR LINEAR LINEAR LINEAR LINEAR LINEAR LINEAR LINEAR LINEAR LINEAR
LINEAR LINEAR LINEAR LINEAR LINEAR LINEAR LINEAR LINEAR LINEAR LINEAR LINEAR LINEAR
LINEAR LINEAR LINEAR LINEAR LINEAR LINEAR LINEAR LINEAR LINEAR LINEAR LINEAR LINEAR
LINEAR LINEAR LINEAR LINEAR LINEAR</Name_array>
        <technique_common>
          <accessor source="#mixamorig_LeftHandThumb1-Interpolations-array" count="40">
            <param type="name"/>
          </accessor>
        </technique_common>
      </source>
      <sampler id="mixamorig_LeftHandThumb1-Matrix-animation-transform">
        <input semantic="INPUT" source="#mixamorig_LeftHandThumb1-Matrix-animation-input"/>
        <input semantic="OUTPUT" source="#mixamorig_LeftHandThumb1-Matrix-animation-output-transform"/>
        <input semantic="INTERPOLATION" source="#mixamorig_LeftHandThumb1-Interpolations"/>
      </sampler>
      <channel source="#mixamorig_LeftHandThumb1-Matrix-animation-transform" target="mixamorig_LeftHandThumb1/matrix"/>
    </animation>
    <animation id="mixamorig_LeftHandThumb2-anim" name="mixamorig_LeftHandThumb2">
      <source id="mixamorig_LeftHandThumb2-Matrix-animation-input">
        <float_array id="mixamorig_LeftHandThumb2-Matrix-animation-input-array" count="40">

0.000000 0.033333 0.066667 0.100000 0.133333 0.166667 0.200000 0.233333 0.266667 0.300000 0.333333 0.366667 0.400000 0.433333 0.466667 0.500000
0.533333 0.566667 0.600000 0.633333 0.666667 0.700000 0.733333 0.766667 0.800000 0.833333 0.866667 0.900000 0.933333 0.966667 1.000000 1.033333
1.066667 1.100000 1.133333 1.166667 1.200000 1.233333 1.266667 1.300000</float_array>
        <technique_common>
          <accessor source="#mixamorig_LeftHandThumb2-Matrix-animation-input-array" count="40">
            <param name="TIME" type="float"/>
          </accessor>
        </technique_common>
      </source>
      <source id="mixamorig_LeftHandThumb2-Matrix-animation-output-transform">
        <float_array id="mixamorig_LeftHandThumb2-Matrix-animation-output-transform-array" count="640">

0.251846 0.967544 0.020797 -0.645900 -0.965591 0.249781 0.072405 3.740000 0.064860 -0.038316 0.997158 -0.000000 0.000000 0.000000 0.000000 1.000000
0.251846 0.967544 0.020797 -0.645900 -0.965591 0.249781 0.072405 3.740000 0.064860 -0.038316 0.997158 0.000000 0.000000 0.000000 0.000000 1.000000
0.251846 0.967544 0.020797 -0.645900 -0.965592 0.249781 0.072405 3.740000 0.064860 -0.038316 0.997159 0.000000 0.000000 0.000000 0.000000 1.000000
0.251846 0.967544 0.020797 -0.645900 -0.965591 0.249781 0.072405 3.740000 0.064860 -0.038316 0.997158 0.000000 0.000000 0.000000 0.000000 1.000000
0.251846 0.967544 0.020797 -0.645900 -0.965591 0.249781 0.072405 3.740000 0.064860 -0.038316 0.997158 0.000000 0.000000 0.000000 0.000000 1.000000
0.251846 0.967544 0.020796 -0.645900 -0.965591 0.249781 0.072405 3.740000 0.064860 -0.038316 0.997158 0.000000 0.000000 0.000000 0.000000 1.000000
0.251846 0.967544 0.020797 -0.645900 -0.965591 0.249781 0.072405 3.740000 0.064861 -0.038316 0.997158 0.000000 0.000000 0.000000 0.000000 1.000000
0.251846 0.967544 0.020797 -0.645900 -0.965591 0.249781 0.072405 3.740000 0.064860 -0.038316 0.997158 0.000000 0.000000 0.000000 0.000000 1.000000
0.251846 0.967544 0.020797 -0.645900 -0.965591 0.249781 0.072405 3.740000 0.064860 -0.038316 0.997158 0.000000 0.000000 0.000000 0.000000 1.000000
0.251846 0.967544 0.020797 -0.645900 -0.965591 0.249782 0.072405 3.740000 0.064860 -0.038316 0.997158 -0.000000 0.000000 0.000000 0.000000 1.000000
0.251845 0.967544 0.020797 -0.645900 -0.965592 0.249781 0.072405 3.740000 0.064860 -0.038316 0.997158 0.000000 0.000000 0.000000 0.000000 1.000000
0.251846 0.967544 0.020797 -0.645900 -0.965591 0.249781 0.072405 3.740000 0.064860 -0.038316 0.997158 0.000000 0.000000 0.000000 0.000000 1.000000
0.251846 0.967544 0.020797 -0.645900 -0.965591 0.249781 0.072405 3.740000 0.064860 -0.038316 0.997158 -0.000000 0.000000 0.000000 0.000000 1.000000
0.251846 0.967544 0.020797 -0.645900 -0.965591 0.249781 0.072405 3.740000 0.064860 -0.038316 0.997158 0.000000 0.000000 0.000000 0.000000 1.000000
0.251846 0.967544 0.020797 -0.645900 -0.965591 0.249782 0.072405 3.740000 0.064860 -0.038316 0.997158 -0.000000 0.000000 0.000000 0.000000 1.000000
0.251846 0.967544 0.020796 -0.645900 -0.965591 0.249781 0.072405 3.740000 0.064860 -0.038316 0.997158 -0.000000 0.000000 0.000000 0.000000 1.000000
0.251846 0.967544 0.020797 -0.645900 -0.965591 0.249781 0.072404 3.740000 0.064860 -0.038316 0.997159 -0.000000 0.000000 0.000000 0.000000 1.000000
0.251846 0.967544 0.020797 -0.645900 -0.965591 0.249782 0.072405 3.740000 0.064860 -0.038316 0.997158 0.000000 0.000000 0.000000 0.000000 1.000000
0.251846 0.967544 0.020796 -0.645900 -0.965591 0.249781 0.072405 3.740000 0.064860 -0.038316 0.997158 -0.000000 0.000000 0.000000 0.000000 1.000000
0.251845 0.967544 0.020797 -0.645900 -0.965592 0.249781 0.072405 3.740000 0.064860 -0.038316 0.997158 -0.000000 0.000000 0.000000 0.000000 1.000000
0.251846 0.967544 0.020797 -0.645900 -0.965591 0.249781 0.072405 3.740000 0.064860 -0.038316 0.997158 0.000000 0.000000 0.000000 0.000000 1.000000
0.251845 0.967544 0.020797 -0.645900 -0.965592 0.249781 0.072405 3.740000 0.064860 -0.038316 0.997159 0.000000 0.000000 0.000000 0.000000 1.000000
0.251846 0.967544 0.020797 -0.645900 -0.965591 0.249781 0.072405 3.740000 0.064860 -0.038316 0.997158 0.000000 0.000000 0.000000 0.000000 1.000000
0.251845 0.967544 0.020797 -0.645900 -0.965592 0.249781 0.072405 3.740000 0.064860 -0.038316 0.997158 0.000000 0.000000 0.000000 0.000000 1.000000
0.251846 0.967544 0.020797 -0.645900 -0.965591 0.249781 0.072405 3.740000 0.064860 -0.038316 0.997158 -0.000000 0.000000 0.000000 0.000000 1.000000
0.251846 0.967544 0.020797 -0.645900 -0.965592 0.249781 0.072405 3.740000 0.064860 -0.038316 0.997158 -0.000000 0.000000 0.000000 0.000000 1.000000
0.251846 0.967544 0.020797 -0.645900 -0.965591 0.249781 0.072405 3.740000 0.064860 -0.038316 0.997158 0.000000 0.000000 0.000000 0.000000 1.000000
0.251846 0.967544 0.020797 -0.645900 -0.965592 0.249781 0.072404 3.740000 0.064860 -0.038316 0.997159 0.000000 0.000000 0.000000 0.000000 1.000000
0.251845 0.967544 0.020796 -0.645900 -0.965592 0.249781 0.072405 3.740000 0.064860 -0.038316 0.997158 0.000000 0.000000 0.000000 0.000000 1.000000
0.251845 0.967544 0.020797 -0.645900 -0.965592 0.249781 0.072404 3.740000 0.064860 -0.038316 0.997159 0.000000 0.000000 0.000000 0.000000 1.000000
0.251845 0.967544 0.020797 -0.645900 -0.965592 0.249781 0.072405 3.740000 0.064860 -0.038316 0.997158 0.000000 0.000000 0.000000 0.000000 1.000000
0.251845 0.967544 0.020797 -0.645900 -0.965592 0.249781 0.072405 3.740000 0.064860 -0.038316 0.997158 0.000000 0.000000 0.000000 0.000000 1.000000
0.251846 0.967544 0.020797 -0.645900 -0.965591 0.249781 0.072405 3.740000 0.064860 -0.038316 0.997158 0.000000 0.000000 0.000000 0.000000 1.000000
0.251845 0.967544 0.020797 -0.645900 -0.965592 0.249781 0.072405 3.740000 0.064860 -0.038316 0.997158 0.000000 0.000000 0.000000 0.000000 1.000000
0.251846 0.967544 0.020797 -0.645900 -0.965591 0.249781 0.072405 3.740000 0.064860 -0.038316 0.997158 0.000000 0.000000 0.000000 0.000000 1.000000
0.251846 0.967544 0.020797 -0.645900 -0.965591 0.249781 0.072405 3.740000 0.064860 -0.038316 0.997158 0.000000 0.000000 0.000000 0.000000 1.000000
0.251846 0.967544 0.020797 -0.645900 -0.965591 0.249781 0.072405 3.740000 0.064860 -0.038316 0.997158 -0.000000 0.000000 0.000000 0.000000 1.000000
0.251846 0.967544 0.020797 -0.645900 -0.965591 0.249781 0.072405 3.740000 0.064861 -0.038317 0.997158 -0.000000 0.000000 0.000000 0.000000 1.000000
0.251846 0.967544 0.020797 -0.645900 -0.965591 0.249782 0.072405 3.740000 0.064860 -0.038316 0.997158 0.000000 0.000000 0.000000 0.000000 1.000000
0.251845 0.967544 0.020797 -0.645900 -0.965592 0.249781 0.072405 3.740000 0.064861 -0.038316 0.997158 0.000000 0.000000 0.000000 0.000000 1.000000</float_array>
        <technique_common>
          <accessor source="#mixamorig_LeftHandThumb2-Matrix-animation-output-transform-array" count="40" stride="16">
            <param type="float4x4"/>
          </accessor>
        </technique_common>
      </source>
      <source id="mixamorig_LeftHandThumb2-Interpolations">
        <Name_array id="mixamorig_LeftHandThumb2-Interpolations-array" count="40">
 LINEAR LINEAR LINEAR LINEAR LINEAR LINEAR LINEAR LINEAR LINEAR LINEAR LINEAR
LINEAR LINEAR LINEAR LINEAR LINEAR LINEAR LINEAR LINEAR LINEAR LINEAR LINEAR LINEAR
LINEAR LINEAR LINEAR LINEAR LINEAR LINEAR LINEAR LINEAR LINEAR LINEAR LINEAR LINEAR
LINEAR LINEAR LINEAR LINEAR LINEAR</Name_array>
        <technique_common>
          <accessor source="#mixamorig_LeftHandThumb2-Interpolations-array" count="40">
            <param type="name"/>
          </accessor>
        </technique_common>
      </source>
      <sampler id="mixamorig_LeftHandThumb2-Matrix-animation-transform">
        <input semantic="INPUT" source="#mixamorig_LeftHandThumb2-Matrix-animation-input"/>
        <input semantic="OUTPUT" source="#mixamorig_LeftHandThumb2-Matrix-animation-output-transform"/>
        <input semantic="INTERPOLATION" source="#mixamorig_LeftHandThumb2-Interpolations"/>
      </sampler>
      <channel source="#mixamorig_LeftHandThumb2-Matrix-animation-transform" target="mixamorig_LeftHandThumb2/matrix"/>
    </animation>
    <animation id="mixamorig_LeftHandThumb3-anim" name="mixamorig_LeftHandThumb3">
      <source id="mixamorig_LeftHandThumb3-Matrix-animation-input">
        <float_array id="mixamorig_LeftHandThumb3-Matrix-animation-input-array" count="40">

0.000000 0.033333 0.066667 0.100000 0.133333 0.166667 0.200000 0.233333 0.266667 0.300000 0.333333 0.366667 0.400000 0.433333 0.466667 0.500000
0.533333 0.566667 0.600000 0.633333 0.666667 0.700000 0.733333 0.766667 0.800000 0.833333 0.866667 0.900000 0.933333 0.966667 1.000000 1.033333
1.066667 1.100000 1.133333 1.166667 1.200000 1.233333 1.266667 1.300000</float_array>
        <technique_common>
          <accessor source="#mixamorig_LeftHandThumb3-Matrix-animation-input-array" count="40">
            <param name="TIME" type="float"/>
          </accessor>
        </technique_common>
      </source>
      <source id="mixamorig_LeftHandThumb3-Matrix-animation-output-transform">
        <float_array id="mixamorig_LeftHandThumb3-Matrix-animation-output-transform-array" count="640">

0.871631 0.489045 -0.033071 0.061700 -0.487465 0.871928 0.046034 3.312900 0.051348 -0.024004 0.998392 -0.000000 0.000000 0.000000 0.000000 1.000000
0.871631 0.489046 -0.033070 0.061700 -0.487466 0.871928 0.046034 3.312900 0.051348 -0.024004 0.998392 0.000000 0.000000 0.000000 0.000000 1.000000
0.871631 0.489046 -0.033070 0.061700 -0.487466 0.871928 0.046035 3.312900 0.051348 -0.024005 0.998392 0.000000 0.000000 0.000000 0.000000 1.000000
0.871631 0.489046 -0.033070 0.061700 -0.487466 0.871928 0.046035 3.312900 0.051348 -0.024005 0.998392 0.000000 0.000000 0.000000 0.000000 1.000000
0.871631 0.489046 -0.033070 0.061700 -0.487466 0.871928 0.046034 3.312900 0.051348 -0.024004 0.998392 0.000000 0.000000 0.000000 0.000000 1.000000
0.871631 0.489045 -0.033070 0.061700 -0.487465 0.871928 0.046034 3.312900 0.051347 -0.024005 0.998392 0.000000 0.000000 0.000000 0.000000 1.000000
0.871631 0.489045 -0.033070 0.061700 -0.487465 0.871928 0.046034 3.312900 0.051347 -0.024005 0.998392 -0.000000 0.000000 0.000000 0.000000 1.000000
0.871631 0.489046 -0.033070 0.061700 -0.487466 0.871928 0.046034 3.312900 0.051347 -0.024005 0.998392 0.000000 0.000000 0.000000 0.000000 1.000000
0.871631 0.489046 -0.033070 0.061700 -0.487466 0.871928 0.046034 3.312900 0.051347 -0.024005 0.998392 0.000000 0.000000 0.000000 0.000000 1.000000
0.871631 0.489046 -0.033070 0.061700 -0.487466 0.871928 0.046034 3.312900 0.051348 -0.024005 0.998392 -0.000000 0.000000 0.000000 0.000000 1.000000
0.871631 0.489045 -0.033070 0.061700 -0.487465 0.871928 0.046034 3.312900 0.051348 -0.024004 0.998392 -0.000000 0.000000 0.000000 0.000000 1.000000
0.871631 0.489046 -0.033070 0.061700 -0.487466 0.871928 0.046034 3.312900 0.051348 -0.024004 0.998392 -0.000000 0.000000 0.000000 0.000000 1.000000
0.871631 0.489046 -0.033070 0.061700 -0.487465 0.871928 0.046035 3.312900 0.051348 -0.024005 0.998392 0.000000 0.000000 0.000000 0.000000 1.000000
0.871631 0.489046 -0.033070 0.061700 -0.487466 0.871928 0.046034 3.312900 0.051347 -0.024004 0.998392 0.000000 0.000000 0.000000 0.000000 1.000000
0.871631 0.489046 -0.033070 0.061700 -0.487466 0.871928 0.046035 3.312900 0.051347 -0.024005 0.998392 -0.000000 0.000000 0.000000 0.000000 1.000000
0.871631 0.489046 -0.033070 0.061700 -0.487466 0.871928 0.046035 3.312900 0.051348 -0.024005 0.998392 0.000000 0.000000 0.000000 0.000000 1.000000
0.871631 0.489046 -0.033070 0.061700 -0.487466 0.871928 0.046035 3.312900 0.051348 -0.024005 0.998392 0.000000 0.000000 0.000000 0.000000 1.000000
0.871631 0.489046 -0.033070 0.061700 -0.487466 0.871928 0.046034 3.312900 0.051347 -0.024004 0.998392 0.000000 0.000000 0.000000 0.000000 1.000000
0.871631 0.489046 -0.033070 0.061700 -0.487466 0.871928 0.046035 3.312900 0.051348 -0.024005 0.998392 0.000000 0.000000 0.000000 0.000000 1.000000
0.871631 0.489046 -0.033070 0.061700 -0.487465 0.871928 0.046035 3.312900 0.051348 -0.024005 0.998392 0.000000 0.000000 0.000000 0.000000 1.000000
0.871631 0.489046 -0.033070 0.061700 -0.487466 0.871928 0.046034 3.312900 0.051348 -0.024004 0.998392 0.000000 0.000000 0.000000 0.000000 1.000000
0.871631 0.489046 -0.033070 0.061700 -0.487466 0.871928 0.046034 3.312900 0.051348 -0.024005 0.998392 0.000000 0.000000 0.000000 0.000000 1.000000
0.871631 0.489046 -0.033070 0.061700 -0.487466 0.871928 0.046034 3.312900 0.051347 -0.024005 0.998392 -0.000000 0.000000 0.000000 0.000000 1.000000
0.871631 0.489046 -0.033070 0.061700 -0.487466 0.871928 0.046034 3.312900 0.051348 -0.024004 0.998392 0.000000 0.000000 0.000000 0.000000 1.000000
0.871631 0.489046 -0.033070 0.061700 -0.487465 0.871928 0.046034 3.312900 0.051348 -0.024005 0.998392 0.000000 0.000000 0.000000 0.000000 1.000000
0.871631 0.489046 -0.033070 0.061700 -0.487466 0.871928 0.046035 3.312900 0.051348 -0.024005 0.998392 -0.000000 0.000000 0.000000 0.000000 1.000000
0.871631 0.489046 -0.033070 0.061700 -0.487466 0.871928 0.046035 3.312900 0.051348 -0.024005 0.998392 -0.000000 0.000000 0.000000 0.000000 1.000000
0.871631 0.489045 -0.033070 0.061700 -0.487465 0.871928 0.046034 3.312900 0.051348 -0.024005 0.998392 0.000000 0.000000 0.000000 0.000000 1.000000
0.871631 0.489046 -0.033070 0.061700 -0.487466 0.871928 0.046034 3.312900 0.051347 -0.024004 0.998392 -0.000000 0.000000 0.000000 0.000000 1.000000
0.871631 0.489046 -0.033070 0.061700 -0.487466 0.871928 0.046034 3.312900 0.051348 -0.024005 0.998392 0.000000 0.000000 0.000000 0.000000 1.000000
0.871631 0.489046 -0.033070 0.061700 -0.487466 0.871928 0.046034 3.312900 0.051347 -0.024004 0.998392 0.000000 0.000000 0.000000 0.000000 1.000000
0.871631 0.489045 -0.033070 0.061700 -0.487465 0.871928 0.046034 3.312900 0.051347 -0.024005 0.998392 0.000000 0.000000 0.000000 0.000000 1.000000
0.871631 0.489046 -0.033070 0.061700 -0.487466 0.871928 0.046034 3.312900 0.051348 -0.024004 0.998392 0.000000 0.000000 0.000000 0.000000 1.000000
0.871631 0.489046 -0.033070 0.061700 -0.487466 0.871928 0.046034 3.312900 0.051347 -0.024004 0.998392 -0.000000 0.000000 0.000000 0.000000 1.000000
0.871631 0.489046 -0.033070 0.061700 -0.487466 0.871928 0.046034 3.312900 0.051347 -0.024005 0.998392 0.000000 0.000000 0.000000 0.000000 1.000000
0.871631 0.489046 -0.033070 0.061700 -0.487466 0.871928 0.046035 3.312900 0.051348 -0.024005 0.998392 0.000000 0.000000 0.000000 0.000000 1.000000
0.871631 0.489046 -0.033070 0.061700 -0.487466 0.871928 0.046034 3.312900 0.051347 -0.024004 0.998392 -0.000000 0.000000 0.000000 0.000000 1.000000
0.871631 0.489046 -0.033070 0.061700 -0.487466 0.871928 0.046034 3.312900 0.051347 -0.024004 0.998392 0.000000 0.000000 0.000000 0.000000 1.000000
0.871631 0.489046 -0.033070 0.061700 -0.487466 0.871928 0.046034 3.312900 0.051347 -0.024004 0.998392 0.000000 0.000000 0.000000 0.000000 1.000000
0.871631 0.489046 -0.033070 0.061700 -0.487466 0.871928 0.046034 3.312900 0.051347 -0.024005 0.998392 0.000000 0.000000 0.000000 0.000000 1.000000</float_array>
        <technique_common>
          <accessor source="#mixamorig_LeftHandThumb3-Matrix-animation-output-transform-array" count="40" stride="16">
            <param type="float4x4"/>
          </accessor>
        </technique_common>
      </source>
      <source id="mixamorig_LeftHandThumb3-Interpolations">
        <Name_array id="mixamorig_LeftHandThumb3-Interpolations-array" count="40">
 LINEAR LINEAR LINEAR LINEAR LINEAR LINEAR LINEAR LINEAR LINEAR LINEAR LINEAR
LINEAR LINEAR LINEAR LINEAR LINEAR LINEAR LINEAR LINEAR LINEAR LINEAR LINEAR LINEAR
LINEAR LINEAR LINEAR LINEAR LINEAR LINEAR LINEAR LINEAR LINEAR LINEAR LINEAR LINEAR
LINEAR LINEAR LINEAR LINEAR LINEAR</Name_array>
        <technique_common>
          <accessor source="#mixamorig_LeftHandThumb3-Interpolations-array" count="40">
            <param type="name"/>
          </accessor>
        </technique_common>
      </source>
      <sampler id="mixamorig_LeftHandThumb3-Matrix-animation-transform">
        <input semantic="INPUT" source="#mixamorig_LeftHandThumb3-Matrix-animation-input"/>
        <input semantic="OUTPUT" source="#mixamorig_LeftHandThumb3-Matrix-animation-output-transform"/>
        <input semantic="INTERPOLATION" source="#mixamorig_LeftHandThumb3-Interpolations"/>
      </sampler>
      <channel source="#mixamorig_LeftHandThumb3-Matrix-animation-transform" target="mixamorig_LeftHandThumb3/matrix"/>
    </animation>
    <animation id="mixamorig_LeftHandIndex1-anim" name="mixamorig_LeftHandIndex1">
      <source id="mixamorig_LeftHandIndex1-Matrix-animation-input">
        <float_array id="mixamorig_LeftHandIndex1-Matrix-animation-input-array" count="40">

0.000000 0.033333 0.066667 0.100000 0.133333 0.166667 0.200000 0.233333 0.266667 0.300000 0.333333 0.366667 0.400000 0.433333 0.466667 0.500000
0.533333 0.566667 0.600000 0.633333 0.666667 0.700000 0.733333 0.766667 0.800000 0.833333 0.866667 0.900000 0.933333 0.966667 1.000000 1.033333
1.066667 1.100000 1.133333 1.166667 1.200000 1.233333 1.266667 1.300000</float_array>
        <technique_common>
          <accessor source="#mixamorig_LeftHandIndex1-Matrix-animation-input-array" count="40">
            <param name="TIME" type="float"/>
          </accessor>
        </technique_common>
      </source>
      <source id="mixamorig_LeftHandIndex1-Matrix-animation-output-transform">
        <float_array id="mixamorig_LeftHandIndex1-Matrix-animation-output-transform-array" count="640">

0.987115 0.148252 -0.060216 -3.637400 -0.054191 -0.044355 -0.997545 10.569700 -0.150559 0.987954 -0.035750 0.096900 0.000000 0.000000 0.000000 1.000000
0.987115 0.148252 -0.060216 -3.637400 -0.054191 -0.044355 -0.997545 10.569700 -0.150559 0.987954 -0.035750 0.096900 0.000000 0.000000 0.000000 1.000000
0.987115 0.148252 -0.060217 -3.637400 -0.054191 -0.044355 -0.997545 10.569700 -0.150559 0.987954 -0.035750 0.096900 0.000000 0.000000 0.000000 1.000000
0.987115 0.148252 -0.060216 -3.637400 -0.054191 -0.044355 -0.997545 10.569700 -0.150559 0.987954 -0.035750 0.096900 0.000000 0.000000 0.000000 1.000000
0.987115 0.148252 -0.060216 -3.637400 -0.054191 -0.044355 -0.997545 10.569700 -0.150559 0.987954 -0.035749 0.096900 0.000000 0.000000 0.000000 1.000000
0.987115 0.148252 -0.060217 -3.637400 -0.054191 -0.044356 -0.997545 10.569700 -0.150559 0.987954 -0.035750 0.096900 0.000000 0.000000 0.000000 1.000000
0.987115 0.148252 -0.060217 -3.637400 -0.054191 -0.044355 -0.997545 10.569700 -0.150559 0.987954 -0.035750 0.096900 0.000000 0.000000 0.000000 1.000000
0.987115 0.148252 -0.060217 -3.637400 -0.054191 -0.044355 -0.997545 10.569700 -0.150559 0.987954 -0.035750 0.096900 0.000000 0.000000 0.000000 1.000000
0.987115 0.148252 -0.060217 -3.637400 -0.054191 -0.044355 -0.997545 10.569700 -0.150559 0.987954 -0.035749 0.096900 0.000000 0.000000 0.000000 1.000000
0.987115 0.148252 -0.060217 -3.637400 -0.054191 -0.044355 -0.997545 10.569700 -0.150559 0.987954 -0.035750 0.096900 0.000000 0.000000 0.000000 1.000000
0.987115 0.148252 -0.060217 -3.637400 -0.054191 -0.044355 -0.997545 10.569700 -0.150559 0.987954 -0.035750 0.096900 0.000000 0.000000 0.000000 1.000000
0.987115 0.148252 -0.060217 -3.637400 -0.054191 -0.044355 -0.997545 10.569700 -0.150559 0.987954 -0.035750 0.096900 0.000000 0.000000 0.000000 1.000000
0.987115 0.148252 -0.060216 -3.637400 -0.054191 -0.044355 -0.997545 10.569700 -0.150559 0.987954 -0.035750 0.096900 0.000000 0.000000 0.000000 1.000000
0.987115 0.148252 -0.060217 -3.637400 -0.054191 -0.044355 -0.997545 10.569700 -0.150559 0.987954 -0.035749 0.096900 0.000000 0.000000 0.000000 1.000000
0.987115 0.148252 -0.060217 -3.637400 -0.054191 -0.044356 -0.997545 10.569700 -0.150559 0.987954 -0.035750 0.096900 0.000000 0.000000 0.000000 1.000000
0.987115 0.148252 -0.060217 -3.637400 -0.054191 -0.044355 -0.997545 10.569700 -0.150559 0.987954 -0.035750 0.096900 0.000000 0.000000 0.000000 1.000000
0.987115 0.148252 -0.060217 -3.637400 -0.054191 -0.044355 -0.997545 10.569700 -0.150559 0.987954 -0.035750 0.096900 0.000000 0.000000 0.000000 1.000000
0.987115 0.148252 -0.060216 -3.637400 -0.054191 -0.044355 -0.997545 10.569700 -0.150559 0.987954 -0.035750 0.096900 0.000000 0.000000 0.000000 1.000000
0.987115 0.148252 -0.060216 -3.637400 -0.054191 -0.044355 -0.997545 10.569700 -0.150559 0.987955 -0.035749 0.096900 0.000000 0.000000 0.000000 1.000000
0.987115 0.148252 -0.060217 -3.637400 -0.054191 -0.044355 -0.997545 10.569700 -0.150559 0.987954 -0.035750 0.096900 0.000000 0.000000 0.000000 1.000000
0.987115 0.148252 -0.060217 -3.637400 -0.054191 -0.044355 -0.997545 10.569700 -0.150559 0.987954 -0.035750 0.096900 0.000000 0.000000 0.000000 1.000000
0.987115 0.148252 -0.060217 -3.637400 -0.054191 -0.044356 -0.997545 10.569700 -0.150559 0.987954 -0.035750 0.096900 0.000000 0.000000 0.000000 1.000000
0.987115 0.148252 -0.060217 -3.637400 -0.054191 -0.044355 -0.997545 10.569700 -0.150559 0.987954 -0.035750 0.096900 0.000000 0.000000 0.000000 1.000000
0.987115 0.148252 -0.060216 -3.637400 -0.054191 -0.044355 -0.997545 10.569700 -0.150559 0.987955 -0.035749 0.096900 0.000000 0.000000 0.000000 1.000000
0.987115 0.148252 -0.060216 -3.637400 -0.054191 -0.044355 -0.997545 10.569700 -0.150559 0.987955 -0.035749 0.096900 0.000000 0.000000 0.000000 1.000000
0.987115 0.148252 -0.060216 -3.637400 -0.054191 -0.044355 -0.997545 10.569700 -0.150559 0.987954 -0.035750 0.096900 0.000000 0.000000 0.000000 1.000000
0.987115 0.148252 -0.060217 -3.637400 -0.054191 -0.044355 -0.997545 10.569700 -0.150559 0.987954 -0.035750 0.096900 0.000000 0.000000 0.000000 1.000000
0.987115 0.148252 -0.060216 -3.637400 -0.054191 -0.044355 -0.997545 10.569700 -0.150559 0.987954 -0.035750 0.096900 0.000000 0.000000 0.000000 1.000000
0.987115 0.148252 -0.060216 -3.637400 -0.054191 -0.044355 -0.997545 10.569700 -0.150559 0.987954 -0.035750 0.096900 0.000000 0.000000 0.000000 1.000000
0.987115 0.148252 -0.060217 -3.637400 -0.054191 -0.044355 -0.997545 10.569700 -0.150559 0.987954 -0.035750 0.096900 0.000000 0.000000 0.000000 1.000000
0.987115 0.148252 -0.060216 -3.637400 -0.054191 -0.044355 -0.997545 10.569700 -0.150559 0.987954 -0.035750 0.096900 0.000000 0.000000 0.000000 1.000000
0.987115 0.148252 -0.060216 -3.637400 -0.054191 -0.044356 -0.997545 10.569700 -0.150559 0.987954 -0.035750 0.096900 0.000000 0.000000 0.000000 1.000000
0.987115 0.148252 -0.060216 -3.637400 -0.054191 -0.044355 -0.997545 10.569700 -0.150559 0.987954 -0.035750 0.096900 0.000000 0.000000 0.000000 1.000000
0.987115 0.148252 -0.060216 -3.637400 -0.054191 -0.044355 -0.997545 10.569700 -0.150559 0.987954 -0.035750 0.096900 0.000000 0.000000 0.000000 1.000000
0.987115 0.148251 -0.060217 -3.637400 -0.054191 -0.044355 -0.997545 10.569700 -0.150558 0.987955 -0.035749 0.096900 0.000000 0.000000 0.000000 1.000000
0.987115 0.148252 -0.060216 -3.637400 -0.054191 -0.044355 -0.997545 10.569700 -0.150559 0.987954 -0.035750 0.096900 0.000000 0.000000 0.000000 1.000000
0.987115 0.148252 -0.060217 -3.637400 -0.054191 -0.044355 -0.997545 10.569700 -0.150559 0.987954 -0.035750 0.096900 0.000000 0.000000 0.000000 1.000000
0.987115 0.148252 -0.060216 -3.637400 -0.054191 -0.044355 -0.997545 10.569700 -0.150559 0.987954 -0.035750 0.096900 0.000000 0.000000 0.000000 1.000000
0.987115 0.148252 -0.060217 -3.637400 -0.054191 -0.044355 -0.997545 10.569700 -0.150559 0.987954 -0.035750 0.096900 0.000000 0.000000 0.000000 1.000000
0.987115 0.148252 -0.060217 -3.637400 -0.054191 -0.044355 -0.997545 10.569700 -0.150559 0.987954 -0.035750 0.096900 0.000000 0.000000 0.000000 1.000000</float_array>
        <technique_common>
          <accessor source="#mixamorig_LeftHandIndex1-Matrix-animation-output-transform-array" count="40" stride="16">
            <param type="float4x4"/>
          </accessor>
        </technique_common>
      </source>
      <source id="mixamorig_LeftHandIndex1-Interpolations">
        <Name_array id="mixamorig_LeftHandIndex1-Interpolations-array" count="40">
 LINEAR LINEAR LINEAR LINEAR LINEAR LINEAR LINEAR LINEAR LINEAR LINEAR LINEAR
LINEAR LINEAR LINEAR LINEAR LINEAR LINEAR LINEAR LINEAR LINEAR LINEAR LINEAR LINEAR
LINEAR LINEAR LINEAR LINEAR LINEAR LINEAR LINEAR LINEAR LINEAR LINEAR LINEAR LINEAR
LINEAR LINEAR LINEAR LINEAR LINEAR</Name_array>
        <technique_common>
          <accessor source="#mixamorig_LeftHandIndex1-Interpolations-array" count="40">
            <param type="name"/>
          </accessor>
        </technique_common>
      </source>
      <sampler id="mixamorig_LeftHandIndex1-Matrix-animation-transform">
        <input semantic="INPUT" source="#mixamorig_LeftHandIndex1-Matrix-animation-input"/>
        <input semantic="OUTPUT" source="#mixamorig_LeftHandIndex1-Matrix-animation-output-transform"/>
        <input semantic="INTERPOLATION" source="#mixamorig_LeftHandIndex1-Interpolations"/>
      </sampler>
      <channel source="#mixamorig_LeftHandIndex1-Matrix-animation-transform" target="mixamorig_LeftHandIndex1/matrix"/>
    </animation>
    <animation id="mixamorig_LeftHandIndex2-anim" name="mixamorig_LeftHandIndex2">
      <source id="mixamorig_LeftHandIndex2-Matrix-animation-input">
        <float_array id="mixamorig_LeftHandIndex2-Matrix-animation-input-array" count="40">

0.000000 0.033333 0.066667 0.100000 0.133333 0.166667 0.200000 0.233333 0.266667 0.300000 0.333333 0.366667 0.400000 0.433333 0.466667 0.500000
0.533333 0.566667 0.600000 0.633333 0.666667 0.700000 0.733333 0.766667 0.800000 0.833333 0.866667 0.900000 0.933333 0.966667 1.000000 1.033333
1.066667 1.100000 1.133333 1.166667 1.200000 1.233333 1.266667 1.300000</float_array>
        <technique_common>
          <accessor source="#mixamorig_LeftHandIndex2-Matrix-animation-input-array" count="40">
            <param name="TIME" type="float"/>
          </accessor>
        </technique_common>
      </source>
      <source id="mixamorig_LeftHandIndex2-Matrix-animation-output-transform">
        <float_array id="mixamorig_LeftHandIndex2-Matrix-animation-output-transform-array" count="640">

0.971266 0.145159 -0.188605 0.015800 -0.148408 -0.250127 -0.956771 3.054700 -0.186059 0.957270 -0.221397 0.000000 0.000000 0.000000 0.000000 1.000000
0.971266 0.145159 -0.188605 0.015800 -0.148408 -0.250128 -0.956771 3.054700 -0.186059 0.957270 -0.221398 -0.000000 0.000000 0.000000 0.000000 1.000000
0.971266 0.145159 -0.188605 0.015800 -0.148408 -0.250128 -0.956771 3.054700 -0.186060 0.957269 -0.221398 0.000000 0.000000 0.000000 0.000000 1.000000
0.971266 0.145159 -0.188605 0.015800 -0.148408 -0.250128 -0.956771 3.054700 -0.186059 0.957269 -0.221398 0.000000 0.000000 0.000000 0.000000 1.000000
0.971266 0.145159 -0.188605 0.015800 -0.148408 -0.250128 -0.956771 3.054700 -0.186059 0.957270 -0.221398 0.000000 0.000000 0.000000 0.000000 1.000000
0.971266 0.145159 -0.188605 0.015800 -0.148408 -0.250127 -0.956771 3.054700 -0.186059 0.957270 -0.221397 -0.000000 0.000000 0.000000 0.000000 1.000000
0.971266 0.145159 -0.188605 0.015800 -0.148408 -0.250128 -0.956771 3.054700 -0.186060 0.957269 -0.221398 0.000000 0.000000 0.000000 0.000000 1.000000
0.971266 0.145159 -0.188605 0.015800 -0.148408 -0.250128 -0.956771 3.054700 -0.186060 0.957269 -0.221398 0.000000 0.000000 0.000000 0.000000 1.000000
0.971266 0.145159 -0.188605 0.015800 -0.148408 -0.250128 -0.956771 3.054700 -0.186059 0.957269 -0.221398 0.000000 0.000000 0.000000 0.000000 1.000000
0.971266 0.145159 -0.188605 0.015800 -0.148408 -0.250128 -0.956771 3.054700 -0.186060 0.957269 -0.221398 0.000000 0.000000 0.000000 0.000000 1.000000
0.971266 0.145159 -0.188605 0.015800 -0.148408 -0.250128 -0.956771 3.054700 -0.186059 0.957269 -0.221398 -0.000000 0.000000 0.000000 0.000000 1.000000
0.971266 0.145159 -0.188605 0.015800 -0.148408 -0.250128 -0.956771 3.054700 -0.186059 0.957269 -0.221398 0.000000 0.000000 0.000000 0.000000 1.000000
0.971266 0.145159 -0.188605 0.015800 -0.148408 -0.250128 -0.956771 3.054700 -0.186059 0.957270 -0.221398 0.000000 0.000000 0.000000 0.000000 1.000000
0.971266 0.145159 -0.188605 0.015800 -0.148408 -0.250128 -0.956771 3.054700 -0.186059 0.957270 -0.221398 0.000000 0.000000 0.000000 0.000000 1.000000
0.971266 0.145159 -0.188605 0.015800 -0.148408 -0.250128 -0.956771 3.054700 -0.186060 0.957269 -0.221398 0.000000 0.000000 0.000000 0.000000 1.000000
0.971266 0.145159 -0.188605 0.015800 -0.148408 -0.250128 -0.956771 3.054700 -0.186060 0.957269 -0.221398 0.000000 0.000000 0.000000 0.000000 1.000000
0.971266 0.145159 -0.188605 0.015800 -0.148408 -0.250128 -0.956771 3.054700 -0.186059 0.957270 -0.221398 -0.000000 0.000000 0.000000 0.000000 1.000000
0.971266 0.145159 -0.188605 0.015800 -0.148408 -0.250128 -0.956771 3.054700 -0.186059 0.957270 -0.221398 0.000000 0.000000 0.000000 0.000000 1.000000
0.971266 0.145159 -0.188605 0.015800 -0.148408 -0.250128 -0.956771 3.054700 -0.186059 0.957269 -0.221398 0.000000 0.000000 0.000000 0.000000 1.000000
0.971266 0.145159 -0.188605 0.015800 -0.148408 -0.250128 -0.956771 3.054700 -0.186059 0.957270 -0.221398 0.000000 0.000000 0.000000 0.000000 1.000000
0.971266 0.145159 -0.188605 0.015800 -0.148407 -0.250128 -0.956771 3.054700 -0.186060 0.957269 -0.221398 0.000000 0.000000 0.000000 0.000000 1.000000
0.971266 0.145159 -0.188605 0.015800 -0.148408 -0.250128 -0.956771 3.054700 -0.186059 0.957269 -0.221398 0.000000 0.000000 0.000000 0.000000 1.000000
0.971266 0.145159 -0.188605 0.015800 -0.148408 -0.250127 -0.956771 3.054700 -0.186059 0.957270 -0.221397 0.000000 0.000000 0.000000 0.000000 1.000000
0.971266 0.145159 -0.188605 0.015800 -0.148408 -0.250128 -0.956771 3.054700 -0.186060 0.957269 -0.221398 -0.000000 0.000000 0.000000 0.000000 1.000000
0.971266 0.145159 -0.188605 0.015800 -0.148408 -0.250128 -0.956771 3.054700 -0.186059 0.957269 -0.221398 0.000000 0.000000 0.000000 0.000000 1.000000
0.971266 0.145159 -0.188605 0.015800 -0.148408 -0.250128 -0.956771 3.054700 -0.186060 0.957269 -0.221398 0.000000 0.000000 0.000000 0.000000 1.000000
0.971266 0.145159 -0.188605 0.015800 -0.148408 -0.250128 -0.956771 3.054700 -0.186060 0.957269 -0.221398 0.000000 0.000000 0.000000 0.000000 1.000000
0.971266 0.145159 -0.188605 0.015800 -0.148408 -0.250128 -0.956771 3.054700 -0.186059 0.957269 -0.221398 0.000000 0.000000 0.000000 0.000000 1.000000
0.971266 0.145159 -0.188605 0.015800 -0.148408 -0.250128 -0.956771 3.054700 -0.186059 0.957269 -0.221398 0.000000 0.000000 0.000000 0.000000 1.000000
0.971266 0.145159 -0.188604 0.015800 -0.148407 -0.250128 -0.956771 3.054700 -0.186059 0.957270 -0.221398 0.000000 0.000000 0.000000 0.000000 1.000000
0.971266 0.145159 -0.188605 0.015800 -0.148408 -0.250128 -0.956771 3.054700 -0.186059 0.957270 -0.221398 0.000000 0.000000 0.000000 0.000000 1.000000
0.971266 0.145159 -0.188605 0.015800 -0.148408 -0.250127 -0.956771 3.054700 -0.186059 0.957270 -0.221397 0.000000 0.000000 0.000000 0.000000 1.000000
0.971266 0.145159 -0.188605 0.015800 -0.148408 -0.250128 -0.956771 3.054700 -0.186059 0.957270 -0.221398 0.000000 0.000000 0.000000 0.000000 1.000000
0.971266 0.145159 -0.188605 0.015800 -0.148408 -0.250128 -0.956771 3.054700 -0.186060 0.957269 -0.221398 0.000000 0.000000 0.000000 0.000000 1.000000
0.971266 0.145159 -0.188605 0.015800 -0.148408 -0.250128 -0.956771 3.054700 -0.186060 0.957269 -0.221398 0.000000 0.000000 0.000000 0.000000 1.000000
0.971266 0.145159 -0.188605 0.015800 -0.148407 -0.250128 -0.956771 3.054700 -0.186059 0.957270 -0.221398 0.000000 0.000000 0.000000 0.000000 1.000000
0.971266 0.145159 -0.188605 0.015800 -0.148408 -0.250128 -0.956771 3.054700 -0.186059 0.957270 -0.221398 0.000000 0.000000 0.000000 0.000000 1.000000
0.971266 0.145159 -0.188605 0.015800 -0.148408 -0.250128 -0.956771 3.054700 -0.186059 0.957269 -0.221398 0.000000 0.000000 0.000000 0.000000 1.000000
0.971266 0.145159 -0.188605 0.015800 -0.148408 -0.250127 -0.956771 3.054700 -0.186060 0.957270 -0.221397 0.000000 0.000000 0.000000 0.000000 1.000000
0.971266 0.145159 -0.188605 0.015800 -0.148408 -0.250128 -0.956771 3.054700 -0.186060 0.957270 -0.221398 0.000000 0.000000 0.000000 0.000000 1.000000</float_array>
        <technique_common>
          <accessor source="#mixamorig_LeftHandIndex2-Matrix-animation-output-transform-array" count="40" stride="16">
            <param type="float4x4"/>
          </accessor>
        </technique_common>
      </source>
      <source id="mixamorig_LeftHandIndex2-Interpolations">
        <Name_array id="mixamorig_LeftHandIndex2-Interpolations-array" count="40">
 LINEAR LINEAR LINEAR LINEAR LINEAR LINEAR LINEAR LINEAR LINEAR LINEAR LINEAR
LINEAR LINEAR LINEAR LINEAR LINEAR LINEAR LINEAR LINEAR LINEAR LINEAR LINEAR LINEAR
LINEAR LINEAR LINEAR LINEAR LINEAR LINEAR LINEAR LINEAR LINEAR LINEAR LINEAR LINEAR
LINEAR LINEAR LINEAR LINEAR LINEAR</Name_array>
        <technique_common>
          <accessor source="#mixamorig_LeftHandIndex2-Interpolations-array" count="40">
            <param type="name"/>
          </accessor>
        </technique_common>
      </source>
      <sampler id="mixamorig_LeftHandIndex2-Matrix-animation-transform">
        <input semantic="INPUT" source="#mixamorig_LeftHandIndex2-Matrix-animation-input"/>
        <input semantic="OUTPUT" source="#mixamorig_LeftHandIndex2-Matrix-animation-output-transform"/>
        <input semantic="INTERPOLATION" source="#mixamorig_LeftHandIndex2-Interpolations"/>
      </sampler>
      <channel source="#mixamorig_LeftHandIndex2-Matrix-animation-transform" target="mixamorig_LeftHandIndex2/matrix"/>
    </animation>
    <animation id="mixamorig_LeftHandIndex3-anim" name="mixamorig_LeftHandIndex3">
      <source id="mixamorig_LeftHandIndex3-Matrix-animation-input">
        <float_array id="mixamorig_LeftHandIndex3-Matrix-animation-input-array" count="40">

0.000000 0.033333 0.066667 0.100000 0.133333 0.166667 0.200000 0.233333 0.266667 0.300000 0.333333 0.366667 0.400000 0.433333 0.466667 0.500000
0.533333 0.566667 0.600000 0.633333 0.666667 0.700000 0.733333 0.766667 0.800000 0.833333 0.866667 0.900000 0.933333 0.966667 1.000000 1.033333
1.066667 1.100000 1.133333 1.166667 1.200000 1.233333 1.266667 1.300000</float_array>
        <technique_common>
          <accessor source="#mixamorig_LeftHandIndex3-Matrix-animation-input-array" count="40">
            <param name="TIME" type="float"/>
          </accessor>
        </technique_common>
      </source>
      <source id="mixamorig_LeftHandIndex3-Matrix-animation-output-transform">
        <float_array id="mixamorig_LeftHandIndex3-Matrix-animation-output-transform-array" count="640">

0.991335 0.119253 -0.055084 -0.007300 -0.117132 0.612669 -0.781611 3.039500 -0.059461 0.781291 0.621329 0.000000 0.000000 0.000000 0.000000 1.000000
0.991335 0.119253 -0.055084 -0.007300 -0.117132 0.612670 -0.781611 3.039500 -0.059461 0.781290 0.621329 0.000000 0.000000 0.000000 0.000000 1.000000
0.991335 0.119252 -0.055084 -0.007300 -0.117132 0.612670 -0.781611 3.039500 -0.059461 0.781290 0.621329 0.000000 0.000000 0.000000 0.000000 1.000000
0.991335 0.119253 -0.055084 -0.007300 -0.117132 0.612669 -0.781611 3.039500 -0.059461 0.781291 0.621329 0.000000 0.000000 0.000000 0.000000 1.000000
0.991335 0.119252 -0.055084 -0.007300 -0.117132 0.612670 -0.781611 3.039500 -0.059461 0.781290 0.621329 -0.000000 0.000000 0.000000 0.000000 1.000000
0.991335 0.119253 -0.055084 -0.007300 -0.117132 0.612670 -0.781611 3.039500 -0.059461 0.781290 0.621329 0.000000 0.000000 0.000000 0.000000 1.000000
0.991335 0.119252 -0.055084 -0.007300 -0.117132 0.612670 -0.781611 3.039500 -0.059461 0.781291 0.621329 -0.000000 0.000000 0.000000 0.000000 1.000000
0.991335 0.119253 -0.055084 -0.007300 -0.117132 0.612670 -0.781611 3.039500 -0.059461 0.781290 0.621329 0.000000 0.000000 0.000000 0.000000 1.000000
0.991335 0.119252 -0.055084 -0.007300 -0.117132 0.612670 -0.781611 3.039500 -0.059461 0.781291 0.621329 -0.000000 0.000000 0.000000 0.000000 1.000000
0.991335 0.119252 -0.055084 -0.007300 -0.117132 0.612670 -0.781611 3.039500 -0.059461 0.781290 0.621329 0.000000 0.000000 0.000000 0.000000 1.000000
0.991335 0.119252 -0.055084 -0.007300 -0.117132 0.612669 -0.781611 3.039500 -0.059461 0.781291 0.621329 0.000000 0.000000 0.000000 0.000000 1.000000
0.991335 0.119253 -0.055084 -0.007300 -0.117132 0.612670 -0.781611 3.039500 -0.059461 0.781290 0.621329 0.000000 0.000000 0.000000 0.000000 1.000000
0.991335 0.119253 -0.055084 -0.007300 -0.117132 0.612670 -0.781611 3.039500 -0.059461 0.781290 0.621329 -0.000000 0.000000 0.000000 0.000000 1.000000
0.991335 0.119252 -0.055084 -0.007300 -0.117132 0.612670 -0.781611 3.039500 -0.059460 0.781291 0.621329 -0.000000 0.000000 0.000000 0.000000 1.000000
0.991335 0.119253 -0.055084 -0.007300 -0.117132 0.612670 -0.781611 3.039500 -0.059461 0.781290 0.621329 0.000000 0.000000 0.000000 0.000000 1.000000
0.991335 0.119252 -0.055084 -0.007300 -0.117132 0.612670 -0.781611 3.039500 -0.059460 0.781291 0.621329 0.000000 0.000000 0.000000 0.000000 1.000000
0.991335 0.119253 -0.055084 -0.007300 -0.117132 0.612670 -0.781611 3.039500 -0.059461 0.781290 0.621329 0.000000 0.000000 0.000000 0.000000 1.000000
0.991335 0.119252 -0.055085 -0.007300 -0.117132 0.612670 -0.781611 3.039500 -0.059460 0.781290 0.621329 0.000000 0.000000 0.000000 0.000000 1.000000
0.991335 0.119253 -0.055084 -0.007300 -0.117132 0.612670 -0.781611 3.039500 -0.059461 0.781290 0.621329 0.000000 0.000000 0.000000 0.000000 1.000000
0.991335 0.119253 -0.055084 -0.007300 -0.117132 0.612670 -0.781611 3.039500 -0.059461 0.781290 0.621329 0.000000 0.000000 0.000000 0.000000 1.000000
0.991335 0.119253 -0.055084 -0.007300 -0.117132 0.612669 -0.781611 3.039500 -0.059461 0.781291 0.621329 0.000000 0.000000 0.000000 0.000000 1.000000
0.991335 0.119252 -0.055084 -0.007300 -0.117132 0.612670 -0.781611 3.039500 -0.059460 0.781291 0.621329 0.000000 0.000000 0.000000 0.000000 1.000000
0.991335 0.119252 -0.055084 -0.007300 -0.117132 0.612670 -0.781611 3.039500 -0.059460 0.781290 0.621329 0.000000 0.000000 0.000000 0.000000 1.000000
0.991335 0.119252 -0.055084 -0.007300 -0.117132 0.612670 -0.781611 3.039500 -0.059461 0.781290 0.621329 -0.000000 0.000000 0.000000 0.000000 1.000000
0.991335 0.119252 -0.055084 -0.007300 -0.117132 0.612670 -0.781611 3.039500 -0.059461 0.781290 0.621329 0.000000 0.000000 0.000000 0.000000 1.000000
0.991335 0.119252 -0.055084 -0.007300 -0.117132 0.612670 -0.781611 3.039500 -0.059461 0.781290 0.621329 0.000000 0.000000 0.000000 0.000000 1.000000
0.991335 0.119252 -0.055084 -0.007300 -0.117131 0.612670 -0.781611 3.039500 -0.059461 0.781291 0.621329 0.000000 0.000000 0.000000 0.000000 1.000000
0.991335 0.119253 -0.055084 -0.007300 -0.117132 0.612670 -0.781611 3.039500 -0.059461 0.781290 0.621329 -0.000000 0.000000 0.000000 0.000000 1.000000
0.991335 0.119252 -0.055084 -0.007300 -0.117132 0.612670 -0.781611 3.039500 -0.059461 0.781290 0.621329 0.000000 0.000000 0.000000 0.000000 1.000000
0.991335 0.119252 -0.055084 -0.007300 -0.117132 0.612670 -0.781611 3.039500 -0.059460 0.781290 0.621329 0.000000 0.000000 0.000000 0.000000 1.000000
0.991335 0.119253 -0.055085 -0.007300 -0.117132 0.612670 -0.781611 3.039500 -0.059460 0.781290 0.621329 -0.000000 0.000000 0.000000 0.000000 1.000000
0.991335 0.119252 -0.055084 -0.007300 -0.117132 0.612670 -0.781611 3.039500 -0.059461 0.781290 0.621329 0.000000 0.000000 0.000000 0.000000 1.000000
0.991335 0.119253 -0.055084 -0.007300 -0.117132 0.612669 -0.781611 3.039500 -0.059461 0.781291 0.621329 0.000000 0.000000 0.000000 0.000000 1.000000
0.991335 0.119253 -0.055084 -0.007300 -0.117132 0.612670 -0.781611 3.039500 -0.059461 0.781290 0.621329 0.000000 0.000000 0.000000 0.000000 1.000000
0.991335 0.119253 -0.055084 -0.007300 -0.117132 0.612669 -0.781611 3.039500 -0.059461 0.781291 0.621329 0.000000 0.000000 0.000000 0.000000 1.000000
0.991335 0.119253 -0.055084 -0.007300 -0.117132 0.612669 -0.781611 3.039500 -0.059461 0.781291 0.621329 -0.000000 0.000000 0.000000 0.000000 1.000000
0.991335 0.119253 -0.055084 -0.007300 -0.117132 0.612670 -0.781611 3.039500 -0.059461 0.781290 0.621329 0.000000 0.000000 0.000000 0.000000 1.000000
0.991335 0.119252 -0.055084 -0.007300 -0.117132 0.612670 -0.781611 3.039500 -0.059461 0.781290 0.621329 0.000000 0.000000 0.000000 0.000000 1.000000
0.991335 0.119253 -0.055084 -0.007300 -0.117132 0.612669 -0.781611 3.039500 -0.059461 0.781291 0.621329 0.000000 0.000000 0.000000 0.000000 1.000000
0.991335 0.119252 -0.055084 -0.007300 -0.117132 0.612670 -0.781611 3.039500 -0.059460 0.781290 0.621329 0.000000 0.000000 0.000000 0.000000 1.000000</float_array>
        <technique_common>
          <accessor source="#mixamorig_LeftHandIndex3-Matrix-animation-output-transform-array" count="40" stride="16">
            <param type="float4x4"/>
          </accessor>
        </technique_common>
      </source>
      <source id="mixamorig_LeftHandIndex3-Interpolations">
        <Name_array id="mixamorig_LeftHandIndex3-Interpolations-array" count="40">
 LINEAR LINEAR LINEAR LINEAR LINEAR LINEAR LINEAR LINEAR LINEAR LINEAR LINEAR
LINEAR LINEAR LINEAR LINEAR LINEAR LINEAR LINEAR LINEAR LINEAR LINEAR LINEAR LINEAR
LINEAR LINEAR LINEAR LINEAR LINEAR LINEAR LINEAR LINEAR LINEAR LINEAR LINEAR LINEAR
LINEAR LINEAR LINEAR LINEAR LINEAR</Name_array>
        <technique_common>
          <accessor source="#mixamorig_LeftHandIndex3-Interpolations-array" count="40">
            <param type="name"/>
          </accessor>
        </technique_common>
      </source>
      <sampler id="mixamorig_LeftHandIndex3-Matrix-animation-transform">
        <input semantic="INPUT" source="#mixamorig_LeftHandIndex3-Matrix-animation-input"/>
        <input semantic="OUTPUT" source="#mixamorig_LeftHandIndex3-Matrix-animation-output-transform"/>
        <input semantic="INTERPOLATION" source="#mixamorig_LeftHandIndex3-Interpolations"/>
      </sampler>
      <channel source="#mixamorig_LeftHandIndex3-Matrix-animation-transform" target="mixamorig_LeftHandIndex3/matrix"/>
    </animation>
    <animation id="mixamorig_LeftHandMiddle1-anim" name="mixamorig_LeftHandMiddle1">
      <source id="mixamorig_LeftHandMiddle1-Matrix-animation-input">
        <float_array id="mixamorig_LeftHandMiddle1-Matrix-animation-input-array" count="40">

0.000000 0.033333 0.066667 0.100000 0.133333 0.166667 0.200000 0.233333 0.266667 0.300000 0.333333 0.366667 0.400000 0.433333 0.466667 0.500000
0.533333 0.566667 0.600000 0.633333 0.666667 0.700000 0.733333 0.766667 0.800000 0.833333 0.866667 0.900000 0.933333 0.966667 1.000000 1.033333
1.066667 1.100000 1.133333 1.166667 1.200000 1.233333 1.266667 1.300000</float_array>
        <technique_common>
          <accessor source="#mixamorig_LeftHandMiddle1-Matrix-animation-input-array" count="40">
            <param name="TIME" type="float"/>
          </accessor>
        </technique_common>
      </source>
      <source id="mixamorig_LeftHandMiddle1-Matrix-animation-output-transform">
        <float_array id="mixamorig_LeftHandMiddle1-Matrix-animation-output-transform-array" count="640">

0.987128 0.148285 -0.059922 -1.050700 -0.053934 -0.044080 -0.997571 10.576500 -0.150566 0.987962 -0.035515 -0.192600 0.000000 0.000000 0.000000 1.000000
0.987128 0.148285 -0.059922 -1.050700 -0.053935 -0.044080 -0.997571 10.576500 -0.150566 0.987962 -0.035515 -0.192600 0.000000 0.000000 0.000000 1.000000
0.987128 0.148285 -0.059922 -1.050700 -0.053935 -0.044080 -0.997571 10.576500 -0.150566 0.987962 -0.035515 -0.192600 0.000000 0.000000 0.000000 1.000000
0.987128 0.148285 -0.059922 -1.050700 -0.053935 -0.044080 -0.997571 10.576500 -0.150566 0.987962 -0.035515 -0.192600 0.000000 0.000000 0.000000 1.000000
0.987128 0.148285 -0.059922 -1.050700 -0.053935 -0.044080 -0.997571 10.576500 -0.150566 0.987962 -0.035515 -0.192600 0.000000 0.000000 0.000000 1.000000
0.987128 0.148285 -0.059922 -1.050700 -0.053935 -0.044081 -0.997571 10.576500 -0.150566 0.987962 -0.035515 -0.192600 0.000000 0.000000 0.000000 1.000000
0.987128 0.148285 -0.059922 -1.050700 -0.053935 -0.044080 -0.997571 10.576500 -0.150566 0.987962 -0.035515 -0.192600 0.000000 0.000000 0.000000 1.000000
0.987128 0.148285 -0.059922 -1.050700 -0.053935 -0.044080 -0.997571 10.576500 -0.150566 0.987962 -0.035515 -0.192600 0.000000 0.000000 0.000000 1.000000
0.987128 0.148285 -0.059922 -1.050700 -0.053935 -0.044080 -0.997571 10.576500 -0.150566 0.987962 -0.035515 -0.192600 0.000000 0.000000 0.000000 1.000000
0.987128 0.148285 -0.059922 -1.050700 -0.053935 -0.044080 -0.997571 10.576500 -0.150566 0.987962 -0.035515 -0.192600 0.000000 0.000000 0.000000 1.000000
0.987128 0.148284 -0.059922 -1.050700 -0.053935 -0.044080 -0.997571 10.576500 -0.150566 0.987962 -0.035515 -0.192600 0.000000 0.000000 0.000000 1.000000
0.987128 0.148285 -0.059922 -1.050700 -0.053935 -0.044080 -0.997571 10.576500 -0.150566 0.987962 -0.035515 -0.192600 0.000000 0.000000 0.000000 1.000000
0.987128 0.148285 -0.059922 -1.050700 -0.053935 -0.044081 -0.997571 10.576500 -0.150566 0.987962 -0.035515 -0.192600 0.000000 0.000000 0.000000 1.000000
0.987128 0.148285 -0.059922 -1.050700 -0.053935 -0.044080 -0.997571 10.576500 -0.150566 0.987962 -0.035515 -0.192600 0.000000 0.000000 0.000000 1.000000
0.987128 0.148285 -0.059923 -1.050700 -0.053935 -0.044081 -0.997571 10.576500 -0.150566 0.987962 -0.035516 -0.192600 0.000000 0.000000 0.000000 1.000000
0.987128 0.148285 -0.059922 -1.050700 -0.053935 -0.044080 -0.997571 10.576500 -0.150566 0.987962 -0.035515 -0.192600 0.000000 0.000000 0.000000 1.000000
0.987128 0.148285 -0.059922 -1.050700 -0.053935 -0.044080 -0.997571 10.576500 -0.150566 0.987962 -0.035515 -0.192600 0.000000 0.000000 0.000000 1.000000
0.987128 0.148285 -0.059922 -1.050700 -0.053935 -0.044080 -0.997571 10.576500 -0.150566 0.987962 -0.035515 -0.192600 0.000000 0.000000 0.000000 1.000000
0.987128 0.148284 -0.059922 -1.050700 -0.053935 -0.044080 -0.997571 10.576500 -0.150566 0.987962 -0.035515 -0.192600 0.000000 0.000000 0.000000 1.000000
0.987128 0.148285 -0.059922 -1.050700 -0.053935 -0.044081 -0.997571 10.576500 -0.150566 0.987962 -0.035515 -0.192600 0.000000 0.000000 0.000000 1.000000
0.987128 0.148285 -0.059922 -1.050700 -0.053935 -0.044080 -0.997571 10.576500 -0.150566 0.987962 -0.035515 -0.192600 0.000000 0.000000 0.000000 1.000000
0.987128 0.148284 -0.059922 -1.050700 -0.053935 -0.044081 -0.997571 10.576500 -0.150566 0.987962 -0.035515 -0.192600 0.000000 0.000000 0.000000 1.000000
0.987128 0.148284 -0.059922 -1.050700 -0.053935 -0.044080 -0.997571 10.576500 -0.150566 0.987962 -0.035515 -0.192600 0.000000 0.000000 0.000000 1.000000
0.987128 0.148285 -0.059922 -1.050700 -0.053935 -0.044080 -0.997571 10.576500 -0.150566 0.987962 -0.035515 -0.192600 0.000000 0.000000 0.000000 1.000000
0.987128 0.148284 -0.059922 -1.050700 -0.053935 -0.044080 -0.997571 10.576500 -0.150566 0.987962 -0.035515 -0.192600 0.000000 0.000000 0.000000 1.000000
0.987128 0.148285 -0.059922 -1.050700 -0.053934 -0.044080 -0.997571 10.576500 -0.150566 0.987962 -0.035515 -0.192600 0.000000 0.000000 0.000000 1.000000
0.987128 0.148285 -0.059922 -1.050700 -0.053935 -0.044080 -0.997571 10.576500 -0.150566 0.987962 -0.035515 -0.192600 0.000000 0.000000 0.000000 1.000000
0.987128 0.148285 -0.059922 -1.050700 -0.053935 -0.044080 -0.997571 10.576500 -0.150566 0.987962 -0.035515 -0.192600 0.000000 0.000000 0.000000 1.000000
0.987128 0.148285 -0.059922 -1.050700 -0.053934 -0.044080 -0.997571 10.576500 -0.150566 0.987962 -0.035515 -0.192600 0.000000 0.000000 0.000000 1.000000
0.987128 0.148285 -0.059923 -1.050700 -0.053935 -0.044081 -0.997571 10.576500 -0.150566 0.987962 -0.035515 -0.192600 0.000000 0.000000 0.000000 1.000000
0.987128 0.148285 -0.059922 -1.050700 -0.053935 -0.044080 -0.997571 10.576500 -0.150566 0.987962 -0.035515 -0.192600 0.000000 0.000000 0.000000 1.000000
0.987128 0.148285 -0.059922 -1.050700 -0.053934 -0.044080 -0.997571 10.576500 -0.150566 0.987962 -0.035515 -0.192600 0.000000 0.000000 0.000000 1.000000
0.987128 0.148285 -0.059922 -1.050700 -0.053935 -0.044080 -0.997571 10.576500 -0.150566 0.987962 -0.035515 -0.192600 0.000000 0.000000 0.000000 1.000000
0.987128 0.148285 -0.059922 -1.050700 -0.053934 -0.044080 -0.997571 10.576500 -0.150566 0.987962 -0.035515 -0.192600 0.000000 0.000000 0.000000 1.000000
0.987128 0.148284 -0.059922 -1.050700 -0.053935 -0.044080 -0.997571 10.576500 -0.150566 0.987962 -0.035515 -0.192600 0.000000 0.000000 0.000000 1.000000
0.987128 0.148285 -0.059922 -1.050700 -0.053934 -0.044080 -0.997571 10.576500 -0.150566 0.987962 -0.035515 -0.192600 0.000000 0.000000 0.000000 1.000000
0.987128 0.148285 -0.059923 -1.050700 -0.053935 -0.044080 -0.997571 10.576500 -0.150566 0.987962 -0.035515 -0.192600 0.000000 0.000000 0.000000 1.000000
0.987128 0.148284 -0.059922 -1.050700 -0.053935 -0.044080 -0.997571 10.576500 -0.150566 0.987962 -0.035515 -0.192600 0.000000 0.000000 0.000000 1.000000
0.987128 0.148285 -0.059922 -1.050700 -0.053935 -0.044081 -0.997571 10.576500 -0.150566 0.987962 -0.035515 -0.192600 0.000000 0.000000 0.000000 1.000000
0.987128 0.148285 -0.059922 -1.050700 -0.053935 -0.044081 -0.997571 10.576500 -0.150566 0.987962 -0.035515 -0.192600 0.000000 0.000000 0.000000 1.000000</float_array>
        <technique_common>
          <accessor source="#mixamorig_LeftHandMiddle1-Matrix-animation-output-transform-array" count="40" stride="16">
            <param type="float4x4"/>
          </accessor>
        </technique_common>
      </source>
      <source id="mixamorig_LeftHandMiddle1-Interpolations">
        <Name_array id="mixamorig_LeftHandMiddle1-Interpolations-array" count="40">
 LINEAR LINEAR LINEAR LINEAR LINEAR LINEAR LINEAR LINEAR LINEAR LINEAR LINEAR
LINEAR LINEAR LINEAR LINEAR LINEAR LINEAR LINEAR LINEAR LINEAR LINEAR LINEAR LINEAR
LINEAR LINEAR LINEAR LINEAR LINEAR LINEAR LINEAR LINEAR LINEAR LINEAR LINEAR LINEAR
LINEAR LINEAR LINEAR LINEAR LINEAR</Name_array>
        <technique_common>
          <accessor source="#mixamorig_LeftHandMiddle1-Interpolations-array" count="40">
            <param type="name"/>
          </accessor>
        </technique_common>
      </source>
      <sampler id="mixamorig_LeftHandMiddle1-Matrix-animation-transform">
        <input semantic="INPUT" source="#mixamorig_LeftHandMiddle1-Matrix-animation-input"/>
        <input semantic="OUTPUT" source="#mixamorig_LeftHandMiddle1-Matrix-animation-output-transform"/>
        <input semantic="INTERPOLATION" source="#mixamorig_LeftHandMiddle1-Interpolations"/>
      </sampler>
      <channel source="#mixamorig_LeftHandMiddle1-Matrix-animation-transform" target="mixamorig_LeftHandMiddle1/matrix"/>
    </animation>
    <animation id="mixamorig_LeftHandMiddle2-anim" name="mixamorig_LeftHandMiddle2">
      <source id="mixamorig_LeftHandMiddle2-Matrix-animation-input">
        <float_array id="mixamorig_LeftHandMiddle2-Matrix-animation-input-array" count="40">

0.000000 0.033333 0.066667 0.100000 0.133333 0.166667 0.200000 0.233333 0.266667 0.300000 0.333333 0.366667 0.400000 0.433333 0.466667 0.500000
0.533333 0.566667 0.600000 0.633333 0.666667 0.700000 0.733333 0.766667 0.800000 0.833333 0.866667 0.900000 0.933333 0.966667 1.000000 1.033333
1.066667 1.100000 1.133333 1.166667 1.200000 1.233333 1.266667 1.300000</float_array>
        <technique_common>
          <accessor source="#mixamorig_LeftHandMiddle2-Matrix-animation-input-array" count="40">
            <param name="TIME" type="float"/>
          </accessor>
        </technique_common>
      </source>
      <source id="mixamorig_LeftHandMiddle2-Matrix-animation-output-transform">
        <float_array id="mixamorig_LeftHandMiddle2-Matrix-animation-output-transform-array" count="640">

0.970767 0.148575 -0.188510 0.017900 -0.147375 -0.250947 -0.956716 3.500200 -0.189450 0.956531 -0.221715 -0.000000 0.000000 0.000000 0.000000 1.000000
0.970767 0.148575 -0.188510 0.017900 -0.147374 -0.250947 -0.956716 3.500200 -0.189450 0.956531 -0.221715 0.000000 0.000000 0.000000 0.000000 1.000000
0.970767 0.148575 -0.188510 0.017900 -0.147374 -0.250947 -0.956716 3.500200 -0.189450 0.956531 -0.221715 0.000000 0.000000 0.000000 0.000000 1.000000
0.970767 0.148575 -0.188510 0.017900 -0.147375 -0.250947 -0.956716 3.500200 -0.189450 0.956531 -0.221715 -0.000000 0.000000 0.000000 0.000000 1.000000
0.970768 0.148575 -0.188510 0.017900 -0.147374 -0.250947 -0.956717 3.500200 -0.189450 0.956531 -0.221715 0.000000 0.000000 0.000000 0.000000 1.000000
0.970767 0.148575 -0.188510 0.017900 -0.147375 -0.250947 -0.956717 3.500200 -0.189450 0.956531 -0.221715 0.000000 0.000000 0.000000 0.000000 1.000000
0.970767 0.148575 -0.188510 0.017900 -0.147374 -0.250947 -0.956716 3.500200 -0.189450 0.956531 -0.221715 0.000000 0.000000 0.000000 0.000000 1.000000
0.970767 0.148575 -0.188510 0.017900 -0.147374 -0.250947 -0.956716 3.500200 -0.189450 0.956531 -0.221715 -0.000000 0.000000 0.000000 0.000000 1.000000
0.970767 0.148575 -0.188510 0.017900 -0.147374 -0.250947 -0.956716 3.500200 -0.189450 0.956531 -0.221715 0.000000 0.000000 0.000000 0.000000 1.000000
0.970767 0.148575 -0.188510 0.017900 -0.147375 -0.250947 -0.956717 3.500200 -0.189450 0.956531 -0.221715 0.000000 0.000000 0.000000 0.000000 1.000000
0.970767 0.148575 -0.188510 0.017900 -0.147375 -0.250947 -0.956716 3.500200 -0.189450 0.956531 -0.221715 -0.000000 0.000000 0.000000 0.000000 1.000000
0.970767 0.148575 -0.188510 0.017900 -0.147374 -0.250947 -0.956716 3.500200 -0.189450 0.956531 -0.221715 0.000000 0.000000 0.000000 0.000000 1.000000
0.970767 0.148575 -0.188510 0.017900 -0.147375 -0.250947 -0.956716 3.500200 -0.189450 0.956531 -0.221715 0.000000 0.000000 0.000000 0.000000 1.000000
0.970767 0.148575 -0.188510 0.017900 -0.147374 -0.250947 -0.956716 3.500200 -0.189450 0.956531 -0.221715 -0.000000 0.000000 0.000000 0.000000 1.000000
0.970767 0.148575 -0.188510 0.017900 -0.147374 -0.250947 -0.956716 3.500200 -0.189450 0.956531 -0.221715 0.000000 0.000000 0.000000 0.000000 1.000000
0.970767 0.148575 -0.188510 0.017900 -0.147375 -0.250946 -0.956717 3.500200 -0.189450 0.956531 -0.221715 -0.000000 0.000000 0.000000 0.000000 1.000000
0.970768 0.148575 -0.188510 0.017900 -0.147374 -0.250947 -0.956717 3.500200 -0.189450 0.956531 -0.221715 -0.000000 0.000000 0.000000 0.000000 1.000000
0.970767 0.148575 -0.188510 0.017900 -0.147374 -0.250947 -0.956716 3.500200 -0.189450 0.956531 -0.221716 0.000000 0.000000 0.000000 0.000000 1.000000
0.970767 0.148575 -0.188510 0.017900 -0.147374 -0.250947 -0.956716 3.500200 -0.189450 0.956531 -0.221715 -0.000000 0.000000 0.000000 0.000000 1.000000
0.970767 0.148575 -0.188510 0.017900 -0.147375 -0.250947 -0.956717 3.500200 -0.189450 0.956531 -0.221715 -0.000000 0.000000 0.000000 0.000000 1.000000
0.970767 0.148575 -0.188510 0.017900 -0.147375 -0.250947 -0.956716 3.500200 -0.189450 0.956531 -0.221715 0.000000 0.000000 0.000000 0.000000 1.000000
0.970768 0.148575 -0.188510 0.017900 -0.147374 -0.250947 -0.956716 3.500200 -0.189450 0.956531 -0.221715 0.000000 0.000000 0.000000 0.000000 1.000000
0.970768 0.148574 -0.188510 0.017900 -0.147374 -0.250947 -0.956717 3.500200 -0.189450 0.956531 -0.221715 -0.000000 0.000000 0.000000 0.000000 1.000000
0.970767 0.148575 -0.188510 0.017900 -0.147375 -0.250947 -0.956716 3.500200 -0.189450 0.956531 -0.221715 0.000000 0.000000 0.000000 0.000000 1.000000
0.970767 0.148575 -0.188510 0.017900 -0.147375 -0.250947 -0.956716 3.500200 -0.189450 0.956531 -0.221715 0.000000 0.000000 0.000000 0.000000 1.000000
0.970767 0.148575 -0.188510 0.017900 -0.147375 -0.250947 -0.956716 3.500200 -0.189450 0.956531 -0.221715 -0.000000 0.000000 0.000000 0.000000 1.000000
0.970767 0.148575 -0.188510 0.017900 -0.147375 -0.250947 -0.956716 3.500200 -0.189450 0.956531 -0.221715 0.000000 0.000000 0.000000 0.000000 1.000000
0.970767 0.148575 -0.188510 0.017900 -0.147374 -0.250947 -0.956716 3.500200 -0.189450 0.956531 -0.221715 0.000000 0.000000 0.000000 0.000000 1.000000
0.970768 0.148575 -0.188510 0.017900 -0.147374 -0.250947 -0.956717 3.500200 -0.189450 0.956531 -0.221715 0.000000 0.000000 0.000000 0.000000 1.000000
0.970768 0.148575 -0.188510 0.017900 -0.147374 -0.250947 -0.956717 3.500200 -0.189450 0.956531 -0.221715 0.000000 0.000000 0.000000 0.000000 1.000000
0.970767 0.148575 -0.188510 0.017900 -0.147374 -0.250947 -0.956716 3.500200 -0.189450 0.956531 -0.221715 0.000000 0.000000 0.000000 0.000000 1.000000
0.970767 0.148575 -0.188510 0.017900 -0.147375 -0.250947 -0.956717 3.500200 -0.189450 0.956531 -0.221715 0.000000 0.000000 0.000000 0.000000 1.000000
0.970767 0.148575 -0.188510 0.017900 -0.147375 -0.250946 -0.956717 3.500200 -0.189450 0.956531 -0.221714 0.000000 0.000000 0.000000 0.000000 1.000000
0.970767 0.148575 -0.188510 0.017900 -0.147375 -0.250947 -0.956716 3.500200 -0.189450 0.956531 -0.221715 -0.000000 0.000000 0.000000 0.000000 1.000000
0.970767 0.148575 -0.188510 0.017900 -0.147375 -0.250947 -0.956716 3.500200 -0.189450 0.956531 -0.221715 0.000000 0.000000 0.000000 0.000000 1.000000
0.970768 0.148574 -0.188510 0.017900 -0.147374 -0.250947 -0.956716 3.500200 -0.189450 0.956531 -0.221715 0.000000 0.000000 0.000000 0.000000 1.000000
0.970767 0.148575 -0.188510 0.017900 -0.147374 -0.250947 -0.956717 3.500200 -0.189450 0.956531 -0.221715 0.000000 0.000000 0.000000 0.000000 1.000000
0.970767 0.148575 -0.188510 0.017900 -0.147374 -0.250947 -0.956716 3.500200 -0.189450 0.956531 -0.221715 -0.000000 0.000000 0.000000 0.000000 1.000000
0.970768 0.148575 -0.188510 0.017900 -0.147374 -0.250947 -0.956717 3.500200 -0.189450 0.956531 -0.221715 0.000000 0.000000 0.000000 0.000000 1.000000
0.970768 0.148575 -0.188510 0.017900 -0.147374 -0.250947 -0.956716 3.500200 -0.189450 0.956531 -0.221715 0.000000 0.000000 0.000000 0.000000 1.000000</float_array>
        <technique_common>
          <accessor source="#mixamorig_LeftHandMiddle2-Matrix-animation-output-transform-array" count="40" stride="16">
            <param type="float4x4"/>
          </accessor>
        </technique_common>
      </source>
      <source id="mixamorig_LeftHandMiddle2-Interpolations">
        <Name_array id="mixamorig_LeftHandMiddle2-Interpolations-array" count="40">
 LINEAR LINEAR LINEAR LINEAR LINEAR LINEAR LINEAR LINEAR LINEAR LINEAR LINEAR
LINEAR LINEAR LINEAR LINEAR LINEAR LINEAR LINEAR LINEAR LINEAR LINEAR LINEAR LINEAR
LINEAR LINEAR LINEAR LINEAR LINEAR LINEAR LINEAR LINEAR LINEAR LINEAR LINEAR LINEAR
LINEAR LINEAR LINEAR LINEAR LINEAR</Name_array>
        <technique_common>
          <accessor source="#mixamorig_LeftHandMiddle2-Interpolations-array" count="40">
            <param type="name"/>
          </accessor>
        </technique_common>
      </source>
      <sampler id="mixamorig_LeftHandMiddle2-Matrix-animation-transform">
        <input semantic="INPUT" source="#mixamorig_LeftHandMiddle2-Matrix-animation-input"/>
        <input semantic="OUTPUT" source="#mixamorig_LeftHandMiddle2-Matrix-animation-output-transform"/>
        <input semantic="INTERPOLATION" source="#mixamorig_LeftHandMiddle2-Interpolations"/>
      </sampler>
      <channel source="#mixamorig_LeftHandMiddle2-Matrix-animation-transform" target="mixamorig_LeftHandMiddle2/matrix"/>
    </animation>
    <animation id="mixamorig_LeftHandMiddle3-anim" name="mixamorig_LeftHandMiddle3">
      <source id="mixamorig_LeftHandMiddle3-Matrix-animation-input">
        <float_array id="mixamorig_LeftHandMiddle3-Matrix-animation-input-array" count="40">

0.000000 0.033333 0.066667 0.100000 0.133333 0.166667 0.200000 0.233333 0.266667 0.300000 0.333333 0.366667 0.400000 0.433333 0.466667 0.500000
0.533333 0.566667 0.600000 0.633333 0.666667 0.700000 0.733333 0.766667 0.800000 0.833333 0.866667 0.900000 0.933333 0.966667 1.000000 1.033333
1.066667 1.100000 1.133333 1.166667 1.200000 1.233333 1.266667 1.300000</float_array>
        <technique_common>
          <accessor source="#mixamorig_LeftHandMiddle3-Matrix-animation-input-array" count="40">
            <param name="TIME" type="float"/>
          </accessor>
        </technique_common>
      </source>
      <source id="mixamorig_LeftHandMiddle3-Matrix-animation-output-transform">
        <float_array id="mixamorig_LeftHandMiddle3-Matrix-animation-output-transform-array" count="640">

0.992253 0.112912 -0.051815 -0.020200 -0.110648 0.613568 -0.781851 3.275100 -0.056489 0.781527 0.621308 0.000000 0.000000 0.000000 0.000000 1.000000
0.992253 0.112912 -0.051815 -0.020200 -0.110648 0.613568 -0.781851 3.275100 -0.056489 0.781527 0.621308 -0.000000 0.000000 0.000000 0.000000 1.000000
0.992253 0.112912 -0.051815 -0.020200 -0.110648 0.613568 -0.781851 3.275100 -0.056489 0.781527 0.621308 -0.000000 0.000000 0.000000 0.000000 1.000000
0.992253 0.112912 -0.051815 -0.020200 -0.110648 0.613568 -0.781851 3.275100 -0.056489 0.781527 0.621308 0.000000 0.000000 0.000000 0.000000 1.000000
0.992253 0.112912 -0.051815 -0.020200 -0.110648 0.613568 -0.781851 3.275100 -0.056489 0.781527 0.621308 -0.000000 0.000000 0.000000 0.000000 1.000000
0.992253 0.112912 -0.051815 -0.020200 -0.110648 0.613568 -0.781851 3.275100 -0.056489 0.781528 0.621308 0.000000 0.000000 0.000000 0.000000 1.000000
0.992253 0.112912 -0.051815 -0.020200 -0.110648 0.613568 -0.781851 3.275100 -0.056489 0.781527 0.621308 0.000000 0.000000 0.000000 0.000000 1.000000
0.992253 0.112912 -0.051815 -0.020200 -0.110648 0.613568 -0.781851 3.275100 -0.056489 0.781527 0.621308 -0.000000 0.000000 0.000000 0.000000 1.000000
0.992253 0.112912 -0.051815 -0.020200 -0.110648 0.613568 -0.781851 3.275100 -0.056489 0.781527 0.621308 0.000000 0.000000 0.000000 0.000000 1.000000
0.992253 0.112912 -0.051815 -0.020200 -0.110648 0.613568 -0.781851 3.275100 -0.056489 0.781527 0.621308 0.000000 0.000000 0.000000 0.000000 1.000000
0.992253 0.112912 -0.051815 -0.020200 -0.110648 0.613568 -0.781851 3.275100 -0.056489 0.781527 0.621308 0.000000 0.000000 0.000000 0.000000 1.000000
0.992253 0.112912 -0.051815 -0.020200 -0.110648 0.613568 -0.781851 3.275100 -0.056488 0.781527 0.621308 0.000000 0.000000 0.000000 0.000000 1.000000
0.992253 0.112912 -0.051815 -0.020200 -0.110648 0.613568 -0.781851 3.275100 -0.056489 0.781527 0.621308 0.000000 0.000000 0.000000 0.000000 1.000000
0.992253 0.112912 -0.051815 -0.020200 -0.110648 0.613568 -0.781851 3.275100 -0.056488 0.781527 0.621308 0.000000 0.000000 0.000000 0.000000 1.000000
0.992253 0.112912 -0.051815 -0.020200 -0.110648 0.613568 -0.781851 3.275100 -0.056489 0.781527 0.621308 -0.000000 0.000000 0.000000 0.000000 1.000000
0.992253 0.112912 -0.051815 -0.020200 -0.110648 0.613568 -0.781851 3.275100 -0.056488 0.781528 0.621308 0.000000 0.000000 0.000000 0.000000 1.000000
0.992253 0.112912 -0.051815 -0.020200 -0.110648 0.613568 -0.781851 3.275100 -0.056489 0.781528 0.621308 0.000000 0.000000 0.000000 0.000000 1.000000
0.992253 0.112912 -0.051815 -0.020200 -0.110648 0.613568 -0.781851 3.275100 -0.056489 0.781527 0.621309 0.000000 0.000000 0.000000 0.000000 1.000000
0.992253 0.112912 -0.051815 -0.020200 -0.110648 0.613568 -0.781851 3.275100 -0.056489 0.781527 0.621309 0.000000 0.000000 0.000000 0.000000 1.000000
0.992253 0.112912 -0.051815 -0.020200 -0.110648 0.613568 -0.781851 3.275100 -0.056488 0.781527 0.621308 0.000000 0.000000 0.000000 0.000000 1.000000
0.992253 0.112912 -0.051815 -0.020200 -0.110648 0.613568 -0.781851 3.275100 -0.056489 0.781527 0.621308 0.000000 0.000000 0.000000 0.000000 1.000000
0.992253 0.112912 -0.051815 -0.020200 -0.110648 0.613568 -0.781851 3.275100 -0.056489 0.781528 0.621308 0.000000 0.000000 0.000000 0.000000 1.000000
0.992253 0.112912 -0.051815 -0.020200 -0.110648 0.613568 -0.781851 3.275100 -0.056489 0.781527 0.621308 0.000000 0.000000 0.000000 0.000000 1.000000
0.992253 0.112912 -0.051815 -0.020200 -0.110648 0.613568 -0.781851 3.275100 -0.056489 0.781527 0.621308 0.000000 0.000000 0.000000 0.000000 1.000000
0.992253 0.112912 -0.051815 -0.020200 -0.110648 0.613568 -0.781851 3.275100 -0.056489 0.781527 0.621308 -0.000000 0.000000 0.000000 0.000000 1.000000
0.992253 0.112912 -0.051815 -0.020200 -0.110648 0.613568 -0.781851 3.275100 -0.056488 0.781527 0.621308 -0.000000 0.000000 0.000000 0.000000 1.000000
0.992253 0.112912 -0.051815 -0.020200 -0.110648 0.613568 -0.781851 3.275100 -0.056489 0.781527 0.621308 0.000000 0.000000 0.000000 0.000000 1.000000
0.992253 0.112913 -0.051815 -0.020200 -0.110648 0.613568 -0.781851 3.275100 -0.056489 0.781527 0.621308 -0.000000 0.000000 0.000000 0.000000 1.000000
0.992253 0.112912 -0.051815 -0.020200 -0.110648 0.613568 -0.781851 3.275100 -0.056489 0.781527 0.621308 0.000000 0.000000 0.000000 0.000000 1.000000
0.992253 0.112912 -0.051815 -0.020200 -0.110648 0.613568 -0.781851 3.275100 -0.056488 0.781527 0.621308 0.000000 0.000000 0.000000 0.000000 1.000000
0.992253 0.112912 -0.051815 -0.020200 -0.110648 0.613568 -0.781851 3.275100 -0.056488 0.781527 0.621308 0.000000 0.000000 0.000000 0.000000 1.000000
0.992253 0.112912 -0.051815 -0.020200 -0.110648 0.613568 -0.781851 3.275100 -0.056489 0.781527 0.621308 0.000000 0.000000 0.000000 0.000000 1.000000
0.992253 0.112912 -0.051815 -0.020200 -0.110648 0.613568 -0.781851 3.275100 -0.056489 0.781527 0.621308 -0.000000 0.000000 0.000000 0.000000 1.000000
0.992253 0.112912 -0.051815 -0.020200 -0.110648 0.613568 -0.781851 3.275100 -0.056489 0.781527 0.621308 -0.000000 0.000000 0.000000 0.000000 1.000000
0.992253 0.112912 -0.051815 -0.020200 -0.110648 0.613568 -0.781851 3.275100 -0.056489 0.781527 0.621308 0.000000 0.000000 0.000000 0.000000 1.000000
0.992253 0.112912 -0.051815 -0.020200 -0.110648 0.613568 -0.781851 3.275100 -0.056489 0.781527 0.621308 0.000000 0.000000 0.000000 0.000000 1.000000
0.992253 0.112912 -0.051815 -0.020200 -0.110648 0.613568 -0.781851 3.275100 -0.056488 0.781527 0.621308 0.000000 0.000000 0.000000 0.000000 1.000000
0.992253 0.112912 -0.051815 -0.020200 -0.110648 0.613568 -0.781851 3.275100 -0.056489 0.781528 0.621308 -0.000000 0.000000 0.000000 0.000000 1.000000
0.992253 0.112912 -0.051815 -0.020200 -0.110648 0.613568 -0.781851 3.275100 -0.056489 0.781527 0.621308 -0.000000 0.000000 0.000000 0.000000 1.000000
0.992253 0.112912 -0.051815 -0.020200 -0.110648 0.613568 -0.781851 3.275100 -0.056488 0.781527 0.621309 0.000000 0.000000 0.000000 0.000000 1.000000</float_array>
        <technique_common>
          <accessor source="#mixamorig_LeftHandMiddle3-Matrix-animation-output-transform-array" count="40" stride="16">
            <param type="float4x4"/>
          </accessor>
        </technique_common>
      </source>
      <source id="mixamorig_LeftHandMiddle3-Interpolations">
        <Name_array id="mixamorig_LeftHandMiddle3-Interpolations-array" count="40">
 LINEAR LINEAR LINEAR LINEAR LINEAR LINEAR LINEAR LINEAR LINEAR LINEAR LINEAR
LINEAR LINEAR LINEAR LINEAR LINEAR LINEAR LINEAR LINEAR LINEAR LINEAR LINEAR LINEAR
LINEAR LINEAR LINEAR LINEAR LINEAR LINEAR LINEAR LINEAR LINEAR LINEAR LINEAR LINEAR
LINEAR LINEAR LINEAR LINEAR LINEAR</Name_array>
        <technique_common>
          <accessor source="#mixamorig_LeftHandMiddle3-Interpolations-array" count="40">
            <param type="name"/>
          </accessor>
        </technique_common>
      </source>
      <sampler id="mixamorig_LeftHandMiddle3-Matrix-animation-transform">
        <input semantic="INPUT" source="#mixamorig_LeftHandMiddle3-Matrix-animation-input"/>
        <input semantic="OUTPUT" source="#mixamorig_LeftHandMiddle3-Matrix-animation-output-transform"/>
        <input semantic="INTERPOLATION" source="#mixamorig_LeftHandMiddle3-Interpolations"/>
      </sampler>
      <channel source="#mixamorig_LeftHandMiddle3-Matrix-animation-transform" target="mixamorig_LeftHandMiddle3/matrix"/>
    </animation>
    <animation id="mixamorig_LeftHandRing1-anim" name="mixamorig_LeftHandRing1">
      <source id="mixamorig_LeftHandRing1-Matrix-animation-input">
        <float_array id="mixamorig_LeftHandRing1-Matrix-animation-input-array" count="40">

0.000000 0.033333 0.066667 0.100000 0.133333 0.166667 0.200000 0.233333 0.266667 0.300000 0.333333 0.366667 0.400000 0.433333 0.466667 0.500000
0.533333 0.566667 0.600000 0.633333 0.666667 0.700000 0.733333 0.766667 0.800000 0.833333 0.866667 0.900000 0.933333 0.966667 1.000000 1.033333
1.066667 1.100000 1.133333 1.166667 1.200000 1.233333 1.266667 1.300000</float_array>
        <technique_common>
          <accessor source="#mixamorig_LeftHandRing1-Matrix-animation-input-array" count="40">
            <param name="TIME" type="float"/>
          </accessor>
        </technique_common>
      </source>
      <source id="mixamorig_LeftHandRing1-Matrix-animation-output-transform">
        <float_array id="mixamorig_LeftHandRing1-Matrix-animation-output-transform-array" count="640">

0.984941 0.156924 -0.072573 1.253300 -0.066296 -0.044875 -0.996790 10.740000 -0.159677 0.986591 -0.033796 -0.254800 0.000000 0.000000 0.000000 1.000000
0.984941 0.156925 -0.072573 1.253300 -0.066296 -0.044875 -0.996790 10.740000 -0.159678 0.986591 -0.033796 -0.254800 0.000000 0.000000 0.000000 1.000000
0.984941 0.156924 -0.072573 1.253300 -0.066297 -0.044875 -0.996790 10.740000 -0.159677 0.986591 -0.033796 -0.254800 0.000000 0.000000 0.000000 1.000000
0.984941 0.156924 -0.072573 1.253300 -0.066296 -0.044875 -0.996790 10.740000 -0.159678 0.986591 -0.033796 -0.254800 0.000000 0.000000 0.000000 1.000000
0.984941 0.156924 -0.072573 1.253300 -0.066296 -0.044875 -0.996790 10.740000 -0.159677 0.986591 -0.033796 -0.254800 0.000000 0.000000 0.000000 1.000000
0.984941 0.156924 -0.072573 1.253300 -0.066296 -0.044876 -0.996790 10.740000 -0.159677 0.986591 -0.033796 -0.254800 0.000000 0.000000 0.000000 1.000000
0.984941 0.156924 -0.072573 1.253300 -0.066296 -0.044875 -0.996790 10.740000 -0.159677 0.986591 -0.033796 -0.254800 0.000000 0.000000 0.000000 1.000000
0.984941 0.156925 -0.072573 1.253300 -0.066296 -0.044875 -0.996790 10.740000 -0.159678 0.986591 -0.033796 -0.254800 0.000000 0.000000 0.000000 1.000000
0.984940 0.156925 -0.072573 1.253300 -0.066296 -0.044875 -0.996790 10.740000 -0.159678 0.986591 -0.033796 -0.254800 0.000000 0.000000 0.000000 1.000000
0.984941 0.156924 -0.072573 1.253300 -0.066296 -0.044875 -0.996790 10.740000 -0.159677 0.986591 -0.033796 -0.254800 0.000000 0.000000 0.000000 1.000000
0.984941 0.156924 -0.072573 1.253300 -0.066296 -0.044875 -0.996790 10.740000 -0.159677 0.986591 -0.033796 -0.254800 0.000000 0.000000 0.000000 1.000000
0.984941 0.156924 -0.072573 1.253300 -0.066297 -0.044875 -0.996790 10.740000 -0.159677 0.986591 -0.033796 -0.254800 0.000000 0.000000 0.000000 1.000000
0.984941 0.156924 -0.072573 1.253300 -0.066296 -0.044876 -0.996790 10.740000 -0.159677 0.986591 -0.033796 -0.254800 0.000000 0.000000 0.000000 1.000000
0.984941 0.156924 -0.072573 1.253300 -0.066296 -0.044875 -0.996790 10.740000 -0.159677 0.986591 -0.033796 -0.254800 0.000000 0.000000 0.000000 1.000000
0.984941 0.156924 -0.072573 1.253300 -0.066296 -0.044876 -0.996790 10.740000 -0.159678 0.986591 -0.033796 -0.254800 0.000000 0.000000 0.000000 1.000000
0.984941 0.156924 -0.072573 1.253300 -0.066297 -0.044875 -0.996790 10.740000 -0.159678 0.986591 -0.033796 -0.254800 0.000000 0.000000 0.000000 1.000000
0.984941 0.156924 -0.072573 1.253300 -0.066296 -0.044875 -0.996790 10.740000 -0.159678 0.986591 -0.033796 -0.254800 0.000000 0.000000 0.000000 1.000000
0.984941 0.156924 -0.072573 1.253300 -0.066296 -0.044875 -0.996790 10.740000 -0.159677 0.986591 -0.033796 -0.254800 0.000000 0.000000 0.000000 1.000000
0.984941 0.156924 -0.072573 1.253300 -0.066296 -0.044875 -0.996790 10.740000 -0.159677 0.986591 -0.033796 -0.254800 0.000000 0.000000 0.000000 1.000000
0.984941 0.156924 -0.072573 1.253300 -0.066296 -0.044875 -0.996790 10.740000 -0.159677 0.986591 -0.033796 -0.254800 0.000000 0.000000 0.000000 1.000000
0.984941 0.156925 -0.072573 1.253300 -0.066296 -0.044875 -0.996790 10.740000 -0.159678 0.986591 -0.033796 -0.254800 0.000000 0.000000 0.000000 1.000000
0.984941 0.156924 -0.072573 1.253300 -0.066296 -0.044876 -0.996790 10.740000 -0.159677 0.986591 -0.033796 -0.254800 0.000000 0.000000 0.000000 1.000000
0.984941 0.156924 -0.072573 1.253300 -0.066296 -0.044875 -0.996790 10.740000 -0.159677 0.986591 -0.033796 -0.254800 0.000000 0.000000 0.000000 1.000000
0.984941 0.156924 -0.072573 1.253300 -0.066296 -0.044875 -0.996790 10.740000 -0.159677 0.986591 -0.033796 -0.254800 0.000000 0.000000 0.000000 1.000000
0.984941 0.156924 -0.072573 1.253300 -0.066296 -0.044875 -0.996790 10.740000 -0.159677 0.986591 -0.033795 -0.254800 0.000000 0.000000 0.000000 1.000000
0.984941 0.156924 -0.072573 1.253300 -0.066296 -0.044875 -0.996790 10.740000 -0.159677 0.986591 -0.033796 -0.254800 0.000000 0.000000 0.000000 1.000000
0.984941 0.156924 -0.072573 1.253300 -0.066297 -0.044875 -0.996790 10.740000 -0.159677 0.986591 -0.033796 -0.254800 0.000000 0.000000 0.000000 1.000000
0.984941 0.156925 -0.072573 1.253300 -0.066296 -0.044875 -0.996790 10.740000 -0.159678 0.986591 -0.033796 -0.254800 0.000000 0.000000 0.000000 1.000000
0.984941 0.156924 -0.072573 1.253300 -0.066296 -0.044875 -0.996790 10.740000 -0.159677 0.986591 -0.033796 -0.254800 0.000000 0.000000 0.000000 1.000000
0.984941 0.156924 -0.072573 1.253300 -0.066296 -0.044875 -0.996790 10.740000 -0.159677 0.986591 -0.033796 -0.254800 0.000000 0.000000 0.000000 1.000000
0.984941 0.156924 -0.072573 1.253300 -0.066296 -0.044875 -0.996790 10.740000 -0.159677 0.986591 -0.033796 -0.254800 0.000000 0.000000 0.000000 1.000000
0.984941 0.156924 -0.072573 1.253300 -0.066296 -0.044876 -0.996790 10.740000 -0.159678 0.986591 -0.033796 -0.254800 0.000000 0.000000 0.000000 1.000000
0.984941 0.156925 -0.072573 1.253300 -0.066296 -0.044875 -0.996790 10.740000 -0.159678 0.986591 -0.033796 -0.254800 0.000000 0.000000 0.000000 1.000000
0.984941 0.156924 -0.072573 1.253300 -0.066296 -0.044875 -0.996790 10.740000 -0.159677 0.986591 -0.033796 -0.254800 0.000000 0.000000 0.000000 1.000000
0.984941 0.156924 -0.072573 1.253300 -0.066297 -0.044875 -0.996790 10.740000 -0.159677 0.986591 -0.033796 -0.254800 0.000000 0.000000 0.000000 1.000000
0.984941 0.156924 -0.072573 1.253300 -0.066296 -0.044875 -0.996790 10.740000 -0.159677 0.986591 -0.033796 -0.254800 0.000000 0.000000 0.000000 1.000000
0.984941 0.156924 -0.072573 1.253300 -0.066297 -0.044876 -0.996790 10.740000 -0.159678 0.986591 -0.033796 -0.254800 0.000000 0.000000 0.000000 1.000000
0.984941 0.156924 -0.072573 1.253300 -0.066296 -0.044875 -0.996790 10.740000 -0.159677 0.986591 -0.033796 -0.254800 0.000000 0.000000 0.000000 1.000000
0.984941 0.156924 -0.072573 1.253300 -0.066296 -0.044875 -0.996790 10.740000 -0.159677 0.986591 -0.033796 -0.254800 0.000000 0.000000 0.000000 1.000000
0.984941 0.156924 -0.072573 1.253300 -0.066296 -0.044875 -0.996790 10.740000 -0.159678 0.986591 -0.033796 -0.254800 0.000000 0.000000 0.000000 1.000000</float_array>
        <technique_common>
          <accessor source="#mixamorig_LeftHandRing1-Matrix-animation-output-transform-array" count="40" stride="16">
            <param type="float4x4"/>
          </accessor>
        </technique_common>
      </source>
      <source id="mixamorig_LeftHandRing1-Interpolations">
        <Name_array id="mixamorig_LeftHandRing1-Interpolations-array" count="40">
 LINEAR LINEAR LINEAR LINEAR LINEAR LINEAR LINEAR LINEAR LINEAR LINEAR LINEAR
LINEAR LINEAR LINEAR LINEAR LINEAR LINEAR LINEAR LINEAR LINEAR LINEAR LINEAR LINEAR
LINEAR LINEAR LINEAR LINEAR LINEAR LINEAR LINEAR LINEAR LINEAR LINEAR LINEAR LINEAR
LINEAR LINEAR LINEAR LINEAR LINEAR</Name_array>
        <technique_common>
          <accessor source="#mixamorig_LeftHandRing1-Interpolations-array" count="40">
            <param type="name"/>
          </accessor>
        </technique_common>
      </source>
      <sampler id="mixamorig_LeftHandRing1-Matrix-animation-transform">
        <input semantic="INPUT" source="#mixamorig_LeftHandRing1-Matrix-animation-input"/>
        <input semantic="OUTPUT" source="#mixamorig_LeftHandRing1-Matrix-animation-output-transform"/>
        <input semantic="INTERPOLATION" source="#mixamorig_LeftHandRing1-Interpolations"/>
      </sampler>
      <channel source="#mixamorig_LeftHandRing1-Matrix-animation-transform" target="mixamorig_LeftHandRing1/matrix"/>
    </animation>
    <animation id="mixamorig_LeftHandRing2-anim" name="mixamorig_LeftHandRing2">
      <source id="mixamorig_LeftHandRing2-Matrix-animation-input">
        <float_array id="mixamorig_LeftHandRing2-Matrix-animation-input-array" count="40">

0.000000 0.033333 0.066667 0.100000 0.133333 0.166667 0.200000 0.233333 0.266667 0.300000 0.333333 0.366667 0.400000 0.433333 0.466667 0.500000
0.533333 0.566667 0.600000 0.633333 0.666667 0.700000 0.733333 0.766667 0.800000 0.833333 0.866667 0.900000 0.933333 0.966667 1.000000 1.033333
1.066667 1.100000 1.133333 1.166667 1.200000 1.233333 1.266667 1.300000</float_array>
        <technique_common>
          <accessor source="#mixamorig_LeftHandRing2-Matrix-animation-input-array" count="40">
            <param name="TIME" type="float"/>
          </accessor>
        </technique_common>
      </source>
      <source id="mixamorig_LeftHandRing2-Matrix-animation-output-transform">
        <float_array id="mixamorig_LeftHandRing2-Matrix-animation-output-transform-array" count="640">

0.967191 0.162388 -0.195376 -0.010300 -0.151363 -0.249306 -0.956523 2.843300 -0.204036 0.954713 -0.216547 0.000000 0.000000 0.000000 0.000000 1.000000
0.967191 0.162388 -0.195376 -0.010300 -0.151363 -0.249307 -0.956523 2.843300 -0.204036 0.954713 -0.216548 0.000000 0.000000 0.000000 0.000000 1.000000
0.967191 0.162388 -0.195376 -0.010300 -0.151363 -0.249307 -0.956522 2.843300 -0.204037 0.954713 -0.216548 0.000000 0.000000 0.000000 0.000000 1.000000
0.967191 0.162388 -0.195376 -0.010300 -0.151363 -0.249307 -0.956522 2.843300 -0.204037 0.954713 -0.216548 0.000000 0.000000 0.000000 0.000000 1.000000
0.967191 0.162388 -0.195376 -0.010300 -0.151363 -0.249307 -0.956523 2.843300 -0.204036 0.954713 -0.216548 0.000000 0.000000 0.000000 0.000000 1.000000
0.967191 0.162388 -0.195376 -0.010300 -0.151363 -0.249306 -0.956523 2.843300 -0.204036 0.954713 -0.216547 0.000000 0.000000 0.000000 0.000000 1.000000
0.967191 0.162388 -0.195376 -0.010300 -0.151363 -0.249307 -0.956522 2.843300 -0.204037 0.954713 -0.216548 -0.000000 0.000000 0.000000 0.000000 1.000000
0.967191 0.162388 -0.195376 -0.010300 -0.151363 -0.249307 -0.956523 2.843300 -0.204037 0.954713 -0.216548 0.000000 0.000000 0.000000 0.000000 1.000000
0.967191 0.162388 -0.195376 -0.010300 -0.151363 -0.249307 -0.956523 2.843300 -0.204036 0.954713 -0.216548 0.000000 0.000000 0.000000 0.000000 1.000000
0.967191 0.162388 -0.195376 -0.010300 -0.151363 -0.249307 -0.956523 2.843300 -0.204036 0.954713 -0.216548 0.000000 0.000000 0.000000 0.000000 1.000000
0.967191 0.162388 -0.195376 -0.010300 -0.151363 -0.249307 -0.956523 2.843300 -0.204036 0.954713 -0.216548 -0.000000 0.000000 0.000000 0.000000 1.000000
0.967191 0.162388 -0.195376 -0.010300 -0.151363 -0.249307 -0.956522 2.843300 -0.204036 0.954713 -0.216548 0.000000 0.000000 0.000000 0.000000 1.000000
0.967191 0.162388 -0.195376 -0.010300 -0.151363 -0.249306 -0.956523 2.843300 -0.204036 0.954713 -0.216547 -0.000000 0.000000 0.000000 0.000000 1.000000
0.967191 0.162388 -0.195376 -0.010300 -0.151363 -0.249307 -0.956522 2.843300 -0.204036 0.954713 -0.216548 0.000000 0.000000 0.000000 0.000000 1.000000
0.967191 0.162388 -0.195376 -0.010300 -0.151363 -0.249307 -0.956522 2.843300 -0.204037 0.954713 -0.216548 0.000000 0.000000 0.000000 0.000000 1.000000
0.967191 0.162388 -0.195376 -0.010300 -0.151363 -0.249307 -0.956523 2.843300 -0.204037 0.954713 -0.216548 0.000000 0.000000 0.000000 0.000000 1.000000
0.967191 0.162388 -0.195376 -0.010300 -0.151363 -0.249307 -0.956523 2.843300 -0.204036 0.954713 -0.216548 0.000000 0.000000 0.000000 0.000000 1.000000
0.967191 0.162388 -0.195376 -0.010300 -0.151363 -0.249307 -0.956523 2.843300 -0.204036 0.954713 -0.216548 -0.000000 0.000000 0.000000 0.000000 1.000000
0.967191 0.162388 -0.195376 -0.010300 -0.151363 -0.249307 -0.956522 2.843300 -0.204037 0.954713 -0.216548 0.000000 0.000000 0.000000 0.000000 1.000000
0.967191 0.162388 -0.195376 -0.010300 -0.151363 -0.249307 -0.956523 2.843300 -0.204036 0.954713 -0.216548 0.000000 0.000000 0.000000 0.000000 1.000000
0.967191 0.162388 -0.195376 -0.010300 -0.151363 -0.249307 -0.956522 2.843300 -0.204036 0.954713 -0.216548 0.000000 0.000000 0.000000 0.000000 1.000000
0.967191 0.162388 -0.195376 -0.010300 -0.151363 -0.249307 -0.956522 2.843300 -0.204036 0.954713 -0.216548 0.000000 0.000000 0.000000 0.000000 1.000000
0.967191 0.162388 -0.195376 -0.010300 -0.151363 -0.249307 -0.956523 2.843300 -0.204036 0.954713 -0.216547 0.000000 0.000000 0.000000 0.000000 1.000000
0.967191 0.162388 -0.195376 -0.010300 -0.151363 -0.249307 -0.956522 2.843300 -0.204036 0.954713 -0.216548 0.000000 0.000000 0.000000 0.000000 1.000000
0.967191 0.162388 -0.195376 -0.010300 -0.151363 -0.249307 -0.956523 2.843300 -0.204036 0.954713 -0.216548 -0.000000 0.000000 0.000000 0.000000 1.000000
0.967191 0.162388 -0.195376 -0.010300 -0.151363 -0.249307 -0.956522 2.843300 -0.204037 0.954712 -0.216548 0.000000 0.000000 0.000000 0.000000 1.000000
0.967191 0.162388 -0.195376 -0.010300 -0.151363 -0.249307 -0.956522 2.843300 -0.204037 0.954712 -0.216548 0.000000 0.000000 0.000000 0.000000 1.000000
0.967191 0.162388 -0.195376 -0.010300 -0.151363 -0.249307 -0.956522 2.843300 -0.204036 0.954713 -0.216548 0.000000 0.000000 0.000000 0.000000 1.000000
0.967191 0.162388 -0.195376 -0.010300 -0.151363 -0.249307 -0.956522 2.843300 -0.204036 0.954713 -0.216548 0.000000 0.000000 0.000000 0.000000 1.000000
0.967191 0.162388 -0.195375 -0.010300 -0.151363 -0.249307 -0.956523 2.843300 -0.204036 0.954713 -0.216548 0.000000 0.000000 0.000000 0.000000 1.000000
0.967191 0.162388 -0.195376 -0.010300 -0.151363 -0.249307 -0.956522 2.843300 -0.204036 0.954713 -0.216548 0.000000 0.000000 0.000000 0.000000 1.000000
0.967191 0.162388 -0.195376 -0.010300 -0.151363 -0.249307 -0.956523 2.843300 -0.204036 0.954713 -0.216548 0.000000 0.000000 0.000000 0.000000 1.000000
0.967191 0.162388 -0.195376 -0.010300 -0.151363 -0.249306 -0.956523 2.843300 -0.204036 0.954713 -0.216547 0.000000 0.000000 0.000000 0.000000 1.000000
0.967191 0.162388 -0.195376 -0.010300 -0.151363 -0.249307 -0.956522 2.843300 -0.204037 0.954713 -0.216548 0.000000 0.000000 0.000000 0.000000 1.000000
0.967191 0.162388 -0.195376 -0.010300 -0.151363 -0.249307 -0.956522 2.843300 -0.204037 0.954713 -0.216548 -0.000000 0.000000 0.000000 0.000000 1.000000
0.967191 0.162388 -0.195376 -0.010300 -0.151363 -0.249307 -0.956523 2.843300 -0.204036 0.954713 -0.216548 0.000000 0.000000 0.000000 0.000000 1.000000
0.967191 0.162388 -0.195376 -0.010300 -0.151363 -0.249307 -0.956523 2.843300 -0.204037 0.954713 -0.216548 -0.000000 0.000000 0.000000 0.000000 1.000000
0.967191 0.162388 -0.195376 -0.010300 -0.151363 -0.249307 -0.956522 2.843300 -0.204037 0.954713 -0.216548 0.000000 0.000000 0.000000 0.000000 1.000000
0.967191 0.162388 -0.195376 -0.010300 -0.151363 -0.249307 -0.956523 2.843300 -0.204036 0.954713 -0.216548 0.000000 0.000000 0.000000 0.000000 1.000000
0.967191 0.162388 -0.195376 -0.010300 -0.151363 -0.249307 -0.956523 2.843300 -0.204036 0.954713 -0.216548 0.000000 0.000000 0.000000 0.000000 1.000000</float_array>
        <technique_common>
          <accessor source="#mixamorig_LeftHandRing2-Matrix-animation-output-transform-array" count="40" stride="16">
            <param type="float4x4"/>
          </accessor>
        </technique_common>
      </source>
      <source id="mixamorig_LeftHandRing2-Interpolations">
        <Name_array id="mixamorig_LeftHandRing2-Interpolations-array" count="40">
 LINEAR LINEAR LINEAR LINEAR LINEAR LINEAR LINEAR LINEAR LINEAR LINEAR LINEAR
LINEAR LINEAR LINEAR LINEAR LINEAR LINEAR LINEAR LINEAR LINEAR LINEAR LINEAR LINEAR
LINEAR LINEAR LINEAR LINEAR LINEAR LINEAR LINEAR LINEAR LINEAR LINEAR LINEAR LINEAR
LINEAR LINEAR LINEAR LINEAR LINEAR</Name_array>
        <technique_common>
          <accessor source="#mixamorig_LeftHandRing2-Interpolations-array" count="40">
            <param type="name"/>
          </accessor>
        </technique_common>
      </source>
      <sampler id="mixamorig_LeftHandRing2-Matrix-animation-transform">
        <input semantic="INPUT" source="#mixamorig_LeftHandRing2-Matrix-animation-input"/>
        <input semantic="OUTPUT" source="#mixamorig_LeftHandRing2-Matrix-animation-output-transform"/>
        <input semantic="INTERPOLATION" source="#mixamorig_LeftHandRing2-Interpolations"/>
      </sampler>
      <channel source="#mixamorig_LeftHandRing2-Matrix-animation-transform" target="mixamorig_LeftHandRing2/matrix"/>
    </animation>
    <animation id="mixamorig_LeftHandRing3-anim" name="mixamorig_LeftHandRing3">
      <source id="mixamorig_LeftHandRing3-Matrix-animation-input">
        <float_array id="mixamorig_LeftHandRing3-Matrix-animation-input-array" count="40">

0.000000 0.033333 0.066667 0.100000 0.133333 0.166667 0.200000 0.233333 0.266667 0.300000 0.333333 0.366667 0.400000 0.433333 0.466667 0.500000
0.533333 0.566667 0.600000 0.633333 0.666667 0.700000 0.733333 0.766667 0.800000 0.833333 0.866667 0.900000 0.933333 0.966667 1.000000 1.033333
1.066667 1.100000 1.133333 1.166667 1.200000 1.233333 1.266667 1.300000</float_array>
        <technique_common>
          <accessor source="#mixamorig_LeftHandRing3-Matrix-animation-input-array" count="40">
            <param name="TIME" type="float"/>
          </accessor>
        </technique_common>
      </source>
      <source id="mixamorig_LeftHandRing3-Matrix-animation-output-transform">
        <float_array id="mixamorig_LeftHandRing3-Matrix-animation-output-transform-array" count="640">

0.991887 0.113054 -0.058131 -0.015300 -0.115795 0.614795 -0.780140 2.751900 -0.052459 0.780542 0.622898 0.000000 0.000000 0.000000 0.000000 1.000000
0.991887 0.113054 -0.058131 -0.015300 -0.115795 0.614795 -0.780140 2.751900 -0.052459 0.780542 0.622899 -0.000000 0.000000 0.000000 0.000000 1.000000
0.991887 0.113054 -0.058131 -0.015300 -0.115795 0.614796 -0.780140 2.751900 -0.052459 0.780542 0.622899 -0.000000 0.000000 0.000000 0.000000 1.000000
0.991887 0.113054 -0.058131 -0.015300 -0.115795 0.614795 -0.780140 2.751900 -0.052459 0.780542 0.622898 0.000000 0.000000 0.000000 0.000000 1.000000
0.991887 0.113054 -0.058131 -0.015300 -0.115795 0.614795 -0.780140 2.751900 -0.052459 0.780542 0.622899 0.000000 0.000000 0.000000 0.000000 1.000000
0.991887 0.113053 -0.058131 -0.015300 -0.115795 0.614795 -0.780140 2.751900 -0.052459 0.780542 0.622898 0.000000 0.000000 0.000000 0.000000 1.000000
0.991887 0.113054 -0.058131 -0.015300 -0.115795 0.614795 -0.780140 2.751900 -0.052459 0.780542 0.622899 0.000000 0.000000 0.000000 0.000000 1.000000
0.991887 0.113054 -0.058131 -0.015300 -0.115795 0.614795 -0.780140 2.751900 -0.052459 0.780542 0.622898 -0.000000 0.000000 0.000000 0.000000 1.000000
0.991887 0.113054 -0.058131 -0.015300 -0.115795 0.614795 -0.780140 2.751900 -0.052459 0.780542 0.622898 -0.000000 0.000000 0.000000 0.000000 1.000000
0.991887 0.113054 -0.058131 -0.015300 -0.115795 0.614796 -0.780140 2.751900 -0.052459 0.780542 0.622899 0.000000 0.000000 0.000000 0.000000 1.000000
0.991887 0.113054 -0.058131 -0.015300 -0.115795 0.614795 -0.780140 2.751900 -0.052459 0.780542 0.622898 0.000000 0.000000 0.000000 0.000000 1.000000
0.991887 0.113053 -0.058131 -0.015300 -0.115795 0.614795 -0.780140 2.751900 -0.052459 0.780542 0.622899 0.000000 0.000000 0.000000 0.000000 1.000000
0.991887 0.113054 -0.058131 -0.015300 -0.115795 0.614795 -0.780140 2.751900 -0.052459 0.780542 0.622898 -0.000000 0.000000 0.000000 0.000000 1.000000
0.991887 0.113054 -0.058131 -0.015300 -0.115795 0.614795 -0.780140 2.751900 -0.052459 0.780542 0.622898 -0.000000 0.000000 0.000000 0.000000 1.000000
0.991887 0.113054 -0.058131 -0.015300 -0.115795 0.614795 -0.780140 2.751900 -0.052459 0.780542 0.622898 0.000000 0.000000 0.000000 0.000000 1.000000
0.991887 0.113054 -0.058131 -0.015300 -0.115795 0.614795 -0.780140 2.751900 -0.052459 0.780542 0.622898 0.000000 0.000000 0.000000 0.000000 1.000000
0.991887 0.113054 -0.058132 -0.015300 -0.115795 0.614795 -0.780140 2.751900 -0.052459 0.780542 0.622898 0.000000 0.000000 0.000000 0.000000 1.000000
0.991887 0.113054 -0.058131 -0.015300 -0.115795 0.614795 -0.780140 2.751900 -0.052459 0.780542 0.622899 0.000000 0.000000 0.000000 0.000000 1.000000
0.991887 0.113054 -0.058131 -0.015300 -0.115795 0.614796 -0.780140 2.751900 -0.052459 0.780542 0.622899 0.000000 0.000000 0.000000 0.000000 1.000000
0.991887 0.113053 -0.058131 -0.015300 -0.115795 0.614796 -0.780140 2.751900 -0.052459 0.780542 0.622899 0.000000 0.000000 0.000000 0.000000 1.000000
0.991887 0.113054 -0.058131 -0.015300 -0.115795 0.614795 -0.780140 2.751900 -0.052459 0.780542 0.622898 0.000000 0.000000 0.000000 0.000000 1.000000
0.991887 0.113053 -0.058132 -0.015300 -0.115795 0.614795 -0.780140 2.751900 -0.052458 0.780542 0.622898 -0.000000 0.000000 0.000000 0.000000 1.000000
0.991887 0.113053 -0.058131 -0.015300 -0.115795 0.614796 -0.780140 2.751900 -0.052458 0.780542 0.622899 -0.000000 0.000000 0.000000 0.000000 1.000000
0.991887 0.113053 -0.058131 -0.015300 -0.115795 0.614796 -0.780140 2.751900 -0.052459 0.780542 0.622899 0.000000 0.000000 0.000000 0.000000 1.000000
0.991887 0.113054 -0.058131 -0.015300 -0.115795 0.614795 -0.780140 2.751900 -0.052459 0.780542 0.622899 -0.000000 0.000000 0.000000 0.000000 1.000000
0.991887 0.113053 -0.058131 -0.015300 -0.115795 0.614796 -0.780140 2.751900 -0.052459 0.780542 0.622899 0.000000 0.000000 0.000000 0.000000 1.000000
0.991887 0.113054 -0.058131 -0.015300 -0.115795 0.614795 -0.780140 2.751900 -0.052459 0.780542 0.622898 0.000000 0.000000 0.000000 0.000000 1.000000
0.991887 0.113054 -0.058131 -0.015300 -0.115795 0.614796 -0.780140 2.751900 -0.052459 0.780542 0.622899 0.000000 0.000000 0.000000 0.000000 1.000000
0.991887 0.113054 -0.058131 -0.015300 -0.115795 0.614796 -0.780140 2.751900 -0.052459 0.780542 0.622899 0.000000 0.000000 0.000000 0.000000 1.000000
0.991887 0.113053 -0.058131 -0.015300 -0.115794 0.614795 -0.780140 2.751900 -0.052458 0.780542 0.622899 0.000000 0.000000 0.000000 0.000000 1.000000
0.991887 0.113054 -0.058132 -0.015300 -0.115795 0.614796 -0.780140 2.751900 -0.052459 0.780542 0.622899 0.000000 0.000000 0.000000 0.000000 1.000000
0.991887 0.113054 -0.058131 -0.015300 -0.115795 0.614796 -0.780140 2.751900 -0.052459 0.780542 0.622899 0.000000 0.000000 0.000000 0.000000 1.000000
0.991887 0.113054 -0.058131 -0.015300 -0.115795 0.614795 -0.780140 2.751900 -0.052459 0.780542 0.622898 0.000000 0.000000 0.000000 0.000000 1.000000
0.991887 0.113053 -0.058131 -0.015300 -0.115795 0.614795 -0.780140 2.751900 -0.052459 0.780542 0.622899 0.000000 0.000000 0.000000 0.000000 1.000000
0.991887 0.113054 -0.058131 -0.015300 -0.115795 0.614795 -0.780140 2.751900 -0.052459 0.780542 0.622899 -0.000000 0.000000 0.000000 0.000000 1.000000
0.991887 0.113054 -0.058131 -0.015300 -0.115795 0.614795 -0.780140 2.751900 -0.052459 0.780542 0.622898 0.000000 0.000000 0.000000 0.000000 1.000000
0.991887 0.113053 -0.058131 -0.015300 -0.115795 0.614795 -0.780140 2.751900 -0.052459 0.780542 0.622898 -0.000000 0.000000 0.000000 0.000000 1.000000
0.991887 0.113054 -0.058131 -0.015300 -0.115795 0.614795 -0.780140 2.751900 -0.052459 0.780542 0.622898 0.000000 0.000000 0.000000 0.000000 1.000000
0.991887 0.113054 -0.058131 -0.015300 -0.115795 0.614795 -0.780140 2.751900 -0.052459 0.780542 0.622898 0.000000 0.000000 0.000000 0.000000 1.000000
0.991887 0.113053 -0.058131 -0.015300 -0.115795 0.614795 -0.780140 2.751900 -0.052458 0.780542 0.622899 0.000000 0.000000 0.000000 0.000000 1.000000</float_array>
        <technique_common>
          <accessor source="#mixamorig_LeftHandRing3-Matrix-animation-output-transform-array" count="40" stride="16">
            <param type="float4x4"/>
          </accessor>
        </technique_common>
      </source>
      <source id="mixamorig_LeftHandRing3-Interpolations">
        <Name_array id="mixamorig_LeftHandRing3-Interpolations-array" count="40">
 LINEAR LINEAR LINEAR LINEAR LINEAR LINEAR LINEAR LINEAR LINEAR LINEAR LINEAR
LINEAR LINEAR LINEAR LINEAR LINEAR LINEAR LINEAR LINEAR LINEAR LINEAR LINEAR LINEAR
LINEAR LINEAR LINEAR LINEAR LINEAR LINEAR LINEAR LINEAR LINEAR LINEAR LINEAR LINEAR
LINEAR LINEAR LINEAR LINEAR LINEAR</Name_array>
        <technique_common>
          <accessor source="#mixamorig_LeftHandRing3-Interpolations-array" count="40">
            <param type="name"/>
          </accessor>
        </technique_common>
      </source>
      <sampler id="mixamorig_LeftHandRing3-Matrix-animation-transform">
        <input semantic="INPUT" source="#mixamorig_LeftHandRing3-Matrix-animation-input"/>
        <input semantic="OUTPUT" source="#mixamorig_LeftHandRing3-Matrix-animation-output-transform"/>
        <input semantic="INTERPOLATION" source="#mixamorig_LeftHandRing3-Interpolations"/>
      </sampler>
      <channel source="#mixamorig_LeftHandRing3-Matrix-animation-transform" target="mixamorig_LeftHandRing3/matrix"/>
    </animation>
    <animation id="mixamorig_LeftHandPinky1-anim" name="mixamorig_LeftHandPinky1">
      <source id="mixamorig_LeftHandPinky1-Matrix-animation-input">
        <float_array id="mixamorig_LeftHandPinky1-Matrix-animation-input-array" count="40">

0.000000 0.033333 0.066667 0.100000 0.133333 0.166667 0.200000 0.233333 0.266667 0.300000 0.333333 0.366667 0.400000 0.433333 0.466667 0.500000
0.533333 0.566667 0.600000 0.633333 0.666667 0.700000 0.733333 0.766667 0.800000 0.833333 0.866667 0.900000 0.933333 0.966667 1.000000 1.033333
1.066667 1.100000 1.133333 1.166667 1.200000 1.233333 1.266667 1.300000</float_array>
        <technique_common>
          <accessor source="#mixamorig_LeftHandPinky1-Matrix-animation-input-array" count="40">
            <param name="TIME" type="float"/>
          </accessor>
        </technique_common>
      </source>
      <source id="mixamorig_LeftHandPinky1-Matrix-animation-output-transform">
        <float_array id="mixamorig_LeftHandPinky1-Matrix-animation-output-transform-array" count="640">

0.972134 0.223591 -0.070452 3.434800 -0.063667 -0.037420 -0.997269 9.646000 -0.225617 0.973965 -0.022142 -0.074000 0.000000 0.000000 0.000000 1.000000
0.972134 0.223591 -0.070452 3.434800 -0.063667 -0.037420 -0.997269 9.646000 -0.225616 0.973965 -0.022142 -0.074000 0.000000 0.000000 0.000000 1.000000
0.972134 0.223591 -0.070452 3.434800 -0.063667 -0.037420 -0.997269 9.646000 -0.225616 0.973965 -0.022142 -0.074000 0.000000 0.000000 0.000000 1.000000
0.972134 0.223591 -0.070452 3.434800 -0.063667 -0.037420 -0.997269 9.646000 -0.225617 0.973965 -0.022142 -0.074000 0.000000 0.000000 0.000000 1.000000
0.972134 0.223591 -0.070452 3.434800 -0.063667 -0.037420 -0.997269 9.646000 -0.225616 0.973965 -0.022142 -0.074000 0.000000 0.000000 0.000000 1.000000
0.972134 0.223591 -0.070452 3.434800 -0.063667 -0.037420 -0.997269 9.646000 -0.225616 0.973965 -0.022142 -0.074000 0.000000 0.000000 0.000000 1.000000
0.972134 0.223591 -0.070452 3.434800 -0.063667 -0.037420 -0.997269 9.646000 -0.225616 0.973965 -0.022142 -0.074000 0.000000 0.000000 0.000000 1.000000
0.972134 0.223591 -0.070452 3.434800 -0.063667 -0.037420 -0.997269 9.646000 -0.225617 0.973964 -0.022142 -0.074000 0.000000 0.000000 0.000000 1.000000
0.972134 0.223591 -0.070452 3.434800 -0.063667 -0.037420 -0.997269 9.646000 -0.225617 0.973965 -0.022142 -0.074000 0.000000 0.000000 0.000000 1.000000
0.972134 0.223591 -0.070452 3.434800 -0.063667 -0.037420 -0.997269 9.646000 -0.225616 0.973965 -0.022142 -0.074000 0.000000 0.000000 0.000000 1.000000
0.972134 0.223591 -0.070452 3.434800 -0.063667 -0.037420 -0.997269 9.646000 -0.225616 0.973965 -0.022142 -0.074000 0.000000 0.000000 0.000000 1.000000
0.972134 0.223591 -0.070452 3.434800 -0.063667 -0.037420 -0.997269 9.646000 -0.225616 0.973965 -0.022142 -0.074000 0.000000 0.000000 0.000000 1.000000
0.972134 0.223591 -0.070452 3.434800 -0.063667 -0.037420 -0.997269 9.646000 -0.225616 0.973965 -0.022142 -0.074000 0.000000 0.000000 0.000000 1.000000
0.972134 0.223591 -0.070452 3.434800 -0.063667 -0.037420 -0.997269 9.646000 -0.225616 0.973965 -0.022141 -0.074000 0.000000 0.000000 0.000000 1.000000
0.972134 0.223591 -0.070452 3.434800 -0.063667 -0.037420 -0.997269 9.646000 -0.225617 0.973965 -0.022142 -0.074000 0.000000 0.000000 0.000000 1.000000
0.972134 0.223591 -0.070452 3.434800 -0.063667 -0.037419 -0.997269 9.646000 -0.225616 0.973965 -0.022141 -0.074000 0.000000 0.000000 0.000000 1.000000
0.972134 0.223590 -0.070452 3.434800 -0.063667 -0.037420 -0.997269 9.646000 -0.225616 0.973965 -0.022142 -0.074000 0.000000 0.000000 0.000000 1.000000
0.972134 0.223591 -0.070452 3.434800 -0.063667 -0.037420 -0.997269 9.646000 -0.225616 0.973965 -0.022141 -0.074000 0.000000 0.000000 0.000000 1.000000
0.972134 0.223590 -0.070452 3.434800 -0.063667 -0.037420 -0.997269 9.646000 -0.225616 0.973965 -0.022142 -0.074000 0.000000 0.000000 0.000000 1.000000
0.972134 0.223591 -0.070452 3.434800 -0.063667 -0.037420 -0.997269 9.646000 -0.225616 0.973965 -0.022142 -0.074000 0.000000 0.000000 0.000000 1.000000
0.972134 0.223591 -0.070452 3.434800 -0.063667 -0.037420 -0.997269 9.646000 -0.225617 0.973965 -0.022142 -0.074000 0.000000 0.000000 0.000000 1.000000
0.972134 0.223590 -0.070452 3.434800 -0.063667 -0.037420 -0.997269 9.646000 -0.225616 0.973965 -0.022142 -0.074000 0.000000 0.000000 0.000000 1.000000
0.972134 0.223591 -0.070452 3.434800 -0.063667 -0.037420 -0.997269 9.646000 -0.225616 0.973965 -0.022142 -0.074000 0.000000 0.000000 0.000000 1.000000
0.972134 0.223591 -0.070452 3.434800 -0.063667 -0.037420 -0.997269 9.646000 -0.225616 0.973965 -0.022142 -0.074000 0.000000 0.000000 0.000000 1.000000
0.972134 0.223591 -0.070452 3.434800 -0.063667 -0.037419 -0.997269 9.646000 -0.225616 0.973965 -0.022141 -0.074000 0.000000 0.000000 0.000000 1.000000
0.972134 0.223591 -0.070452 3.434800 -0.063667 -0.037420 -0.997269 9.646000 -0.225617 0.973965 -0.022142 -0.074000 0.000000 0.000000 0.000000 1.000000
0.972134 0.223591 -0.070452 3.434800 -0.063667 -0.037420 -0.997269 9.646000 -0.225617 0.973964 -0.022142 -0.074000 0.000000 0.000000 0.000000 1.000000
0.972134 0.223591 -0.070452 3.434800 -0.063667 -0.037420 -0.997269 9.646000 -0.225616 0.973965 -0.022141 -0.074000 0.000000 0.000000 0.000000 1.000000
0.972134 0.223591 -0.070452 3.434800 -0.063667 -0.037420 -0.997269 9.646000 -0.225616 0.973965 -0.022142 -0.074000 0.000000 0.000000 0.000000 1.000000
0.972134 0.223591 -0.070452 3.434800 -0.063667 -0.037420 -0.997269 9.646000 -0.225616 0.973965 -0.022142 -0.074000 0.000000 0.000000 0.000000 1.000000
0.972134 0.223591 -0.070452 3.434800 -0.063667 -0.037420 -0.997269 9.646000 -0.225617 0.973965 -0.022142 -0.074000 0.000000 0.000000 0.000000 1.000000
0.972134 0.223591 -0.070452 3.434800 -0.063667 -0.037420 -0.997269 9.646000 -0.225617 0.973964 -0.022142 -0.074000 0.000000 0.000000 0.000000 1.000000
0.972134 0.223591 -0.070452 3.434800 -0.063667 -0.037420 -0.997269 9.646000 -0.225617 0.973965 -0.022142 -0.074000 0.000000 0.000000 0.000000 1.000000
0.972134 0.223591 -0.070452 3.434800 -0.063667 -0.037420 -0.997269 9.646000 -0.225616 0.973965 -0.022142 -0.074000 0.000000 0.000000 0.000000 1.000000
0.972134 0.223590 -0.070452 3.434800 -0.063667 -0.037419 -0.997269 9.646000 -0.225616 0.973965 -0.022141 -0.074000 0.000000 0.000000 0.000000 1.000000
0.972134 0.223591 -0.070452 3.434800 -0.063667 -0.037420 -0.997269 9.646000 -0.225616 0.973965 -0.022141 -0.074000 0.000000 0.000000 0.000000 1.000000
0.972134 0.223590 -0.070452 3.434800 -0.063667 -0.037420 -0.997269 9.646000 -0.225616 0.973965 -0.022142 -0.074000 0.000000 0.000000 0.000000 1.000000
0.972134 0.223591 -0.070452 3.434800 -0.063667 -0.037420 -0.997269 9.646000 -0.225616 0.973965 -0.022142 -0.074000 0.000000 0.000000 0.000000 1.000000
0.972134 0.223590 -0.070452 3.434800 -0.063667 -0.037420 -0.997269 9.646000 -0.225616 0.973965 -0.022142 -0.074000 0.000000 0.000000 0.000000 1.000000
0.972134 0.223591 -0.070452 3.434800 -0.063667 -0.037420 -0.997269 9.646000 -0.225616 0.973965 -0.022142 -0.074000 0.000000 0.000000 0.000000 1.000000</float_array>
        <technique_common>
          <accessor source="#mixamorig_LeftHandPinky1-Matrix-animation-output-transform-array" count="40" stride="16">
            <param type="float4x4"/>
          </accessor>
        </technique_common>
      </source>
      <source id="mixamorig_LeftHandPinky1-Interpolations">
        <Name_array id="mixamorig_LeftHandPinky1-Interpolations-array" count="40">
 LINEAR LINEAR LINEAR LINEAR LINEAR LINEAR LINEAR LINEAR LINEAR LINEAR LINEAR
LINEAR LINEAR LINEAR LINEAR LINEAR LINEAR LINEAR LINEAR LINEAR LINEAR LINEAR LINEAR
LINEAR LINEAR LINEAR LINEAR LINEAR LINEAR LINEAR LINEAR LINEAR LINEAR LINEAR LINEAR
LINEAR LINEAR LINEAR LINEAR LINEAR</Name_array>
        <technique_common>
          <accessor source="#mixamorig_LeftHandPinky1-Interpolations-array" count="40">
            <param type="name"/>
          </accessor>
        </technique_common>
      </source>
      <sampler id="mixamorig_LeftHandPinky1-Matrix-animation-transform">
        <input semantic="INPUT" source="#mixamorig_LeftHandPinky1-Matrix-animation-input"/>
        <input semantic="OUTPUT" source="#mixamorig_LeftHandPinky1-Matrix-animation-output-transform"/>
        <input semantic="INTERPOLATION" source="#mixamorig_LeftHandPinky1-Interpolations"/>
      </sampler>
      <channel source="#mixamorig_LeftHandPinky1-Matrix-animation-transform" target="mixamorig_LeftHandPinky1/matrix"/>
    </animation>
    <animation id="mixamorig_LeftHandPinky2-anim" name="mixamorig_LeftHandPinky2">
      <source id="mixamorig_LeftHandPinky2-Matrix-animation-input">
        <float_array id="mixamorig_LeftHandPinky2-Matrix-animation-input-array" count="40">

0.000000 0.033333 0.066667 0.100000 0.133333 0.166667 0.200000 0.233333 0.266667 0.300000 0.333333 0.366667 0.400000 0.433333 0.466667 0.500000
0.533333 0.566667 0.600000 0.633333 0.666667 0.700000 0.733333 0.766667 0.800000 0.833333 0.866667 0.900000 0.933333 0.966667 1.000000 1.033333
1.066667 1.100000 1.133333 1.166667 1.200000 1.233333 1.266667 1.300000</float_array>
        <technique_common>
          <accessor source="#mixamorig_LeftHandPinky2-Matrix-animation-input-array" count="40">
            <param name="TIME" type="float"/>
          </accessor>
        </technique_common>
      </source>
      <source id="mixamorig_LeftHandPinky2-Matrix-animation-output-transform">
        <float_array id="mixamorig_LeftHandPinky2-Matrix-animation-output-transform-array" count="640">

0.974889 0.180019 -0.131092 -0.001400 -0.083725 -0.249187 -0.964829 2.634300 -0.206354 0.951577 -0.227858 0.000000 0.000000 0.000000 0.000000 1.000000
0.974889 0.180019 -0.131093 -0.001400 -0.083726 -0.249188 -0.964829 2.634300 -0.206354 0.951577 -0.227858 -0.000000 0.000000 0.000000 0.000000 1.000000
0.974889 0.180019 -0.131092 -0.001400 -0.083725 -0.249188 -0.964829 2.634300 -0.206354 0.951577 -0.227859 0.000000 0.000000 0.000000 0.000000 1.000000
0.974889 0.180019 -0.131092 -0.001400 -0.083726 -0.249188 -0.964829 2.634300 -0.206354 0.951577 -0.227859 0.000000 0.000000 0.000000 0.000000 1.000000
0.974889 0.180019 -0.131092 -0.001400 -0.083726 -0.249188 -0.964829 2.634300 -0.206354 0.951577 -0.227858 0.000000 0.000000 0.000000 0.000000 1.000000
0.974889 0.180019 -0.131092 -0.001400 -0.083725 -0.249188 -0.964829 2.634300 -0.206354 0.951577 -0.227858 0.000000 0.000000 0.000000 0.000000 1.000000
0.974889 0.180019 -0.131092 -0.001400 -0.083726 -0.249188 -0.964829 2.634300 -0.206354 0.951577 -0.227858 0.000000 0.000000 0.000000 0.000000 1.000000
0.974889 0.180019 -0.131092 -0.001400 -0.083725 -0.249188 -0.964829 2.634300 -0.206354 0.951577 -0.227859 0.000000 0.000000 0.000000 0.000000 1.000000
0.974889 0.180019 -0.131092 -0.001400 -0.083725 -0.249188 -0.964829 2.634300 -0.206354 0.951577 -0.227858 0.000000 0.000000 0.000000 0.000000 1.000000
0.974889 0.180019 -0.131092 -0.001400 -0.083725 -0.249188 -0.964829 2.634300 -0.206354 0.951577 -0.227858 -0.000000 0.000000 0.000000 0.000000 1.000000
0.974889 0.180019 -0.131092 -0.001400 -0.083725 -0.249188 -0.964829 2.634300 -0.206354 0.951577 -0.227858 0.000000 0.000000 0.000000 0.000000 1.000000
0.974889 0.180019 -0.131092 -0.001400 -0.083725 -0.249188 -0.964829 2.634300 -0.206354 0.951577 -0.227858 0.000000 0.000000 0.000000 0.000000 1.000000
0.974889 0.180019 -0.131092 -0.001400 -0.083726 -0.249188 -0.964829 2.634300 -0.206354 0.951577 -0.227858 0.000000 0.000000 0.000000 0.000000 1.000000
0.974889 0.180019 -0.131092 -0.001400 -0.083725 -0.249188 -0.964829 2.634300 -0.206354 0.951577 -0.227859 -0.000000 0.000000 0.000000 0.000000 1.000000
0.974889 0.180019 -0.131092 -0.001400 -0.083726 -0.249188 -0.964829 2.634300 -0.206354 0.951577 -0.227858 0.000000 0.000000 0.000000 0.000000 1.000000
0.974889 0.180019 -0.131092 -0.001400 -0.083725 -0.249187 -0.964829 2.634300 -0.206354 0.951577 -0.227858 0.000000 0.000000 0.000000 0.000000 1.000000
0.974889 0.180019 -0.131092 -0.001400 -0.083725 -0.249188 -0.964829 2.634300 -0.206354 0.951577 -0.227859 0.000000 0.000000 0.000000 0.000000 1.000000
0.974889 0.180019 -0.131092 -0.001400 -0.083725 -0.249188 -0.964829 2.634300 -0.206354 0.951577 -0.227858 0.000000 0.000000 0.000000 0.000000 1.000000
0.974889 0.180019 -0.131092 -0.001400 -0.083725 -0.249188 -0.964829 2.634300 -0.206354 0.951577 -0.227859 0.000000 0.000000 0.000000 0.000000 1.000000
0.974889 0.180019 -0.131092 -0.001400 -0.083725 -0.249188 -0.964829 2.634300 -0.206354 0.951577 -0.227858 0.000000 0.000000 0.000000 0.000000 1.000000
0.974889 0.180019 -0.131092 -0.001400 -0.083725 -0.249188 -0.964829 2.634300 -0.206354 0.951577 -0.227859 -0.000000 0.000000 0.000000 0.000000 1.000000
0.974889 0.180019 -0.131092 -0.001400 -0.083725 -0.249188 -0.964829 2.634300 -0.206354 0.951577 -0.227859 0.000000 0.000000 0.000000 0.000000 1.000000
0.974889 0.180019 -0.131092 -0.001400 -0.083726 -0.249188 -0.964829 2.634300 -0.206354 0.951577 -0.227858 0.000000 0.000000 0.000000 0.000000 1.000000
0.974889 0.180019 -0.131092 -0.001400 -0.083726 -0.249188 -0.964829 2.634300 -0.206354 0.951577 -0.227858 0.000000 0.000000 0.000000 0.000000 1.000000
0.974889 0.180019 -0.131092 -0.001400 -0.083725 -0.249188 -0.964829 2.634300 -0.206354 0.951577 -0.227859 0.000000 0.000000 0.000000 0.000000 1.000000
0.974889 0.180019 -0.131092 -0.001400 -0.083726 -0.249188 -0.964829 2.634300 -0.206354 0.951577 -0.227858 -0.000000 0.000000 0.000000 0.000000 1.000000
0.974889 0.180019 -0.131092 -0.001400 -0.083725 -0.249188 -0.964829 2.634300 -0.206354 0.951577 -0.227858 0.000000 0.000000 0.000000 0.000000 1.000000
0.974889 0.180019 -0.131092 -0.001400 -0.083725 -0.249188 -0.964829 2.634300 -0.206354 0.951577 -0.227859 0.000000 0.000000 0.000000 0.000000 1.000000
0.974889 0.180019 -0.131092 -0.001400 -0.083726 -0.249188 -0.964829 2.634300 -0.206354 0.951577 -0.227858 0.000000 0.000000 0.000000 0.000000 1.000000
0.974889 0.180019 -0.131092 -0.001400 -0.083725 -0.249188 -0.964829 2.634300 -0.206354 0.951577 -0.227858 0.000000 0.000000 0.000000 0.000000 1.000000
0.974889 0.180019 -0.131092 -0.001400 -0.083726 -0.249188 -0.964829 2.634300 -0.206354 0.951577 -0.227858 0.000000 0.000000 0.000000 0.000000 1.000000
0.974889 0.180019 -0.131092 -0.001400 -0.083726 -0.249187 -0.964829 2.634300 -0.206354 0.951577 -0.227858 0.000000 0.000000 0.000000 0.000000 1.000000
0.974889 0.180019 -0.131092 -0.001400 -0.083726 -0.249187 -0.964829 2.634300 -0.206354 0.951577 -0.227858 0.000000 0.000000 0.000000 0.000000 1.000000
0.974889 0.180019 -0.131092 -0.001400 -0.083725 -0.249188 -0.964829 2.634300 -0.206354 0.951577 -0.227858 0.000000 0.000000 0.000000 0.000000 1.000000
0.974889 0.180019 -0.131093 -0.001400 -0.083726 -0.249188 -0.964829 2.634300 -0.206354 0.951577 -0.227858 0.000000 0.000000 0.000000 0.000000 1.000000
0.974889 0.180019 -0.131092 -0.001400 -0.083725 -0.249188 -0.964829 2.634300 -0.206354 0.951577 -0.227858 -0.000000 0.000000 0.000000 0.000000 1.000000
0.974889 0.180019 -0.131092 -0.001400 -0.083726 -0.249188 -0.964829 2.634300 -0.206354 0.951577 -0.227858 -0.000000 0.000000 0.000000 0.000000 1.000000
0.974889 0.180019 -0.131092 -0.001400 -0.083726 -0.249188 -0.964829 2.634300 -0.206354 0.951577 -0.227858 0.000000 0.000000 0.000000 0.000000 1.000000
0.974889 0.180019 -0.131092 -0.001400 -0.083725 -0.249188 -0.964829 2.634300 -0.206354 0.951577 -0.227858 0.000000 0.000000 0.000000 0.000000 1.000000
0.974889 0.180019 -0.131092 -0.001400 -0.083726 -0.249188 -0.964829 2.634300 -0.206354 0.951577 -0.227858 0.000000 0.000000 0.000000 0.000000 1.000000</float_array>
        <technique_common>
          <accessor source="#mixamorig_LeftHandPinky2-Matrix-animation-output-transform-array" count="40" stride="16">
            <param type="float4x4"/>
          </accessor>
        </technique_common>
      </source>
      <source id="mixamorig_LeftHandPinky2-Interpolations">
        <Name_array id="mixamorig_LeftHandPinky2-Interpolations-array" count="40">
 LINEAR LINEAR LINEAR LINEAR LINEAR LINEAR LINEAR LINEAR LINEAR LINEAR LINEAR
LINEAR LINEAR LINEAR LINEAR LINEAR LINEAR LINEAR LINEAR LINEAR LINEAR LINEAR LINEAR
LINEAR LINEAR LINEAR LINEAR LINEAR LINEAR LINEAR LINEAR LINEAR LINEAR LINEAR LINEAR
LINEAR LINEAR LINEAR LINEAR LINEAR</Name_array>
        <technique_common>
          <accessor source="#mixamorig_LeftHandPinky2-Interpolations-array" count="40">
            <param type="name"/>
          </accessor>
        </technique_common>
      </source>
      <sampler id="mixamorig_LeftHandPinky2-Matrix-animation-transform">
        <input semantic="INPUT" source="#mixamorig_LeftHandPinky2-Matrix-animation-input"/>
        <input semantic="OUTPUT" source="#mixamorig_LeftHandPinky2-Matrix-animation-output-transform"/>
        <input semantic="INTERPOLATION" source="#mixamorig_LeftHandPinky2-Interpolations"/>
      </sampler>
      <channel source="#mixamorig_LeftHandPinky2-Matrix-animation-transform" target="mixamorig_LeftHandPinky2/matrix"/>
    </animation>
    <animation id="mixamorig_LeftHandPinky3-anim" name="mixamorig_LeftHandPinky3">
      <source id="mixamorig_LeftHandPinky3-Matrix-animation-input">
        <float_array id="mixamorig_LeftHandPinky3-Matrix-animation-input-array" count="40">

0.000000 0.033333 0.066667 0.100000 0.133333 0.166667 0.200000 0.233333 0.266667 0.300000 0.333333 0.366667 0.400000 0.433333 0.466667 0.500000
0.533333 0.566667 0.600000 0.633333 0.666667 0.700000 0.733333 0.766667 0.800000 0.833333 0.866667 0.900000 0.933333 0.966667 1.000000 1.033333
1.066667 1.100000 1.133333 1.166667 1.200000 1.233333 1.266667 1.300000</float_array>
        <technique_common>
          <accessor source="#mixamorig_LeftHandPinky3-Matrix-animation-input-array" count="40">
            <param name="TIME" type="float"/>
          </accessor>
        </technique_common>
      </source>
      <source id="mixamorig_LeftHandPinky3-Matrix-animation-output-transform">
        <float_array id="mixamorig_LeftHandPinky3-Matrix-animation-output-transform-array" count="640">

0.991681 0.115335 -0.057153 -0.014100 -0.116443 0.614588 -0.780207 2.232900 -0.054860 0.780371 0.622906 0.000000 0.000000 0.000000 0.000000 1.000000
0.991681 0.115335 -0.057153 -0.014100 -0.116443 0.614588 -0.780207 2.232900 -0.054860 0.780371 0.622906 0.000000 0.000000 0.000000 0.000000 1.000000
0.991681 0.115335 -0.057153 -0.014100 -0.116443 0.614588 -0.780206 2.232900 -0.054860 0.780371 0.622906 0.000000 0.000000 0.000000 0.000000 1.000000
0.991681 0.115335 -0.057153 -0.014100 -0.116443 0.614588 -0.780207 2.232900 -0.054860 0.780371 0.622905 0.000000 0.000000 0.000000 0.000000 1.000000
0.991681 0.115335 -0.057153 -0.014100 -0.116443 0.614588 -0.780206 2.232900 -0.054860 0.780371 0.622906 0.000000 0.000000 0.000000 0.000000 1.000000
0.991681 0.115335 -0.057153 -0.014100 -0.116443 0.614588 -0.780207 2.232900 -0.054860 0.780371 0.622906 0.000000 0.000000 0.000000 0.000000 1.000000
0.991681 0.115335 -0.057153 -0.014100 -0.116443 0.614588 -0.780206 2.232900 -0.054860 0.780371 0.622906 0.000000 0.000000 0.000000 0.000000 1.000000
0.991681 0.115335 -0.057153 -0.014100 -0.116443 0.614588 -0.780206 2.232900 -0.054860 0.780371 0.622906 0.000000 0.000000 0.000000 0.000000 1.000000
0.991681 0.115335 -0.057153 -0.014100 -0.116443 0.614588 -0.780207 2.232900 -0.054860 0.780371 0.622906 0.000000 0.000000 0.000000 0.000000 1.000000
0.991681 0.115335 -0.057153 -0.014100 -0.116443 0.614589 -0.780206 2.232900 -0.054860 0.780371 0.622906 0.000000 0.000000 0.000000 0.000000 1.000000
0.991681 0.115335 -0.057153 -0.014100 -0.116443 0.614588 -0.780206 2.232900 -0.054860 0.780371 0.622906 0.000000 0.000000 0.000000 0.000000 1.000000
0.991681 0.115335 -0.057153 -0.014100 -0.116443 0.614589 -0.780206 2.232900 -0.054860 0.780371 0.622906 -0.000000 0.000000 0.000000 0.000000 1.000000
0.991681 0.115335 -0.057153 -0.014100 -0.116443 0.614588 -0.780206 2.232900 -0.054860 0.780371 0.622906 0.000000 0.000000 0.000000 0.000000 1.000000
0.991681 0.115335 -0.057153 -0.014100 -0.116443 0.614588 -0.780206 2.232900 -0.054860 0.780371 0.622906 0.000000 0.000000 0.000000 0.000000 1.000000
0.991681 0.115335 -0.057153 -0.014100 -0.116443 0.614588 -0.780206 2.232900 -0.054860 0.780371 0.622906 0.000000 0.000000 0.000000 0.000000 1.000000
0.991681 0.115335 -0.057153 -0.014100 -0.116443 0.614588 -0.780206 2.232900 -0.054859 0.780371 0.622906 -0.000000 0.000000 0.000000 0.000000 1.000000
0.991681 0.115335 -0.057153 -0.014100 -0.116443 0.614588 -0.780206 2.232900 -0.054860 0.780371 0.622906 -0.000000 0.000000 0.000000 0.000000 1.000000
0.991681 0.115335 -0.057153 -0.014100 -0.116443 0.614589 -0.780206 2.232900 -0.054860 0.780371 0.622906 0.000000 0.000000 0.000000 0.000000 1.000000
0.991681 0.115335 -0.057153 -0.014100 -0.116443 0.614589 -0.780206 2.232900 -0.054860 0.780371 0.622906 0.000000 0.000000 0.000000 0.000000 1.000000
0.991681 0.115335 -0.057153 -0.014100 -0.116443 0.614588 -0.780206 2.232900 -0.054860 0.780371 0.622906 0.000000 0.000000 0.000000 0.000000 1.000000
0.991681 0.115335 -0.057153 -0.014100 -0.116443 0.614588 -0.780206 2.232900 -0.054860 0.780371 0.622906 0.000000 0.000000 0.000000 0.000000 1.000000
0.991681 0.115335 -0.057153 -0.014100 -0.116443 0.614588 -0.780206 2.232900 -0.054860 0.780371 0.622906 0.000000 0.000000 0.000000 0.000000 1.000000
0.991681 0.115335 -0.057153 -0.014100 -0.116443 0.614589 -0.780206 2.232900 -0.054860 0.780371 0.622906 0.000000 0.000000 0.000000 0.000000 1.000000
0.991681 0.115335 -0.057153 -0.014100 -0.116443 0.614588 -0.780206 2.232900 -0.054860 0.780371 0.622906 0.000000 0.000000 0.000000 0.000000 1.000000
0.991681 0.115335 -0.057153 -0.014100 -0.116443 0.614588 -0.780207 2.232900 -0.054859 0.780371 0.622906 0.000000 0.000000 0.000000 0.000000 1.000000
0.991681 0.115335 -0.057153 -0.014100 -0.116443 0.614588 -0.780206 2.232900 -0.054859 0.780371 0.622906 0.000000 0.000000 0.000000 0.000000 1.000000
0.991681 0.115335 -0.057153 -0.014100 -0.116443 0.614588 -0.780207 2.232900 -0.054860 0.780371 0.622905 -0.000000 0.000000 0.000000 0.000000 1.000000
0.991681 0.115335 -0.057153 -0.014100 -0.116443 0.614589 -0.780206 2.232900 -0.054860 0.780371 0.622906 0.000000 0.000000 0.000000 0.000000 1.000000
0.991681 0.115335 -0.057153 -0.014100 -0.116443 0.614589 -0.780206 2.232900 -0.054860 0.780371 0.622906 0.000000 0.000000 0.000000 0.000000 1.000000
0.991681 0.115335 -0.057153 -0.014100 -0.116443 0.614589 -0.780206 2.232900 -0.054859 0.780371 0.622906 0.000000 0.000000 0.000000 0.000000 1.000000
0.991681 0.115335 -0.057153 -0.014100 -0.116443 0.614589 -0.780206 2.232900 -0.054860 0.780371 0.622906 -0.000000 0.000000 0.000000 0.000000 1.000000
0.991681 0.115335 -0.057153 -0.014100 -0.116443 0.614589 -0.780206 2.232900 -0.054860 0.780371 0.622906 0.000000 0.000000 0.000000 0.000000 1.000000
0.991681 0.115335 -0.057153 -0.014100 -0.116443 0.614588 -0.780206 2.232900 -0.054860 0.780371 0.622906 0.000000 0.000000 0.000000 0.000000 1.000000
0.991681 0.115335 -0.057153 -0.014100 -0.116443 0.614589 -0.780206 2.232900 -0.054860 0.780371 0.622906 0.000000 0.000000 0.000000 0.000000 1.000000
0.991681 0.115335 -0.057153 -0.014100 -0.116443 0.614588 -0.780207 2.232900 -0.054860 0.780371 0.622906 -0.000000 0.000000 0.000000 0.000000 1.000000
0.991681 0.115335 -0.057153 -0.014100 -0.116443 0.614588 -0.780207 2.232900 -0.054860 0.780371 0.622906 0.000000 0.000000 0.000000 0.000000 1.000000
0.991681 0.115335 -0.057153 -0.014100 -0.116443 0.614588 -0.780206 2.232900 -0.054859 0.780371 0.622906 0.000000 0.000000 0.000000 0.000000 1.000000
0.991681 0.115335 -0.057153 -0.014100 -0.116443 0.614588 -0.780206 2.232900 -0.054860 0.780371 0.622906 0.000000 0.000000 0.000000 0.000000 1.000000
0.991681 0.115335 -0.057153 -0.014100 -0.116443 0.614588 -0.780206 2.232900 -0.054860 0.780371 0.622906 0.000000 0.000000 0.000000 0.000000 1.000000
0.991681 0.115335 -0.057153 -0.014100 -0.116443 0.614589 -0.780206 2.232900 -0.054859 0.780371 0.622906 -0.000000 0.000000 0.000000 0.000000 1.000000</float_array>
        <technique_common>
          <accessor source="#mixamorig_LeftHandPinky3-Matrix-animation-output-transform-array" count="40" stride="16">
            <param type="float4x4"/>
          </accessor>
        </technique_common>
      </source>
      <source id="mixamorig_LeftHandPinky3-Interpolations">
        <Name_array id="mixamorig_LeftHandPinky3-Interpolations-array" count="40">
 LINEAR LINEAR LINEAR LINEAR LINEAR LINEAR LINEAR LINEAR LINEAR LINEAR LINEAR
LINEAR LINEAR LINEAR LINEAR LINEAR LINEAR LINEAR LINEAR LINEAR LINEAR LINEAR LINEAR
LINEAR LINEAR LINEAR LINEAR LINEAR LINEAR LINEAR LINEAR LINEAR LINEAR LINEAR LINEAR
LINEAR LINEAR LINEAR LINEAR LINEAR</Name_array>
        <technique_common>
          <accessor source="#mixamorig_LeftHandPinky3-Interpolations-array" count="40">
            <param type="name"/>
          </accessor>
        </technique_common>
      </source>
      <sampler id="mixamorig_LeftHandPinky3-Matrix-animation-transform">
        <input semantic="INPUT" source="#mixamorig_LeftHandPinky3-Matrix-animation-input"/>
        <input semantic="OUTPUT" source="#mixamorig_LeftHandPinky3-Matrix-animation-output-transform"/>
        <input semantic="INTERPOLATION" source="#mixamorig_LeftHandPinky3-Interpolations"/>
      </sampler>
      <channel source="#mixamorig_LeftHandPinky3-Matrix-animation-transform" target="mixamorig_LeftHandPinky3/matrix"/>
    </animation>
    <animation id="mixamorig_RightShoulder-anim" name="mixamorig_RightShoulder">
      <source id="mixamorig_RightShoulder-Matrix-animation-input">
        <float_array id="mixamorig_RightShoulder-Matrix-animation-input-array" count="40">

0.000000 0.033333 0.066667 0.100000 0.133333 0.166667 0.200000 0.233333 0.266667 0.300000 0.333333 0.366667 0.400000 0.433333 0.466667 0.500000
0.533333 0.566667 0.600000 0.633333 0.666667 0.700000 0.733333 0.766667 0.800000 0.833333 0.866667 0.900000 0.933333 0.966667 1.000000 1.033333
1.066667 1.100000 1.133333 1.166667 1.200000 1.233333 1.266667 1.300000</float_array>
        <technique_common>
          <accessor source="#mixamorig_RightShoulder-Matrix-animation-input-array" count="40">
            <param name="TIME" type="float"/>
          </accessor>
        </technique_common>
      </source>
      <source id="mixamorig_RightShoulder-Matrix-animation-output-transform">
        <float_array id="mixamorig_RightShoulder-Matrix-animation-output-transform-array" count="640">

-0.075117 -0.974231 0.212675 -6.802200 -0.000061 -0.213273 -0.976993 14.585800 0.997175 -0.073402 0.015961 -0.169600 0.000000 0.000000 0.000000 1.000000
-0.074950 -0.974124 0.213224 -6.802200 -0.000108 -0.213818 -0.976874 14.585800 0.997187 -0.073239 0.015920 -0.169600 0.000000 0.000000 0.000000 1.000000
-0.074989 -0.974064 0.213487 -6.802200 -0.000120 -0.214081 -0.976816 14.585800 0.997184 -0.073276 0.015936 -0.169600 0.000000 0.000000 0.000000 1.000000
-0.075234 -0.974051 0.213459 -6.802200 -0.000102 -0.214059 -0.976821 14.585800 0.997166 -0.073511 0.016005 -0.169600 0.000000 0.000000 0.000000 1.000000
-0.075675 -0.974056 0.213281 -6.802200 -0.000046 -0.213891 -0.976858 14.585800 0.997133 -0.073933 0.016141 -0.169600 0.000000 0.000000 0.000000 1.000000
-0.076048 -0.974086 0.213010 -6.802200 0.000020 -0.213631 -0.976915 14.585800 0.997104 -0.074288 0.016265 -0.169600 0.000000 0.000000 0.000000 1.000000
-0.076131 -0.974097 0.212928 -6.802200 0.000024 -0.213549 -0.976932 14.585800 0.997098 -0.074370 0.016281 -0.169600 0.000000 0.000000 0.000000 1.000000
-0.076479 -0.974018 0.213168 -6.802200 -0.000002 -0.213794 -0.976879 14.585800 0.997071 -0.074711 0.016349 -0.169600 0.000000 0.000000 0.000000 1.000000
-0.078167 -0.973946 0.212884 -6.802200 0.000184 -0.213551 -0.976932 14.585800 0.996940 -0.076324 0.016872 -0.169600 0.000000 0.000000 0.000000 1.000000
-0.080352 -0.974160 0.211081 -6.802200 0.000657 -0.211818 -0.977309 14.585800 0.996766 -0.078390 0.017660 -0.169600 0.000000 0.000000 0.000000 1.000000
-0.079083 -0.974537 0.209820 -6.802200 0.000697 -0.210533 -0.977587 14.585800 0.996868 -0.077164 0.017329 -0.169600 0.000000 0.000000 0.000000 1.000000
-0.073347 -0.973822 0.215153 -6.802200 -0.000618 -0.215689 -0.976462 14.585800 0.997306 -0.071754 0.015219 -0.169600 0.000000 0.000000 0.000000 1.000000
-0.073510 -0.970207 0.230856 -6.802200 -0.002270 -0.231319 -0.972875 14.585800 0.997292 -0.072040 0.014802 -0.169600 0.000000 0.000000 0.000000 1.000000
-0.094928 -0.963165 0.251600 -6.802200 -0.001811 -0.252574 -0.967576 14.585800 0.995482 -0.092306 0.022232 -0.169600 0.000000 0.000000 0.000000 1.000000
-0.137019 -0.953407 0.268778 -6.802200 0.001288 -0.271508 -0.962435 14.585800 0.990568 -0.131526 0.038430 -0.169600 0.000000 0.000000 0.000000 1.000000
-0.177578 -0.942920 0.281723 -6.802200 0.004767 -0.287094 -0.957891 14.585800 0.984095 -0.168757 0.055476 -0.169600 0.000000 0.000000 0.000000 1.000000
-0.193422 -0.936205 0.293441 -6.802200 0.005678 -0.300152 -0.953874 14.585800 0.981099 -0.182835 0.063371 -0.169600 0.000000 0.000000 0.000000 1.000000
-0.182438 -0.935926 0.301261 -6.802200 0.003874 -0.307085 -0.951674 14.585800 0.983210 -0.172454 0.059649 -0.169600 0.000000 0.000000 0.000000 1.000000
-0.160674 -0.939440 0.302714 -6.802200 0.001113 -0.306871 -0.951750 14.585800 0.987007 -0.152585 0.050352 -0.169600 0.000000 0.000000 0.000000 1.000000
-0.143165 -0.942622 0.301610 -6.802200 -0.001193 -0.304584 -0.952485 14.585800 0.989698 -0.136722 0.042481 -0.169600 0.000000 0.000000 0.000000 1.000000
-0.135222 -0.943501 0.302524 -6.802200 -0.002391 -0.305017 -0.952344 14.585800 0.990812 -0.129501 0.038989 -0.169600 0.000000 0.000000 0.000000 1.000000
-0.133808 -0.942797 0.305334 -6.802200 -0.002779 -0.307747 -0.951464 14.585800 0.991003 -0.128162 0.038559 -0.169600 0.000000 0.000000 0.000000 1.000000
-0.133778 -0.941881 0.308161 -6.802200 -0.003009 -0.310569 -0.950546 14.585800 0.991007 -0.128090 0.038713 -0.169600 0.000000 0.000000 0.000000 1.000000
-0.133221 -0.941131 0.310684 -6.802200 -0.003332 -0.313051 -0.949731 14.585800 0.991081 -0.127560 0.038569 -0.169600 0.000000 0.000000 0.000000 1.000000
-0.133095 -0.940244 0.313412 -6.802200 -0.003625 -0.315761 -0.948832 14.585800 0.991097 -0.127421 0.038618 -0.169600 0.000000 0.000000 0.000000 1.000000
-0.134047 -0.939023 0.316649 -6.802200 -0.003813 -0.319042 -0.947733 14.585800 0.990968 -0.128248 0.039186 -0.169600 0.000000 0.000000 0.000000 1.000000
-0.135097 -0.937581 0.320455 -6.802200 -0.004044 -0.322896 -0.946426 14.585800 0.990824 -0.129155 0.039831 -0.169600 0.000000 0.000000 0.000000 1.000000
-0.134669 -0.936383 0.324115 -6.802200 -0.004462 -0.326518 -0.945180 14.585800 0.990881 -0.128733 0.039793 -0.169600 0.000000 0.000000 0.000000 1.000000
-0.132228 -0.935876 0.326576 -6.802200 -0.005028 -0.328832 -0.944375 14.585800 0.991207 -0.126515 0.038775 -0.169600 0.000000 0.000000 0.000000 1.000000
-0.129066 -0.935937 0.327663 -6.802200 -0.005554 -0.329739 -0.944056 14.585800 0.991620 -0.123666 0.037360 -0.169600 0.000000 0.000000 0.000000 1.000000
-0.127221 -0.936138 0.327812 -6.802200 -0.005816 -0.329788 -0.944037 14.585800 0.991857 -0.122008 0.036512 -0.169600 0.000000 0.000000 0.000000 1.000000
-0.128072 -0.936057 0.327710 -6.802200 -0.005693 -0.329732 -0.944057 14.585800 0.991749 -0.122773 0.036900 -0.169600 0.000000 0.000000 0.000000 1.000000
-0.131418 -0.935489 0.328009 -6.802200 -0.005274 -0.330215 -0.943891 14.585800 0.991313 -0.125775 0.038463 -0.169600 0.000000 0.000000 0.000000 1.000000
-0.135460 -0.934640 0.328783 -6.802200 -0.004810 -0.331218 -0.943542 14.585800 0.990771 -0.129394 0.040371 -0.169600 0.000000 0.000000 0.000000 1.000000
-0.138935 -0.933739 0.329892 -6.802200 -0.004462 -0.332529 -0.943082 14.585800 0.990291 -0.132499 0.042034 -0.169600 0.000000 0.000000 0.000000 1.000000
-0.142612 -0.932606 0.331522 -6.802200 -0.004133 -0.334382 -0.942429 14.585800 0.989770 -0.135772 0.043832 -0.169600 0.000000 0.000000 0.000000 1.000000
-0.148135 -0.930701 0.334443 -6.802200 -0.003649 -0.337658 -0.941262 14.585800 0.988960 -0.140654 0.046623 -0.169600 0.000000 0.000000 0.000000 1.000000
-0.155910 -0.927612 0.339453 -6.802200 -0.003017 -0.343207 -0.939255 14.585800 0.987767 -0.147463 0.050711 -0.169600 0.000000 0.000000 0.000000 1.000000
-0.164205 -0.923734 0.346053 -6.802200 -0.002450 -0.350432 -0.936585 14.585800 0.986423 -0.154639 0.055280 -0.169600 0.000000 0.000000 0.000000 1.000000
-0.170882 -0.919988 0.352735 -6.802200 -0.002090 -0.357661 -0.933849 14.585800 0.985289 -0.160316 0.059195 -0.169600 0.000000 0.000000 0.000000 1.000000</float_array>
        <technique_common>
          <accessor source="#mixamorig_RightShoulder-Matrix-animation-output-transform-array" count="40" stride="16">
            <param type="float4x4"/>
          </accessor>
        </technique_common>
      </source>
      <source id="mixamorig_RightShoulder-Interpolations">
        <Name_array id="mixamorig_RightShoulder-Interpolations-array" count="40">
 LINEAR LINEAR LINEAR LINEAR LINEAR LINEAR LINEAR LINEAR LINEAR LINEAR LINEAR
LINEAR LINEAR LINEAR LINEAR LINEAR LINEAR LINEAR LINEAR LINEAR LINEAR LINEAR LINEAR
LINEAR LINEAR LINEAR LINEAR LINEAR LINEAR LINEAR LINEAR LINEAR LINEAR LINEAR LINEAR
LINEAR LINEAR LINEAR LINEAR LINEAR</Name_array>
        <technique_common>
          <accessor source="#mixamorig_RightShoulder-Interpolations-array" count="40">
            <param type="name"/>
          </accessor>
        </technique_common>
      </source>
      <sampler id="mixamorig_RightShoulder-Matrix-animation-transform">
        <input semantic="INPUT" source="#mixamorig_RightShoulder-Matrix-animation-input"/>
        <input semantic="OUTPUT" source="#mixamorig_RightShoulder-Matrix-animation-output-transform"/>
        <input semantic="INTERPOLATION" source="#mixamorig_RightShoulder-Interpolations"/>
      </sampler>
      <channel source="#mixamorig_RightShoulder-Matrix-animation-transform" target="mixamorig_RightShoulder/matrix"/>
    </animation>
    <animation id="mixamorig_RightArm-anim" name="mixamorig_RightArm">
      <source id="mixamorig_RightArm-Matrix-animation-input">
        <float_array id="mixamorig_RightArm-Matrix-animation-input-array" count="40">

0.000000 0.033333 0.066667 0.100000 0.133333 0.166667 0.200000 0.233333 0.266667 0.300000 0.333333 0.366667 0.400000 0.433333 0.466667 0.500000
0.533333 0.566667 0.600000 0.633333 0.666667 0.700000 0.733333 0.766667 0.800000 0.833333 0.866667 0.900000 0.933333 0.966667 1.000000 1.033333
1.066667 1.100000 1.133333 1.166667 1.200000 1.233333 1.266667 1.300000</float_array>
        <technique_common>
          <accessor source="#mixamorig_RightArm-Matrix-animation-input-array" count="40">
            <param name="TIME" type="float"/>
          </accessor>
        </technique_common>
      </source>
      <source id="mixamorig_RightArm-Matrix-animation-output-transform">
        <float_array id="mixamorig_RightArm-Matrix-animation-output-transform-array" count="640">

0.805839 0.409801 0.427420 -0.000000 -0.517205 0.838585 0.171099 14.280800 -0.288311 -0.358942 0.887715 0.000000 0.000000 0.000000 0.000000 1.000000
0.806374 0.411079 0.425177 0.000000 -0.515571 0.840839 0.164854 14.280800 -0.289738 -0.352143 0.889970 0.000000 0.000000 0.000000 0.000000 1.000000
0.808449 0.410693 0.421595 -0.000000 -0.512674 0.843223 0.161684 14.280800 -0.289096 -0.346853 0.892253 0.000000 0.000000 0.000000 0.000000 1.000000
0.811436 0.407672 0.418778 0.000000 -0.508349 0.845859 0.161564 14.280800 -0.288362 -0.343984 0.893601 0.000000 0.000000 0.000000 0.000000 1.000000
0.814240 0.404464 0.416440 -0.000000 -0.504798 0.847550 0.163824 14.280800 -0.286692 -0.343610 0.894282 0.000000 0.000000 0.000000 0.000000 1.000000
0.815921 0.403441 0.414136 0.000000 -0.503750 0.847599 0.166766 14.280800 -0.283741 -0.344689 0.894807 0.000000 0.000000 0.000000 0.000000 1.000000
0.817921 0.401589 0.411986 -0.000000 -0.501812 0.848218 0.169442 14.280800 -0.281408 -0.345329 0.895297 0.000000 0.000000 0.000000 0.000000 1.000000
0.825322 0.392176 0.406253 -0.000000 -0.493538 0.850563 0.181557 14.280800 -0.274342 -0.350345 0.895542 0.000000 0.000000 0.000000 0.000000 1.000000
0.839386 0.373766 0.394627 -0.000000 -0.480535 0.849593 0.217434 14.280800 -0.254003 -0.372143 0.892744 0.000000 0.000000 0.000000 0.000000 1.000000
0.845296 0.357284 0.397269 -0.000000 -0.476429 0.840582 0.257754 14.280800 -0.241846 -0.407149 0.880761 0.000000 0.000000 0.000000 0.000000 1.000000
0.819744 0.353090 0.450939 0.000000 -0.491727 0.837575 0.238059 14.280800 -0.293639 -0.416887 0.860222 0.000000 0.000000 0.000000 0.000000 1.000000
0.759554 0.336276 0.556772 -0.000000 -0.478716 0.868514 0.128510 14.280800 -0.440350 -0.364146 0.820664 0.000000 0.000000 0.000000 0.000000 1.000000
0.697717 0.257934 0.668327 0.000000 -0.352392 0.935828 0.006716 14.280800 -0.623707 -0.240199 0.743837 0.000000 0.000000 0.000000 0.000000 1.000000
0.655187 0.107640 0.747759 0.000000 -0.127946 0.991309 -0.030592 14.280800 -0.744553 -0.075629 0.663265 0.000000 0.000000 0.000000 0.000000 1.000000
0.604386 -0.067090 0.793862 0.000000 0.082266 0.996377 0.021573 14.280800 -0.792433 0.052269 0.607716 0.000000 0.000000 0.000000 0.000000 1.000000
0.527341 -0.188554 0.828468 -0.000000 0.193451 0.976100 0.099017 14.280800 -0.827338 0.108053 0.551214 0.000000 0.000000 0.000000 0.000000 1.000000
0.442005 -0.219953 0.869628 -0.000000 0.206672 0.968360 0.139880 14.280800 -0.872879 0.117900 0.473478 0.000000 0.000000 0.000000 0.000000 1.000000
0.358783 -0.196237 0.912560 -0.000000 0.176136 0.974321 0.140268 14.280800 -0.916652 0.110409 0.384134 0.000000 0.000000 0.000000 0.000000 1.000000
0.276043 -0.171448 0.945730 -0.000000 0.145157 0.980112 0.135312 14.280800 -0.950121 0.099928 0.295440 -0.000000 0.000000 0.000000 0.000000 1.000000
0.190806 -0.171614 0.966510 0.000000 0.126160 0.980721 0.149231 14.280800 -0.973487 0.093460 0.208778 0.000000 0.000000 0.000000 0.000000 1.000000
0.103071 -0.187691 0.976805 -0.000000 0.118005 0.977408 0.175355 14.280800 -0.987649 0.097194 0.122891 0.000000 0.000000 0.000000 0.000000 1.000000
0.021387 -0.202186 0.979113 0.000000 0.116615 0.973157 0.198409 14.280800 -0.992947 0.109936 0.044391 -0.000000 0.000000 0.000000 0.000000 1.000000
-0.043995 -0.212589 0.976151 0.000000 0.118856 0.969043 0.216398 14.280800 -0.991936 0.125542 -0.017366 -0.000000 0.000000 0.000000 0.000000 1.000000
-0.083711 -0.222518 0.971328 0.000000 0.124713 0.964746 0.231759 14.280800 -0.988655 0.140538 -0.053008 0.000000 0.000000 0.000000 0.000000 1.000000
-0.100242 -0.231005 0.967775 0.000000 0.134263 0.960637 0.243208 14.280800 -0.985863 0.154316 -0.065281 0.000000 0.000000 0.000000 0.000000 1.000000
-0.105220 -0.235078 0.966264 0.000000 0.146004 0.957477 0.248839 14.280800 -0.983673 0.167261 -0.066423 0.000000 0.000000 0.000000 0.000000 1.000000
-0.103894 -0.234692 0.966502 -0.000000 0.158405 0.955452 0.249036 14.280800 -0.981893 0.178972 -0.062089 0.000000 0.000000 0.000000 0.000000 1.000000
-0.092686 -0.229830 0.968807 -0.000000 0.170427 0.954975 0.242853 14.280800 -0.981001 0.187620 -0.049343 0.000000 0.000000 0.000000 0.000000 1.000000
-0.070446 -0.220124 0.972925 -0.000000 0.181170 0.956303 0.229481 14.280800 -0.980925 0.192431 -0.027488 -0.000000 0.000000 0.000000 0.000000 1.000000
-0.043082 -0.207406 0.977306 0.000000 0.189688 0.958723 0.211824 14.280800 -0.980899 0.194509 -0.001961 0.000000 0.000000 0.000000 0.000000 1.000000
-0.015911 -0.195909 0.980493 0.000000 0.195308 0.961118 0.195208 14.280800 -0.980613 0.194604 0.022971 0.000000 0.000000 0.000000 0.000000 1.000000
0.010613 -0.190072 0.981713 0.000000 0.199049 0.962522 0.184204 14.280800 -0.979932 0.193454 0.048049 0.000000 0.000000 0.000000 0.000000 1.000000
0.040391 -0.190769 0.980804 -0.000000 0.203505 0.962600 0.178848 14.280800 -0.978240 0.192375 0.077702 -0.000000 0.000000 0.000000 0.000000 1.000000
0.076030 -0.189719 0.978890 0.000000 0.209375 0.962882 0.170354 14.280800 -0.974875 0.192003 0.112930 -0.000000 0.000000 0.000000 0.000000 1.000000
0.111702 -0.178163 0.977640 0.000000 0.212897 0.965245 0.151579 14.280800 -0.970669 0.191205 0.145750 0.000000 0.000000 0.000000 0.000000 1.000000
0.151971 -0.163597 0.974752 0.000000 0.211097 0.968823 0.129691 14.280800 -0.965579 0.186058 0.181768 0.000000 0.000000 0.000000 0.000000 1.000000
0.235357 -0.153881 0.959650 -0.000000 0.208965 0.972306 0.104662 14.280800 -0.949179 0.175901 0.260994 0.000000 0.000000 0.000000 0.000000 1.000000
0.391857 -0.117275 0.912521 0.000000 0.209351 0.977189 0.035687 14.280800 -0.895891 0.177053 0.407470 -0.000000 0.000000 0.000000 0.000000 1.000000
0.573308 -0.038644 0.818428 -0.000000 0.195407 0.976512 -0.090773 14.280800 -0.795697 0.211967 0.567394 -0.000000 0.000000 0.000000 0.000000 1.000000
0.720829 0.026208 0.692618 0.000000 0.163878 0.964508 -0.207048 14.280800 -0.673461 0.262751 0.690950 0.000000 0.000000 0.000000 0.000000 1.000000</float_array>
        <technique_common>
          <accessor source="#mixamorig_RightArm-Matrix-animation-output-transform-array" count="40" stride="16">
            <param type="float4x4"/>
          </accessor>
        </technique_common>
      </source>
      <source id="mixamorig_RightArm-Interpolations">
        <Name_array id="mixamorig_RightArm-Interpolations-array" count="40">
 LINEAR LINEAR LINEAR LINEAR LINEAR LINEAR LINEAR LINEAR LINEAR LINEAR LINEAR
LINEAR LINEAR LINEAR LINEAR LINEAR LINEAR LINEAR LINEAR LINEAR LINEAR LINEAR LINEAR
LINEAR LINEAR LINEAR LINEAR LINEAR LINEAR LINEAR LINEAR LINEAR LINEAR LINEAR LINEAR
LINEAR LINEAR LINEAR LINEAR LINEAR</Name_array>
        <technique_common>
          <accessor source="#mixamorig_RightArm-Interpolations-array" count="40">
            <param type="name"/>
          </accessor>
        </technique_common>
      </source>
      <sampler id="mixamorig_RightArm-Matrix-animation-transform">
        <input semantic="INPUT" source="#mixamorig_RightArm-Matrix-animation-input"/>
        <input semantic="OUTPUT" source="#mixamorig_RightArm-Matrix-animation-output-transform"/>
        <input semantic="INTERPOLATION" source="#mixamorig_RightArm-Interpolations"/>
      </sampler>
      <channel source="#mixamorig_RightArm-Matrix-animation-transform" target="mixamorig_RightArm/matrix"/>
    </animation>
    <animation id="mixamorig_RightForeArm-anim" name="mixamorig_RightForeArm">
      <source id="mixamorig_RightForeArm-Matrix-animation-input">
        <float_array id="mixamorig_RightForeArm-Matrix-animation-input-array" count="40">

0.000000 0.033333 0.066667 0.100000 0.133333 0.166667 0.200000 0.233333 0.266667 0.300000 0.333333 0.366667 0.400000 0.433333 0.466667 0.500000
0.533333 0.566667 0.600000 0.633333 0.666667 0.700000 0.733333 0.766667 0.800000 0.833333 0.866667 0.900000 0.933333 0.966667 1.000000 1.033333
1.066667 1.100000 1.133333 1.166667 1.200000 1.233333 1.266667 1.300000</float_array>
        <technique_common>
          <accessor source="#mixamorig_RightForeArm-Matrix-animation-input-array" count="40">
            <param name="TIME" type="float"/>
          </accessor>
        </technique_common>
      </source>
      <source id="mixamorig_RightForeArm-Matrix-animation-output-transform">
        <float_array id="mixamorig_RightForeArm-Matrix-animation-output-transform-array" count="640">

0.984954 0.172794 0.002751 0.000000 -0.172719 0.984811 -0.017781 23.180401 -0.005782 0.017038 0.999838 0.000000 0.000000 0.000000 0.000000 1.000000
0.984421 0.175808 0.002696 0.000000 -0.175732 0.984272 -0.018091 23.180401 -0.005834 0.017336 0.999833 0.000000 0.000000 0.000000 0.000000 1.000000
0.984271 0.176645 0.002681 0.000000 -0.176568 0.984121 -0.018177 23.180401 -0.005849 0.017418 0.999831 -0.000000 0.000000 0.000000 0.000000 1.000000
0.984316 0.176393 0.002685 0.000000 -0.176317 0.984166 -0.018152 23.180401 -0.005844 0.017394 0.999832 -0.000000 0.000000 0.000000 0.000000 1.000000
0.984127 0.177444 0.002666 0.000000 -0.177368 0.983975 -0.018260 23.180401 -0.005863 0.017497 0.999830 -0.000000 0.000000 0.000000 0.000000 1.000000
0.983886 0.178778 0.002641 0.000000 -0.178700 0.983732 -0.018397 23.180401 -0.005887 0.017629 0.999827 -0.000000 0.000000 0.000000 0.000000 1.000000
0.984544 0.175116 0.002709 0.000000 -0.175040 0.984396 -0.018020 23.180401 -0.005822 0.017268 0.999834 0.000000 0.000000 0.000000 0.000000 1.000000
0.985337 0.170597 0.002791 0.000000 -0.170524 0.985197 -0.017555 23.180401 -0.005744 0.016822 0.999842 0.000000 0.000000 0.000000 0.000000 1.000000
0.980742 0.195293 0.002318 -0.000000 -0.195209 0.980556 -0.020097 23.180401 -0.006197 0.019257 0.999795 0.000000 0.000000 0.000000 0.000000 1.000000
0.959179 0.282798 0.000098 -0.000000 -0.282676 0.958774 -0.029101 23.180401 -0.008323 0.027886 0.999576 0.000000 0.000000 0.000000 0.000000 1.000000
0.907062 0.420965 -0.005268 0.000000 -0.420783 0.906127 -0.043319 23.180401 -0.013463 0.041510 0.999047 -0.000000 0.000000 0.000000 0.000000 1.000000
0.817956 0.575100 -0.014441 -0.000000 -0.574851 0.816115 -0.059180 23.180401 -0.022249 0.056708 0.998143 0.000000 0.000000 0.000000 0.000000 1.000000
0.653726 0.756082 -0.031348 0.000000 -0.755754 0.650217 -0.077804 23.180401 -0.038443 0.074554 0.996476 0.000000 0.000000 0.000000 0.000000 1.000000
0.330686 0.941527 -0.064605 0.000000 -0.941119 0.323895 -0.096887 23.180401 -0.070297 0.092840 0.993196 0.000000 0.000000 0.000000 0.000000 1.000000
-0.108915 0.987961 -0.109861 0.000000 -0.987534 -0.120173 -0.101666 23.180401 -0.113644 0.097419 0.988734 -0.000000 0.000000 0.000000 0.000000 1.000000
-0.444614 0.884003 -0.144421 -0.000000 -0.883620 -0.459283 -0.090968 23.180401 -0.146746 0.087168 0.985326 0.000000 0.000000 0.000000 0.000000 1.000000
-0.589180 0.792142 -0.159304 0.000000 -0.791799 -0.605318 -0.081515 23.180401 -0.161001 0.078110 0.983858 0.000000 0.000000 0.000000 0.000000 1.000000
-0.619458 0.768043 -0.162421 0.000000 -0.767711 -0.635904 -0.079035 23.180401 -0.163987 0.075733 0.983551 0.000000 0.000000 0.000000 0.000000 1.000000
-0.621039 0.766732 -0.162584 -0.000000 -0.766400 -0.637500 -0.078900 23.180401 -0.164142 0.075604 0.983535 -0.000000 0.000000 0.000000 0.000000 1.000000
-0.636177 0.753881 -0.164143 0.000000 -0.753554 -0.652792 -0.077578 23.180401 -0.165636 0.074337 0.983381 -0.000000 0.000000 0.000000 0.000000 1.000000
-0.666496 0.726503 -0.167264 0.000000 -0.726188 -0.683419 -0.074760 23.180401 -0.168625 0.071638 0.983074 0.000000 0.000000 0.000000 0.000000 1.000000
-0.699140 0.694328 -0.170625 0.000000 -0.694027 -0.716395 -0.071449 23.180401 -0.171844 0.068465 0.982742 0.000000 0.000000 0.000000 0.000000 1.000000
-0.727801 0.663458 -0.173575 -0.000000 -0.663171 -0.745348 -0.068273 23.180401 -0.174670 0.065421 0.982451 -0.000000 0.000000 0.000000 0.000000 1.000000
-0.755835 0.630535 -0.176461 -0.000000 -0.630262 -0.773667 -0.064885 23.180401 -0.177434 0.062175 0.982167 0.000000 0.000000 0.000000 0.000000 1.000000
-0.787309 0.589790 -0.179701 -0.000000 -0.589535 -0.805460 -0.060692 23.180401 -0.180538 0.058157 0.981847 0.000000 0.000000 0.000000 0.000000 1.000000
-0.818357 0.544830 -0.182898 -0.000000 -0.544594 -0.836824 -0.056066 23.180401 -0.183600 0.053724 0.981532 0.000000 0.000000 0.000000 0.000000 1.000000
-0.840104 0.509853 -0.185137 0.000000 -0.509632 -0.858791 -0.052466 23.180401 -0.185744 0.050275 0.981311 -0.000000 0.000000 0.000000 0.000000 1.000000
-0.847265 0.497587 -0.185874 0.000000 -0.497371 -0.866025 -0.051204 23.180401 -0.186449 0.049065 0.981239 0.000000 0.000000 0.000000 0.000000 1.000000
-0.844766 0.501914 -0.185617 -0.000000 -0.501696 -0.863500 -0.051649 23.180401 -0.186203 0.049492 0.981264 0.000000 0.000000 0.000000 0.000000 1.000000
-0.837161 0.514779 -0.184834 0.000000 -0.514556 -0.855819 -0.052973 23.180401 -0.185453 0.050761 0.981341 0.000000 0.000000 0.000000 0.000000 1.000000
-0.830363 0.525920 -0.184134 0.000000 -0.525693 -0.848951 -0.054120 23.180401 -0.184783 0.051859 0.981410 0.000000 0.000000 0.000000 0.000000 1.000000
-0.824358 0.535495 -0.183516 0.000000 -0.535263 -0.842886 -0.055105 23.180401 -0.184191 0.052803 0.981471 0.000000 0.000000 0.000000 0.000000 1.000000
-0.816391 0.547839 -0.182696 -0.000000 -0.547602 -0.834838 -0.056375 23.180401 -0.183406 0.054020 0.981552 0.000000 0.000000 0.000000 0.000000 1.000000
-0.807948 0.560500 -0.181826 0.000000 -0.560257 -0.826308 -0.057678 23.180401 -0.182573 0.055269 0.981638 0.000000 0.000000 0.000000 0.000000 1.000000
-0.804304 0.565836 -0.181451 0.000000 -0.565591 -0.822628 -0.058227 23.180401 -0.182214 0.055795 0.981675 0.000000 0.000000 0.000000 0.000000 1.000000
-0.798665 0.573951 -0.180870 0.000000 -0.573703 -0.816931 -0.059062 23.180401 -0.181657 0.056595 0.981732 0.000000 0.000000 0.000000 0.000000 1.000000
-0.761313 0.623750 -0.177025 0.000000 -0.623480 -0.779200 -0.064187 23.180401 -0.177975 0.061506 0.982111 -0.000000 0.000000 0.000000 0.000000 1.000000
-0.656658 0.735637 -0.166251 0.000000 -0.735318 -0.673481 -0.075700 23.180401 -0.167655 0.072538 0.983174 0.000000 0.000000 0.000000 0.000000 1.000000
-0.480218 0.864558 -0.148087 0.000000 -0.864184 -0.495249 -0.088967 23.180401 -0.150257 0.085251 0.984965 0.000000 0.000000 0.000000 0.000000 1.000000
-0.273989 0.953330 -0.126856 -0.000000 -0.952917 -0.286924 -0.098102 23.180401 -0.129921 0.094004 0.987058 0.000000 0.000000 0.000000 0.000000 1.000000</float_array>
        <technique_common>
          <accessor source="#mixamorig_RightForeArm-Matrix-animation-output-transform-array" count="40" stride="16">
            <param type="float4x4"/>
          </accessor>
        </technique_common>
      </source>
      <source id="mixamorig_RightForeArm-Interpolations">
        <Name_array id="mixamorig_RightForeArm-Interpolations-array" count="40">
 LINEAR LINEAR LINEAR LINEAR LINEAR LINEAR LINEAR LINEAR LINEAR LINEAR LINEAR
LINEAR LINEAR LINEAR LINEAR LINEAR LINEAR LINEAR LINEAR LINEAR LINEAR LINEAR LINEAR
LINEAR LINEAR LINEAR LINEAR LINEAR LINEAR LINEAR LINEAR LINEAR LINEAR LINEAR LINEAR
LINEAR LINEAR LINEAR LINEAR LINEAR</Name_array>
        <technique_common>
          <accessor source="#mixamorig_RightForeArm-Interpolations-array" count="40">
            <param type="name"/>
          </accessor>
        </technique_common>
      </source>
      <sampler id="mixamorig_RightForeArm-Matrix-animation-transform">
        <input semantic="INPUT" source="#mixamorig_RightForeArm-Matrix-animation-input"/>
        <input semantic="OUTPUT" source="#mixamorig_RightForeArm-Matrix-animation-output-transform"/>
        <input semantic="INTERPOLATION" source="#mixamorig_RightForeArm-Interpolations"/>
      </sampler>
      <channel source="#mixamorig_RightForeArm-Matrix-animation-transform" target="mixamorig_RightForeArm/matrix"/>
    </animation>
    <animation id="mixamorig_RightHand-anim" name="mixamorig_RightHand">
      <source id="mixamorig_RightHand-Matrix-animation-input">
        <float_array id="mixamorig_RightHand-Matrix-animation-input-array" count="40">

0.000000 0.033333 0.066667 0.100000 0.133333 0.166667 0.200000 0.233333 0.266667 0.300000 0.333333 0.366667 0.400000 0.433333 0.466667 0.500000
0.533333 0.566667 0.600000 0.633333 0.666667 0.700000 0.733333 0.766667 0.800000 0.833333 0.866667 0.900000 0.933333 0.966667 1.000000 1.033333
1.066667 1.100000 1.133333 1.166667 1.200000 1.233333 1.266667 1.300000</float_array>
        <technique_common>
          <accessor source="#mixamorig_RightHand-Matrix-animation-input-array" count="40">
            <param name="TIME" type="float"/>
          </accessor>
        </technique_common>
      </source>
      <source id="mixamorig_RightHand-Matrix-animation-output-transform">
        <float_array id="mixamorig_RightHand-Matrix-animation-output-transform-array" count="640">

0.436896 -0.068934 0.896867 -0.000000 0.264875 0.962711 -0.055035 25.271200 -0.859629 0.261602 0.438864 0.000000 0.000000 0.000000 0.000000 1.000000
0.436626 -0.070269 0.896895 -0.000000 0.265254 0.962682 -0.053707 25.271200 -0.859650 0.261355 0.438971 0.000000 0.000000 0.000000 0.000000 1.000000
0.436283 -0.071275 0.896982 0.000000 0.265571 0.962651 -0.052678 25.271200 -0.859726 0.261195 0.438917 0.000000 0.000000 0.000000 0.000000 1.000000
0.435998 -0.071135 0.897132 0.000000 0.265530 0.962660 -0.052715 25.271200 -0.859883 0.261199 0.438606 0.000000 0.000000 0.000000 0.000000 1.000000
0.435961 -0.069799 0.897255 -0.000000 0.265043 0.962730 -0.053887 25.271200 -0.860053 0.261303 0.438212 -0.000000 0.000000 0.000000 0.000000 1.000000
0.436204 -0.068987 0.897199 -0.000000 0.264665 0.962791 -0.054645 25.271200 -0.860046 0.261293 0.438232 0.000000 0.000000 0.000000 0.000000 1.000000
0.436424 -0.070692 0.896960 0.000000 0.265191 0.962730 -0.053156 25.271200 -0.859772 0.261064 0.438905 0.000000 0.000000 0.000000 0.000000 1.000000
0.436128 -0.073755 0.896857 -0.000000 0.266376 0.962552 -0.050377 25.271200 -0.859556 0.260872 0.439442 0.000000 0.000000 0.000000 0.000000 1.000000
0.435232 -0.073148 0.897342 -0.000000 0.266391 0.962528 -0.050745 25.271200 -0.860005 0.261130 0.438409 0.000000 0.000000 0.000000 0.000000 1.000000
0.434453 -0.064746 0.898364 0.000000 0.263464 0.962923 -0.058014 25.271200 -0.861300 0.261890 0.435403 0.000000 0.000000 0.000000 0.000000 1.000000
0.434822 -0.050838 0.899080 -0.000000 0.258226 0.963516 -0.070405 25.271200 -0.862698 0.262780 0.432086 0.000000 0.000000 0.000000 0.000000 1.000000
0.436686 -0.039053 0.898766 0.000000 0.253735 0.963842 -0.081403 25.271200 -0.863090 0.263596 0.430805 0.000000 0.000000 0.000000 0.000000 1.000000
0.439090 -0.035258 0.897751 0.000000 0.252843 0.963694 -0.085818 25.271200 -0.862131 0.264672 0.432063 0.000000 0.000000 0.000000 0.000000 1.000000
0.440414 -0.038602 0.896964 0.000000 0.255647 0.963107 -0.084075 25.271200 -0.860628 0.266334 0.434035 -0.000000 0.000000 0.000000 0.000000 1.000000
0.439845 -0.043300 0.897029 -0.000000 0.259595 0.962329 -0.080836 25.271200 -0.859737 0.268419 0.434516 -0.000000 0.000000 0.000000 0.000000 1.000000
0.437931 -0.043810 0.897940 -0.000000 0.261911 0.961702 -0.080815 25.271200 -0.860011 0.270572 0.432634 0.000000 0.000000 0.000000 0.000000 1.000000
0.435974 -0.038554 0.899133 0.000000 0.261722 0.961332 -0.085684 25.271200 -0.861062 0.272679 0.429206 -0.000000 0.000000 0.000000 0.000000 1.000000
0.435002 -0.030343 0.899918 0.000000 0.260110 0.961058 -0.093327 25.271200 -0.862041 0.274676 0.425955 0.000000 0.000000 0.000000 0.000000 1.000000
0.434742 -0.023829 0.900240 0.000000 0.258750 0.960804 -0.099523 25.271200 -0.862582 0.276204 0.423867 0.000000 0.000000 0.000000 0.000000 1.000000
0.433960 -0.022017 0.900663 0.000000 0.258634 0.960667 -0.101132 25.271200 -0.863010 0.276829 0.422586 -0.000000 0.000000 0.000000 0.000000 1.000000
0.432072 -0.024897 0.901496 -0.000000 0.259790 0.960681 -0.097982 25.271200 -0.863610 0.276535 0.421551 0.000000 0.000000 0.000000 0.000000 1.000000
0.429777 -0.031238 0.902394 -0.000000 0.261922 0.960743 -0.091486 25.271200 -0.864111 0.275675 0.421087 0.000000 0.000000 0.000000 0.000000 1.000000
0.427995 -0.041117 0.902845 -0.000000 0.265067 0.960745 -0.081902 25.271200 -0.864037 0.274368 0.422093 0.000000 0.000000 0.000000 0.000000 1.000000
0.426804 -0.055795 0.902621 -0.000000 0.269428 0.960615 -0.068019 25.271200 -0.863277 0.272223 0.425027 -0.000000 0.000000 0.000000 0.000000 1.000000
0.425762 -0.074756 0.901742 0.000000 0.274607 0.960253 -0.050051 25.271200 -0.862158 0.268935 0.429368 0.000000 0.000000 0.000000 0.000000 1.000000
0.424894 -0.093673 0.900384 0.000000 0.279285 0.959676 -0.031954 25.271200 -0.861084 0.265040 0.433922 0.000000 0.000000 0.000000 0.000000 1.000000
0.424855 -0.106766 0.898944 0.000000 0.281995 0.959221 -0.019351 25.271200 -0.860219 0.261719 0.437637 0.000000 0.000000 0.000000 0.000000 1.000000
0.426048 -0.111612 0.897790 0.000000 0.282332 0.959203 -0.014734 25.271200 -0.859518 0.259753 0.440178 -0.000000 0.000000 0.000000 0.000000 1.000000
0.428023 -0.110713 0.896961 0.000000 0.281177 0.959527 -0.015739 25.271200 -0.858916 0.258941 0.441830 -0.000000 0.000000 0.000000 0.000000 1.000000
0.429930 -0.108271 0.896347 0.000000 0.279760 0.959897 -0.018239 25.271200 -0.858425 0.258604 0.442978 -0.000000 0.000000 0.000000 0.000000 1.000000
0.431225 -0.106733 0.895909 0.000000 0.278778 0.960151 -0.019797 25.271200 -0.858095 0.258297 0.443797 -0.000000 0.000000 0.000000 0.000000 1.000000
0.432024 -0.106047 0.895606 0.000000 0.278175 0.960312 -0.020477 25.271200 -0.857889 0.257981 0.444377 0.000000 0.000000 0.000000 0.000000 1.000000
0.432839 -0.105202 0.895312 0.000000 0.277578 0.960466 -0.021338 25.271200 -0.857672 0.257755 0.444929 0.000000 0.000000 0.000000 0.000000 1.000000
0.433923 -0.104061 0.894920 0.000000 0.276898 0.960635 -0.022558 25.271200 -0.857344 0.257590 0.445656 -0.000000 0.000000 0.000000 0.000000 1.000000
0.435075 -0.103560 0.894419 0.000000 0.276429 0.960754 -0.023224 25.271200 -0.856911 0.257347 0.446627 0.000000 0.000000 0.000000 0.000000 1.000000
0.436295 -0.104149 0.893756 0.000000 0.276332 0.960788 -0.022934 25.271200 -0.856322 0.256980 0.447966 0.000000 0.000000 0.000000 0.000000 1.000000
0.438254 -0.104535 0.892752 -0.000000 0.276205 0.960821 -0.023084 25.271200 -0.855362 0.256699 0.449956 -0.000000 0.000000 0.000000 0.000000 1.000000
0.441470 -0.102832 0.891364 0.000000 0.275456 0.960974 -0.025564 25.271200 -0.853949 0.256817 0.452567 0.000000 0.000000 0.000000 0.000000 1.000000
0.445349 -0.098751 0.889894 0.000000 0.274019 0.961242 -0.030465 25.271200 -0.852395 0.257416 0.455148 0.000000 0.000000 0.000000 0.000000 1.000000
0.448798 -0.093629 0.888715 -0.000000 0.272379 0.961507 -0.036253 25.271200 -0.851111 0.258337 0.457025 -0.000000 0.000000 0.000000 0.000000 1.000000</float_array>
        <technique_common>
          <accessor source="#mixamorig_RightHand-Matrix-animation-output-transform-array" count="40" stride="16">
            <param type="float4x4"/>
          </accessor>
        </technique_common>
      </source>
      <source id="mixamorig_RightHand-Interpolations">
        <Name_array id="mixamorig_RightHand-Interpolations-array" count="40">
 LINEAR LINEAR LINEAR LINEAR LINEAR LINEAR LINEAR LINEAR LINEAR LINEAR LINEAR
LINEAR LINEAR LINEAR LINEAR LINEAR LINEAR LINEAR LINEAR LINEAR LINEAR LINEAR LINEAR
LINEAR LINEAR LINEAR LINEAR LINEAR LINEAR LINEAR LINEAR LINEAR LINEAR LINEAR LINEAR
LINEAR LINEAR LINEAR LINEAR LINEAR</Name_array>
        <technique_common>
          <accessor source="#mixamorig_RightHand-Interpolations-array" count="40">
            <param type="name"/>
          </accessor>
        </technique_common>
      </source>
      <sampler id="mixamorig_RightHand-Matrix-animation-transform">
        <input semantic="INPUT" source="#mixamorig_RightHand-Matrix-animation-input"/>
        <input semantic="OUTPUT" source="#mixamorig_RightHand-Matrix-animation-output-transform"/>
        <input semantic="INTERPOLATION" source="#mixamorig_RightHand-Interpolations"/>
      </sampler>
      <channel source="#mixamorig_RightHand-Matrix-animation-transform" target="mixamorig_RightHand/matrix"/>
    </animation>
    <animation id="mixamorig_RightHandThumb1-anim" name="mixamorig_RightHandThumb1">
      <source id="mixamorig_RightHandThumb1-Matrix-animation-input">
        <float_array id="mixamorig_RightHandThumb1-Matrix-animation-input-array" count="40">

0.000000 0.033333 0.066667 0.100000 0.133333 0.166667 0.200000 0.233333 0.266667 0.300000 0.333333 0.366667 0.400000 0.433333 0.466667 0.500000
0.533333 0.566667 0.600000 0.633333 0.666667 0.700000 0.733333 0.766667 0.800000 0.833333 0.866667 0.900000 0.933333 0.966667 1.000000 1.033333
1.066667 1.100000 1.133333 1.166667 1.200000 1.233333 1.266667 1.300000</float_array>
        <technique_common>
          <accessor source="#mixamorig_RightHandThumb1-Matrix-animation-input-array" count="40">
            <param name="TIME" type="float"/>
          </accessor>
        </technique_common>
      </source>
      <source id="mixamorig_RightHandThumb1-Matrix-animation-output-transform">
        <float_array id="mixamorig_RightHandThumb1-Matrix-animation-output-transform-array" count="640">

0.941258 0.005528 -0.337643 2.939600 -0.276410 0.586990 -0.760947 3.378100 0.193987 0.809576 0.554036 1.292500 0.000000 0.000000 0.000000 1.000000
0.941258 0.005527 -0.337643 2.939600 -0.276410 0.586990 -0.760947 3.378100 0.193987 0.809576 0.554037 1.292500 0.000000 0.000000 0.000000 1.000000
0.941258 0.005528 -0.337643 2.939600 -0.276410 0.586990 -0.760947 3.378100 0.193987 0.809576 0.554037 1.292500 0.000000 0.000000 0.000000 1.000000
0.941258 0.005527 -0.337644 2.939600 -0.276410 0.586990 -0.760947 3.378100 0.193987 0.809576 0.554036 1.292500 0.000000 0.000000 0.000000 1.000000
0.941258 0.005527 -0.337643 2.939600 -0.276410 0.586990 -0.760947 3.378100 0.193987 0.809576 0.554036 1.292500 0.000000 0.000000 0.000000 1.000000
0.941258 0.005528 -0.337643 2.939600 -0.276410 0.586990 -0.760947 3.378100 0.193987 0.809576 0.554036 1.292500 0.000000 0.000000 0.000000 1.000000
0.941258 0.005528 -0.337644 2.939600 -0.276411 0.586989 -0.760947 3.378100 0.193987 0.809576 0.554036 1.292500 0.000000 0.000000 0.000000 1.000000
0.941258 0.005528 -0.337644 2.939600 -0.276410 0.586990 -0.760947 3.378100 0.193987 0.809575 0.554037 1.292500 0.000000 0.000000 0.000000 1.000000
0.941258 0.005528 -0.337643 2.939600 -0.276410 0.586990 -0.760947 3.378100 0.193987 0.809576 0.554037 1.292500 0.000000 0.000000 0.000000 1.000000
0.941258 0.005528 -0.337643 2.939600 -0.276410 0.586990 -0.760947 3.378100 0.193987 0.809576 0.554036 1.292500 0.000000 0.000000 0.000000 1.000000
0.941258 0.005527 -0.337644 2.939600 -0.276410 0.586990 -0.760947 3.378100 0.193987 0.809576 0.554036 1.292500 0.000000 0.000000 0.000000 1.000000
0.941258 0.005528 -0.337643 2.939600 -0.276410 0.586990 -0.760947 3.378100 0.193987 0.809575 0.554037 1.292500 0.000000 0.000000 0.000000 1.000000
0.941258 0.005528 -0.337643 2.939600 -0.276410 0.586990 -0.760947 3.378100 0.193987 0.809576 0.554037 1.292500 0.000000 0.000000 0.000000 1.000000
0.941258 0.005528 -0.337643 2.939600 -0.276410 0.586990 -0.760947 3.378100 0.193987 0.809576 0.554036 1.292500 0.000000 0.000000 0.000000 1.000000
0.941258 0.005528 -0.337643 2.939600 -0.276410 0.586990 -0.760947 3.378100 0.193987 0.809576 0.554037 1.292500 0.000000 0.000000 0.000000 1.000000
0.941258 0.005528 -0.337644 2.939600 -0.276410 0.586990 -0.760947 3.378100 0.193987 0.809576 0.554036 1.292500 0.000000 0.000000 0.000000 1.000000
0.941258 0.005528 -0.337643 2.939600 -0.276410 0.586990 -0.760947 3.378100 0.193987 0.809575 0.554037 1.292500 0.000000 0.000000 0.000000 1.000000
0.941258 0.005528 -0.337643 2.939600 -0.276410 0.586990 -0.760947 3.378100 0.193987 0.809576 0.554037 1.292500 0.000000 0.000000 0.000000 1.000000
0.941258 0.005528 -0.337643 2.939600 -0.276410 0.586990 -0.760947 3.378100 0.193987 0.809576 0.554037 1.292500 0.000000 0.000000 0.000000 1.000000
0.941258 0.005528 -0.337643 2.939600 -0.276410 0.586990 -0.760947 3.378100 0.193987 0.809576 0.554036 1.292500 0.000000 0.000000 0.000000 1.000000
0.941258 0.005528 -0.337643 2.939600 -0.276410 0.586990 -0.760947 3.378100 0.193987 0.809575 0.554037 1.292500 0.000000 0.000000 0.000000 1.000000
0.941258 0.005528 -0.337643 2.939600 -0.276410 0.586990 -0.760947 3.378100 0.193987 0.809576 0.554037 1.292500 0.000000 0.000000 0.000000 1.000000
0.941258 0.005528 -0.337643 2.939600 -0.276410 0.586990 -0.760947 3.378100 0.193987 0.809576 0.554036 1.292500 0.000000 0.000000 0.000000 1.000000
0.941258 0.005528 -0.337643 2.939600 -0.276410 0.586990 -0.760947 3.378100 0.193987 0.809576 0.554037 1.292500 0.000000 0.000000 0.000000 1.000000
0.941258 0.005528 -0.337643 2.939600 -0.276410 0.586990 -0.760947 3.378100 0.193987 0.809575 0.554037 1.292500 0.000000 0.000000 0.000000 1.000000
0.941258 0.005528 -0.337643 2.939600 -0.276410 0.586989 -0.760947 3.378100 0.193987 0.809576 0.554036 1.292500 0.000000 0.000000 0.000000 1.000000
0.941258 0.005527 -0.337643 2.939600 -0.276410 0.586990 -0.760947 3.378100 0.193987 0.809576 0.554037 1.292500 0.000000 0.000000 0.000000 1.000000
0.941258 0.005528 -0.337643 2.939600 -0.276410 0.586990 -0.760947 3.378100 0.193987 0.809575 0.554037 1.292500 0.000000 0.000000 0.000000 1.000000
0.941258 0.005528 -0.337643 2.939600 -0.276410 0.586990 -0.760947 3.378100 0.193987 0.809576 0.554037 1.292500 0.000000 0.000000 0.000000 1.000000
0.941258 0.005527 -0.337643 2.939600 -0.276410 0.586990 -0.760947 3.378100 0.193987 0.809576 0.554036 1.292500 0.000000 0.000000 0.000000 1.000000
0.941258 0.005528 -0.337643 2.939600 -0.276410 0.586990 -0.760947 3.378100 0.193987 0.809576 0.554037 1.292500 0.000000 0.000000 0.000000 1.000000
0.941258 0.005528 -0.337643 2.939600 -0.276410 0.586990 -0.760947 3.378100 0.193987 0.809576 0.554037 1.292500 0.000000 0.000000 0.000000 1.000000
0.941258 0.005528 -0.337643 2.939600 -0.276410 0.586990 -0.760947 3.378100 0.193987 0.809575 0.554037 1.292500 0.000000 0.000000 0.000000 1.000000
0.941258 0.005527 -0.337643 2.939600 -0.276410 0.586990 -0.760947 3.378100 0.193987 0.809575 0.554037 1.292500 0.000000 0.000000 0.000000 1.000000
0.941258 0.005528 -0.337643 2.939600 -0.276410 0.586990 -0.760947 3.378100 0.193987 0.809576 0.554037 1.292500 0.000000 0.000000 0.000000 1.000000
0.941258 0.005527 -0.337643 2.939600 -0.276410 0.586990 -0.760947 3.378100 0.193987 0.809575 0.554037 1.292500 0.000000 0.000000 0.000000 1.000000
0.941258 0.005528 -0.337643 2.939600 -0.276410 0.586990 -0.760947 3.378100 0.193987 0.809576 0.554037 1.292500 0.000000 0.000000 0.000000 1.000000
0.941258 0.005528 -0.337644 2.939600 -0.276410 0.586990 -0.760947 3.378100 0.193987 0.809575 0.554037 1.292500 0.000000 0.000000 0.000000 1.000000
0.941258 0.005528 -0.337643 2.939600 -0.276410 0.586990 -0.760947 3.378100 0.193987 0.809576 0.554037 1.292500 0.000000 0.000000 0.000000 1.000000
0.941258 0.005528 -0.337643 2.939600 -0.276410 0.586990 -0.760947 3.378100 0.193987 0.809575 0.554037 1.292500 0.000000 0.000000 0.000000 1.000000</float_array>
        <technique_common>
          <accessor source="#mixamorig_RightHandThumb1-Matrix-animation-output-transform-array" count="40" stride="16">
            <param type="float4x4"/>
          </accessor>
        </technique_common>
      </source>
      <source id="mixamorig_RightHandThumb1-Interpolations">
        <Name_array id="mixamorig_RightHandThumb1-Interpolations-array" count="40">
 LINEAR LINEAR LINEAR LINEAR LINEAR LINEAR LINEAR LINEAR LINEAR LINEAR LINEAR
LINEAR LINEAR LINEAR LINEAR LINEAR LINEAR LINEAR LINEAR LINEAR LINEAR LINEAR LINEAR
LINEAR LINEAR LINEAR LINEAR LINEAR LINEAR LINEAR LINEAR LINEAR LINEAR LINEAR LINEAR
LINEAR LINEAR LINEAR LINEAR LINEAR</Name_array>
        <technique_common>
          <accessor source="#mixamorig_RightHandThumb1-Interpolations-array" count="40">
            <param type="name"/>
          </accessor>
        </technique_common>
      </source>
      <sampler id="mixamorig_RightHandThumb1-Matrix-animation-transform">
        <input semantic="INPUT" source="#mixamorig_RightHandThumb1-Matrix-animation-input"/>
        <input semantic="OUTPUT" source="#mixamorig_RightHandThumb1-Matrix-animation-output-transform"/>
        <input semantic="INTERPOLATION" source="#mixamorig_RightHandThumb1-Interpolations"/>
      </sampler>
      <channel source="#mixamorig_RightHandThumb1-Matrix-animation-transform" target="mixamorig_RightHandThumb1/matrix"/>
    </animation>
    <animation id="mixamorig_RightHandThumb2-anim" name="mixamorig_RightHandThumb2">
      <source id="mixamorig_RightHandThumb2-Matrix-animation-input">
        <float_array id="mixamorig_RightHandThumb2-Matrix-animation-input-array" count="40">

0.000000 0.033333 0.066667 0.100000 0.133333 0.166667 0.200000 0.233333 0.266667 0.300000 0.333333 0.366667 0.400000 0.433333 0.466667 0.500000
0.533333 0.566667 0.600000 0.633333 0.666667 0.700000 0.733333 0.766667 0.800000 0.833333 0.866667 0.900000 0.933333 0.966667 1.000000 1.033333
1.066667 1.100000 1.133333 1.166667 1.200000 1.233333 1.266667 1.300000</float_array>
        <technique_common>
          <accessor source="#mixamorig_RightHandThumb2-Matrix-animation-input-array" count="40">
            <param name="TIME" type="float"/>
          </accessor>
        </technique_common>
      </source>
      <source id="mixamorig_RightHandThumb2-Matrix-animation-output-transform">
        <float_array id="mixamorig_RightHandThumb2-Matrix-animation-output-transform-array" count="640">

0.081967 -0.969230 0.232107 0.626400 0.883294 0.178513 0.433502 3.675700 -0.461598 0.169486 0.870748 -0.000000 0.000000 0.000000 0.000000 1.000000
0.081967 -0.969230 0.232108 0.626400 0.883294 0.178513 0.433502 3.675700 -0.461598 0.169486 0.870748 0.000000 0.000000 0.000000 0.000000 1.000000
0.081967 -0.969230 0.232107 0.626400 0.883294 0.178512 0.433502 3.675700 -0.461598 0.169486 0.870748 0.000000 0.000000 0.000000 0.000000 1.000000
0.081967 -0.969231 0.232107 0.626400 0.883294 0.178513 0.433502 3.675700 -0.461598 0.169486 0.870748 0.000000 0.000000 0.000000 0.000000 1.000000
0.081966 -0.969231 0.232107 0.626400 0.883294 0.178512 0.433503 3.675700 -0.461598 0.169486 0.870748 0.000000 0.000000 0.000000 0.000000 1.000000
0.081967 -0.969230 0.232107 0.626400 0.883294 0.178513 0.433502 3.675700 -0.461598 0.169486 0.870748 0.000000 0.000000 0.000000 0.000000 1.000000
0.081967 -0.969230 0.232107 0.626400 0.883294 0.178513 0.433503 3.675700 -0.461598 0.169486 0.870748 0.000000 0.000000 0.000000 0.000000 1.000000
0.081967 -0.969230 0.232107 0.626400 0.883294 0.178513 0.433502 3.675700 -0.461598 0.169486 0.870748 0.000000 0.000000 0.000000 0.000000 1.000000
0.081966 -0.969230 0.232108 0.626400 0.883294 0.178513 0.433503 3.675700 -0.461598 0.169487 0.870748 -0.000000 0.000000 0.000000 0.000000 1.000000
0.081967 -0.969230 0.232107 0.626400 0.883294 0.178513 0.433503 3.675700 -0.461598 0.169486 0.870748 0.000000 0.000000 0.000000 0.000000 1.000000
0.081966 -0.969231 0.232107 0.626400 0.883294 0.178512 0.433503 3.675700 -0.461598 0.169486 0.870748 0.000000 0.000000 0.000000 0.000000 1.000000
0.081967 -0.969230 0.232107 0.626400 0.883294 0.178513 0.433502 3.675700 -0.461598 0.169486 0.870748 0.000000 0.000000 0.000000 0.000000 1.000000
0.081967 -0.969231 0.232107 0.626400 0.883294 0.178512 0.433503 3.675700 -0.461598 0.169486 0.870748 0.000000 0.000000 0.000000 0.000000 1.000000
0.081966 -0.969230 0.232107 0.626400 0.883294 0.178512 0.433503 3.675700 -0.461598 0.169486 0.870748 -0.000000 0.000000 0.000000 0.000000 1.000000
0.081967 -0.969230 0.232108 0.626400 0.883294 0.178513 0.433502 3.675700 -0.461598 0.169487 0.870748 0.000000 0.000000 0.000000 0.000000 1.000000
0.081967 -0.969230 0.232107 0.626400 0.883294 0.178512 0.433503 3.675700 -0.461598 0.169486 0.870748 0.000000 0.000000 0.000000 0.000000 1.000000
0.081967 -0.969230 0.232107 0.626400 0.883294 0.178513 0.433502 3.675700 -0.461597 0.169486 0.870748 0.000000 0.000000 0.000000 0.000000 1.000000
0.081967 -0.969230 0.232107 0.626400 0.883294 0.178513 0.433503 3.675700 -0.461598 0.169486 0.870748 0.000000 0.000000 0.000000 0.000000 1.000000
0.081967 -0.969230 0.232108 0.626400 0.883294 0.178513 0.433502 3.675700 -0.461598 0.169487 0.870748 0.000000 0.000000 0.000000 0.000000 1.000000
0.081967 -0.969230 0.232107 0.626400 0.883294 0.178513 0.433502 3.675700 -0.461598 0.169486 0.870748 0.000000 0.000000 0.000000 0.000000 1.000000
0.081967 -0.969230 0.232107 0.626400 0.883294 0.178513 0.433502 3.675700 -0.461598 0.169486 0.870748 0.000000 0.000000 0.000000 0.000000 1.000000
0.081967 -0.969230 0.232107 0.626400 0.883294 0.178513 0.433502 3.675700 -0.461598 0.169486 0.870748 -0.000000 0.000000 0.000000 0.000000 1.000000
0.081967 -0.969230 0.232107 0.626400 0.883294 0.178512 0.433503 3.675700 -0.461598 0.169486 0.870748 0.000000 0.000000 0.000000 0.000000 1.000000
0.081967 -0.969230 0.232108 0.626400 0.883294 0.178513 0.433502 3.675700 -0.461598 0.169487 0.870748 0.000000 0.000000 0.000000 0.000000 1.000000
0.081967 -0.969230 0.232107 0.626400 0.883294 0.178513 0.433502 3.675700 -0.461598 0.169486 0.870748 0.000000 0.000000 0.000000 0.000000 1.000000
0.081967 -0.969230 0.232108 0.626400 0.883294 0.178513 0.433502 3.675700 -0.461598 0.169486 0.870748 0.000000 0.000000 0.000000 0.000000 1.000000
0.081967 -0.969230 0.232107 0.626400 0.883294 0.178513 0.433502 3.675700 -0.461598 0.169486 0.870748 0.000000 0.000000 0.000000 0.000000 1.000000
0.081967 -0.969230 0.232107 0.626400 0.883294 0.178513 0.433502 3.675700 -0.461598 0.169486 0.870748 0.000000 0.000000 0.000000 0.000000 1.000000
0.081967 -0.969230 0.232107 0.626400 0.883294 0.178513 0.433503 3.675700 -0.461598 0.169486 0.870748 0.000000 0.000000 0.000000 0.000000 1.000000
0.081967 -0.969230 0.232107 0.626400 0.883294 0.178513 0.433503 3.675700 -0.461598 0.169486 0.870748 0.000000 0.000000 0.000000 0.000000 1.000000
0.081967 -0.969230 0.232107 0.626400 0.883294 0.178513 0.433502 3.675700 -0.461598 0.169486 0.870748 -0.000000 0.000000 0.000000 0.000000 1.000000
0.081967 -0.969230 0.232107 0.626400 0.883294 0.178513 0.433503 3.675700 -0.461598 0.169486 0.870748 0.000000 0.000000 0.000000 0.000000 1.000000
0.081967 -0.969230 0.232107 0.626400 0.883294 0.178513 0.433503 3.675700 -0.461598 0.169486 0.870748 0.000000 0.000000 0.000000 0.000000 1.000000
0.081967 -0.969230 0.232107 0.626400 0.883294 0.178513 0.433502 3.675700 -0.461598 0.169486 0.870748 -0.000000 0.000000 0.000000 0.000000 1.000000
0.081968 -0.969230 0.232108 0.626400 0.883294 0.178514 0.433502 3.675700 -0.461598 0.169486 0.870748 0.000000 0.000000 0.000000 0.000000 1.000000
0.081967 -0.969230 0.232107 0.626400 0.883294 0.178513 0.433502 3.675700 -0.461598 0.169486 0.870748 -0.000000 0.000000 0.000000 0.000000 1.000000
0.081967 -0.969231 0.232107 0.626400 0.883294 0.178513 0.433503 3.675700 -0.461598 0.169486 0.870748 0.000000 0.000000 0.000000 0.000000 1.000000
0.081966 -0.969230 0.232107 0.626400 0.883294 0.178512 0.433503 3.675700 -0.461598 0.169487 0.870748 -0.000000 0.000000 0.000000 0.000000 1.000000
0.081967 -0.969230 0.232108 0.626400 0.883294 0.178513 0.433502 3.675700 -0.461598 0.169486 0.870748 0.000000 0.000000 0.000000 0.000000 1.000000
0.081967 -0.969230 0.232107 0.626400 0.883294 0.178513 0.433502 3.675700 -0.461598 0.169486 0.870748 0.000000 0.000000 0.000000 0.000000 1.000000</float_array>
        <technique_common>
          <accessor source="#mixamorig_RightHandThumb2-Matrix-animation-output-transform-array" count="40" stride="16">
            <param type="float4x4"/>
          </accessor>
        </technique_common>
      </source>
      <source id="mixamorig_RightHandThumb2-Interpolations">
        <Name_array id="mixamorig_RightHandThumb2-Interpolations-array" count="40">
 LINEAR LINEAR LINEAR LINEAR LINEAR LINEAR LINEAR LINEAR LINEAR LINEAR LINEAR
LINEAR LINEAR LINEAR LINEAR LINEAR LINEAR LINEAR LINEAR LINEAR LINEAR LINEAR LINEAR
LINEAR LINEAR LINEAR LINEAR LINEAR LINEAR LINEAR LINEAR LINEAR LINEAR LINEAR LINEAR
LINEAR LINEAR LINEAR LINEAR LINEAR</Name_array>
        <technique_common>
          <accessor source="#mixamorig_RightHandThumb2-Interpolations-array" count="40">
            <param type="name"/>
          </accessor>
        </technique_common>
      </source>
      <sampler id="mixamorig_RightHandThumb2-Matrix-animation-transform">
        <input semantic="INPUT" source="#mixamorig_RightHandThumb2-Matrix-animation-input"/>
        <input semantic="OUTPUT" source="#mixamorig_RightHandThumb2-Matrix-animation-output-transform"/>
        <input semantic="INTERPOLATION" source="#mixamorig_RightHandThumb2-Interpolations"/>
      </sampler>
      <channel source="#mixamorig_RightHandThumb2-Matrix-animation-transform" target="mixamorig_RightHandThumb2/matrix"/>
    </animation>
    <animation id="mixamorig_RightHandThumb3-anim" name="mixamorig_RightHandThumb3">
      <source id="mixamorig_RightHandThumb3-Matrix-animation-input">
        <float_array id="mixamorig_RightHandThumb3-Matrix-animation-input-array" count="40">

0.000000 0.033333 0.066667 0.100000 0.133333 0.166667 0.200000 0.233333 0.266667 0.300000 0.333333 0.366667 0.400000 0.433333 0.466667 0.500000
0.533333 0.566667 0.600000 0.633333 0.666667 0.700000 0.733333 0.766667 0.800000 0.833333 0.866667 0.900000 0.933333 0.966667 1.000000 1.033333
1.066667 1.100000 1.133333 1.166667 1.200000 1.233333 1.266667 1.300000</float_array>
        <technique_common>
          <accessor source="#mixamorig_RightHandThumb3-Matrix-animation-input-array" count="40">
            <param name="TIME" type="float"/>
          </accessor>
        </technique_common>
      </source>
      <source id="mixamorig_RightHandThumb3-Matrix-animation-output-transform">
        <float_array id="mixamorig_RightHandThumb3-Matrix-animation-output-transform-array" count="640">

0.882385 -0.437940 0.172061 0.051700 0.397495 0.889474 0.225462 3.412800 -0.251783 -0.130551 0.958938 -0.000000 0.000000 0.000000 0.000000 1.000000
0.882385 -0.437940 0.172061 0.051700 0.397495 0.889474 0.225462 3.412800 -0.251783 -0.130551 0.958938 0.000000 0.000000 0.000000 0.000000 1.000000
0.882385 -0.437940 0.172061 0.051700 0.397495 0.889474 0.225463 3.412800 -0.251783 -0.130551 0.958938 0.000000 0.000000 0.000000 0.000000 1.000000
0.882385 -0.437940 0.172061 0.051700 0.397495 0.889474 0.225462 3.412800 -0.251783 -0.130551 0.958938 0.000000 0.000000 0.000000 0.000000 1.000000
0.882385 -0.437940 0.172061 0.051700 0.397495 0.889475 0.225462 3.412800 -0.251783 -0.130551 0.958938 0.000000 0.000000 0.000000 0.000000 1.000000
0.882385 -0.437940 0.172061 0.051700 0.397495 0.889474 0.225463 3.412800 -0.251783 -0.130551 0.958938 0.000000 0.000000 0.000000 0.000000 1.000000
0.882385 -0.437940 0.172061 0.051700 0.397495 0.889475 0.225462 3.412800 -0.251783 -0.130551 0.958938 0.000000 0.000000 0.000000 0.000000 1.000000
0.882385 -0.437940 0.172061 0.051700 0.397495 0.889474 0.225462 3.412800 -0.251783 -0.130551 0.958938 0.000000 0.000000 0.000000 0.000000 1.000000
0.882385 -0.437940 0.172061 0.051700 0.397495 0.889474 0.225462 3.412800 -0.251783 -0.130551 0.958938 0.000000 0.000000 0.000000 0.000000 1.000000
0.882385 -0.437940 0.172061 0.051700 0.397495 0.889474 0.225463 3.412800 -0.251783 -0.130551 0.958938 0.000000 0.000000 0.000000 0.000000 1.000000
0.882385 -0.437941 0.172061 0.051700 0.397495 0.889474 0.225462 3.412800 -0.251783 -0.130551 0.958938 0.000000 0.000000 0.000000 0.000000 1.000000
0.882385 -0.437940 0.172061 0.051700 0.397495 0.889474 0.225462 3.412800 -0.251783 -0.130551 0.958938 0.000000 0.000000 0.000000 0.000000 1.000000
0.882385 -0.437940 0.172061 0.051700 0.397495 0.889475 0.225462 3.412800 -0.251783 -0.130551 0.958938 0.000000 0.000000 0.000000 0.000000 1.000000
0.882385 -0.437940 0.172061 0.051700 0.397495 0.889474 0.225462 3.412800 -0.251783 -0.130551 0.958938 0.000000 0.000000 0.000000 0.000000 1.000000
0.882385 -0.437940 0.172061 0.051700 0.397494 0.889474 0.225462 3.412800 -0.251783 -0.130551 0.958938 0.000000 0.000000 0.000000 0.000000 1.000000
0.882385 -0.437940 0.172061 0.051700 0.397495 0.889474 0.225462 3.412800 -0.251783 -0.130551 0.958938 0.000000 0.000000 0.000000 0.000000 1.000000
0.882385 -0.437940 0.172061 0.051700 0.397495 0.889474 0.225462 3.412800 -0.251783 -0.130551 0.958938 0.000000 0.000000 0.000000 0.000000 1.000000
0.882385 -0.437940 0.172061 0.051700 0.397495 0.889474 0.225462 3.412800 -0.251783 -0.130551 0.958938 0.000000 0.000000 0.000000 0.000000 1.000000
0.882385 -0.437941 0.172061 0.051700 0.397495 0.889474 0.225463 3.412800 -0.251783 -0.130552 0.958938 0.000000 0.000000 0.000000 0.000000 1.000000
0.882385 -0.437941 0.172061 0.051700 0.397495 0.889474 0.225462 3.412800 -0.251783 -0.130551 0.958938 -0.000000 0.000000 0.000000 0.000000 1.000000
0.882385 -0.437940 0.172061 0.051700 0.397495 0.889474 0.225463 3.412800 -0.251783 -0.130551 0.958938 0.000000 0.000000 0.000000 0.000000 1.000000
0.882385 -0.437940 0.172061 0.051700 0.397495 0.889474 0.225462 3.412800 -0.251783 -0.130551 0.958938 0.000000 0.000000 0.000000 0.000000 1.000000
0.882385 -0.437940 0.172061 0.051700 0.397495 0.889474 0.225462 3.412800 -0.251783 -0.130551 0.958938 0.000000 0.000000 0.000000 0.000000 1.000000
0.882385 -0.437940 0.172061 0.051700 0.397495 0.889474 0.225463 3.412800 -0.251783 -0.130551 0.958938 0.000000 0.000000 0.000000 0.000000 1.000000
0.882385 -0.437941 0.172061 0.051700 0.397495 0.889474 0.225463 3.412800 -0.251783 -0.130551 0.958938 0.000000 0.000000 0.000000 0.000000 1.000000
0.882385 -0.437940 0.172061 0.051700 0.397495 0.889474 0.225462 3.412800 -0.251783 -0.130551 0.958938 0.000000 0.000000 0.000000 0.000000 1.000000
0.882385 -0.437940 0.172061 0.051700 0.397495 0.889474 0.225462 3.412800 -0.251783 -0.130551 0.958938 0.000000 0.000000 0.000000 0.000000 1.000000
0.882385 -0.437940 0.172061 0.051700 0.397495 0.889474 0.225462 3.412800 -0.251783 -0.130551 0.958938 0.000000 0.000000 0.000000 0.000000 1.000000
0.882385 -0.437940 0.172061 0.051700 0.397494 0.889475 0.225462 3.412800 -0.251783 -0.130552 0.958938 0.000000 0.000000 0.000000 0.000000 1.000000
0.882385 -0.437940 0.172061 0.051700 0.397495 0.889474 0.225462 3.412800 -0.251783 -0.130551 0.958938 0.000000 0.000000 0.000000 0.000000 1.000000
0.882385 -0.437940 0.172061 0.051700 0.397494 0.889474 0.225462 3.412800 -0.251783 -0.130551 0.958938 0.000000 0.000000 0.000000 0.000000 1.000000
0.882385 -0.437940 0.172061 0.051700 0.397495 0.889474 0.225463 3.412800 -0.251783 -0.130551 0.958938 0.000000 0.000000 0.000000 0.000000 1.000000
0.882385 -0.437940 0.172061 0.051700 0.397495 0.889474 0.225462 3.412800 -0.251783 -0.130551 0.958938 0.000000 0.000000 0.000000 0.000000 1.000000
0.882385 -0.437940 0.172061 0.051700 0.397495 0.889474 0.225462 3.412800 -0.251783 -0.130551 0.958938 -0.000000 0.000000 0.000000 0.000000 1.000000
0.882385 -0.437940 0.172061 0.051700 0.397495 0.889474 0.225462 3.412800 -0.251783 -0.130551 0.958938 -0.000000 0.000000 0.000000 0.000000 1.000000
0.882385 -0.437940 0.172061 0.051700 0.397495 0.889474 0.225462 3.412800 -0.251783 -0.130551 0.958938 0.000000 0.000000 0.000000 0.000000 1.000000
0.882385 -0.437941 0.172061 0.051700 0.397495 0.889474 0.225462 3.412800 -0.251783 -0.130551 0.958938 0.000000 0.000000 0.000000 0.000000 1.000000
0.882385 -0.437940 0.172061 0.051700 0.397494 0.889475 0.225462 3.412800 -0.251783 -0.130551 0.958938 0.000000 0.000000 0.000000 0.000000 1.000000
0.882385 -0.437940 0.172061 0.051700 0.397495 0.889474 0.225462 3.412800 -0.251783 -0.130551 0.958938 -0.000000 0.000000 0.000000 0.000000 1.000000
0.882385 -0.437940 0.172061 0.051700 0.397495 0.889474 0.225462 3.412800 -0.251783 -0.130551 0.958938 0.000000 0.000000 0.000000 0.000000 1.000000</float_array>
        <technique_common>
          <accessor source="#mixamorig_RightHandThumb3-Matrix-animation-output-transform-array" count="40" stride="16">
            <param type="float4x4"/>
          </accessor>
        </technique_common>
      </source>
      <source id="mixamorig_RightHandThumb3-Interpolations">
        <Name_array id="mixamorig_RightHandThumb3-Interpolations-array" count="40">
 LINEAR LINEAR LINEAR LINEAR LINEAR LINEAR LINEAR LINEAR LINEAR LINEAR LINEAR
LINEAR LINEAR LINEAR LINEAR LINEAR LINEAR LINEAR LINEAR LINEAR LINEAR LINEAR LINEAR
LINEAR LINEAR LINEAR LINEAR LINEAR LINEAR LINEAR LINEAR LINEAR LINEAR LINEAR LINEAR
LINEAR LINEAR LINEAR LINEAR LINEAR</Name_array>
        <technique_common>
          <accessor source="#mixamorig_RightHandThumb3-Interpolations-array" count="40">
            <param type="name"/>
          </accessor>
        </technique_common>
      </source>
      <sampler id="mixamorig_RightHandThumb3-Matrix-animation-transform">
        <input semantic="INPUT" source="#mixamorig_RightHandThumb3-Matrix-animation-input"/>
        <input semantic="OUTPUT" source="#mixamorig_RightHandThumb3-Matrix-animation-output-transform"/>
        <input semantic="INTERPOLATION" source="#mixamorig_RightHandThumb3-Interpolations"/>
      </sampler>
      <channel source="#mixamorig_RightHandThumb3-Matrix-animation-transform" target="mixamorig_RightHandThumb3/matrix"/>
    </animation>
    <animation id="mixamorig_RightHandIndex1-anim" name="mixamorig_RightHandIndex1">
      <source id="mixamorig_RightHandIndex1-Matrix-animation-input">
        <float_array id="mixamorig_RightHandIndex1-Matrix-animation-input-array" count="40">

0.000000 0.033333 0.066667 0.100000 0.133333 0.166667 0.200000 0.233333 0.266667 0.300000 0.333333 0.366667 0.400000 0.433333 0.466667 0.500000
0.533333 0.566667 0.600000 0.633333 0.666667 0.700000 0.733333 0.766667 0.800000 0.833333 0.866667 0.900000 0.933333 0.966667 1.000000 1.033333
1.066667 1.100000 1.133333 1.166667 1.200000 1.233333 1.266667 1.300000</float_array>
        <technique_common>
          <accessor source="#mixamorig_RightHandIndex1-Matrix-animation-input-array" count="40">
            <param name="TIME" type="float"/>
          </accessor>
        </technique_common>
      </source>
      <source id="mixamorig_RightHandIndex1-Matrix-animation-output-transform">
        <float_array id="mixamorig_RightHandIndex1-Matrix-animation-output-transform-array" count="640">

0.984268 -0.158193 0.078682 3.575600 0.034237 -0.266121 -0.963331 10.595700 0.173331 0.950870 -0.256519 0.109000 0.000000 0.000000 0.000000 1.000000
0.984268 -0.158193 0.078682 3.575600 0.034237 -0.266122 -0.963331 10.595700 0.173331 0.950870 -0.256519 0.109000 0.000000 0.000000 0.000000 1.000000
0.984268 -0.158193 0.078682 3.575600 0.034237 -0.266121 -0.963331 10.595700 0.173332 0.950870 -0.256519 0.109000 0.000000 0.000000 0.000000 1.000000
0.984268 -0.158193 0.078682 3.575600 0.034237 -0.266121 -0.963331 10.595700 0.173331 0.950870 -0.256519 0.109000 0.000000 0.000000 0.000000 1.000000
0.984268 -0.158193 0.078682 3.575600 0.034237 -0.266122 -0.963331 10.595700 0.173331 0.950870 -0.256519 0.109000 0.000000 0.000000 0.000000 1.000000
0.984268 -0.158193 0.078682 3.575600 0.034237 -0.266122 -0.963331 10.595700 0.173331 0.950870 -0.256519 0.109000 0.000000 0.000000 0.000000 1.000000
0.984268 -0.158193 0.078682 3.575600 0.034237 -0.266122 -0.963331 10.595700 0.173331 0.950870 -0.256519 0.109000 0.000000 0.000000 0.000000 1.000000
0.984268 -0.158193 0.078682 3.575600 0.034237 -0.266121 -0.963331 10.595700 0.173332 0.950870 -0.256519 0.109000 0.000000 0.000000 0.000000 1.000000
0.984268 -0.158193 0.078682 3.575600 0.034237 -0.266122 -0.963331 10.595700 0.173332 0.950870 -0.256519 0.109000 0.000000 0.000000 0.000000 1.000000
0.984268 -0.158193 0.078682 3.575600 0.034237 -0.266122 -0.963331 10.595700 0.173331 0.950870 -0.256519 0.109000 0.000000 0.000000 0.000000 1.000000
0.984268 -0.158193 0.078682 3.575600 0.034237 -0.266121 -0.963331 10.595700 0.173332 0.950870 -0.256519 0.109000 0.000000 0.000000 0.000000 1.000000
0.984268 -0.158193 0.078682 3.575600 0.034237 -0.266121 -0.963331 10.595700 0.173331 0.950870 -0.256519 0.109000 0.000000 0.000000 0.000000 1.000000
0.984268 -0.158193 0.078682 3.575600 0.034237 -0.266122 -0.963331 10.595700 0.173331 0.950870 -0.256519 0.109000 0.000000 0.000000 0.000000 1.000000
0.984268 -0.158193 0.078682 3.575600 0.034237 -0.266122 -0.963331 10.595700 0.173331 0.950870 -0.256519 0.109000 0.000000 0.000000 0.000000 1.000000
0.984268 -0.158193 0.078682 3.575600 0.034237 -0.266122 -0.963331 10.595700 0.173331 0.950870 -0.256519 0.109000 0.000000 0.000000 0.000000 1.000000
0.984268 -0.158193 0.078682 3.575600 0.034237 -0.266121 -0.963331 10.595700 0.173331 0.950870 -0.256519 0.109000 0.000000 0.000000 0.000000 1.000000
0.984268 -0.158193 0.078682 3.575600 0.034237 -0.266121 -0.963331 10.595700 0.173331 0.950870 -0.256519 0.109000 0.000000 0.000000 0.000000 1.000000
0.984268 -0.158193 0.078682 3.575600 0.034237 -0.266121 -0.963331 10.595700 0.173332 0.950870 -0.256519 0.109000 0.000000 0.000000 0.000000 1.000000
0.984268 -0.158193 0.078682 3.575600 0.034237 -0.266122 -0.963331 10.595700 0.173332 0.950870 -0.256519 0.109000 0.000000 0.000000 0.000000 1.000000
0.984268 -0.158193 0.078682 3.575600 0.034237 -0.266122 -0.963331 10.595700 0.173332 0.950870 -0.256519 0.109000 0.000000 0.000000 0.000000 1.000000
0.984268 -0.158193 0.078682 3.575600 0.034237 -0.266122 -0.963331 10.595700 0.173331 0.950870 -0.256519 0.109000 0.000000 0.000000 0.000000 1.000000
0.984268 -0.158193 0.078682 3.575600 0.034237 -0.266122 -0.963331 10.595700 0.173331 0.950870 -0.256519 0.109000 0.000000 0.000000 0.000000 1.000000
0.984268 -0.158193 0.078682 3.575600 0.034237 -0.266122 -0.963331 10.595700 0.173332 0.950870 -0.256519 0.109000 0.000000 0.000000 0.000000 1.000000
0.984268 -0.158193 0.078682 3.575600 0.034237 -0.266122 -0.963331 10.595700 0.173331 0.950870 -0.256519 0.109000 0.000000 0.000000 0.000000 1.000000
0.984268 -0.158193 0.078682 3.575600 0.034237 -0.266121 -0.963331 10.595700 0.173332 0.950870 -0.256519 0.109000 0.000000 0.000000 0.000000 1.000000
0.984268 -0.158193 0.078682 3.575600 0.034237 -0.266122 -0.963331 10.595700 0.173332 0.950870 -0.256519 0.109000 0.000000 0.000000 0.000000 1.000000
0.984268 -0.158193 0.078682 3.575600 0.034237 -0.266122 -0.963331 10.595700 0.173332 0.950870 -0.256519 0.109000 0.000000 0.000000 0.000000 1.000000
0.984268 -0.158193 0.078682 3.575600 0.034237 -0.266121 -0.963331 10.595700 0.173331 0.950870 -0.256519 0.109000 0.000000 0.000000 0.000000 1.000000
0.984268 -0.158193 0.078682 3.575600 0.034237 -0.266122 -0.963331 10.595700 0.173331 0.950870 -0.256519 0.109000 0.000000 0.000000 0.000000 1.000000
0.984268 -0.158193 0.078682 3.575600 0.034237 -0.266122 -0.963331 10.595700 0.173331 0.950870 -0.256519 0.109000 0.000000 0.000000 0.000000 1.000000
0.984268 -0.158193 0.078682 3.575600 0.034237 -0.266121 -0.963331 10.595700 0.173332 0.950870 -0.256519 0.109000 0.000000 0.000000 0.000000 1.000000
0.984268 -0.158193 0.078682 3.575600 0.034237 -0.266122 -0.963331 10.595700 0.173332 0.950870 -0.256519 0.109000 0.000000 0.000000 0.000000 1.000000
0.984268 -0.158193 0.078682 3.575600 0.034237 -0.266121 -0.963331 10.595700 0.173332 0.950870 -0.256519 0.109000 0.000000 0.000000 0.000000 1.000000
0.984268 -0.158193 0.078682 3.575600 0.034237 -0.266122 -0.963331 10.595700 0.173332 0.950870 -0.256519 0.109000 0.000000 0.000000 0.000000 1.000000
0.984268 -0.158193 0.078682 3.575600 0.034237 -0.266122 -0.963331 10.595700 0.173332 0.950870 -0.256519 0.109000 0.000000 0.000000 0.000000 1.000000
0.984268 -0.158193 0.078682 3.575600 0.034237 -0.266122 -0.963331 10.595700 0.173331 0.950870 -0.256519 0.109000 0.000000 0.000000 0.000000 1.000000
0.984268 -0.158193 0.078682 3.575600 0.034237 -0.266122 -0.963331 10.595700 0.173331 0.950870 -0.256519 0.109000 0.000000 0.000000 0.000000 1.000000
0.984268 -0.158193 0.078682 3.575600 0.034237 -0.266122 -0.963331 10.595700 0.173332 0.950870 -0.256519 0.109000 0.000000 0.000000 0.000000 1.000000
0.984268 -0.158193 0.078682 3.575600 0.034237 -0.266122 -0.963331 10.595700 0.173331 0.950870 -0.256519 0.109000 0.000000 0.000000 0.000000 1.000000
0.984268 -0.158193 0.078682 3.575600 0.034237 -0.266122 -0.963331 10.595700 0.173331 0.950870 -0.256519 0.109000 0.000000 0.000000 0.000000 1.000000</float_array>
        <technique_common>
          <accessor source="#mixamorig_RightHandIndex1-Matrix-animation-output-transform-array" count="40" stride="16">
            <param type="float4x4"/>
          </accessor>
        </technique_common>
      </source>
      <source id="mixamorig_RightHandIndex1-Interpolations">
        <Name_array id="mixamorig_RightHandIndex1-Interpolations-array" count="40">
 LINEAR LINEAR LINEAR LINEAR LINEAR LINEAR LINEAR LINEAR LINEAR LINEAR LINEAR
LINEAR LINEAR LINEAR LINEAR LINEAR LINEAR LINEAR LINEAR LINEAR LINEAR LINEAR LINEAR
LINEAR LINEAR LINEAR LINEAR LINEAR LINEAR LINEAR LINEAR LINEAR LINEAR LINEAR LINEAR
LINEAR LINEAR LINEAR LINEAR LINEAR</Name_array>
        <technique_common>
          <accessor source="#mixamorig_RightHandIndex1-Interpolations-array" count="40">
            <param type="name"/>
          </accessor>
        </technique_common>
      </source>
      <sampler id="mixamorig_RightHandIndex1-Matrix-animation-transform">
        <input semantic="INPUT" source="#mixamorig_RightHandIndex1-Matrix-animation-input"/>
        <input semantic="OUTPUT" source="#mixamorig_RightHandIndex1-Matrix-animation-output-transform"/>
        <input semantic="INTERPOLATION" source="#mixamorig_RightHandIndex1-Interpolations"/>
      </sampler>
      <channel source="#mixamorig_RightHandIndex1-Matrix-animation-transform" target="mixamorig_RightHandIndex1/matrix"/>
    </animation>
    <animation id="mixamorig_RightHandIndex2-anim" name="mixamorig_RightHandIndex2">
      <source id="mixamorig_RightHandIndex2-Matrix-animation-input">
        <float_array id="mixamorig_RightHandIndex2-Matrix-animation-input-array" count="40">

0.000000 0.033333 0.066667 0.100000 0.133333 0.166667 0.200000 0.233333 0.266667 0.300000 0.333333 0.366667 0.400000 0.433333 0.466667 0.500000
0.533333 0.566667 0.600000 0.633333 0.666667 0.700000 0.733333 0.766667 0.800000 0.833333 0.866667 0.900000 0.933333 0.966667 1.000000 1.033333
1.066667 1.100000 1.133333 1.166667 1.200000 1.233333 1.266667 1.300000</float_array>
        <technique_common>
          <accessor source="#mixamorig_RightHandIndex2-Matrix-animation-input-array" count="40">
            <param name="TIME" type="float"/>
          </accessor>
        </technique_common>
      </source>
      <source id="mixamorig_RightHandIndex2-Matrix-animation-output-transform">
        <float_array id="mixamorig_RightHandIndex2-Matrix-animation-output-transform-array" count="640">

0.978028 -0.141581 0.153025 -0.015200 0.144036 -0.071752 -0.986968 3.237700 0.150715 0.987323 -0.049783 0.000000 0.000000 0.000000 0.000000 1.000000
0.978028 -0.141580 0.153025 -0.015200 0.144037 -0.071752 -0.986968 3.237700 0.150715 0.987323 -0.049782 -0.000000 0.000000 0.000000 0.000000 1.000000
0.978028 -0.141580 0.153025 -0.015200 0.144037 -0.071752 -0.986968 3.237700 0.150715 0.987323 -0.049782 -0.000000 0.000000 0.000000 0.000000 1.000000
0.978028 -0.141580 0.153025 -0.015200 0.144037 -0.071752 -0.986968 3.237700 0.150715 0.987323 -0.049783 0.000000 0.000000 0.000000 0.000000 1.000000
0.978028 -0.141580 0.153025 -0.015200 0.144037 -0.071751 -0.986968 3.237700 0.150715 0.987323 -0.049782 0.000000 0.000000 0.000000 0.000000 1.000000
0.978028 -0.141581 0.153025 -0.015200 0.144037 -0.071751 -0.986968 3.237700 0.150715 0.987323 -0.049782 0.000000 0.000000 0.000000 0.000000 1.000000
0.978028 -0.141581 0.153025 -0.015200 0.144037 -0.071752 -0.986968 3.237700 0.150715 0.987323 -0.049782 0.000000 0.000000 0.000000 0.000000 1.000000
0.978028 -0.141580 0.153024 -0.015200 0.144036 -0.071752 -0.986968 3.237700 0.150715 0.987323 -0.049783 0.000000 0.000000 0.000000 0.000000 1.000000
0.978028 -0.141581 0.153025 -0.015200 0.144037 -0.071752 -0.986968 3.237700 0.150716 0.987323 -0.049782 0.000000 0.000000 0.000000 0.000000 1.000000
0.978028 -0.141581 0.153025 -0.015200 0.144037 -0.071752 -0.986968 3.237700 0.150715 0.987323 -0.049782 -0.000000 0.000000 0.000000 0.000000 1.000000
0.978028 -0.141581 0.153025 -0.015200 0.144037 -0.071752 -0.986968 3.237700 0.150716 0.987323 -0.049783 0.000000 0.000000 0.000000 0.000000 1.000000
0.978028 -0.141581 0.153025 -0.015200 0.144037 -0.071752 -0.986968 3.237700 0.150715 0.987323 -0.049782 0.000000 0.000000 0.000000 0.000000 1.000000
0.978028 -0.141581 0.153025 -0.015200 0.144037 -0.071752 -0.986968 3.237700 0.150715 0.987323 -0.049783 0.000000 0.000000 0.000000 0.000000 1.000000
0.978028 -0.141580 0.153025 -0.015200 0.144037 -0.071752 -0.986968 3.237700 0.150715 0.987323 -0.049782 0.000000 0.000000 0.000000 0.000000 1.000000
0.978028 -0.141580 0.153025 -0.015200 0.144037 -0.071752 -0.986968 3.237700 0.150715 0.987323 -0.049782 0.000000 0.000000 0.000000 0.000000 1.000000
0.978028 -0.141581 0.153025 -0.015200 0.144037 -0.071751 -0.986968 3.237700 0.150715 0.987323 -0.049782 0.000000 0.000000 0.000000 0.000000 1.000000
0.978028 -0.141581 0.153025 -0.015200 0.144037 -0.071752 -0.986968 3.237700 0.150715 0.987323 -0.049782 0.000000 0.000000 0.000000 0.000000 1.000000
0.978028 -0.141581 0.153025 -0.015200 0.144037 -0.071752 -0.986968 3.237700 0.150715 0.987323 -0.049782 0.000000 0.000000 0.000000 0.000000 1.000000
0.978028 -0.141581 0.153025 -0.015200 0.144037 -0.071752 -0.986968 3.237700 0.150715 0.987323 -0.049782 -0.000000 0.000000 0.000000 0.000000 1.000000
0.978028 -0.141581 0.153025 -0.015200 0.144037 -0.071752 -0.986968 3.237700 0.150715 0.987323 -0.049782 0.000000 0.000000 0.000000 0.000000 1.000000
0.978028 -0.141581 0.153025 -0.015200 0.144037 -0.071752 -0.986968 3.237700 0.150715 0.987323 -0.049783 -0.000000 0.000000 0.000000 0.000000 1.000000
0.978028 -0.141580 0.153025 -0.015200 0.144037 -0.071752 -0.986968 3.237700 0.150715 0.987323 -0.049783 0.000000 0.000000 0.000000 0.000000 1.000000
0.978028 -0.141581 0.153025 -0.015200 0.144037 -0.071752 -0.986968 3.237700 0.150715 0.987323 -0.049783 -0.000000 0.000000 0.000000 0.000000 1.000000
0.978028 -0.141581 0.153025 -0.015200 0.144037 -0.071752 -0.986968 3.237700 0.150715 0.987323 -0.049782 0.000000 0.000000 0.000000 0.000000 1.000000
0.978028 -0.141581 0.153025 -0.015200 0.144036 -0.071752 -0.986968 3.237700 0.150715 0.987323 -0.049782 0.000000 0.000000 0.000000 0.000000 1.000000
0.978028 -0.141581 0.153025 -0.015200 0.144037 -0.071751 -0.986968 3.237700 0.150715 0.987323 -0.049782 0.000000 0.000000 0.000000 0.000000 1.000000
0.978028 -0.141581 0.153025 -0.015200 0.144037 -0.071752 -0.986968 3.237700 0.150715 0.987323 -0.049782 0.000000 0.000000 0.000000 0.000000 1.000000
0.978028 -0.141581 0.153025 -0.015200 0.144037 -0.071751 -0.986968 3.237700 0.150715 0.987323 -0.049782 0.000000 0.000000 0.000000 0.000000 1.000000
0.978028 -0.141581 0.153025 -0.015200 0.144037 -0.071752 -0.986968 3.237700 0.150715 0.987323 -0.049782 0.000000 0.000000 0.000000 0.000000 1.000000
0.978028 -0.141581 0.153025 -0.015200 0.144037 -0.071752 -0.986968 3.237700 0.150715 0.987323 -0.049782 0.000000 0.000000 0.000000 0.000000 1.000000
0.978028 -0.141581 0.153025 -0.015200 0.144037 -0.071752 -0.986968 3.237700 0.150715 0.987323 -0.049783 -0.000000 0.000000 0.000000 0.000000 1.000000
0.978028 -0.141581 0.153025 -0.015200 0.144037 -0.071752 -0.986968 3.237700 0.150715 0.987323 -0.049782 0.000000 0.000000 0.000000 0.000000 1.000000
0.978028 -0.141581 0.153025 -0.015200 0.144037 -0.071752 -0.986968 3.237700 0.150715 0.987323 -0.049782 0.000000 0.000000 0.000000 0.000000 1.000000
0.978028 -0.141581 0.153025 -0.015200 0.144037 -0.071752 -0.986968 3.237700 0.150715 0.987323 -0.049782 0.000000 0.000000 0.000000 0.000000 1.000000
0.978028 -0.141581 0.153025 -0.015200 0.144037 -0.071751 -0.986968 3.237700 0.150715 0.987323 -0.049782 0.000000 0.000000 0.000000 0.000000 1.000000
0.978028 -0.141581 0.153025 -0.015200 0.144037 -0.071751 -0.986968 3.237700 0.150715 0.987323 -0.049782 -0.000000 0.000000 0.000000 0.000000 1.000000
0.978028 -0.141581 0.153025 -0.015200 0.144037 -0.071751 -0.986968 3.237700 0.150715 0.987323 -0.049782 0.000000 0.000000 0.000000 0.000000 1.000000
0.978028 -0.141581 0.153025 -0.015200 0.144037 -0.071752 -0.986968 3.237700 0.150715 0.987323 -0.049782 0.000000 0.000000 0.000000 0.000000 1.000000
0.978028 -0.141581 0.153025 -0.015200 0.144037 -0.071751 -0.986968 3.237700 0.150715 0.987323 -0.049782 0.000000 0.000000 0.000000 0.000000 1.000000
0.978028 -0.141581 0.153025 -0.015200 0.144036 -0.071752 -0.986968 3.237700 0.150715 0.987323 -0.049782 -0.000000 0.000000 0.000000 0.000000 1.000000</float_array>
        <technique_common>
          <accessor source="#mixamorig_RightHandIndex2-Matrix-animation-output-transform-array" count="40" stride="16">
            <param type="float4x4"/>
          </accessor>
        </technique_common>
      </source>
      <source id="mixamorig_RightHandIndex2-Interpolations">
        <Name_array id="mixamorig_RightHandIndex2-Interpolations-array" count="40">
 LINEAR LINEAR LINEAR LINEAR LINEAR LINEAR LINEAR LINEAR LINEAR LINEAR LINEAR
LINEAR LINEAR LINEAR LINEAR LINEAR LINEAR LINEAR LINEAR LINEAR LINEAR LINEAR LINEAR
LINEAR LINEAR LINEAR LINEAR LINEAR LINEAR LINEAR LINEAR LINEAR LINEAR LINEAR LINEAR
LINEAR LINEAR LINEAR LINEAR LINEAR</Name_array>
        <technique_common>
          <accessor source="#mixamorig_RightHandIndex2-Interpolations-array" count="40">
            <param type="name"/>
          </accessor>
        </technique_common>
      </source>
      <sampler id="mixamorig_RightHandIndex2-Matrix-animation-transform">
        <input semantic="INPUT" source="#mixamorig_RightHandIndex2-Matrix-animation-input"/>
        <input semantic="OUTPUT" source="#mixamorig_RightHandIndex2-Matrix-animation-output-transform"/>
        <input semantic="INTERPOLATION" source="#mixamorig_RightHandIndex2-Interpolations"/>
      </sampler>
      <channel source="#mixamorig_RightHandIndex2-Matrix-animation-transform" target="mixamorig_RightHandIndex2/matrix"/>
    </animation>
    <animation id="mixamorig_RightHandIndex3-anim" name="mixamorig_RightHandIndex3">
      <source id="mixamorig_RightHandIndex3-Matrix-animation-input">
        <float_array id="mixamorig_RightHandIndex3-Matrix-animation-input-array" count="40">

0.000000 0.033333 0.066667 0.100000 0.133333 0.166667 0.200000 0.233333 0.266667 0.300000 0.333333 0.366667 0.400000 0.433333 0.466667 0.500000
0.533333 0.566667 0.600000 0.633333 0.666667 0.700000 0.733333 0.766667 0.800000 0.833333 0.866667 0.900000 0.933333 0.966667 1.000000 1.033333
1.066667 1.100000 1.133333 1.166667 1.200000 1.233333 1.266667 1.300000</float_array>
        <technique_common>
          <accessor source="#mixamorig_RightHandIndex3-Matrix-animation-input-array" count="40">
            <param name="TIME" type="float"/>
          </accessor>
        </technique_common>
      </source>
      <source id="mixamorig_RightHandIndex3-Matrix-animation-output-transform">
        <float_array id="mixamorig_RightHandIndex3-Matrix-animation-output-transform-array" count="640">

0.993645 -0.104204 0.042548 0.006600 0.102498 0.681513 -0.724592 2.956600 0.046509 0.724349 0.687863 -0.000000 0.000000 0.000000 0.000000 1.000000
0.993645 -0.104205 0.042548 0.006600 0.102498 0.681513 -0.724593 2.956600 0.046509 0.724349 0.687863 0.000000 0.000000 0.000000 0.000000 1.000000
0.993645 -0.104205 0.042548 0.006600 0.102498 0.681513 -0.724593 2.956600 0.046509 0.724349 0.687863 0.000000 0.000000 0.000000 0.000000 1.000000
0.993645 -0.104205 0.042548 0.006600 0.102498 0.681513 -0.724592 2.956600 0.046509 0.724349 0.687863 -0.000000 0.000000 0.000000 0.000000 1.000000
0.993645 -0.104204 0.042548 0.006600 0.102498 0.681513 -0.724592 2.956600 0.046509 0.724349 0.687863 0.000000 0.000000 0.000000 0.000000 1.000000
0.993645 -0.104204 0.042548 0.006600 0.102498 0.681513 -0.724593 2.956600 0.046509 0.724349 0.687863 0.000000 0.000000 0.000000 0.000000 1.000000
0.993645 -0.104204 0.042548 0.006600 0.102498 0.681513 -0.724592 2.956600 0.046509 0.724349 0.687863 0.000000 0.000000 0.000000 0.000000 1.000000
0.993645 -0.104204 0.042548 0.006600 0.102498 0.681513 -0.724592 2.956600 0.046509 0.724349 0.687863 0.000000 0.000000 0.000000 0.000000 1.000000
0.993645 -0.104204 0.042548 0.006600 0.102498 0.681513 -0.724593 2.956600 0.046509 0.724349 0.687863 -0.000000 0.000000 0.000000 0.000000 1.000000
0.993645 -0.104204 0.042548 0.006600 0.102498 0.681513 -0.724592 2.956600 0.046509 0.724349 0.687863 0.000000 0.000000 0.000000 0.000000 1.000000
0.993645 -0.104205 0.042548 0.006600 0.102498 0.681513 -0.724593 2.956600 0.046509 0.724349 0.687863 0.000000 0.000000 0.000000 0.000000 1.000000
0.993645 -0.104204 0.042548 0.006600 0.102498 0.681513 -0.724592 2.956600 0.046509 0.724349 0.687863 0.000000 0.000000 0.000000 0.000000 1.000000
0.993645 -0.104205 0.042548 0.006600 0.102498 0.681513 -0.724593 2.956600 0.046509 0.724349 0.687863 0.000000 0.000000 0.000000 0.000000 1.000000
0.993645 -0.104204 0.042548 0.006600 0.102498 0.681513 -0.724593 2.956600 0.046509 0.724349 0.687863 0.000000 0.000000 0.000000 0.000000 1.000000
0.993645 -0.104205 0.042548 0.006600 0.102498 0.681513 -0.724592 2.956600 0.046509 0.724349 0.687863 0.000000 0.000000 0.000000 0.000000 1.000000
0.993645 -0.104204 0.042548 0.006600 0.102498 0.681513 -0.724592 2.956600 0.046509 0.724349 0.687863 0.000000 0.000000 0.000000 0.000000 1.000000
0.993645 -0.104204 0.042548 0.006600 0.102498 0.681513 -0.724592 2.956600 0.046509 0.724349 0.687863 0.000000 0.000000 0.000000 0.000000 1.000000
0.993645 -0.104204 0.042548 0.006600 0.102498 0.681513 -0.724593 2.956600 0.046509 0.724349 0.687863 0.000000 0.000000 0.000000 0.000000 1.000000
0.993645 -0.104204 0.042548 0.006600 0.102498 0.681513 -0.724592 2.956600 0.046509 0.724349 0.687863 0.000000 0.000000 0.000000 0.000000 1.000000
0.993645 -0.104204 0.042548 0.006600 0.102498 0.681513 -0.724593 2.956600 0.046509 0.724349 0.687863 0.000000 0.000000 0.000000 0.000000 1.000000
0.993645 -0.104205 0.042548 0.006600 0.102498 0.681513 -0.724593 2.956600 0.046509 0.724349 0.687863 0.000000 0.000000 0.000000 0.000000 1.000000
0.993645 -0.104205 0.042548 0.006600 0.102498 0.681513 -0.724592 2.956600 0.046509 0.724349 0.687863 0.000000 0.000000 0.000000 0.000000 1.000000
0.993645 -0.104204 0.042548 0.006600 0.102498 0.681513 -0.724593 2.956600 0.046509 0.724349 0.687863 -0.000000 0.000000 0.000000 0.000000 1.000000
0.993645 -0.104204 0.042548 0.006600 0.102498 0.681513 -0.724592 2.956600 0.046509 0.724349 0.687863 0.000000 0.000000 0.000000 0.000000 1.000000
0.993645 -0.104204 0.042548 0.006600 0.102498 0.681513 -0.724593 2.956600 0.046509 0.724349 0.687863 0.000000 0.000000 0.000000 0.000000 1.000000
0.993645 -0.104205 0.042548 0.006600 0.102498 0.681513 -0.724593 2.956600 0.046509 0.724349 0.687863 0.000000 0.000000 0.000000 0.000000 1.000000
0.993645 -0.104205 0.042548 0.006600 0.102498 0.681513 -0.724593 2.956600 0.046509 0.724349 0.687863 0.000000 0.000000 0.000000 0.000000 1.000000
0.993645 -0.104204 0.042548 0.006600 0.102498 0.681513 -0.724592 2.956600 0.046509 0.724349 0.687863 0.000000 0.000000 0.000000 0.000000 1.000000
0.993645 -0.104204 0.042548 0.006600 0.102498 0.681513 -0.724593 2.956600 0.046509 0.724349 0.687863 0.000000 0.000000 0.000000 0.000000 1.000000
0.993645 -0.104205 0.042548 0.006600 0.102498 0.681513 -0.724593 2.956600 0.046509 0.724349 0.687863 -0.000000 0.000000 0.000000 0.000000 1.000000
0.993645 -0.104204 0.042548 0.006600 0.102498 0.681513 -0.724593 2.956600 0.046509 0.724349 0.687863 0.000000 0.000000 0.000000 0.000000 1.000000
0.993645 -0.104205 0.042548 0.006600 0.102498 0.681513 -0.724593 2.956600 0.046509 0.724349 0.687863 0.000000 0.000000 0.000000 0.000000 1.000000
0.993645 -0.104204 0.042548 0.006600 0.102498 0.681513 -0.724593 2.956600 0.046509 0.724349 0.687863 -0.000000 0.000000 0.000000 0.000000 1.000000
0.993645 -0.104204 0.042548 0.006600 0.102498 0.681513 -0.724592 2.956600 0.046509 0.724349 0.687863 0.000000 0.000000 0.000000 0.000000 1.000000
0.993645 -0.104204 0.042548 0.006600 0.102498 0.681513 -0.724593 2.956600 0.046509 0.724349 0.687863 0.000000 0.000000 0.000000 0.000000 1.000000
0.993645 -0.104205 0.042548 0.006600 0.102498 0.681513 -0.724592 2.956600 0.046509 0.724349 0.687863 0.000000 0.000000 0.000000 0.000000 1.000000
0.993645 -0.104204 0.042548 0.006600 0.102498 0.681513 -0.724592 2.956600 0.046509 0.724349 0.687863 -0.000000 0.000000 0.000000 0.000000 1.000000
0.993645 -0.104204 0.042548 0.006600 0.102498 0.681513 -0.724593 2.956600 0.046509 0.724349 0.687863 0.000000 0.000000 0.000000 0.000000 1.000000
0.993645 -0.104204 0.042548 0.006600 0.102498 0.681513 -0.724593 2.956600 0.046509 0.724349 0.687863 0.000000 0.000000 0.000000 0.000000 1.000000
0.993645 -0.104204 0.042548 0.006600 0.102498 0.681513 -0.724593 2.956600 0.046509 0.724349 0.687863 -0.000000 0.000000 0.000000 0.000000 1.000000</float_array>
        <technique_common>
          <accessor source="#mixamorig_RightHandIndex3-Matrix-animation-output-transform-array" count="40" stride="16">
            <param type="float4x4"/>
          </accessor>
        </technique_common>
      </source>
      <source id="mixamorig_RightHandIndex3-Interpolations">
        <Name_array id="mixamorig_RightHandIndex3-Interpolations-array" count="40">
 LINEAR LINEAR LINEAR LINEAR LINEAR LINEAR LINEAR LINEAR LINEAR LINEAR LINEAR
LINEAR LINEAR LINEAR LINEAR LINEAR LINEAR LINEAR LINEAR LINEAR LINEAR LINEAR LINEAR
LINEAR LINEAR LINEAR LINEAR LINEAR LINEAR LINEAR LINEAR LINEAR LINEAR LINEAR LINEAR
LINEAR LINEAR LINEAR LINEAR LINEAR</Name_array>
        <technique_common>
          <accessor source="#mixamorig_RightHandIndex3-Interpolations-array" count="40">
            <param type="name"/>
          </accessor>
        </technique_common>
      </source>
      <sampler id="mixamorig_RightHandIndex3-Matrix-animation-transform">
        <input semantic="INPUT" source="#mixamorig_RightHandIndex3-Matrix-animation-input"/>
        <input semantic="OUTPUT" source="#mixamorig_RightHandIndex3-Matrix-animation-output-transform"/>
        <input semantic="INTERPOLATION" source="#mixamorig_RightHandIndex3-Interpolations"/>
      </sampler>
      <channel source="#mixamorig_RightHandIndex3-Matrix-animation-transform" target="mixamorig_RightHandIndex3/matrix"/>
    </animation>
    <animation id="mixamorig_RightHandMiddle1-anim" name="mixamorig_RightHandMiddle1">
      <source id="mixamorig_RightHandMiddle1-Matrix-animation-input">
        <float_array id="mixamorig_RightHandMiddle1-Matrix-animation-input-array" count="40">

0.000000 0.033333 0.066667 0.100000 0.133333 0.166667 0.200000 0.233333 0.266667 0.300000 0.333333 0.366667 0.400000 0.433333 0.466667 0.500000
0.533333 0.566667 0.600000 0.633333 0.666667 0.700000 0.733333 0.766667 0.800000 0.833333 0.866667 0.900000 0.933333 0.966667 1.000000 1.033333
1.066667 1.100000 1.133333 1.166667 1.200000 1.233333 1.266667 1.300000</float_array>
        <technique_common>
          <accessor source="#mixamorig_RightHandMiddle1-Matrix-animation-input-array" count="40">
            <param name="TIME" type="float"/>
          </accessor>
        </technique_common>
      </source>
      <source id="mixamorig_RightHandMiddle1-Matrix-animation-output-transform">
        <float_array id="mixamorig_RightHandMiddle1-Matrix-animation-output-transform-array" count="640">

0.984739 -0.155951 0.077253 1.103900 0.033443 -0.266053 -0.963378 10.452100 0.170793 0.951260 -0.256777 -0.129100 0.000000 0.000000 0.000000 1.000000
0.984739 -0.155951 0.077253 1.103900 0.033443 -0.266053 -0.963378 10.452100 0.170793 0.951260 -0.256777 -0.129100 0.000000 0.000000 0.000000 1.000000
0.984739 -0.155951 0.077253 1.103900 0.033443 -0.266053 -0.963378 10.452100 0.170794 0.951260 -0.256777 -0.129100 0.000000 0.000000 0.000000 1.000000
0.984739 -0.155951 0.077253 1.103900 0.033443 -0.266053 -0.963378 10.452100 0.170793 0.951260 -0.256777 -0.129100 0.000000 0.000000 0.000000 1.000000
0.984739 -0.155951 0.077253 1.103900 0.033443 -0.266053 -0.963378 10.452100 0.170793 0.951260 -0.256777 -0.129100 0.000000 0.000000 0.000000 1.000000
0.984739 -0.155951 0.077253 1.103900 0.033443 -0.266053 -0.963378 10.452100 0.170793 0.951260 -0.256777 -0.129100 0.000000 0.000000 0.000000 1.000000
0.984739 -0.155951 0.077253 1.103900 0.033443 -0.266053 -0.963378 10.452100 0.170793 0.951260 -0.256777 -0.129100 0.000000 0.000000 0.000000 1.000000
0.984739 -0.155951 0.077253 1.103900 0.033443 -0.266052 -0.963378 10.452100 0.170794 0.951260 -0.256777 -0.129100 0.000000 0.000000 0.000000 1.000000
0.984739 -0.155951 0.077253 1.103900 0.033443 -0.266053 -0.963378 10.452100 0.170794 0.951260 -0.256777 -0.129100 0.000000 0.000000 0.000000 1.000000
0.984739 -0.155951 0.077253 1.103900 0.033443 -0.266053 -0.963378 10.452100 0.170793 0.951260 -0.256777 -0.129100 0.000000 0.000000 0.000000 1.000000
0.984739 -0.155951 0.077253 1.103900 0.033443 -0.266052 -0.963378 10.452100 0.170793 0.951260 -0.256777 -0.129100 0.000000 0.000000 0.000000 1.000000
0.984739 -0.155951 0.077253 1.103900 0.033443 -0.266053 -0.963378 10.452100 0.170793 0.951260 -0.256777 -0.129100 0.000000 0.000000 0.000000 1.000000
0.984739 -0.155951 0.077253 1.103900 0.033443 -0.266053 -0.963378 10.452100 0.170793 0.951260 -0.256778 -0.129100 0.000000 0.000000 0.000000 1.000000
0.984739 -0.155951 0.077253 1.103900 0.033443 -0.266053 -0.963378 10.452100 0.170793 0.951260 -0.256777 -0.129100 0.000000 0.000000 0.000000 1.000000
0.984739 -0.155951 0.077253 1.103900 0.033443 -0.266053 -0.963378 10.452100 0.170793 0.951260 -0.256777 -0.129100 0.000000 0.000000 0.000000 1.000000
0.984739 -0.155951 0.077253 1.103900 0.033443 -0.266052 -0.963378 10.452100 0.170793 0.951260 -0.256777 -0.129100 0.000000 0.000000 0.000000 1.000000
0.984739 -0.155951 0.077253 1.103900 0.033443 -0.266053 -0.963378 10.452100 0.170793 0.951260 -0.256777 -0.129100 0.000000 0.000000 0.000000 1.000000
0.984739 -0.155951 0.077253 1.103900 0.033443 -0.266053 -0.963378 10.452100 0.170793 0.951260 -0.256777 -0.129100 0.000000 0.000000 0.000000 1.000000
0.984739 -0.155951 0.077253 1.103900 0.033443 -0.266053 -0.963378 10.452100 0.170793 0.951260 -0.256777 -0.129100 0.000000 0.000000 0.000000 1.000000
0.984739 -0.155951 0.077253 1.103900 0.033443 -0.266053 -0.963378 10.452100 0.170793 0.951260 -0.256777 -0.129100 0.000000 0.000000 0.000000 1.000000
0.984739 -0.155951 0.077253 1.103900 0.033443 -0.266053 -0.963378 10.452100 0.170793 0.951260 -0.256777 -0.129100 0.000000 0.000000 0.000000 1.000000
0.984739 -0.155951 0.077253 1.103900 0.033443 -0.266053 -0.963378 10.452100 0.170793 0.951260 -0.256777 -0.129100 0.000000 0.000000 0.000000 1.000000
0.984739 -0.155951 0.077253 1.103900 0.033443 -0.266053 -0.963378 10.452100 0.170794 0.951260 -0.256777 -0.129100 0.000000 0.000000 0.000000 1.000000
0.984739 -0.155951 0.077253 1.103900 0.033443 -0.266053 -0.963378 10.452100 0.170793 0.951260 -0.256777 -0.129100 0.000000 0.000000 0.000000 1.000000
0.984739 -0.155951 0.077253 1.103900 0.033443 -0.266052 -0.963378 10.452100 0.170793 0.951260 -0.256777 -0.129100 0.000000 0.000000 0.000000 1.000000
0.984739 -0.155951 0.077253 1.103900 0.033443 -0.266053 -0.963378 10.452100 0.170794 0.951260 -0.256777 -0.129100 0.000000 0.000000 0.000000 1.000000
0.984739 -0.155951 0.077253 1.103900 0.033443 -0.266053 -0.963378 10.452100 0.170793 0.951260 -0.256777 -0.129100 0.000000 0.000000 0.000000 1.000000
0.984739 -0.155951 0.077253 1.103900 0.033443 -0.266052 -0.963378 10.452100 0.170793 0.951260 -0.256777 -0.129100 0.000000 0.000000 0.000000 1.000000
0.984739 -0.155951 0.077253 1.103900 0.033443 -0.266053 -0.963378 10.452100 0.170793 0.951260 -0.256777 -0.129100 0.000000 0.000000 0.000000 1.000000
0.984739 -0.155951 0.077253 1.103900 0.033443 -0.266053 -0.963378 10.452100 0.170794 0.951260 -0.256777 -0.129100 0.000000 0.000000 0.000000 1.000000
0.984739 -0.155951 0.077253 1.103900 0.033443 -0.266053 -0.963378 10.452100 0.170794 0.951260 -0.256777 -0.129100 0.000000 0.000000 0.000000 1.000000
0.984739 -0.155951 0.077253 1.103900 0.033443 -0.266053 -0.963378 10.452100 0.170793 0.951260 -0.256777 -0.129100 0.000000 0.000000 0.000000 1.000000
0.984739 -0.155951 0.077253 1.103900 0.033443 -0.266052 -0.963378 10.452100 0.170793 0.951260 -0.256777 -0.129100 0.000000 0.000000 0.000000 1.000000
0.984739 -0.155951 0.077253 1.103900 0.033443 -0.266053 -0.963378 10.452100 0.170794 0.951260 -0.256777 -0.129100 0.000000 0.000000 0.000000 1.000000
0.984739 -0.155951 0.077253 1.103900 0.033443 -0.266053 -0.963378 10.452100 0.170793 0.951260 -0.256777 -0.129100 0.000000 0.000000 0.000000 1.000000
0.984739 -0.155951 0.077253 1.103900 0.033443 -0.266053 -0.963378 10.452100 0.170793 0.951260 -0.256777 -0.129100 0.000000 0.000000 0.000000 1.000000
0.984739 -0.155951 0.077253 1.103900 0.033443 -0.266053 -0.963378 10.452100 0.170793 0.951260 -0.256777 -0.129100 0.000000 0.000000 0.000000 1.000000
0.984739 -0.155951 0.077253 1.103900 0.033443 -0.266053 -0.963378 10.452100 0.170793 0.951260 -0.256777 -0.129100 0.000000 0.000000 0.000000 1.000000
0.984739 -0.155951 0.077253 1.103900 0.033443 -0.266053 -0.963378 10.452100 0.170793 0.951260 -0.256777 -0.129100 0.000000 0.000000 0.000000 1.000000
0.984739 -0.155951 0.077253 1.103900 0.033443 -0.266053 -0.963378 10.452100 0.170793 0.951260 -0.256777 -0.129100 0.000000 0.000000 0.000000 1.000000</float_array>
        <technique_common>
          <accessor source="#mixamorig_RightHandMiddle1-Matrix-animation-output-transform-array" count="40" stride="16">
            <param type="float4x4"/>
          </accessor>
        </technique_common>
      </source>
      <source id="mixamorig_RightHandMiddle1-Interpolations">
        <Name_array id="mixamorig_RightHandMiddle1-Interpolations-array" count="40">
 LINEAR LINEAR LINEAR LINEAR LINEAR LINEAR LINEAR LINEAR LINEAR LINEAR LINEAR
LINEAR LINEAR LINEAR LINEAR LINEAR LINEAR LINEAR LINEAR LINEAR LINEAR LINEAR LINEAR
LINEAR LINEAR LINEAR LINEAR LINEAR LINEAR LINEAR LINEAR LINEAR LINEAR LINEAR LINEAR
LINEAR LINEAR LINEAR LINEAR LINEAR</Name_array>
        <technique_common>
          <accessor source="#mixamorig_RightHandMiddle1-Interpolations-array" count="40">
            <param type="name"/>
          </accessor>
        </technique_common>
      </source>
      <sampler id="mixamorig_RightHandMiddle1-Matrix-animation-transform">
        <input semantic="INPUT" source="#mixamorig_RightHandMiddle1-Matrix-animation-input"/>
        <input semantic="OUTPUT" source="#mixamorig_RightHandMiddle1-Matrix-animation-output-transform"/>
        <input semantic="INTERPOLATION" source="#mixamorig_RightHandMiddle1-Interpolations"/>
      </sampler>
      <channel source="#mixamorig_RightHandMiddle1-Matrix-animation-transform" target="mixamorig_RightHandMiddle1/matrix"/>
    </animation>
    <animation id="mixamorig_RightHandMiddle2-anim" name="mixamorig_RightHandMiddle2">
      <source id="mixamorig_RightHandMiddle2-Matrix-animation-input">
        <float_array id="mixamorig_RightHandMiddle2-Matrix-animation-input-array" count="40">

0.000000 0.033333 0.066667 0.100000 0.133333 0.166667 0.200000 0.233333 0.266667 0.300000 0.333333 0.366667 0.400000 0.433333 0.466667 0.500000
0.533333 0.566667 0.600000 0.633333 0.666667 0.700000 0.733333 0.766667 0.800000 0.833333 0.866667 0.900000 0.933333 0.966667 1.000000 1.033333
1.066667 1.100000 1.133333 1.166667 1.200000 1.233333 1.266667 1.300000</float_array>
        <technique_common>
          <accessor source="#mixamorig_RightHandMiddle2-Matrix-animation-input-array" count="40">
            <param name="TIME" type="float"/>
          </accessor>
        </technique_common>
      </source>
      <source id="mixamorig_RightHandMiddle2-Matrix-animation-output-transform">
        <float_array id="mixamorig_RightHandMiddle2-Matrix-animation-output-transform-array" count="640">

0.978066 -0.140745 0.153553 -0.024100 0.144548 -0.072174 -0.986862 3.457000 0.149979 0.987412 -0.050246 0.000000 0.000000 0.000000 0.000000 1.000000
0.978065 -0.140745 0.153553 -0.024100 0.144549 -0.072173 -0.986862 3.457000 0.149979 0.987412 -0.050245 0.000000 0.000000 0.000000 0.000000 1.000000
0.978065 -0.140745 0.153554 -0.024100 0.144549 -0.072173 -0.986862 3.457000 0.149979 0.987412 -0.050245 0.000000 0.000000 0.000000 0.000000 1.000000
0.978066 -0.140745 0.153553 -0.024100 0.144548 -0.072173 -0.986862 3.457000 0.149978 0.987412 -0.050246 0.000000 0.000000 0.000000 0.000000 1.000000
0.978065 -0.140745 0.153554 -0.024100 0.144549 -0.072172 -0.986862 3.457000 0.149979 0.987412 -0.050245 0.000000 0.000000 0.000000 0.000000 1.000000
0.978065 -0.140746 0.153553 -0.024100 0.144549 -0.072173 -0.986862 3.457000 0.149979 0.987412 -0.050245 0.000000 0.000000 0.000000 0.000000 1.000000
0.978065 -0.140746 0.153553 -0.024100 0.144549 -0.072173 -0.986862 3.457000 0.149979 0.987412 -0.050245 0.000000 0.000000 0.000000 0.000000 1.000000
0.978066 -0.140745 0.153553 -0.024100 0.144548 -0.072173 -0.986862 3.457000 0.149978 0.987412 -0.050245 0.000000 0.000000 0.000000 0.000000 1.000000
0.978065 -0.140746 0.153553 -0.024100 0.144549 -0.072173 -0.986862 3.457000 0.149979 0.987412 -0.050245 0.000000 0.000000 0.000000 0.000000 1.000000
0.978065 -0.140745 0.153553 -0.024100 0.144549 -0.072173 -0.986862 3.457000 0.149979 0.987412 -0.050246 0.000000 0.000000 0.000000 0.000000 1.000000
0.978065 -0.140745 0.153554 -0.024100 0.144549 -0.072174 -0.986862 3.457000 0.149979 0.987412 -0.050246 0.000000 0.000000 0.000000 0.000000 1.000000
0.978065 -0.140745 0.153554 -0.024100 0.144549 -0.072173 -0.986862 3.457000 0.149979 0.987412 -0.050245 -0.000000 0.000000 0.000000 0.000000 1.000000
0.978065 -0.140745 0.153554 -0.024100 0.144549 -0.072173 -0.986862 3.457000 0.149979 0.987412 -0.050245 0.000000 0.000000 0.000000 0.000000 1.000000
0.978066 -0.140745 0.153553 -0.024100 0.144549 -0.072173 -0.986862 3.457000 0.149979 0.987412 -0.050245 0.000000 0.000000 0.000000 0.000000 1.000000
0.978065 -0.140746 0.153553 -0.024100 0.144548 -0.072173 -0.986862 3.457000 0.149979 0.987412 -0.050245 0.000000 0.000000 0.000000 0.000000 1.000000
0.978065 -0.140745 0.153553 -0.024100 0.144549 -0.072173 -0.986862 3.457000 0.149979 0.987412 -0.050245 0.000000 0.000000 0.000000 0.000000 1.000000
0.978065 -0.140745 0.153554 -0.024100 0.144549 -0.072173 -0.986862 3.457000 0.149979 0.987412 -0.050245 0.000000 0.000000 0.000000 0.000000 1.000000
0.978065 -0.140745 0.153554 -0.024100 0.144549 -0.072173 -0.986862 3.457000 0.149979 0.987412 -0.050245 0.000000 0.000000 0.000000 0.000000 1.000000
0.978065 -0.140745 0.153553 -0.024100 0.144549 -0.072173 -0.986862 3.457000 0.149979 0.987412 -0.050246 -0.000000 0.000000 0.000000 0.000000 1.000000
0.978065 -0.140745 0.153554 -0.024100 0.144549 -0.072173 -0.986862 3.457000 0.149979 0.987412 -0.050245 -0.000000 0.000000 0.000000 0.000000 1.000000
0.978065 -0.140745 0.153553 -0.024100 0.144549 -0.072173 -0.986862 3.457000 0.149979 0.987412 -0.050245 0.000000 0.000000 0.000000 0.000000 1.000000
0.978065 -0.140745 0.153553 -0.024100 0.144549 -0.072173 -0.986862 3.457000 0.149979 0.987412 -0.050246 0.000000 0.000000 0.000000 0.000000 1.000000
0.978065 -0.140746 0.153553 -0.024100 0.144548 -0.072173 -0.986862 3.457000 0.149979 0.987412 -0.050246 0.000000 0.000000 0.000000 0.000000 1.000000
0.978065 -0.140745 0.153554 -0.024100 0.144549 -0.072173 -0.986862 3.457000 0.149979 0.987412 -0.050245 0.000000 0.000000 0.000000 0.000000 1.000000
0.978065 -0.140745 0.153553 -0.024100 0.144549 -0.072173 -0.986862 3.457000 0.149979 0.987412 -0.050245 0.000000 0.000000 0.000000 0.000000 1.000000
0.978065 -0.140745 0.153554 -0.024100 0.144549 -0.072173 -0.986862 3.457000 0.149978 0.987412 -0.050245 0.000000 0.000000 0.000000 0.000000 1.000000
0.978065 -0.140745 0.153553 -0.024100 0.144549 -0.072173 -0.986862 3.457000 0.149979 0.987412 -0.050245 0.000000 0.000000 0.000000 0.000000 1.000000
0.978065 -0.140746 0.153553 -0.024100 0.144549 -0.072172 -0.986862 3.457000 0.149979 0.987412 -0.050245 0.000000 0.000000 0.000000 0.000000 1.000000
0.978065 -0.140746 0.153553 -0.024100 0.144548 -0.072173 -0.986862 3.457000 0.149979 0.987412 -0.050245 -0.000000 0.000000 0.000000 0.000000 1.000000
0.978065 -0.140745 0.153553 -0.024100 0.144549 -0.072173 -0.986862 3.457000 0.149979 0.987412 -0.050245 0.000000 0.000000 0.000000 0.000000 1.000000
0.978065 -0.140746 0.153553 -0.024100 0.144549 -0.072173 -0.986862 3.457000 0.149979 0.987412 -0.050245 -0.000000 0.000000 0.000000 0.000000 1.000000
0.978065 -0.140746 0.153554 -0.024100 0.144549 -0.072173 -0.986862 3.457000 0.149979 0.987412 -0.050245 -0.000000 0.000000 0.000000 0.000000 1.000000
0.978065 -0.140745 0.153553 -0.024100 0.144549 -0.072173 -0.986862 3.457000 0.149979 0.987412 -0.050245 0.000000 0.000000 0.000000 0.000000 1.000000
0.978065 -0.140745 0.153553 -0.024100 0.144548 -0.072173 -0.986862 3.457000 0.149979 0.987412 -0.050246 0.000000 0.000000 0.000000 0.000000 1.000000
0.978065 -0.140745 0.153553 -0.024100 0.144549 -0.072173 -0.986862 3.457000 0.149979 0.987412 -0.050245 0.000000 0.000000 0.000000 0.000000 1.000000
0.978065 -0.140746 0.153553 -0.024100 0.144549 -0.072173 -0.986862 3.457000 0.149979 0.987412 -0.050245 0.000000 0.000000 0.000000 0.000000 1.000000
0.978065 -0.140745 0.153553 -0.024100 0.144549 -0.072172 -0.986862 3.457000 0.149979 0.987412 -0.050245 0.000000 0.000000 0.000000 0.000000 1.000000
0.978065 -0.140746 0.153553 -0.024100 0.144548 -0.072173 -0.986862 3.457000 0.149979 0.987412 -0.050245 0.000000 0.000000 0.000000 0.000000 1.000000
0.978065 -0.140746 0.153553 -0.024100 0.144549 -0.072173 -0.986862 3.457000 0.149979 0.987412 -0.050245 0.000000 0.000000 0.000000 0.000000 1.000000
0.978066 -0.140745 0.153553 -0.024100 0.144548 -0.072173 -0.986862 3.457000 0.149979 0.987412 -0.050245 0.000000 0.000000 0.000000 0.000000 1.000000</float_array>
        <technique_common>
          <accessor source="#mixamorig_RightHandMiddle2-Matrix-animation-output-transform-array" count="40" stride="16">
            <param type="float4x4"/>
          </accessor>
        </technique_common>
      </source>
      <source id="mixamorig_RightHandMiddle2-Interpolations">
        <Name_array id="mixamorig_RightHandMiddle2-Interpolations-array" count="40">
 LINEAR LINEAR LINEAR LINEAR LINEAR LINEAR LINEAR LINEAR LINEAR LINEAR LINEAR
LINEAR LINEAR LINEAR LINEAR LINEAR LINEAR LINEAR LINEAR LINEAR LINEAR LINEAR LINEAR
LINEAR LINEAR LINEAR LINEAR LINEAR LINEAR LINEAR LINEAR LINEAR LINEAR LINEAR LINEAR
LINEAR LINEAR LINEAR LINEAR LINEAR</Name_array>
        <technique_common>
          <accessor source="#mixamorig_RightHandMiddle2-Interpolations-array" count="40">
            <param type="name"/>
          </accessor>
        </technique_common>
      </source>
      <sampler id="mixamorig_RightHandMiddle2-Matrix-animation-transform">
        <input semantic="INPUT" source="#mixamorig_RightHandMiddle2-Matrix-animation-input"/>
        <input semantic="OUTPUT" source="#mixamorig_RightHandMiddle2-Matrix-animation-output-transform"/>
        <input semantic="INTERPOLATION" source="#mixamorig_RightHandMiddle2-Interpolations"/>
      </sampler>
      <channel source="#mixamorig_RightHandMiddle2-Matrix-animation-transform" target="mixamorig_RightHandMiddle2/matrix"/>
    </animation>
    <animation id="mixamorig_RightHandMiddle3-anim" name="mixamorig_RightHandMiddle3">
      <source id="mixamorig_RightHandMiddle3-Matrix-animation-input">
        <float_array id="mixamorig_RightHandMiddle3-Matrix-animation-input-array" count="40">

0.000000 0.033333 0.066667 0.100000 0.133333 0.166667 0.200000 0.233333 0.266667 0.300000 0.333333 0.366667 0.400000 0.433333 0.466667 0.500000
0.533333 0.566667 0.600000 0.633333 0.666667 0.700000 0.733333 0.766667 0.800000 0.833333 0.866667 0.900000 0.933333 0.966667 1.000000 1.033333
1.066667 1.100000 1.133333 1.166667 1.200000 1.233333 1.266667 1.300000</float_array>
        <technique_common>
          <accessor source="#mixamorig_RightHandMiddle3-Matrix-animation-input-array" count="40">
            <param name="TIME" type="float"/>
          </accessor>
        </technique_common>
      </source>
      <source id="mixamorig_RightHandMiddle3-Matrix-animation-output-transform">
        <float_array id="mixamorig_RightHandMiddle3-Matrix-animation-output-transform-array" count="640">

0.993725 -0.103854 0.041540 0.010100 0.101516 0.681452 -0.724788 3.353100 0.046964 0.724457 0.687719 0.000000 0.000000 0.000000 0.000000 1.000000
0.993725 -0.103854 0.041540 0.010100 0.101516 0.681452 -0.724788 3.353100 0.046964 0.724457 0.687718 0.000000 0.000000 0.000000 0.000000 1.000000
0.993725 -0.103854 0.041540 0.010100 0.101516 0.681452 -0.724788 3.353100 0.046964 0.724457 0.687719 -0.000000 0.000000 0.000000 0.000000 1.000000
0.993725 -0.103853 0.041540 0.010100 0.101516 0.681452 -0.724788 3.353100 0.046964 0.724457 0.687719 0.000000 0.000000 0.000000 0.000000 1.000000
0.993725 -0.103854 0.041540 0.010100 0.101516 0.681452 -0.724788 3.353100 0.046964 0.724457 0.687719 0.000000 0.000000 0.000000 0.000000 1.000000
0.993725 -0.103854 0.041540 0.010100 0.101516 0.681452 -0.724788 3.353100 0.046964 0.724457 0.687719 0.000000 0.000000 0.000000 0.000000 1.000000
0.993725 -0.103854 0.041540 0.010100 0.101516 0.681452 -0.724788 3.353100 0.046964 0.724457 0.687719 0.000000 0.000000 0.000000 0.000000 1.000000
0.993725 -0.103853 0.041540 0.010100 0.101516 0.681452 -0.724788 3.353100 0.046964 0.724457 0.687719 -0.000000 0.000000 0.000000 0.000000 1.000000
0.993725 -0.103853 0.041540 0.010100 0.101516 0.681452 -0.724788 3.353100 0.046964 0.724457 0.687719 0.000000 0.000000 0.000000 0.000000 1.000000
0.993725 -0.103853 0.041540 0.010100 0.101516 0.681452 -0.724788 3.353100 0.046964 0.724457 0.687719 0.000000 0.000000 0.000000 0.000000 1.000000
0.993725 -0.103854 0.041540 0.010100 0.101516 0.681452 -0.724788 3.353100 0.046964 0.724457 0.687719 0.000000 0.000000 0.000000 0.000000 1.000000
0.993725 -0.103853 0.041540 0.010100 0.101516 0.681452 -0.724788 3.353100 0.046964 0.724457 0.687719 0.000000 0.000000 0.000000 0.000000 1.000000
0.993725 -0.103853 0.041540 0.010100 0.101516 0.681452 -0.724788 3.353100 0.046964 0.724457 0.687718 0.000000 0.000000 0.000000 0.000000 1.000000
0.993725 -0.103854 0.041540 0.010100 0.101516 0.681452 -0.724788 3.353100 0.046964 0.724457 0.687718 0.000000 0.000000 0.000000 0.000000 1.000000
0.993725 -0.103853 0.041540 0.010100 0.101516 0.681452 -0.724788 3.353100 0.046964 0.724457 0.687719 0.000000 0.000000 0.000000 0.000000 1.000000
0.993725 -0.103854 0.041540 0.010100 0.101516 0.681452 -0.724788 3.353100 0.046964 0.724457 0.687719 -0.000000 0.000000 0.000000 0.000000 1.000000
0.993725 -0.103854 0.041540 0.010100 0.101516 0.681452 -0.724788 3.353100 0.046964 0.724456 0.687719 0.000000 0.000000 0.000000 0.000000 1.000000
0.993725 -0.103854 0.041540 0.010100 0.101516 0.681452 -0.724788 3.353100 0.046964 0.724457 0.687718 0.000000 0.000000 0.000000 0.000000 1.000000
0.993725 -0.103854 0.041540 0.010100 0.101516 0.681452 -0.724788 3.353100 0.046964 0.724457 0.687719 0.000000 0.000000 0.000000 0.000000 1.000000
0.993725 -0.103854 0.041540 0.010100 0.101516 0.681452 -0.724788 3.353100 0.046964 0.724457 0.687718 0.000000 0.000000 0.000000 0.000000 1.000000
0.993725 -0.103854 0.041540 0.010100 0.101516 0.681452 -0.724788 3.353100 0.046964 0.724457 0.687718 0.000000 0.000000 0.000000 0.000000 1.000000
0.993725 -0.103854 0.041540 0.010100 0.101516 0.681452 -0.724788 3.353100 0.046964 0.724457 0.687719 0.000000 0.000000 0.000000 0.000000 1.000000
0.993725 -0.103853 0.041540 0.010100 0.101516 0.681452 -0.724788 3.353100 0.046964 0.724457 0.687719 0.000000 0.000000 0.000000 0.000000 1.000000
0.993725 -0.103854 0.041540 0.010100 0.101516 0.681452 -0.724788 3.353100 0.046964 0.724457 0.687719 -0.000000 0.000000 0.000000 0.000000 1.000000
0.993725 -0.103854 0.041540 0.010100 0.101516 0.681452 -0.724788 3.353100 0.046964 0.724457 0.687719 0.000000 0.000000 0.000000 0.000000 1.000000
0.993725 -0.103854 0.041540 0.010100 0.101516 0.681452 -0.724788 3.353100 0.046964 0.724457 0.687718 0.000000 0.000000 0.000000 0.000000 1.000000
0.993725 -0.103853 0.041540 0.010100 0.101516 0.681452 -0.724788 3.353100 0.046964 0.724457 0.687719 0.000000 0.000000 0.000000 0.000000 1.000000
0.993725 -0.103853 0.041540 0.010100 0.101516 0.681452 -0.724788 3.353100 0.046964 0.724457 0.687719 -0.000000 0.000000 0.000000 0.000000 1.000000
0.993725 -0.103853 0.041540 0.010100 0.101516 0.681452 -0.724788 3.353100 0.046964 0.724457 0.687718 -0.000000 0.000000 0.000000 0.000000 1.000000
0.993725 -0.103854 0.041540 0.010100 0.101516 0.681452 -0.724788 3.353100 0.046964 0.724457 0.687719 -0.000000 0.000000 0.000000 0.000000 1.000000
0.993725 -0.103853 0.041540 0.010100 0.101516 0.681452 -0.724788 3.353100 0.046964 0.724457 0.687718 0.000000 0.000000 0.000000 0.000000 1.000000
0.993725 -0.103853 0.041540 0.010100 0.101516 0.681452 -0.724788 3.353100 0.046964 0.724457 0.687718 -0.000000 0.000000 0.000000 0.000000 1.000000
0.993725 -0.103854 0.041540 0.010100 0.101516 0.681452 -0.724788 3.353100 0.046964 0.724457 0.687719 0.000000 0.000000 0.000000 0.000000 1.000000
0.993725 -0.103853 0.041540 0.010100 0.101516 0.681452 -0.724788 3.353100 0.046964 0.724456 0.687719 -0.000000 0.000000 0.000000 0.000000 1.000000
0.993725 -0.103854 0.041540 0.010100 0.101516 0.681452 -0.724788 3.353100 0.046964 0.724457 0.687719 0.000000 0.000000 0.000000 0.000000 1.000000
0.993725 -0.103853 0.041540 0.010100 0.101516 0.681452 -0.724788 3.353100 0.046964 0.724457 0.687719 0.000000 0.000000 0.000000 0.000000 1.000000
0.993725 -0.103853 0.041540 0.010100 0.101516 0.681452 -0.724788 3.353100 0.046964 0.724457 0.687719 -0.000000 0.000000 0.000000 0.000000 1.000000
0.993725 -0.103853 0.041540 0.010100 0.101516 0.681452 -0.724788 3.353100 0.046964 0.724457 0.687718 0.000000 0.000000 0.000000 0.000000 1.000000
0.993725 -0.103853 0.041540 0.010100 0.101516 0.681452 -0.724788 3.353100 0.046964 0.724457 0.687718 0.000000 0.000000 0.000000 0.000000 1.000000
0.993725 -0.103854 0.041540 0.010100 0.101516 0.681452 -0.724788 3.353100 0.046964 0.724457 0.687719 0.000000 0.000000 0.000000 0.000000 1.000000</float_array>
        <technique_common>
          <accessor source="#mixamorig_RightHandMiddle3-Matrix-animation-output-transform-array" count="40" stride="16">
            <param type="float4x4"/>
          </accessor>
        </technique_common>
      </source>
      <source id="mixamorig_RightHandMiddle3-Interpolations">
        <Name_array id="mixamorig_RightHandMiddle3-Interpolations-array" count="40">
 LINEAR LINEAR LINEAR LINEAR LINEAR LINEAR LINEAR LINEAR LINEAR LINEAR LINEAR
LINEAR LINEAR LINEAR LINEAR LINEAR LINEAR LINEAR LINEAR LINEAR LINEAR LINEAR LINEAR
LINEAR LINEAR LINEAR LINEAR LINEAR LINEAR LINEAR LINEAR LINEAR LINEAR LINEAR LINEAR
LINEAR LINEAR LINEAR LINEAR LINEAR</Name_array>
        <technique_common>
          <accessor source="#mixamorig_RightHandMiddle3-Interpolations-array" count="40">
            <param type="name"/>
          </accessor>
        </technique_common>
      </source>
      <sampler id="mixamorig_RightHandMiddle3-Matrix-animation-transform">
        <input semantic="INPUT" source="#mixamorig_RightHandMiddle3-Matrix-animation-input"/>
        <input semantic="OUTPUT" source="#mixamorig_RightHandMiddle3-Matrix-animation-output-transform"/>
        <input semantic="INTERPOLATION" source="#mixamorig_RightHandMiddle3-Interpolations"/>
      </sampler>
      <channel source="#mixamorig_RightHandMiddle3-Matrix-animation-transform" target="mixamorig_RightHandMiddle3/matrix"/>
    </animation>
    <animation id="mixamorig_RightHandRing1-anim" name="mixamorig_RightHandRing1">
      <source id="mixamorig_RightHandRing1-Matrix-animation-input">
        <float_array id="mixamorig_RightHandRing1-Matrix-animation-input-array" count="40">

0.000000 0.033333 0.066667 0.100000 0.133333 0.166667 0.200000 0.233333 0.266667 0.300000 0.333333 0.366667 0.400000 0.433333 0.466667 0.500000
0.533333 0.566667 0.600000 0.633333 0.666667 0.700000 0.733333 0.766667 0.800000 0.833333 0.866667 0.900000 0.933333 0.966667 1.000000 1.033333
1.066667 1.100000 1.133333 1.166667 1.200000 1.233333 1.266667 1.300000</float_array>
        <technique_common>
          <accessor source="#mixamorig_RightHandRing1-Matrix-animation-input-array" count="40">
            <param name="TIME" type="float"/>
          </accessor>
        </technique_common>
      </source>
      <source id="mixamorig_RightHandRing1-Matrix-animation-output-transform">
        <float_array id="mixamorig_RightHandRing1-Matrix-animation-output-transform-array" count="640">

0.981890 -0.165693 0.091853 -1.281000 0.045111 -0.266413 -0.962803 10.727800 0.184000 0.949510 -0.254114 -0.269800 0.000000 0.000000 0.000000 1.000000
0.981890 -0.165693 0.091853 -1.281000 0.045110 -0.266413 -0.962803 10.727800 0.184001 0.949510 -0.254114 -0.269800 0.000000 0.000000 0.000000 1.000000
0.981890 -0.165693 0.091853 -1.281000 0.045110 -0.266413 -0.962803 10.727800 0.184001 0.949510 -0.254114 -0.269800 0.000000 0.000000 0.000000 1.000000
0.981890 -0.165693 0.091853 -1.281000 0.045110 -0.266413 -0.962803 10.727800 0.184001 0.949510 -0.254114 -0.269800 0.000000 0.000000 0.000000 1.000000
0.981890 -0.165693 0.091853 -1.281000 0.045110 -0.266413 -0.962803 10.727800 0.184001 0.949510 -0.254114 -0.269800 0.000000 0.000000 0.000000 1.000000
0.981890 -0.165693 0.091853 -1.281000 0.045110 -0.266413 -0.962803 10.727800 0.184001 0.949510 -0.254114 -0.269800 0.000000 0.000000 0.000000 1.000000
0.981890 -0.165693 0.091853 -1.281000 0.045110 -0.266413 -0.962803 10.727800 0.184000 0.949510 -0.254114 -0.269800 0.000000 0.000000 0.000000 1.000000
0.981890 -0.165693 0.091853 -1.281000 0.045110 -0.266413 -0.962803 10.727800 0.184001 0.949510 -0.254114 -0.269800 0.000000 0.000000 0.000000 1.000000
0.981890 -0.165693 0.091853 -1.281000 0.045110 -0.266413 -0.962803 10.727800 0.184001 0.949510 -0.254114 -0.269800 0.000000 0.000000 0.000000 1.000000
0.981890 -0.165693 0.091853 -1.281000 0.045110 -0.266413 -0.962803 10.727800 0.184001 0.949510 -0.254114 -0.269800 0.000000 0.000000 0.000000 1.000000
0.981890 -0.165693 0.091853 -1.281000 0.045110 -0.266413 -0.962803 10.727800 0.184001 0.949510 -0.254114 -0.269800 0.000000 0.000000 0.000000 1.000000
0.981890 -0.165693 0.091853 -1.281000 0.045110 -0.266413 -0.962803 10.727800 0.184001 0.949510 -0.254114 -0.269800 0.000000 0.000000 0.000000 1.000000
0.981890 -0.165693 0.091853 -1.281000 0.045110 -0.266413 -0.962803 10.727800 0.184001 0.949510 -0.254114 -0.269800 0.000000 0.000000 0.000000 1.000000
0.981890 -0.165693 0.091853 -1.281000 0.045110 -0.266413 -0.962803 10.727800 0.184001 0.949510 -0.254114 -0.269800 0.000000 0.000000 0.000000 1.000000
0.981890 -0.165693 0.091853 -1.281000 0.045110 -0.266413 -0.962803 10.727800 0.184001 0.949510 -0.254114 -0.269800 0.000000 0.000000 0.000000 1.000000
0.981890 -0.165693 0.091853 -1.281000 0.045111 -0.266413 -0.962803 10.727800 0.184001 0.949510 -0.254114 -0.269800 0.000000 0.000000 0.000000 1.000000
0.981890 -0.165693 0.091853 -1.281000 0.045110 -0.266413 -0.962803 10.727800 0.184000 0.949510 -0.254114 -0.269800 0.000000 0.000000 0.000000 1.000000
0.981890 -0.165693 0.091853 -1.281000 0.045110 -0.266413 -0.962803 10.727800 0.184001 0.949510 -0.254114 -0.269800 0.000000 0.000000 0.000000 1.000000
0.981890 -0.165693 0.091853 -1.281000 0.045110 -0.266413 -0.962803 10.727800 0.184001 0.949510 -0.254114 -0.269800 0.000000 0.000000 0.000000 1.000000
0.981890 -0.165693 0.091853 -1.281000 0.045110 -0.266413 -0.962803 10.727800 0.184001 0.949510 -0.254114 -0.269800 0.000000 0.000000 0.000000 1.000000
0.981890 -0.165693 0.091853 -1.281000 0.045110 -0.266413 -0.962803 10.727800 0.184001 0.949510 -0.254114 -0.269800 0.000000 0.000000 0.000000 1.000000
0.981890 -0.165693 0.091853 -1.281000 0.045110 -0.266413 -0.962803 10.727800 0.184001 0.949510 -0.254114 -0.269800 0.000000 0.000000 0.000000 1.000000
0.981890 -0.165693 0.091853 -1.281000 0.045110 -0.266413 -0.962803 10.727800 0.184001 0.949510 -0.254114 -0.269800 0.000000 0.000000 0.000000 1.000000
0.981890 -0.165693 0.091853 -1.281000 0.045110 -0.266413 -0.962803 10.727800 0.184001 0.949510 -0.254114 -0.269800 0.000000 0.000000 0.000000 1.000000
0.981890 -0.165693 0.091853 -1.281000 0.045110 -0.266413 -0.962803 10.727800 0.184001 0.949510 -0.254114 -0.269800 0.000000 0.000000 0.000000 1.000000
0.981890 -0.165693 0.091853 -1.281000 0.045110 -0.266413 -0.962803 10.727800 0.184001 0.949510 -0.254114 -0.269800 0.000000 0.000000 0.000000 1.000000
0.981890 -0.165693 0.091853 -1.281000 0.045110 -0.266413 -0.962803 10.727800 0.184001 0.949510 -0.254114 -0.269800 0.000000 0.000000 0.000000 1.000000
0.981890 -0.165693 0.091853 -1.281000 0.045110 -0.266413 -0.962803 10.727800 0.184001 0.949510 -0.254114 -0.269800 0.000000 0.000000 0.000000 1.000000
0.981890 -0.165693 0.091853 -1.281000 0.045110 -0.266413 -0.962803 10.727800 0.184001 0.949510 -0.254114 -0.269800 0.000000 0.000000 0.000000 1.000000
0.981890 -0.165693 0.091853 -1.281000 0.045110 -0.266413 -0.962803 10.727800 0.184001 0.949510 -0.254114 -0.269800 0.000000 0.000000 0.000000 1.000000
0.981890 -0.165693 0.091853 -1.281000 0.045110 -0.266413 -0.962803 10.727800 0.184001 0.949510 -0.254114 -0.269800 0.000000 0.000000 0.000000 1.000000
0.981890 -0.165693 0.091853 -1.281000 0.045110 -0.266413 -0.962803 10.727800 0.184001 0.949510 -0.254114 -0.269800 0.000000 0.000000 0.000000 1.000000
0.981890 -0.165693 0.091853 -1.281000 0.045110 -0.266413 -0.962803 10.727800 0.184001 0.949510 -0.254114 -0.269800 0.000000 0.000000 0.000000 1.000000
0.981890 -0.165693 0.091853 -1.281000 0.045110 -0.266413 -0.962803 10.727800 0.184001 0.949510 -0.254114 -0.269800 0.000000 0.000000 0.000000 1.000000
0.981890 -0.165693 0.091853 -1.281000 0.045110 -0.266413 -0.962803 10.727800 0.184001 0.949510 -0.254114 -0.269800 0.000000 0.000000 0.000000 1.000000
0.981890 -0.165693 0.091853 -1.281000 0.045110 -0.266413 -0.962803 10.727800 0.184001 0.949510 -0.254114 -0.269800 0.000000 0.000000 0.000000 1.000000
0.981890 -0.165693 0.091853 -1.281000 0.045110 -0.266413 -0.962803 10.727800 0.184001 0.949510 -0.254114 -0.269800 0.000000 0.000000 0.000000 1.000000
0.981890 -0.165693 0.091853 -1.281000 0.045110 -0.266413 -0.962803 10.727800 0.184001 0.949510 -0.254114 -0.269800 0.000000 0.000000 0.000000 1.000000
0.981890 -0.165693 0.091853 -1.281000 0.045110 -0.266413 -0.962803 10.727800 0.184001 0.949510 -0.254114 -0.269800 0.000000 0.000000 0.000000 1.000000
0.981890 -0.165693 0.091853 -1.281000 0.045110 -0.266413 -0.962803 10.727800 0.184001 0.949510 -0.254114 -0.269800 0.000000 0.000000 0.000000 1.000000</float_array>
        <technique_common>
          <accessor source="#mixamorig_RightHandRing1-Matrix-animation-output-transform-array" count="40" stride="16">
            <param type="float4x4"/>
          </accessor>
        </technique_common>
      </source>
      <source id="mixamorig_RightHandRing1-Interpolations">
        <Name_array id="mixamorig_RightHandRing1-Interpolations-array" count="40">
 LINEAR LINEAR LINEAR LINEAR LINEAR LINEAR LINEAR LINEAR LINEAR LINEAR LINEAR
LINEAR LINEAR LINEAR LINEAR LINEAR LINEAR LINEAR LINEAR LINEAR LINEAR LINEAR LINEAR
LINEAR LINEAR LINEAR LINEAR LINEAR LINEAR LINEAR LINEAR LINEAR LINEAR LINEAR LINEAR
LINEAR LINEAR LINEAR LINEAR LINEAR</Name_array>
        <technique_common>
          <accessor source="#mixamorig_RightHandRing1-Interpolations-array" count="40">
            <param type="name"/>
          </accessor>
        </technique_common>
      </source>
      <sampler id="mixamorig_RightHandRing1-Matrix-animation-transform">
        <input semantic="INPUT" source="#mixamorig_RightHandRing1-Matrix-animation-input"/>
        <input semantic="OUTPUT" source="#mixamorig_RightHandRing1-Matrix-animation-output-transform"/>
        <input semantic="INTERPOLATION" source="#mixamorig_RightHandRing1-Interpolations"/>
      </sampler>
      <channel source="#mixamorig_RightHandRing1-Matrix-animation-transform" target="mixamorig_RightHandRing1/matrix"/>
    </animation>
    <animation id="mixamorig_RightHandRing2-anim" name="mixamorig_RightHandRing2">
      <source id="mixamorig_RightHandRing2-Matrix-animation-input">
        <float_array id="mixamorig_RightHandRing2-Matrix-animation-input-array" count="40">

0.000000 0.033333 0.066667 0.100000 0.133333 0.166667 0.200000 0.233333 0.266667 0.300000 0.333333 0.366667 0.400000 0.433333 0.466667 0.500000
0.533333 0.566667 0.600000 0.633333 0.666667 0.700000 0.733333 0.766667 0.800000 0.833333 0.866667 0.900000 0.933333 0.966667 1.000000 1.033333
1.066667 1.100000 1.133333 1.166667 1.200000 1.233333 1.266667 1.300000</float_array>
        <technique_common>
          <accessor source="#mixamorig_RightHandRing2-Matrix-animation-input-array" count="40">
            <param name="TIME" type="float"/>
          </accessor>
        </technique_common>
      </source>
      <source id="mixamorig_RightHandRing2-Matrix-animation-output-transform">
        <float_array id="mixamorig_RightHandRing2-Matrix-animation-output-transform-array" count="640">

0.974780 -0.156227 0.159366 0.008500 0.149881 -0.070798 -0.986166 2.897700 0.165348 0.985181 -0.045597 0.000000 0.000000 0.000000 0.000000 1.000000
0.974780 -0.156227 0.159367 0.008500 0.149881 -0.070798 -0.986166 2.897700 0.165348 0.985181 -0.045597 0.000000 0.000000 0.000000 0.000000 1.000000
0.974780 -0.156227 0.159367 0.008500 0.149882 -0.070798 -0.986166 2.897700 0.165348 0.985181 -0.045597 -0.000000 0.000000 0.000000 0.000000 1.000000
0.974780 -0.156226 0.159366 0.008500 0.149881 -0.070798 -0.986166 2.897700 0.165348 0.985181 -0.045597 0.000000 0.000000 0.000000 0.000000 1.000000
0.974780 -0.156227 0.159367 0.008500 0.149882 -0.070797 -0.986166 2.897700 0.165348 0.985181 -0.045596 -0.000000 0.000000 0.000000 0.000000 1.000000
0.974780 -0.156227 0.159366 0.008500 0.149881 -0.070798 -0.986166 2.897700 0.165348 0.985181 -0.045597 0.000000 0.000000 0.000000 0.000000 1.000000
0.974780 -0.156227 0.159367 0.008500 0.149882 -0.070798 -0.986166 2.897700 0.165348 0.985181 -0.045597 0.000000 0.000000 0.000000 0.000000 1.000000
0.974780 -0.156226 0.159366 0.008500 0.149881 -0.070798 -0.986166 2.897700 0.165348 0.985181 -0.045597 0.000000 0.000000 0.000000 0.000000 1.000000
0.974780 -0.156227 0.159367 0.008500 0.149882 -0.070798 -0.986166 2.897700 0.165349 0.985181 -0.045597 -0.000000 0.000000 0.000000 0.000000 1.000000
0.974780 -0.156227 0.159366 0.008500 0.149881 -0.070798 -0.986166 2.897700 0.165348 0.985181 -0.045597 -0.000000 0.000000 0.000000 0.000000 1.000000
0.974780 -0.156227 0.159367 0.008500 0.149881 -0.070798 -0.986166 2.897700 0.165348 0.985181 -0.045597 0.000000 0.000000 0.000000 0.000000 1.000000
0.974780 -0.156227 0.159367 0.008500 0.149882 -0.070798 -0.986166 2.897700 0.165349 0.985181 -0.045597 0.000000 0.000000 0.000000 0.000000 1.000000
0.974780 -0.156227 0.159367 0.008500 0.149881 -0.070798 -0.986166 2.897700 0.165349 0.985181 -0.045597 0.000000 0.000000 0.000000 0.000000 1.000000
0.974780 -0.156227 0.159367 0.008500 0.149882 -0.070798 -0.986166 2.897700 0.165348 0.985181 -0.045597 0.000000 0.000000 0.000000 0.000000 1.000000
0.974780 -0.156227 0.159366 0.008500 0.149881 -0.070798 -0.986166 2.897700 0.165348 0.985181 -0.045597 0.000000 0.000000 0.000000 0.000000 1.000000
0.974780 -0.156227 0.159367 0.008500 0.149881 -0.070797 -0.986166 2.897700 0.165348 0.985181 -0.045596 0.000000 0.000000 0.000000 0.000000 1.000000
0.974780 -0.156227 0.159367 0.008500 0.149881 -0.070798 -0.986166 2.897700 0.165349 0.985181 -0.045597 -0.000000 0.000000 0.000000 0.000000 1.000000
0.974780 -0.156227 0.159367 0.008500 0.149882 -0.070798 -0.986166 2.897700 0.165349 0.985181 -0.045597 0.000000 0.000000 0.000000 0.000000 1.000000
0.974780 -0.156227 0.159367 0.008500 0.149881 -0.070798 -0.986166 2.897700 0.165348 0.985181 -0.045597 0.000000 0.000000 0.000000 0.000000 1.000000
0.974780 -0.156227 0.159367 0.008500 0.149881 -0.070798 -0.986166 2.897700 0.165348 0.985181 -0.045597 -0.000000 0.000000 0.000000 0.000000 1.000000
0.974780 -0.156227 0.159367 0.008500 0.149881 -0.070798 -0.986166 2.897700 0.165348 0.985181 -0.045597 0.000000 0.000000 0.000000 0.000000 1.000000
0.974780 -0.156227 0.159367 0.008500 0.149881 -0.070798 -0.986166 2.897700 0.165348 0.985181 -0.045597 0.000000 0.000000 0.000000 0.000000 1.000000
0.974780 -0.156227 0.159367 0.008500 0.149881 -0.070798 -0.986166 2.897700 0.165348 0.985181 -0.045597 -0.000000 0.000000 0.000000 0.000000 1.000000
0.974780 -0.156227 0.159367 0.008500 0.149881 -0.070798 -0.986166 2.897700 0.165348 0.985181 -0.045597 0.000000 0.000000 0.000000 0.000000 1.000000
0.974780 -0.156227 0.159366 0.008500 0.149881 -0.070798 -0.986166 2.897700 0.165348 0.985181 -0.045597 0.000000 0.000000 0.000000 0.000000 1.000000
0.974780 -0.156227 0.159367 0.008500 0.149882 -0.070797 -0.986166 2.897700 0.165348 0.985181 -0.045596 0.000000 0.000000 0.000000 0.000000 1.000000
0.974780 -0.156227 0.159366 0.008500 0.149881 -0.070798 -0.986166 2.897700 0.165348 0.985181 -0.045597 0.000000 0.000000 0.000000 0.000000 1.000000
0.974780 -0.156227 0.159367 0.008500 0.149882 -0.070797 -0.986166 2.897700 0.165348 0.985181 -0.045596 0.000000 0.000000 0.000000 0.000000 1.000000
0.974780 -0.156227 0.159367 0.008500 0.149881 -0.070798 -0.986166 2.897700 0.165348 0.985181 -0.045597 0.000000 0.000000 0.000000 0.000000 1.000000
0.974780 -0.156227 0.159367 0.008500 0.149881 -0.070798 -0.986166 2.897700 0.165348 0.985181 -0.045597 -0.000000 0.000000 0.000000 0.000000 1.000000
0.974780 -0.156227 0.159367 0.008500 0.149882 -0.070798 -0.986166 2.897700 0.165348 0.985181 -0.045597 0.000000 0.000000 0.000000 0.000000 1.000000
0.974780 -0.156227 0.159367 0.008500 0.149882 -0.070798 -0.986166 2.897700 0.165348 0.985181 -0.045597 -0.000000 0.000000 0.000000 0.000000 1.000000
0.974780 -0.156227 0.159366 0.008500 0.149881 -0.070798 -0.986166 2.897700 0.165348 0.985181 -0.045597 0.000000 0.000000 0.000000 0.000000 1.000000
0.974780 -0.156227 0.159367 0.008500 0.149881 -0.070798 -0.986166 2.897700 0.165348 0.985181 -0.045597 0.000000 0.000000 0.000000 0.000000 1.000000
0.974780 -0.156227 0.159367 0.008500 0.149882 -0.070798 -0.986166 2.897700 0.165348 0.985181 -0.045597 0.000000 0.000000 0.000000 0.000000 1.000000
0.974780 -0.156227 0.159367 0.008500 0.149882 -0.070797 -0.986166 2.897700 0.165348 0.985181 -0.045596 0.000000 0.000000 0.000000 0.000000 1.000000
0.974780 -0.156227 0.159367 0.008500 0.149881 -0.070797 -0.986166 2.897700 0.165348 0.985181 -0.045596 -0.000000 0.000000 0.000000 0.000000 1.000000
0.974780 -0.156227 0.159366 0.008500 0.149881 -0.070798 -0.986166 2.897700 0.165348 0.985181 -0.045597 -0.000000 0.000000 0.000000 0.000000 1.000000
0.974780 -0.156227 0.159367 0.008500 0.149881 -0.070798 -0.986166 2.897700 0.165348 0.985181 -0.045597 -0.000000 0.000000 0.000000 0.000000 1.000000
0.974780 -0.156227 0.159366 0.008500 0.149881 -0.070798 -0.986166 2.897700 0.165348 0.985181 -0.045597 0.000000 0.000000 0.000000 0.000000 1.000000</float_array>
        <technique_common>
          <accessor source="#mixamorig_RightHandRing2-Matrix-animation-output-transform-array" count="40" stride="16">
            <param type="float4x4"/>
          </accessor>
        </technique_common>
      </source>
      <source id="mixamorig_RightHandRing2-Interpolations">
        <Name_array id="mixamorig_RightHandRing2-Interpolations-array" count="40">
 LINEAR LINEAR LINEAR LINEAR LINEAR LINEAR LINEAR LINEAR LINEAR LINEAR LINEAR
LINEAR LINEAR LINEAR LINEAR LINEAR LINEAR LINEAR LINEAR LINEAR LINEAR LINEAR LINEAR
LINEAR LINEAR LINEAR LINEAR LINEAR LINEAR LINEAR LINEAR LINEAR LINEAR LINEAR LINEAR
LINEAR LINEAR LINEAR LINEAR LINEAR</Name_array>
        <technique_common>
          <accessor source="#mixamorig_RightHandRing2-Interpolations-array" count="40">
            <param type="name"/>
          </accessor>
        </technique_common>
      </source>
      <sampler id="mixamorig_RightHandRing2-Matrix-animation-transform">
        <input semantic="INPUT" source="#mixamorig_RightHandRing2-Matrix-animation-input"/>
        <input semantic="OUTPUT" source="#mixamorig_RightHandRing2-Matrix-animation-output-transform"/>
        <input semantic="INTERPOLATION" source="#mixamorig_RightHandRing2-Interpolations"/>
      </sampler>
      <channel source="#mixamorig_RightHandRing2-Matrix-animation-transform" target="mixamorig_RightHandRing2/matrix"/>
    </animation>
    <animation id="mixamorig_RightHandRing3-anim" name="mixamorig_RightHandRing3">
      <source id="mixamorig_RightHandRing3-Matrix-animation-input">
        <float_array id="mixamorig_RightHandRing3-Matrix-animation-input-array" count="40">

0.000000 0.033333 0.066667 0.100000 0.133333 0.166667 0.200000 0.233333 0.266667 0.300000 0.333333 0.366667 0.400000 0.433333 0.466667 0.500000
0.533333 0.566667 0.600000 0.633333 0.666667 0.700000 0.733333 0.766667 0.800000 0.833333 0.866667 0.900000 0.933333 0.966667 1.000000 1.033333
1.066667 1.100000 1.133333 1.166667 1.200000 1.233333 1.266667 1.300000</float_array>
        <technique_common>
          <accessor source="#mixamorig_RightHandRing3-Matrix-animation-input-array" count="40">
            <param name="TIME" type="float"/>
          </accessor>
        </technique_common>
      </source>
      <source id="mixamorig_RightHandRing3-Matrix-animation-output-transform">
        <float_array id="mixamorig_RightHandRing3-Matrix-animation-output-transform-array" count="640">

0.993627 -0.102712 0.046425 0.008600 0.104365 0.682765 -0.723145 2.732700 0.042578 0.723382 0.689134 0.000000 0.000000 0.000000 0.000000 1.000000
0.993627 -0.102712 0.046425 0.008600 0.104365 0.682765 -0.723145 2.732700 0.042579 0.723382 0.689134 0.000000 0.000000 0.000000 0.000000 1.000000
0.993627 -0.102712 0.046425 0.008600 0.104365 0.682765 -0.723146 2.732700 0.042578 0.723382 0.689134 0.000000 0.000000 0.000000 0.000000 1.000000
0.993627 -0.102712 0.046425 0.008600 0.104365 0.682765 -0.723145 2.732700 0.042578 0.723382 0.689134 0.000000 0.000000 0.000000 0.000000 1.000000
0.993627 -0.102712 0.046425 0.008600 0.104365 0.682766 -0.723145 2.732700 0.042578 0.723382 0.689134 0.000000 0.000000 0.000000 0.000000 1.000000
0.993627 -0.102712 0.046425 0.008600 0.104365 0.682765 -0.723145 2.732700 0.042578 0.723382 0.689134 0.000000 0.000000 0.000000 0.000000 1.000000
0.993627 -0.102712 0.046425 0.008600 0.104365 0.682766 -0.723145 2.732700 0.042578 0.723382 0.689134 0.000000 0.000000 0.000000 0.000000 1.000000
0.993627 -0.102712 0.046425 0.008600 0.104365 0.682766 -0.723145 2.732700 0.042578 0.723382 0.689134 0.000000 0.000000 0.000000 0.000000 1.000000
0.993627 -0.102712 0.046425 0.008600 0.104365 0.682765 -0.723145 2.732700 0.042579 0.723382 0.689134 0.000000 0.000000 0.000000 0.000000 1.000000
0.993627 -0.102712 0.046425 0.008600 0.104365 0.682765 -0.723145 2.732700 0.042578 0.723382 0.689134 0.000000 0.000000 0.000000 0.000000 1.000000
0.993627 -0.102712 0.046425 0.008600 0.104365 0.682765 -0.723145 2.732700 0.042579 0.723382 0.689134 0.000000 0.000000 0.000000 0.000000 1.000000
0.993627 -0.102712 0.046425 0.008600 0.104365 0.682765 -0.723145 2.732700 0.042579 0.723382 0.689134 0.000000 0.000000 0.000000 0.000000 1.000000
0.993627 -0.102712 0.046425 0.008600 0.104365 0.682765 -0.723146 2.732700 0.042578 0.723382 0.689134 -0.000000 0.000000 0.000000 0.000000 1.000000
0.993627 -0.102712 0.046424 0.008600 0.104365 0.682765 -0.723146 2.732700 0.042579 0.723382 0.689134 0.000000 0.000000 0.000000 0.000000 1.000000
0.993627 -0.102712 0.046424 0.008600 0.104365 0.682765 -0.723145 2.732700 0.042579 0.723382 0.689134 0.000000 0.000000 0.000000 0.000000 1.000000
0.993627 -0.102712 0.046425 0.008600 0.104365 0.682765 -0.723145 2.732700 0.042578 0.723382 0.689134 0.000000 0.000000 0.000000 0.000000 1.000000
0.993627 -0.102712 0.046425 0.008600 0.104365 0.682766 -0.723145 2.732700 0.042579 0.723382 0.689134 0.000000 0.000000 0.000000 0.000000 1.000000
0.993627 -0.102712 0.046425 0.008600 0.104365 0.682765 -0.723146 2.732700 0.042578 0.723382 0.689134 -0.000000 0.000000 0.000000 0.000000 1.000000
0.993627 -0.102712 0.046425 0.008600 0.104365 0.682765 -0.723145 2.732700 0.042578 0.723382 0.689134 -0.000000 0.000000 0.000000 0.000000 1.000000
0.993627 -0.102712 0.046425 0.008600 0.104365 0.682765 -0.723146 2.732700 0.042578 0.723382 0.689134 0.000000 0.000000 0.000000 0.000000 1.000000
0.993627 -0.102712 0.046425 0.008600 0.104365 0.682765 -0.723146 2.732700 0.042579 0.723382 0.689133 -0.000000 0.000000 0.000000 0.000000 1.000000
0.993627 -0.102712 0.046425 0.008600 0.104365 0.682765 -0.723145 2.732700 0.042578 0.723382 0.689134 -0.000000 0.000000 0.000000 0.000000 1.000000
0.993627 -0.102712 0.046425 0.008600 0.104365 0.682765 -0.723146 2.732700 0.042579 0.723382 0.689134 -0.000000 0.000000 0.000000 0.000000 1.000000
0.993627 -0.102712 0.046425 0.008600 0.104365 0.682765 -0.723145 2.732700 0.042579 0.723382 0.689134 0.000000 0.000000 0.000000 0.000000 1.000000
0.993627 -0.102712 0.046425 0.008600 0.104365 0.682765 -0.723145 2.732700 0.042578 0.723382 0.689134 0.000000 0.000000 0.000000 0.000000 1.000000
0.993627 -0.102712 0.046425 0.008600 0.104365 0.682765 -0.723146 2.732700 0.042579 0.723382 0.689134 0.000000 0.000000 0.000000 0.000000 1.000000
0.993627 -0.102712 0.046425 0.008600 0.104365 0.682765 -0.723145 2.732700 0.042578 0.723382 0.689134 0.000000 0.000000 0.000000 0.000000 1.000000
0.993627 -0.102712 0.046425 0.008600 0.104365 0.682766 -0.723145 2.732700 0.042579 0.723382 0.689134 0.000000 0.000000 0.000000 0.000000 1.000000
0.993627 -0.102712 0.046425 0.008600 0.104365 0.682765 -0.723146 2.732700 0.042579 0.723382 0.689134 0.000000 0.000000 0.000000 0.000000 1.000000
0.993627 -0.102712 0.046425 0.008600 0.104365 0.682765 -0.723145 2.732700 0.042578 0.723382 0.689134 0.000000 0.000000 0.000000 0.000000 1.000000
0.993627 -0.102712 0.046425 0.008600 0.104365 0.682765 -0.723146 2.732700 0.042578 0.723382 0.689134 0.000000 0.000000 0.000000 0.000000 1.000000
0.993627 -0.102712 0.046425 0.008600 0.104365 0.682765 -0.723146 2.732700 0.042578 0.723382 0.689134 0.000000 0.000000 0.000000 0.000000 1.000000
0.993627 -0.102712 0.046425 0.008600 0.104365 0.682765 -0.723146 2.732700 0.042578 0.723382 0.689134 0.000000 0.000000 0.000000 0.000000 1.000000
0.993627 -0.102712 0.046425 0.008600 0.104365 0.682765 -0.723145 2.732700 0.042578 0.723382 0.689134 0.000000 0.000000 0.000000 0.000000 1.000000
0.993627 -0.102712 0.046425 0.008600 0.104365 0.682765 -0.723146 2.732700 0.042578 0.723382 0.689134 0.000000 0.000000 0.000000 0.000000 1.000000
0.993627 -0.102712 0.046425 0.008600 0.104365 0.682766 -0.723145 2.732700 0.042578 0.723382 0.689134 0.000000 0.000000 0.000000 0.000000 1.000000
0.993627 -0.102712 0.046425 0.008600 0.104365 0.682766 -0.723145 2.732700 0.042579 0.723382 0.689134 0.000000 0.000000 0.000000 0.000000 1.000000
0.993627 -0.102712 0.046425 0.008600 0.104365 0.682765 -0.723145 2.732700 0.042578 0.723382 0.689134 -0.000000 0.000000 0.000000 0.000000 1.000000
0.993627 -0.102712 0.046425 0.008600 0.104365 0.682765 -0.723145 2.732700 0.042578 0.723382 0.689134 0.000000 0.000000 0.000000 0.000000 1.000000
0.993627 -0.102712 0.046425 0.008600 0.104365 0.682765 -0.723145 2.732700 0.042579 0.723382 0.689134 0.000000 0.000000 0.000000 0.000000 1.000000</float_array>
        <technique_common>
          <accessor source="#mixamorig_RightHandRing3-Matrix-animation-output-transform-array" count="40" stride="16">
            <param type="float4x4"/>
          </accessor>
        </technique_common>
      </source>
      <source id="mixamorig_RightHandRing3-Interpolations">
        <Name_array id="mixamorig_RightHandRing3-Interpolations-array" count="40">
 LINEAR LINEAR LINEAR LINEAR LINEAR LINEAR LINEAR LINEAR LINEAR LINEAR LINEAR
LINEAR LINEAR LINEAR LINEAR LINEAR LINEAR LINEAR LINEAR LINEAR LINEAR LINEAR LINEAR
LINEAR LINEAR LINEAR LINEAR LINEAR LINEAR LINEAR LINEAR LINEAR LINEAR LINEAR LINEAR
LINEAR LINEAR LINEAR LINEAR LINEAR</Name_array>
        <technique_common>
          <accessor source="#mixamorig_RightHandRing3-Interpolations-array" count="40">
            <param type="name"/>
          </accessor>
        </technique_common>
      </source>
      <sampler id="mixamorig_RightHandRing3-Matrix-animation-transform">
        <input semantic="INPUT" source="#mixamorig_RightHandRing3-Matrix-animation-input"/>
        <input semantic="OUTPUT" source="#mixamorig_RightHandRing3-Matrix-animation-output-transform"/>
        <input semantic="INTERPOLATION" source="#mixamorig_RightHandRing3-Interpolations"/>
      </sampler>
      <channel source="#mixamorig_RightHandRing3-Matrix-animation-transform" target="mixamorig_RightHandRing3/matrix"/>
    </animation>
    <animation id="mixamorig_RightHandPinky1-anim" name="mixamorig_RightHandPinky1">
      <source id="mixamorig_RightHandPinky1-Matrix-animation-input">
        <float_array id="mixamorig_RightHandPinky1-Matrix-animation-input-array" count="40">

0.000000 0.033333 0.066667 0.100000 0.133333 0.166667 0.200000 0.233333 0.266667 0.300000 0.333333 0.366667 0.400000 0.433333 0.466667 0.500000
0.533333 0.566667 0.600000 0.633333 0.666667 0.700000 0.733333 0.766667 0.800000 0.833333 0.866667 0.900000 0.933333 0.966667 1.000000 1.033333
1.066667 1.100000 1.133333 1.166667 1.200000 1.233333 1.266667 1.300000</float_array>
        <technique_common>
          <accessor source="#mixamorig_RightHandPinky1-Matrix-animation-input-array" count="40">
            <param name="TIME" type="float"/>
          </accessor>
        </technique_common>
      </source>
      <source id="mixamorig_RightHandPinky1-Matrix-animation-output-transform">
        <float_array id="mixamorig_RightHandPinky1-Matrix-animation-output-transform-array" count="640">

0.983409 -0.160473 0.084590 -3.398500 0.039408 -0.266186 -0.963116 9.465500 0.177071 0.950470 -0.255446 0.037400 0.000000 0.000000 0.000000 1.000000
0.983409 -0.160473 0.084590 -3.398500 0.039408 -0.266187 -0.963116 9.465500 0.177071 0.950470 -0.255446 0.037400 0.000000 0.000000 0.000000 1.000000
0.983409 -0.160473 0.084590 -3.398500 0.039408 -0.266186 -0.963116 9.465500 0.177071 0.950470 -0.255446 0.037400 0.000000 0.000000 0.000000 1.000000
0.983409 -0.160473 0.084590 -3.398500 0.039408 -0.266186 -0.963116 9.465500 0.177071 0.950470 -0.255446 0.037400 0.000000 0.000000 0.000000 1.000000
0.983409 -0.160473 0.084590 -3.398500 0.039408 -0.266187 -0.963116 9.465500 0.177071 0.950470 -0.255446 0.037400 0.000000 0.000000 0.000000 1.000000
0.983409 -0.160473 0.084590 -3.398500 0.039408 -0.266186 -0.963116 9.465500 0.177071 0.950470 -0.255446 0.037400 0.000000 0.000000 0.000000 1.000000
0.983409 -0.160473 0.084590 -3.398500 0.039408 -0.266187 -0.963116 9.465500 0.177070 0.950470 -0.255446 0.037400 0.000000 0.000000 0.000000 1.000000
0.983409 -0.160473 0.084590 -3.398500 0.039408 -0.266186 -0.963116 9.465500 0.177071 0.950470 -0.255446 0.037400 0.000000 0.000000 0.000000 1.000000
0.983409 -0.160473 0.084590 -3.398500 0.039408 -0.266186 -0.963116 9.465500 0.177071 0.950470 -0.255446 0.037400 0.000000 0.000000 0.000000 1.000000
0.983409 -0.160473 0.084590 -3.398500 0.039408 -0.266186 -0.963116 9.465500 0.177071 0.950470 -0.255446 0.037400 0.000000 0.000000 0.000000 1.000000
0.983409 -0.160473 0.084590 -3.398500 0.039408 -0.266186 -0.963116 9.465500 0.177071 0.950470 -0.255446 0.037400 0.000000 0.000000 0.000000 1.000000
0.983409 -0.160473 0.084590 -3.398500 0.039408 -0.266186 -0.963116 9.465500 0.177071 0.950470 -0.255446 0.037400 0.000000 0.000000 0.000000 1.000000
0.983409 -0.160473 0.084590 -3.398500 0.039408 -0.266187 -0.963116 9.465500 0.177071 0.950470 -0.255446 0.037400 0.000000 0.000000 0.000000 1.000000
0.983409 -0.160473 0.084590 -3.398500 0.039408 -0.266186 -0.963116 9.465500 0.177071 0.950470 -0.255446 0.037400 0.000000 0.000000 0.000000 1.000000
0.983409 -0.160473 0.084590 -3.398500 0.039408 -0.266187 -0.963116 9.465500 0.177071 0.950470 -0.255446 0.037400 0.000000 0.000000 0.000000 1.000000
0.983409 -0.160473 0.084590 -3.398500 0.039408 -0.266186 -0.963116 9.465500 0.177071 0.950470 -0.255446 0.037400 0.000000 0.000000 0.000000 1.000000
0.983409 -0.160473 0.084590 -3.398500 0.039408 -0.266186 -0.963116 9.465500 0.177071 0.950470 -0.255446 0.037400 0.000000 0.000000 0.000000 1.000000
0.983409 -0.160473 0.084590 -3.398500 0.039408 -0.266186 -0.963116 9.465500 0.177071 0.950470 -0.255446 0.037400 0.000000 0.000000 0.000000 1.000000
0.983409 -0.160473 0.084590 -3.398500 0.039408 -0.266186 -0.963116 9.465500 0.177071 0.950470 -0.255446 0.037400 0.000000 0.000000 0.000000 1.000000
0.983409 -0.160473 0.084590 -3.398500 0.039408 -0.266186 -0.963116 9.465500 0.177071 0.950470 -0.255446 0.037400 0.000000 0.000000 0.000000 1.000000
0.983409 -0.160473 0.084590 -3.398500 0.039408 -0.266186 -0.963116 9.465500 0.177071 0.950470 -0.255446 0.037400 0.000000 0.000000 0.000000 1.000000
0.983409 -0.160473 0.084590 -3.398500 0.039408 -0.266186 -0.963116 9.465500 0.177071 0.950470 -0.255446 0.037400 0.000000 0.000000 0.000000 1.000000
0.983409 -0.160473 0.084590 -3.398500 0.039408 -0.266186 -0.963116 9.465500 0.177071 0.950470 -0.255446 0.037400 0.000000 0.000000 0.000000 1.000000
0.983409 -0.160473 0.084590 -3.398500 0.039408 -0.266187 -0.963116 9.465500 0.177071 0.950470 -0.255446 0.037400 0.000000 0.000000 0.000000 1.000000
0.983409 -0.160473 0.084590 -3.398500 0.039408 -0.266186 -0.963116 9.465500 0.177071 0.950470 -0.255446 0.037400 0.000000 0.000000 0.000000 1.000000
0.983409 -0.160473 0.084590 -3.398500 0.039408 -0.266187 -0.963116 9.465500 0.177071 0.950470 -0.255446 0.037400 0.000000 0.000000 0.000000 1.000000
0.983409 -0.160473 0.084590 -3.398500 0.039408 -0.266187 -0.963116 9.465500 0.177071 0.950470 -0.255446 0.037400 0.000000 0.000000 0.000000 1.000000
0.983409 -0.160473 0.084590 -3.398500 0.039408 -0.266186 -0.963116 9.465500 0.177071 0.950470 -0.255446 0.037400 0.000000 0.000000 0.000000 1.000000
0.983409 -0.160473 0.084590 -3.398500 0.039408 -0.266186 -0.963116 9.465500 0.177071 0.950470 -0.255446 0.037400 0.000000 0.000000 0.000000 1.000000
0.983409 -0.160473 0.084590 -3.398500 0.039408 -0.266187 -0.963116 9.465500 0.177071 0.950470 -0.255446 0.037400 0.000000 0.000000 0.000000 1.000000
0.983409 -0.160473 0.084590 -3.398500 0.039408 -0.266186 -0.963116 9.465500 0.177071 0.950470 -0.255446 0.037400 0.000000 0.000000 0.000000 1.000000
0.983409 -0.160473 0.084590 -3.398500 0.039408 -0.266186 -0.963116 9.465500 0.177071 0.950470 -0.255446 0.037400 0.000000 0.000000 0.000000 1.000000
0.983409 -0.160473 0.084590 -3.398500 0.039408 -0.266186 -0.963116 9.465500 0.177071 0.950470 -0.255446 0.037400 0.000000 0.000000 0.000000 1.000000
0.983409 -0.160473 0.084590 -3.398500 0.039408 -0.266186 -0.963116 9.465500 0.177071 0.950470 -0.255446 0.037400 0.000000 0.000000 0.000000 1.000000
0.983409 -0.160473 0.084590 -3.398500 0.039408 -0.266187 -0.963116 9.465500 0.177071 0.950470 -0.255446 0.037400 0.000000 0.000000 0.000000 1.000000
0.983409 -0.160473 0.084590 -3.398500 0.039408 -0.266186 -0.963116 9.465500 0.177071 0.950470 -0.255446 0.037400 0.000000 0.000000 0.000000 1.000000
0.983409 -0.160473 0.084590 -3.398500 0.039408 -0.266187 -0.963116 9.465500 0.177071 0.950470 -0.255446 0.037400 0.000000 0.000000 0.000000 1.000000
0.983409 -0.160473 0.084590 -3.398500 0.039408 -0.266186 -0.963116 9.465500 0.177071 0.950470 -0.255446 0.037400 0.000000 0.000000 0.000000 1.000000
0.983409 -0.160473 0.084590 -3.398500 0.039408 -0.266186 -0.963116 9.465500 0.177071 0.950470 -0.255446 0.037400 0.000000 0.000000 0.000000 1.000000
0.983409 -0.160473 0.084590 -3.398500 0.039408 -0.266186 -0.963116 9.465500 0.177071 0.950470 -0.255446 0.037400 0.000000 0.000000 0.000000 1.000000</float_array>
        <technique_common>
          <accessor source="#mixamorig_RightHandPinky1-Matrix-animation-output-transform-array" count="40" stride="16">
            <param type="float4x4"/>
          </accessor>
        </technique_common>
      </source>
      <source id="mixamorig_RightHandPinky1-Interpolations">
        <Name_array id="mixamorig_RightHandPinky1-Interpolations-array" count="40">
 LINEAR LINEAR LINEAR LINEAR LINEAR LINEAR LINEAR LINEAR LINEAR LINEAR LINEAR
LINEAR LINEAR LINEAR LINEAR LINEAR LINEAR LINEAR LINEAR LINEAR LINEAR LINEAR LINEAR
LINEAR LINEAR LINEAR LINEAR LINEAR LINEAR LINEAR LINEAR LINEAR LINEAR LINEAR LINEAR
LINEAR LINEAR LINEAR LINEAR LINEAR</Name_array>
        <technique_common>
          <accessor source="#mixamorig_RightHandPinky1-Interpolations-array" count="40">
            <param type="name"/>
          </accessor>
        </technique_common>
      </source>
      <sampler id="mixamorig_RightHandPinky1-Matrix-animation-transform">
        <input semantic="INPUT" source="#mixamorig_RightHandPinky1-Matrix-animation-input"/>
        <input semantic="OUTPUT" source="#mixamorig_RightHandPinky1-Matrix-animation-output-transform"/>
        <input semantic="INTERPOLATION" source="#mixamorig_RightHandPinky1-Interpolations"/>
      </sampler>
      <channel source="#mixamorig_RightHandPinky1-Matrix-animation-transform" target="mixamorig_RightHandPinky1/matrix"/>
    </animation>
    <animation id="mixamorig_RightHandPinky2-anim" name="mixamorig_RightHandPinky2">
      <source id="mixamorig_RightHandPinky2-Matrix-animation-input">
        <float_array id="mixamorig_RightHandPinky2-Matrix-animation-input-array" count="40">

0.000000 0.033333 0.066667 0.100000 0.133333 0.166667 0.200000 0.233333 0.266667 0.300000 0.333333 0.366667 0.400000 0.433333 0.466667 0.500000
0.533333 0.566667 0.600000 0.633333 0.666667 0.700000 0.733333 0.766667 0.800000 0.833333 0.866667 0.900000 0.933333 0.966667 1.000000 1.033333
1.066667 1.100000 1.133333 1.166667 1.200000 1.233333 1.266667 1.300000</float_array>
        <technique_common>
          <accessor source="#mixamorig_RightHandPinky2-Matrix-animation-input-array" count="40">
            <param name="TIME" type="float"/>
          </accessor>
        </technique_common>
      </source>
      <source id="mixamorig_RightHandPinky2-Matrix-animation-output-transform">
        <float_array id="mixamorig_RightHandPinky2-Matrix-animation-output-transform-array" count="640">

0.975640 -0.152681 0.157526 -0.006200 0.147955 -0.072213 -0.986354 2.606100 0.161973 0.985634 -0.047864 -0.000000 0.000000 0.000000 0.000000 1.000000
0.975640 -0.152681 0.157526 -0.006200 0.147955 -0.072213 -0.986354 2.606100 0.161973 0.985634 -0.047864 0.000000 0.000000 0.000000 0.000000 1.000000
0.975640 -0.152681 0.157526 -0.006200 0.147955 -0.072212 -0.986354 2.606100 0.161973 0.985634 -0.047863 -0.000000 0.000000 0.000000 0.000000 1.000000
0.975640 -0.152681 0.157525 -0.006200 0.147954 -0.072213 -0.986354 2.606100 0.161973 0.985634 -0.047864 -0.000000 0.000000 0.000000 0.000000 1.000000
0.975640 -0.152681 0.157526 -0.006200 0.147955 -0.072212 -0.986354 2.606100 0.161973 0.985634 -0.047863 0.000000 0.000000 0.000000 0.000000 1.000000
0.975640 -0.152681 0.157526 -0.006200 0.147955 -0.072213 -0.986354 2.606100 0.161973 0.985634 -0.047864 0.000000 0.000000 0.000000 0.000000 1.000000
0.975640 -0.152681 0.157526 -0.006200 0.147955 -0.072213 -0.986354 2.606100 0.161973 0.985634 -0.047864 -0.000000 0.000000 0.000000 0.000000 1.000000
0.975640 -0.152681 0.157525 -0.006200 0.147955 -0.072213 -0.986354 2.606100 0.161973 0.985634 -0.047864 0.000000 0.000000 0.000000 0.000000 1.000000
0.975640 -0.152681 0.157526 -0.006200 0.147955 -0.072213 -0.986354 2.606100 0.161973 0.985634 -0.047864 0.000000 0.000000 0.000000 0.000000 1.000000
0.975640 -0.152681 0.157526 -0.006200 0.147955 -0.072213 -0.986354 2.606100 0.161973 0.985634 -0.047864 -0.000000 0.000000 0.000000 0.000000 1.000000
0.975640 -0.152681 0.157526 -0.006200 0.147955 -0.072213 -0.986354 2.606100 0.161973 0.985634 -0.047864 -0.000000 0.000000 0.000000 0.000000 1.000000
0.975640 -0.152681 0.157526 -0.006200 0.147955 -0.072212 -0.986354 2.606100 0.161973 0.985634 -0.047863 0.000000 0.000000 0.000000 0.000000 1.000000
0.975640 -0.152681 0.157526 -0.006200 0.147955 -0.072213 -0.986354 2.606100 0.161973 0.985634 -0.047864 0.000000 0.000000 0.000000 0.000000 1.000000
0.975640 -0.152681 0.157526 -0.006200 0.147955 -0.072212 -0.986354 2.606100 0.161973 0.985634 -0.047863 -0.000000 0.000000 0.000000 0.000000 1.000000
0.975640 -0.152681 0.157526 -0.006200 0.147955 -0.072212 -0.986354 2.606100 0.161973 0.985634 -0.047863 0.000000 0.000000 0.000000 0.000000 1.000000
0.975640 -0.152681 0.157526 -0.006200 0.147955 -0.072212 -0.986354 2.606100 0.161973 0.985634 -0.047863 0.000000 0.000000 0.000000 0.000000 1.000000
0.975640 -0.152682 0.157526 -0.006200 0.147955 -0.072212 -0.986354 2.606100 0.161974 0.985634 -0.047863 0.000000 0.000000 0.000000 0.000000 1.000000
0.975640 -0.152681 0.157526 -0.006200 0.147955 -0.072213 -0.986354 2.606100 0.161973 0.985634 -0.047864 0.000000 0.000000 0.000000 0.000000 1.000000
0.975640 -0.152681 0.157526 -0.006200 0.147955 -0.072213 -0.986354 2.606100 0.161973 0.985634 -0.047864 0.000000 0.000000 0.000000 0.000000 1.000000
0.975640 -0.152681 0.157526 -0.006200 0.147955 -0.072213 -0.986354 2.606100 0.161973 0.985634 -0.047864 0.000000 0.000000 0.000000 0.000000 1.000000
0.975640 -0.152681 0.157526 -0.006200 0.147955 -0.072213 -0.986354 2.606100 0.161973 0.985634 -0.047864 0.000000 0.000000 0.000000 0.000000 1.000000
0.975640 -0.152681 0.157526 -0.006200 0.147955 -0.072213 -0.986354 2.606100 0.161973 0.985634 -0.047864 0.000000 0.000000 0.000000 0.000000 1.000000
0.975640 -0.152681 0.157526 -0.006200 0.147955 -0.072213 -0.986354 2.606100 0.161973 0.985634 -0.047864 0.000000 0.000000 0.000000 0.000000 1.000000
0.975640 -0.152681 0.157526 -0.006200 0.147955 -0.072213 -0.986354 2.606100 0.161973 0.985634 -0.047864 0.000000 0.000000 0.000000 0.000000 1.000000
0.975640 -0.152681 0.157526 -0.006200 0.147955 -0.072213 -0.986354 2.606100 0.161973 0.985634 -0.047864 0.000000 0.000000 0.000000 0.000000 1.000000
0.975640 -0.152681 0.157526 -0.006200 0.147955 -0.072212 -0.986354 2.606100 0.161973 0.985634 -0.047863 0.000000 0.000000 0.000000 0.000000 1.000000
0.975640 -0.152681 0.157526 -0.006200 0.147955 -0.072213 -0.986354 2.606100 0.161973 0.985634 -0.047864 0.000000 0.000000 0.000000 0.000000 1.000000
0.975640 -0.152681 0.157526 -0.006200 0.147955 -0.072212 -0.986354 2.606100 0.161973 0.985634 -0.047863 0.000000 0.000000 0.000000 0.000000 1.000000
0.975640 -0.152681 0.157526 -0.006200 0.147955 -0.072213 -0.986354 2.606100 0.161973 0.985634 -0.047864 -0.000000 0.000000 0.000000 0.000000 1.000000
0.975640 -0.152681 0.157526 -0.006200 0.147955 -0.072213 -0.986354 2.606100 0.161973 0.985634 -0.047864 -0.000000 0.000000 0.000000 0.000000 1.000000
0.975640 -0.152681 0.157526 -0.006200 0.147955 -0.072213 -0.986354 2.606100 0.161973 0.985634 -0.047864 0.000000 0.000000 0.000000 0.000000 1.000000
0.975640 -0.152681 0.157526 -0.006200 0.147955 -0.072213 -0.986354 2.606100 0.161973 0.985634 -0.047864 0.000000 0.000000 0.000000 0.000000 1.000000
0.975640 -0.152681 0.157526 -0.006200 0.147955 -0.072212 -0.986354 2.606100 0.161973 0.985634 -0.047863 0.000000 0.000000 0.000000 0.000000 1.000000
0.975640 -0.152681 0.157526 -0.006200 0.147955 -0.072213 -0.986354 2.606100 0.161973 0.985634 -0.047864 0.000000 0.000000 0.000000 0.000000 1.000000
0.975640 -0.152681 0.157526 -0.006200 0.147955 -0.072212 -0.986354 2.606100 0.161973 0.985634 -0.047863 0.000000 0.000000 0.000000 0.000000 1.000000
0.975640 -0.152681 0.157526 -0.006200 0.147955 -0.072212 -0.986354 2.606100 0.161973 0.985634 -0.047863 0.000000 0.000000 0.000000 0.000000 1.000000
0.975640 -0.152681 0.157526 -0.006200 0.147955 -0.072212 -0.986354 2.606100 0.161973 0.985634 -0.047863 0.000000 0.000000 0.000000 0.000000 1.000000
0.975640 -0.152681 0.157526 -0.006200 0.147955 -0.072212 -0.986354 2.606100 0.161973 0.985634 -0.047863 0.000000 0.000000 0.000000 0.000000 1.000000
0.975640 -0.152681 0.157526 -0.006200 0.147955 -0.072212 -0.986354 2.606100 0.161973 0.985634 -0.047863 0.000000 0.000000 0.000000 0.000000 1.000000
0.975640 -0.152681 0.157526 -0.006200 0.147955 -0.072213 -0.986354 2.606100 0.161973 0.985634 -0.047864 0.000000 0.000000 0.000000 0.000000 1.000000</float_array>
        <technique_common>
          <accessor source="#mixamorig_RightHandPinky2-Matrix-animation-output-transform-array" count="40" stride="16">
            <param type="float4x4"/>
          </accessor>
        </technique_common>
      </source>
      <source id="mixamorig_RightHandPinky2-Interpolations">
        <Name_array id="mixamorig_RightHandPinky2-Interpolations-array" count="40">
 LINEAR LINEAR LINEAR LINEAR LINEAR LINEAR LINEAR LINEAR LINEAR LINEAR LINEAR
LINEAR LINEAR LINEAR LINEAR LINEAR LINEAR LINEAR LINEAR LINEAR LINEAR LINEAR LINEAR
LINEAR LINEAR LINEAR LINEAR LINEAR LINEAR LINEAR LINEAR LINEAR LINEAR LINEAR LINEAR
LINEAR LINEAR LINEAR LINEAR LINEAR</Name_array>
        <technique_common>
          <accessor source="#mixamorig_RightHandPinky2-Interpolations-array" count="40">
            <param type="name"/>
          </accessor>
        </technique_common>
      </source>
      <sampler id="mixamorig_RightHandPinky2-Matrix-animation-transform">
        <input semantic="INPUT" source="#mixamorig_RightHandPinky2-Matrix-animation-input"/>
        <input semantic="OUTPUT" source="#mixamorig_RightHandPinky2-Matrix-animation-output-transform"/>
        <input semantic="INTERPOLATION" source="#mixamorig_RightHandPinky2-Interpolations"/>
      </sampler>
      <channel source="#mixamorig_RightHandPinky2-Matrix-animation-transform" target="mixamorig_RightHandPinky2/matrix"/>
    </animation>
    <animation id="mixamorig_RightHandPinky3-anim" name="mixamorig_RightHandPinky3">
      <source id="mixamorig_RightHandPinky3-Matrix-animation-input">
        <float_array id="mixamorig_RightHandPinky3-Matrix-animation-input-array" count="40">

0.000000 0.033333 0.066667 0.100000 0.133333 0.166667 0.200000 0.233333 0.266667 0.300000 0.333333 0.366667 0.400000 0.433333 0.466667 0.500000
0.533333 0.566667 0.600000 0.633333 0.666667 0.700000 0.733333 0.766667 0.800000 0.833333 0.866667 0.900000 0.933333 0.966667 1.000000 1.033333
1.066667 1.100000 1.133333 1.166667 1.200000 1.233333 1.266667 1.300000</float_array>
        <technique_common>
          <accessor source="#mixamorig_RightHandPinky3-Matrix-animation-input-array" count="40">
            <param name="TIME" type="float"/>
          </accessor>
        </technique_common>
      </source>
      <source id="mixamorig_RightHandPinky3-Matrix-animation-output-transform">
        <float_array id="mixamorig_RightHandPinky3-Matrix-animation-output-transform-array" count="640">

0.994486 -0.096706 0.040559 0.016800 0.095944 0.682936 -0.724150 2.281600 0.042331 0.724049 0.688449 0.000000 0.000000 0.000000 0.000000 1.000000
0.994486 -0.096706 0.040559 0.016800 0.095944 0.682936 -0.724150 2.281600 0.042331 0.724049 0.688448 0.000000 0.000000 0.000000 0.000000 1.000000
0.994486 -0.096706 0.040559 0.016800 0.095944 0.682936 -0.724150 2.281600 0.042331 0.724049 0.688448 0.000000 0.000000 0.000000 0.000000 1.000000
0.994486 -0.096706 0.040559 0.016800 0.095944 0.682936 -0.724150 2.281600 0.042331 0.724049 0.688449 0.000000 0.000000 0.000000 0.000000 1.000000
0.994486 -0.096706 0.040559 0.016800 0.095944 0.682936 -0.724150 2.281600 0.042331 0.724049 0.688449 0.000000 0.000000 0.000000 0.000000 1.000000
0.994486 -0.096706 0.040559 0.016800 0.095944 0.682936 -0.724150 2.281600 0.042331 0.724049 0.688449 0.000000 0.000000 0.000000 0.000000 1.000000
0.994486 -0.096706 0.040559 0.016800 0.095944 0.682936 -0.724150 2.281600 0.042331 0.724049 0.688449 0.000000 0.000000 0.000000 0.000000 1.000000
0.994486 -0.096706 0.040559 0.016800 0.095944 0.682936 -0.724150 2.281600 0.042331 0.724049 0.688449 0.000000 0.000000 0.000000 0.000000 1.000000
0.994486 -0.096706 0.040558 0.016800 0.095943 0.682936 -0.724150 2.281600 0.042331 0.724049 0.688449 0.000000 0.000000 0.000000 0.000000 1.000000
0.994486 -0.096707 0.040559 0.016800 0.095944 0.682936 -0.724150 2.281600 0.042331 0.724049 0.688449 0.000000 0.000000 0.000000 0.000000 1.000000
0.994486 -0.096706 0.040558 0.016800 0.095943 0.682936 -0.724150 2.281600 0.042331 0.724049 0.688448 0.000000 0.000000 0.000000 0.000000 1.000000
0.994486 -0.096706 0.040559 0.016800 0.095944 0.682936 -0.724150 2.281600 0.042331 0.724049 0.688449 0.000000 0.000000 0.000000 0.000000 1.000000
0.994486 -0.096706 0.040559 0.016800 0.095944 0.682936 -0.724150 2.281600 0.042331 0.724049 0.688448 0.000000 0.000000 0.000000 0.000000 1.000000
0.994486 -0.096706 0.040558 0.016800 0.095943 0.682936 -0.724150 2.281600 0.042331 0.724049 0.688448 0.000000 0.000000 0.000000 0.000000 1.000000
0.994486 -0.096706 0.040558 0.016800 0.095943 0.682936 -0.724150 2.281600 0.042331 0.724049 0.688449 0.000000 0.000000 0.000000 0.000000 1.000000
0.994486 -0.096706 0.040559 0.016800 0.095944 0.682936 -0.724150 2.281600 0.042331 0.724049 0.688449 0.000000 0.000000 0.000000 0.000000 1.000000
0.994486 -0.096706 0.040558 0.016800 0.095943 0.682936 -0.724150 2.281600 0.042331 0.724049 0.688449 0.000000 0.000000 0.000000 0.000000 1.000000
0.994486 -0.096706 0.040559 0.016800 0.095944 0.682935 -0.724150 2.281600 0.042331 0.724049 0.688448 -0.000000 0.000000 0.000000 0.000000 1.000000
0.994486 -0.096706 0.040559 0.016800 0.095944 0.682936 -0.724150 2.281600 0.042331 0.724049 0.688449 0.000000 0.000000 0.000000 0.000000 1.000000
0.994486 -0.096706 0.040559 0.016800 0.095944 0.682936 -0.724150 2.281600 0.042331 0.724049 0.688448 0.000000 0.000000 0.000000 0.000000 1.000000
0.994486 -0.096707 0.040559 0.016800 0.095944 0.682935 -0.724151 2.281600 0.042331 0.724049 0.688448 -0.000000 0.000000 0.000000 0.000000 1.000000
0.994486 -0.096707 0.040559 0.016800 0.095944 0.682936 -0.724150 2.281600 0.042331 0.724049 0.688449 0.000000 0.000000 0.000000 0.000000 1.000000
0.994486 -0.096706 0.040559 0.016800 0.095944 0.682936 -0.724150 2.281600 0.042331 0.724049 0.688449 0.000000 0.000000 0.000000 0.000000 1.000000
0.994486 -0.096706 0.040559 0.016800 0.095944 0.682936 -0.724150 2.281600 0.042331 0.724049 0.688449 -0.000000 0.000000 0.000000 0.000000 1.000000
0.994486 -0.096707 0.040559 0.016800 0.095944 0.682936 -0.724150 2.281600 0.042331 0.724049 0.688449 -0.000000 0.000000 0.000000 0.000000 1.000000
0.994486 -0.096706 0.040559 0.016800 0.095944 0.682936 -0.724150 2.281600 0.042331 0.724049 0.688448 -0.000000 0.000000 0.000000 0.000000 1.000000
0.994486 -0.096706 0.040559 0.016800 0.095944 0.682936 -0.724150 2.281600 0.042331 0.724049 0.688449 -0.000000 0.000000 0.000000 0.000000 1.000000
0.994486 -0.096706 0.040558 0.016800 0.095944 0.682936 -0.724150 2.281600 0.042331 0.724049 0.688449 -0.000000 0.000000 0.000000 0.000000 1.000000
0.994486 -0.096706 0.040559 0.016800 0.095944 0.682936 -0.724150 2.281600 0.042331 0.724049 0.688448 0.000000 0.000000 0.000000 0.000000 1.000000
0.994486 -0.096706 0.040559 0.016800 0.095944 0.682936 -0.724150 2.281600 0.042331 0.724049 0.688449 0.000000 0.000000 0.000000 0.000000 1.000000
0.994486 -0.096706 0.040559 0.016800 0.095944 0.682936 -0.724150 2.281600 0.042331 0.724049 0.688448 0.000000 0.000000 0.000000 0.000000 1.000000
0.994486 -0.096706 0.040559 0.016800 0.095944 0.682936 -0.724150 2.281600 0.042331 0.724049 0.688448 0.000000 0.000000 0.000000 0.000000 1.000000
0.994486 -0.096706 0.040559 0.016800 0.095944 0.682936 -0.724150 2.281600 0.042331 0.724049 0.688449 0.000000 0.000000 0.000000 0.000000 1.000000
0.994486 -0.096706 0.040558 0.016800 0.095944 0.682936 -0.724150 2.281600 0.042331 0.724049 0.688449 0.000000 0.000000 0.000000 0.000000 1.000000
0.994486 -0.096706 0.040559 0.016800 0.095944 0.682936 -0.724150 2.281600 0.042331 0.724049 0.688448 0.000000 0.000000 0.000000 0.000000 1.000000
0.994486 -0.096706 0.040559 0.016800 0.095944 0.682936 -0.724150 2.281600 0.042331 0.724049 0.688449 -0.000000 0.000000 0.000000 0.000000 1.000000
0.994486 -0.096706 0.040559 0.016800 0.095944 0.682936 -0.724150 2.281600 0.042331 0.724049 0.688449 0.000000 0.000000 0.000000 0.000000 1.000000
0.994486 -0.096706 0.040559 0.016800 0.095944 0.682936 -0.724150 2.281600 0.042331 0.724049 0.688448 -0.000000 0.000000 0.000000 0.000000 1.000000
0.994486 -0.096706 0.040559 0.016800 0.095944 0.682936 -0.724150 2.281600 0.042331 0.724049 0.688448 0.000000 0.000000 0.000000 0.000000 1.000000
0.994486 -0.096707 0.040559 0.016800 0.095944 0.682936 -0.724150 2.281600 0.042331 0.724049 0.688449 0.000000 0.000000 0.000000 0.000000 1.000000</float_array>
        <technique_common>
          <accessor source="#mixamorig_RightHandPinky3-Matrix-animation-output-transform-array" count="40" stride="16">
            <param type="float4x4"/>
          </accessor>
        </technique_common>
      </source>
      <source id="mixamorig_RightHandPinky3-Interpolations">
        <Name_array id="mixamorig_RightHandPinky3-Interpolations-array" count="40">
 LINEAR LINEAR LINEAR LINEAR LINEAR LINEAR LINEAR LINEAR LINEAR LINEAR LINEAR
LINEAR LINEAR LINEAR LINEAR LINEAR LINEAR LINEAR LINEAR LINEAR LINEAR LINEAR LINEAR
LINEAR LINEAR LINEAR LINEAR LINEAR LINEAR LINEAR LINEAR LINEAR LINEAR LINEAR LINEAR
LINEAR LINEAR LINEAR LINEAR LINEAR</Name_array>
        <technique_common>
          <accessor source="#mixamorig_RightHandPinky3-Interpolations-array" count="40">
            <param type="name"/>
          </accessor>
        </technique_common>
      </source>
      <sampler id="mixamorig_RightHandPinky3-Matrix-animation-transform">
        <input semantic="INPUT" source="#mixamorig_RightHandPinky3-Matrix-animation-input"/>
        <input semantic="OUTPUT" source="#mixamorig_RightHandPinky3-Matrix-animation-output-transform"/>
        <input semantic="INTERPOLATION" source="#mixamorig_RightHandPinky3-Interpolations"/>
      </sampler>
      <channel source="#mixamorig_RightHandPinky3-Matrix-animation-transform" target="mixamorig_RightHandPinky3/matrix"/>
    </animation>
    <animation id="mixamorig_LeftUpLeg-anim" name="mixamorig_LeftUpLeg">
      <source id="mixamorig_LeftUpLeg-Matrix-animation-input">
        <float_array id="mixamorig_LeftUpLeg-Matrix-animation-input-array" count="40">

0.000000 0.033333 0.066667 0.100000 0.133333 0.166667 0.200000 0.233333 0.266667 0.300000 0.333333 0.366667 0.400000 0.433333 0.466667 0.500000
0.533333 0.566667 0.600000 0.633333 0.666667 0.700000 0.733333 0.766667 0.800000 0.833333 0.866667 0.900000 0.933333 0.966667 1.000000 1.033333
1.066667 1.100000 1.133333 1.166667 1.200000 1.233333 1.266667 1.300000</float_array>
        <technique_common>
          <accessor source="#mixamorig_LeftUpLeg-Matrix-animation-input-array" count="40">
            <param name="TIME" type="float"/>
          </accessor>
        </technique_common>
      </source>
      <source id="mixamorig_LeftUpLeg-Matrix-animation-output-transform">
        <float_array id="mixamorig_LeftUpLeg-Matrix-animation-output-transform-array" count="640">

-0.834950 0.475869 0.276417 8.707300 -0.420717 -0.875738 0.236812 -5.963400 0.354760 0.081433 0.931404 -0.626400 0.000000 0.000000 0.000000 1.000000
-0.834408 0.476196 0.277488 8.707300 -0.421270 -0.875690 0.236007 -5.963400 0.355379 0.080029 0.931290 -0.626400 0.000000 0.000000 0.000000 1.000000
-0.833724 0.477646 0.277053 8.707300 -0.421881 -0.874721 0.238493 -5.963400 0.356259 0.081954 0.930786 -0.626400 0.000000 0.000000 0.000000 1.000000
-0.833607 0.479269 0.274592 8.707300 -0.422298 -0.873429 0.242457 -5.963400 0.356039 0.086154 0.930491 -0.626400 0.000000 0.000000 0.000000 1.000000
-0.833865 0.481492 0.269878 8.707300 -0.422196 -0.871333 0.250058 -5.963400 0.355555 0.094574 0.929858 -0.626400 0.000000 0.000000 0.000000 1.000000
-0.833724 0.485490 0.263067 8.707300 -0.422744 -0.867689 0.261541 -5.963400 0.355235 0.106843 0.928651 -0.626400 0.000000 0.000000 0.000000 1.000000
-0.834312 0.495020 0.242648 8.707300 -0.422436 -0.856852 0.295553 -5.963400 0.354218 0.144080 0.923997 -0.626400 0.000000 0.000000 0.000000 1.000000
-0.839825 0.499885 0.211681 8.707300 -0.419261 -0.844973 0.332026 -5.963400 0.344839 0.190094 0.919212 -0.626400 0.000000 0.000000 0.000000 1.000000
-0.849836 0.498239 0.171860 8.707300 -0.411640 -0.831105 0.373921 -5.963400 0.329135 0.247028 0.911399 -0.626400 0.000000 0.000000 0.000000 1.000000
-0.859674 0.492084 0.137164 8.707300 -0.405846 -0.820966 0.401627 -5.963400 0.310241 0.289600 0.905473 -0.626400 0.000000 0.000000 0.000000 1.000000
-0.864443 0.489523 0.114485 8.707300 -0.403501 -0.811424 0.422822 -5.963400 0.299876 0.319311 0.898952 -0.626400 0.000000 0.000000 0.000000 1.000000
-0.861914 0.492975 0.118654 8.707300 -0.399518 -0.804360 0.439762 -5.963400 0.312233 0.331633 0.890242 -0.626400 0.000000 0.000000 0.000000 1.000000
-0.856128 0.496998 0.141555 8.707300 -0.395973 -0.806928 0.438260 -5.963400 0.332039 0.319154 0.887632 -0.626400 0.000000 0.000000 0.000000 1.000000
-0.844436 0.510752 0.161432 8.707300 -0.408072 -0.808623 0.423800 -5.963400 0.346994 0.291996 0.891254 -0.626400 0.000000 0.000000 0.000000 1.000000
-0.829873 0.524218 0.191066 8.707300 -0.422007 -0.813739 0.399674 -5.963400 0.364994 0.251047 0.896524 -0.626400 0.000000 0.000000 0.000000 1.000000
-0.824932 0.519545 0.222620 8.707300 -0.421273 -0.827726 0.370674 -5.963400 0.376851 0.211997 0.901688 -0.626400 0.000000 0.000000 0.000000 1.000000
-0.816744 0.518585 0.252980 8.707300 -0.430511 -0.839613 0.331226 -5.963400 0.384174 0.161616 0.909005 -0.626400 0.000000 0.000000 0.000000 1.000000
-0.811580 0.510912 0.283382 8.707300 -0.438676 -0.853250 0.282006 -5.963400 0.385877 0.104558 0.916606 -0.626400 0.000000 0.000000 0.000000 1.000000
-0.796453 0.519531 0.309434 8.707300 -0.457421 -0.852309 0.253645 -5.963400 0.395510 0.060474 0.916469 -0.626400 0.000000 0.000000 0.000000 1.000000
-0.794635 0.517602 0.317243 8.707300 -0.454842 -0.853706 0.253583 -5.963400 0.402088 0.057211 0.913812 -0.626400 0.000000 0.000000 0.000000 1.000000
-0.796893 0.514598 0.316466 8.707300 -0.447815 -0.854786 0.262304 -5.963400 0.405492 0.067310 0.911617 -0.626400 0.000000 0.000000 0.000000 1.000000
-0.797108 0.519550 0.307714 8.707300 -0.448361 -0.850592 0.274711 -5.963400 0.404465 0.081007 0.910959 -0.626400 0.000000 0.000000 0.000000 1.000000
-0.796248 0.518485 0.311710 8.707300 -0.444238 -0.850864 0.280505 -5.963400 0.410661 0.084878 0.907829 -0.626400 0.000000 0.000000 0.000000 1.000000
-0.797372 0.514303 0.315738 8.707300 -0.442679 -0.854048 0.273198 -5.963400 0.410162 0.078070 0.908665 -0.626400 0.000000 0.000000 0.000000 1.000000
-0.797081 0.511856 0.320414 8.707300 -0.442081 -0.856065 0.267802 -5.963400 0.411371 0.071811 0.908635 -0.626400 0.000000 0.000000 0.000000 1.000000
-0.801247 0.502822 0.324305 8.707300 -0.432988 -0.861346 0.265715 -5.963400 0.412947 0.072483 0.907866 -0.626400 0.000000 0.000000 0.000000 1.000000
-0.805043 0.494212 0.328116 8.707300 -0.424573 -0.866310 0.263143 -5.963400 0.414299 0.072532 0.907246 -0.626400 0.000000 0.000000 0.000000 1.000000
-0.806444 0.487419 0.334770 8.707300 -0.419176 -0.870554 0.257735 -5.963400 0.417060 0.067522 0.906367 -0.626400 0.000000 0.000000 0.000000 1.000000
-0.807420 0.480763 0.341966 8.707300 -0.412249 -0.874389 0.255920 -5.963400 0.422048 0.065659 0.904193 -0.626400 0.000000 0.000000 0.000000 1.000000
-0.808963 0.477089 0.343460 8.707300 -0.404241 -0.875657 0.264224 -5.963400 0.426812 0.074907 0.901233 -0.626400 0.000000 0.000000 0.000000 1.000000
-0.808867 0.477072 0.343711 8.707300 -0.401269 -0.875144 0.270382 -5.963400 0.429788 0.080783 0.899309 -0.626400 0.000000 0.000000 0.000000 1.000000
-0.807686 0.480521 0.341678 8.707300 -0.400947 -0.872501 0.279256 -5.963400 0.432303 0.088556 0.897370 -0.626400 0.000000 0.000000 0.000000 1.000000
-0.807407 0.483030 0.338787 8.707300 -0.398983 -0.870029 0.289590 -5.963400 0.434635 0.098647 0.895188 -0.626400 0.000000 0.000000 0.000000 1.000000
-0.807370 0.485199 0.335761 8.707300 -0.398137 -0.867952 0.296895 -5.963400 0.435477 0.106025 0.893934 -0.626400 0.000000 0.000000 0.000000 1.000000
-0.805820 0.488552 0.334620 8.707300 -0.402071 -0.866267 0.296515 -5.963400 0.434733 0.104397 0.894488 -0.626400 0.000000 0.000000 0.000000 1.000000
-0.803354 0.493199 0.333731 8.707300 -0.409596 -0.864436 0.291517 -5.963400 0.432265 0.097496 0.896461 -0.626400 0.000000 0.000000 0.000000 1.000000
-0.800852 0.497964 0.332669 8.707300 -0.417562 -0.862513 0.285854 -5.963400 0.429276 0.090017 0.898676 -0.626400 0.000000 0.000000 0.000000 1.000000
-0.806544 0.487747 0.334050 8.707300 -0.417969 -0.870086 0.261252 -5.963400 0.418077 0.071089 0.905626 -0.626400 0.000000 0.000000 0.000000 1.000000
-0.814741 0.475392 0.331964 8.707300 -0.408626 -0.876950 0.252951 -5.963400 0.411367 0.070441 0.908744 -0.626400 0.000000 0.000000 0.000000 1.000000
-0.822813 0.462044 0.330898 8.707300 -0.397657 -0.884049 0.245613 -5.963400 0.406014 0.070510 0.911143 -0.626400 0.000000 0.000000 0.000000 1.000000</float_array>
        <technique_common>
          <accessor source="#mixamorig_LeftUpLeg-Matrix-animation-output-transform-array" count="40" stride="16">
            <param type="float4x4"/>
          </accessor>
        </technique_common>
      </source>
      <source id="mixamorig_LeftUpLeg-Interpolations">
        <Name_array id="mixamorig_LeftUpLeg-Interpolations-array" count="40">
 LINEAR LINEAR LINEAR LINEAR LINEAR LINEAR LINEAR LINEAR LINEAR LINEAR LINEAR
LINEAR LINEAR LINEAR LINEAR LINEAR LINEAR LINEAR LINEAR LINEAR LINEAR LINEAR LINEAR
LINEAR LINEAR LINEAR LINEAR LINEAR LINEAR LINEAR LINEAR LINEAR LINEAR LINEAR LINEAR
LINEAR LINEAR LINEAR LINEAR LINEAR</Name_array>
        <technique_common>
          <accessor source="#mixamorig_LeftUpLeg-Interpolations-array" count="40">
            <param type="name"/>
          </accessor>
        </technique_common>
      </source>
      <sampler id="mixamorig_LeftUpLeg-Matrix-animation-transform">
        <input semantic="INPUT" source="#mixamorig_LeftUpLeg-Matrix-animation-input"/>
        <input semantic="OUTPUT" source="#mixamorig_LeftUpLeg-Matrix-animation-output-transform"/>
        <input semantic="INTERPOLATION" source="#mixamorig_LeftUpLeg-Interpolations"/>
      </sampler>
      <channel source="#mixamorig_LeftUpLeg-Matrix-animation-transform" target="mixamorig_LeftUpLeg/matrix"/>
    </animation>
    <animation id="mixamorig_LeftLeg-anim" name="mixamorig_LeftLeg">
      <source id="mixamorig_LeftLeg-Matrix-animation-input">
        <float_array id="mixamorig_LeftLeg-Matrix-animation-input-array" count="40">

0.000000 0.033333 0.066667 0.100000 0.133333 0.166667 0.200000 0.233333 0.266667 0.300000 0.333333 0.366667 0.400000 0.433333 0.466667 0.500000
0.533333 0.566667 0.600000 0.633333 0.666667 0.700000 0.733333 0.766667 0.800000 0.833333 0.866667 0.900000 0.933333 0.966667 1.000000 1.033333
1.066667 1.100000 1.133333 1.166667 1.200000 1.233333 1.266667 1.300000</float_array>
        <technique_common>
          <accessor source="#mixamorig_LeftLeg-Matrix-animation-input-array" count="40">
            <param name="TIME" type="float"/>
          </accessor>
        </technique_common>
      </source>
      <source id="mixamorig_LeftLeg-Matrix-animation-output-transform">
        <float_array id="mixamorig_LeftLeg-Matrix-animation-output-transform-array" count="640">

0.988715 0.039098 0.144619 -0.000000 -0.058731 0.989228 0.134085 40.144199 -0.137818 -0.141066 0.980360 0.000000 0.000000 0.000000 0.000000 1.000000
0.988751 0.039098 0.144369 -0.000000 -0.057837 0.990090 0.127973 40.144199 -0.137935 -0.134883 0.981214 0.000000 0.000000 0.000000 0.000000 1.000000
0.988742 0.039060 0.144441 0.000000 -0.058221 0.989683 0.130909 40.144199 -0.137838 -0.137845 0.980816 0.000000 0.000000 0.000000 0.000000 1.000000
0.988752 0.039102 0.144365 0.000000 -0.059306 0.988596 0.138422 40.144199 -0.137306 -0.145427 0.979795 0.000000 0.000000 0.000000 0.000000 1.000000
0.988803 0.039129 0.144007 0.000000 -0.061022 0.986663 0.150907 40.144199 -0.136181 -0.158005 0.978003 0.000000 0.000000 0.000000 0.000000 1.000000
0.988836 0.039345 0.143717 0.000000 -0.065043 0.981742 0.178754 40.144199 -0.134060 -0.186106 0.973341 -0.000000 0.000000 0.000000 0.000000 1.000000
0.988802 0.039458 0.143919 0.000000 -0.074252 0.966642 0.245132 40.144199 -0.129446 -0.253073 0.958748 0.000000 0.000000 0.000000 0.000000 1.000000
0.988779 0.038648 0.144301 0.000000 -0.083884 0.942933 0.322243 40.144199 -0.123612 -0.330732 0.935594 0.000000 0.000000 0.000000 0.000000 1.000000
0.988606 0.037287 0.145835 -0.000000 -0.095714 0.903463 0.417843 40.144199 -0.116177 -0.427041 0.896738 0.000000 0.000000 0.000000 0.000000 1.000000
0.988474 0.035999 0.147050 0.000000 -0.105631 0.859812 0.499565 40.144199 -0.108451 -0.509340 0.853704 0.000000 0.000000 0.000000 0.000000 1.000000
0.988449 0.034450 0.147587 0.000000 -0.112842 0.817367 0.564958 40.144199 -0.101170 -0.575086 0.811813 -0.000000 0.000000 0.000000 0.000000 1.000000
0.988511 0.033657 0.147355 0.000000 -0.117308 0.785603 0.607508 40.144199 -0.095316 -0.617814 0.780526 0.000000 0.000000 0.000000 0.000000 1.000000
0.988488 0.033982 0.147434 0.000000 -0.118485 0.779854 0.614645 40.144199 -0.094090 -0.625038 0.774903 0.000000 0.000000 0.000000 0.000000 1.000000
0.988394 0.034432 0.147956 -0.000000 -0.117754 0.788981 0.603028 40.144199 -0.095971 -0.613452 0.783879 -0.000000 0.000000 0.000000 0.000000 1.000000
0.988386 0.034492 0.148000 0.000000 -0.117808 0.789109 0.602850 40.144199 -0.095995 -0.613284 0.784007 0.000000 0.000000 0.000000 0.000000 1.000000
0.988080 0.033374 0.150278 0.000000 -0.119691 0.780456 0.613646 40.144199 -0.096805 -0.624319 0.775148 -0.000000 0.000000 0.000000 0.000000 1.000000
0.992759 0.033750 0.115288 0.000000 -0.099966 0.764292 0.637075 40.144199 -0.066613 -0.643986 0.762131 0.000000 0.000000 0.000000 0.000000 1.000000
0.997440 0.034590 0.062587 0.000000 -0.067594 0.741698 0.667320 40.144199 -0.023338 -0.669842 0.742137 0.000000 0.000000 0.000000 0.000000 1.000000
0.998508 0.034441 0.042384 0.000000 -0.054354 0.702191 0.709911 40.144199 -0.005312 -0.711155 0.703015 -0.000000 0.000000 0.000000 0.000000 1.000000
0.998792 0.033918 0.035550 0.000000 -0.049115 0.668607 0.741992 40.144199 0.001397 -0.742842 0.669466 0.000000 0.000000 0.000000 0.000000 1.000000
0.999057 0.033333 0.027838 0.000000 -0.042619 0.629395 0.775916 40.144199 0.008342 -0.776370 0.630222 0.000000 0.000000 0.000000 0.000000 1.000000
0.999148 0.032643 0.025245 0.000000 -0.039554 0.583166 0.811390 40.144199 0.011764 -0.811697 0.583960 0.000000 0.000000 0.000000 0.000000 1.000000
0.999329 0.032297 0.017258 0.000000 -0.032226 0.551838 0.833328 40.144199 0.017390 -0.833325 0.552509 0.000000 0.000000 0.000000 0.000000 1.000000
0.999464 0.032226 -0.005813 0.000000 -0.011953 0.524298 0.851451 40.144199 0.030487 -0.850925 0.524402 0.000000 0.000000 0.000000 0.000000 1.000000
0.999155 0.032188 -0.025553 0.000000 0.006088 0.498985 0.866589 40.144199 0.040644 -0.866012 0.498368 0.000000 0.000000 0.000000 0.000000 1.000000
0.998324 0.032175 -0.048104 0.000000 0.026748 0.480554 0.876557 40.144199 0.051320 -0.876375 0.478888 -0.000000 0.000000 0.000000 0.000000 1.000000
0.997075 0.032096 -0.069370 0.000000 0.046783 0.461443 0.885935 40.144199 0.060445 -0.886589 0.458592 0.000000 0.000000 0.000000 0.000000 1.000000
0.995840 0.031966 -0.085326 -0.000000 0.062415 0.442930 0.894381 40.144199 0.066383 -0.895986 0.439092 -0.000000 0.000000 0.000000 0.000000 1.000000
0.994384 0.031847 -0.100926 0.000000 0.077631 0.428653 0.900128 40.144199 0.071929 -0.902908 0.423774 0.000000 0.000000 0.000000 0.000000 1.000000
0.992869 0.031657 -0.114927 0.000000 0.091893 0.410879 0.907047 40.144199 0.075936 -0.911140 0.405040 -0.000000 0.000000 0.000000 0.000000 1.000000
0.992153 0.031390 -0.121027 -0.000000 0.099092 0.392884 0.914234 40.144199 0.076248 -0.919052 0.386690 -0.000000 0.000000 0.000000 0.000000 1.000000
0.991990 0.031154 -0.122418 0.000000 0.101693 0.377936 0.920230 40.144199 0.074935 -0.925307 0.371740 0.000000 0.000000 0.000000 0.000000 1.000000
0.991918 0.030874 -0.123063 0.000000 0.103467 0.364543 0.925420 40.144199 0.073433 -0.930674 0.358403 0.000000 0.000000 0.000000 0.000000 1.000000
0.992159 0.030714 -0.121146 -0.000000 0.102495 0.354710 0.929341 40.144199 0.071515 -0.934472 0.348781 0.000000 0.000000 0.000000 0.000000 1.000000
0.992772 0.030807 -0.115998 0.000000 0.096855 0.365119 0.925909 40.144199 0.070877 -0.930451 0.359496 -0.000000 0.000000 0.000000 0.000000 1.000000
0.993236 0.030988 -0.111906 0.000000 0.091815 0.380404 0.920252 40.144199 0.071086 -0.924301 0.374985 0.000000 0.000000 0.000000 0.000000 1.000000
0.993552 0.031268 -0.108979 0.000000 0.087502 0.399753 0.912437 40.144199 0.072094 -0.916089 0.394439 0.000000 0.000000 0.000000 0.000000 1.000000
0.997761 0.029954 -0.059806 0.000000 0.039095 0.464335 0.884796 40.144199 0.054273 -0.885153 0.462124 0.000000 0.000000 0.000000 0.000000 1.000000
0.998661 0.029965 -0.042182 0.000000 0.021593 0.499491 0.866050 40.144199 0.047020 -0.865800 0.498175 0.000000 0.000000 0.000000 0.000000 1.000000
0.998958 0.030685 -0.033782 0.000000 0.011864 0.540171 0.841472 40.144199 0.044068 -0.840996 0.539244 0.000000 0.000000 0.000000 0.000000 1.000000</float_array>
        <technique_common>
          <accessor source="#mixamorig_LeftLeg-Matrix-animation-output-transform-array" count="40" stride="16">
            <param type="float4x4"/>
          </accessor>
        </technique_common>
      </source>
      <source id="mixamorig_LeftLeg-Interpolations">
        <Name_array id="mixamorig_LeftLeg-Interpolations-array" count="40">
 LINEAR LINEAR LINEAR LINEAR LINEAR LINEAR LINEAR LINEAR LINEAR LINEAR LINEAR
LINEAR LINEAR LINEAR LINEAR LINEAR LINEAR LINEAR LINEAR LINEAR LINEAR LINEAR LINEAR
LINEAR LINEAR LINEAR LINEAR LINEAR LINEAR LINEAR LINEAR LINEAR LINEAR LINEAR LINEAR
LINEAR LINEAR LINEAR LINEAR LINEAR</Name_array>
        <technique_common>
          <accessor source="#mixamorig_LeftLeg-Interpolations-array" count="40">
            <param type="name"/>
          </accessor>
        </technique_common>
      </source>
      <sampler id="mixamorig_LeftLeg-Matrix-animation-transform">
        <input semantic="INPUT" source="#mixamorig_LeftLeg-Matrix-animation-input"/>
        <input semantic="OUTPUT" source="#mixamorig_LeftLeg-Matrix-animation-output-transform"/>
        <input semantic="INTERPOLATION" source="#mixamorig_LeftLeg-Interpolations"/>
      </sampler>
      <channel source="#mixamorig_LeftLeg-Matrix-animation-transform" target="mixamorig_LeftLeg/matrix"/>
    </animation>
    <animation id="mixamorig_LeftFoot-anim" name="mixamorig_LeftFoot">
      <source id="mixamorig_LeftFoot-Matrix-animation-input">
        <float_array id="mixamorig_LeftFoot-Matrix-animation-input-array" count="40">

0.000000 0.033333 0.066667 0.100000 0.133333 0.166667 0.200000 0.233333 0.266667 0.300000 0.333333 0.366667 0.400000 0.433333 0.466667 0.500000
0.533333 0.566667 0.600000 0.633333 0.666667 0.700000 0.733333 0.766667 0.800000 0.833333 0.866667 0.900000 0.933333 0.966667 1.000000 1.033333
1.066667 1.100000 1.133333 1.166667 1.200000 1.233333 1.266667 1.300000</float_array>
        <technique_common>
          <accessor source="#mixamorig_LeftFoot-Matrix-animation-input-array" count="40">
            <param name="TIME" type="float"/>
          </accessor>
        </technique_common>
      </source>
      <source id="mixamorig_LeftFoot-Matrix-animation-output-transform">
        <float_array id="mixamorig_LeftFoot-Matrix-animation-output-transform-array" count="640">

0.950410 0.251455 -0.183007 0.000000 -0.306762 0.661152 -0.684671 36.762600 -0.051169 0.706858 0.705503 0.000000 0.000000 0.000000 0.000000 1.000000
0.949752 0.253350 -0.183806 0.000000 -0.308835 0.663005 -0.681942 36.762600 -0.050906 0.704442 0.707934 0.000000 0.000000 0.000000 0.000000 1.000000
0.949771 0.252340 -0.185094 0.000000 -0.308871 0.660732 -0.684128 36.762600 -0.050335 0.706935 0.705485 -0.000000 0.000000 0.000000 0.000000 1.000000
0.949085 0.253938 -0.186421 0.000000 -0.310676 0.656573 -0.687308 36.762600 -0.052134 0.710230 0.702036 0.000000 0.000000 0.000000 0.000000 1.000000
0.947709 0.256017 -0.190534 0.000000 -0.314686 0.650303 -0.691432 36.762600 -0.053113 0.715235 0.696863 0.000000 0.000000 0.000000 0.000000 1.000000
0.945585 0.262419 -0.192365 0.000000 -0.319456 0.636510 -0.701999 36.762600 -0.061775 0.725252 0.685706 -0.000000 0.000000 0.000000 0.000000 1.000000
0.942716 0.269310 -0.196872 0.000000 -0.324971 0.608047 -0.724343 36.762600 -0.075365 0.746827 0.660734 0.000000 0.000000 0.000000 0.000000 1.000000
0.942512 0.263955 -0.204937 0.000000 -0.324855 0.579900 -0.747118 36.762600 -0.078363 0.770742 0.632310 0.000000 0.000000 0.000000 0.000000 1.000000
0.949132 0.237532 -0.206707 -0.000000 -0.306670 0.548397 -0.777955 36.762600 -0.071432 0.801773 0.593345 0.000000 0.000000 0.000000 0.000000 1.000000
0.953980 0.205660 -0.218234 0.000000 -0.295017 0.513274 -0.805925 36.762600 -0.053733 0.833219 0.550326 -0.000000 0.000000 0.000000 0.000000 1.000000
0.954972 0.172337 -0.241513 0.000000 -0.295424 0.477049 -0.827737 36.762600 -0.027437 0.861815 0.506481 -0.000000 0.000000 0.000000 0.000000 1.000000
0.952962 0.151698 -0.262396 0.000000 -0.302894 0.445402 -0.842539 36.762600 -0.010940 0.882386 0.470399 -0.000000 0.000000 0.000000 0.000000 1.000000
0.955924 0.147037 -0.254145 0.000000 -0.293046 0.423961 -0.856960 36.762600 -0.018257 0.893665 0.448364 0.000000 0.000000 0.000000 0.000000 1.000000
0.961476 0.143925 -0.234200 0.000000 -0.273376 0.411362 -0.869509 36.762600 -0.028803 0.900037 0.434861 0.000000 0.000000 0.000000 0.000000 1.000000
0.961007 0.144256 -0.235914 0.000000 -0.274188 0.386454 -0.880610 36.762600 -0.035863 0.910958 0.410938 0.000000 0.000000 0.000000 0.000000 1.000000
0.962168 0.108492 -0.249926 0.000000 -0.272290 0.350690 -0.896033 36.762600 -0.009566 0.930186 0.366964 -0.000000 0.000000 0.000000 0.000000 1.000000
0.966565 0.091318 -0.239612 0.000000 -0.256239 0.308627 -0.916019 36.762600 -0.009698 0.946790 0.321707 -0.000000 0.000000 0.000000 0.000000 1.000000
0.970895 0.077512 -0.226618 -0.000000 -0.239066 0.256249 -0.936581 36.762600 -0.014526 0.963498 0.267321 -0.000000 0.000000 0.000000 0.000000 1.000000
0.976551 0.060947 -0.206480 0.000000 -0.214653 0.202078 -0.955557 36.762600 -0.016513 0.977471 0.210422 -0.000000 0.000000 0.000000 0.000000 1.000000
0.979455 0.049836 -0.195406 0.000000 -0.200919 0.158107 -0.966765 36.762600 -0.017284 0.986164 0.164871 0.000000 0.000000 0.000000 0.000000 1.000000
0.982769 0.038107 -0.180868 0.000000 -0.184082 0.113275 -0.976362 36.762600 -0.016718 0.992833 0.118338 0.000000 0.000000 0.000000 0.000000 1.000000
0.986244 0.028241 -0.162863 0.000000 -0.164539 0.073688 -0.983614 36.762600 -0.015777 0.996881 0.077321 0.000000 0.000000 0.000000 0.000000 1.000000
0.988740 0.019139 -0.148414 0.000000 -0.149144 0.045170 -0.987783 36.762600 -0.012202 0.998796 0.047516 -0.000000 0.000000 0.000000 0.000000 1.000000
0.990094 0.013247 -0.139777 0.000000 -0.140001 0.017812 -0.989991 36.762600 -0.010624 0.999754 0.019490 0.000000 0.000000 0.000000 0.000000 1.000000
0.991236 0.008673 -0.131815 0.000000 -0.131802 -0.002132 -0.991274 36.762600 -0.008878 0.999960 -0.000970 0.000000 0.000000 0.000000 0.000000 1.000000
0.990786 0.007212 -0.135245 0.000000 -0.135096 -0.018126 -0.990667 36.762600 -0.009596 0.999810 -0.016985 0.000000 0.000000 0.000000 0.000000 1.000000
0.990678 0.004997 -0.136132 0.000000 -0.135896 -0.033106 -0.990170 36.762600 -0.009455 0.999439 -0.032118 -0.000000 0.000000 0.000000 0.000000 1.000000
0.991054 0.001778 -0.133453 0.000000 -0.133219 -0.047499 -0.989948 36.762600 -0.008099 0.998870 -0.046838 -0.000000 0.000000 0.000000 0.000000 1.000000
0.991734 -0.002450 -0.128285 0.000000 -0.128207 -0.058568 -0.990017 36.762600 -0.005088 0.998280 -0.058398 -0.000000 0.000000 0.000000 0.000000 1.000000
0.991988 -0.006207 -0.126179 0.000000 -0.126300 -0.071285 -0.989428 36.762600 -0.002853 0.997437 -0.071498 0.000000 0.000000 0.000000 0.000000 1.000000
0.992453 -0.009449 -0.122261 0.000000 -0.122622 -0.083505 -0.988934 36.762600 -0.000865 0.996463 -0.084034 0.000000 0.000000 0.000000 0.000000 1.000000
0.992954 -0.011667 -0.117922 0.000000 -0.118497 -0.094301 -0.988466 36.762600 0.000413 0.995475 -0.095019 -0.000000 0.000000 0.000000 0.000000 1.000000
0.993441 -0.014113 -0.113471 0.000000 -0.114325 -0.103808 -0.988005 36.762600 0.002165 0.994497 -0.104741 0.000000 0.000000 0.000000 0.000000 1.000000
0.993681 -0.015576 -0.111152 0.000000 -0.112194 -0.109960 -0.987584 36.762600 0.003160 0.993814 -0.111013 -0.000000 0.000000 0.000000 0.000000 1.000000
0.993334 -0.014270 -0.114382 0.000000 -0.115241 -0.101471 -0.988141 36.762600 0.002494 0.994736 -0.102439 -0.000000 0.000000 0.000000 0.000000 1.000000
0.992500 -0.011458 -0.121705 0.000000 -0.122243 -0.089763 -0.988433 36.762600 0.000401 0.995897 -0.090490 -0.000000 0.000000 0.000000 0.000000 1.000000
0.991977 -0.008824 -0.126111 0.000000 -0.126418 -0.074431 -0.989181 36.762600 -0.000658 0.997187 -0.074949 0.000000 0.000000 0.000000 0.000000 1.000000
0.977392 0.016150 -0.210817 0.000000 -0.208891 -0.080432 -0.974626 36.762600 -0.032696 0.996629 -0.075240 -0.000000 0.000000 0.000000 0.000000 1.000000
0.975327 0.017506 -0.220069 0.000000 -0.217745 -0.087998 -0.972031 36.762600 -0.036382 0.995967 -0.082015 0.000000 0.000000 0.000000 0.000000 1.000000
0.974572 0.021116 -0.223076 0.000000 -0.221358 -0.063774 -0.973105 36.762600 -0.034774 0.997741 -0.057478 0.000000 0.000000 0.000000 0.000000 1.000000</float_array>
        <technique_common>
          <accessor source="#mixamorig_LeftFoot-Matrix-animation-output-transform-array" count="40" stride="16">
            <param type="float4x4"/>
          </accessor>
        </technique_common>
      </source>
      <source id="mixamorig_LeftFoot-Interpolations">
        <Name_array id="mixamorig_LeftFoot-Interpolations-array" count="40">
 LINEAR LINEAR LINEAR LINEAR LINEAR LINEAR LINEAR LINEAR LINEAR LINEAR LINEAR
LINEAR LINEAR LINEAR LINEAR LINEAR LINEAR LINEAR LINEAR LINEAR LINEAR LINEAR LINEAR
LINEAR LINEAR LINEAR LINEAR LINEAR LINEAR LINEAR LINEAR LINEAR LINEAR LINEAR LINEAR
LINEAR LINEAR LINEAR LINEAR LINEAR</Name_array>
        <technique_common>
          <accessor source="#mixamorig_LeftFoot-Interpolations-array" count="40">
            <param type="name"/>
          </accessor>
        </technique_common>
      </source>
      <sampler id="mixamorig_LeftFoot-Matrix-animation-transform">
        <input semantic="INPUT" source="#mixamorig_LeftFoot-Matrix-animation-input"/>
        <input semantic="OUTPUT" source="#mixamorig_LeftFoot-Matrix-animation-output-transform"/>
        <input semantic="INTERPOLATION" source="#mixamorig_LeftFoot-Interpolations"/>
      </sampler>
      <channel source="#mixamorig_LeftFoot-Matrix-animation-transform" target="mixamorig_LeftFoot/matrix"/>
    </animation>
    <animation id="mixamorig_LeftToeBase-anim" name="mixamorig_LeftToeBase">
      <source id="mixamorig_LeftToeBase-Matrix-animation-input">
        <float_array id="mixamorig_LeftToeBase-Matrix-animation-input-array" count="40">

0.000000 0.033333 0.066667 0.100000 0.133333 0.166667 0.200000 0.233333 0.266667 0.300000 0.333333 0.366667 0.400000 0.433333 0.466667 0.500000
0.533333 0.566667 0.600000 0.633333 0.666667 0.700000 0.733333 0.766667 0.800000 0.833333 0.866667 0.900000 0.933333 0.966667 1.000000 1.033333
1.066667 1.100000 1.133333 1.166667 1.200000 1.233333 1.266667 1.300000</float_array>
        <technique_common>
          <accessor source="#mixamorig_LeftToeBase-Matrix-animation-input-array" count="40">
            <param name="TIME" type="float"/>
          </accessor>
        </technique_common>
      </source>
      <source id="mixamorig_LeftToeBase-Matrix-animation-output-transform">
        <float_array id="mixamorig_LeftToeBase-Matrix-animation-output-transform-array" count="640">

0.986541 -0.094436 -0.133490 0.000000 -0.006685 0.792391 -0.609977 16.891300 0.163380 0.602659 0.781095 0.000000 0.000000 0.000000 0.000000 1.000000
0.986708 -0.094233 -0.132391 0.000000 -0.005811 0.793718 -0.608258 16.891300 0.162399 0.600943 0.782620 0.000000 0.000000 0.000000 0.000000 1.000000
0.986955 -0.093877 -0.130794 0.000000 -0.004440 0.796221 -0.604989 16.891300 0.160935 0.597678 0.785418 -0.000000 0.000000 0.000000 0.000000 1.000000
0.987242 -0.093532 -0.128860 0.000000 -0.002927 0.798488 -0.602004 16.891300 0.159200 0.594701 0.788027 0.000000 0.000000 0.000000 0.000000 1.000000
0.987726 -0.093002 -0.125490 0.000000 -0.000411 0.801865 -0.597505 16.891300 0.156196 0.590223 0.791985 -0.000000 0.000000 0.000000 0.000000 1.000000
0.988334 -0.092343 -0.121118 0.000000 0.002819 0.806187 -0.591654 16.891300 0.152278 0.584410 0.797042 0.000000 0.000000 0.000000 0.000000 1.000000
0.988621 -0.091906 -0.119087 0.000000 0.004529 0.809480 -0.587130 16.891300 0.150359 0.579910 0.800685 0.000000 0.000000 0.000000 0.000000 1.000000
0.988634 -0.091813 -0.119048 -0.000000 0.004695 0.810326 -0.585961 16.891300 0.150267 0.578742 0.801547 0.000000 0.000000 0.000000 0.000000 1.000000
0.988602 -0.092039 -0.119142 0.000000 0.004289 0.808259 -0.588811 16.891300 0.150491 0.581589 0.799442 0.000000 0.000000 0.000000 0.000000 1.000000
0.988582 -0.092180 -0.119199 0.000000 0.004037 0.806974 -0.590573 16.891300 0.150630 0.583348 0.798132 -0.000000 0.000000 0.000000 0.000000 1.000000
0.988583 -0.092173 -0.119196 0.000000 0.004052 0.807046 -0.590475 16.891300 0.150623 0.583250 0.798205 -0.000000 0.000000 0.000000 0.000000 1.000000
0.988626 -0.091873 -0.119073 0.000000 0.004587 0.809778 -0.586719 16.891300 0.150326 0.579499 0.800988 -0.000000 0.000000 0.000000 0.000000 1.000000
0.988740 -0.091079 -0.118738 0.000000 0.006008 0.816974 -0.576643 16.891300 0.149526 0.569437 0.808322 -0.000000 0.000000 0.000000 0.000000 1.000000
0.988849 -0.090324 -0.118407 0.000000 0.007362 0.823756 -0.566896 16.891300 0.148743 0.559703 0.815235 0.000000 0.000000 0.000000 0.000000 1.000000
0.988914 -0.089868 -0.118204 0.000000 0.008169 0.827778 -0.560996 16.891300 0.148262 0.553812 0.819336 0.000000 0.000000 0.000000 0.000000 1.000000
0.988956 -0.089584 -0.118075 0.000000 0.008675 0.830278 -0.557282 16.891300 0.147958 0.550102 0.821885 0.000000 0.000000 0.000000 0.000000 1.000000
0.988984 -0.089389 -0.117985 0.000000 0.009022 0.831991 -0.554715 16.891300 0.147748 0.547540 0.823633 -0.000000 0.000000 0.000000 0.000000 1.000000
0.989056 -0.088898 -0.117755 0.000000 0.009899 0.836287 -0.548202 16.891300 0.147211 0.541037 0.828014 -0.000000 0.000000 0.000000 0.000000 1.000000
0.989063 -0.088845 -0.117730 0.000000 0.009993 0.836745 -0.547501 16.891300 0.147153 0.540337 0.828482 0.000000 0.000000 0.000000 0.000000 1.000000
0.989077 -0.088750 -0.117685 0.000000 0.010160 0.837564 -0.546245 16.891300 0.147048 0.539083 0.829317 -0.000000 0.000000 0.000000 0.000000 1.000000
0.989130 -0.088390 -0.117513 -0.000000 0.010801 0.840682 -0.541422 16.891300 0.146647 0.534268 0.832498 0.000000 0.000000 0.000000 0.000000 1.000000
0.989133 -0.088370 -0.117504 0.000000 0.010835 0.840848 -0.541163 16.891300 0.146626 0.534009 0.832668 0.000000 0.000000 0.000000 0.000000 1.000000
0.989119 -0.088461 -0.117547 0.000000 0.010675 0.840068 -0.542375 16.891300 0.146727 0.535219 0.831872 0.000000 0.000000 0.000000 0.000000 1.000000
0.989118 -0.088470 -0.117552 0.000000 0.010659 0.839993 -0.542492 16.891300 0.146737 0.535335 0.831796 0.000000 0.000000 0.000000 0.000000 1.000000
0.989087 -0.088680 -0.117652 0.000000 0.010285 0.838175 -0.545305 16.891300 0.146970 0.538144 0.829940 0.000000 0.000000 0.000000 0.000000 1.000000
0.989078 -0.088743 -0.117682 0.000000 0.010175 0.837633 -0.546138 16.891300 0.147040 0.538976 0.829388 0.000000 0.000000 0.000000 0.000000 1.000000
0.989050 -0.088937 -0.117774 0.000000 0.009829 0.835945 -0.548725 16.891300 0.147254 0.541559 0.827665 0.000000 0.000000 0.000000 0.000000 1.000000
0.988716 -0.089430 -0.120182 0.000000 0.007947 0.832439 -0.554060 16.891300 0.149594 0.546853 0.823756 0.000000 0.000000 0.000000 0.000000 1.000000
0.988260 -0.090117 -0.123376 0.000000 0.005381 0.827550 -0.561366 16.891300 0.152688 0.554111 0.818320 0.000000 0.000000 0.000000 0.000000 1.000000
0.988224 -0.090462 -0.123412 0.000000 0.004796 0.824443 -0.565925 16.891300 0.152941 0.558669 0.815168 -0.000000 0.000000 0.000000 0.000000 1.000000
0.987979 -0.090858 -0.125067 0.000000 0.003388 0.821576 -0.570089 16.891300 0.154549 0.562813 0.812008 -0.000000 0.000000 0.000000 0.000000 1.000000
0.988071 -0.090972 -0.124259 0.000000 0.003566 0.820173 -0.572104 16.891300 0.153959 0.564836 0.810714 0.000000 0.000000 0.000000 0.000000 1.000000
0.988363 -0.091007 -0.121885 0.000000 0.004612 0.818841 -0.574002 16.891300 0.152042 0.566761 0.809732 -0.000000 0.000000 0.000000 0.000000 1.000000
0.988315 -0.091120 -0.122192 0.000000 0.004284 0.817934 -0.575297 16.891300 0.152366 0.568051 0.808766 0.000000 0.000000 0.000000 0.000000 1.000000
0.988361 -0.091161 -0.121785 0.000000 0.004410 0.817394 -0.576062 16.891300 0.152061 0.568820 0.808283 0.000000 0.000000 0.000000 0.000000 1.000000
0.988572 -0.091028 -0.120160 0.000000 0.005398 0.817963 -0.575246 16.891300 0.150650 0.568024 0.809107 0.000000 0.000000 0.000000 0.000000 1.000000
0.988536 -0.091097 -0.120409 0.000000 0.005171 0.817441 -0.575989 16.891300 0.150898 0.568763 0.808541 0.000000 0.000000 0.000000 0.000000 1.000000
0.988671 -0.086900 -0.122389 0.000000 0.011075 0.855382 -0.517880 16.891300 0.149693 0.510657 0.846653 0.000000 0.000000 0.000000 0.000000 1.000000
0.989884 -0.083419 -0.114762 0.000000 0.019617 0.881590 -0.471609 16.891300 0.140514 0.464587 0.874308 -0.000000 0.000000 0.000000 0.000000 1.000000
0.989887 -0.083396 -0.114754 0.000000 0.019647 0.881743 -0.471320 16.891300 0.140490 0.464299 0.874465 0.000000 0.000000 0.000000 0.000000 1.000000</float_array>
        <technique_common>
          <accessor source="#mixamorig_LeftToeBase-Matrix-animation-output-transform-array" count="40" stride="16">
            <param type="float4x4"/>
          </accessor>
        </technique_common>
      </source>
      <source id="mixamorig_LeftToeBase-Interpolations">
        <Name_array id="mixamorig_LeftToeBase-Interpolations-array" count="40">
 LINEAR LINEAR LINEAR LINEAR LINEAR LINEAR LINEAR LINEAR LINEAR LINEAR LINEAR
LINEAR LINEAR LINEAR LINEAR LINEAR LINEAR LINEAR LINEAR LINEAR LINEAR LINEAR LINEAR
LINEAR LINEAR LINEAR LINEAR LINEAR LINEAR LINEAR LINEAR LINEAR LINEAR LINEAR LINEAR
LINEAR LINEAR LINEAR LINEAR LINEAR</Name_array>
        <technique_common>
          <accessor source="#mixamorig_LeftToeBase-Interpolations-array" count="40">
            <param type="name"/>
          </accessor>
        </technique_common>
      </source>
      <sampler id="mixamorig_LeftToeBase-Matrix-animation-transform">
        <input semantic="INPUT" source="#mixamorig_LeftToeBase-Matrix-animation-input"/>
        <input semantic="OUTPUT" source="#mixamorig_LeftToeBase-Matrix-animation-output-transform"/>
        <input semantic="INTERPOLATION" source="#mixamorig_LeftToeBase-Interpolations"/>
      </sampler>
      <channel source="#mixamorig_LeftToeBase-Matrix-animation-transform" target="mixamorig_LeftToeBase/matrix"/>
    </animation>
    <animation id="mixamorig_RightUpLeg-anim" name="mixamorig_RightUpLeg">
      <source id="mixamorig_RightUpLeg-Matrix-animation-input">
        <float_array id="mixamorig_RightUpLeg-Matrix-animation-input-array" count="40">

0.000000 0.033333 0.066667 0.100000 0.133333 0.166667 0.200000 0.233333 0.266667 0.300000 0.333333 0.366667 0.400000 0.433333 0.466667 0.500000
0.533333 0.566667 0.600000 0.633333 0.666667 0.700000 0.733333 0.766667 0.800000 0.833333 0.866667 0.900000 0.933333 0.966667 1.000000 1.033333
1.066667 1.100000 1.133333 1.166667 1.200000 1.233333 1.266667 1.300000</float_array>
        <technique_common>
          <accessor source="#mixamorig_RightUpLeg-Matrix-animation-input-array" count="40">
            <param name="TIME" type="float"/>
          </accessor>
        </technique_common>
      </source>
      <source id="mixamorig_RightUpLeg-Matrix-animation-output-transform">
        <float_array id="mixamorig_RightUpLeg-Matrix-animation-output-transform-array" count="640">

-0.815705 -0.415539 -0.402434 -8.707300 0.293574 -0.896814 0.330966 -5.963400 -0.498437 0.151827 0.853527 -0.444600 0.000000 0.000000 0.000000 1.000000
-0.816353 -0.414148 -0.402554 -8.707300 0.291996 -0.897314 0.331008 -5.963400 -0.498304 0.152675 0.853454 -0.444600 0.000000 0.000000 0.000000 1.000000
-0.817139 -0.412898 -0.402242 -8.707300 0.290412 -0.897655 0.331475 -5.963400 -0.497940 0.154046 0.853420 -0.444600 0.000000 0.000000 0.000000 1.000000
-0.817785 -0.412583 -0.401252 -8.707300 0.289596 -0.897495 0.332620 -5.963400 -0.497355 0.155811 0.853441 -0.444600 0.000000 0.000000 0.000000 1.000000
-0.819041 -0.412176 -0.399103 -8.707300 0.287980 -0.896989 0.335378 -5.963400 -0.496226 0.159755 0.853369 -0.444600 0.000000 0.000000 0.000000 1.000000
-0.818434 -0.414422 -0.398021 -8.707300 0.290166 -0.895965 0.336229 -5.963400 -0.495953 0.159690 0.853539 -0.444600 0.000000 0.000000 0.000000 1.000000
-0.819317 -0.417580 -0.392870 -8.707300 0.289617 -0.892811 0.344979 -5.963400 -0.494815 0.168865 0.852433 -0.444600 0.000000 0.000000 0.000000 1.000000
-0.820411 -0.425066 -0.382421 -8.707300 0.292905 -0.886845 0.357369 -5.963400 -0.491053 0.181176 0.852081 -0.444600 0.000000 0.000000 0.000000 1.000000
-0.819125 -0.438854 -0.369380 -8.707300 0.301396 -0.877177 0.373793 -5.963400 -0.488052 0.194853 0.850787 -0.444600 0.000000 0.000000 0.000000 1.000000
-0.819067 -0.452959 -0.352076 -8.707300 0.311746 -0.866591 0.389659 -5.963400 -0.481606 0.209398 0.851004 -0.444600 0.000000 0.000000 0.000000 1.000000
-0.828519 -0.457508 -0.322866 -8.707300 0.315763 -0.857891 0.405360 -5.963400 -0.462440 0.233899 0.855243 -0.444600 0.000000 0.000000 0.000000 1.000000
-0.851161 -0.446129 -0.276574 -8.707300 0.315143 -0.855702 0.410439 -5.963400 -0.419773 0.262190 0.868934 -0.444600 0.000000 0.000000 0.000000 1.000000
-0.862407 -0.433054 -0.262142 -8.707300 0.318266 -0.866542 0.384464 -5.963400 -0.393650 0.248134 0.885138 -0.444600 0.000000 0.000000 0.000000 1.000000
-0.866964 -0.408620 -0.285312 -8.707300 0.312326 -0.891597 0.327883 -5.963400 -0.388363 0.195152 0.900605 -0.444600 0.000000 0.000000 0.000000 1.000000
-0.858844 -0.402563 -0.316749 -8.707300 0.319894 -0.904470 0.282138 -5.963400 -0.400068 0.140987 0.905576 -0.444600 0.000000 0.000000 0.000000 1.000000
-0.845503 -0.416456 -0.334200 -8.707300 0.339211 -0.902271 0.266164 -5.963400 -0.412384 0.111678 0.904139 -0.444600 0.000000 0.000000 0.000000 1.000000
-0.844137 -0.420105 -0.333084 -8.707300 0.353440 -0.903218 0.243468 -5.963400 -0.403130 0.087796 0.910922 -0.444600 0.000000 0.000000 0.000000 1.000000
-0.844753 -0.427869 -0.321435 -8.707300 0.372670 -0.901395 0.220465 -5.963400 -0.384070 0.066449 0.920910 -0.444600 0.000000 0.000000 0.000000 1.000000
-0.849200 -0.425972 -0.312102 -8.707300 0.386081 -0.904050 0.183401 -5.963400 -0.360279 0.035247 0.932178 -0.444600 0.000000 0.000000 0.000000 1.000000
-0.848256 -0.430928 -0.307836 -8.707300 0.395169 -0.902018 0.173797 -5.963400 -0.352568 0.025777 0.935431 -0.444600 0.000000 0.000000 0.000000 1.000000
-0.844920 -0.436946 -0.308525 -8.707300 0.404598 -0.899360 0.165688 -5.963400 -0.349872 0.015164 0.936675 -0.444600 0.000000 0.000000 0.000000 1.000000
-0.842429 -0.438499 -0.313101 -8.707300 0.413768 -0.898704 0.145354 -5.963400 -0.345123 -0.007100 0.938531 -0.444600 0.000000 0.000000 0.000000 1.000000
-0.840024 -0.441213 -0.315738 -8.707300 0.420248 -0.897207 0.135685 -5.963400 -0.343149 -0.018710 0.939095 -0.444600 0.000000 0.000000 0.000000 1.000000
-0.840292 -0.440802 -0.315600 -8.707300 0.427078 -0.896810 0.115479 -5.963400 -0.333937 -0.037750 0.941839 -0.444600 0.000000 0.000000 0.000000 1.000000
-0.839303 -0.439676 -0.319775 -8.707300 0.432137 -0.896431 0.098336 -5.963400 -0.329892 -0.055653 0.942377 -0.444600 0.000000 0.000000 0.000000 1.000000
-0.836996 -0.444885 -0.318614 -8.707300 0.439262 -0.893467 0.093622 -5.963400 -0.326323 -0.061594 0.943250 -0.444600 0.000000 0.000000 0.000000 1.000000
-0.834212 -0.451005 -0.317308 -8.707300 0.446708 -0.890071 0.090693 -5.963400 -0.323330 -0.066086 0.943976 -0.444600 0.000000 0.000000 0.000000 1.000000
-0.831180 -0.458471 -0.314554 -8.707300 0.454757 -0.886074 0.089823 -5.963400 -0.319899 -0.068387 0.944980 -0.444600 0.000000 0.000000 0.000000 1.000000
-0.830379 -0.461896 -0.311646 -8.707300 0.457349 -0.884484 0.092307 -5.963400 -0.318282 -0.065881 0.945704 -0.444600 0.000000 0.000000 0.000000 1.000000
-0.830521 -0.463667 -0.308622 -8.707300 0.457318 -0.883957 0.097366 -5.963400 -0.317954 -0.060274 0.946188 -0.444600 0.000000 0.000000 0.000000 1.000000
-0.829605 -0.467274 -0.305632 -8.707300 0.459459 -0.882341 0.101839 -5.963400 -0.317259 -0.055939 0.946688 -0.444600 0.000000 0.000000 0.000000 1.000000
-0.830840 -0.465976 -0.304255 -8.707300 0.458260 -0.883056 0.101042 -5.963400 -0.315757 -0.055479 0.947217 -0.444600 0.000000 0.000000 0.000000 1.000000
-0.831366 -0.465666 -0.303290 -8.707300 0.457800 -0.883271 0.101256 -5.963400 -0.315039 -0.054665 0.947503 -0.444600 0.000000 0.000000 0.000000 1.000000
-0.831617 -0.465507 -0.302849 -8.707300 0.457446 -0.883399 0.101729 -5.963400 -0.314892 -0.053937 0.947594 -0.444600 0.000000 0.000000 0.000000 1.000000
-0.834242 -0.460316 -0.303562 -8.707300 0.452983 -0.886039 0.098697 -5.963400 -0.314400 -0.055171 0.947686 -0.444600 0.000000 0.000000 0.000000 1.000000
-0.836930 -0.452945 -0.307227 -8.707300 0.447559 -0.889492 0.092164 -5.963400 -0.315022 -0.060367 0.947163 -0.444600 0.000000 0.000000 0.000000 1.000000
-0.840861 -0.443182 -0.310713 -8.707300 0.440785 -0.893853 0.082072 -5.963400 -0.314104 -0.067946 0.946954 -0.444600 0.000000 0.000000 0.000000 1.000000
-0.842532 -0.447518 -0.299779 -8.707300 0.435893 -0.893418 0.108636 -5.963400 -0.316444 -0.039142 0.947803 -0.444600 0.000000 0.000000 0.000000 1.000000
-0.843897 -0.450991 -0.290594 -8.707300 0.430443 -0.892459 0.135039 -5.963400 -0.320244 -0.011125 0.947270 -0.444600 0.000000 0.000000 0.000000 1.000000
-0.846648 -0.453552 -0.278348 -8.707300 0.424287 -0.891038 0.161343 -5.963400 -0.321196 0.018502 0.946832 -0.444600 0.000000 0.000000 0.000000 1.000000</float_array>
        <technique_common>
          <accessor source="#mixamorig_RightUpLeg-Matrix-animation-output-transform-array" count="40" stride="16">
            <param type="float4x4"/>
          </accessor>
        </technique_common>
      </source>
      <source id="mixamorig_RightUpLeg-Interpolations">
        <Name_array id="mixamorig_RightUpLeg-Interpolations-array" count="40">
 LINEAR LINEAR LINEAR LINEAR LINEAR LINEAR LINEAR LINEAR LINEAR LINEAR LINEAR
LINEAR LINEAR LINEAR LINEAR LINEAR LINEAR LINEAR LINEAR LINEAR LINEAR LINEAR LINEAR
LINEAR LINEAR LINEAR LINEAR LINEAR LINEAR LINEAR LINEAR LINEAR LINEAR LINEAR LINEAR
LINEAR LINEAR LINEAR LINEAR LINEAR</Name_array>
        <technique_common>
          <accessor source="#mixamorig_RightUpLeg-Interpolations-array" count="40">
            <param type="name"/>
          </accessor>
        </technique_common>
      </source>
      <sampler id="mixamorig_RightUpLeg-Matrix-animation-transform">
        <input semantic="INPUT" source="#mixamorig_RightUpLeg-Matrix-animation-input"/>
        <input semantic="OUTPUT" source="#mixamorig_RightUpLeg-Matrix-animation-output-transform"/>
        <input semantic="INTERPOLATION" source="#mixamorig_RightUpLeg-Interpolations"/>
      </sampler>
      <channel source="#mixamorig_RightUpLeg-Matrix-animation-transform" target="mixamorig_RightUpLeg/matrix"/>
    </animation>
    <animation id="mixamorig_RightLeg-anim" name="mixamorig_RightLeg">
      <source id="mixamorig_RightLeg-Matrix-animation-input">
        <float_array id="mixamorig_RightLeg-Matrix-animation-input-array" count="40">

0.000000 0.033333 0.066667 0.100000 0.133333 0.166667 0.200000 0.233333 0.266667 0.300000 0.333333 0.366667 0.400000 0.433333 0.466667 0.500000
0.533333 0.566667 0.600000 0.633333 0.666667 0.700000 0.733333 0.766667 0.800000 0.833333 0.866667 0.900000 0.933333 0.966667 1.000000 1.033333
1.066667 1.100000 1.133333 1.166667 1.200000 1.233333 1.266667 1.300000</float_array>
        <technique_common>
          <accessor source="#mixamorig_RightLeg-Matrix-animation-input-array" count="40">
            <param name="TIME" type="float"/>
          </accessor>
        </technique_common>
      </source>
      <source id="mixamorig_RightLeg-Matrix-animation-output-transform">
        <float_array id="mixamorig_RightLeg-Matrix-animation-output-transform-array" count="640">

0.993161 -0.036005 0.111066 0.000000 -0.075318 0.529298 0.845086 40.145199 -0.089214 -0.847672 0.522966 0.000000 0.000000 0.000000 0.000000 1.000000
0.993010 -0.036028 0.112396 0.000000 -0.076532 0.528414 0.845530 40.145199 -0.089854 -0.848222 0.521963 0.000000 0.000000 0.000000 0.000000 1.000000
0.992781 -0.036092 0.114381 0.000000 -0.078254 0.527799 0.845757 40.145199 -0.090895 -0.848602 0.521165 0.000000 0.000000 0.000000 0.000000 1.000000
0.992991 -0.036037 0.112561 -0.000000 -0.076779 0.527363 0.846164 40.145199 -0.089853 -0.848875 0.520900 0.000000 0.000000 0.000000 0.000000 1.000000
0.992885 -0.035981 0.113509 0.000000 -0.077613 0.527387 0.846073 40.145199 -0.090306 -0.848863 0.520842 0.000000 0.000000 0.000000 0.000000 1.000000
0.993111 -0.035843 0.111563 -0.000000 -0.076082 0.526864 0.846537 40.145199 -0.089121 -0.849193 0.520508 -0.000000 0.000000 0.000000 0.000000 1.000000
0.994030 -0.035338 0.103223 0.000000 -0.069817 0.520998 0.850697 40.145199 -0.083841 -0.852826 0.515421 0.000000 0.000000 0.000000 0.000000 1.000000
0.995180 -0.034524 0.091791 0.000000 -0.061322 0.511366 0.857172 40.145199 -0.076532 -0.858669 0.506784 0.000000 0.000000 0.000000 0.000000 1.000000
0.996925 -0.033677 0.070753 0.000000 -0.044160 0.504426 0.862325 40.145199 -0.064731 -0.862798 0.501388 0.000000 0.000000 0.000000 0.000000 1.000000
0.997534 -0.033377 0.061748 -0.000000 -0.036607 0.503212 0.863387 40.145199 -0.059890 -0.863518 0.500749 -0.000000 0.000000 0.000000 0.000000 1.000000
0.997636 -0.033495 0.060004 0.000000 -0.034693 0.508239 0.860517 40.145199 -0.059319 -0.860564 0.505876 0.000000 0.000000 0.000000 0.000000 1.000000
0.995867 -0.034255 0.084119 0.000000 -0.053889 0.522671 0.850829 40.145199 -0.073112 -0.851846 0.518665 0.000000 0.000000 0.000000 0.000000 1.000000
0.995118 -0.034617 0.092423 0.000000 -0.057140 0.561470 0.825522 40.145199 -0.080470 -0.826773 0.556751 0.000000 0.000000 0.000000 0.000000 1.000000
0.997314 -0.034500 0.064609 0.000000 -0.028220 0.633015 0.773625 40.145199 -0.067589 -0.773370 0.630342 0.000000 0.000000 0.000000 0.000000 1.000000
0.999314 -0.033712 -0.015318 0.000000 0.034609 0.703279 0.710071 40.145199 -0.013165 -0.710114 0.703963 -0.000000 0.000000 0.000000 0.000000 1.000000
0.994951 -0.032214 -0.095054 0.000000 0.086458 0.756088 0.648734 40.145199 0.050971 -0.653677 0.755056 -0.000000 0.000000 0.000000 0.000000 1.000000
0.988181 -0.031093 -0.150105 0.000000 0.115296 0.796068 0.594123 40.145199 0.101021 -0.604408 0.790244 0.000000 0.000000 0.000000 0.000000 1.000000
0.985867 -0.032334 -0.164379 0.000000 0.118489 0.828224 0.547728 40.145199 0.118433 -0.559464 0.820350 0.000000 0.000000 0.000000 0.000000 1.000000
0.986206 -0.033532 -0.162093 -0.000000 0.112623 0.853580 0.508642 40.145199 0.121304 -0.519881 0.845582 -0.000000 0.000000 0.000000 0.000000 1.000000
0.986327 -0.033983 -0.161261 -0.000000 0.107525 0.874245 0.473427 40.145199 0.124893 -0.484294 0.865945 -0.000000 0.000000 0.000000 0.000000 1.000000
0.986566 -0.034331 -0.159716 -0.000000 0.102292 0.892104 0.440099 40.145199 0.127374 -0.450524 0.883631 0.000000 0.000000 0.000000 0.000000 1.000000
0.986777 -0.034437 -0.158383 -0.000000 0.097406 0.907024 0.409657 40.145199 0.129550 -0.419668 0.898385 -0.000000 0.000000 0.000000 0.000000 1.000000
0.986865 -0.034783 -0.157760 0.000000 0.092334 0.922763 0.374144 40.145199 0.132561 -0.383796 0.913854 0.000000 0.000000 0.000000 0.000000 1.000000
0.986880 -0.035343 -0.157541 -0.000000 0.086191 0.940405 0.328951 40.145199 0.136526 -0.338214 0.931113 0.000000 0.000000 0.000000 0.000000 1.000000
0.987141 -0.036072 -0.155731 0.000000 0.079501 0.955965 0.282507 40.145199 0.138683 -0.291255 0.946540 0.000000 0.000000 0.000000 0.000000 1.000000
0.987373 -0.036226 -0.154212 -0.000000 0.074403 0.965494 0.249572 40.145199 0.139850 -0.257894 0.955998 0.000000 0.000000 0.000000 0.000000 1.000000
0.987517 -0.036369 -0.153255 0.000000 0.070876 0.971512 0.226143 40.145199 0.140664 -0.234182 0.961963 0.000000 0.000000 0.000000 0.000000 1.000000
0.987558 -0.036483 -0.152963 0.000000 0.068760 0.974980 0.211392 40.145199 0.141424 -0.219280 0.965358 0.000000 0.000000 0.000000 0.000000 1.000000
0.987566 -0.036991 -0.152790 -0.000000 0.066761 0.978611 0.194588 40.145199 0.142324 -0.202369 0.968912 -0.000000 0.000000 0.000000 0.000000 1.000000
0.987702 -0.037186 -0.151861 0.000000 0.064314 0.981954 0.177849 40.145199 0.142507 -0.185428 0.972270 -0.000000 0.000000 0.000000 0.000000 1.000000
0.987730 -0.037215 -0.151671 0.000000 0.064038 0.982303 0.176013 40.145199 0.142436 -0.183566 0.972633 -0.000000 0.000000 0.000000 0.000000 1.000000
0.987803 -0.037073 -0.151232 -0.000000 0.062881 0.983500 0.169627 40.145199 0.142448 -0.177067 0.973836 0.000000 0.000000 0.000000 0.000000 1.000000
0.987688 -0.036944 -0.152014 0.000000 0.062182 0.984367 0.164789 40.145199 0.143550 -0.172212 0.974544 0.000000 0.000000 0.000000 0.000000 1.000000
0.987591 -0.036862 -0.152661 0.000000 0.061989 0.984633 0.163266 40.145199 0.144297 -0.170703 0.974699 0.000000 0.000000 0.000000 0.000000 1.000000
0.987585 -0.036625 -0.152756 0.000000 0.061440 0.985033 0.161043 40.145199 0.144572 -0.168428 0.975054 -0.000000 0.000000 0.000000 0.000000 1.000000
0.987613 -0.036647 -0.152569 0.000000 0.061083 0.985435 0.158701 40.145199 0.144531 -0.166055 0.975467 0.000000 0.000000 0.000000 0.000000 1.000000
0.987659 -0.036577 -0.152289 0.000000 0.059918 0.986620 0.151626 40.145199 0.144706 -0.158880 0.976636 0.000000 0.000000 0.000000 0.000000 1.000000
0.987131 -0.036023 -0.155801 0.000000 0.065144 0.980375 0.186068 40.145199 0.146041 -0.193823 0.970105 -0.000000 0.000000 0.000000 0.000000 1.000000
0.986895 -0.035663 -0.157372 0.000000 0.070438 0.972658 0.221303 40.145199 0.145177 -0.229488 0.962423 0.000000 0.000000 0.000000 0.000000 1.000000
0.986385 -0.035127 -0.160658 -0.000000 0.075772 0.964122 0.254415 40.145199 0.145957 -0.263125 0.953657 0.000000 0.000000 0.000000 0.000000 1.000000</float_array>
        <technique_common>
          <accessor source="#mixamorig_RightLeg-Matrix-animation-output-transform-array" count="40" stride="16">
            <param type="float4x4"/>
          </accessor>
        </technique_common>
      </source>
      <source id="mixamorig_RightLeg-Interpolations">
        <Name_array id="mixamorig_RightLeg-Interpolations-array" count="40">
 LINEAR LINEAR LINEAR LINEAR LINEAR LINEAR LINEAR LINEAR LINEAR LINEAR LINEAR
LINEAR LINEAR LINEAR LINEAR LINEAR LINEAR LINEAR LINEAR LINEAR LINEAR LINEAR LINEAR
LINEAR LINEAR LINEAR LINEAR LINEAR LINEAR LINEAR LINEAR LINEAR LINEAR LINEAR LINEAR
LINEAR LINEAR LINEAR LINEAR LINEAR</Name_array>
        <technique_common>
          <accessor source="#mixamorig_RightLeg-Interpolations-array" count="40">
            <param type="name"/>
          </accessor>
        </technique_common>
      </source>
      <sampler id="mixamorig_RightLeg-Matrix-animation-transform">
        <input semantic="INPUT" source="#mixamorig_RightLeg-Matrix-animation-input"/>
        <input semantic="OUTPUT" source="#mixamorig_RightLeg-Matrix-animation-output-transform"/>
        <input semantic="INTERPOLATION" source="#mixamorig_RightLeg-Interpolations"/>
      </sampler>
      <channel source="#mixamorig_RightLeg-Matrix-animation-transform" target="mixamorig_RightLeg/matrix"/>
    </animation>
    <animation id="mixamorig_RightFoot-anim" name="mixamorig_RightFoot">
      <source id="mixamorig_RightFoot-Matrix-animation-input">
        <float_array id="mixamorig_RightFoot-Matrix-animation-input-array" count="40">

0.000000 0.033333 0.066667 0.100000 0.133333 0.166667 0.200000 0.233333 0.266667 0.300000 0.333333 0.366667 0.400000 0.433333 0.466667 0.500000
0.533333 0.566667 0.600000 0.633333 0.666667 0.700000 0.733333 0.766667 0.800000 0.833333 0.866667 0.900000 0.933333 0.966667 1.000000 1.033333
1.066667 1.100000 1.133333 1.166667 1.200000 1.233333 1.266667 1.300000</float_array>
        <technique_common>
          <accessor source="#mixamorig_RightFoot-Matrix-animation-input-array" count="40">
            <param name="TIME" type="float"/>
          </accessor>
        </technique_common>
      </source>
      <source id="mixamorig_RightFoot-Matrix-animation-output-transform">
        <float_array id="mixamorig_RightFoot-Matrix-animation-output-transform-array" count="640">

0.948560 0.048323 0.312889 0.000000 0.309772 0.062457 -0.948757 36.758801 -0.065389 0.996877 0.044276 0.000000 0.000000 0.000000 0.000000 1.000000
0.948256 0.048214 0.313825 0.000000 0.310792 0.061257 -0.948502 36.758801 -0.064955 0.996957 0.043103 -0.000000 0.000000 0.000000 0.000000 1.000000
0.948453 0.047046 0.313405 0.000000 0.310301 0.063156 -0.948538 36.758801 -0.064418 0.996894 0.045302 0.000000 0.000000 0.000000 0.000000 1.000000
0.948435 0.049793 0.313036 0.000000 0.309728 0.064346 -0.948646 36.758801 -0.067378 0.996685 0.045606 0.000000 0.000000 0.000000 0.000000 1.000000
0.948382 0.049899 0.313180 0.000000 0.309719 0.066512 -0.948499 36.758801 -0.068160 0.996537 0.047624 0.000000 0.000000 0.000000 0.000000 1.000000
0.948581 0.048540 0.312790 -0.000000 0.309204 0.069334 -0.948465 36.758801 -0.067725 0.996412 0.050760 0.000000 0.000000 0.000000 0.000000 1.000000
0.947809 0.053737 0.314277 0.000000 0.310237 0.071968 -0.947931 36.758801 -0.073557 0.995958 0.051541 -0.000000 0.000000 0.000000 0.000000 1.000000
0.946898 0.054627 0.316858 0.000000 0.312470 0.075981 -0.946884 36.758801 -0.075801 0.995612 0.054877 0.000000 0.000000 0.000000 0.000000 1.000000
0.946730 0.054265 0.317422 0.000000 0.312468 0.083583 -0.946244 36.758801 -0.077879 0.995022 0.062175 0.000000 0.000000 0.000000 0.000000 1.000000
0.949447 0.050207 0.309887 0.000000 0.304074 0.098301 -0.947563 36.758801 -0.078037 0.993889 0.078065 0.000000 0.000000 0.000000 0.000000 1.000000
0.952732 0.045105 0.300445 0.000000 0.293393 0.120164 -0.948410 36.758801 -0.078881 0.991729 0.101251 0.000000 0.000000 0.000000 0.000000 1.000000
0.954286 0.038993 0.296339 0.000000 0.288432 0.139885 -0.947227 36.758801 -0.078388 0.989400 0.122243 -0.000000 0.000000 0.000000 0.000000 1.000000
0.952877 0.036888 0.301106 0.000000 0.291608 0.162183 -0.942688 36.758801 -0.083608 0.986071 0.143784 0.000000 0.000000 0.000000 0.000000 1.000000
0.950133 0.035446 0.309824 0.000000 0.296991 0.200129 -0.933673 36.758801 -0.095100 0.979128 0.179622 0.000000 0.000000 0.000000 0.000000 1.000000
0.951873 0.034761 0.304514 0.000000 0.288575 0.233068 -0.928657 36.758801 -0.103253 0.971839 0.211820 0.000000 0.000000 0.000000 0.000000 1.000000
0.952423 0.021965 0.303985 0.000000 0.287117 0.269927 -0.919077 36.758801 -0.102241 0.962630 0.250778 0.000000 0.000000 0.000000 0.000000 1.000000
0.953261 0.008235 0.302036 -0.000000 0.285127 0.306256 -0.908246 36.758801 -0.099980 0.951914 0.289593 0.000000 0.000000 0.000000 0.000000 1.000000
0.956782 -0.041565 0.287820 0.000000 0.284020 0.346121 -0.894166 36.758801 -0.062454 0.937269 0.342968 -0.000000 0.000000 0.000000 0.000000 1.000000
0.955899 -0.094351 0.278128 0.000000 0.292867 0.377322 -0.878554 36.758801 -0.022051 0.921263 0.388314 0.000000 0.000000 0.000000 0.000000 1.000000
0.951448 -0.126413 0.280653 0.000000 0.307777 0.403830 -0.861507 36.758801 -0.004431 0.906058 0.423130 0.000000 0.000000 0.000000 0.000000 1.000000
0.946009 -0.150259 0.287209 0.000000 0.324128 0.430846 -0.842207 36.758801 0.002806 0.889828 0.456287 -0.000000 0.000000 0.000000 0.000000 1.000000
0.938674 -0.173967 0.297701 0.000000 0.344645 0.447109 -0.825417 36.758801 0.010490 0.877399 0.479646 0.000000 0.000000 0.000000 0.000000 1.000000
0.932946 -0.199831 0.299465 0.000000 0.359415 0.468935 -0.806797 36.758801 0.020793 0.860330 0.509313 0.000000 0.000000 0.000000 0.000000 1.000000
0.926971 -0.224828 0.300294 0.000000 0.374092 0.494425 -0.784602 36.758801 0.027928 0.839641 0.542424 -0.000000 0.000000 0.000000 0.000000 1.000000
0.920504 -0.255736 0.295416 0.000000 0.388487 0.518085 -0.762014 36.758801 0.041824 0.816203 0.576250 -0.000000 0.000000 0.000000 0.000000 1.000000
0.913555 -0.280330 0.294672 0.000000 0.403345 0.531392 -0.744940 36.758801 0.052243 0.799398 0.598526 0.000000 0.000000 0.000000 0.000000 1.000000
0.908081 -0.298156 0.294093 0.000000 0.414717 0.542466 -0.730575 36.758801 0.058290 0.785387 0.616254 0.000000 0.000000 0.000000 0.000000 1.000000
0.901792 -0.320337 0.290096 -0.000000 0.426129 0.547236 -0.720380 36.758801 0.072013 0.773251 0.629998 0.000000 0.000000 0.000000 0.000000 1.000000
0.899995 -0.329000 0.285952 0.000000 0.429824 0.560651 -0.707758 36.758801 0.072533 0.759887 0.645995 0.000000 0.000000 0.000000 0.000000 1.000000
0.895963 -0.340534 0.285110 0.000000 0.437787 0.569070 -0.696061 36.758801 0.074785 0.748462 0.658947 -0.000000 0.000000 0.000000 0.000000 1.000000
0.890711 -0.353971 0.285198 0.000000 0.446815 0.566367 -0.692520 36.758801 0.083606 0.744266 0.662629 0.000000 0.000000 0.000000 0.000000 1.000000
0.887989 -0.358145 0.288456 0.000000 0.452426 0.568026 -0.687501 36.758801 0.082374 0.740998 0.666435 -0.000000 0.000000 0.000000 0.000000 1.000000
0.886084 -0.360303 0.291611 0.000000 0.456352 0.567863 -0.685036 36.758801 0.081225 0.740077 0.667599 0.000000 0.000000 0.000000 0.000000 1.000000
0.885350 -0.359761 0.294496 0.000000 0.458180 0.567639 -0.684000 36.758801 0.078909 0.740512 0.667395 0.000000 0.000000 0.000000 0.000000 1.000000
0.886071 -0.356120 0.296744 0.000000 0.457154 0.565353 -0.686576 36.758801 0.076738 0.744013 0.663744 0.000000 0.000000 0.000000 0.000000 1.000000
0.887679 -0.352640 0.296094 -0.000000 0.454020 0.563106 -0.690491 36.758801 0.076762 0.747367 0.659962 0.000000 0.000000 0.000000 0.000000 1.000000
0.889492 -0.347920 0.296235 0.000000 0.450732 0.561447 -0.693987 36.758801 0.075132 0.750819 0.656221 0.000000 0.000000 0.000000 0.000000 1.000000
0.896739 -0.306048 0.319678 0.000000 0.440448 0.546689 -0.712135 36.758801 0.043183 0.779401 0.625035 -0.000000 0.000000 0.000000 0.000000 1.000000
0.904585 -0.264737 0.334125 0.000000 0.426078 0.536622 -0.728350 36.758801 0.013522 0.801218 0.598219 0.000000 0.000000 0.000000 0.000000 1.000000
0.911328 -0.220149 0.347873 0.000000 0.411152 0.529547 -0.741980 36.758801 -0.020869 0.819215 0.573106 -0.000000 0.000000 0.000000 0.000000 1.000000</float_array>
        <technique_common>
          <accessor source="#mixamorig_RightFoot-Matrix-animation-output-transform-array" count="40" stride="16">
            <param type="float4x4"/>
          </accessor>
        </technique_common>
      </source>
      <source id="mixamorig_RightFoot-Interpolations">
        <Name_array id="mixamorig_RightFoot-Interpolations-array" count="40">
 LINEAR LINEAR LINEAR LINEAR LINEAR LINEAR LINEAR LINEAR LINEAR LINEAR LINEAR
LINEAR LINEAR LINEAR LINEAR LINEAR LINEAR LINEAR LINEAR LINEAR LINEAR LINEAR LINEAR
LINEAR LINEAR LINEAR LINEAR LINEAR LINEAR LINEAR LINEAR LINEAR LINEAR LINEAR LINEAR
LINEAR LINEAR LINEAR LINEAR LINEAR</Name_array>
        <technique_common>
          <accessor source="#mixamorig_RightFoot-Interpolations-array" count="40">
            <param type="name"/>
          </accessor>
        </technique_common>
      </source>
      <sampler id="mixamorig_RightFoot-Matrix-animation-transform">
        <input semantic="INPUT" source="#mixamorig_RightFoot-Matrix-animation-input"/>
        <input semantic="OUTPUT" source="#mixamorig_RightFoot-Matrix-animation-output-transform"/>
        <input semantic="INTERPOLATION" source="#mixamorig_RightFoot-Interpolations"/>
      </sampler>
      <channel source="#mixamorig_RightFoot-Matrix-animation-transform" target="mixamorig_RightFoot/matrix"/>
    </animation>
    <animation id="mixamorig_RightToeBase-anim" name="mixamorig_RightToeBase">
      <source id="mixamorig_RightToeBase-Matrix-animation-input">
        <float_array id="mixamorig_RightToeBase-Matrix-animation-input-array" count="40">

0.000000 0.033333 0.066667 0.100000 0.133333 0.166667 0.200000 0.233333 0.266667 0.300000 0.333333 0.366667 0.400000 0.433333 0.466667 0.500000
0.533333 0.566667 0.600000 0.633333 0.666667 0.700000 0.733333 0.766667 0.800000 0.833333 0.866667 0.900000 0.933333 0.966667 1.000000 1.033333
1.066667 1.100000 1.133333 1.166667 1.200000 1.233333 1.266667 1.300000</float_array>
        <technique_common>
          <accessor source="#mixamorig_RightToeBase-Matrix-animation-input-array" count="40">
            <param name="TIME" type="float"/>
          </accessor>
        </technique_common>
      </source>
      <source id="mixamorig_RightToeBase-Matrix-animation-output-transform">
        <float_array id="mixamorig_RightToeBase-Matrix-animation-output-transform-array" count="640">

0.987269 0.097981 0.125301 0.000000 0.009738 0.749043 -0.662450 17.444401 -0.158764 0.655236 0.738553 0.000000 0.000000 0.000000 0.000000 1.000000
0.987263 0.098022 0.125312 -0.000000 0.009811 0.748641 -0.662903 17.444401 -0.158792 0.655689 0.738144 0.000000 0.000000 0.000000 0.000000 1.000000
0.987259 0.098055 0.125320 0.000000 0.009872 0.748313 -0.663273 17.444401 -0.158816 0.656059 0.737810 -0.000000 0.000000 0.000000 0.000000 1.000000
0.987270 0.097971 0.125299 -0.000000 0.009718 0.749150 -0.662329 17.444401 -0.158756 0.655115 0.738661 0.000000 0.000000 0.000000 0.000000 1.000000
0.987284 0.097866 0.125271 0.000000 0.009527 0.750186 -0.661158 17.444401 -0.158682 0.653944 0.739714 0.000000 0.000000 0.000000 0.000000 1.000000
0.987294 0.097790 0.125251 0.000000 0.009390 0.750935 -0.660309 17.444401 -0.158627 0.653096 0.740475 -0.000000 0.000000 0.000000 0.000000 1.000000
0.987314 0.097638 0.125211 0.000000 0.009112 0.752441 -0.658597 17.444401 -0.158518 0.651383 0.742005 -0.000000 0.000000 0.000000 0.000000 1.000000
0.987289 0.097824 0.125260 0.000000 0.009451 0.750600 -0.660689 17.444401 -0.158651 0.653475 0.740135 0.000000 0.000000 0.000000 0.000000 1.000000
0.987283 0.097871 0.125272 0.000000 0.009535 0.750142 -0.661208 17.444401 -0.158685 0.653994 0.739670 0.000000 0.000000 0.000000 0.000000 1.000000
0.987427 0.096790 0.124978 0.000000 0.007568 0.760771 -0.648976 17.444401 -0.157894 0.641762 0.750474 -0.000000 0.000000 0.000000 0.000000 1.000000
0.987614 0.095395 0.124571 0.000000 0.005038 0.774253 -0.632857 17.444401 -0.156821 0.625646 0.764182 0.000000 0.000000 0.000000 0.000000 1.000000
0.987277 0.094616 0.127794 0.000000 0.005460 0.783047 -0.621938 17.444401 -0.158914 0.614723 0.772568 0.000000 0.000000 0.000000 0.000000 1.000000
0.987353 0.094348 0.127405 0.000000 0.004804 0.785461 -0.618892 17.444401 -0.158463 0.611677 0.775074 -0.000000 0.000000 0.000000 0.000000 1.000000
0.987197 0.094586 0.128431 0.000000 0.005738 0.783619 -0.621216 17.444401 -0.159400 0.614000 0.773044 -0.000000 0.000000 0.000000 0.000000 1.000000
0.987782 0.094155 0.124181 0.000000 0.002792 0.786029 -0.618183 17.444401 -0.155815 0.610977 0.776163 0.000000 0.000000 0.000000 0.000000 1.000000
0.987949 0.094152 0.122850 0.000000 0.002083 0.785550 -0.618795 17.444401 -0.154766 0.611594 0.775887 0.000000 0.000000 0.000000 0.000000 1.000000
0.987889 0.094035 0.123419 0.000000 0.002194 0.786881 -0.617101 17.444401 -0.155146 0.609898 0.777145 0.000000 0.000000 0.000000 0.000000 1.000000
0.988103 0.093897 0.121806 0.000000 0.001128 0.787549 -0.616251 17.444401 -0.153792 0.609057 0.778073 0.000000 0.000000 0.000000 0.000000 1.000000
0.988125 0.093874 0.121645 0.000000 0.001007 0.787704 -0.616053 17.444401 -0.153652 0.608859 0.778255 -0.000000 0.000000 0.000000 0.000000 1.000000
0.988037 0.093914 0.122324 0.000000 0.001424 0.787603 -0.616181 17.444401 -0.154211 0.608984 0.778047 -0.000000 0.000000 0.000000 0.000000 1.000000
0.988226 0.093811 0.120863 -0.000000 0.000505 0.787958 -0.615728 17.444401 -0.152997 0.608540 0.778634 0.000000 0.000000 0.000000 0.000000 1.000000
0.988036 0.093901 0.122341 0.000000 0.001414 0.787727 -0.616023 17.444401 -0.154217 0.608826 0.778170 0.000000 0.000000 0.000000 0.000000 1.000000
0.987860 0.094008 0.123672 0.000000 0.002282 0.787244 -0.616638 17.444401 -0.155329 0.609434 0.777472 -0.000000 0.000000 0.000000 0.000000 1.000000
0.987790 0.094097 0.124162 0.000000 0.002685 0.786583 -0.617478 17.444401 -0.155766 0.610272 0.776727 0.000000 0.000000 0.000000 0.000000 1.000000
0.987779 0.094178 0.124188 -0.000000 0.002832 0.785821 -0.618448 17.444401 -0.155833 0.611242 0.775951 0.000000 0.000000 0.000000 0.000000 1.000000
0.987764 0.094290 0.124225 0.000000 0.003037 0.784753 -0.619802 17.444401 -0.155927 0.612595 0.774864 0.000000 0.000000 0.000000 0.000000 1.000000
0.987766 0.094274 0.124220 0.000000 0.003008 0.784904 -0.619611 17.444401 -0.155914 0.612404 0.775017 0.000000 0.000000 0.000000 0.000000 1.000000
0.987746 0.094424 0.124268 0.000000 0.003279 0.783489 -0.621398 17.444401 -0.156037 0.614190 0.773578 0.000000 0.000000 0.000000 0.000000 1.000000
0.987777 0.094196 0.124194 0.000000 0.002866 0.785641 -0.618676 17.444401 -0.155849 0.611470 0.775768 0.000000 0.000000 0.000000 0.000000 1.000000
0.987783 0.094147 0.124178 0.000000 0.002777 0.786106 -0.618086 17.444401 -0.155808 0.610880 0.776241 0.000000 0.000000 0.000000 0.000000 1.000000
0.987764 0.094289 0.124224 0.000000 0.003033 0.784771 -0.619778 17.444401 -0.155925 0.612572 0.774883 0.000000 0.000000 0.000000 0.000000 1.000000
0.987765 0.094281 0.124222 0.000000 0.003022 0.784836 -0.619696 17.444401 -0.155920 0.612489 0.774949 0.000000 0.000000 0.000000 0.000000 1.000000
0.987768 0.094262 0.124215 0.000000 0.002985 0.785021 -0.619462 17.444401 -0.155904 0.612255 0.775137 0.000000 0.000000 0.000000 0.000000 1.000000
0.987767 0.094271 0.124218 0.000000 0.002999 0.784948 -0.619554 17.444401 -0.155910 0.612347 0.775063 0.000000 0.000000 0.000000 0.000000 1.000000
0.987759 0.094330 0.124237 0.000000 0.003107 0.784388 -0.620263 17.444401 -0.155959 0.613056 0.774493 0.000000 0.000000 0.000000 0.000000 1.000000
0.987745 0.094429 0.124269 0.000000 0.003288 0.783444 -0.621454 17.444401 -0.156041 0.614246 0.773533 -0.000000 0.000000 0.000000 0.000000 1.000000
0.987729 0.094551 0.124308 0.000000 0.003507 0.782296 -0.622897 17.444401 -0.156141 0.615689 0.772365 0.000000 0.000000 0.000000 0.000000 1.000000
0.987840 0.093731 0.124041 0.000000 0.002025 0.790009 -0.613092 17.444401 -0.155459 0.605888 0.780213 0.000000 0.000000 0.000000 0.000000 1.000000
0.987950 0.092932 0.123771 0.000000 0.000584 0.797433 -0.603408 17.444401 -0.154775 0.596209 0.787769 0.000000 0.000000 0.000000 0.000000 1.000000
0.988675 0.092245 0.118372 0.000000 -0.003252 0.801763 -0.597633 17.444401 -0.150035 0.590480 0.792983 0.000000 0.000000 0.000000 0.000000 1.000000</float_array>
        <technique_common>
          <accessor source="#mixamorig_RightToeBase-Matrix-animation-output-transform-array" count="40" stride="16">
            <param type="float4x4"/>
          </accessor>
        </technique_common>
      </source>
      <source id="mixamorig_RightToeBase-Interpolations">
        <Name_array id="mixamorig_RightToeBase-Interpolations-array" count="40">
 LINEAR LINEAR LINEAR LINEAR LINEAR LINEAR LINEAR LINEAR LINEAR LINEAR LINEAR
LINEAR LINEAR LINEAR LINEAR LINEAR LINEAR LINEAR LINEAR LINEAR LINEAR LINEAR LINEAR
LINEAR LINEAR LINEAR LINEAR LINEAR LINEAR LINEAR LINEAR LINEAR LINEAR LINEAR LINEAR
LINEAR LINEAR LINEAR LINEAR LINEAR</Name_array>
        <technique_common>
          <accessor source="#mixamorig_RightToeBase-Interpolations-array" count="40">
            <param type="name"/>
          </accessor>
        </technique_common>
      </source>
      <sampler id="mixamorig_RightToeBase-Matrix-animation-transform">
        <input semantic="INPUT" source="#mixamorig_RightToeBase-Matrix-animation-input"/>
        <input semantic="OUTPUT" source="#mixamorig_RightToeBase-Matrix-animation-output-transform"/>
        <input semantic="INTERPOLATION" source="#mixamorig_RightToeBase-Interpolations"/>
      </sampler>
      <channel source="#mixamorig_RightToeBase-Matrix-animation-transform" target="mixamorig_RightToeBase/matrix"/>
    </animation>
  </library_animations>
  <library_visual_scenes>
    <visual_scene id="RootNode" name="RootNode">
      <node id="mixamorig_Hips" name="mixamorig_Hips" sid="mixamorig_Hips" type="JOINT">
        <matrix sid="matrix">0.313829 -0.077368 0.946322 -9.699473 0.066332 0.996026 0.059434 84.285950 -0.947160 0.044120 0.317714 12.347448 0.000000 0.000000 0.000000 1.000000</matrix>
        <node id="mixamorig_Spine" name="mixamorig_Spine" sid="mixamorig_Spine" type="JOINT">
          <matrix sid="matrix">0.999660 -0.023784 0.010694 0.000000 0.022915 0.996911 0.075125 10.729900 -0.012447 -0.074854 0.997117 -1.090300 0.000000 0.000000 0.000000 1.000000</matrix>
          <node id="mixamorig_Spine1" name="mixamorig_Spine1" sid="mixamorig_Spine1" type="JOINT">
            <matrix sid="matrix">0.999422 -0.000937 0.033978 -0.000000 0.003088 0.997988 -0.063321 12.582700 -0.033851 0.063390 0.997415 -0.000000 0.000000 0.000000 0.000000 1.000000</matrix>
            <node id="mixamorig_Spine2" name="mixamorig_Spine2" sid="mixamorig_Spine2" type="JOINT">
              <matrix sid="matrix">0.999401 0.002275 0.034543 0.000000 -0.000099 0.998022 -0.062870 14.380200 -0.034618 0.062829 0.997424 0.000000 0.000000 0.000000 0.000000 1.000000</matrix>
              <node id="mixamorig_Neck" name="mixamorig_Neck" sid="mixamorig_Neck" type="JOINT">
                <matrix sid="matrix">0.980119 -0.060117 -0.189086 0.000000 0.035086 0.990489 -0.133040 16.177799 0.195285 0.123760 0.972906 0.000000 0.000000 0.000000 0.000000 1.000000</matrix>
                <node id="mixamorig_Head" name="mixamorig_Head" sid="mixamorig_Head" type="JOINT">
                  <matrix sid="matrix">0.636443 0.048543 -0.769795 -0.000000 0.009761 0.997431 0.070967 6.762300 0.771262 -0.052681 0.634334 3.044900 0.000000 0.000000 0.000000 1.000000</matrix>
                  <node id="mixamorig_HeadTop_End" name="mixamorig_HeadTop_End" sid="mixamorig_HeadTop_End" type="JOINT">
                    <matrix sid="matrix">1.000000 -0.000000 -0.000000 -0.000000 -0.000000 1.000000 0.000000 20.892900 -0.000000 0.000000 1.000000 9.407600 0.000000 0.000000 0.000000 1.000000</matrix>
                  </node>
                </node>
              </node>
              <node id="mixamorig_LeftShoulder" name="mixamorig_LeftShoulder" sid="mixamorig_LeftShoulder" type="JOINT">
                <matrix sid="matrix">0.083171 0.915117 -0.394516 6.802200 0.024775 -0.397664 -0.917196 14.584200 -0.996227 0.066510 -0.055746 -0.154100 0.000000 0.000000 0.000000 1.000000</matrix>
                <node id="mixamorig_LeftArm" name="mixamorig_LeftArm" sid="mixamorig_LeftArm" type="JOINT">
                  <matrix sid="matrix">0.982853 -0.083076 0.164619 0.000000 0.173797 0.715649 -0.676491 14.280800 -0.061609 0.693501 0.717816 0.000000 0.000000 0.000000 0.000000 1.000000</matrix>
                  <node id="mixamorig_LeftForeArm" name="mixamorig_LeftForeArm" sid="mixamorig_LeftForeArm" type="JOINT">
                    <matrix sid="matrix">0.766618 -0.641803 0.019641 0.000000 0.641529 0.764281 -0.065686 23.180300 0.027147 0.062957 0.997647 0.000000 0.000000 0.000000 0.000000 1.000000</matrix>
                    <node id="mixamorig_LeftHand" name="mixamorig_LeftHand" sid="mixamorig_LeftHand" type="JOINT">
                      <matrix sid="matrix">0.810053 0.234996 0.537207 0.000000 0.066979 0.873096 -0.482925 25.270901 -0.582518 0.427177 0.691515 0.000000 0.000000 0.000000 0.000000 1.000000</matrix>
                      <node id="mixamorig_LeftHandThumb1" name="mixamorig_LeftHandThumb1" sid="mixamorig_LeftHandThumb1" type="JOINT">
                        <matrix sid="matrix">0.992634 -0.089694 -0.081437 -3.017900 0.008159 0.720175 -0.693745 3.394100 0.120874 0.687971 0.715602 1.371200 0.000000 0.000000 0.000000 1.000000</matrix>
                        <node id="mixamorig_LeftHandThumb2" name="mixamorig_LeftHandThumb2" sid="mixamorig_LeftHandThumb2" type="JOINT">
                          <matrix sid="matrix">0.251846 0.967544 0.020797 -0.645900 -0.965591 0.249781 0.072405 3.740000 0.064860 -0.038316 0.997158 -0.000000 0.000000 0.000000 0.000000 1.000000</matrix>
                          <node id="mixamorig_LeftHandThumb3" name="mixamorig_LeftHandThumb3" sid="mixamorig_LeftHandThumb3" type="JOINT">
                            <matrix sid="matrix">0.871631 0.489045 -0.033071 0.061700 -0.487465 0.871928 0.046034 3.312900 0.051348 -0.024004 0.998392 -0.000000 0.000000 0.000000 0.000000 1.000000</matrix>
                            <node id="mixamorig_LeftHandThumb4" name="mixamorig_LeftHandThumb4" sid="mixamorig_LeftHandThumb4" type="JOINT">
                              <matrix sid="matrix">1.000000 0.000000 0.000000 0.584200 0.000000 1.000000 0.000000 2.589800 0.000000 -0.000000 1.000000 -0.000000 0.000000 0.000000 0.000000 1.000000</matrix>
                            </node>
                          </node>
                        </node>
                      </node>
                      <node id="mixamorig_LeftHandIndex1" name="mixamorig_LeftHandIndex1" sid="mixamorig_LeftHandIndex1" type="JOINT">
                        <matrix sid="matrix">0.987115 0.148252 -0.060216 -3.637400 -0.054191 -0.044355 -0.997545 10.569700 -0.150559 0.987954 -0.035750 0.096900 0.000000 0.000000 0.000000 1.000000</matrix>
                        <node id="mixamorig_LeftHandIndex2" name="mixamorig_LeftHandIndex2" sid="mixamorig_LeftHandIndex2" type="JOINT">
                          <matrix sid="matrix">0.971266 0.145159 -0.188605 0.015800 -0.148408 -0.250127 -0.956771 3.054700 -0.186059 0.957270 -0.221397 0.000000 0.000000 0.000000 0.000000 1.000000</matrix>
                          <node id="mixamorig_LeftHandIndex3" name="mixamorig_LeftHandIndex3" sid="mixamorig_LeftHandIndex3" type="JOINT">
                            <matrix sid="matrix">0.991335 0.119253 -0.055084 -0.007300 -0.117132 0.612669 -0.781611 3.039500 -0.059461 0.781291 0.621329 0.000000 0.000000 0.000000 0.000000 1.000000</matrix>
                            <node id="mixamorig_LeftHandIndex4" name="mixamorig_LeftHandIndex4" sid="mixamorig_LeftHandIndex4" type="JOINT">
                              <matrix sid="matrix">1.000000 0.000000 0.000000 -0.008500 -0.000000 1.000000 -0.000000 2.600500 -0.000000 0.000000 1.000000 -0.000000 0.000000 0.000000 0.000000 1.000000</matrix>
                            </node>
                          </node>
                        </node>
                      </node>
                      <node id="mixamorig_LeftHandMiddle1" name="mixamorig_LeftHandMiddle1" sid="mixamorig_LeftHandMiddle1" type="JOINT">
                        <matrix sid="matrix">0.987128 0.148285 -0.059922 -1.050700 -0.053934 -0.044080 -0.997571 10.576500 -0.150566 0.987962 -0.035515 -0.192600 0.000000 0.000000 0.000000 1.000000</matrix>
                        <node id="mixamorig_LeftHandMiddle2" name="mixamorig_LeftHandMiddle2" sid="mixamorig_LeftHandMiddle2" type="JOINT">
                          <matrix sid="matrix">0.970767 0.148575 -0.188510 0.017900 -0.147375 -0.250947 -0.956716 3.500200 -0.189450 0.956531 -0.221715 -0.000000 0.000000 0.000000 0.000000 1.000000</matrix>
                          <node id="mixamorig_LeftHandMiddle3" name="mixamorig_LeftHandMiddle3" sid="mixamorig_LeftHandMiddle3" type="JOINT">
                            <matrix sid="matrix">0.992253 0.112912 -0.051815 -0.020200 -0.110648 0.613568 -0.781851 3.275100 -0.056489 0.781527 0.621308 0.000000 0.000000 0.000000 0.000000 1.000000</matrix>
                            <node id="mixamorig_LeftHandMiddle4" name="mixamorig_LeftHandMiddle4" sid="mixamorig_LeftHandMiddle4" type="JOINT">
                              <matrix sid="matrix">1.000000 0.000000 0.000000 0.002300 0.000000 1.000000 0.000000 2.956100 0.000000 0.000000 1.000000 0.000000 0.000000 0.000000 0.000000 1.000000</matrix>
                            </node>
                          </node>
                        </node>
                      </node>
                      <node id="mixamorig_LeftHandRing1" name="mixamorig_LeftHandRing1" sid="mixamorig_LeftHandRing1" type="JOINT">
                        <matrix sid="matrix">0.984941 0.156924 -0.072573 1.253300 -0.066296 -0.044875 -0.996790 10.740000 -0.159677 0.986591 -0.033796 -0.254800 0.000000 0.000000 0.000000 1.000000</matrix>
                        <node id="mixamorig_LeftHandRing2" name="mixamorig_LeftHandRing2" sid="mixamorig_LeftHandRing2" type="JOINT">
                          <matrix sid="matrix">0.967191 0.162388 -0.195376 -0.010300 -0.151363 -0.249306 -0.956523 2.843300 -0.204036 0.954713 -0.216547 0.000000 0.000000 0.000000 0.000000 1.000000</matrix>
                          <node id="mixamorig_LeftHandRing3" name="mixamorig_LeftHandRing3" sid="mixamorig_LeftHandRing3" type="JOINT">
                            <matrix sid="matrix">0.991887 0.113054 -0.058131 -0.015300 -0.115795 0.614795 -0.780140 2.751900 -0.052459 0.780542 0.622898 0.000000 0.000000 0.000000 0.000000 1.000000</matrix>
                            <node id="mixamorig_LeftHandRing4" name="mixamorig_LeftHandRing4" sid="mixamorig_LeftHandRing4" type="JOINT">
                              <matrix sid="matrix">1.000000 0.000000 -0.000000 0.025600 0.000000 1.000000 0.000000 2.299500 0.000000 0.000000 1.000000 -0.000000 0.000000 0.000000 0.000000 1.000000</matrix>
                            </node>
                          </node>
                        </node>
                      </node>
                      <node id="mixamorig_LeftHandPinky1" name="mixamorig_LeftHandPinky1" sid="mixamorig_LeftHandPinky1" type="JOINT">
                        <matrix sid="matrix">0.972134 0.223591 -0.070452 3.434800 -0.063667 -0.037420 -0.997269 9.646000 -0.225617 0.973965 -0.022142 -0.074000 0.000000 0.000000 0.000000 1.000000</matrix>
                        <node id="mixamorig_LeftHandPinky2" name="mixamorig_LeftHandPinky2" sid="mixamorig_LeftHandPinky2" type="JOINT">
                          <matrix sid="matrix">0.974889 0.180019 -0.131092 -0.001400 -0.083725 -0.249187 -0.964829 2.634300 -0.206354 0.951577 -0.227858 0.000000 0.000000 0.000000 0.000000 1.000000</matrix>
                          <node id="mixamorig_LeftHandPinky3" name="mixamorig_LeftHandPinky3" sid="mixamorig_LeftHandPinky3" type="JOINT">
                            <matrix sid="matrix">0.991681 0.115335 -0.057153 -0.014100 -0.116443 0.614588 -0.780207 2.232900 -0.054860 0.780371 0.622906 0.000000 0.000000 0.000000 0.000000 1.000000</matrix>
                            <node id="mixamorig_LeftHandPinky4" name="mixamorig_LeftHandPinky4" sid="mixamorig_LeftHandPinky4" type="JOINT">
                              <matrix sid="matrix">1.000000 0.000000 0.000000 0.015400 0.000000 1.000000 -0.000000 1.788900 -0.000000 -0.000000 1.000000 0.000000 0.000000 0.000000 0.000000 1.000000</matrix>
                            </node>
                          </node>
                        </node>
                      </node>
                    </node>
                  </node>
                </node>
              </node>
              <node id="mixamorig_RightShoulder" name="mixamorig_RightShoulder" sid="mixamorig_RightShoulder" type="JOINT">
                <matrix sid="matrix">-0.075117 -0.974231 0.212675 -6.802200 -0.000061 -0.213273 -0.976993 14.585800 0.997175 -0.073402 0.015961 -0.169600 0.000000 0.000000 0.000000 1.000000</matrix>
                <node id="mixamorig_RightArm" name="mixamorig_RightArm" sid="mixamorig_RightArm" type="JOINT">
                  <matrix sid="matrix">0.805839 0.409801 0.427420 -0.000000 -0.517205 0.838585 0.171099 14.280800 -0.288311 -0.358942 0.887715 0.000000 0.000000 0.000000 0.000000 1.000000</matrix>
                  <node id="mixamorig_RightForeArm" name="mixamorig_RightForeArm" sid="mixamorig_RightForeArm" type="JOINT">
                    <matrix sid="matrix">0.984954 0.172794 0.002751 0.000000 -0.172719 0.984811 -0.017781 23.180401 -0.005782 0.017038 0.999838 0.000000 0.000000 0.000000 0.000000 1.000000</matrix>
                    <node id="mixamorig_RightHand" name="mixamorig_RightHand" sid="mixamorig_RightHand" type="JOINT">
                      <matrix sid="matrix">0.436896 -0.068934 0.896867 -0.000000 0.264875 0.962711 -0.055035 25.271200 -0.859629 0.261602 0.438864 0.000000 0.000000 0.000000 0.000000 1.000000</matrix>
                      <node id="mixamorig_RightHandThumb1" name="mixamorig_RightHandThumb1" sid="mixamorig_RightHandThumb1" type="JOINT">
                        <matrix sid="matrix">0.941258 0.005528 -0.337643 2.939600 -0.276410 0.586990 -0.760947 3.378100 0.193987 0.809576 0.554036 1.292500 0.000000 0.000000 0.000000 1.000000</matrix>
                        <node id="mixamorig_RightHandThumb2" name="mixamorig_RightHandThumb2" sid="mixamorig_RightHandThumb2" type="JOINT">
                          <matrix sid="matrix">0.081967 -0.969230 0.232107 0.626400 0.883294 0.178513 0.433502 3.675700 -0.461598 0.169486 0.870748 -0.000000 0.000000 0.000000 0.000000 1.000000</matrix>
                          <node id="mixamorig_RightHandThumb3" name="mixamorig_RightHandThumb3" sid="mixamorig_RightHandThumb3" type="JOINT">
                            <matrix sid="matrix">0.882385 -0.437940 0.172061 0.051700 0.397495 0.889474 0.225462 3.412800 -0.251783 -0.130551 0.958938 -0.000000 0.000000 0.000000 0.000000 1.000000</matrix>
                            <node id="mixamorig_RightHandThumb4" name="mixamorig_RightHandThumb4" sid="mixamorig_RightHandThumb4" type="JOINT">
                              <matrix sid="matrix">1.000000 -0.000000 -0.000000 -0.678100 0.000000 1.000000 0.000000 2.720900 -0.000000 -0.000000 1.000000 0.000000 0.000000 0.000000 0.000000 1.000000</matrix>
                            </node>
                          </node>
                        </node>
                      </node>
                      <node id="mixamorig_RightHandIndex1" name="mixamorig_RightHandIndex1" sid="mixamorig_RightHandIndex1" type="JOINT">
                        <matrix sid="matrix">0.984268 -0.158193 0.078682 3.575600 0.034237 -0.266121 -0.963331 10.595700 0.173331 0.950870 -0.256519 0.109000 0.000000 0.000000 0.000000 1.000000</matrix>
                        <node id="mixamorig_RightHandIndex2" name="mixamorig_RightHandIndex2" sid="mixamorig_RightHandIndex2" type="JOINT">
                          <matrix sid="matrix">0.978028 -0.141581 0.153025 -0.015200 0.144036 -0.071752 -0.986968 3.237700 0.150715 0.987323 -0.049783 0.000000 0.000000 0.000000 0.000000 1.000000</matrix>
                          <node id="mixamorig_RightHandIndex3" name="mixamorig_RightHandIndex3" sid="mixamorig_RightHandIndex3" type="JOINT">
                            <matrix sid="matrix">0.993645 -0.104204 0.042548 0.006600 0.102498 0.681513 -0.724592 2.956600 0.046509 0.724349 0.687863 -0.000000 0.000000 0.000000 0.000000 1.000000</matrix>
                            <node id="mixamorig_RightHandIndex4" name="mixamorig_RightHandIndex4" sid="mixamorig_RightHandIndex4" type="JOINT">
                              <matrix sid="matrix">1.000000 0.000000 0.000000 0.008600 -0.000000 1.000000 0.000000 2.572400 0.000000 -0.000000 1.000000 0.000000 0.000000 0.000000 0.000000 1.000000</matrix>
                            </node>
                          </node>
                        </node>
                      </node>
                      <node id="mixamorig_RightHandMiddle1" name="mixamorig_RightHandMiddle1" sid="mixamorig_RightHandMiddle1" type="JOINT">
                        <matrix sid="matrix">0.984739 -0.155951 0.077253 1.103900 0.033443 -0.266053 -0.963378 10.452100 0.170793 0.951260 -0.256777 -0.129100 0.000000 0.000000 0.000000 1.000000</matrix>
                        <node id="mixamorig_RightHandMiddle2" name="mixamorig_RightHandMiddle2" sid="mixamorig_RightHandMiddle2" type="JOINT">
                          <matrix sid="matrix">0.978066 -0.140745 0.153553 -0.024100 0.144548 -0.072174 -0.986862 3.457000 0.149979 0.987412 -0.050246 0.000000 0.000000 0.000000 0.000000 1.000000</matrix>
                          <node id="mixamorig_RightHandMiddle3" name="mixamorig_RightHandMiddle3" sid="mixamorig_RightHandMiddle3" type="JOINT">
                            <matrix sid="matrix">0.993725 -0.103854 0.041540 0.010100 0.101516 0.681452 -0.724788 3.353100 0.046964 0.724457 0.687719 0.000000 0.000000 0.000000 0.000000 1.000000</matrix>
                            <node id="mixamorig_RightHandMiddle4" name="mixamorig_RightHandMiddle4" sid="mixamorig_RightHandMiddle4" type="JOINT">
                              <matrix sid="matrix">1.000000 0.000000 0.000000 0.014100 0.000000 1.000000 0.000000 2.968000 0.000000 0.000000 1.000000 0.000000 0.000000 0.000000 0.000000 1.000000</matrix>
                            </node>
                          </node>
                        </node>
                      </node>
                      <node id="mixamorig_RightHandRing1" name="mixamorig_RightHandRing1" sid="mixamorig_RightHandRing1" type="JOINT">
                        <matrix sid="matrix">0.981890 -0.165693 0.091853 -1.281000 0.045111 -0.266413 -0.962803 10.727800 0.184000 0.949510 -0.254114 -0.269800 0.000000 0.000000 0.000000 1.000000</matrix>
                        <node id="mixamorig_RightHandRing2" name="mixamorig_RightHandRing2" sid="mixamorig_RightHandRing2" type="JOINT">
                          <matrix sid="matrix">0.974780 -0.156227 0.159366 0.008500 0.149881 -0.070798 -0.986166 2.897700 0.165348 0.985181 -0.045597 0.000000 0.000000 0.000000 0.000000 1.000000</matrix>
                          <node id="mixamorig_RightHandRing3" name="mixamorig_RightHandRing3" sid="mixamorig_RightHandRing3" type="JOINT">
                            <matrix sid="matrix">0.993627 -0.102712 0.046425 0.008600 0.104365 0.682765 -0.723145 2.732700 0.042578 0.723382 0.689134 0.000000 0.000000 0.000000 0.000000 1.000000</matrix>
                            <node id="mixamorig_RightHandRing4" name="mixamorig_RightHandRing4" sid="mixamorig_RightHandRing4" type="JOINT">
                              <matrix sid="matrix">1.000000 0.000000 -0.000000 -0.017100 0.000000 1.000000 -0.000000 2.311500 0.000000 0.000000 1.000000 0.000000 0.000000 0.000000 0.000000 1.000000</matrix>
                            </node>
                          </node>
                        </node>
                      </node>
                      <node id="mixamorig_RightHandPinky1" name="mixamorig_RightHandPinky1" sid="mixamorig_RightHandPinky1" type="JOINT">
                        <matrix sid="matrix">0.983409 -0.160473 0.084590 -3.398500 0.039408 -0.266186 -0.963116 9.465500 0.177071 0.950470 -0.255446 0.037400 0.000000 0.000000 0.000000 1.000000</matrix>
                        <node id="mixamorig_RightHandPinky2" name="mixamorig_RightHandPinky2" sid="mixamorig_RightHandPinky2" type="JOINT">
                          <matrix sid="matrix">0.975640 -0.152681 0.157526 -0.006200 0.147955 -0.072213 -0.986354 2.606100 0.161973 0.985634 -0.047864 -0.000000 0.000000 0.000000 0.000000 1.000000</matrix>
                          <node id="mixamorig_RightHandPinky3" name="mixamorig_RightHandPinky3" sid="mixamorig_RightHandPinky3" type="JOINT">
                            <matrix sid="matrix">0.994486 -0.096706 0.040559 0.016800 0.095944 0.682936 -0.724150 2.281600 0.042331 0.724049 0.688449 0.000000 0.000000 0.000000 0.000000 1.000000</matrix>
                            <node id="mixamorig_RightHandPinky4" name="mixamorig_RightHandPinky4" sid="mixamorig_RightHandPinky4" type="JOINT">
                              <matrix sid="matrix">1.000000 0.000000 -0.000000 -0.010600 0.000000 1.000000 -0.000000 1.921300 0.000000 0.000000 1.000000 -0.000000 0.000000 0.000000 0.000000 1.000000</matrix>
                            </node>
                          </node>
                        </node>
                      </node>
                    </node>
                  </node>
                </node>
              </node>
            </node>
          </node>
        </node>
        <node id="mixamorig_LeftUpLeg" name="mixamorig_LeftUpLeg" sid="mixamorig_LeftUpLeg" type="JOINT">
          <matrix sid="matrix">-0.834950 0.475869 0.276417 8.707300 -0.420717 -0.875738 0.236812 -5.963400 0.354760 0.081433 0.931404 -0.626400 0.000000 0.000000 0.000000 1.000000</matrix>
          <node id="mixamorig_LeftLeg" name="mixamorig_LeftLeg" sid="mixamorig_LeftLeg" type="JOINT">
            <matrix sid="matrix">0.988715 0.039098 0.144619 -0.000000 -0.058731 0.989228 0.134085 40.144199 -0.137818 -0.141066 0.980360 0.000000 0.000000 0.000000 0.000000 1.000000</matrix>
            <node id="mixamorig_LeftFoot" name="mixamorig_LeftFoot" sid="mixamorig_LeftFoot" type="JOINT">
              <matrix sid="matrix">0.950410 0.251455 -0.183007 0.000000 -0.306762 0.661152 -0.684671 36.762600 -0.051169 0.706858 0.705503 0.000000 0.000000 0.000000 0.000000 1.000000</matrix>
              <node id="mixamorig_LeftToeBase" name="mixamorig_LeftToeBase" sid="mixamorig_LeftToeBase" type="JOINT">
                <matrix sid="matrix">0.986541 -0.094436 -0.133490 0.000000 -0.006685 0.792391 -0.609977 16.891300 0.163380 0.602659 0.781095 0.000000 0.000000 0.000000 0.000000 1.000000</matrix>
                <node id="mixamorig_LeftToe_End" name="mixamorig_LeftToe_End" sid="mixamorig_LeftToe_End" type="JOINT">
                  <matrix sid="matrix">1.000000 0.000000 0.000000 0.000000 0.000000 1.000000 0.000000 7.243000 0.000000 0.000000 1.000000 0.000000 0.000000 0.000000 0.000000 1.000000</matrix>
                </node>
              </node>
            </node>
          </node>
        </node>
        <node id="mixamorig_RightUpLeg" name="mixamorig_RightUpLeg" sid="mixamorig_RightUpLeg" type="JOINT">
          <matrix sid="matrix">-0.815705 -0.415539 -0.402434 -8.707300 0.293574 -0.896814 0.330966 -5.963400 -0.498437 0.151827 0.853527 -0.444600 0.000000 0.000000 0.000000 1.000000</matrix>
          <node id="mixamorig_RightLeg" name="mixamorig_RightLeg" sid="mixamorig_RightLeg" type="JOINT">
            <matrix sid="matrix">0.993161 -0.036005 0.111066 0.000000 -0.075318 0.529298 0.845086 40.145199 -0.089214 -0.847672 0.522966 0.000000 0.000000 0.000000 0.000000 1.000000</matrix>
            <node id="mixamorig_RightFoot" name="mixamorig_RightFoot" sid="mixamorig_RightFoot" type="JOINT">
              <matrix sid="matrix">0.948560 0.048323 0.312889 0.000000 0.309772 0.062457 -0.948757 36.758801 -0.065389 0.996877 0.044276 0.000000 0.000000 0.000000 0.000000 1.000000</matrix>
              <node id="mixamorig_RightToeBase" name="mixamorig_RightToeBase" sid="mixamorig_RightToeBase" type="JOINT">
                <matrix sid="matrix">0.987269 0.097981 0.125301 0.000000 0.009738 0.749043 -0.662450 17.444401 -0.158764 0.655236 0.738553 0.000000 0.000000 0.000000 0.000000 1.000000</matrix>
                <node id="mixamorig_RightToe_End" name="mixamorig_RightToe_End" sid="mixamorig_RightToe_End" type="JOINT">
                  <matrix sid="matrix">1.000000 0.000000 0.000000 0.000000 -0.000000 1.000000 0.000000 7.426400 -0.000000 0.000000 1.000000 0.000000 0.000000 0.000000 0.000000 1.000000</matrix>
                </node>
              </node>
            </node>
          </node>
        </node>
      </node>
    </visual_scene>
  </library_visual_scenes>
  <scene>
    <instance_visual_scene url="#RootNode"/>
  </scene>
</COLLADA>
