<?xml version="1.0" encoding="utf-8"?>
<COLLADA xmlns="http://www.collada.org/2005/11/COLLADASchema" version="1.4.1">
  <asset>
    <contributor>
      <author>Mixamo</author>
      <authoring_tool>COLLADA Mixamo exporter</authoring_tool>
      <comments/>
    </contributor>
    <created>2024-09-25T05:10:47Z</created>
    <modified>2024-09-25T05:10:47Z</modified>
    <revision/>
    <title/>
    <unit meter="0.010000"/>
    <up_axis>Y_UP</up_axis>
  </asset>
  <library_animations>
    <animation id="mixamorig_Hips-anim" name="mixamorig_Hips">
      <source id="mixamorig_Hips-Matrix-animation-input">
        <float_array id="mixamorig_Hips-Matrix-animation-input-array" count="31">

0.000000 0.033333 0.066667 0.100000 0.133333 0.166667 0.200000 0.233333 0.266667 0.300000 0.333333 0.366667 0.400000 0.433333 0.466667 0.500000
0.533333 0.566667 0.600000 0.633333 0.666667 0.700000 0.733333 0.766667 0.800000 0.833333 0.866667 0.900000 0.933333 0.966667 1.000000</float_array>
        <technique_common>
          <accessor source="#mixamorig_Hips-Matrix-animation-input-array" count="31">
            <param name="TIME" type="float"/>
          </accessor>
        </technique_common>
      </source>
      <source id="mixamorig_Hips-Matrix-animation-output-transform">
        <float_array id="mixamorig_Hips-Matrix-animation-output-transform-array" count="496">

0.244494 -0.151034 -0.957816 2.618052 0.150449 0.981741 -0.116402 100.490051 0.957908 -0.115642 0.262753 3.080963 0.000000 0.000000 0.000000 1.000000
0.144039 -0.171478 -0.974602 2.173511 0.167205 0.974928 -0.146824 100.125999 0.975344 -0.141810 0.169100 4.310999 0.000000 0.000000 0.000000 1.000000
0.033436 -0.187396 -0.981715 1.435867 0.180783 0.967195 -0.178468 99.677872 0.982955 -0.171510 0.066217 5.772901 0.000000 0.000000 0.000000 1.000000
-0.088524 -0.198369 -0.976122 0.458737 0.193679 0.957837 -0.212218 99.110001 0.977063 -0.207841 -0.046372 7.343489 0.000000 0.000000 0.000000 1.000000
-0.216316 -0.195653 -0.956518 -0.810049 0.197068 0.950799 -0.239050 98.442062 0.956228 -0.240209 -0.167116 8.950688 0.000000 0.000000 0.000000 1.000000
-0.335909 -0.179694 -0.924595 -2.362368 0.185877 0.949682 -0.252100 97.707855 0.923371 -0.256544 -0.285605 10.507230 0.000000 0.000000 0.000000 1.000000
-0.445216 -0.169495 -0.879235 -4.185838 0.163823 0.949929 -0.266077 96.986809 0.880310 -0.262500 -0.395156 11.923657 0.000000 0.000000 0.000000 1.000000
-0.551136 -0.165599 -0.817818 -6.181190 0.135932 0.949197 -0.283807 96.245384 0.823269 -0.267584 -0.500626 13.041125 0.000000 0.000000 0.000000 1.000000
-0.650467 -0.168687 -0.740566 -8.398829 0.101435 0.946998 -0.304803 95.520424 0.752731 -0.273384 -0.598880 13.695951 0.000000 0.000000 0.000000 1.000000
-0.733285 -0.172593 -0.657651 -10.524643 0.063450 0.945654 -0.318924 94.879761 0.676955 -0.275590 -0.682482 13.879148 0.000000 0.000000 0.000000 1.000000
-0.789643 -0.174958 -0.588093 -12.312099 0.030273 0.946206 -0.322145 94.400749 0.612820 -0.272183 -0.741869 13.563119 0.000000 0.000000 0.000000 1.000000
-0.821379 -0.172904 -0.543545 -13.743581 0.007576 0.949556 -0.313506 94.007973 0.570333 -0.261625 -0.778635 12.757702 0.000000 0.000000 0.000000 1.000000
-0.819905 -0.162256 -0.549026 -14.467076 -0.001965 0.959789 -0.280716 93.756287 0.572497 -0.229082 -0.787254 11.709010 0.000000 0.000000 0.000000 1.000000
-0.782841 -0.155300 -0.602529 -14.545273 -0.001249 0.968742 -0.248068 93.872421 0.622220 -0.193446 -0.758565 10.314437 0.000000 0.000000 0.000000 1.000000
-0.707668 -0.146923 -0.691100 -14.059876 0.001005 0.977930 -0.208929 94.143646 0.706544 -0.148547 -0.691902 8.636971 0.000000 0.000000 0.000000 1.000000
-0.602835 -0.127218 -0.787658 -13.343160 0.001605 0.987011 -0.160645 94.548981 0.797864 -0.098107 -0.594800 6.677547 0.000000 0.000000 0.000000 1.000000
-0.489315 -0.095221 -0.866893 -12.622682 0.001739 0.993913 -0.110155 95.236610 0.872105 -0.055408 -0.486171 4.489209 0.000000 0.000000 0.000000 1.000000
-0.391380 -0.059147 -0.918326 -12.053350 -0.000161 0.997937 -0.064205 96.186577 0.920229 -0.024980 -0.390582 2.328021 0.000000 0.000000 0.000000 1.000000
-0.311854 -0.029885 -0.949660 -11.572672 -0.009519 0.999553 -0.028329 97.365669 0.950082 0.000205 -0.312000 0.265193 0.000000 0.000000 0.000000 1.000000
-0.219661 0.000721 -0.975576 -11.114742 -0.024083 0.999691 0.006162 99.055969 0.975279 0.024848 -0.219576 -1.581951 0.000000 0.000000 0.000000 1.000000
-0.110099 0.033752 -0.993347 -10.617809 -0.034178 0.998704 0.037723 101.101540 0.993333 0.038104 -0.108803 -3.202533 0.000000 0.000000 0.000000 1.000000
-0.000921 0.074782 -0.997200 -10.146692 -0.047984 0.996048 0.074740 103.317329 0.998848 0.047919 0.002671 -4.621749 0.000000 0.000000 0.000000 1.000000
0.098407 0.111796 -0.988847 -9.644713 -0.058037 0.992623 0.106448 105.476425 0.993452 0.046914 0.104169 -5.769628 0.000000 0.000000 0.000000 1.000000
0.214397 0.132019 -0.967784 -8.985728 -0.066254 0.990507 0.120442 107.418816 0.974497 0.038297 0.221108 -6.829381 0.000000 0.000000 0.000000 1.000000
0.344995 0.140141 -0.928083 -8.203370 -0.081084 0.989544 0.119281 108.937012 0.935096 0.034101 0.352751 -7.842314 0.000000 0.000000 0.000000 1.000000
0.474396 0.132423 -0.870294 -7.275419 -0.092431 0.990649 0.100352 110.170837 0.875445 0.032836 0.482200 -8.806995 0.000000 0.000000 0.000000 1.000000
0.593315 0.114405 -0.796799 -6.438633 -0.096029 0.992840 0.071047 110.636047 0.799222 0.034363 0.600053 -9.753255 0.000000 0.000000 0.000000 1.000000
0.683221 0.079105 -0.725914 -6.029909 -0.099041 0.994967 0.015209 110.258636 0.723464 0.061504 0.687617 -10.628652 0.000000 0.000000 0.000000 1.000000
0.762263 0.046223 -0.645615 -5.980246 -0.098624 0.994094 -0.045272 108.920578 0.639709 0.098182 0.762320 -11.456855 0.000000 0.000000 0.000000 1.000000
0.846975 0.031125 -0.530721 -6.068916 -0.096480 0.990707 -0.095870 106.555595 0.522805 0.132404 0.842107 -12.372373 0.000000 0.000000 0.000000 1.000000
0.930842 0.025878 -0.364504 -5.986987 -0.084849 0.985533 -0.146713 102.380463 0.355434 0.167494 0.919572 -13.519212 0.000000 0.000000 0.000000 1.000000</float_array>
        <technique_common>
          <accessor source="#mixamorig_Hips-Matrix-animation-output-transform-array" count="31" stride="16">
            <param type="float4x4"/>
          </accessor>
        </technique_common>
      </source>
      <source id="mixamorig_Hips-Interpolations">
        <Name_array id="mixamorig_Hips-Interpolations-array" count="31">
 LINEAR LINEAR LINEAR LINEAR LINEAR LINEAR LINEAR LINEAR LINEAR LINEAR LINEAR
LINEAR LINEAR LINEAR LINEAR LINEAR LINEAR LINEAR LINEAR LINEAR LINEAR LINEAR LINEAR
LINEAR LINEAR LINEAR LINEAR LINEAR LINEAR LINEAR LINEAR</Name_array>
        <technique_common>
          <accessor source="#mixamorig_Hips-Interpolations-array" count="31">
            <param type="name"/>
          </accessor>
        </technique_common>
      </source>
      <sampler id="mixamorig_Hips-Matrix-animation-transform">
        <input semantic="INPUT" source="#mixamorig_Hips-Matrix-animation-input"/>
        <input semantic="OUTPUT" source="#mixamorig_Hips-Matrix-animation-output-transform"/>
        <input semantic="INTERPOLATION" source="#mixamorig_Hips-Interpolations"/>
      </sampler>
      <channel source="#mixamorig_Hips-Matrix-animation-transform" target="mixamorig_Hips/matrix"/>
    </animation>
    <animation id="mixamorig_Spine-anim" name="mixamorig_Spine">
      <source id="mixamorig_Spine-Matrix-animation-input">
        <float_array id="mixamorig_Spine-Matrix-animation-input-array" count="31">

0.000000 0.033333 0.066667 0.100000 0.133333 0.166667 0.200000 0.233333 0.266667 0.300000 0.333333 0.366667 0.400000 0.433333 0.466667 0.500000
0.533333 0.566667 0.600000 0.633333 0.666667 0.700000 0.733333 0.766667 0.800000 0.833333 0.866667 0.900000 0.933333 0.966667 1.000000</float_array>
        <technique_common>
          <accessor source="#mixamorig_Spine-Matrix-animation-input-array" count="31">
            <param name="TIME" type="float"/>
          </accessor>
        </technique_common>
      </source>
      <source id="mixamorig_Spine-Matrix-animation-output-transform">
        <float_array id="mixamorig_Spine-Matrix-animation-output-transform-array" count="496">

0.998914 0.006260 0.046173 0.001100 -0.001082 0.993784 -0.111317 10.871700 -0.046583 0.111146 0.992712 -0.828500 0.000000 0.000000 0.000000 1.000000
0.998516 -0.000255 0.054459 0.001100 0.006043 0.994332 -0.106150 10.871700 -0.054123 0.106321 0.992858 -0.828500 0.000000 0.000000 0.000000 1.000000
0.998105 -0.006421 0.061200 0.001100 0.012628 0.994747 -0.101579 10.871700 -0.060226 0.102159 0.992943 -0.828500 0.000000 0.000000 0.000000 1.000000
0.997684 -0.009996 0.067280 0.001100 0.016553 0.995087 -0.097614 10.871700 -0.065974 0.098502 0.992948 -0.828500 0.000000 0.000000 0.000000 1.000000
0.997375 -0.012793 0.071276 0.001100 0.019586 0.995242 -0.095442 10.871700 -0.069716 0.096588 0.992880 -0.828500 0.000000 0.000000 0.000000 1.000000
0.997322 -0.018850 0.070667 0.001100 0.025759 0.994836 -0.098172 10.871700 -0.068451 0.099729 0.992657 -0.828500 0.000000 0.000000 0.000000 1.000000
0.997677 -0.026700 0.062665 0.001100 0.032867 0.994492 -0.099530 10.871700 -0.059662 0.101359 0.993059 -0.828500 0.000000 0.000000 0.000000 1.000000
0.998335 -0.031090 0.048588 0.001100 0.035821 0.994368 -0.099747 10.871700 -0.045213 0.101322 0.993826 -0.828500 0.000000 0.000000 0.000000 1.000000
0.998884 -0.033531 0.033262 0.001100 0.036620 0.994601 -0.097092 10.871700 -0.029827 0.098202 0.994719 -0.828500 0.000000 0.000000 0.000000 1.000000
0.999164 -0.035684 0.019927 0.001100 0.037406 0.994869 -0.094007 10.871700 -0.016470 0.094674 0.995372 -0.828500 0.000000 0.000000 0.000000 1.000000
0.999253 -0.037962 0.007203 0.001100 0.038462 0.995078 -0.091329 10.871700 -0.003700 0.091538 0.995795 -0.828500 0.000000 0.000000 0.000000 1.000000
0.999230 -0.038850 -0.005393 0.001100 0.038224 0.995361 -0.088289 10.871700 0.008798 0.088015 0.996080 -0.828500 0.000000 0.000000 0.000000 1.000000
0.999095 -0.037777 -0.019525 0.001100 0.035957 0.995612 -0.086399 10.871700 0.022704 0.085619 0.996069 -0.828500 0.000000 0.000000 0.000000 1.000000
0.998736 -0.036044 -0.035030 0.001100 0.032980 0.995883 -0.084432 10.871700 0.037929 0.083170 0.995813 -0.828500 0.000000 0.000000 0.000000 1.000000
0.998120 -0.033697 -0.051193 0.001100 0.029418 0.996186 -0.082152 10.871700 0.053766 0.080492 0.995304 -0.828500 0.000000 0.000000 0.000000 1.000000
0.997263 -0.030893 -0.067180 0.001100 0.025525 0.996521 -0.079343 10.871700 0.069397 0.077411 0.994581 -0.828500 0.000000 0.000000 0.000000 1.000000
0.996240 -0.027757 -0.082068 0.001100 0.021537 0.996896 -0.075728 10.871700 0.083916 0.073676 0.993745 -0.828500 0.000000 0.000000 0.000000 1.000000
0.995188 -0.024461 -0.094880 0.001100 0.017713 0.997296 -0.071330 10.871700 0.096368 0.069306 0.992930 -0.828500 0.000000 0.000000 0.000000 1.000000
0.994503 -0.020757 -0.102626 0.001100 0.014002 0.997714 -0.066109 10.871700 0.103764 0.064309 0.992521 -0.828500 0.000000 0.000000 0.000000 1.000000
0.994181 -0.019566 -0.105932 0.001100 0.013113 0.998035 -0.061272 10.871700 0.106923 0.059526 0.992484 -0.828500 0.000000 0.000000 0.000000 1.000000
0.993846 -0.017864 -0.109320 0.001100 0.011877 0.998406 -0.055170 10.871700 0.110131 0.053532 0.992474 -0.828500 0.000000 0.000000 0.000000 1.000000
0.993996 -0.016307 -0.108198 0.001100 0.010823 0.998636 -0.051078 10.871700 0.108883 0.049601 0.992816 -0.828500 0.000000 0.000000 0.000000 1.000000
0.994727 -0.013861 -0.101615 0.001100 0.009182 0.998882 -0.046372 10.871700 0.102145 0.045195 0.993742 -0.828500 0.000000 0.000000 0.000000 1.000000
0.995723 -0.014945 -0.091173 0.001100 0.011155 0.999058 -0.041946 10.871700 0.091714 0.040749 0.994951 -0.828500 0.000000 0.000000 0.000000 1.000000
0.996730 -0.021026 -0.078021 0.001100 0.017746 0.998939 -0.042489 10.871700 0.078832 0.040965 0.996046 -0.828500 0.000000 0.000000 0.000000 1.000000
0.997551 -0.025445 -0.065146 0.001100 0.022518 0.998721 -0.045276 10.871700 0.066214 0.043698 0.996848 -0.828500 0.000000 0.000000 0.000000 1.000000
0.998193 -0.026712 -0.053820 0.001100 0.023949 0.998393 -0.051358 10.871700 0.055105 0.049977 0.997229 -0.828500 0.000000 0.000000 0.000000 1.000000
0.998825 -0.025449 -0.041235 0.001100 0.023384 0.998484 -0.049825 10.871700 0.042440 0.048802 0.997906 -0.828500 0.000000 0.000000 0.000000 1.000000
0.999345 -0.018068 -0.031353 0.001100 0.016630 0.998825 -0.045519 10.871700 0.032139 0.044967 0.998471 -0.828500 0.000000 0.000000 0.000000 1.000000
0.999622 -0.012683 -0.024407 0.001100 0.011492 0.998766 -0.048307 10.871700 0.024990 0.048008 0.998534 -0.828500 0.000000 0.000000 0.000000 1.000000
0.999740 -0.008268 -0.021245 0.001100 0.006918 0.997998 -0.062870 10.871700 0.021723 0.062707 0.997796 -0.828500 0.000000 0.000000 0.000000 1.000000</float_array>
        <technique_common>
          <accessor source="#mixamorig_Spine-Matrix-animation-output-transform-array" count="31" stride="16">
            <param type="float4x4"/>
          </accessor>
        </technique_common>
      </source>
      <source id="mixamorig_Spine-Interpolations">
        <Name_array id="mixamorig_Spine-Interpolations-array" count="31">
 LINEAR LINEAR LINEAR LINEAR LINEAR LINEAR LINEAR LINEAR LINEAR LINEAR LINEAR
LINEAR LINEAR LINEAR LINEAR LINEAR LINEAR LINEAR LINEAR LINEAR LINEAR LINEAR LINEAR
LINEAR LINEAR LINEAR LINEAR LINEAR LINEAR LINEAR LINEAR</Name_array>
        <technique_common>
          <accessor source="#mixamorig_Spine-Interpolations-array" count="31">
            <param type="name"/>
          </accessor>
        </technique_common>
      </source>
      <sampler id="mixamorig_Spine-Matrix-animation-transform">
        <input semantic="INPUT" source="#mixamorig_Spine-Matrix-animation-input"/>
        <input semantic="OUTPUT" source="#mixamorig_Spine-Matrix-animation-output-transform"/>
        <input semantic="INTERPOLATION" source="#mixamorig_Spine-Interpolations"/>
      </sampler>
      <channel source="#mixamorig_Spine-Matrix-animation-transform" target="mixamorig_Spine/matrix"/>
    </animation>
    <animation id="mixamorig_Spine1-anim" name="mixamorig_Spine1">
      <source id="mixamorig_Spine1-Matrix-animation-input">
        <float_array id="mixamorig_Spine1-Matrix-animation-input-array" count="31">

0.000000 0.033333 0.066667 0.100000 0.133333 0.166667 0.200000 0.233333 0.266667 0.300000 0.333333 0.366667 0.400000 0.433333 0.466667 0.500000
0.533333 0.566667 0.600000 0.633333 0.666667 0.700000 0.733333 0.766667 0.800000 0.833333 0.866667 0.900000 0.933333 0.966667 1.000000</float_array>
        <technique_common>
          <accessor source="#mixamorig_Spine1-Matrix-animation-input-array" count="31">
            <param name="TIME" type="float"/>
          </accessor>
        </technique_common>
      </source>
      <source id="mixamorig_Spine1-Matrix-animation-output-transform">
        <float_array id="mixamorig_Spine1-Matrix-animation-output-transform-array" count="496">

0.995763 0.018685 0.090034 -0.000000 -0.006686 0.991258 -0.131768 12.720400 -0.091709 0.130608 0.987183 0.000000 0.000000 0.000000 0.000000 1.000000
0.994297 0.006257 0.106459 0.000000 0.006731 0.992604 -0.121207 12.720400 -0.106431 0.121233 0.986902 0.000000 0.000000 0.000000 0.000000 1.000000
0.992783 -0.005949 0.119778 -0.000000 0.019434 0.993548 -0.111732 12.720400 -0.118341 0.113253 0.986493 0.000000 0.000000 0.000000 0.000000 1.000000
0.991201 -0.013334 0.131693 0.000000 0.027131 0.994256 -0.103531 12.720400 -0.129556 0.106193 0.985869 0.000000 0.000000 0.000000 0.000000 1.000000
0.990006 -0.019536 0.139663 0.000000 0.033577 0.994531 -0.098900 12.720400 -0.136967 0.102601 0.985248 0.000000 0.000000 0.000000 0.000000 1.000000
0.989759 -0.032473 0.139004 0.000000 0.047174 0.993478 -0.103808 12.720400 -0.134727 0.109302 0.984836 0.000000 0.000000 0.000000 0.000000 1.000000
0.991040 -0.049816 0.123928 0.000000 0.063144 0.992353 -0.106055 12.720400 -0.117697 0.112930 0.986607 0.000000 0.000000 0.000000 0.000000 1.000000
0.993458 -0.060866 0.096626 0.000000 0.071128 0.991756 -0.106585 12.720400 -0.089342 0.112761 0.989597 0.000000 0.000000 0.000000 0.000000 1.000000
0.995441 -0.068159 0.066720 0.000000 0.074738 0.992007 -0.101668 12.720400 -0.059257 0.106191 0.992578 0.000000 0.000000 0.000000 0.000000 1.000000
0.996390 -0.074468 0.040756 0.000000 0.078088 0.992320 -0.095938 12.720400 -0.033298 0.098774 0.994553 0.000000 0.000000 0.000000 0.000000 1.000000
0.996608 -0.080697 0.016110 0.000000 0.081835 0.992476 -0.091075 12.720400 -0.008640 0.092084 0.995714 -0.000000 0.000000 0.000000 0.000000 1.000000
0.996467 -0.083527 -0.008727 0.000000 0.082480 0.992912 -0.085572 12.720400 0.015813 0.084550 0.996294 0.000000 0.000000 0.000000 0.000000 1.000000
0.995934 -0.081897 -0.037526 0.000000 0.078590 0.993492 -0.082444 12.720400 0.044034 0.079160 0.995889 0.000000 0.000000 0.000000 0.000000 1.000000
0.994485 -0.078450 -0.069611 -0.000000 0.072887 0.994194 -0.079151 12.720400 0.075416 0.073641 0.994429 0.000000 0.000000 0.000000 0.000000 1.000000
0.991953 -0.073747 -0.102911 0.000000 0.066176 0.994974 -0.075147 12.720400 0.107936 0.067732 0.991848 0.000000 0.000000 0.000000 0.000000 1.000000
0.988455 -0.067851 -0.135476 0.000000 0.058772 0.995819 -0.069934 12.720400 0.139654 0.061164 0.988309 0.000000 0.000000 0.000000 0.000000 1.000000
0.984357 -0.060784 -0.165368 -0.000000 0.050980 0.996717 -0.062903 12.720400 0.168648 0.053489 0.984224 -0.000000 0.000000 0.000000 0.000000 1.000000
0.980232 -0.052930 -0.190638 0.000000 0.043348 0.997595 -0.054089 12.720400 0.193042 0.044756 0.980169 -0.000000 0.000000 0.000000 0.000000 1.000000
0.977587 -0.044157 -0.205850 0.000000 0.035960 0.998411 -0.043395 12.720400 0.207439 0.035020 0.977621 -0.000000 0.000000 0.000000 0.000000 1.000000
0.976391 -0.040729 -0.212135 -0.000000 0.034354 0.998843 -0.033651 12.720400 0.213260 0.025569 0.976661 0.000000 0.000000 0.000000 0.000000 1.000000
0.975137 -0.036531 -0.218573 -0.000000 0.032635 0.999238 -0.021408 12.720400 0.219188 0.013743 0.975586 0.000000 0.000000 0.000000 0.000000 1.000000
0.975796 -0.033266 -0.216136 0.000000 0.031163 0.999428 -0.013132 12.720400 0.216449 0.006079 0.976275 0.000000 0.000000 0.000000 0.000000 1.000000
0.978754 -0.028386 -0.203063 0.000000 0.028277 0.999594 -0.003438 12.720400 0.203078 -0.002377 0.979160 0.000000 0.000000 0.000000 0.000000 1.000000
0.982740 -0.030853 -0.182399 -0.000000 0.032384 0.999461 0.005423 12.720400 0.182133 -0.011236 0.983210 -0.000000 0.000000 0.000000 0.000000 1.000000
0.986742 -0.044067 -0.156203 -0.000000 0.045260 0.998967 0.004088 12.720400 0.155861 -0.011103 0.987717 0.000000 0.000000 0.000000 0.000000 1.000000
0.990015 -0.053909 -0.130245 0.000000 0.054186 0.998530 -0.001416 12.720400 0.130129 -0.005656 0.991481 0.000000 0.000000 0.000000 0.000000 1.000000
0.992625 -0.056893 -0.107047 0.000000 0.055795 0.998355 -0.013225 12.720400 0.107623 0.007155 0.994166 -0.000000 0.000000 0.000000 0.000000 1.000000
0.995241 -0.053411 -0.081505 0.000000 0.052803 0.998559 -0.009601 12.720400 0.081900 0.005251 0.996627 0.000000 0.000000 0.000000 0.000000 1.000000
0.997400 -0.037570 -0.061493 0.000000 0.037617 0.999292 -0.000393 12.720400 0.061465 -0.001921 0.998107 0.000000 0.000000 0.000000 0.000000 1.000000
0.998548 -0.025915 -0.047222 0.000000 0.025677 0.999654 -0.005648 12.720400 0.047352 0.004427 0.998868 0.000000 0.000000 0.000000 0.000000 1.000000
0.999054 -0.015962 -0.040449 0.000000 0.014564 0.999294 -0.034621 12.720400 0.040973 0.033999 0.998582 0.000000 0.000000 0.000000 0.000000 1.000000</float_array>
        <technique_common>
          <accessor source="#mixamorig_Spine1-Matrix-animation-output-transform-array" count="31" stride="16">
            <param type="float4x4"/>
          </accessor>
        </technique_common>
      </source>
      <source id="mixamorig_Spine1-Interpolations">
        <Name_array id="mixamorig_Spine1-Interpolations-array" count="31">
 LINEAR LINEAR LINEAR LINEAR LINEAR LINEAR LINEAR LINEAR LINEAR LINEAR LINEAR
LINEAR LINEAR LINEAR LINEAR LINEAR LINEAR LINEAR LINEAR LINEAR LINEAR LINEAR LINEAR
LINEAR LINEAR LINEAR LINEAR LINEAR LINEAR LINEAR LINEAR</Name_array>
        <technique_common>
          <accessor source="#mixamorig_Spine1-Interpolations-array" count="31">
            <param type="name"/>
          </accessor>
        </technique_common>
      </source>
      <sampler id="mixamorig_Spine1-Matrix-animation-transform">
        <input semantic="INPUT" source="#mixamorig_Spine1-Matrix-animation-input"/>
        <input semantic="OUTPUT" source="#mixamorig_Spine1-Matrix-animation-output-transform"/>
        <input semantic="INTERPOLATION" source="#mixamorig_Spine1-Interpolations"/>
      </sampler>
      <channel source="#mixamorig_Spine1-Matrix-animation-transform" target="mixamorig_Spine1/matrix"/>
    </animation>
    <animation id="mixamorig_Spine2-anim" name="mixamorig_Spine2">
      <source id="mixamorig_Spine2-Matrix-animation-input">
        <float_array id="mixamorig_Spine2-Matrix-animation-input-array" count="31">

0.000000 0.033333 0.066667 0.100000 0.133333 0.166667 0.200000 0.233333 0.266667 0.300000 0.333333 0.366667 0.400000 0.433333 0.466667 0.500000
0.533333 0.566667 0.600000 0.633333 0.666667 0.700000 0.733333 0.766667 0.800000 0.833333 0.866667 0.900000 0.933333 0.966667 1.000000</float_array>
        <technique_common>
          <accessor source="#mixamorig_Spine2-Matrix-animation-input-array" count="31">
            <param name="TIME" type="float"/>
          </accessor>
        </technique_common>
      </source>
      <source id="mixamorig_Spine2-Matrix-animation-output-transform">
        <float_array id="mixamorig_Spine2-Matrix-animation-output-transform-array" count="496">

0.995766 0.025292 0.088378 0.000000 -0.006468 0.978301 -0.207089 14.537600 -0.091698 0.205641 0.974322 -0.000000 0.000000 0.000000 0.000000 1.000000
0.994297 0.014148 0.105700 -0.000000 0.006956 0.980447 -0.196661 14.537600 -0.106415 0.196274 0.974757 -0.000000 0.000000 0.000000 0.000000 1.000000
0.992781 0.002989 0.119908 -0.000000 0.019663 0.982109 -0.187284 14.537600 -0.118322 0.188289 0.974960 0.000000 0.000000 0.000000 0.000000 1.000000
0.991197 -0.003470 0.132349 0.000000 0.027365 0.983439 -0.179161 14.537600 -0.129536 0.181206 0.974877 0.000000 0.000000 0.000000 0.000000 1.000000
0.990001 -0.009046 0.140768 0.000000 0.033813 0.984065 -0.174563 14.537600 -0.136946 0.177577 0.974532 0.000000 0.000000 0.000000 0.000000 1.000000
0.989752 -0.021996 0.141093 -0.000000 0.047409 0.982638 -0.179376 14.537600 -0.134698 0.184227 0.973610 0.000000 0.000000 0.000000 0.000000 1.000000
0.991030 -0.040436 0.127377 0.000000 0.063373 0.981341 -0.181531 14.537600 -0.117660 0.187975 0.975101 0.000000 0.000000 0.000000 0.000000 1.000000
0.993446 -0.053528 0.100994 -0.000000 0.071346 0.980704 -0.182016 14.537600 -0.089302 0.188029 0.978095 0.000000 0.000000 0.000000 0.000000 1.000000
0.995428 -0.063073 0.071730 0.000000 0.074944 0.981329 -0.177134 14.537600 -0.059218 0.181700 0.981569 -0.000000 0.000000 0.000000 0.000000 1.000000
0.996376 -0.071336 0.046320 0.000000 0.078283 0.982078 -0.171446 14.537600 -0.033260 0.174451 0.984104 0.000000 0.000000 0.000000 0.000000 1.000000
0.996594 -0.079421 0.022219 0.000000 0.082021 0.982606 -0.166609 14.537600 -0.008601 0.167864 0.985773 0.000000 0.000000 0.000000 0.000000 1.000000
0.996452 -0.084130 -0.002332 -0.000000 0.082656 0.983462 -0.161155 14.537600 0.015851 0.160391 0.986926 0.000000 0.000000 0.000000 0.000000 1.000000
0.995919 -0.084693 -0.031171 0.000000 0.078755 0.984280 -0.158081 14.537600 0.044069 0.154982 0.986934 0.000000 0.000000 0.000000 0.000000 1.000000
0.994471 -0.083693 -0.063424 0.000000 0.073039 0.985234 -0.154852 14.537600 0.075448 0.149363 0.985900 -0.000000 0.000000 0.000000 0.000000 1.000000
0.991940 -0.081534 -0.096986 -0.000000 0.066316 0.986319 -0.150918 14.537600 0.107965 0.143270 0.983777 0.000000 0.000000 0.000000 0.000000 1.000000
0.988444 -0.078129 -0.129904 0.000000 0.058900 0.987562 -0.145783 14.537600 0.139678 0.136447 0.980751 0.000000 0.000000 0.000000 0.000000 1.000000
0.984348 -0.073353 -0.160247 -0.000000 0.051096 0.988996 -0.138840 14.537600 0.168668 0.128479 0.977264 0.000000 0.000000 0.000000 0.000000 1.000000
0.980225 -0.067441 -0.186041 -0.000000 0.043455 0.990546 -0.130117 14.537600 0.193058 0.119459 0.973888 -0.000000 0.000000 0.000000 0.000000 1.000000
0.977581 -0.059849 -0.201876 -0.000000 0.036062 0.992177 -0.119515 14.537600 0.207450 0.109556 0.972092 0.000000 0.000000 0.000000 0.000000 1.000000
0.976386 -0.056908 -0.208405 -0.000000 0.034453 0.993353 -0.109832 14.537600 0.213270 0.100059 0.971856 -0.000000 0.000000 0.000000 0.000000 1.000000
0.975132 -0.053211 -0.215142 -0.000000 0.032732 0.994682 -0.097655 14.537600 0.219194 0.088185 0.971688 -0.000000 0.000000 0.000000 0.000000 1.000000
0.975792 -0.049770 -0.212961 0.000000 0.031261 0.995503 -0.089418 14.537600 0.216454 0.080596 0.972960 -0.000000 0.000000 0.000000 0.000000 1.000000
0.978751 -0.043912 -0.200296 0.000000 0.028380 0.996410 -0.079766 14.537600 0.203080 0.072386 0.976483 0.000000 0.000000 0.000000 0.000000 1.000000
0.982737 -0.044802 -0.179503 0.000000 0.032495 0.996952 -0.070922 14.537600 0.182134 0.063864 0.981198 0.000000 0.000000 0.000000 0.000000 1.000000
0.986735 -0.055988 -0.152379 0.000000 0.045381 0.996356 -0.072217 14.537600 0.155867 0.064344 0.985680 0.000000 0.000000 0.000000 0.000000 1.000000
0.990007 -0.063829 -0.125749 0.000000 0.054318 0.995498 -0.077672 14.537600 0.130140 0.070066 0.989017 -0.000000 0.000000 0.000000 0.000000 1.000000
0.992615 -0.065042 -0.102391 0.000000 0.055935 0.994421 -0.089435 14.537600 0.107637 0.083047 0.990716 -0.000000 0.000000 0.000000 0.000000 1.000000
0.995232 -0.059631 -0.077188 -0.000000 0.052954 0.994901 -0.085837 14.537600 0.081913 0.081341 0.993315 0.000000 0.000000 0.000000 0.000000 1.000000
0.997394 -0.042315 -0.058438 -0.000000 0.037775 0.996337 -0.076713 14.537600 0.061470 0.074305 0.995339 0.000000 0.000000 0.000000 0.000000 1.000000
0.998544 -0.029610 -0.045093 0.000000 0.025841 0.996299 -0.081981 14.537600 0.047354 0.080696 0.995613 0.000000 0.000000 0.000000 0.000000 1.000000
0.999052 -0.019170 -0.039096 0.000000 0.014731 0.993729 -0.110842 14.537600 0.040975 0.110160 0.993069 0.000000 0.000000 0.000000 0.000000 1.000000</float_array>
        <technique_common>
          <accessor source="#mixamorig_Spine2-Matrix-animation-output-transform-array" count="31" stride="16">
            <param type="float4x4"/>
          </accessor>
        </technique_common>
      </source>
      <source id="mixamorig_Spine2-Interpolations">
        <Name_array id="mixamorig_Spine2-Interpolations-array" count="31">
 LINEAR LINEAR LINEAR LINEAR LINEAR LINEAR LINEAR LINEAR LINEAR LINEAR LINEAR
LINEAR LINEAR LINEAR LINEAR LINEAR LINEAR LINEAR LINEAR LINEAR LINEAR LINEAR LINEAR
LINEAR LINEAR LINEAR LINEAR LINEAR LINEAR LINEAR LINEAR</Name_array>
        <technique_common>
          <accessor source="#mixamorig_Spine2-Interpolations-array" count="31">
            <param type="name"/>
          </accessor>
        </technique_common>
      </source>
      <sampler id="mixamorig_Spine2-Matrix-animation-transform">
        <input semantic="INPUT" source="#mixamorig_Spine2-Matrix-animation-input"/>
        <input semantic="OUTPUT" source="#mixamorig_Spine2-Matrix-animation-output-transform"/>
        <input semantic="INTERPOLATION" source="#mixamorig_Spine2-Interpolations"/>
      </sampler>
      <channel source="#mixamorig_Spine2-Matrix-animation-transform" target="mixamorig_Spine2/matrix"/>
    </animation>
    <animation id="mixamorig_Neck-anim" name="mixamorig_Neck">
      <source id="mixamorig_Neck-Matrix-animation-input">
        <float_array id="mixamorig_Neck-Matrix-animation-input-array" count="31">

0.000000 0.033333 0.066667 0.100000 0.133333 0.166667 0.200000 0.233333 0.266667 0.300000 0.333333 0.366667 0.400000 0.433333 0.466667 0.500000
0.533333 0.566667 0.600000 0.633333 0.666667 0.700000 0.733333 0.766667 0.800000 0.833333 0.866667 0.900000 0.933333 0.966667 1.000000</float_array>
        <technique_common>
          <accessor source="#mixamorig_Neck-Matrix-animation-input-array" count="31">
            <param name="TIME" type="float"/>
          </accessor>
        </technique_common>
      </source>
      <source id="mixamorig_Neck-Matrix-animation-output-transform">
        <float_array id="mixamorig_Neck-Matrix-animation-output-transform-array" count="496">

0.912595 -0.259396 0.316045 0.002900 0.102541 0.893480 0.437239 16.307600 -0.395798 -0.366615 0.841984 -1.242700 0.000000 0.000000 0.000000 1.000000
0.919905 -0.296578 0.256547 0.002900 0.149937 0.870524 0.468729 16.307600 -0.362345 -0.392720 0.845267 -1.242700 0.000000 0.000000 0.000000 1.000000
0.931908 -0.294696 0.211427 0.002900 0.165703 0.864477 0.474576 16.307600 -0.322629 -0.407227 0.854445 -1.242700 0.000000 0.000000 0.000000 1.000000
0.946300 -0.276208 0.168007 0.002900 0.173535 0.872439 0.456876 16.307600 -0.272769 -0.403187 0.873520 -1.242700 0.000000 0.000000 0.000000 1.000000
0.959687 -0.252869 0.122715 0.002900 0.180714 0.889507 0.419667 16.307600 -0.215276 -0.380573 0.899345 -1.242700 0.000000 0.000000 0.000000 1.000000
0.967577 -0.240258 0.077917 0.002900 0.191875 0.899803 0.391840 16.307600 -0.164253 -0.364185 0.916728 -1.242700 0.000000 0.000000 0.000000 1.000000
0.972499 -0.228142 0.046879 0.002900 0.198211 0.916381 0.347791 16.307600 -0.122305 -0.328935 0.936399 -1.242700 0.000000 0.000000 0.000000 1.000000
0.972012 -0.233906 0.021933 0.002900 0.215375 0.924496 0.314517 16.307600 -0.093844 -0.300990 0.948998 -1.242700 0.000000 0.000000 0.000000 1.000000
0.968852 -0.247616 0.003413 0.002900 0.235652 0.926102 0.294623 16.307600 -0.076114 -0.284642 0.955607 -1.242700 0.000000 0.000000 0.000000 1.000000
0.968001 -0.250796 -0.008722 0.002900 0.242586 0.926285 0.288354 16.307600 -0.064239 -0.281243 0.957484 -1.242700 0.000000 0.000000 0.000000 1.000000
0.969986 -0.242216 -0.021415 0.002900 0.236664 0.920182 0.311857 16.307600 -0.055831 -0.307565 0.949888 -1.242700 0.000000 0.000000 0.000000 1.000000
0.967297 -0.251253 -0.034768 0.002900 0.248043 0.908338 0.336746 16.307600 -0.053027 -0.334357 0.940953 -1.242700 0.000000 0.000000 0.000000 1.000000
0.963272 -0.263721 -0.050573 0.002900 0.264419 0.898747 0.349767 16.307600 -0.046788 -0.350293 0.935471 -1.242700 0.000000 0.000000 0.000000 1.000000
0.948985 -0.306968 -0.072101 0.002900 0.312609 0.885960 0.342566 16.307600 -0.041278 -0.347629 0.936723 -1.242700 0.000000 0.000000 0.000000 1.000000
0.937396 -0.338061 -0.083682 0.002900 0.345423 0.871873 0.347161 16.307600 -0.044401 -0.354333 0.934065 -1.242700 0.000000 0.000000 0.000000 1.000000
0.930448 -0.357885 -0.078637 0.002900 0.361591 0.862051 0.355133 16.307600 -0.059308 -0.358867 0.931503 -1.242700 0.000000 0.000000 0.000000 1.000000
0.917809 -0.391063 -0.068524 0.002900 0.390337 0.857276 0.335730 16.307600 -0.072548 -0.334884 0.939462 -1.242700 0.000000 0.000000 0.000000 1.000000
0.895449 -0.442603 -0.047681 0.002900 0.435319 0.848207 0.301731 16.307600 -0.093104 -0.290942 0.952200 -1.242700 0.000000 0.000000 0.000000 1.000000
0.885171 -0.465073 -0.013410 0.002900 0.446710 0.841457 0.303974 16.307600 -0.130086 -0.275059 0.952586 -1.242700 0.000000 0.000000 0.000000 1.000000
0.887100 -0.460198 0.035660 0.002900 0.431054 0.853589 0.292540 16.307600 -0.165065 -0.244140 0.955588 -1.242700 0.000000 0.000000 0.000000 1.000000
0.890249 -0.447580 0.084437 0.002900 0.419013 0.877463 0.233422 16.307600 -0.178565 -0.172424 0.968703 -1.242700 0.000000 0.000000 0.000000 1.000000
0.905445 -0.403620 0.131381 0.002900 0.391553 0.913725 0.108599 16.307600 -0.163879 -0.046888 0.985366 -1.242700 0.000000 0.000000 0.000000 1.000000
0.931677 -0.327190 0.157876 0.002900 0.340728 0.937750 -0.067301 16.307600 -0.126028 0.116496 0.985163 -1.242700 0.000000 0.000000 0.000000 1.000000
0.968798 -0.194239 0.153955 0.002900 0.224142 0.951724 -0.209718 16.307600 -0.105788 0.237682 0.965565 -1.242700 0.000000 0.000000 0.000000 1.000000
0.990331 -0.036726 0.133772 0.002900 0.074665 0.953839 -0.290887 16.307600 -0.116914 0.298063 0.947359 -1.242700 0.000000 0.000000 0.000000 1.000000
0.992738 0.061778 0.103224 0.002900 -0.021803 0.936254 -0.350647 16.307600 -0.118306 0.345850 0.930801 -1.242700 0.000000 0.000000 0.000000 1.000000
0.978954 0.186057 0.083856 0.002900 -0.136467 0.902320 -0.408896 16.307600 -0.151743 0.388847 0.908720 -1.242700 0.000000 0.000000 0.000000 1.000000
0.963507 0.258093 0.071003 0.002900 -0.204097 0.879949 -0.428993 16.307600 -0.173199 0.398847 0.900513 -1.242700 0.000000 0.000000 0.000000 1.000000
0.965803 0.252611 0.058422 0.002900 -0.198967 0.866559 -0.457698 16.307600 -0.166245 0.430422 0.887186 -1.242700 0.000000 0.000000 0.000000 1.000000
0.964741 0.258720 0.048363 0.002900 -0.202041 0.845717 -0.493905 16.307600 -0.168685 0.466719 0.868170 -1.242700 0.000000 0.000000 0.000000 1.000000
0.973708 0.222556 0.048606 0.002900 -0.171693 0.857211 -0.485500 16.307600 -0.149716 0.464390 0.872885 -1.242700 0.000000 0.000000 0.000000 1.000000</float_array>
        <technique_common>
          <accessor source="#mixamorig_Neck-Matrix-animation-output-transform-array" count="31" stride="16">
            <param type="float4x4"/>
          </accessor>
        </technique_common>
      </source>
      <source id="mixamorig_Neck-Interpolations">
        <Name_array id="mixamorig_Neck-Interpolations-array" count="31">
 LINEAR LINEAR LINEAR LINEAR LINEAR LINEAR LINEAR LINEAR LINEAR LINEAR LINEAR
LINEAR LINEAR LINEAR LINEAR LINEAR LINEAR LINEAR LINEAR LINEAR LINEAR LINEAR LINEAR
LINEAR LINEAR LINEAR LINEAR LINEAR LINEAR LINEAR LINEAR</Name_array>
        <technique_common>
          <accessor source="#mixamorig_Neck-Interpolations-array" count="31">
            <param type="name"/>
          </accessor>
        </technique_common>
      </source>
      <sampler id="mixamorig_Neck-Matrix-animation-transform">
        <input semantic="INPUT" source="#mixamorig_Neck-Matrix-animation-input"/>
        <input semantic="OUTPUT" source="#mixamorig_Neck-Matrix-animation-output-transform"/>
        <input semantic="INTERPOLATION" source="#mixamorig_Neck-Interpolations"/>
      </sampler>
      <channel source="#mixamorig_Neck-Matrix-animation-transform" target="mixamorig_Neck/matrix"/>
    </animation>
    <animation id="mixamorig_Head-anim" name="mixamorig_Head">
      <source id="mixamorig_Head-Matrix-animation-input">
        <float_array id="mixamorig_Head-Matrix-animation-input-array" count="31">

0.000000 0.033333 0.066667 0.100000 0.133333 0.166667 0.200000 0.233333 0.266667 0.300000 0.333333 0.366667 0.400000 0.433333 0.466667 0.500000
0.533333 0.566667 0.600000 0.633333 0.666667 0.700000 0.733333 0.766667 0.800000 0.833333 0.866667 0.900000 0.933333 0.966667 1.000000</float_array>
        <technique_common>
          <accessor source="#mixamorig_Head-Matrix-animation-input-array" count="31">
            <param name="TIME" type="float"/>
          </accessor>
        </technique_common>
      </source>
      <source id="mixamorig_Head-Matrix-animation-output-transform">
        <float_array id="mixamorig_Head-Matrix-animation-output-transform-array" count="496">

0.908623 0.197224 0.368113 0.000000 -0.160488 0.978676 -0.128207 11.176700 -0.385549 0.057414 0.920899 5.134500 0.000000 0.000000 0.000000 1.000000
0.906068 0.247329 0.343320 0.000000 -0.201556 0.965692 -0.163753 11.176700 -0.372042 0.079173 0.924833 5.134500 0.000000 0.000000 0.000000 1.000000
0.910446 0.265083 0.317519 0.000000 -0.227120 0.961954 -0.151856 11.176700 -0.345693 0.066142 0.936014 5.134500 0.000000 0.000000 0.000000 1.000000
0.916515 0.278650 0.286974 0.000000 -0.253981 0.959652 -0.120672 11.176700 -0.309020 0.037711 0.950308 5.134500 0.000000 0.000000 0.000000 1.000000
0.921837 0.292836 0.253896 0.000000 -0.282703 0.956162 -0.076381 11.176700 -0.265133 -0.001366 0.964211 5.134500 0.000000 0.000000 0.000000 1.000000
0.919350 0.322604 0.225215 0.000000 -0.320245 0.946119 -0.047976 11.176700 -0.228558 -0.028017 0.973127 5.134500 0.000000 0.000000 0.000000 1.000000
0.916933 0.339694 0.209384 0.000000 -0.347416 0.937711 0.000110 11.176700 -0.196304 -0.072845 0.977833 5.134500 0.000000 0.000000 0.000000 1.000000
0.908042 0.366675 0.202508 0.000000 -0.378240 0.925486 0.020273 11.176700 -0.179985 -0.095006 0.979071 5.134500 0.000000 0.000000 0.000000 1.000000
0.892589 0.402036 0.204090 0.000000 -0.415696 0.909096 0.027224 11.176700 -0.174592 -0.109140 0.978574 5.134500 0.000000 0.000000 0.000000 1.000000
0.880797 0.427390 0.203798 0.000000 -0.442225 0.896351 0.031495 11.176700 -0.169214 -0.117865 0.978506 5.134500 0.000000 0.000000 0.000000 1.000000
0.876626 0.440865 0.192780 0.000000 -0.452663 0.891464 0.019716 11.176700 -0.163164 -0.104548 0.981044 5.134500 0.000000 0.000000 0.000000 1.000000
0.861700 0.467923 0.196267 0.000000 -0.480379 0.876865 0.018533 11.176700 -0.163427 -0.110253 0.980375 5.134500 0.000000 0.000000 0.000000 1.000000
0.856480 0.477703 0.195557 0.000000 -0.492545 0.869669 0.032783 11.176700 -0.154409 -0.124398 0.980144 5.134500 0.000000 0.000000 0.000000 1.000000
0.850665 0.485483 0.201679 0.000000 -0.504955 0.861291 0.056550 11.176700 -0.146250 -0.149944 0.977818 5.134500 0.000000 0.000000 0.000000 1.000000
0.858865 0.471143 0.200937 0.000000 -0.491396 0.868601 0.063740 11.176700 -0.144503 -0.153484 0.977528 5.134500 0.000000 0.000000 0.000000 1.000000
0.875440 0.439590 0.200909 0.000000 -0.456305 0.888749 0.043712 11.176700 -0.159342 -0.129942 0.978634 5.134500 0.000000 0.000000 0.000000 1.000000
0.888122 0.406044 0.215332 0.000000 -0.416006 0.909361 0.001040 11.176700 -0.195392 -0.090503 0.976540 5.134500 0.000000 0.000000 0.000000 1.000000
0.885090 0.390914 0.252590 -0.000000 -0.384774 0.919924 -0.075423 11.176700 -0.261847 -0.030433 0.964629 5.134500 0.000000 0.000000 0.000000 1.000000
0.877148 0.379375 0.294425 0.000000 -0.335379 0.922758 -0.189840 11.176700 -0.343703 0.067773 0.936630 5.134500 0.000000 0.000000 0.000000 1.000000
0.862729 0.377504 0.336437 -0.000000 -0.289377 0.914196 -0.283736 11.176700 -0.414681 0.147430 0.897944 5.134500 0.000000 0.000000 0.000000 1.000000
0.849923 0.386522 0.358094 0.000000 -0.260252 0.898880 -0.352539 11.176700 -0.458147 0.206436 0.864572 5.134500 0.000000 0.000000 0.000000 1.000000
0.851313 0.388885 0.352186 0.000000 -0.255119 0.893396 -0.369809 11.176700 -0.458454 0.224974 0.859771 5.134500 0.000000 0.000000 0.000000 1.000000
0.868155 0.376806 0.322993 -0.000000 -0.274172 0.906619 -0.320737 11.176700 -0.413687 0.189894 0.890395 5.134500 0.000000 0.000000 0.000000 1.000000
0.909532 0.308287 0.278765 0.000000 -0.254052 0.943181 -0.214164 11.176700 -0.328950 0.123968 0.936175 5.134500 0.000000 0.000000 0.000000 1.000000
0.957551 0.186147 0.220104 0.000000 -0.169091 0.981097 -0.094116 11.176700 -0.233462 0.052903 0.970926 5.134500 0.000000 0.000000 0.000000 1.000000
0.981063 0.113608 0.156869 -0.000000 -0.113685 0.993480 -0.008507 11.176700 -0.156812 -0.009487 0.987583 5.134500 0.000000 0.000000 0.000000 1.000000
0.995155 0.006442 0.098105 0.000000 -0.016065 0.995094 0.097618 11.176700 -0.096995 -0.098721 0.990377 5.134500 0.000000 0.000000 0.000000 1.000000
0.997214 -0.034851 0.065949 -0.000000 0.025193 0.989548 0.141986 11.176700 -0.070208 -0.139929 0.987669 5.134500 0.000000 0.000000 0.000000 1.000000
0.997275 0.014949 0.072237 0.000000 -0.025225 0.989326 0.143520 11.176700 -0.069321 -0.144951 0.987007 5.134500 0.000000 0.000000 0.000000 1.000000
0.997084 0.026105 0.071705 -0.000000 -0.036249 0.988910 0.144026 11.176700 -0.067150 -0.146206 0.986973 5.134500 0.000000 0.000000 0.000000 1.000000
0.996325 0.039981 0.075749 0.000000 -0.048877 0.991631 0.119491 11.176700 -0.070338 -0.122754 0.989941 5.134500 0.000000 0.000000 0.000000 1.000000</float_array>
        <technique_common>
          <accessor source="#mixamorig_Head-Matrix-animation-output-transform-array" count="31" stride="16">
            <param type="float4x4"/>
          </accessor>
        </technique_common>
      </source>
      <source id="mixamorig_Head-Interpolations">
        <Name_array id="mixamorig_Head-Interpolations-array" count="31">
 LINEAR LINEAR LINEAR LINEAR LINEAR LINEAR LINEAR LINEAR LINEAR LINEAR LINEAR
LINEAR LINEAR LINEAR LINEAR LINEAR LINEAR LINEAR LINEAR LINEAR LINEAR LINEAR LINEAR
LINEAR LINEAR LINEAR LINEAR LINEAR LINEAR LINEAR LINEAR</Name_array>
        <technique_common>
          <accessor source="#mixamorig_Head-Interpolations-array" count="31">
            <param type="name"/>
          </accessor>
        </technique_common>
      </source>
      <sampler id="mixamorig_Head-Matrix-animation-transform">
        <input semantic="INPUT" source="#mixamorig_Head-Matrix-animation-input"/>
        <input semantic="OUTPUT" source="#mixamorig_Head-Matrix-animation-output-transform"/>
        <input semantic="INTERPOLATION" source="#mixamorig_Head-Interpolations"/>
      </sampler>
      <channel source="#mixamorig_Head-Matrix-animation-transform" target="mixamorig_Head/matrix"/>
    </animation>
    <animation id="mixamorig_LeftShoulder-anim" name="mixamorig_LeftShoulder">
      <source id="mixamorig_LeftShoulder-Matrix-animation-input">
        <float_array id="mixamorig_LeftShoulder-Matrix-animation-input-array" count="31">

0.000000 0.033333 0.066667 0.100000 0.133333 0.166667 0.200000 0.233333 0.266667 0.300000 0.333333 0.366667 0.400000 0.433333 0.466667 0.500000
0.533333 0.566667 0.600000 0.633333 0.666667 0.700000 0.733333 0.766667 0.800000 0.833333 0.866667 0.900000 0.933333 0.966667 1.000000</float_array>
        <technique_common>
          <accessor source="#mixamorig_LeftShoulder-Matrix-animation-input-array" count="31">
            <param name="TIME" type="float"/>
          </accessor>
        </technique_common>
      </source>
      <source id="mixamorig_LeftShoulder-Matrix-animation-output-transform">
        <float_array id="mixamorig_LeftShoulder-Matrix-animation-output-transform-array" count="496">

0.114798 0.977313 -0.177992 5.906100 -0.091077 -0.168067 -0.981559 14.347000 -0.989205 0.128892 0.069717 -1.216000 0.000000 0.000000 0.000000 1.000000
0.105111 0.986269 -0.127377 5.906100 -0.085451 -0.118656 -0.989252 14.347000 -0.990782 0.114865 0.071806 -1.216000 0.000000 0.000000 0.000000 1.000000
0.087942 0.990778 -0.103082 5.906100 -0.083626 -0.095774 -0.991884 14.347000 -0.992609 0.095849 0.074432 -1.216000 0.000000 0.000000 0.000000 1.000000
0.104623 0.990486 -0.089391 5.906100 -0.081127 -0.081085 -0.993400 14.347000 -0.991197 0.111185 0.071871 -1.216000 0.000000 0.000000 0.000000 1.000000
0.143051 0.986984 -0.073481 5.906100 -0.076151 -0.063048 -0.995101 14.347000 -0.986781 0.147946 0.066141 -1.216000 0.000000 0.000000 0.000000 1.000000
0.194020 0.979162 -0.059977 5.906100 -0.067577 -0.047653 -0.996575 14.347000 -0.978667 0.197408 0.056923 -1.216000 0.000000 0.000000 0.000000 1.000000
0.269786 0.961385 -0.054362 5.906100 -0.053698 -0.041347 -0.997701 14.347000 -0.961422 0.272084 0.040470 -1.216000 0.000000 0.000000 0.000000 1.000000
0.346737 0.936345 -0.055057 5.906100 -0.041100 -0.043474 -0.998209 14.347000 -0.937061 0.348379 0.023410 -1.216000 0.000000 0.000000 0.000000 1.000000
0.405684 0.911855 -0.062778 5.906100 -0.032533 -0.054235 -0.997998 14.347000 -0.913434 0.406915 0.007663 -1.216000 0.000000 0.000000 0.000000 1.000000
0.437677 0.895980 -0.075219 5.906100 -0.029483 -0.069311 -0.997159 14.347000 -0.898649 0.438652 -0.003919 -1.216000 0.000000 0.000000 0.000000 1.000000
0.442033 0.891875 -0.095739 5.906100 -0.033154 -0.090415 -0.995352 14.347000 -0.896386 0.443153 -0.010398 -1.216000 0.000000 0.000000 0.000000 1.000000
0.427885 0.893888 -0.133710 5.906100 -0.044809 -0.126775 -0.990919 14.347000 -0.902722 0.429991 -0.014191 -1.216000 0.000000 0.000000 0.000000 1.000000
0.432716 0.884157 -0.176132 5.906100 -0.063131 -0.165173 -0.984242 14.347000 -0.899317 0.437017 -0.015655 -1.216000 0.000000 0.000000 0.000000 1.000000
0.461352 0.868504 -0.181260 5.906100 -0.071471 -0.167257 -0.983319 14.347000 -0.884334 0.466611 -0.015092 -1.216000 0.000000 0.000000 0.000000 1.000000
0.513569 0.838383 -0.182649 5.906100 -0.077353 -0.166761 -0.982958 14.347000 -0.854555 0.518945 -0.020792 -1.216000 0.000000 0.000000 0.000000 1.000000
0.562226 0.805069 -0.189119 5.906100 -0.084501 -0.171562 -0.981543 14.347000 -0.822655 0.567829 -0.028428 -1.216000 0.000000 0.000000 0.000000 1.000000
0.595755 0.776707 -0.204457 5.906100 -0.092587 -0.186452 -0.978092 14.347000 -0.797812 0.601633 -0.039166 -1.216000 0.000000 0.000000 0.000000 1.000000
0.640382 0.743273 -0.193535 5.906100 -0.085076 -0.181785 -0.979651 14.347000 -0.763330 0.643816 -0.053177 -1.216000 0.000000 0.000000 0.000000 1.000000
0.659287 0.726269 -0.194612 5.906100 -0.081159 -0.188580 -0.978699 14.347000 -0.747498 0.661038 -0.065385 -1.216000 0.000000 0.000000 0.000000 1.000000
0.667889 0.720351 -0.187131 5.906100 -0.072851 -0.186949 -0.979665 14.347000 -0.740687 0.667940 -0.072383 -1.216000 0.000000 0.000000 0.000000 1.000000
0.667027 0.723893 -0.176221 5.906100 -0.064029 -0.179954 -0.981589 14.347000 -0.742277 0.666029 -0.073684 -1.216000 0.000000 0.000000 0.000000 1.000000
0.650059 0.754203 -0.092740 5.906100 -0.024018 -0.101591 -0.994536 14.347000 -0.759504 0.648735 -0.047925 -1.216000 0.000000 0.000000 0.000000 1.000000
0.607996 0.793342 -0.030800 5.906100 -0.002972 -0.036519 -0.999329 14.347000 -0.793934 0.607679 -0.019846 -1.216000 0.000000 0.000000 0.000000 1.000000
0.554423 0.832229 -0.003035 5.906100 -0.002678 -0.001862 -0.999995 14.347000 -0.832230 0.554429 0.001196 -1.216000 0.000000 0.000000 0.000000 1.000000
0.480548 0.876905 -0.010566 5.906100 -0.022654 0.000368 -0.999743 14.347000 -0.876676 0.480664 0.020043 -1.216000 0.000000 0.000000 0.000000 1.000000
0.413902 0.909821 -0.030197 5.906100 -0.043497 -0.013368 -0.998964 14.347000 -0.909282 0.414787 0.034041 -1.216000 0.000000 0.000000 0.000000 1.000000
0.327750 0.944752 -0.004890 5.906100 -0.058011 0.014958 -0.998204 14.347000 -0.942982 0.327445 0.059709 -1.216000 0.000000 0.000000 0.000000 1.000000
0.234156 0.971437 -0.038492 5.906100 -0.093135 -0.016997 -0.995508 14.347000 -0.967728 0.236689 0.086495 -1.216000 0.000000 0.000000 0.000000 1.000000
0.188382 0.977694 -0.092882 5.906100 -0.114136 -0.072139 -0.990843 14.347000 -0.975441 0.197258 0.098000 -1.216000 0.000000 0.000000 0.000000 1.000000
0.167567 0.976061 -0.138655 5.906100 -0.125784 -0.118327 -0.984976 14.347000 -0.977803 0.182490 0.102945 -1.216000 0.000000 0.000000 0.000000 1.000000
0.161618 0.969431 -0.184614 5.906100 -0.136073 -0.163395 -0.977131 14.347000 -0.977427 0.183043 0.105506 -1.216000 0.000000 0.000000 0.000000 1.000000</float_array>
        <technique_common>
          <accessor source="#mixamorig_LeftShoulder-Matrix-animation-output-transform-array" count="31" stride="16">
            <param type="float4x4"/>
          </accessor>
        </technique_common>
      </source>
      <source id="mixamorig_LeftShoulder-Interpolations">
        <Name_array id="mixamorig_LeftShoulder-Interpolations-array" count="31">
 LINEAR LINEAR LINEAR LINEAR LINEAR LINEAR LINEAR LINEAR LINEAR LINEAR LINEAR
LINEAR LINEAR LINEAR LINEAR LINEAR LINEAR LINEAR LINEAR LINEAR LINEAR LINEAR LINEAR
LINEAR LINEAR LINEAR LINEAR LINEAR LINEAR LINEAR LINEAR</Name_array>
        <technique_common>
          <accessor source="#mixamorig_LeftShoulder-Interpolations-array" count="31">
            <param type="name"/>
          </accessor>
        </technique_common>
      </source>
      <sampler id="mixamorig_LeftShoulder-Matrix-animation-transform">
        <input semantic="INPUT" source="#mixamorig_LeftShoulder-Matrix-animation-input"/>
        <input semantic="OUTPUT" source="#mixamorig_LeftShoulder-Matrix-animation-output-transform"/>
        <input semantic="INTERPOLATION" source="#mixamorig_LeftShoulder-Interpolations"/>
      </sampler>
      <channel source="#mixamorig_LeftShoulder-Matrix-animation-transform" target="mixamorig_LeftShoulder/matrix"/>
    </animation>
    <animation id="mixamorig_LeftArm-anim" name="mixamorig_LeftArm">
      <source id="mixamorig_LeftArm-Matrix-animation-input">
        <float_array id="mixamorig_LeftArm-Matrix-animation-input-array" count="31">

0.000000 0.033333 0.066667 0.100000 0.133333 0.166667 0.200000 0.233333 0.266667 0.300000 0.333333 0.366667 0.400000 0.433333 0.466667 0.500000
0.533333 0.566667 0.600000 0.633333 0.666667 0.700000 0.733333 0.766667 0.800000 0.833333 0.866667 0.900000 0.933333 0.966667 1.000000</float_array>
        <technique_common>
          <accessor source="#mixamorig_LeftArm-Matrix-animation-input-array" count="31">
            <param name="TIME" type="float"/>
          </accessor>
        </technique_common>
      </source>
      <source id="mixamorig_LeftArm-Matrix-animation-output-transform">
        <float_array id="mixamorig_LeftArm-Matrix-animation-output-transform-array" count="496">

0.871218 0.086436 -0.483226 0.000000 -0.284543 0.891060 -0.353622 12.440700 0.400017 0.445580 0.800902 0.000000 0.000000 0.000000 0.000000 1.000000
0.852835 0.187789 -0.487245 0.000000 -0.382382 0.860033 -0.337826 12.440700 0.355607 0.474424 0.805274 0.000000 0.000000 0.000000 0.000000 1.000000
0.840281 0.279828 -0.464353 0.000000 -0.454684 0.830224 -0.322475 12.440700 0.295280 0.482103 0.824855 0.000000 0.000000 0.000000 0.000000 1.000000
0.810600 0.373613 -0.450933 0.000000 -0.529404 0.796689 -0.291578 12.440700 0.250316 0.475079 0.843589 0.000000 0.000000 0.000000 0.000000 1.000000
0.764712 0.465933 -0.445108 0.000000 -0.608094 0.750324 -0.259299 12.440700 0.213159 0.468956 0.857113 0.000000 0.000000 0.000000 0.000000 1.000000
0.702769 0.550566 -0.450547 0.000000 -0.688726 0.685201 -0.236972 12.440700 0.178247 0.476840 0.860727 0.000000 0.000000 0.000000 0.000000 1.000000
0.595918 0.633134 -0.493987 -0.000000 -0.783561 0.593114 -0.185061 12.440700 0.175822 0.497350 0.849547 0.000000 0.000000 0.000000 0.000000 1.000000
0.451044 0.695141 -0.559766 0.000000 -0.867889 0.487892 -0.093436 12.440700 0.208154 0.527959 0.823366 0.000000 0.000000 0.000000 0.000000 1.000000
0.367459 0.735204 -0.569604 0.000000 -0.917873 0.385422 -0.094656 12.440700 0.149946 0.557606 0.816450 -0.000000 0.000000 0.000000 0.000000 1.000000
0.410919 0.723577 -0.554600 0.000000 -0.911327 0.342732 -0.228073 12.440700 0.025051 0.599142 0.800251 0.000000 0.000000 0.000000 0.000000 1.000000
0.556587 0.653303 -0.513231 -0.000000 -0.828018 0.385802 -0.406870 12.440700 -0.067804 0.651423 0.755679 0.000000 0.000000 0.000000 0.000000 1.000000
0.749337 0.533161 -0.392725 -0.000000 -0.653002 0.496513 -0.571895 12.440700 -0.109920 0.684992 0.720211 -0.000000 0.000000 0.000000 0.000000 1.000000
0.903962 0.386089 -0.183812 0.000000 -0.405181 0.635977 -0.656782 12.440700 -0.136676 0.668183 0.731335 -0.000000 0.000000 0.000000 0.000000 1.000000
0.959979 0.234207 0.153580 0.000000 -0.080978 0.757048 -0.648321 12.440700 -0.268109 0.609939 0.745716 0.000000 0.000000 0.000000 0.000000 1.000000
0.911061 0.048113 0.409456 0.000000 0.177407 0.850759 -0.494707 12.440700 -0.372150 0.523348 0.766558 0.000000 0.000000 0.000000 0.000000 1.000000
0.851167 -0.158384 0.500429 0.000000 0.337272 0.895557 -0.290217 12.440700 -0.402197 0.415804 0.815687 0.000000 0.000000 0.000000 0.000000 1.000000
0.789065 -0.339540 0.511946 0.000000 0.430570 0.900091 -0.066669 12.440700 -0.438162 0.273035 0.856427 0.000000 0.000000 0.000000 0.000000 1.000000
0.779671 -0.471591 0.411964 -0.000000 0.498909 0.865409 0.046446 12.440700 -0.378421 0.169320 0.910016 0.000000 0.000000 0.000000 0.000000 1.000000
0.768107 -0.586448 0.257081 0.000000 0.586631 0.805425 0.084582 12.440700 -0.256663 0.085844 0.962681 0.000000 0.000000 0.000000 0.000000 1.000000
0.733397 -0.676078 0.071042 -0.000000 0.677441 0.735549 0.006404 12.440700 -0.056585 0.043430 0.997453 0.000000 0.000000 0.000000 0.000000 1.000000
0.676983 -0.729352 -0.098683 -0.000000 0.719841 0.684083 -0.117721 12.440700 0.153368 0.008659 0.988131 0.000000 0.000000 0.000000 0.000000 1.000000
0.636565 -0.708956 -0.303588 0.000000 0.665747 0.703853 -0.247735 12.440700 0.389315 -0.044413 0.920034 0.000000 0.000000 0.000000 0.000000 1.000000
0.622304 -0.615010 -0.484253 0.000000 0.535389 0.785715 -0.309856 12.440700 0.571049 -0.066439 0.818223 0.000000 0.000000 0.000000 0.000000 1.000000
0.589885 -0.490451 -0.641477 0.000000 0.382661 0.869334 -0.312777 12.440700 0.711059 -0.060966 0.700484 0.000000 0.000000 0.000000 0.000000 1.000000
0.483653 -0.408249 -0.774217 0.000000 0.304285 0.907809 -0.288606 12.440700 0.820665 -0.095997 0.563289 0.000000 0.000000 0.000000 0.000000 1.000000
0.351615 -0.360804 -0.863822 0.000000 0.311267 0.915302 -0.255607 12.440700 0.882882 -0.179004 0.434140 -0.000000 0.000000 0.000000 0.000000 1.000000
0.267601 -0.264324 -0.926565 0.000000 0.262360 0.945290 -0.193893 12.440700 0.927123 -0.191207 0.322308 0.000000 0.000000 0.000000 0.000000 1.000000
0.280380 -0.060541 -0.957978 0.000000 0.220206 0.975449 0.002805 12.440700 0.934289 -0.211739 0.286828 0.000000 0.000000 0.000000 0.000000 1.000000
0.309528 0.019064 -0.950699 -0.000000 0.189877 0.978424 0.081440 12.440700 0.931740 -0.205724 0.299230 0.000000 0.000000 0.000000 0.000000 1.000000
0.349144 0.050191 -0.935724 0.000000 0.166447 0.979364 0.114638 12.440700 0.922168 -0.195774 0.333585 -0.000000 0.000000 0.000000 0.000000 1.000000
0.407273 0.051033 -0.911880 0.000000 0.142766 0.982606 0.118755 12.440700 0.902079 -0.178551 0.392903 -0.000000 0.000000 0.000000 0.000000 1.000000</float_array>
        <technique_common>
          <accessor source="#mixamorig_LeftArm-Matrix-animation-output-transform-array" count="31" stride="16">
            <param type="float4x4"/>
          </accessor>
        </technique_common>
      </source>
      <source id="mixamorig_LeftArm-Interpolations">
        <Name_array id="mixamorig_LeftArm-Interpolations-array" count="31">
 LINEAR LINEAR LINEAR LINEAR LINEAR LINEAR LINEAR LINEAR LINEAR LINEAR LINEAR
LINEAR LINEAR LINEAR LINEAR LINEAR LINEAR LINEAR LINEAR LINEAR LINEAR LINEAR LINEAR
LINEAR LINEAR LINEAR LINEAR LINEAR LINEAR LINEAR LINEAR</Name_array>
        <technique_common>
          <accessor source="#mixamorig_LeftArm-Interpolations-array" count="31">
            <param type="name"/>
          </accessor>
        </technique_common>
      </source>
      <sampler id="mixamorig_LeftArm-Matrix-animation-transform">
        <input semantic="INPUT" source="#mixamorig_LeftArm-Matrix-animation-input"/>
        <input semantic="OUTPUT" source="#mixamorig_LeftArm-Matrix-animation-output-transform"/>
        <input semantic="INTERPOLATION" source="#mixamorig_LeftArm-Interpolations"/>
      </sampler>
      <channel source="#mixamorig_LeftArm-Matrix-animation-transform" target="mixamorig_LeftArm/matrix"/>
    </animation>
    <animation id="mixamorig_LeftForeArm-anim" name="mixamorig_LeftForeArm">
      <source id="mixamorig_LeftForeArm-Matrix-animation-input">
        <float_array id="mixamorig_LeftForeArm-Matrix-animation-input-array" count="31">

0.000000 0.033333 0.066667 0.100000 0.133333 0.166667 0.200000 0.233333 0.266667 0.300000 0.333333 0.366667 0.400000 0.433333 0.466667 0.500000
0.533333 0.566667 0.600000 0.633333 0.666667 0.700000 0.733333 0.766667 0.800000 0.833333 0.866667 0.900000 0.933333 0.966667 1.000000</float_array>
        <technique_common>
          <accessor source="#mixamorig_LeftForeArm-Matrix-animation-input-array" count="31">
            <param name="TIME" type="float"/>
          </accessor>
        </technique_common>
      </source>
      <source id="mixamorig_LeftForeArm-Matrix-animation-output-transform">
        <float_array id="mixamorig_LeftForeArm-Matrix-animation-output-transform-array" count="496">

0.665817 -0.548652 0.505637 0.000000 0.621765 0.782611 0.030457 27.894699 -0.412428 0.294109 0.862208 -0.000000 0.000000 0.000000 0.000000 1.000000
0.615427 -0.479112 0.625860 0.000000 0.596182 0.802362 0.027985 27.894699 -0.515575 0.355903 0.779433 -0.000000 0.000000 0.000000 0.000000 1.000000
0.584549 -0.424968 0.691162 0.000000 0.569614 0.821579 0.023406 27.894699 -0.577791 0.380013 0.722321 0.000000 0.000000 0.000000 0.000000 1.000000
0.562526 -0.378114 0.735251 0.000000 0.543870 0.839028 0.015378 27.894699 -0.622711 0.391231 0.677620 0.000000 0.000000 0.000000 0.000000 1.000000
0.541919 -0.334798 0.770866 0.000000 0.521210 0.853418 0.004241 27.894699 -0.659291 0.399485 0.636983 0.000000 0.000000 0.000000 0.000000 1.000000
0.527056 -0.292202 0.798016 0.000000 0.499117 0.866446 -0.012388 27.894699 -0.687818 0.404833 0.602509 0.000000 0.000000 0.000000 0.000000 1.000000
0.529785 -0.241961 0.812885 0.000000 0.456492 0.889121 -0.032859 27.894699 -0.714803 0.388483 0.581496 0.000000 0.000000 0.000000 0.000000 1.000000
0.538202 -0.198934 0.819002 0.000000 0.423183 0.904156 -0.058474 27.894699 -0.728873 0.378058 0.570804 -0.000000 0.000000 0.000000 0.000000 1.000000
0.554441 -0.155905 0.817489 0.000000 0.387586 0.917637 -0.087866 27.894699 -0.736459 0.365563 0.569202 -0.000000 0.000000 0.000000 0.000000 1.000000
0.576575 -0.114497 0.808982 -0.000000 0.350586 0.929018 -0.118383 27.894699 -0.738005 0.351874 0.575789 0.000000 0.000000 0.000000 0.000000 1.000000
0.603549 -0.074535 0.793835 -0.000000 0.310382 0.939050 -0.147813 27.894699 -0.734433 0.335605 0.589897 0.000000 0.000000 0.000000 0.000000 1.000000
0.630226 -0.053243 0.774584 0.000000 0.277248 0.947304 -0.160462 27.894699 -0.725223 0.315879 0.611778 0.000000 0.000000 0.000000 0.000000 1.000000
0.658022 -0.074165 0.749337 0.000000 0.267025 0.953449 -0.140117 27.894699 -0.704063 0.292292 0.647194 0.000000 0.000000 0.000000 0.000000 1.000000
0.680942 -0.163725 0.713801 0.000000 0.303956 0.949956 -0.072072 27.894699 -0.666280 0.266040 0.696630 -0.000000 0.000000 0.000000 0.000000 1.000000
0.695407 -0.301309 0.652397 0.000000 0.383196 0.923491 0.018054 27.894699 -0.607922 0.237441 0.757662 0.000000 0.000000 0.000000 0.000000 1.000000
0.688029 -0.467890 0.554703 -0.000000 0.500061 0.859621 0.104834 27.894699 -0.525885 0.205257 0.825418 0.000000 0.000000 0.000000 0.000000 1.000000
0.643652 -0.635502 0.426439 0.000000 0.637382 0.753553 0.160943 27.894699 -0.423624 0.168213 0.890083 0.000000 0.000000 0.000000 0.000000 1.000000
0.558583 -0.779584 0.283256 -0.000000 0.772399 0.613355 0.164911 27.894699 -0.302298 0.126671 0.944759 0.000000 0.000000 0.000000 0.000000 1.000000
0.442610 -0.884623 0.146762 0.000000 0.881882 0.459064 0.107443 27.894699 -0.162419 0.081871 0.983319 0.000000 0.000000 0.000000 0.000000 1.000000
0.317245 -0.947651 0.036231 -0.000000 0.948326 0.317241 -0.006018 27.894699 -0.005790 0.036268 0.999325 0.000000 0.000000 0.000000 0.000000 1.000000
0.220900 -0.974104 -0.048207 0.000000 0.957895 0.225989 -0.177103 27.894699 0.183411 -0.007055 0.983011 0.000000 0.000000 0.000000 0.000000 1.000000
0.136591 -0.983853 -0.115657 -0.000000 0.901735 0.171822 -0.396676 27.894699 0.410143 -0.050109 0.910644 0.000000 0.000000 0.000000 0.000000 1.000000
0.104572 -0.981561 -0.160009 0.000000 0.856377 0.170677 -0.487327 27.894699 0.505651 -0.086067 0.858434 0.000000 0.000000 0.000000 0.000000 1.000000
0.077042 -0.974646 -0.210069 -0.000000 0.759066 0.193945 -0.621453 27.894699 0.646439 -0.111578 0.754763 0.000000 0.000000 0.000000 0.000000 1.000000
0.100988 -0.955972 -0.275534 0.000000 0.660025 0.271604 -0.700427 27.894699 0.744425 -0.111125 0.658394 -0.000000 0.000000 0.000000 0.000000 1.000000
0.182586 -0.946433 -0.266322 0.000000 0.748521 0.309439 -0.586484 27.894699 0.637479 -0.092264 0.764924 0.000000 0.000000 0.000000 0.000000 1.000000
0.159557 -0.964361 -0.211069 0.000000 0.872377 0.237814 -0.427087 27.894699 0.462061 -0.115987 0.879231 0.000000 0.000000 0.000000 0.000000 1.000000
0.097873 -0.977520 -0.186748 0.000000 0.888209 0.170440 -0.426656 27.894699 0.448894 -0.124113 0.884924 -0.000000 0.000000 0.000000 0.000000 1.000000
0.102922 -0.980507 -0.167371 0.000000 0.881130 0.167947 -0.442045 27.894699 0.461538 -0.101979 0.881240 -0.000000 0.000000 0.000000 0.000000 1.000000
0.146051 -0.976357 -0.159364 -0.000000 0.890759 0.199869 -0.408167 27.894699 0.430369 -0.082341 0.898890 -0.000000 0.000000 0.000000 0.000000 1.000000
0.225923 -0.962667 -0.149101 0.000000 0.906174 0.263854 -0.330499 27.894699 0.357501 -0.060444 0.931955 0.000000 0.000000 0.000000 0.000000 1.000000</float_array>
        <technique_common>
          <accessor source="#mixamorig_LeftForeArm-Matrix-animation-output-transform-array" count="31" stride="16">
            <param type="float4x4"/>
          </accessor>
        </technique_common>
      </source>
      <source id="mixamorig_LeftForeArm-Interpolations">
        <Name_array id="mixamorig_LeftForeArm-Interpolations-array" count="31">
 LINEAR LINEAR LINEAR LINEAR LINEAR LINEAR LINEAR LINEAR LINEAR LINEAR LINEAR
LINEAR LINEAR LINEAR LINEAR LINEAR LINEAR LINEAR LINEAR LINEAR LINEAR LINEAR LINEAR
LINEAR LINEAR LINEAR LINEAR LINEAR LINEAR LINEAR LINEAR</Name_array>
        <technique_common>
          <accessor source="#mixamorig_LeftForeArm-Interpolations-array" count="31">
            <param type="name"/>
          </accessor>
        </technique_common>
      </source>
      <sampler id="mixamorig_LeftForeArm-Matrix-animation-transform">
        <input semantic="INPUT" source="#mixamorig_LeftForeArm-Matrix-animation-input"/>
        <input semantic="OUTPUT" source="#mixamorig_LeftForeArm-Matrix-animation-output-transform"/>
        <input semantic="INTERPOLATION" source="#mixamorig_LeftForeArm-Interpolations"/>
      </sampler>
      <channel source="#mixamorig_LeftForeArm-Matrix-animation-transform" target="mixamorig_LeftForeArm/matrix"/>
    </animation>
    <animation id="mixamorig_LeftHand-anim" name="mixamorig_LeftHand">
      <source id="mixamorig_LeftHand-Matrix-animation-input">
        <float_array id="mixamorig_LeftHand-Matrix-animation-input-array" count="31">

0.000000 0.033333 0.066667 0.100000 0.133333 0.166667 0.200000 0.233333 0.266667 0.300000 0.333333 0.366667 0.400000 0.433333 0.466667 0.500000
0.533333 0.566667 0.600000 0.633333 0.666667 0.700000 0.733333 0.766667 0.800000 0.833333 0.866667 0.900000 0.933333 0.966667 1.000000</float_array>
        <technique_common>
          <accessor source="#mixamorig_LeftHand-Matrix-animation-input-array" count="31">
            <param name="TIME" type="float"/>
          </accessor>
        </technique_common>
      </source>
      <source id="mixamorig_LeftHand-Matrix-animation-output-transform">
        <float_array id="mixamorig_LeftHand-Matrix-animation-output-transform-array" count="496">

0.962087 0.076186 0.261886 0.000100 -0.117045 0.982612 0.144129 28.325500 -0.246352 -0.169317 0.954276 0.000000 0.000000 0.000000 0.000000 1.000000
0.963220 0.143207 0.227376 0.000100 -0.175513 0.976016 0.128795 28.325500 -0.203478 -0.163966 0.965252 0.000000 0.000000 0.000000 0.000000 1.000000
0.954985 0.228043 0.189734 0.000100 -0.253931 0.959058 0.125409 28.325500 -0.153368 -0.167943 0.973793 0.000000 0.000000 0.000000 0.000000 1.000000
0.947036 0.275542 0.164920 0.000100 -0.303565 0.935673 0.179900 28.325500 -0.104741 -0.220436 0.969761 0.000000 0.000000 0.000000 0.000000 1.000000
0.934315 0.325121 0.146122 0.000100 -0.352631 0.902907 0.245785 28.325500 -0.052025 -0.281168 0.958247 0.000000 0.000000 0.000000 0.000000 1.000000
0.916717 0.378787 0.127086 0.000100 -0.399533 0.867606 0.296029 28.325500 0.001872 -0.322150 0.946687 -0.000000 0.000000 0.000000 0.000000 1.000000
0.917871 0.383805 0.101026 0.000100 -0.395057 0.859202 0.325118 28.325500 0.037980 -0.338327 0.940262 0.000000 0.000000 0.000000 0.000000 1.000000
0.935054 0.344128 0.085149 0.000100 -0.346938 0.838944 0.419294 28.325500 0.072855 -0.421604 0.903849 0.000000 0.000000 0.000000 0.000000 1.000000
0.964622 0.258077 0.053856 0.000100 -0.248254 0.820429 0.515040 28.325500 0.088735 -0.510189 0.855473 0.000000 0.000000 0.000000 0.000000 1.000000
0.983668 0.179876 0.006497 0.000100 -0.152591 0.814228 0.560132 28.325500 0.095464 -0.551976 0.828378 0.000000 0.000000 0.000000 0.000000 1.000000
0.994509 0.092974 -0.048036 0.000100 -0.045779 0.799278 0.599215 28.325500 0.094106 -0.593726 0.799145 -0.000000 0.000000 0.000000 0.000000 1.000000
0.993786 0.067897 -0.088204 0.000100 -0.006028 0.824084 0.566435 28.325500 0.111147 -0.562383 0.819373 -0.000000 0.000000 0.000000 0.000000 1.000000
0.991430 0.012661 -0.130023 0.000100 0.058152 0.848474 0.526033 28.325500 0.116981 -0.529086 0.840466 0.000000 0.000000 0.000000 0.000000 1.000000
0.989163 0.043902 -0.140102 0.000100 0.036246 0.851690 0.522791 28.325500 0.142274 -0.522204 0.840869 0.000000 0.000000 0.000000 0.000000 1.000000
0.987560 0.039820 -0.152114 0.000100 0.030642 0.900117 0.434568 28.325500 0.154225 -0.433824 0.887700 0.000000 0.000000 0.000000 0.000000 1.000000
0.983901 -0.065237 -0.166380 0.000100 0.099092 0.973919 0.204114 28.325500 0.148725 -0.217315 0.964705 0.000000 0.000000 0.000000 0.000000 1.000000
0.986375 -0.027760 -0.162153 0.000100 0.059721 0.978841 0.195712 28.325500 0.153289 -0.202730 0.967162 0.000000 0.000000 0.000000 0.000000 1.000000
0.987035 0.002037 -0.160493 0.000100 0.044844 0.956601 0.287931 28.325500 0.154115 -0.291395 0.944107 0.000000 0.000000 0.000000 0.000000 1.000000
0.984823 -0.049365 -0.166393 0.000100 0.089786 0.965354 0.245010 28.325500 0.148533 -0.256231 0.955135 0.000000 0.000000 0.000000 0.000000 1.000000
0.956254 -0.227836 -0.183491 0.000100 0.263266 0.943720 0.200207 28.325500 0.127549 -0.239756 0.962418 0.000000 0.000000 0.000000 0.000000 1.000000
0.954768 -0.231140 -0.187060 0.000100 0.270463 0.936473 0.223310 28.325500 0.123561 -0.263802 0.956630 0.000000 0.000000 0.000000 0.000000 1.000000
0.965733 -0.173149 -0.193335 0.000100 0.231908 0.910147 0.343295 28.325500 0.116522 -0.376367 0.919114 0.000000 0.000000 0.000000 0.000000 1.000000
0.972822 -0.129993 -0.191623 0.000100 0.199940 0.888989 0.411974 28.325500 0.116797 -0.439091 0.890819 0.000000 0.000000 0.000000 0.000000 1.000000
0.971228 -0.131515 -0.198544 0.000100 0.213173 0.851778 0.478572 28.325500 0.106176 -0.507127 0.855306 -0.000000 0.000000 0.000000 0.000000 1.000000
0.950785 -0.220332 -0.217858 0.000100 0.297750 0.844268 0.445597 28.325500 0.085751 -0.488534 0.868321 -0.000000 0.000000 0.000000 0.000000 1.000000
0.956592 -0.152321 -0.248457 0.000100 0.248393 0.872036 0.421727 28.325500 0.152425 -0.465135 0.872018 0.000000 0.000000 0.000000 0.000000 1.000000
0.978940 -0.094440 -0.180988 0.000100 0.156994 0.914974 0.371721 28.325500 0.130494 -0.392307 0.910531 0.000000 0.000000 0.000000 0.000000 1.000000
0.973893 -0.121273 -0.191898 0.000100 0.195415 0.878057 0.436839 28.325500 0.115521 -0.462934 0.878833 0.000000 0.000000 0.000000 0.000000 1.000000
0.968367 -0.142040 -0.205159 0.000100 0.229882 0.827607 0.512075 28.325500 0.097056 -0.543039 0.834080 0.000000 0.000000 0.000000 0.000000 1.000000
0.965537 -0.144846 -0.216236 0.000100 0.242958 0.799534 0.549288 28.325500 0.093326 -0.582894 0.807171 0.000000 0.000000 0.000000 0.000000 1.000000
0.963447 -0.133655 -0.232179 0.000100 0.245665 0.786463 0.566679 28.325500 0.106861 -0.603003 0.790549 -0.000000 0.000000 0.000000 0.000000 1.000000</float_array>
        <technique_common>
          <accessor source="#mixamorig_LeftHand-Matrix-animation-output-transform-array" count="31" stride="16">
            <param type="float4x4"/>
          </accessor>
        </technique_common>
      </source>
      <source id="mixamorig_LeftHand-Interpolations">
        <Name_array id="mixamorig_LeftHand-Interpolations-array" count="31">
 LINEAR LINEAR LINEAR LINEAR LINEAR LINEAR LINEAR LINEAR LINEAR LINEAR LINEAR
LINEAR LINEAR LINEAR LINEAR LINEAR LINEAR LINEAR LINEAR LINEAR LINEAR LINEAR LINEAR
LINEAR LINEAR LINEAR LINEAR LINEAR LINEAR LINEAR LINEAR</Name_array>
        <technique_common>
          <accessor source="#mixamorig_LeftHand-Interpolations-array" count="31">
            <param type="name"/>
          </accessor>
        </technique_common>
      </source>
      <sampler id="mixamorig_LeftHand-Matrix-animation-transform">
        <input semantic="INPUT" source="#mixamorig_LeftHand-Matrix-animation-input"/>
        <input semantic="OUTPUT" source="#mixamorig_LeftHand-Matrix-animation-output-transform"/>
        <input semantic="INTERPOLATION" source="#mixamorig_LeftHand-Interpolations"/>
      </sampler>
      <channel source="#mixamorig_LeftHand-Matrix-animation-transform" target="mixamorig_LeftHand/matrix"/>
    </animation>
    <animation id="mixamorig_LeftHandThumb1-anim" name="mixamorig_LeftHandThumb1">
      <source id="mixamorig_LeftHandThumb1-Matrix-animation-input">
        <float_array id="mixamorig_LeftHandThumb1-Matrix-animation-input-array" count="31">

0.000000 0.033333 0.066667 0.100000 0.133333 0.166667 0.200000 0.233333 0.266667 0.300000 0.333333 0.366667 0.400000 0.433333 0.466667 0.500000
0.533333 0.566667 0.600000 0.633333 0.666667 0.700000 0.733333 0.766667 0.800000 0.833333 0.866667 0.900000 0.933333 0.966667 1.000000</float_array>
        <technique_common>
          <accessor source="#mixamorig_LeftHandThumb1-Matrix-animation-input-array" count="31">
            <param name="TIME" type="float"/>
          </accessor>
        </technique_common>
      </source>
      <source id="mixamorig_LeftHandThumb1-Matrix-animation-output-transform">
        <float_array id="mixamorig_LeftHandThumb1-Matrix-animation-output-transform-array" count="496">

0.944270 -0.116366 0.307918 -2.444000 0.270180 0.808338 -0.523060 3.245300 -0.188036 0.577103 0.794729 0.952300 0.000000 0.000000 0.000000 1.000000
0.954216 -0.052224 0.294525 -2.444000 0.214713 0.805127 -0.552873 3.245300 -0.208257 0.590799 0.779478 0.952300 0.000000 0.000000 0.000000 1.000000
0.953104 -0.072052 0.293942 -2.444000 0.230515 0.802164 -0.550814 3.245300 -0.196102 0.592741 0.781155 0.952300 0.000000 0.000000 0.000000 1.000000
0.952759 -0.076479 0.293940 -2.444000 0.238231 0.788491 -0.567034 3.245300 -0.188403 0.610272 0.769462 0.952300 0.000000 0.000000 0.000000 1.000000
0.960096 -0.033228 0.277691 -2.444000 0.194138 0.793902 -0.576220 3.245300 -0.201313 0.607137 0.768673 0.952300 0.000000 0.000000 0.000000 1.000000
0.965287 -0.016042 0.260699 -2.444000 0.163125 0.816545 -0.553754 3.245300 -0.203989 0.577058 0.790817 0.952300 0.000000 0.000000 0.000000 1.000000
0.968213 -0.013773 0.249746 -2.444000 0.150421 0.829810 -0.537390 3.245300 -0.199840 0.557876 0.805505 0.952300 0.000000 0.000000 0.000000 1.000000
0.969881 0.006441 0.243494 -2.444000 0.135180 0.817342 -0.560070 3.245300 -0.202625 0.576117 0.791854 0.952300 0.000000 0.000000 0.000000 1.000000
0.970852 0.018075 0.238997 -2.444000 0.125852 0.810183 -0.572508 3.245300 -0.203979 0.585899 0.784293 0.952300 0.000000 0.000000 0.000000 1.000000
0.971273 0.013115 0.237607 -2.444000 0.130137 0.806675 -0.576489 3.245300 -0.199233 0.590850 0.781795 0.952300 0.000000 0.000000 0.000000 1.000000
0.971151 -0.003483 0.238440 -2.444000 0.143899 0.805883 -0.574321 3.245300 -0.190154 0.592064 0.783136 0.952300 0.000000 0.000000 0.000000 1.000000
0.970218 -0.029134 0.240473 -2.444000 0.164716 0.807244 -0.566768 3.245300 -0.177608 0.589499 0.788002 0.952300 0.000000 0.000000 0.000000 1.000000
0.968213 -0.061291 0.242502 -2.444000 0.190181 0.810118 -0.554563 3.245300 -0.162465 0.583054 0.796023 0.952300 0.000000 0.000000 0.000000 1.000000
0.965038 -0.097357 0.243356 -2.444000 0.217896 0.814021 -0.538416 3.245300 -0.145678 0.572618 0.806775 0.952300 0.000000 0.000000 0.000000 1.000000
0.960871 -0.134635 0.242076 -2.444000 0.245476 0.818776 -0.518988 3.245300 -0.128332 0.558104 0.819787 0.952300 0.000000 0.000000 0.000000 1.000000
0.956206 -0.170318 0.238037 -2.444000 0.270557 0.824592 -0.496837 3.245300 -0.111663 0.539481 0.834561 0.952300 0.000000 0.000000 0.000000 1.000000
0.951851 -0.201500 0.231035 -2.444000 0.290792 0.832054 -0.472362 3.245300 -0.097053 0.516801 0.850586 0.952300 0.000000 0.000000 0.000000 1.000000
0.948683 -0.226175 0.221013 -2.444000 0.304443 0.842261 -0.444871 3.245300 -0.085532 0.489327 0.867896 0.952300 0.000000 0.000000 0.000000 1.000000
0.946280 -0.249001 0.206284 -2.444000 0.314535 0.856777 -0.408657 3.245300 -0.074983 0.451588 0.889070 0.952300 0.000000 0.000000 0.000000 1.000000
0.944174 -0.271249 0.186973 -2.444000 0.323008 0.873840 -0.363414 3.245300 -0.064809 0.403520 0.912673 0.952300 0.000000 0.000000 0.000000 1.000000
0.942136 -0.292302 0.164132 -2.444000 0.330636 0.891013 -0.311087 3.245300 -0.055312 0.347354 0.936101 0.952300 0.000000 0.000000 0.000000 1.000000
0.939966 -0.311694 0.138962 -2.444000 0.338046 0.906227 -0.253925 3.245300 -0.046784 0.285656 0.957190 0.952300 0.000000 0.000000 0.000000 1.000000
0.937513 -0.329184 0.112727 -2.444000 0.345707 0.917960 -0.194515 3.245300 -0.039448 0.221331 0.974401 0.952300 0.000000 0.000000 0.000000 1.000000
0.934669 -0.344791 0.086680 -2.444000 0.353946 0.925366 -0.135721 3.245300 -0.033415 0.157535 0.986948 0.952300 0.000000 0.000000 0.000000 1.000000
0.931359 -0.358785 0.062001 -2.444000 0.362974 0.928308 -0.080581 3.245300 -0.028645 0.097555 0.994818 0.952300 0.000000 0.000000 0.000000 1.000000
0.927523 -0.371643 0.039786 -2.444000 0.372933 0.927300 -0.032165 3.245300 -0.024940 0.044671 0.998690 0.952300 0.000000 0.000000 0.000000 1.000000
0.923096 -0.383991 0.021076 -2.444000 0.383941 0.923335 0.006529 3.245300 -0.021967 0.002065 0.999757 0.952300 0.000000 0.000000 0.000000 1.000000
0.917991 -0.396541 0.006933 -2.444000 0.396132 0.917613 0.032645 3.245300 -0.019307 -0.027222 0.999443 0.952300 0.000000 0.000000 0.000000 1.000000
0.911987 -0.410211 -0.002655 -2.444000 0.409876 0.910938 0.046831 3.245300 -0.016792 -0.043798 0.998899 0.952300 0.000000 0.000000 0.000000 1.000000
0.904939 -0.425444 -0.009091 -2.444000 0.425291 0.903469 0.053587 3.245300 -0.014585 -0.052359 0.998522 0.952300 0.000000 0.000000 0.000000 1.000000
0.895278 -0.445324 -0.012800 -2.444000 0.445339 0.893780 0.053209 3.245300 -0.012255 -0.053337 0.998501 0.952300 0.000000 0.000000 0.000000 1.000000</float_array>
        <technique_common>
          <accessor source="#mixamorig_LeftHandThumb1-Matrix-animation-output-transform-array" count="31" stride="16">
            <param type="float4x4"/>
          </accessor>
        </technique_common>
      </source>
      <source id="mixamorig_LeftHandThumb1-Interpolations">
        <Name_array id="mixamorig_LeftHandThumb1-Interpolations-array" count="31">
 LINEAR LINEAR LINEAR LINEAR LINEAR LINEAR LINEAR LINEAR LINEAR LINEAR LINEAR
LINEAR LINEAR LINEAR LINEAR LINEAR LINEAR LINEAR LINEAR LINEAR LINEAR LINEAR LINEAR
LINEAR LINEAR LINEAR LINEAR LINEAR LINEAR LINEAR LINEAR</Name_array>
        <technique_common>
          <accessor source="#mixamorig_LeftHandThumb1-Interpolations-array" count="31">
            <param type="name"/>
          </accessor>
        </technique_common>
      </source>
      <sampler id="mixamorig_LeftHandThumb1-Matrix-animation-transform">
        <input semantic="INPUT" source="#mixamorig_LeftHandThumb1-Matrix-animation-input"/>
        <input semantic="OUTPUT" source="#mixamorig_LeftHandThumb1-Matrix-animation-output-transform"/>
        <input semantic="INTERPOLATION" source="#mixamorig_LeftHandThumb1-Interpolations"/>
      </sampler>
      <channel source="#mixamorig_LeftHandThumb1-Matrix-animation-transform" target="mixamorig_LeftHandThumb1/matrix"/>
    </animation>
    <animation id="mixamorig_LeftHandThumb2-anim" name="mixamorig_LeftHandThumb2">
      <source id="mixamorig_LeftHandThumb2-Matrix-animation-input">
        <float_array id="mixamorig_LeftHandThumb2-Matrix-animation-input-array" count="31">

0.000000 0.033333 0.066667 0.100000 0.133333 0.166667 0.200000 0.233333 0.266667 0.300000 0.333333 0.366667 0.400000 0.433333 0.466667 0.500000
0.533333 0.566667 0.600000 0.633333 0.666667 0.700000 0.733333 0.766667 0.800000 0.833333 0.866667 0.900000 0.933333 0.966667 1.000000</float_array>
        <technique_common>
          <accessor source="#mixamorig_LeftHandThumb2-Matrix-animation-input-array" count="31">
            <param name="TIME" type="float"/>
          </accessor>
        </technique_common>
      </source>
      <source id="mixamorig_LeftHandThumb2-Matrix-animation-output-transform">
        <float_array id="mixamorig_LeftHandThumb2-Matrix-animation-output-transform-array" count="496">

0.939788 0.308594 -0.146862 0.000000 -0.315656 0.948492 -0.026905 3.338200 0.130995 0.071643 0.988791 0.000000 0.000000 0.000000 0.000000 1.000000
0.939798 0.308558 -0.146875 -0.000000 -0.315655 0.948485 -0.027161 3.338200 0.130928 0.071887 0.988782 0.000000 0.000000 0.000000 0.000000 1.000000
0.939801 0.308567 -0.146838 0.000000 -0.315704 0.948460 -0.027481 3.338200 0.130791 0.072184 0.988779 0.000000 0.000000 0.000000 0.000000 1.000000
0.939804 0.308577 -0.146797 0.000000 -0.315757 0.948432 -0.027834 3.338200 0.130638 0.072510 0.988775 -0.000000 0.000000 0.000000 0.000000 1.000000
0.939808 0.308586 -0.146752 -0.000000 -0.315813 0.948402 -0.028211 3.338200 0.130474 0.072859 0.988771 0.000000 0.000000 0.000000 0.000000 1.000000
0.939812 0.308596 -0.146705 0.000000 -0.315872 0.948370 -0.028607 3.338200 0.130303 0.073225 0.988767 0.000000 0.000000 0.000000 0.000000 1.000000
0.939815 0.308608 -0.146657 0.000000 -0.315934 0.948338 -0.029013 3.338200 0.130127 0.073601 0.988762 0.000000 0.000000 0.000000 0.000000 1.000000
0.939819 0.308619 -0.146608 -0.000000 -0.315995 0.948304 -0.029423 3.338200 0.129948 0.073979 0.988757 0.000000 0.000000 0.000000 0.000000 1.000000
0.939824 0.308629 -0.146560 0.000000 -0.316054 0.948272 -0.029825 3.338200 0.129774 0.074351 0.988752 0.000000 0.000000 0.000000 0.000000 1.000000
0.939827 0.308641 -0.146514 0.000000 -0.316114 0.948240 -0.030216 3.338200 0.129605 0.074713 0.988747 -0.000000 0.000000 0.000000 0.000000 1.000000
0.939831 0.308651 -0.146469 0.000000 -0.316169 0.948210 -0.030585 3.338200 0.129444 0.075054 0.988742 0.000000 0.000000 0.000000 0.000000 1.000000
0.939834 0.308661 -0.146429 -0.000000 -0.316221 0.948181 -0.030928 3.338200 0.129295 0.075371 0.988738 -0.000000 0.000000 0.000000 0.000000 1.000000
0.939837 0.308668 -0.146391 0.000000 -0.316266 0.948156 -0.031233 3.338200 0.129161 0.075652 0.988734 0.000000 0.000000 0.000000 0.000000 1.000000
0.939842 0.308669 -0.146358 0.000000 -0.316298 0.948137 -0.031493 3.338200 0.129047 0.075891 0.988730 0.000000 0.000000 0.000000 0.000000 1.000000
0.939843 0.308671 -0.146347 -0.000000 -0.316326 0.948121 -0.031698 3.338200 0.128970 0.076085 0.988725 0.000000 0.000000 0.000000 0.000000 1.000000
0.939843 0.308674 -0.146336 0.000000 -0.316348 0.948109 -0.031847 3.338200 0.128913 0.076224 0.988722 -0.000000 0.000000 0.000000 0.000000 1.000000
0.939844 0.308683 -0.146318 -0.000000 -0.316367 0.948099 -0.031936 3.338200 0.128865 0.076305 0.988722 0.000000 0.000000 0.000000 0.000000 1.000000
0.939793 0.308863 -0.146264 0.000000 -0.316547 0.948038 -0.031959 3.338200 0.128793 0.076334 0.988729 0.000000 0.000000 0.000000 0.000000 1.000000
0.939345 0.310285 -0.146132 0.000000 -0.317945 0.947577 -0.031757 3.338200 0.128618 0.076293 0.988755 0.000000 0.000000 0.000000 0.000000 1.000000
0.938529 0.312847 -0.145912 0.000000 -0.320458 0.946744 -0.031340 3.338200 0.128337 0.076173 0.988801 0.000000 0.000000 0.000000 0.000000 1.000000
0.937512 0.316010 -0.145631 0.000000 -0.323559 0.945706 -0.030813 3.338200 0.127987 0.076008 0.988859 0.000000 0.000000 0.000000 0.000000 1.000000
0.936462 0.319243 -0.145340 -0.000000 -0.326727 0.944634 -0.030270 3.338200 0.127630 0.075833 0.988919 -0.000000 0.000000 0.000000 0.000000 1.000000
0.935549 0.322009 -0.145111 -0.000000 -0.329439 0.943707 -0.029798 3.338200 0.127347 0.075683 0.988967 0.000000 0.000000 0.000000 0.000000 1.000000
0.934958 0.323782 -0.144978 0.000000 -0.331178 0.943107 -0.029504 3.338200 0.127177 0.075599 0.988995 0.000000 0.000000 0.000000 0.000000 1.000000
0.934875 0.324029 -0.144959 0.000000 -0.331425 0.943021 -0.029488 3.338200 0.127145 0.075611 0.988998 -0.000000 0.000000 0.000000 0.000000 1.000000
0.935479 0.322221 -0.145093 0.000000 -0.329657 0.943629 -0.029848 3.338200 0.127296 0.075754 0.988968 -0.000000 0.000000 0.000000 0.000000 1.000000
0.936930 0.317819 -0.145441 0.000000 -0.325351 0.945095 -0.030680 3.338200 0.127705 0.076065 0.988891 0.000000 0.000000 0.000000 0.000000 1.000000
0.939356 0.310276 -0.146079 0.000000 -0.317972 0.947557 -0.032073 3.338200 0.128466 0.076577 0.988753 0.000000 0.000000 0.000000 0.000000 1.000000
0.942953 0.298696 -0.147036 0.000000 -0.306644 0.951210 -0.034200 3.338200 0.129647 0.077337 0.988540 0.000000 0.000000 0.000000 0.000000 1.000000
0.947683 0.282666 -0.148311 0.000000 -0.290963 0.956013 -0.037141 3.338200 0.131289 0.078351 0.988243 0.000000 0.000000 0.000000 0.000000 1.000000
0.954278 0.258485 -0.150130 0.000000 -0.267311 0.962713 -0.041582 3.338200 0.133784 0.079812 0.987791 0.000000 0.000000 0.000000 0.000000 1.000000</float_array>
        <technique_common>
          <accessor source="#mixamorig_LeftHandThumb2-Matrix-animation-output-transform-array" count="31" stride="16">
            <param type="float4x4"/>
          </accessor>
        </technique_common>
      </source>
      <source id="mixamorig_LeftHandThumb2-Interpolations">
        <Name_array id="mixamorig_LeftHandThumb2-Interpolations-array" count="31">
 LINEAR LINEAR LINEAR LINEAR LINEAR LINEAR LINEAR LINEAR LINEAR LINEAR LINEAR
LINEAR LINEAR LINEAR LINEAR LINEAR LINEAR LINEAR LINEAR LINEAR LINEAR LINEAR LINEAR
LINEAR LINEAR LINEAR LINEAR LINEAR LINEAR LINEAR LINEAR</Name_array>
        <technique_common>
          <accessor source="#mixamorig_LeftHandThumb2-Interpolations-array" count="31">
            <param type="name"/>
          </accessor>
        </technique_common>
      </source>
      <sampler id="mixamorig_LeftHandThumb2-Matrix-animation-transform">
        <input semantic="INPUT" source="#mixamorig_LeftHandThumb2-Matrix-animation-input"/>
        <input semantic="OUTPUT" source="#mixamorig_LeftHandThumb2-Matrix-animation-output-transform"/>
        <input semantic="INTERPOLATION" source="#mixamorig_LeftHandThumb2-Interpolations"/>
      </sampler>
      <channel source="#mixamorig_LeftHandThumb2-Matrix-animation-transform" target="mixamorig_LeftHandThumb2/matrix"/>
    </animation>
    <animation id="mixamorig_LeftHandThumb3-anim" name="mixamorig_LeftHandThumb3">
      <source id="mixamorig_LeftHandThumb3-Matrix-animation-input">
        <float_array id="mixamorig_LeftHandThumb3-Matrix-animation-input-array" count="31">

0.000000 0.033333 0.066667 0.100000 0.133333 0.166667 0.200000 0.233333 0.266667 0.300000 0.333333 0.366667 0.400000 0.433333 0.466667 0.500000
0.533333 0.566667 0.600000 0.633333 0.666667 0.700000 0.733333 0.766667 0.800000 0.833333 0.866667 0.900000 0.933333 0.966667 1.000000</float_array>
        <technique_common>
          <accessor source="#mixamorig_LeftHandThumb3-Matrix-animation-input-array" count="31">
            <param name="TIME" type="float"/>
          </accessor>
        </technique_common>
      </source>
      <source id="mixamorig_LeftHandThumb3-Matrix-animation-output-transform">
        <float_array id="mixamorig_LeftHandThumb3-Matrix-animation-output-transform-array" count="496">

0.999103 0.035544 0.023022 0.000000 -0.036247 0.998866 0.030864 3.745800 -0.021899 -0.031671 0.999258 0.000000 0.000000 0.000000 0.000000 1.000000
0.999099 0.035609 0.023097 0.000000 -0.036308 0.998873 0.030574 3.745800 -0.021982 -0.031385 0.999266 0.000000 0.000000 0.000000 0.000000 1.000000
0.999092 0.035678 0.023272 0.000000 -0.036375 0.998881 0.030240 3.745800 -0.022168 -0.031059 0.999272 0.000000 0.000000 0.000000 0.000000 1.000000
0.999085 0.035756 0.023466 0.000000 -0.036451 0.998889 0.029873 3.745800 -0.022371 -0.030701 0.999278 0.000000 0.000000 0.000000 0.000000 1.000000
0.999077 0.035840 0.023672 -0.000000 -0.036532 0.998898 0.029477 3.745800 -0.022590 -0.030315 0.999285 0.000000 0.000000 0.000000 0.000000 1.000000
0.999069 0.035928 0.023889 0.000000 -0.036617 0.998907 0.029063 3.745800 -0.022819 -0.029911 0.999292 0.000000 0.000000 0.000000 0.000000 1.000000
0.999060 0.036017 0.024111 0.000000 -0.036703 0.998916 0.028639 3.745800 -0.023054 -0.029497 0.999299 0.000000 0.000000 0.000000 0.000000 1.000000
0.999052 0.036108 0.024334 0.000000 -0.036790 0.998925 0.028213 3.745800 -0.023290 -0.029081 0.999306 -0.000000 0.000000 0.000000 0.000000 1.000000
0.999043 0.036197 0.024556 0.000000 -0.036876 0.998933 0.027791 3.745800 -0.023524 -0.028670 0.999312 0.000000 0.000000 0.000000 0.000000 1.000000
0.999035 0.036283 0.024770 0.000000 -0.036959 0.998942 0.027383 3.745800 -0.023750 -0.028273 0.999318 0.000000 0.000000 0.000000 0.000000 1.000000
0.999027 0.036365 0.024972 0.000000 -0.037037 0.998949 0.026997 3.745800 -0.023964 -0.027896 0.999324 0.000000 0.000000 0.000000 0.000000 1.000000
0.999019 0.036440 0.025159 0.000000 -0.037109 0.998956 0.026641 3.745800 -0.024162 -0.027548 0.999328 0.000000 0.000000 0.000000 0.000000 1.000000
0.999012 0.036510 0.025326 0.000000 -0.037175 0.998962 0.026321 3.745800 -0.024339 -0.027237 0.999333 0.000000 0.000000 0.000000 0.000000 1.000000
0.999007 0.036564 0.025470 -0.000000 -0.037227 0.998967 0.026049 3.745800 -0.024491 -0.026971 0.999336 -0.000000 0.000000 0.000000 0.000000 1.000000
0.999002 0.036604 0.025577 0.000000 -0.037264 0.998972 0.025830 3.745800 -0.024606 -0.026757 0.999339 -0.000000 0.000000 0.000000 0.000000 1.000000
0.999000 0.036636 0.025628 0.000000 -0.037294 0.998974 0.025679 3.745800 -0.024661 -0.026609 0.999342 -0.000000 0.000000 0.000000 0.000000 1.000000
0.998998 0.036663 0.025661 0.000000 -0.037319 0.998976 0.025595 3.745800 -0.024696 -0.026527 0.999343 0.000000 0.000000 0.000000 0.000000 1.000000
0.998990 0.036855 0.025688 -0.000000 -0.037512 0.998969 0.025571 3.745800 -0.024719 -0.026509 0.999343 0.000000 0.000000 0.000000 0.000000 1.000000
0.998933 0.038325 0.025761 -0.000000 -0.038989 0.998906 0.025805 3.745800 -0.024744 -0.026782 0.999335 -0.000000 0.000000 0.000000 0.000000 1.000000
0.998825 0.040963 0.025880 -0.000000 -0.041643 0.998787 0.026276 3.745800 -0.024773 -0.027323 0.999320 -0.000000 0.000000 0.000000 0.000000 1.000000
0.998683 0.044221 0.026027 0.000000 -0.044919 0.998629 0.026877 3.745800 -0.024803 -0.028011 0.999300 0.000000 0.000000 0.000000 0.000000 1.000000
0.998526 0.047550 0.026178 0.000000 -0.048267 0.998456 0.027496 3.745800 -0.024830 -0.028719 0.999279 0.000000 0.000000 0.000000 0.000000 1.000000
0.998382 0.050404 0.026310 0.000000 -0.051138 0.998298 0.028023 3.745800 -0.024853 -0.029324 0.999261 0.000000 0.000000 0.000000 0.000000 1.000000
0.998286 0.052235 0.026395 0.000000 -0.052980 0.998193 0.028353 3.745800 -0.024866 -0.029703 0.999249 -0.000000 0.000000 0.000000 0.000000 1.000000
0.998272 0.052496 0.026406 0.000000 -0.053242 0.998179 0.028372 3.745800 -0.024868 -0.029729 0.999249 -0.000000 0.000000 0.000000 0.000000 1.000000
0.998370 0.050640 0.026318 0.000000 -0.051373 0.998288 0.027973 3.745800 -0.024856 -0.029280 0.999262 0.000000 0.000000 0.000000 0.000000 1.000000
0.998595 0.046118 0.026112 0.000000 -0.046823 0.998537 0.027046 3.745800 -0.024826 -0.028230 0.999293 -0.000000 0.000000 0.000000 0.000000 1.000000
0.998930 0.038380 0.025786 0.000000 -0.039037 0.998913 0.025477 3.745800 -0.024780 -0.026457 0.999343 0.000000 0.000000 0.000000 0.000000 1.000000
0.999326 0.026527 0.025380 -0.000000 -0.027114 0.999366 0.023086 3.745800 -0.024752 -0.023758 0.999411 0.000000 0.000000 0.000000 0.000000 1.000000
0.999639 0.010184 0.024866 0.000000 -0.010678 0.999747 0.019790 3.745800 -0.024658 -0.020049 0.999495 0.000000 0.000000 0.000000 0.000000 1.000000
0.999604 -0.014327 0.024223 0.000000 0.013970 0.999792 0.014844 3.745800 -0.024431 -0.014499 0.999596 0.000000 0.000000 0.000000 0.000000 1.000000</float_array>
        <technique_common>
          <accessor source="#mixamorig_LeftHandThumb3-Matrix-animation-output-transform-array" count="31" stride="16">
            <param type="float4x4"/>
          </accessor>
        </technique_common>
      </source>
      <source id="mixamorig_LeftHandThumb3-Interpolations">
        <Name_array id="mixamorig_LeftHandThumb3-Interpolations-array" count="31">
 LINEAR LINEAR LINEAR LINEAR LINEAR LINEAR LINEAR LINEAR LINEAR LINEAR LINEAR
LINEAR LINEAR LINEAR LINEAR LINEAR LINEAR LINEAR LINEAR LINEAR LINEAR LINEAR LINEAR
LINEAR LINEAR LINEAR LINEAR LINEAR LINEAR LINEAR LINEAR</Name_array>
        <technique_common>
          <accessor source="#mixamorig_LeftHandThumb3-Interpolations-array" count="31">
            <param type="name"/>
          </accessor>
        </technique_common>
      </source>
      <sampler id="mixamorig_LeftHandThumb3-Matrix-animation-transform">
        <input semantic="INPUT" source="#mixamorig_LeftHandThumb3-Matrix-animation-input"/>
        <input semantic="OUTPUT" source="#mixamorig_LeftHandThumb3-Matrix-animation-output-transform"/>
        <input semantic="INTERPOLATION" source="#mixamorig_LeftHandThumb3-Interpolations"/>
      </sampler>
      <channel source="#mixamorig_LeftHandThumb3-Matrix-animation-transform" target="mixamorig_LeftHandThumb3/matrix"/>
    </animation>
    <animation id="mixamorig_LeftHandIndex1-anim" name="mixamorig_LeftHandIndex1">
      <source id="mixamorig_LeftHandIndex1-Matrix-animation-input">
        <float_array id="mixamorig_LeftHandIndex1-Matrix-animation-input-array" count="31">

0.000000 0.033333 0.066667 0.100000 0.133333 0.166667 0.200000 0.233333 0.266667 0.300000 0.333333 0.366667 0.400000 0.433333 0.466667 0.500000
0.533333 0.566667 0.600000 0.633333 0.666667 0.700000 0.733333 0.766667 0.800000 0.833333 0.866667 0.900000 0.933333 0.966667 1.000000</float_array>
        <technique_common>
          <accessor source="#mixamorig_LeftHandIndex1-Matrix-animation-input-array" count="31">
            <param name="TIME" type="float"/>
          </accessor>
        </technique_common>
      </source>
      <source id="mixamorig_LeftHandIndex1-Matrix-animation-output-transform">
        <float_array id="mixamorig_LeftHandIndex1-Matrix-animation-output-transform-array" count="496">

0.957948 0.135872 0.252733 -2.441100 -0.159129 0.984489 0.073886 9.644800 -0.238774 -0.110997 0.964711 0.286500 0.000000 0.000000 0.000000 1.000000
0.963338 0.112185 0.243711 -2.441100 -0.122850 0.992003 0.028961 9.644800 -0.238513 -0.057839 0.969415 0.286500 0.000000 0.000000 0.000000 1.000000
0.967795 0.089712 0.235213 -2.441100 -0.090636 0.995860 -0.006904 9.644800 -0.234859 -0.014637 0.971919 0.286500 0.000000 0.000000 0.000000 1.000000
0.971649 0.065851 0.227072 -2.441100 -0.058623 0.997540 -0.038437 9.644800 -0.229045 0.024036 0.973119 0.286500 0.000000 0.000000 0.000000 1.000000
0.974617 0.041378 0.220020 -2.441100 -0.025470 0.996884 -0.074658 9.644800 -0.222424 0.067159 0.972634 0.286500 0.000000 0.000000 0.000000 1.000000
0.974727 0.065818 0.213486 -2.441100 -0.046477 0.994450 -0.094387 9.644800 -0.218513 0.082079 0.972376 0.286500 0.000000 0.000000 0.000000 1.000000
0.975476 0.075705 0.206677 -2.441100 -0.049489 0.990383 -0.129198 9.644800 -0.214471 0.115801 0.969841 0.286500 0.000000 0.000000 0.000000 1.000000
0.975746 0.073187 0.206308 -2.441100 -0.020654 0.969030 -0.246079 9.644800 -0.217928 0.235850 0.947039 0.286500 0.000000 0.000000 0.000000 1.000000
0.974675 0.072558 0.211526 -2.441100 0.002467 0.942352 -0.334613 9.644800 -0.223611 0.326661 0.918309 0.286500 0.000000 0.000000 0.000000 1.000000
0.973464 0.072007 0.217216 -2.441100 0.023149 0.913350 -0.406517 9.644800 -0.227667 0.400758 0.887446 0.286500 0.000000 0.000000 0.000000 1.000000
0.972102 0.071440 0.223413 -2.441100 0.042125 0.883828 -0.465912 9.644800 -0.230743 0.462326 0.856161 0.286500 0.000000 0.000000 0.000000 1.000000
0.970564 0.070757 0.230216 -2.441100 0.059640 0.855491 -0.514372 9.644800 -0.233343 0.512961 0.826088 0.286500 0.000000 0.000000 0.000000 1.000000
0.968839 0.069856 0.237638 -2.441100 0.075940 0.829432 -0.553422 9.644800 -0.235765 0.554223 0.798281 0.286500 0.000000 0.000000 0.000000 1.000000
0.966935 0.068616 0.245618 -2.441100 0.091255 0.806259 -0.584482 9.644800 -0.238136 0.587570 0.773338 0.286500 0.000000 0.000000 0.000000 1.000000
0.964877 0.066895 0.254041 -2.441100 0.105794 0.786205 -0.608843 9.644800 -0.240456 0.614335 0.751514 0.286500 0.000000 0.000000 0.000000 1.000000
0.962704 0.064531 0.262749 -2.441100 0.119744 0.769224 -0.627659 9.644800 -0.242616 0.635712 0.732808 0.286500 0.000000 0.000000 0.000000 1.000000
0.960464 0.061343 0.271560 -2.441100 0.133284 0.755060 -0.641965 9.644800 -0.244425 0.652780 0.717032 0.286500 0.000000 0.000000 0.000000 1.000000
0.958112 0.057183 0.280628 -2.441100 0.146670 0.743646 -0.652287 9.644800 -0.245987 0.666124 0.704109 0.286500 0.000000 0.000000 0.000000 1.000000
0.954957 0.052282 0.292103 -2.441100 0.160479 0.737007 -0.656557 9.644800 -0.249608 0.673860 0.695420 0.286500 0.000000 0.000000 0.000000 1.000000
0.950897 0.046836 0.305943 -2.441100 0.174406 0.735523 -0.654667 9.644800 -0.255690 0.675879 0.691238 0.286500 0.000000 0.000000 0.000000 1.000000
0.946110 0.040946 0.321245 -2.441100 0.187826 0.738707 -0.647328 9.644800 -0.263811 0.672782 0.691207 0.286500 0.000000 0.000000 0.000000 1.000000
0.940829 0.034696 0.337100 -2.441100 0.200088 0.745967 -0.635214 9.644800 -0.273505 0.665078 0.694886 0.286500 0.000000 0.000000 0.000000 1.000000
0.935347 0.028165 0.352608 -2.441100 0.210562 0.756650 -0.618987 9.644800 -0.284235 0.653214 0.701800 0.286500 0.000000 0.000000 0.000000 1.000000
0.930021 0.021424 0.366882 -2.441100 0.218685 0.770061 -0.599319 9.644800 -0.295361 0.637610 0.711488 0.286500 0.000000 0.000000 0.000000 1.000000
0.925260 0.014544 0.379054 -2.441100 0.223994 0.785499 -0.576904 9.644800 -0.306137 0.618692 0.723533 0.286500 0.000000 0.000000 0.000000 1.000000
0.921513 0.007603 0.388273 -2.441100 0.226154 0.802276 -0.552456 9.644800 -0.315703 0.596905 0.737588 0.286500 0.000000 0.000000 0.000000 1.000000
0.919237 0.000682 0.393705 -2.441100 0.224974 0.819740 -0.526700 9.644800 -0.323095 0.572735 0.753382 0.286500 0.000000 0.000000 0.000000 1.000000
0.918870 -0.006127 0.394513 -2.441100 0.220412 0.837291 -0.500362 9.644800 -0.327256 0.546723 0.770712 0.286500 0.000000 0.000000 0.000000 1.000000
0.920691 -0.013264 0.390068 -2.441100 0.211863 0.856342 -0.470949 9.644800 -0.327785 0.516239 0.791236 0.286500 0.000000 0.000000 0.000000 1.000000
0.924494 -0.021450 0.380592 -2.441100 0.199056 0.878645 -0.434004 9.644800 -0.325096 0.476993 0.816572 0.286500 0.000000 0.000000 0.000000 1.000000
0.931120 -0.032533 0.363260 -2.441100 0.180043 0.907192 -0.380245 9.644800 -0.317176 0.419456 0.850562 0.286500 0.000000 0.000000 0.000000 1.000000</float_array>
        <technique_common>
          <accessor source="#mixamorig_LeftHandIndex1-Matrix-animation-output-transform-array" count="31" stride="16">
            <param type="float4x4"/>
          </accessor>
        </technique_common>
      </source>
      <source id="mixamorig_LeftHandIndex1-Interpolations">
        <Name_array id="mixamorig_LeftHandIndex1-Interpolations-array" count="31">
 LINEAR LINEAR LINEAR LINEAR LINEAR LINEAR LINEAR LINEAR LINEAR LINEAR LINEAR
LINEAR LINEAR LINEAR LINEAR LINEAR LINEAR LINEAR LINEAR LINEAR LINEAR LINEAR LINEAR
LINEAR LINEAR LINEAR LINEAR LINEAR LINEAR LINEAR LINEAR</Name_array>
        <technique_common>
          <accessor source="#mixamorig_LeftHandIndex1-Interpolations-array" count="31">
            <param type="name"/>
          </accessor>
        </technique_common>
      </source>
      <sampler id="mixamorig_LeftHandIndex1-Matrix-animation-transform">
        <input semantic="INPUT" source="#mixamorig_LeftHandIndex1-Matrix-animation-input"/>
        <input semantic="OUTPUT" source="#mixamorig_LeftHandIndex1-Matrix-animation-output-transform"/>
        <input semantic="INTERPOLATION" source="#mixamorig_LeftHandIndex1-Interpolations"/>
      </sampler>
      <channel source="#mixamorig_LeftHandIndex1-Matrix-animation-transform" target="mixamorig_LeftHandIndex1/matrix"/>
    </animation>
    <animation id="mixamorig_LeftHandIndex2-anim" name="mixamorig_LeftHandIndex2">
      <source id="mixamorig_LeftHandIndex2-Matrix-animation-input">
        <float_array id="mixamorig_LeftHandIndex2-Matrix-animation-input-array" count="31">

0.000000 0.033333 0.066667 0.100000 0.133333 0.166667 0.200000 0.233333 0.266667 0.300000 0.333333 0.366667 0.400000 0.433333 0.466667 0.500000
0.533333 0.566667 0.600000 0.633333 0.666667 0.700000 0.733333 0.766667 0.800000 0.833333 0.866667 0.900000 0.933333 0.966667 1.000000</float_array>
        <technique_common>
          <accessor source="#mixamorig_LeftHandIndex2-Matrix-animation-input-array" count="31">
            <param name="TIME" type="float"/>
          </accessor>
        </technique_common>
      </source>
      <source id="mixamorig_LeftHandIndex2-Matrix-animation-output-transform">
        <float_array id="mixamorig_LeftHandIndex2-Matrix-animation-output-transform-array" count="496">

0.999983 0.003090 -0.004935 0.000000 -0.005166 0.861772 -0.507270 3.105700 0.002685 0.507287 0.861773 0.000000 0.000000 0.000000 0.000000 1.000000
0.999984 0.003119 -0.004813 0.000000 -0.005115 0.864489 -0.502625 3.105700 0.002593 0.502641 0.864491 0.000000 0.000000 0.000000 0.000000 1.000000
0.999984 0.003194 -0.004615 0.000000 -0.005038 0.873264 -0.487222 3.105700 0.002474 0.487237 0.873266 0.000000 0.000000 0.000000 0.000000 1.000000
0.999985 0.003297 -0.004347 0.000000 -0.004940 0.885254 -0.465081 3.105700 0.002314 0.465096 0.885257 0.000000 0.000000 0.000000 0.000000 1.000000
0.999986 0.003380 -0.004030 0.000000 -0.004816 0.896569 -0.442879 3.105700 0.002116 0.442892 0.896572 0.000000 0.000000 0.000000 0.000000 1.000000
0.999988 0.003467 -0.003458 -0.000000 -0.004573 0.913758 -0.406232 3.105700 0.001752 0.406243 0.913763 0.000000 0.000000 0.000000 0.000000 1.000000
0.999989 0.003582 -0.002877 0.000000 -0.004405 0.925269 -0.379287 3.105700 0.001304 0.379296 0.925275 0.000000 0.000000 0.000000 0.000000 1.000000
0.999989 0.003832 -0.002781 -0.000000 -0.004634 0.912774 -0.408439 3.105700 0.000973 0.408447 0.912782 0.000000 0.000000 0.000000 0.000000 1.000000
0.999988 0.004042 -0.002698 -0.000000 -0.004811 0.902046 -0.431613 3.105700 0.000689 0.431621 0.902055 0.000000 0.000000 0.000000 0.000000 1.000000
0.999988 0.004222 -0.002515 0.000000 -0.004900 0.895539 -0.444956 3.105700 0.000374 0.444963 0.895549 -0.000000 0.000000 0.000000 0.000000 1.000000
0.999988 0.004349 -0.002262 0.000000 -0.004902 0.892099 -0.451814 3.105700 0.000053 0.451819 0.892109 0.000000 0.000000 0.000000 0.000000 1.000000
0.999988 0.004395 -0.001978 0.000000 -0.004813 0.890734 -0.454499 3.105700 -0.000236 0.454503 0.890745 0.000000 0.000000 0.000000 0.000000 1.000000
0.999989 0.004417 -0.001711 0.000000 -0.004712 0.890341 -0.455271 3.105700 -0.000488 0.455274 0.890351 0.000000 0.000000 0.000000 0.000000 1.000000
0.999989 0.004424 -0.001503 0.000000 -0.004622 0.889780 -0.456366 3.105700 -0.000682 0.456368 0.889791 -0.000000 0.000000 0.000000 0.000000 1.000000
0.999989 0.004402 -0.001417 0.000000 -0.004560 0.887897 -0.460019 3.105700 -0.000767 0.460021 0.887908 -0.000000 0.000000 0.000000 0.000000 1.000000
0.999989 0.004340 -0.001477 0.000000 -0.004526 0.883487 -0.468433 3.105700 -0.000729 0.468435 0.883498 -0.000000 0.000000 0.000000 0.000000 1.000000
0.999990 0.004244 -0.001661 0.000000 -0.004518 0.875201 -0.483738 3.105700 -0.000599 0.483740 0.875212 0.000000 0.000000 0.000000 0.000000 1.000000
0.999990 0.004064 -0.002067 0.000000 -0.004550 0.861140 -0.508348 3.105700 -0.000286 0.508352 0.861149 0.000000 0.000000 0.000000 0.000000 1.000000
0.999989 0.003730 -0.002805 0.000000 -0.004656 0.838229 -0.545298 3.105700 0.000318 0.545305 0.838237 0.000000 0.000000 0.000000 0.000000 1.000000
0.999987 0.003261 -0.003797 -0.000000 -0.004875 0.806319 -0.591461 3.105700 0.001133 0.591472 0.806325 0.000000 0.000000 0.000000 0.000000 1.000000
0.999984 0.002662 -0.004953 0.000000 -0.005222 0.766502 -0.642221 3.105700 0.002087 0.642236 0.766504 0.000000 0.000000 0.000000 0.000000 1.000000
0.999979 0.001985 -0.006205 0.000000 -0.005732 0.720623 -0.693304 3.105700 0.003095 0.693324 0.720619 0.000000 0.000000 0.000000 0.000000 1.000000
0.999972 0.001221 -0.007432 0.000000 -0.006328 0.671418 -0.741052 3.105700 0.004085 0.741078 0.671407 0.000000 0.000000 0.000000 0.000000 1.000000
0.999963 0.000462 -0.008599 0.000000 -0.007017 0.622463 -0.782618 3.105700 0.004991 0.782649 0.622443 0.000000 0.000000 0.000000 0.000000 1.000000
0.999954 -0.000238 -0.009640 0.000000 -0.007729 0.577972 -0.816020 3.105700 0.005766 0.816056 0.577944 0.000000 0.000000 0.000000 0.000000 1.000000
0.999945 -0.000818 -0.010501 0.000000 -0.008378 0.542524 -0.839999 3.105700 0.006384 0.840040 0.542487 0.000000 0.000000 0.000000 0.000000 1.000000
0.999937 -0.001211 -0.011135 0.000000 -0.008875 0.520745 -0.853666 3.105700 0.006832 0.853712 0.520701 -0.000000 0.000000 0.000000 0.000000 1.000000
0.999933 -0.001343 -0.011492 -0.000000 -0.009143 0.516999 -0.855937 3.105700 0.007091 0.855985 0.516952 0.000000 0.000000 0.000000 0.000000 1.000000
0.999933 -0.001179 -0.011535 0.000000 -0.009130 0.533209 -0.845934 3.105700 0.007147 0.845983 0.533163 0.000000 0.000000 0.000000 0.000000 1.000000
0.999935 -0.000815 -0.011367 0.000000 -0.008909 0.566139 -0.824261 3.105700 0.007108 0.824309 0.566095 0.000000 0.000000 0.000000 0.000000 1.000000
0.999940 -0.000191 -0.010914 0.000000 -0.008423 0.622478 -0.782592 3.105700 0.006943 0.782637 0.622439 0.000000 0.000000 0.000000 0.000000 1.000000</float_array>
        <technique_common>
          <accessor source="#mixamorig_LeftHandIndex2-Matrix-animation-output-transform-array" count="31" stride="16">
            <param type="float4x4"/>
          </accessor>
        </technique_common>
      </source>
      <source id="mixamorig_LeftHandIndex2-Interpolations">
        <Name_array id="mixamorig_LeftHandIndex2-Interpolations-array" count="31">
 LINEAR LINEAR LINEAR LINEAR LINEAR LINEAR LINEAR LINEAR LINEAR LINEAR LINEAR
LINEAR LINEAR LINEAR LINEAR LINEAR LINEAR LINEAR LINEAR LINEAR LINEAR LINEAR LINEAR
LINEAR LINEAR LINEAR LINEAR LINEAR LINEAR LINEAR LINEAR</Name_array>
        <technique_common>
          <accessor source="#mixamorig_LeftHandIndex2-Interpolations-array" count="31">
            <param type="name"/>
          </accessor>
        </technique_common>
      </source>
      <sampler id="mixamorig_LeftHandIndex2-Matrix-animation-transform">
        <input semantic="INPUT" source="#mixamorig_LeftHandIndex2-Matrix-animation-input"/>
        <input semantic="OUTPUT" source="#mixamorig_LeftHandIndex2-Matrix-animation-output-transform"/>
        <input semantic="INTERPOLATION" source="#mixamorig_LeftHandIndex2-Interpolations"/>
      </sampler>
      <channel source="#mixamorig_LeftHandIndex2-Matrix-animation-transform" target="mixamorig_LeftHandIndex2/matrix"/>
    </animation>
    <animation id="mixamorig_LeftHandIndex3-anim" name="mixamorig_LeftHandIndex3">
      <source id="mixamorig_LeftHandIndex3-Matrix-animation-input">
        <float_array id="mixamorig_LeftHandIndex3-Matrix-animation-input-array" count="31">

0.000000 0.033333 0.066667 0.100000 0.133333 0.166667 0.200000 0.233333 0.266667 0.300000 0.333333 0.366667 0.400000 0.433333 0.466667 0.500000
0.533333 0.566667 0.600000 0.633333 0.666667 0.700000 0.733333 0.766667 0.800000 0.833333 0.866667 0.900000 0.933333 0.966667 1.000000</float_array>
        <technique_common>
          <accessor source="#mixamorig_LeftHandIndex3-Matrix-animation-input-array" count="31">
            <param name="TIME" type="float"/>
          </accessor>
        </technique_common>
      </source>
      <source id="mixamorig_LeftHandIndex3-Matrix-animation-output-transform">
        <float_array id="mixamorig_LeftHandIndex3-Matrix-animation-output-transform-array" count="496">

0.999984 0.003315 -0.004559 -0.000000 -0.005205 0.853374 -0.521274 2.847700 0.002162 0.521289 0.853377 0.000000 0.000000 0.000000 0.000000 1.000000
0.999985 0.003372 -0.004401 0.000000 -0.005155 0.857644 -0.514218 2.847700 0.002040 0.514232 0.857649 0.000000 0.000000 0.000000 0.000000 1.000000
0.999986 0.003435 -0.004135 0.000000 -0.005035 0.867899 -0.496714 2.847700 0.001882 0.496728 0.867904 0.000000 0.000000 0.000000 0.000000 1.000000
0.999987 0.003466 -0.003845 0.000000 -0.004872 0.881279 -0.472571 2.847700 0.001751 0.472584 0.881284 0.000000 0.000000 0.000000 0.000000 1.000000
0.999988 0.003506 -0.003517 0.000000 -0.004710 0.893939 -0.448164 2.847700 0.001573 0.448175 0.893944 0.000000 0.000000 0.000000 0.000000 1.000000
0.999989 0.003547 -0.003003 0.000000 -0.004467 0.912007 -0.410149 2.847700 0.001284 0.410158 0.912013 -0.000000 0.000000 0.000000 0.000000 1.000000
0.999991 0.003571 -0.002435 0.000000 -0.004229 0.924504 -0.381149 2.847700 0.000890 0.381156 0.924510 0.000000 0.000000 0.000000 0.000000 1.000000
0.999992 0.003478 -0.002029 0.000000 -0.004002 0.914207 -0.405228 2.847700 0.000445 0.405233 0.914213 0.000000 0.000000 0.000000 0.000000 1.000000
0.999993 0.003419 -0.001684 0.000000 -0.003811 0.905261 -0.424839 2.847700 0.000072 0.424842 0.905268 0.000000 0.000000 0.000000 0.000000 1.000000
0.999993 0.003442 -0.001292 0.000000 -0.003661 0.900139 -0.435587 2.847700 -0.000336 0.435588 0.900146 0.000000 0.000000 0.000000 0.000000 1.000000
0.999993 0.003504 -0.000879 0.000000 -0.003533 0.897757 -0.440477 2.847700 -0.000754 0.440477 0.897764 0.000000 0.000000 0.000000 0.000000 1.000000
0.999994 0.003549 -0.000481 0.000000 -0.003397 0.897208 -0.441595 2.847700 -0.001135 0.441594 0.897214 -0.000000 0.000000 0.000000 0.000000 1.000000
0.999994 0.003592 -0.000131 0.000000 -0.003281 0.897505 -0.440992 2.847700 -0.001467 0.440989 0.897511 -0.000000 0.000000 0.000000 0.000000 1.000000
0.999993 0.003624 0.000141 0.000000 -0.003191 0.897644 -0.440709 2.847700 -0.001724 0.440706 0.897650 0.000000 0.000000 0.000000 0.000000 1.000000
0.999993 0.003630 0.000278 0.000000 -0.003132 0.896620 -0.442789 2.847700 -0.001857 0.442785 0.896626 0.000000 0.000000 0.000000 0.000000 1.000000
0.999993 0.003609 0.000269 0.000000 -0.003103 0.893397 -0.449257 2.847700 -0.001861 0.449253 0.893403 -0.000000 0.000000 0.000000 0.000000 1.000000
0.999994 0.003549 0.000122 0.000000 -0.003091 0.886831 -0.462084 2.847700 -0.001748 0.462081 0.886836 -0.000000 0.000000 0.000000 0.000000 1.000000
0.999994 0.003409 -0.000277 0.000000 -0.003117 0.875292 -0.483584 2.847700 -0.001406 0.483582 0.875298 0.000000 0.000000 0.000000 0.000000 1.000000
0.999995 0.003142 -0.001007 0.000000 -0.003210 0.856006 -0.516957 2.847700 -0.000762 0.516957 0.856011 -0.000000 0.000000 0.000000 0.000000 1.000000
0.999994 0.002704 -0.002011 0.000000 -0.003367 0.828873 -0.559427 2.847700 0.000154 0.559431 0.828877 -0.000000 0.000000 0.000000 0.000000 1.000000
0.999992 0.002181 -0.003221 -0.000000 -0.003688 0.794907 -0.606720 2.847700 0.001237 0.606727 0.794909 -0.000000 0.000000 0.000000 0.000000 1.000000
0.999989 0.001543 -0.004509 0.000000 -0.004119 0.755759 -0.654837 2.847700 0.002397 0.654848 0.755757 0.000000 0.000000 0.000000 0.000000 1.000000
0.999983 0.000870 -0.005828 -0.000000 -0.004702 0.713855 -0.700278 2.847700 0.003551 0.700293 0.713847 -0.000000 0.000000 0.000000 0.000000 1.000000
0.999975 0.000200 -0.007097 0.000000 -0.005388 0.672370 -0.740196 2.847700 0.004623 0.740215 0.672354 0.000000 0.000000 0.000000 0.000000 1.000000
0.999966 -0.000419 -0.008245 0.000000 -0.006103 0.635064 -0.772436 2.847700 0.005560 0.772460 0.635039 -0.000000 0.000000 0.000000 0.000000 1.000000
0.999957 -0.000930 -0.009212 0.000000 -0.006764 0.606036 -0.795408 2.847700 0.006322 0.795436 0.606004 0.000000 0.000000 0.000000 0.000000 1.000000
0.999950 -0.001274 -0.009937 0.000000 -0.007276 0.589437 -0.807782 2.847700 0.006887 0.807813 0.589398 0.000000 0.000000 0.000000 0.000000 1.000000
0.999945 -0.001385 -0.010360 0.000000 -0.007555 0.589143 -0.807993 2.847700 0.007223 0.808027 0.589101 0.000000 0.000000 0.000000 0.000000 1.000000
0.999945 -0.001231 -0.010437 -0.000000 -0.007545 0.607171 -0.794536 2.847700 0.007316 0.794570 0.607128 -0.000000 0.000000 0.000000 0.000000 1.000000
0.999947 -0.000935 -0.010277 0.000000 -0.007290 0.640874 -0.767612 2.847700 0.007304 0.767646 0.640833 -0.000000 0.000000 0.000000 0.000000 1.000000
0.999952 -0.000389 -0.009821 0.000000 -0.006777 0.696393 -0.717628 2.847700 0.007118 0.717660 0.696357 0.000000 0.000000 0.000000 0.000000 1.000000</float_array>
        <technique_common>
          <accessor source="#mixamorig_LeftHandIndex3-Matrix-animation-output-transform-array" count="31" stride="16">
            <param type="float4x4"/>
          </accessor>
        </technique_common>
      </source>
      <source id="mixamorig_LeftHandIndex3-Interpolations">
        <Name_array id="mixamorig_LeftHandIndex3-Interpolations-array" count="31">
 LINEAR LINEAR LINEAR LINEAR LINEAR LINEAR LINEAR LINEAR LINEAR LINEAR LINEAR
LINEAR LINEAR LINEAR LINEAR LINEAR LINEAR LINEAR LINEAR LINEAR LINEAR LINEAR LINEAR
LINEAR LINEAR LINEAR LINEAR LINEAR LINEAR LINEAR LINEAR</Name_array>
        <technique_common>
          <accessor source="#mixamorig_LeftHandIndex3-Interpolations-array" count="31">
            <param type="name"/>
          </accessor>
        </technique_common>
      </source>
      <sampler id="mixamorig_LeftHandIndex3-Matrix-animation-transform">
        <input semantic="INPUT" source="#mixamorig_LeftHandIndex3-Matrix-animation-input"/>
        <input semantic="OUTPUT" source="#mixamorig_LeftHandIndex3-Matrix-animation-output-transform"/>
        <input semantic="INTERPOLATION" source="#mixamorig_LeftHandIndex3-Interpolations"/>
      </sampler>
      <channel source="#mixamorig_LeftHandIndex3-Matrix-animation-transform" target="mixamorig_LeftHandIndex3/matrix"/>
    </animation>
    <animation id="mixamorig_LeftHandMiddle1-anim" name="mixamorig_LeftHandMiddle1">
      <source id="mixamorig_LeftHandMiddle1-Matrix-animation-input">
        <float_array id="mixamorig_LeftHandMiddle1-Matrix-animation-input-array" count="31">

0.000000 0.033333 0.066667 0.100000 0.133333 0.166667 0.200000 0.233333 0.266667 0.300000 0.333333 0.366667 0.400000 0.433333 0.466667 0.500000
0.533333 0.566667 0.600000 0.633333 0.666667 0.700000 0.733333 0.766667 0.800000 0.833333 0.866667 0.900000 0.933333 0.966667 1.000000</float_array>
        <technique_common>
          <accessor source="#mixamorig_LeftHandMiddle1-Matrix-animation-input-array" count="31">
            <param name="TIME" type="float"/>
          </accessor>
        </technique_common>
      </source>
      <source id="mixamorig_LeftHandMiddle1-Matrix-animation-output-transform">
        <float_array id="mixamorig_LeftHandMiddle1-Matrix-animation-output-transform-array" count="496">

0.962742 0.224269 0.151101 0.000000 -0.234414 0.970701 0.052826 9.898600 -0.134827 -0.086278 0.987106 0.000000 0.000000 0.000000 0.000000 1.000000
0.970750 0.187224 0.150304 0.000000 -0.195970 0.979553 0.045520 9.898600 -0.138708 -0.073644 0.987591 0.000000 0.000000 0.000000 0.000000 1.000000
0.976065 0.159131 0.148239 -0.000000 -0.164092 0.986205 0.021780 9.898600 -0.142728 -0.045584 0.988712 0.000000 0.000000 0.000000 0.000000 1.000000
0.979687 0.135561 0.147775 -0.000000 -0.138565 0.990301 0.010179 9.898600 -0.144962 -0.030449 0.988969 0.000000 0.000000 0.000000 0.000000 1.000000
0.983687 0.100363 0.149289 0.000000 -0.105028 0.994187 0.023682 9.898600 -0.146045 -0.038975 0.988510 0.000000 0.000000 0.000000 0.000000 1.000000
0.981045 0.120306 0.151911 0.000000 -0.129984 0.989965 0.055441 9.898600 -0.143717 -0.074136 0.986838 -0.000000 0.000000 0.000000 0.000000 1.000000
0.981434 0.117158 0.151856 -0.000000 -0.126129 0.990711 0.050826 9.898600 -0.144491 -0.069036 0.987095 0.000000 0.000000 0.000000 0.000000 1.000000
0.983284 0.111084 0.144263 0.000000 -0.102031 0.992404 -0.068731 9.898600 -0.150802 0.052863 0.987149 -0.000000 0.000000 0.000000 0.000000 1.000000
0.984370 0.098963 0.145680 0.000000 -0.075677 0.984613 -0.157513 9.898600 -0.159026 0.144027 0.976712 0.000000 0.000000 0.000000 0.000000 1.000000
0.985272 0.080658 0.150778 -0.000000 -0.043555 0.971056 -0.234847 9.898600 -0.165356 0.224821 0.960267 0.000000 0.000000 0.000000 0.000000 1.000000
0.985664 0.058239 0.158350 0.000000 -0.007656 0.953007 -0.302850 9.898600 -0.168547 0.297296 0.939791 0.000000 0.000000 0.000000 0.000000 1.000000
0.985299 0.033452 0.167530 0.000000 0.029952 0.931627 -0.362180 9.898600 -0.168191 0.361874 0.916929 0.000000 0.000000 0.000000 0.000000 1.000000
0.984111 0.008076 0.177371 0.000000 0.067128 0.907896 -0.413787 9.898600 -0.164376 0.419119 0.892928 0.000000 0.000000 0.000000 0.000000 1.000000
0.982253 -0.016087 0.186869 0.000000 0.101755 0.882656 -0.458873 9.898600 -0.157559 0.469744 0.868628 0.000000 0.000000 0.000000 0.000000 1.000000
0.980098 -0.037233 0.194992 0.000000 0.131787 0.856619 -0.498835 9.898600 -0.148461 0.514604 0.844477 0.000000 0.000000 0.000000 0.000000 1.000000
0.978187 -0.053570 0.200701 0.000000 0.155278 0.830349 -0.535172 9.898600 -0.137983 0.554663 0.820555 0.000000 0.000000 0.000000 0.000000 1.000000
0.977141 -0.063319 0.202946 0.000000 0.170372 0.804223 -0.569384 9.898600 -0.127161 0.590945 0.796627 0.000000 0.000000 0.000000 0.000000 1.000000
0.977490 -0.064745 0.200802 0.000000 0.175410 0.778258 -0.602947 9.898600 -0.117238 0.624598 0.772097 0.000000 0.000000 0.000000 0.000000 1.000000
0.979171 -0.057387 0.194760 -0.000000 0.170756 0.751726 -0.636985 9.898600 -0.109851 0.656973 0.745868 -0.000000 0.000000 0.000000 0.000000 1.000000
0.981679 -0.042759 0.185682 -0.000000 0.158386 0.724854 -0.670448 9.898600 -0.105925 0.687574 0.718346 -0.000000 0.000000 0.000000 0.000000 1.000000
0.984433 -0.022613 0.174298 -0.000000 0.140317 0.698305 -0.701913 9.898600 -0.105841 0.715443 0.690607 0.000000 0.000000 0.000000 0.000000 1.000000
0.986890 0.001303 0.161387 0.000000 0.118514 0.672929 -0.730151 9.898600 -0.109554 0.739706 0.663953 -0.000000 0.000000 0.000000 0.000000 1.000000
0.988646 0.027254 0.147773 -0.000000 0.094814 0.649792 -0.754176 9.898600 -0.116576 0.759624 0.639830 -0.000000 0.000000 0.000000 0.000000 1.000000
0.989493 0.053503 0.134318 0.000000 0.070890 0.630143 -0.773236 9.898600 -0.126010 0.774634 0.619729 0.000000 0.000000 0.000000 0.000000 1.000000
0.989446 0.078331 0.121903 -0.000000 0.048216 0.615364 -0.786767 9.898600 -0.136643 0.784341 0.605093 0.000000 0.000000 0.000000 0.000000 1.000000
0.988730 0.100023 0.111397 0.000000 0.028095 0.606886 -0.794292 9.898600 -0.147053 0.788470 0.597236 0.000000 0.000000 0.000000 0.000000 1.000000
0.987724 0.116875 0.103641 0.000000 0.011732 0.606102 -0.795300 9.898600 -0.155768 0.786753 0.597291 -0.000000 0.000000 0.000000 0.000000 1.000000
0.986885 0.127165 0.099431 0.000000 0.000353 0.614261 -0.789103 9.898600 -0.161423 0.778789 0.606160 0.000000 0.000000 0.000000 0.000000 1.000000
0.986450 0.130913 0.098885 0.000000 -0.006482 0.633356 -0.773834 9.898600 -0.163934 0.762707 0.625622 0.000000 0.000000 0.000000 0.000000 1.000000
0.986309 0.130325 0.101046 0.000000 -0.011101 0.663819 -0.747811 9.898600 -0.164535 0.736451 0.656177 -0.000000 0.000000 0.000000 0.000000 1.000000
0.986495 0.124564 0.106356 0.000000 -0.014080 0.711424 -0.702622 9.898600 -0.163186 0.691636 0.703570 -0.000000 0.000000 0.000000 0.000000 1.000000</float_array>
        <technique_common>
          <accessor source="#mixamorig_LeftHandMiddle1-Matrix-animation-output-transform-array" count="31" stride="16">
            <param type="float4x4"/>
          </accessor>
        </technique_common>
      </source>
      <source id="mixamorig_LeftHandMiddle1-Interpolations">
        <Name_array id="mixamorig_LeftHandMiddle1-Interpolations-array" count="31">
 LINEAR LINEAR LINEAR LINEAR LINEAR LINEAR LINEAR LINEAR LINEAR LINEAR LINEAR
LINEAR LINEAR LINEAR LINEAR LINEAR LINEAR LINEAR LINEAR LINEAR LINEAR LINEAR LINEAR
LINEAR LINEAR LINEAR LINEAR LINEAR LINEAR LINEAR LINEAR</Name_array>
        <technique_common>
          <accessor source="#mixamorig_LeftHandMiddle1-Interpolations-array" count="31">
            <param type="name"/>
          </accessor>
        </technique_common>
      </source>
      <sampler id="mixamorig_LeftHandMiddle1-Matrix-animation-transform">
        <input semantic="INPUT" source="#mixamorig_LeftHandMiddle1-Matrix-animation-input"/>
        <input semantic="OUTPUT" source="#mixamorig_LeftHandMiddle1-Matrix-animation-output-transform"/>
        <input semantic="INTERPOLATION" source="#mixamorig_LeftHandMiddle1-Interpolations"/>
      </sampler>
      <channel source="#mixamorig_LeftHandMiddle1-Matrix-animation-transform" target="mixamorig_LeftHandMiddle1/matrix"/>
    </animation>
    <animation id="mixamorig_LeftHandMiddle2-anim" name="mixamorig_LeftHandMiddle2">
      <source id="mixamorig_LeftHandMiddle2-Matrix-animation-input">
        <float_array id="mixamorig_LeftHandMiddle2-Matrix-animation-input-array" count="31">

0.000000 0.033333 0.066667 0.100000 0.133333 0.166667 0.200000 0.233333 0.266667 0.300000 0.333333 0.366667 0.400000 0.433333 0.466667 0.500000
0.533333 0.566667 0.600000 0.633333 0.666667 0.700000 0.733333 0.766667 0.800000 0.833333 0.866667 0.900000 0.933333 0.966667 1.000000</float_array>
        <technique_common>
          <accessor source="#mixamorig_LeftHandMiddle2-Matrix-animation-input-array" count="31">
            <param name="TIME" type="float"/>
          </accessor>
        </technique_common>
      </source>
      <source id="mixamorig_LeftHandMiddle2-Matrix-animation-output-transform">
        <float_array id="mixamorig_LeftHandMiddle2-Matrix-animation-output-transform-array" count="496">

0.999930 0.011673 -0.001716 0.000000 -0.011222 0.896065 -0.443780 3.757000 -0.003643 0.443769 0.896134 0.000000 0.000000 0.000000 0.000000 1.000000
0.999933 0.011499 -0.001455 -0.000000 -0.011062 0.909321 -0.415948 3.757000 -0.003460 0.415937 0.909387 0.000000 0.000000 0.000000 0.000000 1.000000
0.999935 0.011298 -0.001228 0.000000 -0.010904 0.923326 -0.383862 3.757000 -0.003203 0.383851 0.923390 0.000000 0.000000 0.000000 0.000000 1.000000
0.999938 0.011079 -0.001030 0.000000 -0.010744 0.937321 -0.348301 3.757000 -0.002893 0.348291 0.937382 0.000000 0.000000 0.000000 0.000000 1.000000
0.999941 0.010844 -0.000858 0.000000 -0.010575 0.950644 -0.310105 3.757000 -0.002547 0.310096 0.950702 0.000000 0.000000 0.000000 0.000000 1.000000
0.999944 0.010598 -0.000703 0.000000 -0.010394 0.962753 -0.270183 3.757000 -0.002187 0.270175 0.962809 0.000000 0.000000 0.000000 0.000000 1.000000
0.999946 0.010351 -0.000597 0.000000 -0.010211 0.973253 -0.229511 3.757000 -0.001795 0.229505 0.973306 -0.000000 0.000000 0.000000 0.000000 1.000000
0.999946 0.010351 -0.001001 0.000000 -0.010305 0.973334 -0.229161 3.757000 -0.001397 0.229159 0.973388 0.000000 0.000000 0.000000 0.000000 1.000000
0.999943 0.010577 -0.001264 0.000000 -0.010531 0.963796 -0.266433 3.757000 -0.001600 0.266431 0.963853 0.000000 0.000000 0.000000 0.000000 1.000000
0.999941 0.010776 -0.001471 0.000000 -0.010722 0.954082 -0.299354 3.757000 -0.001822 0.299352 0.954141 0.000000 0.000000 0.000000 0.000000 1.000000
0.999939 0.010966 -0.001622 -0.000000 -0.010888 0.944167 -0.329288 3.757000 -0.002079 0.329285 0.944228 0.000000 0.000000 0.000000 0.000000 1.000000
0.999936 0.011142 -0.001710 0.000000 -0.011018 0.933972 -0.357175 3.757000 -0.002383 0.357171 0.934036 -0.000000 0.000000 0.000000 0.000000 1.000000
0.999934 0.011309 -0.001783 0.000000 -0.011127 0.923298 -0.383923 3.757000 -0.002695 0.383917 0.923363 0.000000 0.000000 0.000000 0.000000 1.000000
0.999932 0.011472 -0.001844 0.000000 -0.011218 0.911833 -0.410407 3.757000 -0.003026 0.410400 0.911901 0.000000 0.000000 0.000000 0.000000 1.000000
0.999930 0.011641 -0.001898 0.000000 -0.011298 0.899168 -0.437458 3.757000 -0.003386 0.437449 0.899237 0.000000 0.000000 0.000000 0.000000 1.000000
0.999928 0.011821 -0.001949 -0.000000 -0.011368 0.884789 -0.465854 3.757000 -0.003783 0.465843 0.884859 0.000000 0.000000 0.000000 0.000000 1.000000
0.999926 0.012004 -0.001996 -0.000000 -0.011412 0.868071 -0.496309 3.757000 -0.004225 0.496295 0.868144 0.000000 0.000000 0.000000 0.000000 1.000000
0.999923 0.012204 -0.002056 0.000000 -0.011437 0.847835 -0.530137 3.757000 -0.004727 0.530120 0.847909 0.000000 0.000000 0.000000 0.000000 1.000000
0.999920 0.012448 -0.002125 0.000000 -0.011429 0.820547 -0.571465 3.757000 -0.005370 0.571444 0.820624 -0.000000 0.000000 0.000000 0.000000 1.000000
0.999916 0.012765 -0.002144 0.000000 -0.011358 0.785845 -0.618320 3.757000 -0.006208 0.618292 0.785924 0.000000 0.000000 0.000000 0.000000 1.000000
0.999911 0.013147 -0.002155 -0.000000 -0.011232 0.744966 -0.667008 3.757000 -0.007163 0.666973 0.745048 0.000000 0.000000 0.000000 0.000000 1.000000
0.999906 0.013534 -0.002169 0.000000 -0.011021 0.699824 -0.714230 3.757000 -0.008148 0.714187 0.699908 -0.000000 0.000000 0.000000 0.000000 1.000000
0.999901 0.013906 -0.002183 -0.000000 -0.010735 0.653030 -0.757256 3.757000 -0.009105 0.757204 0.653115 0.000000 0.000000 0.000000 0.000000 1.000000
0.999896 0.014242 -0.002193 -0.000000 -0.010399 0.607793 -0.794027 3.757000 -0.009975 0.793968 0.607878 0.000000 0.000000 0.000000 0.000000 1.000000
0.999893 0.014475 -0.002178 -0.000000 -0.010012 0.567747 -0.823142 3.757000 -0.010679 0.823076 0.567832 0.000000 0.000000 0.000000 0.000000 1.000000
0.999890 0.014648 -0.002128 0.000000 -0.009658 0.536732 -0.843698 3.757000 -0.011216 0.843626 0.536814 0.000000 0.000000 0.000000 0.000000 1.000000
0.999889 0.014740 -0.002088 0.000000 -0.009430 0.518561 -0.854989 3.757000 -0.011520 0.854914 0.518643 0.000000 0.000000 0.000000 0.000000 1.000000
0.999889 0.014741 -0.002043 0.000000 -0.009368 0.516800 -0.856055 3.757000 -0.011563 0.855979 0.516881 0.000000 0.000000 0.000000 0.000000 1.000000
0.999890 0.014694 -0.001926 0.000000 -0.009470 0.533552 -0.845714 3.757000 -0.011400 0.845640 0.533632 0.000000 0.000000 0.000000 0.000000 1.000000
0.999892 0.014572 -0.001690 0.000000 -0.009651 0.566712 -0.823859 3.757000 -0.011047 0.823787 0.566792 -0.000000 0.000000 0.000000 0.000000 1.000000
0.999897 0.014293 -0.001350 0.000000 -0.009962 0.623045 -0.782123 3.757000 -0.010338 0.782056 0.623123 0.000000 0.000000 0.000000 0.000000 1.000000</float_array>
        <technique_common>
          <accessor source="#mixamorig_LeftHandMiddle2-Matrix-animation-output-transform-array" count="31" stride="16">
            <param type="float4x4"/>
          </accessor>
        </technique_common>
      </source>
      <source id="mixamorig_LeftHandMiddle2-Interpolations">
        <Name_array id="mixamorig_LeftHandMiddle2-Interpolations-array" count="31">
 LINEAR LINEAR LINEAR LINEAR LINEAR LINEAR LINEAR LINEAR LINEAR LINEAR LINEAR
LINEAR LINEAR LINEAR LINEAR LINEAR LINEAR LINEAR LINEAR LINEAR LINEAR LINEAR LINEAR
LINEAR LINEAR LINEAR LINEAR LINEAR LINEAR LINEAR LINEAR</Name_array>
        <technique_common>
          <accessor source="#mixamorig_LeftHandMiddle2-Interpolations-array" count="31">
            <param type="name"/>
          </accessor>
        </technique_common>
      </source>
      <sampler id="mixamorig_LeftHandMiddle2-Matrix-animation-transform">
        <input semantic="INPUT" source="#mixamorig_LeftHandMiddle2-Matrix-animation-input"/>
        <input semantic="OUTPUT" source="#mixamorig_LeftHandMiddle2-Matrix-animation-output-transform"/>
        <input semantic="INTERPOLATION" source="#mixamorig_LeftHandMiddle2-Interpolations"/>
      </sampler>
      <channel source="#mixamorig_LeftHandMiddle2-Matrix-animation-transform" target="mixamorig_LeftHandMiddle2/matrix"/>
    </animation>
    <animation id="mixamorig_LeftHandMiddle3-anim" name="mixamorig_LeftHandMiddle3">
      <source id="mixamorig_LeftHandMiddle3-Matrix-animation-input">
        <float_array id="mixamorig_LeftHandMiddle3-Matrix-animation-input-array" count="31">

0.000000 0.033333 0.066667 0.100000 0.133333 0.166667 0.200000 0.233333 0.266667 0.300000 0.333333 0.366667 0.400000 0.433333 0.466667 0.500000
0.533333 0.566667 0.600000 0.633333 0.666667 0.700000 0.733333 0.766667 0.800000 0.833333 0.866667 0.900000 0.933333 0.966667 1.000000</float_array>
        <technique_common>
          <accessor source="#mixamorig_LeftHandMiddle3-Matrix-animation-input-array" count="31">
            <param name="TIME" type="float"/>
          </accessor>
        </technique_common>
      </source>
      <source id="mixamorig_LeftHandMiddle3-Matrix-animation-output-transform">
        <float_array id="mixamorig_LeftHandMiddle3-Matrix-animation-output-transform-array" count="496">

0.999973 0.006677 0.002916 0.000000 -0.003609 0.801647 -0.597786 3.615200 -0.006329 0.597760 0.801650 0.000000 0.000000 0.000000 0.000000 1.000000
0.999976 0.006235 0.002870 0.000000 -0.003527 0.825451 -0.564462 3.615200 -0.005888 0.564439 0.825454 0.000000 0.000000 0.000000 0.000000 1.000000
0.999979 0.005822 0.002820 0.000000 -0.003412 0.845011 -0.534738 3.615200 -0.005497 0.534717 0.845013 0.000000 0.000000 0.000000 0.000000 1.000000
0.999983 0.005208 0.002793 0.000000 -0.003153 0.869968 -0.493098 3.615200 -0.004998 0.493081 0.869969 -0.000000 0.000000 0.000000 0.000000 1.000000
0.999987 0.004393 0.002624 -0.000000 -0.002829 0.901926 -0.431882 3.615200 -0.004264 0.431869 0.901926 0.000000 0.000000 0.000000 0.000000 1.000000
0.999992 0.003449 0.002256 0.000000 -0.002419 0.934389 -0.356246 3.615200 -0.003337 0.356237 0.934390 0.000000 0.000000 0.000000 0.000000 1.000000
0.999994 0.002721 0.001900 0.000000 -0.002023 0.953585 -0.301116 3.615200 -0.002631 0.301110 0.953586 0.000000 0.000000 0.000000 0.000000 1.000000
0.999995 0.002589 0.001707 0.000000 -0.001905 0.947221 -0.320575 3.615200 -0.002447 0.320570 0.947222 0.000000 0.000000 0.000000 0.000000 1.000000
0.999995 0.002591 0.001674 -0.000000 -0.001866 0.940168 -0.340706 3.615200 -0.002457 0.340701 0.940168 0.000000 0.000000 0.000000 0.000000 1.000000
0.999995 0.002623 0.001672 0.000000 -0.001847 0.933242 -0.359244 3.615200 -0.002503 0.359239 0.933242 0.000000 0.000000 0.000000 0.000000 1.000000
0.999995 0.002684 0.001730 0.000000 -0.001834 0.926296 -0.376792 3.615200 -0.002614 0.376787 0.926296 -0.000000 0.000000 0.000000 0.000000 1.000000
0.999994 0.002777 0.001834 -0.000000 -0.001830 0.919135 -0.393937 3.615200 -0.002780 0.393932 0.919135 0.000000 0.000000 0.000000 0.000000 1.000000
0.999994 0.002903 0.001947 -0.000000 -0.001845 0.911523 -0.411246 3.615200 -0.002968 0.411240 0.911522 -0.000000 0.000000 0.000000 0.000000 1.000000
0.999993 0.003054 0.002074 0.000000 -0.001868 0.903176 -0.429267 3.615200 -0.003184 0.429260 0.903175 -0.000000 0.000000 0.000000 0.000000 1.000000
0.999992 0.003231 0.002222 0.000000 -0.001892 0.893768 -0.448526 3.615200 -0.003435 0.448518 0.893767 0.000000 0.000000 0.000000 0.000000 1.000000
0.999991 0.003443 0.002389 0.000000 -0.001918 0.882921 -0.469518 3.615200 -0.003726 0.469509 0.882920 0.000000 0.000000 0.000000 0.000000 1.000000
0.999990 0.003687 0.002582 0.000000 -0.001936 0.870197 -0.492700 3.615200 -0.004063 0.492690 0.870195 0.000000 0.000000 0.000000 0.000000 1.000000
0.999988 0.003987 0.002799 -0.000000 -0.001955 0.854647 -0.519206 3.615200 -0.004462 0.519194 0.854644 -0.000000 0.000000 0.000000 0.000000 1.000000
0.999986 0.004404 0.003081 0.000000 -0.001963 0.832925 -0.553383 3.615200 -0.005003 0.553369 0.832921 0.000000 0.000000 0.000000 0.000000 1.000000
0.999982 0.004966 0.003477 0.000000 -0.001932 0.804712 -0.593662 3.615200 -0.005746 0.593645 0.804707 0.000000 0.000000 0.000000 0.000000 1.000000
0.999976 0.005652 0.003907 -0.000000 -0.001870 0.771128 -0.636677 3.615200 -0.006611 0.636655 0.771120 0.000000 0.000000 0.000000 0.000000 1.000000
0.999970 0.006386 0.004334 -0.000000 -0.001741 0.733819 -0.679342 3.615200 -0.007519 0.679315 0.733809 0.000000 0.000000 0.000000 0.000000 1.000000
0.999963 0.007131 0.004735 -0.000000 -0.001552 0.695004 -0.719005 3.615200 -0.008418 0.718971 0.694989 0.000000 0.000000 0.000000 0.000000 1.000000
0.999956 0.007837 0.005089 -0.000000 -0.001317 0.657423 -0.753520 3.615200 -0.009251 0.753481 0.657405 0.000000 0.000000 0.000000 0.000000 1.000000
0.999950 0.008440 0.005405 -0.000000 -0.001046 0.624214 -0.781252 3.615200 -0.009968 0.781208 0.624192 -0.000000 0.000000 0.000000 0.000000 1.000000
0.999944 0.008899 0.005684 -0.000000 -0.000775 0.598723 -0.800955 3.615200 -0.010531 0.800906 0.598697 0.000000 0.000000 0.000000 0.000000 1.000000
0.999941 0.009172 0.005862 -0.000000 -0.000602 0.584307 -0.811533 3.615200 -0.010869 0.811481 0.584278 -0.000000 0.000000 0.000000 0.000000 1.000000
0.999940 0.009197 0.005919 0.000000 -0.000567 0.584101 -0.811681 3.615200 -0.010923 0.811629 0.584071 0.000000 0.000000 0.000000 0.000000 1.000000
0.999942 0.009007 0.005909 0.000000 -0.000675 0.599845 -0.800116 3.615200 -0.010751 0.800066 0.599816 -0.000000 0.000000 0.000000 0.000000 1.000000
0.999946 0.008608 0.005878 -0.000000 -0.000852 0.629501 -0.776999 3.615200 -0.010388 0.776952 0.629474 -0.000000 0.000000 0.000000 0.000000 1.000000
0.999953 0.007879 0.005736 0.000000 -0.001138 0.678894 -0.734236 3.615200 -0.009679 0.734194 0.678870 0.000000 0.000000 0.000000 0.000000 1.000000</float_array>
        <technique_common>
          <accessor source="#mixamorig_LeftHandMiddle3-Matrix-animation-output-transform-array" count="31" stride="16">
            <param type="float4x4"/>
          </accessor>
        </technique_common>
      </source>
      <source id="mixamorig_LeftHandMiddle3-Interpolations">
        <Name_array id="mixamorig_LeftHandMiddle3-Interpolations-array" count="31">
 LINEAR LINEAR LINEAR LINEAR LINEAR LINEAR LINEAR LINEAR LINEAR LINEAR LINEAR
LINEAR LINEAR LINEAR LINEAR LINEAR LINEAR LINEAR LINEAR LINEAR LINEAR LINEAR LINEAR
LINEAR LINEAR LINEAR LINEAR LINEAR LINEAR LINEAR LINEAR</Name_array>
        <technique_common>
          <accessor source="#mixamorig_LeftHandMiddle3-Interpolations-array" count="31">
            <param type="name"/>
          </accessor>
        </technique_common>
      </source>
      <sampler id="mixamorig_LeftHandMiddle3-Matrix-animation-transform">
        <input semantic="INPUT" source="#mixamorig_LeftHandMiddle3-Matrix-animation-input"/>
        <input semantic="OUTPUT" source="#mixamorig_LeftHandMiddle3-Matrix-animation-output-transform"/>
        <input semantic="INTERPOLATION" source="#mixamorig_LeftHandMiddle3-Interpolations"/>
      </sampler>
      <channel source="#mixamorig_LeftHandMiddle3-Matrix-animation-transform" target="mixamorig_LeftHandMiddle3/matrix"/>
    </animation>
    <animation id="mixamorig_LeftHandRing1-anim" name="mixamorig_LeftHandRing1">
      <source id="mixamorig_LeftHandRing1-Matrix-animation-input">
        <float_array id="mixamorig_LeftHandRing1-Matrix-animation-input-array" count="31">

0.000000 0.033333 0.066667 0.100000 0.133333 0.166667 0.200000 0.233333 0.266667 0.300000 0.333333 0.366667 0.400000 0.433333 0.466667 0.500000
0.533333 0.566667 0.600000 0.633333 0.666667 0.700000 0.733333 0.766667 0.800000 0.833333 0.866667 0.900000 0.933333 0.966667 1.000000</float_array>
        <technique_common>
          <accessor source="#mixamorig_LeftHandRing1-Matrix-animation-input-array" count="31">
            <param name="TIME" type="float"/>
          </accessor>
        </technique_common>
      </source>
      <source id="mixamorig_LeftHandRing1-Matrix-animation-output-transform">
        <float_array id="mixamorig_LeftHandRing1-Matrix-animation-output-transform-array" count="496">

0.923911 0.359061 0.132151 2.664400 -0.371204 0.924907 0.082188 8.985900 -0.092717 -0.124990 0.987816 0.175200 0.000000 0.000000 0.000000 1.000000
0.924073 0.354521 0.142838 2.664400 -0.373429 0.917085 0.139664 8.985900 -0.081481 -0.182400 0.979842 0.175200 0.000000 0.000000 0.000000 1.000000
0.923935 0.357364 0.136511 2.664400 -0.374024 0.918788 0.126232 8.985900 -0.080314 -0.167688 0.982563 0.175200 0.000000 0.000000 0.000000 1.000000
0.926397 0.349814 0.139348 2.664400 -0.367278 0.921048 0.129527 8.985900 -0.083036 -0.171173 0.981736 0.175200 0.000000 0.000000 0.000000 1.000000
0.943825 0.287908 0.162181 2.664400 -0.318238 0.924120 0.211486 8.985900 -0.088987 -0.251218 0.963831 0.175200 0.000000 0.000000 0.000000 1.000000
0.938285 0.291656 0.185897 2.664400 -0.336565 0.893748 0.296545 8.985900 -0.079656 -0.340810 0.936751 0.175200 0.000000 0.000000 0.000000 1.000000
0.943910 0.267283 0.193894 2.664400 -0.318868 0.890352 0.324955 8.985900 -0.085779 -0.368555 0.925640 0.175200 0.000000 0.000000 0.000000 1.000000
0.925038 0.335029 0.179051 2.664400 -0.367760 0.907903 0.201161 8.985900 -0.095166 -0.251929 0.963055 0.175200 0.000000 0.000000 0.000000 1.000000
0.917088 0.361984 0.167082 2.664400 -0.381500 0.918490 0.104088 8.985900 -0.115785 -0.159200 0.980433 0.175200 0.000000 0.000000 0.000000 1.000000
0.915944 0.370688 0.153743 2.664400 -0.376246 0.926488 0.007687 8.985900 -0.139592 -0.064886 0.988081 0.175200 0.000000 0.000000 0.000000 1.000000
0.919916 0.366732 0.138785 2.664400 -0.357401 0.929799 -0.087967 8.985900 -0.161303 0.031320 0.986408 0.175200 0.000000 0.000000 0.000000 1.000000
0.927569 0.353091 0.122237 2.664400 -0.328774 0.926702 -0.182019 8.985900 -0.177547 0.128647 0.975667 0.175200 0.000000 0.000000 0.000000 1.000000
0.937263 0.332659 0.104285 2.664400 -0.294574 0.915675 -0.273432 8.985900 -0.186451 0.225558 0.956222 0.175200 0.000000 0.000000 0.000000 1.000000
0.947431 0.308393 0.085258 2.664400 -0.259111 0.895837 -0.361023 8.985900 -0.187715 0.319953 0.928651 0.175200 0.000000 0.000000 0.000000 1.000000
0.956761 0.283382 0.065598 2.664400 -0.226439 0.867179 -0.443538 8.985900 -0.182575 0.409506 0.893852 0.175200 0.000000 0.000000 0.000000 1.000000
0.964284 0.260877 0.045818 2.664400 -0.200010 0.830581 -0.519742 8.985900 -0.173644 0.492015 0.853094 0.175200 0.000000 0.000000 0.000000 1.000000
0.969348 0.244262 0.026460 2.664400 -0.182402 0.787616 -0.588549 8.985900 -0.164601 0.565683 0.808028 0.175200 0.000000 0.000000 0.000000 1.000000
0.971741 0.235917 0.007841 2.664400 -0.174338 0.739699 -0.649963 8.985900 -0.159138 0.630229 0.759925 0.175200 0.000000 0.000000 0.000000 1.000000
0.973037 0.230374 -0.011273 2.664400 -0.170320 0.684710 -0.708634 8.985900 -0.155532 0.691447 0.705486 0.175200 0.000000 0.000000 0.000000 1.000000
0.973773 0.225400 -0.030991 2.664400 -0.168529 0.623057 -0.763805 8.985900 -0.152852 0.748996 0.644703 0.175200 0.000000 0.000000 0.000000 1.000000
0.973967 0.220915 -0.050836 2.664400 -0.168770 0.556934 -0.813229 8.985900 -0.151342 0.800638 0.579720 0.175200 0.000000 0.000000 0.000000 1.000000
0.973656 0.216936 -0.070237 2.664400 -0.170676 0.489089 -0.855372 8.985900 -0.151209 0.844826 0.513231 0.175200 0.000000 0.000000 0.000000 1.000000
0.972899 0.213599 -0.088558 2.664400 -0.173757 0.422651 -0.889480 8.985900 -0.152563 0.880762 0.448311 0.175200 0.000000 0.000000 0.000000 1.000000
0.971785 0.211144 -0.105127 2.664400 -0.177466 0.360935 -0.915550 8.985900 -0.155369 0.908375 0.388222 0.175200 0.000000 0.000000 0.000000 1.000000
0.970419 0.209911 -0.119266 2.664400 -0.181280 0.307270 -0.934196 8.985900 -0.159451 0.928182 0.336233 0.175200 0.000000 0.000000 0.000000 1.000000
0.968915 0.210292 -0.130311 2.664400 -0.184772 0.264869 -0.946416 8.985900 -0.164508 0.941075 0.295492 0.175200 0.000000 0.000000 0.000000 1.000000
0.967378 0.212695 -0.137625 2.664400 -0.187673 0.236752 -0.953272 8.985900 -0.170173 0.948003 0.268946 0.175200 0.000000 0.000000 0.000000 1.000000
0.965884 0.217478 -0.140611 2.664400 -0.189920 0.225709 -0.955503 8.985900 -0.176064 0.949610 0.259312 0.175200 0.000000 0.000000 0.000000 1.000000
0.964323 0.225609 -0.138500 2.664400 -0.191768 0.234649 -0.952977 8.985900 -0.182501 0.945537 0.269542 0.175200 0.000000 0.000000 0.000000 1.000000
0.962421 0.238280 -0.130266 2.664400 -0.193864 0.266935 -0.944014 8.985900 -0.190167 0.933793 0.303097 0.175200 0.000000 0.000000 0.000000 1.000000
0.959504 0.258213 -0.112598 2.664400 -0.197877 0.333324 -0.921813 8.985900 -0.200493 0.906764 0.370920 0.175200 0.000000 0.000000 0.000000 1.000000</float_array>
        <technique_common>
          <accessor source="#mixamorig_LeftHandRing1-Matrix-animation-output-transform-array" count="31" stride="16">
            <param type="float4x4"/>
          </accessor>
        </technique_common>
      </source>
      <source id="mixamorig_LeftHandRing1-Interpolations">
        <Name_array id="mixamorig_LeftHandRing1-Interpolations-array" count="31">
 LINEAR LINEAR LINEAR LINEAR LINEAR LINEAR LINEAR LINEAR LINEAR LINEAR LINEAR
LINEAR LINEAR LINEAR LINEAR LINEAR LINEAR LINEAR LINEAR LINEAR LINEAR LINEAR LINEAR
LINEAR LINEAR LINEAR LINEAR LINEAR LINEAR LINEAR LINEAR</Name_array>
        <technique_common>
          <accessor source="#mixamorig_LeftHandRing1-Interpolations-array" count="31">
            <param type="name"/>
          </accessor>
        </technique_common>
      </source>
      <sampler id="mixamorig_LeftHandRing1-Matrix-animation-transform">
        <input semantic="INPUT" source="#mixamorig_LeftHandRing1-Matrix-animation-input"/>
        <input semantic="OUTPUT" source="#mixamorig_LeftHandRing1-Matrix-animation-output-transform"/>
        <input semantic="INTERPOLATION" source="#mixamorig_LeftHandRing1-Interpolations"/>
      </sampler>
      <channel source="#mixamorig_LeftHandRing1-Matrix-animation-transform" target="mixamorig_LeftHandRing1/matrix"/>
    </animation>
    <animation id="mixamorig_LeftHandRing2-anim" name="mixamorig_LeftHandRing2">
      <source id="mixamorig_LeftHandRing2-Matrix-animation-input">
        <float_array id="mixamorig_LeftHandRing2-Matrix-animation-input-array" count="31">

0.000000 0.033333 0.066667 0.100000 0.133333 0.166667 0.200000 0.233333 0.266667 0.300000 0.333333 0.366667 0.400000 0.433333 0.466667 0.500000
0.533333 0.566667 0.600000 0.633333 0.666667 0.700000 0.733333 0.766667 0.800000 0.833333 0.866667 0.900000 0.933333 0.966667 1.000000</float_array>
        <technique_common>
          <accessor source="#mixamorig_LeftHandRing2-Matrix-animation-input-array" count="31">
            <param name="TIME" type="float"/>
          </accessor>
        </technique_common>
      </source>
      <source id="mixamorig_LeftHandRing2-Matrix-animation-output-transform">
        <float_array id="mixamorig_LeftHandRing2-Matrix-animation-output-transform-array" count="496">

0.999985 0.005401 -0.000831 0.000000 -0.005203 0.894676 -0.446686 3.488800 -0.001669 0.446684 0.894690 -0.000000 0.000000 0.000000 0.000000 1.000000
0.999986 0.005215 -0.000597 0.000000 -0.004986 0.908157 -0.418599 3.488800 -0.001641 0.418597 0.908171 0.000000 0.000000 0.000000 0.000000 1.000000
0.999988 0.004983 -0.000373 -0.000000 -0.004741 0.922396 -0.386218 3.488800 -0.001581 0.386214 0.922408 0.000000 0.000000 0.000000 0.000000 1.000000
0.999989 0.004716 -0.000156 0.000000 -0.004472 0.936617 -0.350326 3.488800 -0.001506 0.350322 0.936628 -0.000000 0.000000 0.000000 0.000000 1.000000
0.999990 0.004426 0.000046 -0.000000 -0.004191 0.950146 -0.311776 3.488800 -0.001423 0.311773 0.950156 0.000000 0.000000 0.000000 0.000000 1.000000
0.999991 0.004120 0.000229 -0.000000 -0.003903 0.962433 -0.271490 3.488800 -0.001339 0.271487 0.962441 0.000000 0.000000 0.000000 0.000000 1.000000
0.999993 0.003810 0.000388 0.000000 -0.003618 0.973077 -0.230454 3.488800 -0.001255 0.230451 0.973083 -0.000000 0.000000 0.000000 0.000000 1.000000
0.999994 0.003504 0.000525 0.000000 -0.003341 0.981836 -0.189700 3.488800 -0.001180 0.189697 0.981842 0.000000 0.000000 0.000000 0.000000 1.000000
0.999994 0.003539 0.000654 -0.000000 -0.003338 0.979973 -0.199102 3.488800 -0.001345 0.199099 0.979979 -0.000000 0.000000 0.000000 0.000000 1.000000
0.999993 0.003718 0.000786 -0.000000 -0.003443 0.973998 -0.226529 3.488800 -0.001608 0.226525 0.974004 0.000000 0.000000 0.000000 0.000000 1.000000
0.999992 0.003981 0.000942 -0.000000 -0.003586 0.963847 -0.266431 3.488800 -0.001969 0.266426 0.963853 0.000000 0.000000 0.000000 0.000000 1.000000
0.999990 0.004323 0.001101 0.000000 -0.003754 0.948873 -0.315634 3.488800 -0.002409 0.315627 0.948880 -0.000000 0.000000 0.000000 0.000000 1.000000
0.999988 0.004728 0.001233 0.000000 -0.003934 0.928662 -0.370907 3.488800 -0.002899 0.370898 0.928669 -0.000000 0.000000 0.000000 0.000000 1.000000
0.999986 0.005180 0.001317 0.000000 -0.004114 0.903277 -0.429038 3.488800 -0.003413 0.429027 0.903285 -0.000000 0.000000 0.000000 0.000000 1.000000
0.999983 0.005626 0.001368 0.000000 -0.004248 0.873411 -0.486965 3.488800 -0.003935 0.486951 0.873420 0.000000 0.000000 0.000000 0.000000 1.000000
0.999981 0.006060 0.001394 0.000000 -0.004337 0.840432 -0.541900 3.488800 -0.004455 0.541883 0.840442 -0.000000 0.000000 0.000000 0.000000 1.000000
0.999978 0.006459 0.001393 0.000000 -0.004384 0.806338 -0.591438 3.488800 -0.004943 0.591419 0.806349 0.000000 0.000000 0.000000 0.000000 1.000000
0.999976 0.006800 0.001370 0.000000 -0.004382 0.772359 -0.635171 3.488800 -0.005377 0.635150 0.772370 0.000000 0.000000 0.000000 0.000000 1.000000
0.999973 0.007162 0.001333 -0.000000 -0.004330 0.731443 -0.681889 3.488800 -0.005859 0.681865 0.731455 0.000000 0.000000 0.000000 0.000000 1.000000
0.999971 0.007547 0.001259 -0.000000 -0.004227 0.682036 -0.731307 3.488800 -0.006377 0.731280 0.682048 0.000000 0.000000 0.000000 0.000000 1.000000
0.999968 0.007932 0.001141 -0.000000 -0.004075 0.625904 -0.779890 3.488800 -0.006901 0.779860 0.625916 -0.000000 0.000000 0.000000 0.000000 1.000000
0.999965 0.008303 0.000976 -0.000000 -0.003891 0.565555 -0.824702 3.488800 -0.007400 0.824669 0.565567 0.000000 0.000000 0.000000 0.000000 1.000000
0.999962 0.008639 0.000774 -0.000000 -0.003687 0.504166 -0.863599 3.488800 -0.007851 0.863563 0.504179 -0.000000 0.000000 0.000000 0.000000 1.000000
0.999960 0.008928 0.000546 0.000000 -0.003488 0.445423 -0.895314 3.488800 -0.008236 0.895276 0.445436 -0.000000 0.000000 0.000000 0.000000 1.000000
0.999958 0.009154 0.000306 -0.000000 -0.003320 0.393305 -0.919402 3.488800 -0.008537 0.919363 0.393319 -0.000000 0.000000 0.000000 0.000000 1.000000
0.999957 0.009304 0.000075 0.000000 -0.003203 0.351875 -0.936041 3.488800 -0.008735 0.936001 0.351890 0.000000 0.000000 0.000000 0.000000 1.000000
0.999956 0.009378 -0.000117 0.000000 -0.003160 0.325106 -0.945672 3.488800 -0.008831 0.945631 0.325121 0.000000 0.000000 0.000000 0.000000 1.000000
0.999956 0.009417 -0.000245 -0.000000 -0.003215 0.316746 -0.948505 3.488800 -0.008854 0.948464 0.316762 -0.000000 0.000000 0.000000 0.000000 1.000000
0.999956 0.009327 -0.000283 0.000000 -0.003339 0.329350 -0.944202 3.488800 -0.008713 0.944162 0.329367 -0.000000 0.000000 0.000000 0.000000 1.000000
0.999959 0.009087 -0.000251 0.000000 -0.003544 0.364354 -0.931254 3.488800 -0.008371 0.931216 0.364371 0.000000 0.000000 0.000000 0.000000 1.000000
0.999962 0.008721 -0.000197 0.000000 -0.003833 0.419016 -0.907971 3.488800 -0.007836 0.907937 0.419033 0.000000 0.000000 0.000000 0.000000 1.000000</float_array>
        <technique_common>
          <accessor source="#mixamorig_LeftHandRing2-Matrix-animation-output-transform-array" count="31" stride="16">
            <param type="float4x4"/>
          </accessor>
        </technique_common>
      </source>
      <source id="mixamorig_LeftHandRing2-Interpolations">
        <Name_array id="mixamorig_LeftHandRing2-Interpolations-array" count="31">
 LINEAR LINEAR LINEAR LINEAR LINEAR LINEAR LINEAR LINEAR LINEAR LINEAR LINEAR
LINEAR LINEAR LINEAR LINEAR LINEAR LINEAR LINEAR LINEAR LINEAR LINEAR LINEAR LINEAR
LINEAR LINEAR LINEAR LINEAR LINEAR LINEAR LINEAR LINEAR</Name_array>
        <technique_common>
          <accessor source="#mixamorig_LeftHandRing2-Interpolations-array" count="31">
            <param type="name"/>
          </accessor>
        </technique_common>
      </source>
      <sampler id="mixamorig_LeftHandRing2-Matrix-animation-transform">
        <input semantic="INPUT" source="#mixamorig_LeftHandRing2-Matrix-animation-input"/>
        <input semantic="OUTPUT" source="#mixamorig_LeftHandRing2-Matrix-animation-output-transform"/>
        <input semantic="INTERPOLATION" source="#mixamorig_LeftHandRing2-Interpolations"/>
      </sampler>
      <channel source="#mixamorig_LeftHandRing2-Matrix-animation-transform" target="mixamorig_LeftHandRing2/matrix"/>
    </animation>
    <animation id="mixamorig_LeftHandRing3-anim" name="mixamorig_LeftHandRing3">
      <source id="mixamorig_LeftHandRing3-Matrix-animation-input">
        <float_array id="mixamorig_LeftHandRing3-Matrix-animation-input-array" count="31">

0.000000 0.033333 0.066667 0.100000 0.133333 0.166667 0.200000 0.233333 0.266667 0.300000 0.333333 0.366667 0.400000 0.433333 0.466667 0.500000
0.533333 0.566667 0.600000 0.633333 0.666667 0.700000 0.733333 0.766667 0.800000 0.833333 0.866667 0.900000 0.933333 0.966667 1.000000</float_array>
        <technique_common>
          <accessor source="#mixamorig_LeftHandRing3-Matrix-animation-input-array" count="31">
            <param name="TIME" type="float"/>
          </accessor>
        </technique_common>
      </source>
      <source id="mixamorig_LeftHandRing3-Matrix-animation-output-transform">
        <float_array id="mixamorig_LeftHandRing3-Matrix-animation-output-transform-array" count="496">

0.999886 0.014753 -0.003113 0.000000 -0.014183 0.850278 -0.526143 3.511900 -0.005115 0.526127 0.850391 0.000000 0.000000 0.000000 0.000000 1.000000
0.999891 0.014473 -0.002896 0.000000 -0.014040 0.872110 -0.489109 3.511900 -0.004553 0.489097 0.872218 0.000000 0.000000 0.000000 0.000000 1.000000
0.999896 0.014187 -0.002612 0.000000 -0.013863 0.894946 -0.445959 3.511900 -0.003989 0.445948 0.895050 0.000000 0.000000 0.000000 0.000000 1.000000
0.999901 0.013852 -0.002319 -0.000000 -0.013632 0.917439 -0.397643 3.511900 -0.003380 0.397635 0.917537 0.000000 0.000000 0.000000 0.000000 1.000000
0.999907 0.013481 -0.002016 0.000000 -0.013348 0.938408 -0.345271 3.511900 -0.002763 0.345266 0.938501 0.000000 0.000000 0.000000 0.000000 1.000000
0.999913 0.013085 -0.001719 0.000000 -0.013021 0.956903 -0.290115 3.511900 -0.002151 0.290112 0.956990 0.000000 0.000000 0.000000 0.000000 1.000000
0.999919 0.012678 -0.001436 0.000000 -0.012663 0.972255 -0.233581 3.511900 -0.001565 0.233580 0.972336 0.000000 0.000000 0.000000 0.000000 1.000000
0.999924 0.012298 -0.001172 -0.000000 -0.012311 0.984102 -0.177179 3.511900 -0.001025 0.177180 0.984178 0.000000 0.000000 0.000000 0.000000 1.000000
0.999924 0.012256 -0.001193 0.000000 -0.012270 0.983497 -0.180506 3.511900 -0.001039 0.180507 0.983573 0.000000 0.000000 0.000000 0.000000 1.000000
0.999923 0.012322 -0.001318 0.000000 -0.012330 0.978570 -0.205544 3.511900 -0.001243 0.205544 0.978647 0.000000 0.000000 0.000000 0.000000 1.000000
0.999921 0.012465 -0.001522 0.000000 -0.012457 0.969276 -0.245658 3.511900 -0.001587 0.245658 0.969355 0.000000 0.000000 0.000000 0.000000 1.000000
0.999918 0.012685 -0.001794 0.000000 -0.012646 0.954785 -0.297028 3.511900 -0.002055 0.297026 0.954867 0.000000 0.000000 0.000000 0.000000 1.000000
0.999914 0.012938 -0.002129 0.000000 -0.012849 0.934501 -0.355728 3.511900 -0.002613 0.355725 0.934587 0.000000 0.000000 0.000000 0.000000 1.000000
0.999910 0.013193 -0.002509 0.000000 -0.013035 0.908420 -0.417855 3.511900 -0.003234 0.417850 0.908510 0.000000 0.000000 0.000000 0.000000 1.000000
0.999906 0.013432 -0.002918 0.000000 -0.013186 0.877348 -0.479674 3.511900 -0.003883 0.479667 0.877442 -0.000000 0.000000 0.000000 0.000000 1.000000
0.999901 0.013639 -0.003334 0.000000 -0.013292 0.842965 -0.537805 3.511900 -0.004525 0.537796 0.843063 0.000000 0.000000 0.000000 0.000000 1.000000
0.999898 0.013806 -0.003731 0.000000 -0.013352 0.807761 -0.589358 3.511900 -0.005123 0.589348 0.807863 0.000000 0.000000 0.000000 0.000000 1.000000
0.999895 0.013933 -0.004101 0.000000 -0.013376 0.773464 -0.633699 3.511900 -0.005657 0.633687 0.773569 0.000000 0.000000 0.000000 0.000000 1.000000
0.999891 0.014071 -0.004496 0.000000 -0.013370 0.732672 -0.680450 3.511900 -0.006280 0.680436 0.732780 0.000000 0.000000 0.000000 0.000000 1.000000
0.999887 0.014210 -0.004943 -0.000000 -0.013323 0.683637 -0.729701 3.511900 -0.006990 0.729684 0.683749 0.000000 0.000000 0.000000 0.000000 1.000000
0.999883 0.014306 -0.005444 0.000000 -0.013223 0.628115 -0.778008 3.511900 -0.007711 0.777989 0.628230 0.000000 0.000000 0.000000 0.000000 1.000000
0.999879 0.014344 -0.005975 0.000000 -0.013072 0.568579 -0.822525 3.511900 -0.008401 0.822504 0.568698 0.000000 0.000000 0.000000 0.000000 1.000000
0.999876 0.014321 -0.006501 0.000000 -0.012877 0.508153 -0.861171 3.511900 -0.009029 0.861148 0.508274 0.000000 0.000000 0.000000 0.000000 1.000000
0.999874 0.014295 -0.006965 0.000000 -0.012659 0.450448 -0.892713 3.511900 -0.009624 0.892688 0.450572 0.000000 0.000000 0.000000 0.000000 1.000000
0.999871 0.014255 -0.007358 0.000000 -0.012439 0.399362 -0.916709 3.511900 -0.010130 0.916682 0.399488 0.000000 0.000000 0.000000 0.000000 1.000000
0.999870 0.014211 -0.007659 -0.000000 -0.012250 0.358869 -0.933308 3.511900 -0.010515 0.933280 0.358996 0.000000 0.000000 0.000000 0.000000 1.000000
0.999869 0.014140 -0.007863 0.000000 -0.012122 0.332853 -0.942901 3.511900 -0.010715 0.942873 0.332981 -0.000000 0.000000 0.000000 0.000000 1.000000
0.999869 0.014110 -0.007923 0.000000 -0.012080 0.324982 -0.945643 3.511900 -0.010768 0.945615 0.325110 0.000000 0.000000 0.000000 0.000000 1.000000
0.999869 0.014149 -0.007825 -0.000000 -0.012146 0.337856 -0.941119 3.511900 -0.010672 0.941091 0.337984 0.000000 0.000000 0.000000 0.000000 1.000000
0.999870 0.014227 -0.007551 -0.000000 -0.012318 0.373331 -0.927617 3.511900 -0.010378 0.927589 0.373458 -0.000000 0.000000 0.000000 0.000000 1.000000
0.999873 0.014280 -0.007130 0.000000 -0.012564 0.428711 -0.903354 3.511900 -0.009843 0.903329 0.428836 0.000000 0.000000 0.000000 0.000000 1.000000</float_array>
        <technique_common>
          <accessor source="#mixamorig_LeftHandRing3-Matrix-animation-output-transform-array" count="31" stride="16">
            <param type="float4x4"/>
          </accessor>
        </technique_common>
      </source>
      <source id="mixamorig_LeftHandRing3-Interpolations">
        <Name_array id="mixamorig_LeftHandRing3-Interpolations-array" count="31">
 LINEAR LINEAR LINEAR LINEAR LINEAR LINEAR LINEAR LINEAR LINEAR LINEAR LINEAR
LINEAR LINEAR LINEAR LINEAR LINEAR LINEAR LINEAR LINEAR LINEAR LINEAR LINEAR LINEAR
LINEAR LINEAR LINEAR LINEAR LINEAR LINEAR LINEAR LINEAR</Name_array>
        <technique_common>
          <accessor source="#mixamorig_LeftHandRing3-Interpolations-array" count="31">
            <param type="name"/>
          </accessor>
        </technique_common>
      </source>
      <sampler id="mixamorig_LeftHandRing3-Matrix-animation-transform">
        <input semantic="INPUT" source="#mixamorig_LeftHandRing3-Matrix-animation-input"/>
        <input semantic="OUTPUT" source="#mixamorig_LeftHandRing3-Matrix-animation-output-transform"/>
        <input semantic="INTERPOLATION" source="#mixamorig_LeftHandRing3-Interpolations"/>
      </sampler>
      <channel source="#mixamorig_LeftHandRing3-Matrix-animation-transform" target="mixamorig_LeftHandRing3/matrix"/>
    </animation>
    <animation id="mixamorig_LeftHandPinky1-anim" name="mixamorig_LeftHandPinky1">
      <source id="mixamorig_LeftHandPinky1-Matrix-animation-input">
        <float_array id="mixamorig_LeftHandPinky1-Matrix-animation-input-array" count="31">

0.000000 0.033333 0.066667 0.100000 0.133333 0.166667 0.200000 0.233333 0.266667 0.300000 0.333333 0.366667 0.400000 0.433333 0.466667 0.500000
0.533333 0.566667 0.600000 0.633333 0.666667 0.700000 0.733333 0.766667 0.800000 0.833333 0.866667 0.900000 0.933333 0.966667 1.000000</float_array>
        <technique_common>
          <accessor source="#mixamorig_LeftHandPinky1-Matrix-animation-input-array" count="31">
            <param name="TIME" type="float"/>
          </accessor>
        </technique_common>
      </source>
      <source id="mixamorig_LeftHandPinky1-Matrix-animation-output-transform">
        <float_array id="mixamorig_LeftHandPinky1-Matrix-animation-output-transform-array" count="496">

0.983673 0.179930 0.003491 4.366700 -0.173126 0.940827 0.291329 7.803100 0.049135 -0.287177 0.956617 0.191700 0.000000 0.000000 0.000000 1.000000
0.982280 0.185917 0.023690 4.366700 -0.183995 0.932541 0.310667 7.803100 0.035667 -0.309521 0.950224 0.191700 0.000000 0.000000 0.000000 1.000000
0.980200 0.192479 0.046474 4.366700 -0.196887 0.922445 0.332161 7.803100 0.021064 -0.334734 0.942077 0.191700 0.000000 0.000000 0.000000 1.000000
0.977341 0.199357 0.071137 4.366700 -0.211584 0.910598 0.355027 7.803100 0.006000 -0.362034 0.932145 0.191700 0.000000 0.000000 0.000000 1.000000
0.973667 0.206320 0.096983 4.366700 -0.227803 0.897126 0.378510 7.803100 -0.008912 -0.390636 0.920502 0.191700 0.000000 0.000000 0.000000 1.000000
0.969202 0.213161 0.123328 4.366700 -0.245178 0.882245 0.401911 7.803100 -0.023134 -0.419770 0.907336 0.191700 0.000000 0.000000 0.000000 1.000000
0.964040 0.219710 0.149513 4.366700 -0.263276 0.866258 0.424598 7.803100 -0.036228 -0.448693 0.892951 0.191700 0.000000 0.000000 0.000000 1.000000
0.958335 0.225828 0.174915 4.366700 -0.281605 0.849564 0.446027 7.803100 -0.047876 -0.476700 0.877761 0.191700 0.000000 0.000000 0.000000 1.000000
0.955544 0.233031 0.180643 4.366700 -0.287601 0.871647 0.396885 7.803100 -0.064970 -0.431194 0.899917 0.191700 0.000000 0.000000 0.000000 1.000000
0.953816 0.241721 0.178340 4.366700 -0.288286 0.903433 0.317332 7.803100 -0.084413 -0.354089 0.931394 0.191700 0.000000 0.000000 0.000000 1.000000
0.952872 0.251810 0.169195 4.366700 -0.284948 0.934283 0.214290 7.803100 -0.104115 -0.252402 0.962005 0.191700 0.000000 0.000000 0.000000 1.000000
0.952506 0.263012 0.153481 4.366700 -0.278878 0.955837 0.092753 7.803100 -0.122308 -0.131150 0.983789 0.191700 0.000000 0.000000 0.000000 1.000000
0.952452 0.274733 0.131744 4.366700 -0.271742 0.961517 -0.040524 7.803100 -0.137808 0.002797 0.990455 0.191700 0.000000 0.000000 0.000000 1.000000
0.952421 0.286126 0.105000 4.366700 -0.265169 0.947748 -0.177367 7.803100 -0.150263 0.141086 0.978527 0.191700 0.000000 0.000000 0.000000 1.000000
0.952172 0.296251 0.074856 4.366700 -0.260292 0.914705 -0.309132 7.803100 -0.160052 0.274863 0.948069 0.191700 0.000000 0.000000 0.000000 1.000000
0.951593 0.304263 0.043523 4.366700 -0.257440 0.866368 -0.427939 7.803100 -0.167913 0.396019 0.902759 0.191700 0.000000 0.000000 0.000000 1.000000
0.950771 0.309590 0.013718 4.366700 -0.256097 0.809876 -0.527744 7.803100 -0.174494 0.498251 0.849292 0.191700 0.000000 0.000000 0.000000 1.000000
0.950037 0.311886 -0.012493 4.366700 -0.255079 0.752683 -0.606962 7.803100 -0.179899 0.579823 0.794633 0.191700 0.000000 0.000000 0.000000 1.000000
0.949785 0.310382 -0.039647 4.366700 -0.253670 0.689596 -0.678313 7.803100 -0.183196 0.654308 0.733703 0.191700 0.000000 0.000000 0.000000 1.000000
0.949763 0.305298 -0.068880 4.366700 -0.252879 0.618914 -0.743638 7.803100 -0.184400 0.723698 0.665025 0.191700 0.000000 0.000000 0.000000 1.000000
0.949602 0.297313 -0.099299 4.366700 -0.253667 0.542794 -0.800642 7.803100 -0.184142 0.785481 0.590856 0.191700 0.000000 0.000000 0.000000 1.000000
0.949012 0.287239 -0.129886 4.366700 -0.256511 0.464115 -0.847820 7.803100 -0.183246 0.837908 0.514131 0.191700 0.000000 0.000000 0.000000 1.000000
0.947811 0.276042 -0.159545 4.366700 -0.261395 0.386257 -0.884578 7.803100 -0.182556 0.880117 0.438255 0.191700 0.000000 0.000000 0.000000 1.000000
0.945957 0.264839 -0.187154 4.366700 -0.267870 0.312826 -0.911255 7.803100 -0.182789 0.912141 0.366862 0.191700 0.000000 0.000000 0.000000 1.000000
0.943536 0.254879 -0.211604 4.366700 -0.275181 0.247415 -0.929011 7.803100 -0.184431 0.934785 0.303583 0.191700 0.000000 0.000000 0.000000 1.000000
0.940744 0.247495 -0.231836 4.366700 -0.282436 0.193421 -0.939584 7.803100 -0.187700 0.949386 0.251861 0.191700 0.000000 0.000000 0.000000 1.000000
0.937820 0.244052 -0.246846 4.366700 -0.288782 0.153948 -0.944937 7.803100 -0.192612 0.957465 0.214853 0.191700 0.000000 0.000000 0.000000 1.000000
0.934972 0.245873 -0.255681 4.366700 -0.293575 0.131791 -0.946808 7.803100 -0.199098 0.960301 0.195404 0.191700 0.000000 0.000000 0.000000 1.000000
0.932143 0.254500 -0.257564 4.366700 -0.296767 0.129421 -0.946139 7.803100 -0.207458 0.958374 0.196166 0.191700 0.000000 0.000000 0.000000 1.000000
0.929029 0.271139 -0.251772 4.366700 -0.299112 0.149802 -0.942386 7.803100 -0.217802 0.950812 0.220271 0.191700 0.000000 0.000000 0.000000 1.000000
0.925408 0.294520 -0.238491 4.366700 -0.301563 0.191150 -0.934089 7.803100 -0.229520 0.936333 0.265708 0.191700 0.000000 0.000000 0.000000 1.000000</float_array>
        <technique_common>
          <accessor source="#mixamorig_LeftHandPinky1-Matrix-animation-output-transform-array" count="31" stride="16">
            <param type="float4x4"/>
          </accessor>
        </technique_common>
      </source>
      <source id="mixamorig_LeftHandPinky1-Interpolations">
        <Name_array id="mixamorig_LeftHandPinky1-Interpolations-array" count="31">
 LINEAR LINEAR LINEAR LINEAR LINEAR LINEAR LINEAR LINEAR LINEAR LINEAR LINEAR
LINEAR LINEAR LINEAR LINEAR LINEAR LINEAR LINEAR LINEAR LINEAR LINEAR LINEAR LINEAR
LINEAR LINEAR LINEAR LINEAR LINEAR LINEAR LINEAR LINEAR</Name_array>
        <technique_common>
          <accessor source="#mixamorig_LeftHandPinky1-Interpolations-array" count="31">
            <param type="name"/>
          </accessor>
        </technique_common>
      </source>
      <sampler id="mixamorig_LeftHandPinky1-Matrix-animation-transform">
        <input semantic="INPUT" source="#mixamorig_LeftHandPinky1-Matrix-animation-input"/>
        <input semantic="OUTPUT" source="#mixamorig_LeftHandPinky1-Matrix-animation-output-transform"/>
        <input semantic="INTERPOLATION" source="#mixamorig_LeftHandPinky1-Interpolations"/>
      </sampler>
      <channel source="#mixamorig_LeftHandPinky1-Matrix-animation-transform" target="mixamorig_LeftHandPinky1/matrix"/>
    </animation>
    <animation id="mixamorig_LeftHandPinky2-anim" name="mixamorig_LeftHandPinky2">
      <source id="mixamorig_LeftHandPinky2-Matrix-animation-input">
        <float_array id="mixamorig_LeftHandPinky2-Matrix-animation-input-array" count="31">

0.000000 0.033333 0.066667 0.100000 0.133333 0.166667 0.200000 0.233333 0.266667 0.300000 0.333333 0.366667 0.400000 0.433333 0.466667 0.500000
0.533333 0.566667 0.600000 0.633333 0.666667 0.700000 0.733333 0.766667 0.800000 0.833333 0.866667 0.900000 0.933333 0.966667 1.000000</float_array>
        <technique_common>
          <accessor source="#mixamorig_LeftHandPinky2-Matrix-animation-input-array" count="31">
            <param name="TIME" type="float"/>
          </accessor>
        </technique_common>
      </source>
      <source id="mixamorig_LeftHandPinky2-Matrix-animation-output-transform">
        <float_array id="mixamorig_LeftHandPinky2-Matrix-animation-output-transform-array" count="496">

0.999984 0.005676 -0.000565 0.000000 -0.004652 0.754117 -0.656724 3.218900 -0.003302 0.656716 0.754131 0.000000 0.000000 0.000000 0.000000 1.000000
0.999985 0.005393 -0.000399 0.000000 -0.004480 0.784775 -0.619764 3.218900 -0.003029 0.619757 0.784788 0.000000 0.000000 0.000000 0.000000 1.000000
0.999987 0.005060 -0.000247 0.000000 -0.004279 0.817394 -0.576062 3.218900 -0.002713 0.576056 0.817406 0.000000 0.000000 0.000000 0.000000 1.000000
0.999989 0.004683 -0.000124 0.000000 -0.004048 0.850226 -0.526403 3.218900 -0.002360 0.526398 0.850235 0.000000 0.000000 0.000000 0.000000 1.000000
0.999991 0.004259 -0.000034 0.000000 -0.003771 0.881692 -0.471810 3.218900 -0.001979 0.471805 0.881700 -0.000000 0.000000 0.000000 0.000000 1.000000
0.999993 0.003811 0.000008 -0.000000 -0.003466 0.910475 -0.413550 3.218900 -0.001583 0.413547 0.910481 0.000000 0.000000 0.000000 0.000000 1.000000
0.999994 0.003379 0.000047 -0.000000 -0.003145 0.935573 -0.353119 3.218900 -0.001237 0.353117 0.935578 0.000000 0.000000 0.000000 0.000000 1.000000
0.999996 0.002978 0.000116 0.000000 -0.002814 0.956356 -0.292189 3.218900 -0.000981 0.292187 0.956361 0.000000 0.000000 0.000000 0.000000 1.000000
0.999996 0.002918 0.000206 0.000000 -0.002731 0.956582 -0.291449 3.218900 -0.001047 0.291448 0.956586 0.000000 0.000000 0.000000 0.000000 1.000000
0.999995 0.003021 0.000293 -0.000000 -0.002778 0.949852 -0.312686 3.218900 -0.001223 0.312684 0.949857 0.000000 0.000000 0.000000 0.000000 1.000000
0.999995 0.003212 0.000389 -0.000000 -0.002874 0.937082 -0.349097 3.218900 -0.001485 0.349094 0.937087 0.000000 0.000000 0.000000 0.000000 1.000000
0.999994 0.003448 0.000490 0.000000 -0.002971 0.917949 -0.396686 3.218900 -0.001818 0.396683 0.917954 0.000000 0.000000 0.000000 0.000000 1.000000
0.999993 0.003752 0.000568 0.000000 -0.003091 0.892326 -0.451381 3.218900 -0.002201 0.451375 0.892331 0.000000 0.000000 0.000000 0.000000 1.000000
0.999991 0.004091 0.000618 0.000000 -0.003207 0.860657 -0.509176 3.218900 -0.002615 0.509169 0.860662 -0.000000 0.000000 0.000000 0.000000 1.000000
0.999990 0.004441 0.000638 0.000000 -0.003299 0.824170 -0.566333 3.218900 -0.003041 0.566325 0.824176 -0.000000 0.000000 0.000000 0.000000 1.000000
0.999988 0.004787 0.000633 0.000000 -0.003366 0.784944 -0.619557 3.218900 -0.003463 0.619548 0.784951 0.000000 0.000000 0.000000 0.000000 1.000000
0.999987 0.005107 0.000595 0.000000 -0.003413 0.745826 -0.666133 3.218900 -0.003846 0.666122 0.745833 0.000000 0.000000 0.000000 0.000000 1.000000
0.999985 0.005390 0.000541 0.000000 -0.003439 0.708697 -0.705505 3.218900 -0.004186 0.705493 0.708705 0.000000 0.000000 0.000000 0.000000 1.000000
0.999984 0.005697 0.000458 -0.000000 -0.003449 0.665420 -0.746461 3.218900 -0.004557 0.746447 0.665429 -0.000000 0.000000 0.000000 0.000000 1.000000
0.999982 0.006047 0.000344 -0.000000 -0.003443 0.614232 -0.789118 3.218900 -0.004983 0.789102 0.614242 0.000000 0.000000 0.000000 0.000000 1.000000
0.999979 0.006407 0.000190 0.000000 -0.003412 0.557093 -0.830443 3.218900 -0.005427 0.830425 0.557104 0.000000 0.000000 0.000000 0.000000 1.000000
0.999977 0.006764 -0.000006 0.000000 -0.003364 0.496559 -0.867996 3.218900 -0.005868 0.867976 0.496571 -0.000000 0.000000 0.000000 0.000000 1.000000
0.999975 0.007097 -0.000249 0.000000 -0.003317 0.435708 -0.900082 3.218900 -0.006280 0.900060 0.435721 0.000000 0.000000 0.000000 0.000000 1.000000
0.999973 0.007382 -0.000511 -0.000000 -0.003264 0.377996 -0.925802 3.218900 -0.006641 0.925778 0.378010 0.000000 0.000000 0.000000 0.000000 1.000000
0.999971 0.007580 -0.000797 -0.000000 -0.003232 0.327082 -0.944990 3.218900 -0.006903 0.944966 0.327097 0.000000 0.000000 0.000000 0.000000 1.000000
0.999970 0.007724 -0.001062 0.000000 -0.003232 0.286661 -0.958027 3.218900 -0.007096 0.958001 0.286677 0.000000 0.000000 0.000000 0.000000 1.000000
0.999969 0.007816 -0.001271 -0.000000 -0.003262 0.260340 -0.965511 3.218900 -0.007216 0.965485 0.260358 0.000000 0.000000 0.000000 0.000000 1.000000
0.999968 0.007848 -0.001366 -0.000000 -0.003297 0.251553 -0.967838 3.218900 -0.007252 0.967812 0.251571 0.000000 0.000000 0.000000 0.000000 1.000000
0.999968 0.007835 -0.001394 0.000000 -0.003402 0.262470 -0.964934 3.218900 -0.007195 0.964908 0.262489 0.000000 0.000000 0.000000 0.000000 1.000000
0.999969 0.007769 -0.001351 -0.000000 -0.003582 0.294822 -0.955546 3.218900 -0.007025 0.955521 0.294840 -0.000000 0.000000 0.000000 0.000000 1.000000
0.999971 0.007509 -0.001262 -0.000000 -0.003876 0.359254 -0.933232 3.218900 -0.006554 0.933210 0.359273 -0.000000 0.000000 0.000000 0.000000 1.000000</float_array>
        <technique_common>
          <accessor source="#mixamorig_LeftHandPinky2-Matrix-animation-output-transform-array" count="31" stride="16">
            <param type="float4x4"/>
          </accessor>
        </technique_common>
      </source>
      <source id="mixamorig_LeftHandPinky2-Interpolations">
        <Name_array id="mixamorig_LeftHandPinky2-Interpolations-array" count="31">
 LINEAR LINEAR LINEAR LINEAR LINEAR LINEAR LINEAR LINEAR LINEAR LINEAR LINEAR
LINEAR LINEAR LINEAR LINEAR LINEAR LINEAR LINEAR LINEAR LINEAR LINEAR LINEAR LINEAR
LINEAR LINEAR LINEAR LINEAR LINEAR LINEAR LINEAR LINEAR</Name_array>
        <technique_common>
          <accessor source="#mixamorig_LeftHandPinky2-Interpolations-array" count="31">
            <param type="name"/>
          </accessor>
        </technique_common>
      </source>
      <sampler id="mixamorig_LeftHandPinky2-Matrix-animation-transform">
        <input semantic="INPUT" source="#mixamorig_LeftHandPinky2-Matrix-animation-input"/>
        <input semantic="OUTPUT" source="#mixamorig_LeftHandPinky2-Matrix-animation-output-transform"/>
        <input semantic="INTERPOLATION" source="#mixamorig_LeftHandPinky2-Interpolations"/>
      </sampler>
      <channel source="#mixamorig_LeftHandPinky2-Matrix-animation-transform" target="mixamorig_LeftHandPinky2/matrix"/>
    </animation>
    <animation id="mixamorig_LeftHandPinky3-anim" name="mixamorig_LeftHandPinky3">
      <source id="mixamorig_LeftHandPinky3-Matrix-animation-input">
        <float_array id="mixamorig_LeftHandPinky3-Matrix-animation-input-array" count="31">

0.000000 0.033333 0.066667 0.100000 0.133333 0.166667 0.200000 0.233333 0.266667 0.300000 0.333333 0.366667 0.400000 0.433333 0.466667 0.500000
0.533333 0.566667 0.600000 0.633333 0.666667 0.700000 0.733333 0.766667 0.800000 0.833333 0.866667 0.900000 0.933333 0.966667 1.000000</float_array>
        <technique_common>
          <accessor source="#mixamorig_LeftHandPinky3-Matrix-animation-input-array" count="31">
            <param name="TIME" type="float"/>
          </accessor>
        </technique_common>
      </source>
      <source id="mixamorig_LeftHandPinky3-Matrix-animation-output-transform">
        <float_array id="mixamorig_LeftHandPinky3-Matrix-animation-output-transform-array" count="496">

0.999984 0.005695 0.000116 -0.000000 -0.004277 0.764118 -0.645062 2.622400 -0.003762 0.645051 0.764130 0.000000 0.000000 0.000000 0.000000 1.000000
0.999986 0.005332 0.000191 0.000000 -0.004136 0.797237 -0.603653 2.622400 -0.003371 0.603643 0.797247 -0.000000 0.000000 0.000000 0.000000 1.000000
0.999988 0.004913 0.000247 -0.000000 -0.003951 0.832119 -0.554583 2.622400 -0.002930 0.554575 0.832128 0.000000 0.000000 0.000000 0.000000 1.000000
0.999990 0.004444 0.000276 0.000000 -0.003714 0.866745 -0.498738 2.622400 -0.002456 0.498732 0.866753 0.000000 0.000000 0.000000 0.000000 1.000000
0.999992 0.003953 0.000265 0.000000 -0.003439 0.899310 -0.437298 2.622400 -0.001966 0.437294 0.899317 0.000000 0.000000 0.000000 0.000000 1.000000
0.999994 0.003453 0.000215 0.000000 -0.003126 0.928329 -0.371746 2.622400 -0.001483 0.371743 0.928334 0.000000 0.000000 0.000000 0.000000 1.000000
0.999996 0.002959 0.000204 -0.000000 -0.002757 0.952723 -0.303829 2.622400 -0.001093 0.303827 0.952727 0.000000 0.000000 0.000000 0.000000 1.000000
0.999997 0.002459 0.000104 0.000000 -0.002365 0.971872 -0.235498 2.622400 -0.000680 0.235497 0.971875 0.000000 0.000000 0.000000 0.000000 1.000000
0.999997 0.002382 0.000163 0.000000 -0.002279 0.972552 -0.232675 2.622400 -0.000713 0.232674 0.972555 0.000000 0.000000 0.000000 0.000000 1.000000
0.999997 0.002467 0.000288 0.000000 -0.002314 0.967284 -0.253687 2.622400 -0.000905 0.253685 0.967286 0.000000 0.000000 0.000000 0.000000 1.000000
0.999996 0.002634 0.000458 0.000000 -0.002386 0.956638 -0.291271 2.622400 -0.001206 0.291268 0.956641 -0.000000 0.000000 0.000000 0.000000 1.000000
0.999996 0.002906 0.000639 0.000000 -0.002514 0.939980 -0.341221 2.622400 -0.001593 0.341218 0.939983 0.000000 0.000000 0.000000 0.000000 1.000000
0.999994 0.003251 0.000807 0.000000 -0.002659 0.916850 -0.399223 2.622400 -0.002038 0.399218 0.916854 0.000000 0.000000 0.000000 0.000000 1.000000
0.999993 0.003641 0.000942 0.000000 -0.002797 0.887400 -0.460993 2.622400 -0.002514 0.460987 0.887404 0.000000 0.000000 0.000000 0.000000 1.000000
0.999991 0.004047 0.001032 0.000000 -0.002912 0.852654 -0.522469 2.622400 -0.002994 0.522461 0.852658 -0.000000 0.000000 0.000000 0.000000 1.000000
0.999990 0.004450 0.001068 0.000000 -0.003006 0.814594 -0.580023 2.622400 -0.003451 0.580014 0.814599 -0.000000 0.000000 0.000000 0.000000 1.000000
0.999988 0.004814 0.001066 0.000000 -0.003064 0.776088 -0.630618 2.622400 -0.003863 0.630607 0.776093 0.000000 0.000000 0.000000 0.000000 1.000000
0.999986 0.005131 0.001039 0.000000 -0.003093 0.739131 -0.673555 2.622400 -0.004224 0.673542 0.739137 0.000000 0.000000 0.000000 0.000000 1.000000
0.999984 0.005484 0.000981 -0.000000 -0.003110 0.695632 -0.718392 2.622400 -0.004622 0.718378 0.695638 0.000000 0.000000 0.000000 0.000000 1.000000
0.999982 0.005876 0.000884 0.000000 -0.003106 0.643700 -0.765272 2.622400 -0.005066 0.765255 0.643707 0.000000 0.000000 0.000000 0.000000 1.000000
0.999980 0.006306 0.000750 0.000000 -0.003083 0.585220 -0.810868 2.622400 -0.005553 0.810850 0.585228 0.000000 0.000000 0.000000 0.000000 1.000000
0.999977 0.006740 0.000566 -0.000000 -0.003041 0.522760 -0.852474 2.622400 -0.006042 0.852453 0.522769 0.000000 0.000000 0.000000 0.000000 1.000000
0.999974 0.007155 0.000350 -0.000000 -0.002977 0.459492 -0.888177 2.622400 -0.006516 0.888153 0.459502 -0.000000 0.000000 0.000000 0.000000 1.000000
0.999972 0.007540 0.000120 -0.000000 -0.002898 0.399037 -0.916930 2.622400 -0.006961 0.916904 0.399047 -0.000000 0.000000 0.000000 0.000000 1.000000
0.999969 0.007868 -0.000129 0.000000 -0.002838 0.345257 -0.938504 2.622400 -0.007340 0.938475 0.345269 0.000000 0.000000 0.000000 0.000000 1.000000
0.999967 0.008101 -0.000371 -0.000000 -0.002801 0.302071 -0.953281 2.622400 -0.007611 0.953251 0.302084 0.000000 0.000000 0.000000 0.000000 1.000000
0.999966 0.008226 -0.000537 -0.000000 -0.002765 0.273299 -0.961925 2.622400 -0.007766 0.961894 0.273313 0.000000 0.000000 0.000000 0.000000 1.000000
0.999966 0.008272 -0.000606 0.000000 -0.002757 0.262567 -0.964910 2.622400 -0.007823 0.964878 0.262580 0.000000 0.000000 0.000000 0.000000 1.000000
0.999966 0.008248 -0.000622 0.000000 -0.002843 0.272142 -0.962253 2.622400 -0.007767 0.962222 0.272156 0.000000 0.000000 0.000000 0.000000 1.000000
0.999967 0.008121 -0.000587 -0.000000 -0.003026 0.303653 -0.952778 2.622400 -0.007559 0.952748 0.303668 -0.000000 0.000000 0.000000 0.000000 1.000000
0.999969 0.007800 -0.000520 0.000000 -0.003351 0.367616 -0.929972 2.622400 -0.007063 0.929945 0.367631 0.000000 0.000000 0.000000 0.000000 1.000000</float_array>
        <technique_common>
          <accessor source="#mixamorig_LeftHandPinky3-Matrix-animation-output-transform-array" count="31" stride="16">
            <param type="float4x4"/>
          </accessor>
        </technique_common>
      </source>
      <source id="mixamorig_LeftHandPinky3-Interpolations">
        <Name_array id="mixamorig_LeftHandPinky3-Interpolations-array" count="31">
 LINEAR LINEAR LINEAR LINEAR LINEAR LINEAR LINEAR LINEAR LINEAR LINEAR LINEAR
LINEAR LINEAR LINEAR LINEAR LINEAR LINEAR LINEAR LINEAR LINEAR LINEAR LINEAR LINEAR
LINEAR LINEAR LINEAR LINEAR LINEAR LINEAR LINEAR LINEAR</Name_array>
        <technique_common>
          <accessor source="#mixamorig_LeftHandPinky3-Interpolations-array" count="31">
            <param type="name"/>
          </accessor>
        </technique_common>
      </source>
      <sampler id="mixamorig_LeftHandPinky3-Matrix-animation-transform">
        <input semantic="INPUT" source="#mixamorig_LeftHandPinky3-Matrix-animation-input"/>
        <input semantic="OUTPUT" source="#mixamorig_LeftHandPinky3-Matrix-animation-output-transform"/>
        <input semantic="INTERPOLATION" source="#mixamorig_LeftHandPinky3-Interpolations"/>
      </sampler>
      <channel source="#mixamorig_LeftHandPinky3-Matrix-animation-transform" target="mixamorig_LeftHandPinky3/matrix"/>
    </animation>
    <animation id="mixamorig_RightShoulder-anim" name="mixamorig_RightShoulder">
      <source id="mixamorig_RightShoulder-Matrix-animation-input">
        <float_array id="mixamorig_RightShoulder-Matrix-animation-input-array" count="31">

0.000000 0.033333 0.066667 0.100000 0.133333 0.166667 0.200000 0.233333 0.266667 0.300000 0.333333 0.366667 0.400000 0.433333 0.466667 0.500000
0.533333 0.566667 0.600000 0.633333 0.666667 0.700000 0.733333 0.766667 0.800000 0.833333 0.866667 0.900000 0.933333 0.966667 1.000000</float_array>
        <technique_common>
          <accessor source="#mixamorig_RightShoulder-Matrix-animation-input-array" count="31">
            <param name="TIME" type="float"/>
          </accessor>
        </technique_common>
      </source>
      <source id="mixamorig_RightShoulder-Matrix-animation-output-transform">
        <float_array id="mixamorig_RightShoulder-Matrix-animation-output-transform-array" count="496">

0.285519 -0.955082 -0.079351 -5.940400 0.037033 0.093731 -0.994909 14.347000 0.957657 0.281126 0.062132 -1.216000 0.000000 0.000000 0.000000 1.000000
0.336900 -0.939487 -0.062149 -5.940400 0.026640 0.075492 -0.996790 14.347000 0.941163 0.334163 0.050461 -1.216000 0.000000 0.000000 0.000000 1.000000
0.407044 -0.913364 -0.009065 -5.940400 0.025044 0.021080 -0.999464 14.347000 0.913065 0.406599 0.031455 -1.216000 0.000000 0.000000 0.000000 1.000000
0.452837 -0.891420 0.017580 -5.940400 0.030633 -0.004150 -0.999522 14.347000 0.891067 0.453159 0.025428 -1.216000 0.000000 0.000000 0.000000 1.000000
0.471988 -0.881601 -0.002527 -5.940400 0.031689 0.019829 -0.999301 14.347000 0.881035 0.471578 0.037296 -1.216000 0.000000 0.000000 0.000000 1.000000
0.453914 -0.890924 -0.014690 -5.940400 0.034888 0.034243 -0.998804 14.347000 0.890362 0.452859 0.046626 -1.216000 0.000000 0.000000 0.000000 1.000000
0.411410 -0.910846 -0.033196 -5.940400 0.034276 0.051857 -0.998066 14.347000 0.910806 0.409476 0.052554 -1.216000 0.000000 0.000000 0.000000 1.000000
0.385789 -0.922252 -0.024863 -5.940400 0.038687 0.043097 -0.998322 14.347000 0.921776 0.384179 0.052306 -1.216000 0.000000 0.000000 0.000000 1.000000
0.375074 -0.926874 0.014960 -5.940400 0.048973 0.003697 -0.998793 14.347000 0.925700 0.375354 0.046778 -1.216000 0.000000 0.000000 0.000000 1.000000
0.367347 -0.928707 0.050585 -5.940400 0.055607 -0.032360 -0.997928 14.347000 0.928420 0.369399 0.039756 -1.216000 0.000000 0.000000 0.000000 1.000000
0.350105 -0.933405 0.078622 -5.940400 0.049731 -0.065294 -0.996626 14.347000 0.935389 0.352833 0.023560 -1.216000 0.000000 0.000000 0.000000 1.000000
0.314622 -0.943856 0.100746 -5.940400 0.035130 -0.094484 -0.994906 14.347000 0.948567 0.316559 0.003431 -1.216000 0.000000 0.000000 0.000000 1.000000
0.269720 -0.954872 0.124382 -5.940400 0.032184 -0.120158 -0.992233 14.347000 0.962401 0.271628 -0.001677 -1.216000 0.000000 0.000000 0.000000 1.000000
0.219515 -0.964666 0.145713 -5.940400 0.038102 -0.140765 -0.989310 14.347000 0.974865 0.222720 0.005855 -1.216000 0.000000 0.000000 0.000000 1.000000
0.166573 -0.974991 0.147124 -5.940400 0.047661 -0.141072 -0.988851 14.347000 0.984877 0.171728 0.022970 -1.216000 0.000000 0.000000 0.000000 1.000000
0.112435 -0.986235 0.121243 -5.940400 0.056259 -0.115503 -0.991713 14.347000 0.992065 0.118324 0.042498 -1.216000 0.000000 0.000000 0.000000 1.000000
0.055761 -0.994420 0.089555 -5.940400 0.065129 -0.085880 -0.994174 14.347000 0.996318 0.061269 0.059977 -1.216000 0.000000 0.000000 0.000000 1.000000
-0.004578 -0.999948 0.009089 -5.940400 0.069378 -0.009385 -0.997546 14.347000 0.997580 -0.003936 0.069417 -1.216000 0.000000 0.000000 0.000000 1.000000
-0.067091 -0.994172 -0.084390 -5.940400 0.075728 0.079263 -0.993973 14.347000 0.994869 -0.073077 0.069969 -1.216000 0.000000 0.000000 0.000000 1.000000
-0.130838 -0.975639 -0.176097 -5.940400 0.084490 0.166005 -0.982499 14.347000 0.987797 -0.143427 0.060712 -1.216000 0.000000 0.000000 0.000000 1.000000
-0.196378 -0.943741 -0.266062 -5.940400 0.093895 0.251999 -0.963162 14.347000 0.976022 -0.214125 0.039125 -1.216000 0.000000 0.000000 0.000000 1.000000
-0.262902 -0.908262 -0.325488 -5.940400 0.101709 0.309386 -0.945482 14.347000 0.959447 -0.281674 0.011040 -1.216000 0.000000 0.000000 0.000000 1.000000
-0.333322 -0.862050 -0.381793 -5.940400 0.107027 0.367736 -0.923751 14.347000 0.936719 -0.348768 -0.030312 -1.216000 0.000000 0.000000 0.000000 1.000000
-0.408945 -0.809481 -0.421312 -5.940400 0.106311 0.416279 -0.903000 14.347000 0.906345 -0.414068 -0.084179 -1.216000 0.000000 0.000000 0.000000 1.000000
-0.501983 -0.751707 -0.427726 -5.940400 0.080530 0.451778 -0.888488 14.347000 0.861120 -0.480451 -0.166250 -1.216000 0.000000 0.000000 0.000000 1.000000
-0.594267 -0.709513 -0.378732 -5.940400 0.012664 0.462590 -0.886482 14.347000 0.804168 -0.531604 -0.265917 -1.216000 0.000000 0.000000 0.000000 1.000000
-0.659959 -0.692711 -0.290871 -5.940400 -0.072896 0.444369 -0.892873 14.347000 0.747757 -0.568056 -0.343761 -1.216000 0.000000 0.000000 0.000000 1.000000
-0.649452 -0.728632 -0.217504 -5.940400 -0.143896 0.398634 -0.905751 14.347000 0.746664 -0.556944 -0.363741 -1.216000 0.000000 0.000000 0.000000 1.000000
-0.525833 -0.827543 -0.196653 -5.940400 -0.213859 0.352395 -0.911088 14.347000 0.823264 -0.437025 -0.362278 -1.216000 0.000000 0.000000 0.000000 1.000000
-0.446747 -0.882254 -0.148476 -5.940400 -0.221551 0.269886 -0.937057 14.347000 0.866794 -0.385733 -0.316035 -1.216000 0.000000 0.000000 0.000000 1.000000
-0.345231 -0.937230 -0.049142 -5.940400 -0.188410 0.120506 -0.974669 14.347000 0.919411 -0.327227 -0.218186 -1.216000 0.000000 0.000000 0.000000 1.000000</float_array>
        <technique_common>
          <accessor source="#mixamorig_RightShoulder-Matrix-animation-output-transform-array" count="31" stride="16">
            <param type="float4x4"/>
          </accessor>
        </technique_common>
      </source>
      <source id="mixamorig_RightShoulder-Interpolations">
        <Name_array id="mixamorig_RightShoulder-Interpolations-array" count="31">
 LINEAR LINEAR LINEAR LINEAR LINEAR LINEAR LINEAR LINEAR LINEAR LINEAR LINEAR
LINEAR LINEAR LINEAR LINEAR LINEAR LINEAR LINEAR LINEAR LINEAR LINEAR LINEAR LINEAR
LINEAR LINEAR LINEAR LINEAR LINEAR LINEAR LINEAR LINEAR</Name_array>
        <technique_common>
          <accessor source="#mixamorig_RightShoulder-Interpolations-array" count="31">
            <param type="name"/>
          </accessor>
        </technique_common>
      </source>
      <sampler id="mixamorig_RightShoulder-Matrix-animation-transform">
        <input semantic="INPUT" source="#mixamorig_RightShoulder-Matrix-animation-input"/>
        <input semantic="OUTPUT" source="#mixamorig_RightShoulder-Matrix-animation-output-transform"/>
        <input semantic="INTERPOLATION" source="#mixamorig_RightShoulder-Interpolations"/>
      </sampler>
      <channel source="#mixamorig_RightShoulder-Matrix-animation-transform" target="mixamorig_RightShoulder/matrix"/>
    </animation>
    <animation id="mixamorig_RightArm-anim" name="mixamorig_RightArm">
      <source id="mixamorig_RightArm-Matrix-animation-input">
        <float_array id="mixamorig_RightArm-Matrix-animation-input-array" count="31">

0.000000 0.033333 0.066667 0.100000 0.133333 0.166667 0.200000 0.233333 0.266667 0.300000 0.333333 0.366667 0.400000 0.433333 0.466667 0.500000
0.533333 0.566667 0.600000 0.633333 0.666667 0.700000 0.733333 0.766667 0.800000 0.833333 0.866667 0.900000 0.933333 0.966667 1.000000</float_array>
        <technique_common>
          <accessor source="#mixamorig_RightArm-Matrix-animation-input-array" count="31">
            <param name="TIME" type="float"/>
          </accessor>
        </technique_common>
      </source>
      <source id="mixamorig_RightArm-Matrix-animation-output-transform">
        <float_array id="mixamorig_RightArm-Matrix-animation-output-transform-array" count="496">

0.701059 0.666963 0.252342 0.000000 -0.636858 0.744794 -0.199234 12.440700 -0.320824 -0.021032 0.946905 0.000000 0.000000 0.000000 0.000000 1.000000
0.651791 0.755315 0.068317 0.000000 -0.756207 0.654108 -0.017106 12.440700 -0.057608 -0.040512 0.997517 0.000000 0.000000 0.000000 0.000000 1.000000
0.596109 0.792226 -0.130506 0.000000 -0.772115 0.610207 0.177443 12.440700 0.220211 -0.005010 0.975439 0.000000 0.000000 0.000000 0.000000 1.000000
0.531438 0.776550 -0.338443 0.000000 -0.712071 0.625932 0.318063 12.440700 0.458834 0.071965 0.885603 -0.000000 0.000000 0.000000 0.000000 1.000000
0.466915 0.710069 -0.527060 0.000000 -0.639002 0.682923 0.353969 12.440700 0.611283 0.171519 0.772602 0.000000 0.000000 0.000000 0.000000 1.000000
0.421028 0.612013 -0.669459 0.000000 -0.590510 0.745176 0.309857 12.440700 0.688501 0.264864 0.675139 0.000000 0.000000 0.000000 0.000000 1.000000
0.450361 0.501587 -0.738638 -0.000000 -0.576828 0.794914 0.188100 12.440700 0.681502 0.341354 0.647327 0.000000 0.000000 0.000000 0.000000 1.000000
0.557766 0.401088 -0.726654 0.000000 -0.548095 0.835439 0.040427 12.440700 0.623289 0.375727 0.685813 0.000000 0.000000 0.000000 0.000000 1.000000
0.710957 0.269467 -0.649559 -0.000000 -0.443061 0.888932 -0.116171 12.440700 0.546110 0.370388 0.751383 -0.000000 0.000000 0.000000 0.000000 1.000000
0.855114 0.090564 -0.510468 0.000000 -0.234953 0.945403 -0.225855 12.440700 0.462143 0.313068 0.829706 -0.000000 0.000000 0.000000 0.000000 1.000000
0.953033 -0.024217 -0.301896 0.000000 -0.049435 0.970992 -0.233946 12.440700 0.298804 0.237883 0.924190 0.000000 0.000000 0.000000 0.000000 1.000000
0.995648 -0.005541 -0.093033 -0.000000 -0.011809 0.982685 -0.184910 12.440700 0.092446 0.185204 0.978342 -0.000000 0.000000 0.000000 0.000000 1.000000
0.990897 0.093670 0.096691 0.000000 -0.079277 0.986507 -0.143245 12.440700 -0.108804 0.134276 0.984953 0.000000 0.000000 0.000000 0.000000 1.000000
0.947740 0.201545 0.247324 -0.000000 -0.174887 0.976542 -0.125621 12.440700 -0.266840 0.075802 0.960755 0.000000 0.000000 0.000000 0.000000 1.000000
0.910327 0.191212 0.367074 0.000000 -0.164718 0.980998 -0.102519 12.440700 -0.379702 0.032862 0.924525 0.000000 0.000000 0.000000 0.000000 1.000000
0.879274 0.065842 0.471744 0.000000 -0.056820 0.997827 -0.033363 12.440700 -0.472915 0.002531 0.881104 -0.000000 0.000000 0.000000 0.000000 1.000000
0.823227 -0.027701 0.567036 -0.000000 -0.004142 0.998489 0.054793 12.440700 -0.567697 -0.047456 0.821869 0.000000 0.000000 0.000000 0.000000 1.000000
0.752659 -0.047539 0.656692 -0.000000 -0.012701 0.996156 0.086669 12.440700 -0.658288 -0.073573 0.749162 -0.000000 0.000000 0.000000 0.000000 1.000000
0.677293 -0.024653 0.735300 -0.000000 -0.061743 0.994008 0.090199 12.440700 -0.733118 -0.106491 0.671712 -0.000000 0.000000 0.000000 0.000000 1.000000
0.596330 0.004722 0.802726 0.000000 -0.123328 0.988650 0.085802 12.440700 -0.793209 -0.150165 0.590144 0.000000 0.000000 0.000000 0.000000 1.000000
0.511143 0.003542 0.859488 -0.000000 -0.136800 0.987579 0.077286 12.440700 -0.848539 -0.157082 0.505279 0.000000 0.000000 0.000000 0.000000 1.000000
0.417924 -0.036418 0.907752 0.000000 -0.118564 0.988464 0.094243 12.440700 -0.900712 -0.147013 0.408785 -0.000000 0.000000 0.000000 0.000000 1.000000
0.328031 -0.029746 0.944199 0.000000 -0.114038 0.990948 0.070837 12.440700 -0.937759 -0.130911 0.321669 0.000000 0.000000 0.000000 0.000000 1.000000
0.227146 -0.015910 0.973731 0.000000 -0.139730 0.988989 0.048755 12.440700 -0.963784 -0.147134 0.222422 0.000000 0.000000 0.000000 0.000000 1.000000
0.094044 -0.018725 0.995392 0.000000 -0.170139 0.984812 0.034601 12.440700 -0.980922 -0.172609 0.089429 0.000000 0.000000 0.000000 0.000000 1.000000
-0.063229 -0.046127 0.996932 0.000000 -0.182522 0.982618 0.033888 12.440700 -0.981167 -0.179819 -0.070549 0.000000 0.000000 0.000000 0.000000 1.000000
-0.228798 -0.072810 0.970747 0.000000 -0.195179 0.980381 0.027530 12.440700 -0.953707 -0.183171 -0.238520 0.000000 0.000000 0.000000 0.000000 1.000000
-0.355338 -0.072157 0.931949 -0.000000 -0.224163 0.974500 -0.010018 12.440700 -0.907461 -0.212468 -0.362452 0.000000 0.000000 0.000000 0.000000 1.000000
-0.429775 -0.127545 0.893882 -0.000000 -0.233802 0.971929 0.026270 12.440700 -0.872141 -0.197702 -0.447531 0.000000 0.000000 0.000000 0.000000 1.000000
-0.503508 -0.047946 0.862659 0.000000 -0.189284 0.980325 -0.055994 12.440700 -0.843002 -0.191481 -0.502676 0.000000 0.000000 0.000000 0.000000 1.000000
-0.576619 0.072254 0.813812 0.000000 -0.103048 0.981695 -0.160174 12.440700 -0.810488 -0.176221 -0.558619 -0.000000 0.000000 0.000000 0.000000 1.000000</float_array>
        <technique_common>
          <accessor source="#mixamorig_RightArm-Matrix-animation-output-transform-array" count="31" stride="16">
            <param type="float4x4"/>
          </accessor>
        </technique_common>
      </source>
      <source id="mixamorig_RightArm-Interpolations">
        <Name_array id="mixamorig_RightArm-Interpolations-array" count="31">
 LINEAR LINEAR LINEAR LINEAR LINEAR LINEAR LINEAR LINEAR LINEAR LINEAR LINEAR
LINEAR LINEAR LINEAR LINEAR LINEAR LINEAR LINEAR LINEAR LINEAR LINEAR LINEAR LINEAR
LINEAR LINEAR LINEAR LINEAR LINEAR LINEAR LINEAR LINEAR</Name_array>
        <technique_common>
          <accessor source="#mixamorig_RightArm-Interpolations-array" count="31">
            <param type="name"/>
          </accessor>
        </technique_common>
      </source>
      <sampler id="mixamorig_RightArm-Matrix-animation-transform">
        <input semantic="INPUT" source="#mixamorig_RightArm-Matrix-animation-input"/>
        <input semantic="OUTPUT" source="#mixamorig_RightArm-Matrix-animation-output-transform"/>
        <input semantic="INTERPOLATION" source="#mixamorig_RightArm-Interpolations"/>
      </sampler>
      <channel source="#mixamorig_RightArm-Matrix-animation-transform" target="mixamorig_RightArm/matrix"/>
    </animation>
    <animation id="mixamorig_RightForeArm-anim" name="mixamorig_RightForeArm">
      <source id="mixamorig_RightForeArm-Matrix-animation-input">
        <float_array id="mixamorig_RightForeArm-Matrix-animation-input-array" count="31">

0.000000 0.033333 0.066667 0.100000 0.133333 0.166667 0.200000 0.233333 0.266667 0.300000 0.333333 0.366667 0.400000 0.433333 0.466667 0.500000
0.533333 0.566667 0.600000 0.633333 0.666667 0.700000 0.733333 0.766667 0.800000 0.833333 0.866667 0.900000 0.933333 0.966667 1.000000</float_array>
        <technique_common>
          <accessor source="#mixamorig_RightForeArm-Matrix-animation-input-array" count="31">
            <param name="TIME" type="float"/>
          </accessor>
        </technique_common>
      </source>
      <source id="mixamorig_RightForeArm-Matrix-animation-output-transform">
        <float_array id="mixamorig_RightForeArm-Matrix-animation-output-transform-array" count="496">

0.121419 0.960078 0.252008 0.000000 -0.986868 0.144010 -0.073159 27.894699 -0.106531 -0.239816 0.964956 0.000000 0.000000 0.000000 0.000000 1.000000
0.184728 0.894776 0.406510 -0.000000 -0.917808 0.304972 -0.254206 27.894699 -0.351432 -0.326140 0.877570 0.000000 0.000000 0.000000 0.000000 1.000000
0.244308 0.824808 0.509908 0.000000 -0.837638 0.444429 -0.317562 27.894699 -0.488546 -0.349536 0.799467 0.000000 0.000000 0.000000 0.000000 1.000000
0.283648 0.782851 0.553794 0.000000 -0.796606 0.513858 -0.318384 27.894699 -0.533819 -0.350847 0.769379 0.000000 0.000000 0.000000 0.000000 1.000000
0.262352 0.770291 0.581226 0.000000 -0.779309 0.524341 -0.343140 27.894699 -0.569078 -0.362931 0.737856 0.000000 0.000000 0.000000 0.000000 1.000000
0.247935 0.760467 0.600181 0.000000 -0.747804 0.544086 -0.380474 27.894699 -0.615888 -0.354485 0.703578 -0.000000 0.000000 0.000000 0.000000 1.000000
0.303470 0.758241 0.577040 0.000000 -0.723512 0.577444 -0.378270 27.894699 -0.620029 -0.302702 0.723834 0.000000 0.000000 0.000000 0.000000 1.000000
0.366793 0.755700 0.542568 0.000000 -0.685231 0.613929 -0.391855 27.894699 -0.629223 -0.228055 0.743014 0.000000 0.000000 0.000000 0.000000 1.000000
0.312723 0.810876 0.494656 -0.000000 -0.672857 0.556694 -0.487191 27.894699 -0.670423 -0.180477 0.719695 0.000000 0.000000 0.000000 0.000000 1.000000
0.214921 0.884574 0.413931 0.000000 -0.622755 0.450616 -0.639626 27.894699 -0.752320 -0.120309 0.647719 -0.000000 0.000000 0.000000 0.000000 1.000000
0.250508 0.894721 0.369757 0.000000 -0.554557 0.445682 -0.702733 27.894699 -0.793544 -0.029011 0.607821 0.000000 0.000000 0.000000 0.000000 1.000000
0.376859 0.811857 0.445943 0.000000 -0.479297 0.582892 -0.656133 27.894699 -0.792623 0.033531 0.608789 -0.000000 0.000000 0.000000 0.000000 1.000000
0.526595 0.640339 0.559164 0.000000 -0.375897 0.765343 -0.522447 27.894699 -0.762496 0.064930 0.643727 0.000000 0.000000 0.000000 0.000000 1.000000
0.655930 0.429251 0.620886 0.000000 -0.263199 0.901001 -0.344854 27.894699 -0.707448 0.062783 0.703971 0.000000 0.000000 0.000000 0.000000 1.000000
0.727213 0.348216 0.591529 -0.000000 -0.228401 0.935418 -0.269862 27.894699 -0.647297 0.061141 0.759782 0.000000 0.000000 0.000000 0.000000 1.000000
0.750567 0.418666 0.511241 0.000000 -0.295513 0.904667 -0.306999 27.894699 -0.591033 0.079345 0.802735 0.000000 0.000000 0.000000 0.000000 1.000000
0.772970 0.460812 0.436084 0.000000 -0.349857 0.882991 -0.312932 27.894699 -0.529261 0.089320 0.843744 0.000000 0.000000 0.000000 0.000000 1.000000
0.805722 0.459557 0.373656 0.000000 -0.373121 0.883768 -0.282372 27.894699 -0.459992 0.088095 0.883542 -0.000000 0.000000 0.000000 0.000000 1.000000
0.850344 0.421733 0.314731 0.000000 -0.363609 0.903240 -0.227918 27.894699 -0.380398 0.079370 0.921411 -0.000000 0.000000 0.000000 0.000000 1.000000
0.900190 0.354680 0.252705 0.000000 -0.321666 0.932681 -0.163207 27.894699 -0.293579 0.065631 0.953679 0.000000 0.000000 0.000000 0.000000 1.000000
0.903251 0.395665 0.166094 -0.000000 -0.373454 0.915461 -0.149877 27.894699 -0.211354 0.073348 0.974653 -0.000000 0.000000 0.000000 0.000000 1.000000
0.826021 0.560942 0.055068 0.000000 -0.546006 0.820599 -0.168805 27.894699 -0.139879 0.109369 0.984110 -0.000000 0.000000 0.000000 0.000000 1.000000
0.717770 0.693898 -0.057550 0.000000 -0.693376 0.704790 -0.150006 27.894699 -0.063528 0.147573 0.987009 0.000000 0.000000 0.000000 0.000000 1.000000
0.602588 0.782280 -0.157880 0.000000 -0.797925 0.594112 -0.101717 27.894699 0.014227 0.187270 0.982205 0.000000 0.000000 0.000000 0.000000 1.000000
0.502400 0.831633 -0.236603 0.000000 -0.862378 0.501724 -0.067659 27.894699 0.062442 0.238033 0.969248 0.000000 0.000000 0.000000 0.000000 1.000000
0.372788 0.873429 -0.313289 -0.000000 -0.922290 0.385895 -0.021598 27.894699 0.102032 0.296995 0.949412 0.000000 0.000000 0.000000 0.000000 1.000000
0.240713 0.899495 -0.364645 0.000000 -0.968212 0.248849 -0.025292 27.894699 0.067992 0.359142 0.930803 -0.000000 0.000000 0.000000 0.000000 1.000000
0.203056 0.879431 -0.430546 0.000000 -0.979042 0.189385 -0.074903 27.894699 0.015667 0.436732 0.899455 -0.000000 0.000000 0.000000 0.000000 1.000000
0.161650 0.838252 -0.520772 0.000000 -0.981313 0.080724 -0.174667 27.894699 -0.104376 0.539275 0.835636 -0.000000 0.000000 0.000000 0.000000 1.000000
0.127306 0.780783 -0.611695 0.000000 -0.977277 -0.006638 -0.211863 27.894699 -0.169480 0.624766 0.762197 0.000000 0.000000 0.000000 0.000000 1.000000
0.124026 0.712308 -0.690821 0.000000 -0.955665 -0.101626 -0.276361 27.894699 -0.267060 0.694470 0.668124 0.000000 0.000000 0.000000 0.000000 1.000000</float_array>
        <technique_common>
          <accessor source="#mixamorig_RightForeArm-Matrix-animation-output-transform-array" count="31" stride="16">
            <param type="float4x4"/>
          </accessor>
        </technique_common>
      </source>
      <source id="mixamorig_RightForeArm-Interpolations">
        <Name_array id="mixamorig_RightForeArm-Interpolations-array" count="31">
 LINEAR LINEAR LINEAR LINEAR LINEAR LINEAR LINEAR LINEAR LINEAR LINEAR LINEAR
LINEAR LINEAR LINEAR LINEAR LINEAR LINEAR LINEAR LINEAR LINEAR LINEAR LINEAR LINEAR
LINEAR LINEAR LINEAR LINEAR LINEAR LINEAR LINEAR LINEAR</Name_array>
        <technique_common>
          <accessor source="#mixamorig_RightForeArm-Interpolations-array" count="31">
            <param type="name"/>
          </accessor>
        </technique_common>
      </source>
      <sampler id="mixamorig_RightForeArm-Matrix-animation-transform">
        <input semantic="INPUT" source="#mixamorig_RightForeArm-Matrix-animation-input"/>
        <input semantic="OUTPUT" source="#mixamorig_RightForeArm-Matrix-animation-output-transform"/>
        <input semantic="INTERPOLATION" source="#mixamorig_RightForeArm-Interpolations"/>
      </sampler>
      <channel source="#mixamorig_RightForeArm-Matrix-animation-transform" target="mixamorig_RightForeArm/matrix"/>
    </animation>
    <animation id="mixamorig_RightHand-anim" name="mixamorig_RightHand">
      <source id="mixamorig_RightHand-Matrix-animation-input">
        <float_array id="mixamorig_RightHand-Matrix-animation-input-array" count="31">

0.000000 0.033333 0.066667 0.100000 0.133333 0.166667 0.200000 0.233333 0.266667 0.300000 0.333333 0.366667 0.400000 0.433333 0.466667 0.500000
0.533333 0.566667 0.600000 0.633333 0.666667 0.700000 0.733333 0.766667 0.800000 0.833333 0.866667 0.900000 0.933333 0.966667 1.000000</float_array>
        <technique_common>
          <accessor source="#mixamorig_RightHand-Matrix-animation-input-array" count="31">
            <param name="TIME" type="float"/>
          </accessor>
        </technique_common>
      </source>
      <source id="mixamorig_RightHand-Matrix-animation-output-transform">
        <float_array id="mixamorig_RightHand-Matrix-animation-output-transform-array" count="496">

0.852414 0.069233 0.518264 0.000000 -0.269848 0.907242 0.322637 28.325500 -0.447853 -0.414872 0.792028 0.000000 0.000000 0.000000 0.000000 1.000000
0.894654 0.210133 0.394258 0.000000 -0.344615 0.886194 0.309678 28.325500 -0.284315 -0.412921 0.865252 0.000000 0.000000 0.000000 0.000000 1.000000
0.911538 0.313126 0.266552 0.000000 -0.393114 0.853750 0.341425 28.325500 -0.120659 -0.416008 0.901321 0.000000 0.000000 0.000000 0.000000 1.000000
0.929354 0.269137 0.252717 0.000000 -0.343979 0.879841 0.327960 28.325500 -0.134085 -0.391720 0.910262 0.000000 0.000000 0.000000 0.000000 1.000000
0.979668 0.076786 0.185348 -0.000000 -0.121453 0.962324 0.243272 28.325500 -0.159685 -0.260837 0.952084 0.000000 0.000000 0.000000 0.000000 1.000000
0.984078 -0.135908 0.114539 0.000000 0.116192 0.979584 0.164059 28.325500 -0.134497 -0.148138 0.979778 0.000000 0.000000 0.000000 0.000000 1.000000
0.969798 -0.231729 0.076111 0.000000 0.221465 0.967342 0.123299 28.325500 -0.102197 -0.102719 0.989447 0.000000 0.000000 0.000000 0.000000 1.000000
0.969824 -0.231039 0.077861 0.000000 0.225074 0.971187 0.078342 28.325500 -0.093718 -0.058453 0.993881 0.000000 0.000000 0.000000 0.000000 1.000000
0.931918 -0.359794 0.045580 0.000000 0.356151 0.931632 0.072232 28.325500 -0.068452 -0.051081 0.996346 0.000000 0.000000 0.000000 0.000000 1.000000
0.896794 -0.442438 -0.003142 0.000000 0.439139 0.889194 0.128418 28.325500 -0.054024 -0.116544 0.991715 -0.000000 0.000000 0.000000 0.000000 1.000000
0.895248 -0.445403 -0.012131 0.000000 0.443837 0.889040 0.112324 28.325500 -0.039244 -0.105942 0.993598 0.000000 0.000000 0.000000 0.000000 1.000000
0.906940 -0.420953 0.016091 0.000000 0.421090 0.906997 -0.006235 28.325500 -0.011970 0.012431 0.999851 0.000000 0.000000 0.000000 0.000000 1.000000
0.920160 -0.389348 0.041395 0.000000 0.391296 0.910678 -0.132487 28.325500 0.013886 0.138107 0.990320 0.000000 0.000000 0.000000 0.000000 1.000000
0.942038 -0.331524 0.051548 0.000000 0.334355 0.914937 -0.226047 28.325500 0.027777 0.230180 0.972752 0.000000 0.000000 0.000000 0.000000 1.000000
0.965123 -0.258365 0.042246 0.000000 0.260410 0.930845 -0.256349 28.325500 0.026907 0.258409 0.965661 0.000000 0.000000 0.000000 0.000000 1.000000
0.981150 -0.191745 0.024072 0.000000 0.191954 0.952575 -0.236125 28.325500 0.022345 0.236294 0.971425 0.000000 0.000000 0.000000 0.000000 1.000000
0.992712 -0.120319 0.006870 -0.000000 0.118763 0.967008 -0.225368 28.325500 0.020473 0.224541 0.974250 -0.000000 0.000000 0.000000 0.000000 1.000000
0.998636 -0.051127 -0.010592 0.000000 0.047934 0.978166 -0.202223 28.325500 0.020700 0.201440 0.979282 0.000000 0.000000 0.000000 0.000000 1.000000
0.998870 0.036774 -0.030093 -0.000000 -0.041359 0.984652 -0.169561 28.325500 0.023395 0.170614 0.985060 0.000000 0.000000 0.000000 0.000000 1.000000
0.985769 0.159719 -0.052439 0.000000 -0.165528 0.976642 -0.137006 28.325500 0.029331 0.143736 0.989181 0.000000 0.000000 0.000000 0.000000 1.000000
0.969639 0.235065 -0.067408 0.000000 -0.239228 0.968967 -0.062226 28.325500 0.050689 0.076463 0.995783 0.000000 0.000000 0.000000 0.000000 1.000000
0.969077 0.233399 -0.080095 -0.000000 -0.231819 0.972338 0.028620 28.325500 0.084559 -0.009168 0.996376 -0.000000 0.000000 0.000000 0.000000 1.000000
0.968419 0.229378 -0.097726 0.000000 -0.215979 0.967592 0.130837 28.325500 0.124570 -0.105599 0.986575 0.000000 0.000000 0.000000 0.000000 1.000000
0.961038 0.248990 -0.120040 0.000000 -0.220337 0.952279 0.211227 28.325500 0.166905 -0.176548 0.970038 0.000000 0.000000 0.000000 0.000000 1.000000
0.927669 0.346871 -0.138240 -0.000000 -0.300460 0.913228 0.275208 28.325500 0.221706 -0.213767 0.951394 -0.000000 0.000000 0.000000 0.000000 1.000000
0.872126 0.487043 -0.046756 0.000000 -0.446965 0.831927 0.328815 28.325500 0.199045 -0.265870 0.943236 0.000000 0.000000 0.000000 0.000000 1.000000
0.849299 0.527393 0.023410 0.000000 -0.493067 0.776616 0.392112 28.325500 0.188617 -0.344563 0.919619 0.000000 0.000000 0.000000 0.000000 1.000000
0.871022 0.489972 -0.035338 0.000000 -0.423434 0.785311 0.451653 28.325500 0.249049 -0.378436 0.891494 0.000000 0.000000 0.000000 0.000000 1.000000
0.899302 0.419932 -0.122117 0.000000 -0.235367 0.700091 0.674148 28.325500 0.368589 -0.577521 0.728431 0.000000 0.000000 0.000000 0.000000 1.000000
0.847404 0.490724 -0.202722 0.000000 -0.135676 0.569272 0.810877 28.325500 0.513321 -0.659636 0.548983 0.000000 0.000000 0.000000 0.000000 1.000000
0.744427 0.631276 -0.217530 0.000000 -0.142665 0.468644 0.871791 28.325500 0.652285 -0.617951 0.438932 0.000000 0.000000 0.000000 0.000000 1.000000</float_array>
        <technique_common>
          <accessor source="#mixamorig_RightHand-Matrix-animation-output-transform-array" count="31" stride="16">
            <param type="float4x4"/>
          </accessor>
        </technique_common>
      </source>
      <source id="mixamorig_RightHand-Interpolations">
        <Name_array id="mixamorig_RightHand-Interpolations-array" count="31">
 LINEAR LINEAR LINEAR LINEAR LINEAR LINEAR LINEAR LINEAR LINEAR LINEAR LINEAR
LINEAR LINEAR LINEAR LINEAR LINEAR LINEAR LINEAR LINEAR LINEAR LINEAR LINEAR LINEAR
LINEAR LINEAR LINEAR LINEAR LINEAR LINEAR LINEAR LINEAR</Name_array>
        <technique_common>
          <accessor source="#mixamorig_RightHand-Interpolations-array" count="31">
            <param type="name"/>
          </accessor>
        </technique_common>
      </source>
      <sampler id="mixamorig_RightHand-Matrix-animation-transform">
        <input semantic="INPUT" source="#mixamorig_RightHand-Matrix-animation-input"/>
        <input semantic="OUTPUT" source="#mixamorig_RightHand-Matrix-animation-output-transform"/>
        <input semantic="INTERPOLATION" source="#mixamorig_RightHand-Interpolations"/>
      </sampler>
      <channel source="#mixamorig_RightHand-Matrix-animation-transform" target="mixamorig_RightHand/matrix"/>
    </animation>
    <animation id="mixamorig_RightHandThumb1-anim" name="mixamorig_RightHandThumb1">
      <source id="mixamorig_RightHandThumb1-Matrix-animation-input">
        <float_array id="mixamorig_RightHandThumb1-Matrix-animation-input-array" count="31">

0.000000 0.033333 0.066667 0.100000 0.133333 0.166667 0.200000 0.233333 0.266667 0.300000 0.333333 0.366667 0.400000 0.433333 0.466667 0.500000
0.533333 0.566667 0.600000 0.633333 0.666667 0.700000 0.733333 0.766667 0.800000 0.833333 0.866667 0.900000 0.933333 0.966667 1.000000</float_array>
        <technique_common>
          <accessor source="#mixamorig_RightHandThumb1-Matrix-animation-input-array" count="31">
            <param name="TIME" type="float"/>
          </accessor>
        </technique_common>
      </source>
      <source id="mixamorig_RightHandThumb1-Matrix-animation-output-transform">
        <float_array id="mixamorig_RightHandThumb1-Matrix-animation-output-transform-array" count="496">

0.735825 0.642518 -0.213849 2.443900 -0.663350 0.747399 -0.036903 3.245300 0.136120 0.169011 0.976169 0.952200 0.000000 0.000000 0.000000 1.000000
0.733349 0.656376 -0.177118 2.443900 -0.666354 0.745624 0.004174 3.245300 0.134803 0.114962 0.984181 0.952200 0.000000 0.000000 0.000000 1.000000
0.734090 0.667022 -0.127256 2.443900 -0.667064 0.743412 0.048616 3.245300 0.127032 0.049200 0.990678 0.952200 0.000000 0.000000 0.000000 1.000000
0.736107 0.673907 -0.063218 2.443900 -0.667194 0.738150 0.099937 3.245300 0.114013 -0.031385 0.992983 0.952200 0.000000 0.000000 0.000000 1.000000
0.737590 0.675194 0.008545 2.443900 -0.668096 0.727882 0.154390 3.245300 0.098024 -0.119586 0.987973 0.952200 0.000000 0.000000 0.000000 1.000000
0.737518 0.671019 0.076166 2.443900 -0.670416 0.713905 0.202192 3.245300 0.081300 -0.200183 0.976380 0.952200 0.000000 0.000000 0.000000 1.000000
0.737444 0.663341 0.127102 2.443900 -0.672223 0.702596 0.233401 3.245300 0.065523 -0.257562 0.964038 0.952200 0.000000 0.000000 0.000000 1.000000
0.744085 0.650713 0.151358 2.443900 -0.666074 0.704994 0.243576 3.245300 0.051792 -0.282057 0.957999 0.952200 0.000000 0.000000 0.000000 1.000000
0.766149 0.625875 0.145935 2.443900 -0.641382 0.730311 0.235106 3.245300 0.040569 -0.273727 0.960952 0.952200 0.000000 0.000000 0.000000 1.000000
0.803528 0.583204 0.119226 2.443900 -0.594436 0.775573 0.212444 3.245300 0.031430 -0.241576 0.969873 0.952200 0.000000 0.000000 0.000000 1.000000
0.843332 0.530501 0.085785 2.443900 -0.536864 0.824628 0.178230 3.245300 0.023810 -0.196362 0.980242 0.952200 0.000000 0.000000 0.000000 1.000000
0.872023 0.486609 0.052793 2.443900 -0.489107 0.862183 0.131961 3.245300 0.018696 -0.140894 0.989848 0.952200 0.000000 0.000000 0.000000 1.000000
0.887261 0.461027 0.014868 2.443900 -0.460889 0.884768 0.069047 3.245300 0.018678 -0.068115 0.997503 0.952200 0.000000 0.000000 0.000000 1.000000
0.895593 0.443500 -0.034925 2.443900 -0.444123 0.895881 -0.012312 3.245300 0.025828 0.026538 0.999314 0.952200 0.000000 0.000000 0.000000 1.000000
0.902931 0.420167 -0.090415 2.443900 -0.428020 0.898146 -0.100660 3.245300 0.038912 0.129588 0.990804 0.952200 0.000000 0.000000 0.000000 1.000000
0.908956 0.394498 -0.134798 2.443900 -0.413654 0.893672 -0.173898 3.245300 0.051863 0.213826 0.975494 0.952200 0.000000 0.000000 0.000000 1.000000
0.908653 0.386147 -0.158873 2.443900 -0.413658 0.884322 -0.216478 3.245300 0.056902 0.262423 0.963274 0.952200 0.000000 0.000000 0.000000 1.000000
0.897630 0.407587 -0.167732 2.443900 -0.437793 0.868532 -0.232356 3.245300 0.050975 0.282002 0.958059 0.952200 0.000000 0.000000 0.000000 1.000000
0.877940 0.447383 -0.170500 2.443900 -0.477218 0.846383 -0.236429 3.245300 0.038534 0.288936 0.956572 0.952200 0.000000 0.000000 0.000000 1.000000
0.858303 0.483613 -0.171563 2.443900 -0.512448 0.825211 -0.237539 3.245300 0.026699 0.291797 0.956108 0.952200 0.000000 0.000000 0.000000 1.000000
0.844572 0.507632 -0.170313 2.443900 -0.535125 0.811159 -0.235928 3.245300 0.018387 0.290397 0.956730 0.952200 0.000000 0.000000 0.000000 1.000000
0.832810 0.528396 -0.165002 2.443900 -0.553441 0.800949 -0.228438 3.245300 0.011453 0.281564 0.959474 0.952200 0.000000 0.000000 0.000000 1.000000
0.815480 0.558452 -0.152063 2.443900 -0.578775 0.788349 -0.208628 3.245300 0.003370 0.258142 0.966101 0.952200 0.000000 0.000000 0.000000 1.000000
0.797770 0.590301 -0.122914 2.443900 -0.602955 0.780052 -0.167227 3.245300 -0.002835 0.207520 0.978227 0.952200 0.000000 0.000000 0.000000 1.000000
0.805405 0.587574 -0.077971 2.443900 -0.592720 0.798901 -0.102173 3.245300 0.002257 0.128506 0.991706 0.952200 0.000000 0.000000 0.000000 1.000000
0.849691 0.525281 -0.045872 2.443900 -0.526853 0.849286 -0.033750 3.245300 0.021230 0.052845 0.998377 0.952200 0.000000 0.000000 0.000000 1.000000
0.896202 0.441076 -0.047684 2.443900 -0.441781 0.897110 -0.004840 3.245300 0.040643 0.025404 0.998851 0.952200 0.000000 0.000000 0.000000 1.000000
0.915630 0.396258 -0.067835 2.443900 -0.398957 0.916418 -0.031820 3.245300 0.049556 0.056198 0.997189 0.952200 0.000000 0.000000 0.000000 1.000000
0.913680 0.396326 -0.090084 2.443900 -0.403310 0.911536 -0.080265 3.245300 0.050304 0.109668 0.992695 0.952200 0.000000 0.000000 0.000000 1.000000
0.906672 0.408697 -0.104465 2.443900 -0.418958 0.901318 -0.110000 3.245300 0.049200 0.143501 0.988427 0.952200 0.000000 0.000000 0.000000 1.000000
0.899711 0.423519 -0.105599 2.443900 -0.433847 0.894268 -0.109825 3.245300 0.047921 0.144624 0.988326 0.952200 0.000000 0.000000 0.000000 1.000000</float_array>
        <technique_common>
          <accessor source="#mixamorig_RightHandThumb1-Matrix-animation-output-transform-array" count="31" stride="16">
            <param type="float4x4"/>
          </accessor>
        </technique_common>
      </source>
      <source id="mixamorig_RightHandThumb1-Interpolations">
        <Name_array id="mixamorig_RightHandThumb1-Interpolations-array" count="31">
 LINEAR LINEAR LINEAR LINEAR LINEAR LINEAR LINEAR LINEAR LINEAR LINEAR LINEAR
LINEAR LINEAR LINEAR LINEAR LINEAR LINEAR LINEAR LINEAR LINEAR LINEAR LINEAR LINEAR
LINEAR LINEAR LINEAR LINEAR LINEAR LINEAR LINEAR LINEAR</Name_array>
        <technique_common>
          <accessor source="#mixamorig_RightHandThumb1-Interpolations-array" count="31">
            <param type="name"/>
          </accessor>
        </technique_common>
      </source>
      <sampler id="mixamorig_RightHandThumb1-Matrix-animation-transform">
        <input semantic="INPUT" source="#mixamorig_RightHandThumb1-Matrix-animation-input"/>
        <input semantic="OUTPUT" source="#mixamorig_RightHandThumb1-Matrix-animation-output-transform"/>
        <input semantic="INTERPOLATION" source="#mixamorig_RightHandThumb1-Interpolations"/>
      </sampler>
      <channel source="#mixamorig_RightHandThumb1-Matrix-animation-transform" target="mixamorig_RightHandThumb1/matrix"/>
    </animation>
    <animation id="mixamorig_RightHandThumb2-anim" name="mixamorig_RightHandThumb2">
      <source id="mixamorig_RightHandThumb2-Matrix-animation-input">
        <float_array id="mixamorig_RightHandThumb2-Matrix-animation-input-array" count="31">

0.000000 0.033333 0.066667 0.100000 0.133333 0.166667 0.200000 0.233333 0.266667 0.300000 0.333333 0.366667 0.400000 0.433333 0.466667 0.500000
0.533333 0.566667 0.600000 0.633333 0.666667 0.700000 0.733333 0.766667 0.800000 0.833333 0.866667 0.900000 0.933333 0.966667 1.000000</float_array>
        <technique_common>
          <accessor source="#mixamorig_RightHandThumb2-Matrix-animation-input-array" count="31">
            <param name="TIME" type="float"/>
          </accessor>
        </technique_common>
      </source>
      <source id="mixamorig_RightHandThumb2-Matrix-animation-output-transform">
        <float_array id="mixamorig_RightHandThumb2-Matrix-animation-output-transform-array" count="496">

0.976465 -0.147583 0.157277 0.000000 0.158408 0.985633 -0.058607 3.338200 -0.146368 0.082142 0.985814 0.000000 0.000000 0.000000 0.000000 1.000000
0.980342 -0.117346 0.158619 0.000000 0.128965 0.989515 -0.065026 3.338200 -0.149325 0.084204 0.985196 0.000000 0.000000 0.000000 0.000000 1.000000
0.982784 -0.093162 0.159552 -0.000000 0.105422 0.991949 -0.070167 3.338200 -0.151730 0.085779 0.984693 0.000000 0.000000 0.000000 0.000000 1.000000
0.984480 -0.071456 0.160288 -0.000000 0.084297 0.993630 -0.074787 3.338200 -0.153923 0.087138 0.984233 0.000000 0.000000 0.000000 0.000000 1.000000
0.985659 -0.050883 0.160893 0.000000 0.064277 0.994787 -0.079172 3.338200 -0.156025 0.088378 0.983791 0.000000 0.000000 0.000000 0.000000 1.000000
0.986335 -0.033385 0.161335 0.000000 0.047254 0.995436 -0.082908 3.338200 -0.157831 0.089399 0.983411 0.000000 0.000000 0.000000 0.000000 1.000000
0.986619 -0.021689 0.161593 0.000000 0.035878 0.995700 -0.085409 3.338200 -0.159046 0.090063 0.983155 0.000000 0.000000 0.000000 0.000000 1.000000
0.986694 -0.017074 0.161688 -0.000000 0.031388 0.995766 -0.086396 3.338200 -0.159529 0.090321 0.983053 -0.000000 0.000000 0.000000 0.000000 1.000000
0.986670 -0.018734 0.161654 -0.000000 0.033003 0.995745 -0.086041 3.338200 -0.159354 0.090229 0.983090 0.000000 0.000000 0.000000 0.000000 1.000000
0.986561 -0.024603 0.161531 0.000000 0.038712 0.995647 -0.084785 3.338200 -0.158742 0.089899 0.983219 -0.000000 0.000000 0.000000 0.000000 1.000000
0.986357 -0.032642 0.161349 0.000000 0.046532 0.995457 -0.083067 3.338200 -0.157904 0.089442 0.983395 0.000000 0.000000 0.000000 0.000000 1.000000
0.986056 -0.041585 0.161132 0.000000 0.055231 0.995170 -0.081157 3.338200 -0.156979 0.088925 0.983590 -0.000000 0.000000 0.000000 0.000000 1.000000
0.985649 -0.051101 0.160885 0.000000 0.064490 0.994777 -0.079124 3.338200 -0.156001 0.088364 0.983796 0.000000 0.000000 0.000000 0.000000 1.000000
0.985106 -0.061439 0.160596 0.000000 0.074549 0.994246 -0.076918 3.338200 -0.154946 0.087745 0.984019 0.000000 0.000000 0.000000 0.000000 1.000000
0.984396 -0.072680 0.160255 0.000000 0.085487 0.993549 -0.074520 3.338200 -0.153805 0.087057 0.984259 0.000000 0.000000 0.000000 0.000000 1.000000
0.983516 -0.084489 0.159866 0.000000 0.096980 0.992678 -0.072005 3.338200 -0.152612 0.086321 0.984509 0.000000 0.000000 0.000000 0.000000 1.000000
0.982471 -0.096593 0.159435 0.000000 0.108762 0.991640 -0.069428 3.338200 -0.151396 0.085551 0.984764 0.000000 0.000000 0.000000 0.000000 1.000000
0.981242 -0.109070 0.158958 0.000000 0.120907 0.990415 -0.066775 3.338200 -0.150152 0.084741 0.985025 0.000000 0.000000 0.000000 0.000000 1.000000
0.979806 -0.121986 0.158429 -0.000000 0.133482 0.988981 -0.064029 3.338200 -0.148873 0.083884 0.985292 0.000000 0.000000 0.000000 0.000000 1.000000
0.978173 -0.135131 0.157853 0.000000 0.146280 0.987346 -0.061238 3.338200 -0.147580 0.082993 0.985562 0.000000 0.000000 0.000000 0.000000 1.000000
0.976371 -0.148239 0.157240 0.000000 0.159046 0.985539 -0.058458 3.338200 -0.146301 0.082085 0.985829 0.000000 0.000000 0.000000 0.000000 1.000000
0.974425 -0.161161 0.156599 0.000000 0.171630 0.983585 -0.055719 3.338200 -0.145048 0.081171 0.986089 0.000000 0.000000 0.000000 0.000000 1.000000
0.972357 -0.173802 0.155934 0.000000 0.183944 0.981505 -0.053043 3.338200 -0.143831 0.080260 0.986342 -0.000000 0.000000 0.000000 0.000000 1.000000
0.970195 -0.186054 0.155257 0.000000 0.195880 0.979329 -0.050451 3.338200 -0.142661 0.079359 0.986585 0.000000 0.000000 0.000000 0.000000 1.000000
0.967986 -0.197760 0.154577 0.000000 0.207284 0.977104 -0.047976 3.338200 -0.141550 0.078482 0.986815 0.000000 0.000000 0.000000 0.000000 1.000000
0.965782 -0.208749 0.153911 0.000000 0.217992 0.974882 -0.045657 3.338200 -0.140515 0.077646 0.987029 0.000000 0.000000 0.000000 0.000000 1.000000
0.963638 -0.218883 0.153273 -0.000000 0.227868 0.972719 -0.043519 3.338200 -0.139566 0.076863 0.987225 0.000000 0.000000 0.000000 0.000000 1.000000
0.961602 -0.228064 0.152675 -0.000000 0.236815 0.970664 -0.041583 3.338200 -0.138712 0.076142 0.987401 0.000000 0.000000 0.000000 0.000000 1.000000
0.959694 -0.236323 0.152115 0.000000 0.244865 0.968738 -0.039838 3.338200 -0.137945 0.075480 0.987560 0.000000 0.000000 0.000000 0.000000 1.000000
0.957873 -0.243930 0.151584 -0.000000 0.252280 0.966899 -0.038237 3.338200 -0.137239 0.074868 0.987705 0.000000 0.000000 0.000000 0.000000 1.000000
0.956167 -0.250829 0.151097 0.000000 0.259008 0.965174 -0.036804 3.338200 -0.136603 0.074326 0.987834 0.000000 0.000000 0.000000 0.000000 1.000000</float_array>
        <technique_common>
          <accessor source="#mixamorig_RightHandThumb2-Matrix-animation-output-transform-array" count="31" stride="16">
            <param type="float4x4"/>
          </accessor>
        </technique_common>
      </source>
      <source id="mixamorig_RightHandThumb2-Interpolations">
        <Name_array id="mixamorig_RightHandThumb2-Interpolations-array" count="31">
 LINEAR LINEAR LINEAR LINEAR LINEAR LINEAR LINEAR LINEAR LINEAR LINEAR LINEAR
LINEAR LINEAR LINEAR LINEAR LINEAR LINEAR LINEAR LINEAR LINEAR LINEAR LINEAR LINEAR
LINEAR LINEAR LINEAR LINEAR LINEAR LINEAR LINEAR LINEAR</Name_array>
        <technique_common>
          <accessor source="#mixamorig_RightHandThumb2-Interpolations-array" count="31">
            <param type="name"/>
          </accessor>
        </technique_common>
      </source>
      <sampler id="mixamorig_RightHandThumb2-Matrix-animation-transform">
        <input semantic="INPUT" source="#mixamorig_RightHandThumb2-Matrix-animation-input"/>
        <input semantic="OUTPUT" source="#mixamorig_RightHandThumb2-Matrix-animation-output-transform"/>
        <input semantic="INTERPOLATION" source="#mixamorig_RightHandThumb2-Interpolations"/>
      </sampler>
      <channel source="#mixamorig_RightHandThumb2-Matrix-animation-transform" target="mixamorig_RightHandThumb2/matrix"/>
    </animation>
    <animation id="mixamorig_RightHandThumb3-anim" name="mixamorig_RightHandThumb3">
      <source id="mixamorig_RightHandThumb3-Matrix-animation-input">
        <float_array id="mixamorig_RightHandThumb3-Matrix-animation-input-array" count="31">

0.000000 0.033333 0.066667 0.100000 0.133333 0.166667 0.200000 0.233333 0.266667 0.300000 0.333333 0.366667 0.400000 0.433333 0.466667 0.500000
0.533333 0.566667 0.600000 0.633333 0.666667 0.700000 0.733333 0.766667 0.800000 0.833333 0.866667 0.900000 0.933333 0.966667 1.000000</float_array>
        <technique_common>
          <accessor source="#mixamorig_RightHandThumb3-Matrix-animation-input-array" count="31">
            <param name="TIME" type="float"/>
          </accessor>
        </technique_common>
      </source>
      <source id="mixamorig_RightHandThumb3-Matrix-animation-output-transform">
        <float_array id="mixamorig_RightHandThumb3-Matrix-animation-output-transform-array" count="496">

0.992278 -0.121285 -0.025978 0.000000 0.122488 0.991147 0.051225 3.745800 0.019536 -0.054012 0.998349 0.000000 0.000000 0.000000 0.000000 1.000000
0.996282 -0.082619 -0.024400 0.000000 0.083601 0.995596 0.042410 3.745800 0.020788 -0.044293 0.998802 0.000000 0.000000 0.000000 0.000000 1.000000
0.998390 -0.051691 -0.023371 0.000000 0.052498 0.997995 0.035354 3.745800 0.021496 -0.036524 0.999102 0.000000 0.000000 0.000000 0.000000 1.000000
0.999458 -0.023942 -0.022612 0.000000 0.024594 0.999276 0.029024 3.745800 0.021901 -0.029564 0.999323 0.000000 0.000000 0.000000 0.000000 1.000000
0.999754 0.002345 -0.022046 0.000000 -0.001838 0.999733 0.023019 3.745800 0.022095 -0.022972 0.999492 -0.000000 0.000000 0.000000 0.000000 1.000000
0.999460 0.024680 -0.021692 -0.000000 -0.024293 0.999544 0.017907 3.745800 0.022124 -0.017370 0.999604 0.000000 0.000000 0.000000 0.000000 1.000000
0.998984 0.039595 -0.021518 0.000000 -0.039288 0.999123 0.014486 3.745800 0.022072 -0.013626 0.999664 -0.000000 0.000000 0.000000 0.000000 1.000000
0.998735 0.045479 -0.021460 0.000000 -0.045204 0.998891 0.013139 3.745800 0.022034 -0.012152 0.999683 0.000000 0.000000 0.000000 0.000000 1.000000
0.998829 0.043366 -0.021465 0.000000 -0.043080 0.998979 0.013641 3.745800 0.022035 -0.012701 0.999677 0.000000 0.000000 0.000000 0.000000 1.000000
0.999124 0.035892 -0.021509 0.000000 -0.035565 0.999249 0.015394 3.745800 0.022045 -0.014616 0.999650 0.000000 0.000000 0.000000 0.000000 1.000000
0.999438 0.025651 -0.021591 0.000000 -0.025269 0.999522 0.017794 3.745800 0.022037 -0.017238 0.999609 0.000000 0.000000 0.000000 0.000000 1.000000
0.999663 0.014250 -0.021714 0.000000 -0.013807 0.999695 0.020458 3.745800 0.021999 -0.020151 0.999555 0.000000 0.000000 0.000000 0.000000 1.000000
0.999758 0.002110 -0.021884 0.000000 -0.001600 0.999728 0.023283 3.745800 0.021927 -0.023242 0.999489 0.000000 0.000000 0.000000 0.000000 1.000000
0.999694 -0.011087 -0.022114 0.000000 0.011669 0.999585 0.026341 3.745800 0.021813 -0.026591 0.999408 -0.000000 0.000000 0.000000 0.000000 1.000000
0.999425 -0.025443 -0.022416 -0.000000 0.026103 0.999219 0.029660 3.745800 0.021644 -0.030228 0.999309 0.000000 0.000000 0.000000 0.000000 1.000000
0.998918 -0.040531 -0.022789 0.000000 0.041274 0.998598 0.033141 3.745800 0.021414 -0.034046 0.999191 0.000000 0.000000 0.000000 0.000000 1.000000
0.998160 -0.056003 -0.023230 0.000000 0.056832 0.997709 0.036703 3.745800 0.021121 -0.037956 0.999056 0.000000 0.000000 0.000000 0.000000 1.000000
0.997125 -0.071959 -0.023747 -0.000000 0.072877 0.996524 0.040366 3.745800 0.020760 -0.041981 0.998903 0.000000 0.000000 0.000000 0.000000 1.000000
0.995781 -0.088478 -0.024347 0.000000 0.089489 0.995009 0.044144 3.745800 0.020319 -0.046137 0.998728 0.000000 0.000000 0.000000 0.000000 1.000000
0.994127 -0.105282 -0.025027 0.000000 0.106388 0.993167 0.047976 3.745800 0.019805 -0.050357 0.998535 0.000000 0.000000 0.000000 0.000000 1.000000
0.992191 -0.122032 -0.025777 -0.000000 0.123234 0.991026 0.051782 3.745800 0.019226 -0.054555 0.998326 -0.000000 0.000000 0.000000 0.000000 1.000000
0.989997 -0.138559 -0.026588 0.000000 0.139856 0.988614 0.055527 3.745800 0.018591 -0.058690 0.998103 0.000000 0.000000 0.000000 0.000000 1.000000
0.987570 -0.154766 -0.027451 0.000000 0.156159 0.985957 0.059186 3.745800 0.017906 -0.062737 0.997869 0.000000 0.000000 0.000000 0.000000 1.000000
0.984961 -0.170435 -0.028352 0.000000 0.171920 0.983113 0.062710 3.745800 0.017185 -0.066641 0.997629 0.000000 0.000000 0.000000 0.000000 1.000000
0.982253 -0.185263 -0.029267 -0.000000 0.186838 0.980169 0.066028 3.745800 0.016454 -0.070325 0.997388 -0.000000 0.000000 0.000000 0.000000 1.000000
0.979497 -0.199185 -0.030187 0.000000 0.200845 0.977181 0.069125 3.745800 0.015730 -0.073771 0.997151 -0.000000 0.000000 0.000000 0.000000 1.000000
0.976688 -0.212397 -0.031115 0.000000 0.214138 0.974143 0.072044 3.745800 0.015008 -0.077027 0.996916 -0.000000 0.000000 0.000000 0.000000 1.000000
0.974023 -0.224181 -0.031980 -0.000000 0.225997 0.971264 0.074639 3.745800 0.014328 -0.079927 0.996698 0.000000 0.000000 0.000000 0.000000 1.000000
0.972429 -0.230925 -0.032494 -0.000000 0.232783 0.969545 0.076121 3.745800 0.013927 -0.081586 0.996569 0.000000 0.000000 0.000000 0.000000 1.000000
0.973713 -0.225502 -0.032116 0.000000 0.227328 0.970934 0.074890 3.745800 0.014295 -0.080222 0.996675 0.000000 0.000000 0.000000 0.000000 1.000000
0.979251 -0.200361 -0.030396 0.000000 0.202035 0.976930 0.069211 3.745800 0.015827 -0.073916 0.997139 0.000000 0.000000 0.000000 0.000000 1.000000</float_array>
        <technique_common>
          <accessor source="#mixamorig_RightHandThumb3-Matrix-animation-output-transform-array" count="31" stride="16">
            <param type="float4x4"/>
          </accessor>
        </technique_common>
      </source>
      <source id="mixamorig_RightHandThumb3-Interpolations">
        <Name_array id="mixamorig_RightHandThumb3-Interpolations-array" count="31">
 LINEAR LINEAR LINEAR LINEAR LINEAR LINEAR LINEAR LINEAR LINEAR LINEAR LINEAR
LINEAR LINEAR LINEAR LINEAR LINEAR LINEAR LINEAR LINEAR LINEAR LINEAR LINEAR LINEAR
LINEAR LINEAR LINEAR LINEAR LINEAR LINEAR LINEAR LINEAR</Name_array>
        <technique_common>
          <accessor source="#mixamorig_RightHandThumb3-Interpolations-array" count="31">
            <param type="name"/>
          </accessor>
        </technique_common>
      </source>
      <sampler id="mixamorig_RightHandThumb3-Matrix-animation-transform">
        <input semantic="INPUT" source="#mixamorig_RightHandThumb3-Matrix-animation-input"/>
        <input semantic="OUTPUT" source="#mixamorig_RightHandThumb3-Matrix-animation-output-transform"/>
        <input semantic="INTERPOLATION" source="#mixamorig_RightHandThumb3-Interpolations"/>
      </sampler>
      <channel source="#mixamorig_RightHandThumb3-Matrix-animation-transform" target="mixamorig_RightHandThumb3/matrix"/>
    </animation>
    <animation id="mixamorig_RightHandIndex1-anim" name="mixamorig_RightHandIndex1">
      <source id="mixamorig_RightHandIndex1-Matrix-animation-input">
        <float_array id="mixamorig_RightHandIndex1-Matrix-animation-input-array" count="31">

0.000000 0.033333 0.066667 0.100000 0.133333 0.166667 0.200000 0.233333 0.266667 0.300000 0.333333 0.366667 0.400000 0.433333 0.466667 0.500000
0.533333 0.566667 0.600000 0.633333 0.666667 0.700000 0.733333 0.766667 0.800000 0.833333 0.866667 0.900000 0.933333 0.966667 1.000000</float_array>
        <technique_common>
          <accessor source="#mixamorig_RightHandIndex1-Matrix-animation-input-array" count="31">
            <param name="TIME" type="float"/>
          </accessor>
        </technique_common>
      </source>
      <source id="mixamorig_RightHandIndex1-Matrix-animation-output-transform">
        <float_array id="mixamorig_RightHandIndex1-Matrix-animation-output-transform-array" count="496">

0.970005 0.242770 0.012392 2.441000 -0.241579 0.957068 0.160188 9.644800 0.027029 -0.158377 0.987009 0.286400 0.000000 0.000000 0.000000 1.000000
0.971943 0.226912 0.061958 2.441000 -0.233443 0.962844 0.135780 9.644800 -0.028845 -0.146433 0.988800 0.286400 0.000000 0.000000 0.000000 1.000000
0.976769 0.203205 0.068038 2.441000 -0.210058 0.970735 0.116401 9.644800 -0.042394 -0.127989 0.990869 0.286400 0.000000 0.000000 0.000000 1.000000
0.984141 0.172447 0.041567 2.441000 -0.175797 0.979464 0.098720 9.644800 -0.023689 -0.104462 0.994247 0.286400 0.000000 0.000000 0.000000 1.000000
0.990669 0.136251 -0.003225 2.441000 -0.135610 0.987817 0.076333 9.644800 0.013586 -0.075184 0.997077 0.286400 0.000000 0.000000 0.000000 1.000000
0.993804 0.096645 -0.054893 2.441000 -0.094305 0.994582 0.043735 9.644800 0.058823 -0.038287 0.997534 0.286400 0.000000 0.000000 0.000000 1.000000
0.993036 0.055138 -0.104114 2.441000 -0.055888 0.998428 -0.004294 9.644800 0.103714 0.010083 0.994556 0.286400 0.000000 0.000000 0.000000 1.000000
0.989299 0.010989 -0.145491 2.441000 -0.022366 0.996796 -0.076792 9.644800 0.144181 0.079224 0.986375 0.286400 0.000000 0.000000 0.000000 1.000000
0.983021 -0.038428 -0.179425 2.441000 0.004865 0.982939 -0.183868 9.644800 0.183430 0.179873 0.966436 0.286400 0.000000 0.000000 0.000000 1.000000
0.973844 -0.093319 -0.207172 2.441000 0.022221 0.946514 -0.321897 9.644800 0.226130 0.308873 0.923830 0.286400 0.000000 0.000000 0.000000 1.000000
0.962767 -0.148551 -0.225857 2.441000 0.027268 0.884587 -0.465577 9.644800 0.268952 0.442083 0.855703 0.286400 0.000000 0.000000 0.000000 1.000000
0.952519 -0.197435 -0.231792 2.441000 0.025848 0.810956 -0.584535 9.644800 0.303381 0.550790 0.777555 0.286400 0.000000 0.000000 0.000000 1.000000
0.944717 -0.237773 -0.225774 2.441000 0.028496 0.745507 -0.665888 9.644800 0.326646 0.622642 0.711069 0.286400 0.000000 0.000000 0.000000 1.000000
0.938385 -0.272342 -0.212752 2.441000 0.039728 0.696544 -0.716413 9.644800 0.343301 0.663819 0.664446 0.286400 0.000000 0.000000 0.000000 1.000000
0.932078 -0.303320 -0.198058 2.441000 0.055150 0.659173 -0.749967 9.644800 0.358035 0.688105 0.631128 0.286400 0.000000 0.000000 0.000000 1.000000
0.926652 -0.326911 -0.185593 2.441000 0.064993 0.625591 -0.777439 9.644800 0.370258 0.708354 0.600952 0.286400 0.000000 0.000000 0.000000 1.000000
0.925433 -0.334502 -0.177996 2.441000 0.059764 0.592731 -0.803180 9.644800 0.374169 0.732651 0.568524 0.286400 0.000000 0.000000 0.000000 1.000000
0.930152 -0.322518 -0.175497 2.441000 0.039140 0.562337 -0.825981 9.644800 0.365082 0.761419 0.535683 0.286400 0.000000 0.000000 0.000000 1.000000
0.937536 -0.300993 -0.174440 2.441000 0.015308 0.536631 -0.843678 9.644800 0.347551 0.788308 0.507718 0.286400 0.000000 0.000000 0.000000 1.000000
0.943233 -0.285403 -0.169873 2.441000 0.001785 0.515812 -0.856700 9.644800 0.332127 0.807764 0.487041 0.286400 0.000000 0.000000 0.000000 1.000000
0.946291 -0.280491 -0.160802 2.441000 0.000472 0.498551 -0.866860 9.644800 0.323315 0.820226 0.471907 0.286400 0.000000 0.000000 0.000000 1.000000
0.948683 -0.277054 -0.152452 2.441000 0.001161 0.485143 -0.874434 9.644800 0.316226 0.829384 0.460569 0.286400 0.000000 0.000000 0.000000 1.000000
0.953286 -0.259900 -0.153943 2.441000 -0.009760 0.482857 -0.875645 9.644800 0.301912 0.836242 0.457764 0.286400 0.000000 0.000000 0.000000 1.000000
0.960399 -0.221315 -0.169275 2.441000 -0.036147 0.503431 -0.863279 9.644800 0.276275 0.835211 0.475494 0.286400 0.000000 0.000000 0.000000 1.000000
0.966616 -0.177167 -0.185108 2.441000 -0.061476 0.540976 -0.838788 9.644800 0.248745 0.822166 0.512024 0.286400 0.000000 0.000000 0.000000 1.000000
0.970730 -0.160436 -0.178729 2.441000 -0.060914 0.555369 -0.829370 9.644800 0.232321 0.815982 0.529340 0.286400 0.000000 0.000000 0.000000 1.000000
0.972480 -0.179001 -0.149134 2.441000 -0.039448 0.504355 -0.862595 9.644800 0.229622 0.844739 0.483414 0.286400 0.000000 0.000000 0.000000 1.000000
0.972150 -0.201229 -0.120127 2.441000 -0.029625 0.402951 -0.914742 9.644800 0.232478 0.892825 0.385768 0.286400 0.000000 0.000000 0.000000 1.000000
0.973444 -0.199891 -0.111583 2.441000 -0.037949 0.339774 -0.939741 9.644800 0.225759 0.919020 0.323165 0.286400 0.000000 0.000000 0.000000 1.000000
0.976671 -0.175869 -0.123221 2.441000 -0.044545 0.395410 -0.917424 9.644800 0.210069 0.901510 0.378352 0.286400 0.000000 0.000000 0.000000 1.000000
0.980213 -0.138279 -0.141636 2.441000 -0.043420 0.547906 -0.835412 9.644800 0.193123 0.825032 0.531061 0.286400 0.000000 0.000000 0.000000 1.000000</float_array>
        <technique_common>
          <accessor source="#mixamorig_RightHandIndex1-Matrix-animation-output-transform-array" count="31" stride="16">
            <param type="float4x4"/>
          </accessor>
        </technique_common>
      </source>
      <source id="mixamorig_RightHandIndex1-Interpolations">
        <Name_array id="mixamorig_RightHandIndex1-Interpolations-array" count="31">
 LINEAR LINEAR LINEAR LINEAR LINEAR LINEAR LINEAR LINEAR LINEAR LINEAR LINEAR
LINEAR LINEAR LINEAR LINEAR LINEAR LINEAR LINEAR LINEAR LINEAR LINEAR LINEAR LINEAR
LINEAR LINEAR LINEAR LINEAR LINEAR LINEAR LINEAR LINEAR</Name_array>
        <technique_common>
          <accessor source="#mixamorig_RightHandIndex1-Interpolations-array" count="31">
            <param type="name"/>
          </accessor>
        </technique_common>
      </source>
      <sampler id="mixamorig_RightHandIndex1-Matrix-animation-transform">
        <input semantic="INPUT" source="#mixamorig_RightHandIndex1-Matrix-animation-input"/>
        <input semantic="OUTPUT" source="#mixamorig_RightHandIndex1-Matrix-animation-output-transform"/>
        <input semantic="INTERPOLATION" source="#mixamorig_RightHandIndex1-Interpolations"/>
      </sampler>
      <channel source="#mixamorig_RightHandIndex1-Matrix-animation-transform" target="mixamorig_RightHandIndex1/matrix"/>
    </animation>
    <animation id="mixamorig_RightHandIndex2-anim" name="mixamorig_RightHandIndex2">
      <source id="mixamorig_RightHandIndex2-Matrix-animation-input">
        <float_array id="mixamorig_RightHandIndex2-Matrix-animation-input-array" count="31">

0.000000 0.033333 0.066667 0.100000 0.133333 0.166667 0.200000 0.233333 0.266667 0.300000 0.333333 0.366667 0.400000 0.433333 0.466667 0.500000
0.533333 0.566667 0.600000 0.633333 0.666667 0.700000 0.733333 0.766667 0.800000 0.833333 0.866667 0.900000 0.933333 0.966667 1.000000</float_array>
        <technique_common>
          <accessor source="#mixamorig_RightHandIndex2-Matrix-animation-input-array" count="31">
            <param name="TIME" type="float"/>
          </accessor>
        </technique_common>
      </source>
      <source id="mixamorig_RightHandIndex2-Matrix-animation-output-transform">
        <float_array id="mixamorig_RightHandIndex2-Matrix-animation-output-transform-array" count="496">

0.999987 -0.004598 0.002186 -0.000000 0.004906 0.985107 -0.171870 3.105700 -0.001363 0.171879 0.985117 0.000000 0.000000 0.000000 0.000000 1.000000
0.999988 -0.004573 0.001814 -0.000000 0.004790 0.989063 -0.147417 3.105700 -0.001120 0.147424 0.989073 -0.000000 0.000000 0.000000 0.000000 1.000000
0.999988 -0.004561 0.001558 0.000000 0.004734 0.990107 -0.140236 3.105700 -0.000903 0.140241 0.990117 0.000000 0.000000 0.000000 0.000000 1.000000
0.999989 -0.004558 0.001373 -0.000000 0.004709 0.989442 -0.144852 3.105700 -0.000698 0.144857 0.989452 0.000000 0.000000 0.000000 0.000000 1.000000
0.999989 -0.004559 0.001220 0.000000 0.004694 0.987620 -0.156796 3.105700 -0.000490 0.156800 0.987630 0.000000 0.000000 0.000000 0.000000 1.000000
0.999989 -0.004561 0.001094 0.000000 0.004682 0.984647 -0.174496 3.105700 -0.000281 0.174500 0.984657 -0.000000 0.000000 0.000000 0.000000 1.000000
0.999989 -0.004564 0.001001 0.000000 0.004672 0.980106 -0.198419 3.105700 -0.000076 0.198422 0.980117 0.000000 0.000000 0.000000 0.000000 1.000000
0.999989 -0.004567 0.000940 0.000000 0.004660 0.972616 -0.232371 3.105700 0.000147 0.232373 0.972627 0.000000 0.000000 0.000000 0.000000 1.000000
0.999989 -0.004561 0.000923 0.000000 0.004636 0.959341 -0.282211 3.105700 0.000402 0.282212 0.959352 0.000000 0.000000 0.000000 0.000000 1.000000
0.999989 -0.004537 0.000958 0.000000 0.004587 0.937466 -0.348046 3.105700 0.000682 0.348047 0.937477 -0.000000 0.000000 0.000000 0.000000 1.000000
0.999989 -0.004490 0.001053 0.000000 0.004517 0.907756 -0.419474 3.105700 0.000928 0.419474 0.907767 0.000000 0.000000 0.000000 0.000000 1.000000
0.999989 -0.004429 0.001200 0.000000 0.004459 0.876099 -0.482111 3.105700 0.001084 0.482112 0.876109 -0.000000 0.000000 0.000000 0.000000 1.000000
0.999990 -0.004372 0.001370 0.000000 0.004437 0.849277 -0.527930 3.105700 0.001145 0.527930 0.849287 0.000000 0.000000 0.000000 0.000000 1.000000
0.999989 -0.004332 0.001521 -0.000000 0.004443 0.829518 -0.558463 3.105700 0.001157 0.558463 0.829528 -0.000000 0.000000 0.000000 0.000000 1.000000
0.999989 -0.004299 0.001634 0.000000 0.004449 0.814312 -0.580410 3.105700 0.001165 0.580412 0.814322 0.000000 0.000000 0.000000 0.000000 1.000000
0.999989 -0.004267 0.001731 0.000000 0.004451 0.799711 -0.600369 3.105700 0.001177 0.600370 0.799721 0.000000 0.000000 0.000000 0.000000 1.000000
0.999989 -0.004236 0.001870 0.000000 0.004480 0.782947 -0.622072 3.105700 0.001171 0.622074 0.782958 0.000000 0.000000 0.000000 0.000000 1.000000
0.999989 -0.004210 0.002092 0.000000 0.004566 0.763891 -0.645329 3.105700 0.001119 0.645332 0.763902 0.000000 0.000000 0.000000 0.000000 1.000000
0.999988 -0.004193 0.002374 0.000000 0.004707 0.744892 -0.667169 3.105700 0.001030 0.667172 0.744903 -0.000000 0.000000 0.000000 0.000000 1.000000
0.999988 -0.004174 0.002667 0.000000 0.004868 0.728205 -0.685342 3.105700 0.000919 0.685347 0.728216 0.000000 0.000000 0.000000 0.000000 1.000000
0.999987 -0.004131 0.002955 0.000000 0.005018 0.713719 -0.700414 3.105700 0.000785 0.700420 0.713731 0.000000 0.000000 0.000000 0.000000 1.000000
0.999986 -0.004060 0.003263 0.000000 0.005173 0.700588 -0.713547 3.105700 0.000611 0.713554 0.700600 0.000000 0.000000 0.000000 0.000000 1.000000
0.999986 -0.003978 0.003626 0.000000 0.005370 0.691436 -0.722417 3.105700 0.000367 0.722426 0.691448 -0.000000 0.000000 0.000000 0.000000 1.000000
0.999984 -0.003885 0.004092 -0.000000 0.005642 0.691840 -0.722028 3.105700 -0.000026 0.722040 0.691851 -0.000000 0.000000 0.000000 0.000000 1.000000
0.999982 -0.003735 0.004717 0.000000 0.005984 0.698546 -0.715540 3.105700 -0.000622 0.715555 0.698556 0.000000 0.000000 0.000000 0.000000 1.000000
0.999979 -0.003476 0.005500 0.000000 0.006380 0.689911 -0.723866 3.105700 -0.001278 0.723886 0.689919 0.000000 0.000000 0.000000 0.000000 1.000000
0.999975 -0.003123 0.006324 0.000000 0.006852 0.643082 -0.765767 3.105700 -0.001676 0.765791 0.643087 0.000000 0.000000 0.000000 0.000000 1.000000
0.999972 -0.002763 0.006982 0.000000 0.007314 0.569194 -0.822170 3.105700 -0.001702 0.822198 0.569199 0.000000 0.000000 0.000000 0.000000 1.000000
0.999970 -0.002580 0.007260 0.000000 0.007532 0.525490 -0.850766 3.105700 -0.001620 0.850796 0.525494 0.000000 0.000000 0.000000 0.000000 1.000000
0.999972 -0.002747 0.007012 -0.000000 0.007337 0.565139 -0.824963 3.105700 -0.001697 0.824991 0.565143 -0.000000 0.000000 0.000000 0.000000 1.000000
0.999976 -0.003191 0.006218 0.000000 0.006747 0.672702 -0.739882 3.105700 -0.001822 0.739906 0.672708 -0.000000 0.000000 0.000000 0.000000 1.000000</float_array>
        <technique_common>
          <accessor source="#mixamorig_RightHandIndex2-Matrix-animation-output-transform-array" count="31" stride="16">
            <param type="float4x4"/>
          </accessor>
        </technique_common>
      </source>
      <source id="mixamorig_RightHandIndex2-Interpolations">
        <Name_array id="mixamorig_RightHandIndex2-Interpolations-array" count="31">
 LINEAR LINEAR LINEAR LINEAR LINEAR LINEAR LINEAR LINEAR LINEAR LINEAR LINEAR
LINEAR LINEAR LINEAR LINEAR LINEAR LINEAR LINEAR LINEAR LINEAR LINEAR LINEAR LINEAR
LINEAR LINEAR LINEAR LINEAR LINEAR LINEAR LINEAR LINEAR</Name_array>
        <technique_common>
          <accessor source="#mixamorig_RightHandIndex2-Interpolations-array" count="31">
            <param type="name"/>
          </accessor>
        </technique_common>
      </source>
      <sampler id="mixamorig_RightHandIndex2-Matrix-animation-transform">
        <input semantic="INPUT" source="#mixamorig_RightHandIndex2-Matrix-animation-input"/>
        <input semantic="OUTPUT" source="#mixamorig_RightHandIndex2-Matrix-animation-output-transform"/>
        <input semantic="INTERPOLATION" source="#mixamorig_RightHandIndex2-Interpolations"/>
      </sampler>
      <channel source="#mixamorig_RightHandIndex2-Matrix-animation-transform" target="mixamorig_RightHandIndex2/matrix"/>
    </animation>
    <animation id="mixamorig_RightHandIndex3-anim" name="mixamorig_RightHandIndex3">
      <source id="mixamorig_RightHandIndex3-Matrix-animation-input">
        <float_array id="mixamorig_RightHandIndex3-Matrix-animation-input-array" count="31">

0.000000 0.033333 0.066667 0.100000 0.133333 0.166667 0.200000 0.233333 0.266667 0.300000 0.333333 0.366667 0.400000 0.433333 0.466667 0.500000
0.533333 0.566667 0.600000 0.633333 0.666667 0.700000 0.733333 0.766667 0.800000 0.833333 0.866667 0.900000 0.933333 0.966667 1.000000</float_array>
        <technique_common>
          <accessor source="#mixamorig_RightHandIndex3-Matrix-animation-input-array" count="31">
            <param name="TIME" type="float"/>
          </accessor>
        </technique_common>
      </source>
      <source id="mixamorig_RightHandIndex3-Matrix-animation-output-transform">
        <float_array id="mixamorig_RightHandIndex3-Matrix-animation-output-transform-array" count="496">

0.999989 -0.004243 0.002037 0.000000 0.004622 0.967114 -0.254301 2.847700 -0.000891 0.254307 0.967123 0.000000 0.000000 0.000000 0.000000 1.000000
0.999990 -0.004240 0.001648 0.000000 0.004502 0.974177 -0.225743 2.847700 -0.000648 0.225748 0.974186 0.000000 0.000000 0.000000 0.000000 1.000000
0.999990 -0.004187 0.001345 0.000000 0.004378 0.976907 -0.213620 2.847700 -0.000420 0.213624 0.976916 0.000000 0.000000 0.000000 0.000000 1.000000
0.999991 -0.004091 0.001089 -0.000000 0.004229 0.977033 -0.213046 2.847700 -0.000192 0.213049 0.977041 0.000000 0.000000 0.000000 0.000000 1.000000
0.999992 -0.003975 0.000845 -0.000000 0.004064 0.975718 -0.218991 2.847700 0.000046 0.218992 0.975727 0.000000 0.000000 0.000000 0.000000 1.000000
0.999992 -0.003864 0.000602 0.000000 0.003900 0.973605 -0.228205 2.847700 0.000296 0.228205 0.973613 0.000000 0.000000 0.000000 0.000000 1.000000
0.999993 -0.003784 0.000354 0.000000 0.003759 0.970855 -0.239639 2.847700 0.000563 0.239638 0.970862 -0.000000 0.000000 0.000000 0.000000 1.000000
0.999993 -0.003753 0.000096 0.000000 0.003651 0.966195 -0.257786 2.847700 0.000874 0.257785 0.966202 0.000000 0.000000 0.000000 0.000000 1.000000
0.999993 -0.003771 -0.000170 0.000000 0.003557 0.956432 -0.291933 2.847700 0.001263 0.291930 0.956439 0.000000 0.000000 0.000000 0.000000 1.000000
0.999993 -0.003815 -0.000426 0.000000 0.003433 0.938382 -0.345583 2.847700 0.001718 0.345579 0.938388 0.000000 0.000000 0.000000 0.000000 1.000000
0.999992 -0.003860 -0.000645 0.000000 0.003259 0.912603 -0.408833 2.847700 0.002166 0.408828 0.912609 0.000000 0.000000 0.000000 0.000000 1.000000
0.999992 -0.003893 -0.000803 0.000000 0.003071 0.884907 -0.465757 2.847700 0.002524 0.465751 0.884912 0.000000 0.000000 0.000000 0.000000 1.000000
0.999992 -0.003920 -0.000892 0.000000 0.002926 0.861799 -0.507241 2.847700 0.002757 0.507234 0.861804 0.000000 0.000000 0.000000 0.000000 1.000000
0.999992 -0.003947 -0.000922 0.000000 0.002842 0.844936 -0.534860 2.847700 0.002890 0.534853 0.844940 -0.000000 0.000000 0.000000 0.000000 1.000000
0.999992 -0.003975 -0.000917 0.000000 0.002797 0.831624 -0.555333 2.847700 0.002970 0.555325 0.831628 0.000000 0.000000 0.000000 0.000000 1.000000
0.999992 -0.004008 -0.000881 0.000000 0.002774 0.818445 -0.574578 2.847700 0.003024 0.574571 0.818449 0.000000 0.000000 0.000000 0.000000 1.000000
0.999991 -0.004050 -0.000787 0.000000 0.002785 0.803272 -0.595606 2.847700 0.003044 0.595599 0.803276 -0.000000 0.000000 0.000000 0.000000 1.000000
0.999991 -0.004110 -0.000603 0.000000 0.002858 0.786052 -0.618154 2.847700 0.003015 0.618147 0.786057 0.000000 0.000000 0.000000 0.000000 1.000000
0.999991 -0.004174 -0.000346 -0.000000 0.002987 0.768668 -0.639641 2.847700 0.002936 0.639634 0.768674 0.000000 0.000000 0.000000 0.000000 1.000000
0.999991 -0.004212 -0.000062 -0.000000 0.003131 0.752977 -0.658040 2.847700 0.002818 0.658034 0.752983 0.000000 0.000000 0.000000 0.000000 1.000000
0.999991 -0.004204 0.000239 -0.000000 0.003268 0.738890 -0.673818 2.847700 0.002656 0.673813 0.738897 0.000000 0.000000 0.000000 0.000000 1.000000
0.999991 -0.004160 0.000588 0.000000 0.003423 0.725709 -0.687993 2.847700 0.002436 0.687989 0.725717 0.000000 0.000000 0.000000 0.000000 1.000000
0.999991 -0.004090 0.001037 -0.000000 0.003652 0.715793 -0.698303 2.847700 0.002114 0.698301 0.715802 0.000000 0.000000 0.000000 0.000000 1.000000
0.999991 -0.003963 0.001667 0.000000 0.003997 0.714005 -0.700130 2.847700 0.001584 0.700130 0.714014 0.000000 0.000000 0.000000 0.000000 1.000000
0.999990 -0.003727 0.002535 0.000000 0.004439 0.717168 -0.696886 2.847700 0.000779 0.696890 0.717178 0.000000 0.000000 0.000000 0.000000 1.000000
0.999988 -0.003427 0.003536 0.000000 0.004924 0.705663 -0.708531 2.847700 -0.000067 0.708540 0.705671 0.000000 0.000000 0.000000 0.000000 1.000000
0.999985 -0.003184 0.004407 0.000000 0.005413 0.659041 -0.752087 2.847700 -0.000509 0.752100 0.659049 0.000000 0.000000 0.000000 0.000000 1.000000
0.999983 -0.003051 0.004952 0.000000 0.005799 0.588281 -0.808636 2.847700 -0.000446 0.808651 0.588288 0.000000 0.000000 0.000000 0.000000 1.000000
0.999982 -0.003004 0.005137 0.000000 0.005943 0.547025 -0.837095 2.847700 -0.000295 0.837111 0.547033 0.000000 0.000000 0.000000 0.000000 1.000000
0.999983 -0.003036 0.004958 0.000000 0.005797 0.584805 -0.811153 2.847700 -0.000437 0.811169 0.584812 0.000000 0.000000 0.000000 0.000000 1.000000
0.999985 -0.003130 0.004395 0.000000 0.005344 0.686716 -0.726906 2.847700 -0.000743 0.726919 0.686723 0.000000 0.000000 0.000000 0.000000 1.000000</float_array>
        <technique_common>
          <accessor source="#mixamorig_RightHandIndex3-Matrix-animation-output-transform-array" count="31" stride="16">
            <param type="float4x4"/>
          </accessor>
        </technique_common>
      </source>
      <source id="mixamorig_RightHandIndex3-Interpolations">
        <Name_array id="mixamorig_RightHandIndex3-Interpolations-array" count="31">
 LINEAR LINEAR LINEAR LINEAR LINEAR LINEAR LINEAR LINEAR LINEAR LINEAR LINEAR
LINEAR LINEAR LINEAR LINEAR LINEAR LINEAR LINEAR LINEAR LINEAR LINEAR LINEAR LINEAR
LINEAR LINEAR LINEAR LINEAR LINEAR LINEAR LINEAR LINEAR</Name_array>
        <technique_common>
          <accessor source="#mixamorig_RightHandIndex3-Interpolations-array" count="31">
            <param type="name"/>
          </accessor>
        </technique_common>
      </source>
      <sampler id="mixamorig_RightHandIndex3-Matrix-animation-transform">
        <input semantic="INPUT" source="#mixamorig_RightHandIndex3-Matrix-animation-input"/>
        <input semantic="OUTPUT" source="#mixamorig_RightHandIndex3-Matrix-animation-output-transform"/>
        <input semantic="INTERPOLATION" source="#mixamorig_RightHandIndex3-Interpolations"/>
      </sampler>
      <channel source="#mixamorig_RightHandIndex3-Matrix-animation-transform" target="mixamorig_RightHandIndex3/matrix"/>
    </animation>
    <animation id="mixamorig_RightHandMiddle1-anim" name="mixamorig_RightHandMiddle1">
      <source id="mixamorig_RightHandMiddle1-Matrix-animation-input">
        <float_array id="mixamorig_RightHandMiddle1-Matrix-animation-input-array" count="31">

0.000000 0.033333 0.066667 0.100000 0.133333 0.166667 0.200000 0.233333 0.266667 0.300000 0.333333 0.366667 0.400000 0.433333 0.466667 0.500000
0.533333 0.566667 0.600000 0.633333 0.666667 0.700000 0.733333 0.766667 0.800000 0.833333 0.866667 0.900000 0.933333 0.966667 1.000000</float_array>
        <technique_common>
          <accessor source="#mixamorig_RightHandMiddle1-Matrix-animation-input-array" count="31">
            <param name="TIME" type="float"/>
          </accessor>
        </technique_common>
      </source>
      <source id="mixamorig_RightHandMiddle1-Matrix-animation-output-transform">
        <float_array id="mixamorig_RightHandMiddle1-Matrix-animation-output-transform-array" count="496">

0.992597 0.119596 0.021176 -0.000100 -0.121299 0.984996 0.122759 9.898600 -0.006177 -0.124419 0.992211 0.000000 0.000000 0.000000 0.000000 1.000000
0.991262 0.128351 0.030441 -0.000100 -0.130735 0.986653 0.097076 9.898600 -0.017575 -0.100207 0.994811 0.000000 0.000000 0.000000 0.000000 1.000000
0.991861 0.125333 0.022445 -0.000100 -0.126242 0.990970 0.045182 9.898600 -0.016579 -0.047648 0.998727 -0.000000 0.000000 0.000000 0.000000 1.000000
0.993530 0.113556 0.001785 -0.000100 -0.113456 0.993114 -0.029202 9.898600 -0.005089 0.028810 0.999572 -0.000000 0.000000 0.000000 0.000000 1.000000
0.995017 0.096418 -0.025380 -0.000100 -0.098773 0.987943 -0.119218 9.898600 0.013579 0.121130 0.992544 0.000000 0.000000 0.000000 0.000000 1.000000
0.995628 0.076341 -0.053824 -0.000100 -0.086274 0.972434 -0.216632 9.898600 0.035802 0.220329 0.974768 -0.000000 0.000000 0.000000 0.000000 1.000000
0.995295 0.054860 -0.079860 -0.000100 -0.077373 0.946151 -0.314342 9.898600 0.058315 0.319042 0.945945 0.000000 0.000000 0.000000 0.000000 1.000000
0.994213 0.031642 -0.102665 -0.000100 -0.071357 0.908886 -0.410895 9.898600 0.080309 0.415843 0.905884 0.000000 0.000000 0.000000 0.000000 1.000000
0.992265 0.004522 -0.124059 -0.000100 -0.067683 0.857450 -0.510097 9.898600 0.104068 0.514548 0.851123 0.000000 0.000000 0.000000 0.000000 1.000000
0.989137 -0.027201 -0.144460 -0.000100 -0.067625 0.788362 -0.611484 9.898600 0.130520 0.614610 0.777958 0.000000 0.000000 0.000000 0.000000 1.000000
0.985259 -0.060431 -0.160037 -0.000100 -0.071139 0.706055 -0.704574 9.898600 0.155573 0.705573 0.691349 -0.000000 0.000000 0.000000 0.000000 1.000000
0.981960 -0.091312 -0.165580 -0.000100 -0.072875 0.625272 -0.776997 9.898600 0.174482 0.775046 0.607338 -0.000000 0.000000 0.000000 0.000000 1.000000
0.979945 -0.119764 -0.159264 -0.000100 -0.065413 0.561615 -0.824809 9.898600 0.188227 0.818685 0.542517 0.000000 0.000000 0.000000 0.000000 1.000000
0.978323 -0.148773 -0.144048 -0.000100 -0.046454 0.520207 -0.852776 9.898600 0.201805 0.840982 0.502020 0.000000 0.000000 0.000000 0.000000 1.000000
0.975904 -0.178420 -0.125606 -0.000100 -0.021445 0.494436 -0.868950 9.898600 0.217142 0.850705 0.478696 0.000000 0.000000 0.000000 0.000000 1.000000
0.973252 -0.201669 -0.110045 -0.000100 -0.001442 0.473626 -0.880725 9.898600 0.229735 0.857326 0.460666 -0.000000 0.000000 0.000000 0.000000 1.000000
0.972733 -0.208293 -0.102004 -0.000100 0.003199 0.451818 -0.892104 9.898600 0.231906 0.867453 0.440165 0.000000 0.000000 0.000000 0.000000 1.000000
0.975230 -0.196378 -0.101798 -0.000100 -0.007336 0.431253 -0.902201 9.898600 0.221073 0.880600 0.419130 0.000000 0.000000 0.000000 0.000000 1.000000
0.978444 -0.178350 -0.104108 -0.000100 -0.020474 0.417870 -0.908276 9.898600 0.205494 0.890829 0.405211 -0.000000 0.000000 0.000000 0.000000 1.000000
0.980298 -0.168959 -0.102315 -0.000100 -0.023683 0.413711 -0.910100 9.898600 0.196098 0.894593 0.401558 -0.000000 0.000000 0.000000 0.000000 1.000000
0.980706 -0.170941 -0.094839 -0.000100 -0.015542 0.415429 -0.909493 9.898600 0.194868 0.893419 0.404757 0.000000 0.000000 0.000000 0.000000 1.000000
0.980536 -0.176179 -0.086661 -0.000100 -0.004675 0.420306 -0.907370 9.898600 0.196284 0.890114 0.411302 0.000000 0.000000 0.000000 0.000000 1.000000
0.980975 -0.174175 -0.085739 -0.000100 -0.002127 0.431982 -0.901880 9.898600 0.194122 0.884904 0.423393 -0.000000 0.000000 0.000000 0.000000 1.000000
0.982221 -0.162278 -0.094385 -0.000100 -0.009933 0.457140 -0.889339 9.898600 0.187467 0.874465 0.447401 0.000000 0.000000 0.000000 0.000000 1.000000
0.983051 -0.153588 -0.100110 -0.000100 -0.012631 0.488015 -0.872744 9.898600 0.182899 0.859216 0.477803 -0.000000 0.000000 0.000000 0.000000 1.000000
0.982673 -0.164837 -0.084751 -0.000100 0.007235 0.491017 -0.871120 9.898600 0.185207 0.855413 0.483702 0.000000 0.000000 0.000000 0.000000 1.000000
0.980679 -0.188997 -0.050489 -0.000100 0.037599 0.435379 -0.899462 9.898600 0.191977 0.880185 0.434073 0.000000 0.000000 0.000000 0.000000 1.000000
0.979331 -0.201222 -0.020490 -0.000100 0.051311 0.345152 -0.937143 9.898600 0.195646 0.916722 0.348343 -0.000000 0.000000 0.000000 0.000000 1.000000
0.980965 -0.193667 -0.014148 -0.000100 0.046625 0.305639 -0.951005 9.898600 0.188503 0.932243 0.308851 0.000000 0.000000 0.000000 0.000000 1.000000
0.983681 -0.176863 -0.033036 -0.000100 0.038013 0.383758 -0.922651 9.898600 0.175861 0.906338 0.384218 0.000000 0.000000 0.000000 0.000000 1.000000
0.985427 -0.158110 -0.062728 -0.000100 0.034478 0.546780 -0.836566 9.898600 0.166568 0.822212 0.544263 0.000000 0.000000 0.000000 0.000000 1.000000</float_array>
        <technique_common>
          <accessor source="#mixamorig_RightHandMiddle1-Matrix-animation-output-transform-array" count="31" stride="16">
            <param type="float4x4"/>
          </accessor>
        </technique_common>
      </source>
      <source id="mixamorig_RightHandMiddle1-Interpolations">
        <Name_array id="mixamorig_RightHandMiddle1-Interpolations-array" count="31">
 LINEAR LINEAR LINEAR LINEAR LINEAR LINEAR LINEAR LINEAR LINEAR LINEAR LINEAR
LINEAR LINEAR LINEAR LINEAR LINEAR LINEAR LINEAR LINEAR LINEAR LINEAR LINEAR LINEAR
LINEAR LINEAR LINEAR LINEAR LINEAR LINEAR LINEAR LINEAR</Name_array>
        <technique_common>
          <accessor source="#mixamorig_RightHandMiddle1-Interpolations-array" count="31">
            <param type="name"/>
          </accessor>
        </technique_common>
      </source>
      <sampler id="mixamorig_RightHandMiddle1-Matrix-animation-transform">
        <input semantic="INPUT" source="#mixamorig_RightHandMiddle1-Matrix-animation-input"/>
        <input semantic="OUTPUT" source="#mixamorig_RightHandMiddle1-Matrix-animation-output-transform"/>
        <input semantic="INTERPOLATION" source="#mixamorig_RightHandMiddle1-Interpolations"/>
      </sampler>
      <channel source="#mixamorig_RightHandMiddle1-Matrix-animation-transform" target="mixamorig_RightHandMiddle1/matrix"/>
    </animation>
    <animation id="mixamorig_RightHandMiddle2-anim" name="mixamorig_RightHandMiddle2">
      <source id="mixamorig_RightHandMiddle2-Matrix-animation-input">
        <float_array id="mixamorig_RightHandMiddle2-Matrix-animation-input-array" count="31">

0.000000 0.033333 0.066667 0.100000 0.133333 0.166667 0.200000 0.233333 0.266667 0.300000 0.333333 0.366667 0.400000 0.433333 0.466667 0.500000
0.533333 0.566667 0.600000 0.633333 0.666667 0.700000 0.733333 0.766667 0.800000 0.833333 0.866667 0.900000 0.933333 0.966667 1.000000</float_array>
        <technique_common>
          <accessor source="#mixamorig_RightHandMiddle2-Matrix-animation-input-array" count="31">
            <param name="TIME" type="float"/>
          </accessor>
        </technique_common>
      </source>
      <source id="mixamorig_RightHandMiddle2-Matrix-animation-output-transform">
        <float_array id="mixamorig_RightHandMiddle2-Matrix-animation-output-transform-array" count="496">

0.999951 -0.009655 -0.001946 0.000000 0.008318 0.933638 -0.358122 3.757000 0.005275 0.358089 0.933673 0.000000 0.000000 0.000000 0.000000 1.000000
0.999952 -0.009660 -0.001777 0.000000 0.008450 0.938335 -0.345624 3.757000 0.005006 0.345592 0.938371 0.000000 0.000000 0.000000 0.000000 1.000000
0.999951 -0.009744 -0.001442 -0.000000 0.008630 0.937250 -0.348552 3.757000 0.004748 0.348522 0.937288 -0.000000 0.000000 0.000000 0.000000 1.000000
0.999951 -0.009887 -0.000968 0.000000 0.008863 0.931854 -0.362726 3.757000 0.004488 0.362700 0.931895 0.000000 0.000000 0.000000 0.000000 1.000000
0.999949 -0.010068 -0.000397 0.000000 0.009145 0.923420 -0.383681 3.757000 0.004230 0.383658 0.923466 0.000000 0.000000 0.000000 0.000000 1.000000
0.999947 -0.010262 0.000222 0.000000 0.009458 0.912679 -0.408568 3.757000 0.003990 0.408549 0.912728 0.000000 0.000000 0.000000 0.000000 1.000000
0.999945 -0.010458 0.000856 0.000000 0.009785 0.899909 -0.435968 3.757000 0.003789 0.435952 0.899962 0.000000 0.000000 0.000000 0.000000 1.000000
0.999942 -0.010655 0.001514 0.000000 0.010128 0.884169 -0.467057 3.757000 0.003638 0.467045 0.884226 0.000000 0.000000 0.000000 0.000000 1.000000
0.999938 -0.010860 0.002251 0.000000 0.010510 0.862997 -0.505100 3.757000 0.003542 0.505093 0.863058 -0.000000 0.000000 0.000000 0.000000 1.000000
0.999934 -0.011064 0.003075 0.000000 0.010929 0.834815 -0.550423 3.757000 0.003522 0.550420 0.834880 0.000000 0.000000 0.000000 0.000000 1.000000
0.999929 -0.011236 0.003892 0.000000 0.011337 0.802093 -0.597092 3.757000 0.003587 0.597094 0.802163 0.000000 0.000000 0.000000 0.000000 1.000000
0.999925 -0.011358 0.004558 -0.000000 0.011660 0.771062 -0.636654 3.757000 0.003717 0.636659 0.771136 0.000000 0.000000 0.000000 0.000000 1.000000
0.999922 -0.011428 0.004991 0.000000 0.011858 0.747450 -0.664212 3.757000 0.003860 0.664220 0.747527 0.000000 0.000000 0.000000 0.000000 1.000000
0.999921 -0.011463 0.005233 0.000000 0.011960 0.732557 -0.680601 3.757000 0.003969 0.680609 0.732636 0.000000 0.000000 0.000000 0.000000 1.000000
0.999920 -0.011479 0.005382 0.000000 0.012020 0.723400 -0.690324 3.757000 0.004031 0.690334 0.723480 0.000000 0.000000 0.000000 0.000000 1.000000
0.999919 -0.011490 0.005519 0.000000 0.012076 0.715403 -0.698608 3.757000 0.004079 0.698618 0.715483 0.000000 0.000000 0.000000 0.000000 1.000000
0.999918 -0.011505 0.005647 0.000000 0.012117 0.705098 -0.709007 3.757000 0.004176 0.709017 0.705179 0.000000 0.000000 0.000000 0.000000 1.000000
0.999917 -0.011525 0.005723 0.000000 0.012109 0.692405 -0.721408 3.757000 0.004351 0.721417 0.692487 0.000000 0.000000 0.000000 0.000000 1.000000
0.999917 -0.011544 0.005720 0.000000 0.012049 0.680698 -0.732465 3.757000 0.004562 0.732473 0.680781 0.000000 0.000000 0.000000 0.000000 1.000000
0.999917 -0.011564 0.005657 0.000000 0.011968 0.673080 -0.739473 3.757000 0.004744 0.739480 0.673162 0.000000 0.000000 0.000000 0.000000 1.000000
0.999917 -0.011587 0.005560 -0.000000 0.011885 0.669002 -0.743166 3.757000 0.004891 0.743171 0.669084 0.000000 0.000000 0.000000 0.000000 1.000000
0.999918 -0.011603 0.005420 0.000000 0.011773 0.666225 -0.745658 3.757000 0.005041 0.745660 0.666307 0.000000 0.000000 0.000000 0.000000 1.000000
0.999919 -0.011618 0.005186 0.000000 0.011601 0.665229 -0.746549 3.757000 0.005223 0.746549 0.665310 -0.000000 0.000000 0.000000 0.000000 1.000000
0.999921 -0.011657 0.004791 0.000000 0.011356 0.668314 -0.743792 3.757000 0.005469 0.743788 0.668394 0.000000 0.000000 0.000000 0.000000 1.000000
0.999922 -0.011764 0.004276 0.000000 0.011060 0.670393 -0.741924 3.757000 0.005862 0.741913 0.670470 0.000000 0.000000 0.000000 0.000000 1.000000
0.999921 -0.011930 0.003920 0.000000 0.010764 0.653579 -0.756782 3.757000 0.006467 0.756764 0.653656 0.000000 0.000000 0.000000 0.000000 1.000000
0.999919 -0.012062 0.004021 0.000000 0.010480 0.602825 -0.797805 3.757000 0.007199 0.797782 0.602903 0.000000 0.000000 0.000000 0.000000 1.000000
0.999917 -0.012062 0.004428 0.000000 0.010197 0.535212 -0.844656 3.757000 0.007818 0.844631 0.535291 -0.000000 0.000000 0.000000 0.000000 1.000000
0.999917 -0.012028 0.004606 0.000000 0.010061 0.506097 -0.862418 3.757000 0.008042 0.862392 0.506176 0.000000 0.000000 0.000000 0.000000 1.000000
0.999918 -0.012104 0.004182 0.000000 0.010240 0.559593 -0.828704 3.757000 0.007690 0.828679 0.559671 -0.000000 0.000000 0.000000 0.000000 1.000000
0.999921 -0.012133 0.003257 -0.000000 0.010577 0.673128 -0.739451 3.757000 0.006780 0.739427 0.673203 0.000000 0.000000 0.000000 0.000000 1.000000</float_array>
        <technique_common>
          <accessor source="#mixamorig_RightHandMiddle2-Matrix-animation-output-transform-array" count="31" stride="16">
            <param type="float4x4"/>
          </accessor>
        </technique_common>
      </source>
      <source id="mixamorig_RightHandMiddle2-Interpolations">
        <Name_array id="mixamorig_RightHandMiddle2-Interpolations-array" count="31">
 LINEAR LINEAR LINEAR LINEAR LINEAR LINEAR LINEAR LINEAR LINEAR LINEAR LINEAR
LINEAR LINEAR LINEAR LINEAR LINEAR LINEAR LINEAR LINEAR LINEAR LINEAR LINEAR LINEAR
LINEAR LINEAR LINEAR LINEAR LINEAR LINEAR LINEAR LINEAR</Name_array>
        <technique_common>
          <accessor source="#mixamorig_RightHandMiddle2-Interpolations-array" count="31">
            <param type="name"/>
          </accessor>
        </technique_common>
      </source>
      <sampler id="mixamorig_RightHandMiddle2-Matrix-animation-transform">
        <input semantic="INPUT" source="#mixamorig_RightHandMiddle2-Matrix-animation-input"/>
        <input semantic="OUTPUT" source="#mixamorig_RightHandMiddle2-Matrix-animation-output-transform"/>
        <input semantic="INTERPOLATION" source="#mixamorig_RightHandMiddle2-Interpolations"/>
      </sampler>
      <channel source="#mixamorig_RightHandMiddle2-Matrix-animation-transform" target="mixamorig_RightHandMiddle2/matrix"/>
    </animation>
    <animation id="mixamorig_RightHandMiddle3-anim" name="mixamorig_RightHandMiddle3">
      <source id="mixamorig_RightHandMiddle3-Matrix-animation-input">
        <float_array id="mixamorig_RightHandMiddle3-Matrix-animation-input-array" count="31">

0.000000 0.033333 0.066667 0.100000 0.133333 0.166667 0.200000 0.233333 0.266667 0.300000 0.333333 0.366667 0.400000 0.433333 0.466667 0.500000
0.533333 0.566667 0.600000 0.633333 0.666667 0.700000 0.733333 0.766667 0.800000 0.833333 0.866667 0.900000 0.933333 0.966667 1.000000</float_array>
        <technique_common>
          <accessor source="#mixamorig_RightHandMiddle3-Matrix-animation-input-array" count="31">
            <param name="TIME" type="float"/>
          </accessor>
        </technique_common>
      </source>
      <source id="mixamorig_RightHandMiddle3-Matrix-animation-output-transform">
        <float_array id="mixamorig_RightHandMiddle3-Matrix-animation-output-transform-array" count="496">

0.999970 -0.001985 -0.007474 -0.000000 -0.002239 0.850779 -0.525519 3.615200 0.007402 0.525520 0.850749 0.000000 0.000000 0.000000 0.000000 1.000000
0.999973 -0.001801 -0.007086 -0.000000 -0.002012 0.863990 -0.503505 3.615200 0.007029 0.503506 0.863963 0.000000 0.000000 0.000000 0.000000 1.000000
0.999977 -0.001753 -0.006612 0.000000 -0.001741 0.869523 -0.493889 3.615200 0.006616 0.493889 0.869500 -0.000000 0.000000 0.000000 0.000000 1.000000
0.999980 -0.001804 -0.006048 0.000000 -0.001412 0.870018 -0.493018 3.615200 0.006151 0.493016 0.869998 0.000000 0.000000 0.000000 0.000000 1.000000
0.999984 -0.001913 -0.005415 -0.000000 -0.001031 0.867769 -0.496968 3.615200 0.005650 0.496965 0.867752 -0.000000 0.000000 0.000000 0.000000 1.000000
0.999987 -0.002052 -0.004763 0.000000 -0.000624 0.864090 -0.503338 3.615200 0.005149 0.503334 0.864077 0.000000 0.000000 0.000000 0.000000 1.000000
0.999989 -0.002212 -0.004139 0.000000 -0.000215 0.859521 -0.511101 3.615200 0.004688 0.511096 0.859511 -0.000000 0.000000 0.000000 0.000000 1.000000
0.999991 -0.002407 -0.003556 0.000000 0.000196 0.852927 -0.522030 3.615200 0.004290 0.522024 0.852920 0.000000 0.000000 0.000000 0.000000 1.000000
0.999992 -0.002680 -0.002991 0.000000 0.000638 0.841375 -0.540451 3.615200 0.003965 0.540445 0.841370 0.000000 0.000000 0.000000 0.000000 1.000000
0.999992 -0.003043 -0.002427 0.000000 0.001125 0.823012 -0.568023 3.615200 0.003726 0.568016 0.823009 0.000000 0.000000 0.000000 0.000000 1.000000
0.999992 -0.003444 -0.001901 0.000000 0.001615 0.800114 -0.599846 3.615200 0.003587 0.599838 0.800113 0.000000 0.000000 0.000000 0.000000 1.000000
0.999992 -0.003797 -0.001480 0.000000 0.002025 0.778223 -0.627985 3.615200 0.003536 0.627977 0.778224 0.000000 0.000000 0.000000 0.000000 1.000000
0.999991 -0.004043 -0.001204 0.000000 0.002300 0.761906 -0.647684 3.615200 0.003536 0.647675 0.761908 0.000000 0.000000 0.000000 0.000000 1.000000
0.999991 -0.004185 -0.001049 0.000000 0.002455 0.751735 -0.659461 3.615200 0.003548 0.659452 0.751738 -0.000000 0.000000 0.000000 0.000000 1.000000
0.999990 -0.004267 -0.000956 0.000000 0.002542 0.745172 -0.666868 3.615200 0.003558 0.666859 0.745176 0.000000 0.000000 0.000000 0.000000 1.000000
0.999990 -0.004338 -0.000890 0.000000 0.002605 0.738816 -0.673902 3.615200 0.003581 0.673893 0.738820 0.000000 0.000000 0.000000 0.000000 1.000000
0.999990 -0.004432 -0.000860 0.000000 0.002648 0.729977 -0.683467 3.615200 0.003657 0.683457 0.729981 0.000000 0.000000 0.000000 0.000000 1.000000
0.999989 -0.004547 -0.000898 0.000000 0.002642 0.718433 -0.695592 3.615200 0.003808 0.695582 0.718437 -0.000000 0.000000 0.000000 0.000000 1.000000
0.999989 -0.004654 -0.001004 0.000000 0.002582 0.707148 -0.707060 3.615200 0.004001 0.707050 0.707152 -0.000000 0.000000 0.000000 0.000000 1.000000
0.999988 -0.004735 -0.001146 -0.000000 0.002492 0.699271 -0.714852 3.615200 0.004186 0.714841 0.699275 0.000000 0.000000 0.000000 0.000000 1.000000
0.999988 -0.004800 -0.001301 0.000000 0.002398 0.694585 -0.719406 3.615200 0.004357 0.719394 0.694588 -0.000000 0.000000 0.000000 0.000000 1.000000
0.999987 -0.004863 -0.001482 0.000000 0.002289 0.691007 -0.722845 3.615200 0.004539 0.722832 0.691009 0.000000 0.000000 0.000000 0.000000 1.000000
0.999986 -0.004912 -0.001728 0.000000 0.002131 0.688773 -0.724974 3.615200 0.004751 0.724960 0.688774 -0.000000 0.000000 0.000000 0.000000 1.000000
0.999986 -0.004952 -0.002096 0.000000 0.001898 0.689754 -0.724041 3.615200 0.005031 0.724027 0.689753 0.000000 0.000000 0.000000 0.000000 1.000000
0.999984 -0.005069 -0.002599 0.000000 0.001610 0.689099 -0.724665 3.615200 0.005464 0.724649 0.689096 0.000000 0.000000 0.000000 0.000000 1.000000
0.999981 -0.005413 -0.003109 0.000000 0.001322 0.670452 -0.741952 3.615200 0.006100 0.741933 0.670446 0.000000 0.000000 0.000000 0.000000 1.000000
0.999976 -0.006015 -0.003419 0.000000 0.001049 0.620333 -0.784338 3.615200 0.006838 0.784316 0.620324 0.000000 0.000000 0.000000 0.000000 1.000000
0.999972 -0.006628 -0.003479 0.000000 0.000787 0.555220 -0.831703 3.615200 0.007444 0.831677 0.555210 0.000000 0.000000 0.000000 0.000000 1.000000
0.999970 -0.006862 -0.003478 0.000000 0.000663 0.527357 -0.849644 3.615200 0.007664 0.849616 0.527346 -0.000000 0.000000 0.000000 0.000000 1.000000
0.999973 -0.006460 -0.003566 0.000000 0.000827 0.578252 -0.815858 3.615200 0.007332 0.815833 0.578242 0.000000 0.000000 0.000000 0.000000 1.000000
0.999979 -0.005474 -0.003610 0.000000 0.001131 0.686295 -0.727322 3.615200 0.006459 0.727303 0.686286 0.000000 0.000000 0.000000 0.000000 1.000000</float_array>
        <technique_common>
          <accessor source="#mixamorig_RightHandMiddle3-Matrix-animation-output-transform-array" count="31" stride="16">
            <param type="float4x4"/>
          </accessor>
        </technique_common>
      </source>
      <source id="mixamorig_RightHandMiddle3-Interpolations">
        <Name_array id="mixamorig_RightHandMiddle3-Interpolations-array" count="31">
 LINEAR LINEAR LINEAR LINEAR LINEAR LINEAR LINEAR LINEAR LINEAR LINEAR LINEAR
LINEAR LINEAR LINEAR LINEAR LINEAR LINEAR LINEAR LINEAR LINEAR LINEAR LINEAR LINEAR
LINEAR LINEAR LINEAR LINEAR LINEAR LINEAR LINEAR LINEAR</Name_array>
        <technique_common>
          <accessor source="#mixamorig_RightHandMiddle3-Interpolations-array" count="31">
            <param type="name"/>
          </accessor>
        </technique_common>
      </source>
      <sampler id="mixamorig_RightHandMiddle3-Matrix-animation-transform">
        <input semantic="INPUT" source="#mixamorig_RightHandMiddle3-Matrix-animation-input"/>
        <input semantic="OUTPUT" source="#mixamorig_RightHandMiddle3-Matrix-animation-output-transform"/>
        <input semantic="INTERPOLATION" source="#mixamorig_RightHandMiddle3-Interpolations"/>
      </sampler>
      <channel source="#mixamorig_RightHandMiddle3-Matrix-animation-transform" target="mixamorig_RightHandMiddle3/matrix"/>
    </animation>
    <animation id="mixamorig_RightHandRing1-anim" name="mixamorig_RightHandRing1">
      <source id="mixamorig_RightHandRing1-Matrix-animation-input">
        <float_array id="mixamorig_RightHandRing1-Matrix-animation-input-array" count="31">

0.000000 0.033333 0.066667 0.100000 0.133333 0.166667 0.200000 0.233333 0.266667 0.300000 0.333333 0.366667 0.400000 0.433333 0.466667 0.500000
0.533333 0.566667 0.600000 0.633333 0.666667 0.700000 0.733333 0.766667 0.800000 0.833333 0.866667 0.900000 0.933333 0.966667 1.000000</float_array>
        <technique_common>
          <accessor source="#mixamorig_RightHandRing1-Matrix-animation-input-array" count="31">
            <param name="TIME" type="float"/>
          </accessor>
        </technique_common>
      </source>
      <source id="mixamorig_RightHandRing1-Matrix-animation-output-transform">
        <float_array id="mixamorig_RightHandRing1-Matrix-animation-output-transform-array" count="496">

0.989459 -0.063152 0.130316 -2.664500 0.077857 0.990764 -0.111021 8.985900 -0.122101 0.119997 0.985237 0.175200 0.000000 0.000000 0.000000 1.000000
0.992307 -0.039273 0.117409 -2.664500 0.058045 0.985244 -0.161016 8.985900 -0.109353 0.166592 0.979943 0.175200 0.000000 0.000000 0.000000 1.000000
0.994752 -0.025945 0.098976 -2.664500 0.049630 0.968254 -0.244991 8.985900 -0.089477 0.248617 0.964460 0.175200 0.000000 0.000000 0.000000 1.000000
0.996864 -0.019049 0.076810 -2.664500 0.045346 0.932948 -0.357145 8.985900 -0.064856 0.359508 0.930885 0.175200 0.000000 0.000000 0.000000 1.000000
0.998455 -0.014771 0.053572 -2.664500 0.038830 0.875079 -0.482420 8.985900 -0.039754 0.483755 0.874300 0.175200 0.000000 0.000000 0.000000 1.000000
0.999429 -0.011577 0.031754 -2.664500 0.028390 0.797348 -0.602852 8.985900 -0.018339 0.603409 0.797221 0.175200 0.000000 0.000000 0.000000 1.000000
0.999885 -0.009263 0.012029 -2.664500 0.015049 0.709261 -0.704785 8.985900 -0.002004 0.704885 0.709319 0.175200 0.000000 0.000000 0.000000 1.000000
0.999932 -0.008228 -0.008273 -2.664500 -0.001375 0.620995 -0.783813 8.985900 0.011587 0.783771 0.620941 0.175200 0.000000 0.000000 0.000000 1.000000
0.999404 -0.009015 -0.033331 -2.664500 -0.023286 0.536781 -0.843400 8.985900 0.025495 0.843673 0.536251 0.175200 0.000000 0.000000 0.000000 1.000000
0.997937 -0.011536 -0.063152 -2.664500 -0.050908 0.457109 -0.887953 8.985900 0.039111 0.889336 0.455579 0.175200 0.000000 0.000000 0.000000 1.000000
0.995762 -0.014835 -0.090761 -2.664500 -0.078036 0.385910 -0.919230 8.985900 0.048662 0.922417 0.383117 0.175200 0.000000 0.000000 0.000000 1.000000
0.994116 -0.017767 -0.106858 -2.664500 -0.095027 0.330523 -0.939002 8.985900 0.052003 0.943631 0.326890 0.175200 0.000000 0.000000 0.000000 1.000000
0.994037 -0.019756 -0.107235 -2.664500 -0.096702 0.294686 -0.950689 8.985900 0.050383 0.955390 0.291019 0.175200 0.000000 0.000000 0.000000 1.000000
0.995229 -0.021118 -0.095257 -2.664500 -0.085817 0.275069 -0.957587 8.985900 0.046425 0.961193 0.271944 0.175200 0.000000 0.000000 0.000000 1.000000
0.996658 -0.022876 -0.078424 -2.664500 -0.069580 0.265296 -0.961653 8.985900 0.042805 0.963896 0.262817 0.175200 0.000000 0.000000 0.000000 1.000000
0.997549 -0.026128 -0.064908 -2.664500 -0.055875 0.260896 -0.963749 8.985900 0.042115 0.965013 0.258797 0.175200 0.000000 0.000000 0.000000 1.000000
0.997626 -0.031243 -0.061364 -2.664500 -0.051143 0.260539 -0.964108 8.985900 0.046109 0.964958 0.258323 0.175200 0.000000 0.000000 0.000000 1.000000
0.996954 -0.037573 -0.068345 -2.664500 -0.056023 0.264659 -0.962713 8.985900 0.054260 0.963610 0.261748 0.175200 0.000000 0.000000 0.000000 1.000000
0.995991 -0.044181 -0.077785 -2.664500 -0.062846 0.273236 -0.959892 8.985900 0.063663 0.960932 0.269364 0.175200 0.000000 0.000000 0.000000 1.000000
0.995493 -0.050754 -0.080109 -2.664500 -0.062472 0.284577 -0.956615 8.985900 0.071349 0.957309 0.280124 0.175200 0.000000 0.000000 0.000000 1.000000
0.995656 -0.057644 -0.073115 -2.664500 -0.052894 0.296056 -0.953705 8.985900 0.076622 0.953429 0.291721 0.175200 0.000000 0.000000 0.000000 1.000000
0.995934 -0.065284 -0.062081 -2.664500 -0.039174 0.306716 -0.950994 8.985900 0.081126 0.949559 0.302912 0.175200 0.000000 0.000000 0.000000 1.000000
0.995834 -0.073736 -0.053635 -2.664500 -0.027321 0.319904 -0.947056 8.985900 0.086990 0.944576 0.316557 0.175200 0.000000 0.000000 0.000000 1.000000
0.995467 -0.082903 -0.046601 -2.664500 -0.015822 0.338804 -0.940724 8.985900 0.093778 0.937197 0.335956 0.175200 0.000000 0.000000 0.000000 1.000000
0.995232 -0.093549 -0.027595 -2.664500 0.007193 0.352553 -0.935764 8.985900 0.097269 0.931104 0.351545 0.175200 0.000000 0.000000 0.000000 1.000000
0.994073 -0.107862 0.013617 -2.664500 0.049046 0.333148 -0.941598 8.985900 0.097026 0.936685 0.336463 0.175200 0.000000 0.000000 0.000000 1.000000
0.989938 -0.126757 0.062898 -2.664500 0.094892 0.264926 -0.959588 8.985900 0.104971 0.955901 0.274288 0.175200 0.000000 0.000000 0.000000 1.000000
0.984631 -0.147461 0.093582 -2.664500 0.120183 0.183298 -0.975683 8.985900 0.126722 0.971935 0.198203 0.175200 0.000000 0.000000 0.000000 1.000000
0.981631 -0.166754 0.092699 -2.664500 0.120695 0.166471 -0.978632 8.985900 0.147759 0.971844 0.183540 0.175200 0.000000 0.000000 0.000000 1.000000
0.980982 -0.182831 0.065171 -2.664500 0.112756 0.263492 -0.958049 8.985900 0.157990 0.947177 0.279096 0.175200 0.000000 0.000000 0.000000 1.000000
0.979862 -0.197496 0.029425 -2.664500 0.114297 0.433934 -0.893665 8.985900 0.163727 0.879032 0.447768 0.175200 0.000000 0.000000 0.000000 1.000000</float_array>
        <technique_common>
          <accessor source="#mixamorig_RightHandRing1-Matrix-animation-output-transform-array" count="31" stride="16">
            <param type="float4x4"/>
          </accessor>
        </technique_common>
      </source>
      <source id="mixamorig_RightHandRing1-Interpolations">
        <Name_array id="mixamorig_RightHandRing1-Interpolations-array" count="31">
 LINEAR LINEAR LINEAR LINEAR LINEAR LINEAR LINEAR LINEAR LINEAR LINEAR LINEAR
LINEAR LINEAR LINEAR LINEAR LINEAR LINEAR LINEAR LINEAR LINEAR LINEAR LINEAR LINEAR
LINEAR LINEAR LINEAR LINEAR LINEAR LINEAR LINEAR LINEAR</Name_array>
        <technique_common>
          <accessor source="#mixamorig_RightHandRing1-Interpolations-array" count="31">
            <param type="name"/>
          </accessor>
        </technique_common>
      </source>
      <sampler id="mixamorig_RightHandRing1-Matrix-animation-transform">
        <input semantic="INPUT" source="#mixamorig_RightHandRing1-Matrix-animation-input"/>
        <input semantic="OUTPUT" source="#mixamorig_RightHandRing1-Matrix-animation-output-transform"/>
        <input semantic="INTERPOLATION" source="#mixamorig_RightHandRing1-Interpolations"/>
      </sampler>
      <channel source="#mixamorig_RightHandRing1-Matrix-animation-transform" target="mixamorig_RightHandRing1/matrix"/>
    </animation>
    <animation id="mixamorig_RightHandRing2-anim" name="mixamorig_RightHandRing2">
      <source id="mixamorig_RightHandRing2-Matrix-animation-input">
        <float_array id="mixamorig_RightHandRing2-Matrix-animation-input-array" count="31">

0.000000 0.033333 0.066667 0.100000 0.133333 0.166667 0.200000 0.233333 0.266667 0.300000 0.333333 0.366667 0.400000 0.433333 0.466667 0.500000
0.533333 0.566667 0.600000 0.633333 0.666667 0.700000 0.733333 0.766667 0.800000 0.833333 0.866667 0.900000 0.933333 0.966667 1.000000</float_array>
        <technique_common>
          <accessor source="#mixamorig_RightHandRing2-Matrix-animation-input-array" count="31">
            <param name="TIME" type="float"/>
          </accessor>
        </technique_common>
      </source>
      <source id="mixamorig_RightHandRing2-Matrix-animation-output-transform">
        <float_array id="mixamorig_RightHandRing2-Matrix-animation-output-transform-array" count="496">

0.999997 -0.002244 -0.001216 -0.000000 0.001598 0.922045 -0.387079 3.488800 0.001990 0.387076 0.922046 0.000000 0.000000 0.000000 0.000000 1.000000
0.999997 -0.002350 -0.000974 -0.000000 0.001771 0.917983 -0.396615 3.488800 0.001826 0.396612 0.917984 0.000000 0.000000 0.000000 0.000000 1.000000
0.999997 -0.002573 -0.000501 0.000000 0.002111 0.903891 -0.427757 3.488800 0.001553 0.427754 0.903894 -0.000000 0.000000 0.000000 0.000000 1.000000
0.999996 -0.002886 0.000179 0.000000 0.002623 0.879483 -0.475923 3.488800 0.001216 0.475921 0.879487 0.000000 0.000000 0.000000 0.000000 1.000000
0.999994 -0.003242 0.001007 0.000000 0.003280 0.846074 -0.533056 3.488800 0.000877 0.533056 0.846079 0.000000 0.000000 0.000000 0.000000 1.000000
0.999992 -0.003587 0.001895 0.000000 0.004014 0.806634 -0.591038 3.488800 0.000592 0.591041 0.806641 0.000000 0.000000 0.000000 0.000000 1.000000
0.999989 -0.003887 0.002760 0.000000 0.004751 0.765292 -0.643666 3.488800 0.000390 0.643672 0.765302 -0.000000 0.000000 0.000000 0.000000 1.000000
0.999985 -0.004125 0.003562 0.000000 0.005444 0.725012 -0.688714 3.488800 0.000258 0.688724 0.725024 0.000000 0.000000 0.000000 0.000000 1.000000
0.999981 -0.004308 0.004322 0.000000 0.006100 0.685674 -0.727883 3.488800 0.000172 0.727896 0.685687 0.000000 0.000000 0.000000 0.000000 1.000000
0.999977 -0.004452 0.005055 0.000000 0.006734 0.646645 -0.762761 3.488800 0.000127 0.762778 0.646661 0.000000 0.000000 0.000000 0.000000 1.000000
0.999973 -0.004555 0.005705 0.000000 0.007299 0.610879 -0.791690 3.488800 0.000121 0.791711 0.610896 -0.000000 0.000000 0.000000 0.000000 1.000000
0.999970 -0.004622 0.006182 0.000000 0.007718 0.583780 -0.811875 3.488800 0.000143 0.811898 0.583799 -0.000000 0.000000 0.000000 0.000000 1.000000
0.999968 -0.004659 0.006454 0.000000 0.007958 0.567880 -0.823073 3.488800 0.000169 0.823098 0.567899 -0.000000 0.000000 0.000000 0.000000 1.000000
0.999967 -0.004676 0.006576 0.000000 0.008067 0.560648 -0.828015 3.488800 0.000186 0.828041 0.560667 -0.000000 0.000000 0.000000 0.000000 1.000000
0.999967 -0.004682 0.006630 -0.000000 0.008114 0.557746 -0.829972 3.488800 0.000188 0.829999 0.557765 0.000000 0.000000 0.000000 0.000000 1.000000
0.999967 -0.004685 0.006666 0.000000 0.008145 0.556173 -0.831027 3.488800 0.000186 0.831053 0.556193 0.000000 0.000000 0.000000 0.000000 1.000000
0.999967 -0.004692 0.006671 0.000000 0.008154 0.554558 -0.832105 3.488800 0.000205 0.832132 0.554578 0.000000 0.000000 0.000000 0.000000 1.000000
0.999967 -0.004712 0.006602 0.000000 0.008106 0.553195 -0.833012 3.488800 0.000273 0.833038 0.553215 0.000000 0.000000 0.000000 0.000000 1.000000
0.999968 -0.004751 0.006419 0.000000 0.007976 0.554325 -0.832262 3.488800 0.000396 0.832287 0.554345 0.000000 0.000000 0.000000 0.000000 1.000000
0.999970 -0.004814 0.006117 0.000000 0.007764 0.560134 -0.828366 3.488800 0.000561 0.828388 0.560154 -0.000000 0.000000 0.000000 0.000000 1.000000
0.999972 -0.004900 0.005730 -0.000000 0.007501 0.569544 -0.821927 3.488800 0.000763 0.821946 0.569565 0.000000 0.000000 0.000000 0.000000 1.000000
0.999974 -0.004994 0.005294 0.000000 0.007208 0.579334 -0.815058 3.488800 0.001004 0.815075 0.579355 0.000000 0.000000 0.000000 0.000000 1.000000
0.999976 -0.005065 0.004793 0.000000 0.006856 0.588002 -0.808830 3.488800 0.001278 0.808844 0.588022 0.000000 0.000000 0.000000 0.000000 1.000000
0.999978 -0.005103 0.004176 0.000000 0.006390 0.593898 -0.804515 3.488800 0.001626 0.804524 0.593918 -0.000000 0.000000 0.000000 0.000000 1.000000
0.999981 -0.005181 0.003475 0.000000 0.005858 0.588303 -0.808619 3.488800 0.002145 0.808624 0.588322 0.000000 0.000000 0.000000 0.000000 1.000000
0.999981 -0.005369 0.002932 0.000000 0.005424 0.556512 -0.830822 3.488800 0.002829 0.830822 0.556530 -0.000000 0.000000 0.000000 0.000000 1.000000
0.999980 -0.005598 0.002796 0.000000 0.005200 0.494794 -0.868995 3.488800 0.003481 0.868992 0.494814 0.000000 0.000000 0.000000 0.000000 1.000000
0.999979 -0.005744 0.002948 -0.000000 0.005133 0.430243 -0.902699 3.488800 0.003916 0.902695 0.430263 0.000000 0.000000 0.000000 0.000000 1.000000
0.999979 -0.005827 0.002938 -0.000000 0.005093 0.415434 -0.909609 3.488800 0.004080 0.909605 0.415455 0.000000 0.000000 0.000000 0.000000 1.000000
0.999980 -0.005895 0.002481 0.000000 0.005018 0.482696 -0.875774 3.488800 0.003965 0.875768 0.482715 -0.000000 0.000000 0.000000 0.000000 1.000000
0.999981 -0.005828 0.001791 0.000000 0.004944 0.603207 -0.797569 3.488800 0.003568 0.797563 0.603225 -0.000000 0.000000 0.000000 0.000000 1.000000</float_array>
        <technique_common>
          <accessor source="#mixamorig_RightHandRing2-Matrix-animation-output-transform-array" count="31" stride="16">
            <param type="float4x4"/>
          </accessor>
        </technique_common>
      </source>
      <source id="mixamorig_RightHandRing2-Interpolations">
        <Name_array id="mixamorig_RightHandRing2-Interpolations-array" count="31">
 LINEAR LINEAR LINEAR LINEAR LINEAR LINEAR LINEAR LINEAR LINEAR LINEAR LINEAR
LINEAR LINEAR LINEAR LINEAR LINEAR LINEAR LINEAR LINEAR LINEAR LINEAR LINEAR LINEAR
LINEAR LINEAR LINEAR LINEAR LINEAR LINEAR LINEAR LINEAR</Name_array>
        <technique_common>
          <accessor source="#mixamorig_RightHandRing2-Interpolations-array" count="31">
            <param type="name"/>
          </accessor>
        </technique_common>
      </source>
      <sampler id="mixamorig_RightHandRing2-Matrix-animation-transform">
        <input semantic="INPUT" source="#mixamorig_RightHandRing2-Matrix-animation-input"/>
        <input semantic="OUTPUT" source="#mixamorig_RightHandRing2-Matrix-animation-output-transform"/>
        <input semantic="INTERPOLATION" source="#mixamorig_RightHandRing2-Interpolations"/>
      </sampler>
      <channel source="#mixamorig_RightHandRing2-Matrix-animation-transform" target="mixamorig_RightHandRing2/matrix"/>
    </animation>
    <animation id="mixamorig_RightHandRing3-anim" name="mixamorig_RightHandRing3">
      <source id="mixamorig_RightHandRing3-Matrix-animation-input">
        <float_array id="mixamorig_RightHandRing3-Matrix-animation-input-array" count="31">

0.000000 0.033333 0.066667 0.100000 0.133333 0.166667 0.200000 0.233333 0.266667 0.300000 0.333333 0.366667 0.400000 0.433333 0.466667 0.500000
0.533333 0.566667 0.600000 0.633333 0.666667 0.700000 0.733333 0.766667 0.800000 0.833333 0.866667 0.900000 0.933333 0.966667 1.000000</float_array>
        <technique_common>
          <accessor source="#mixamorig_RightHandRing3-Matrix-animation-input-array" count="31">
            <param name="TIME" type="float"/>
          </accessor>
        </technique_common>
      </source>
      <source id="mixamorig_RightHandRing3-Matrix-animation-output-transform">
        <float_array id="mixamorig_RightHandRing3-Matrix-animation-output-transform-array" count="496">

0.999936 -0.011061 -0.002266 0.000000 0.008583 0.875067 -0.483926 3.511900 0.007336 0.483875 0.875106 0.000000 0.000000 0.000000 0.000000 1.000000
0.999935 -0.011177 -0.002031 0.000000 0.008786 0.874221 -0.485449 3.511900 0.007202 0.485400 0.874262 0.000000 0.000000 0.000000 0.000000 1.000000
0.999933 -0.011425 -0.001581 0.000000 0.009056 0.862540 -0.505907 3.511900 0.007144 0.505859 0.862587 0.000000 0.000000 0.000000 0.000000 1.000000
0.999930 -0.011769 -0.000942 0.000000 0.009388 0.840932 -0.541059 3.511900 0.007160 0.541013 0.840984 -0.000000 0.000000 0.000000 0.000000 1.000000
0.999926 -0.012150 -0.000185 0.000000 0.009756 0.811749 -0.583925 3.511900 0.007245 0.583880 0.811808 0.000000 0.000000 0.000000 0.000000 1.000000
0.999921 -0.012516 0.000608 0.000000 0.010123 0.778250 -0.627873 3.511900 0.007386 0.627830 0.778315 0.000000 0.000000 0.000000 0.000000 1.000000
0.999917 -0.012834 0.001363 -0.000000 0.010463 0.744226 -0.667846 3.511900 0.007557 0.667805 0.744298 -0.000000 0.000000 0.000000 0.000000 1.000000
0.999912 -0.013106 0.002049 0.000000 0.010775 0.712337 -0.701755 3.511900 0.007738 0.701715 0.712416 0.000000 0.000000 0.000000 0.000000 1.000000
0.999907 -0.013352 0.002683 -0.000000 0.011076 0.682579 -0.730728 3.511900 0.007925 0.730690 0.682664 0.000000 0.000000 0.000000 0.000000 1.000000
0.999902 -0.013583 0.003285 0.000000 0.011371 0.654182 -0.756252 3.511900 0.008124 0.756215 0.654273 0.000000 0.000000 0.000000 0.000000 1.000000
0.999898 -0.013781 0.003821 0.000000 0.011637 0.628787 -0.777490 3.511900 0.008312 0.777455 0.628884 -0.000000 0.000000 0.000000 0.000000 1.000000
0.999894 -0.013922 0.004236 0.000000 0.011848 0.609850 -0.792428 3.511900 0.008449 0.792394 0.609951 0.000000 0.000000 0.000000 0.000000 1.000000
0.999892 -0.014002 0.004506 0.000000 0.011997 0.598998 -0.800661 3.511900 0.008512 0.800628 0.599101 -0.000000 0.000000 0.000000 0.000000 1.000000
0.999891 -0.014043 0.004666 0.000000 0.012100 0.594407 -0.804073 3.511900 0.008518 0.804042 0.594512 0.000000 0.000000 0.000000 0.000000 1.000000
0.999890 -0.014064 0.004772 -0.000000 0.012181 0.592825 -0.805239 3.511900 0.008496 0.805209 0.592931 0.000000 0.000000 0.000000 0.000000 1.000000
0.999889 -0.014072 0.004860 -0.000000 0.012246 0.591711 -0.806057 3.511900 0.008467 0.806027 0.591818 0.000000 0.000000 0.000000 0.000000 1.000000
0.999889 -0.014067 0.004943 0.000000 0.012290 0.589840 -0.807426 3.511900 0.008442 0.807397 0.589948 0.000000 0.000000 0.000000 0.000000 1.000000
0.999889 -0.014050 0.005013 0.000000 0.012315 0.587829 -0.808892 3.511900 0.008418 0.808863 0.587936 -0.000000 0.000000 0.000000 0.000000 1.000000
0.999889 -0.014034 0.005060 -0.000000 0.012348 0.588193 -0.808626 3.511900 0.008372 0.808599 0.588301 0.000000 0.000000 0.000000 0.000000 1.000000
0.999889 -0.014033 0.005083 0.000000 0.012416 0.593037 -0.805079 3.511900 0.008284 0.805053 0.593145 0.000000 0.000000 0.000000 0.000000 1.000000
0.999888 -0.014048 0.005091 0.000000 0.012515 0.601179 -0.799016 3.511900 0.008164 0.798991 0.601288 0.000000 0.000000 0.000000 0.000000 1.000000
0.999888 -0.014069 0.005095 0.000000 0.012616 0.609513 -0.792676 3.511900 0.008047 0.792651 0.609622 -0.000000 0.000000 0.000000 0.000000 1.000000
0.999888 -0.014085 0.005089 0.000000 0.012691 0.616513 -0.787242 3.511900 0.007951 0.787218 0.616623 0.000000 0.000000 0.000000 0.000000 1.000000
0.999888 -0.014096 0.005073 0.000000 0.012725 0.620374 -0.784203 3.511900 0.007907 0.784180 0.620484 0.000000 0.000000 0.000000 0.000000 1.000000
0.999887 -0.014117 0.005135 -0.000000 0.012710 0.612823 -0.790118 3.511900 0.008008 0.790094 0.612934 -0.000000 0.000000 0.000000 0.000000 1.000000
0.999885 -0.014148 0.005419 0.000000 0.012626 0.580490 -0.814170 3.511900 0.008373 0.814145 0.580602 0.000000 0.000000 0.000000 0.000000 1.000000
0.999882 -0.014143 0.005937 -0.000000 0.012432 0.520485 -0.853781 3.511900 0.008985 0.853754 0.520599 0.000000 0.000000 0.000000 0.000000 1.000000
0.999880 -0.014093 0.006422 0.000000 0.012170 0.458494 -0.888614 3.511900 0.009579 0.888586 0.458610 0.000000 0.000000 0.000000 0.000000 1.000000
0.999879 -0.014119 0.006494 0.000000 0.012088 0.443928 -0.895981 3.511900 0.009768 0.895951 0.444045 0.000000 0.000000 0.000000 0.000000 1.000000
0.999880 -0.014276 0.005953 -0.000000 0.012373 0.507229 -0.861722 3.511900 0.009283 0.861693 0.507345 0.000000 0.000000 0.000000 0.000000 1.000000
0.999885 -0.014345 0.004932 -0.000000 0.012777 0.621182 -0.783562 3.511900 0.008176 0.783535 0.621294 0.000000 0.000000 0.000000 0.000000 1.000000</float_array>
        <technique_common>
          <accessor source="#mixamorig_RightHandRing3-Matrix-animation-output-transform-array" count="31" stride="16">
            <param type="float4x4"/>
          </accessor>
        </technique_common>
      </source>
      <source id="mixamorig_RightHandRing3-Interpolations">
        <Name_array id="mixamorig_RightHandRing3-Interpolations-array" count="31">
 LINEAR LINEAR LINEAR LINEAR LINEAR LINEAR LINEAR LINEAR LINEAR LINEAR LINEAR
LINEAR LINEAR LINEAR LINEAR LINEAR LINEAR LINEAR LINEAR LINEAR LINEAR LINEAR LINEAR
LINEAR LINEAR LINEAR LINEAR LINEAR LINEAR LINEAR LINEAR</Name_array>
        <technique_common>
          <accessor source="#mixamorig_RightHandRing3-Interpolations-array" count="31">
            <param type="name"/>
          </accessor>
        </technique_common>
      </source>
      <sampler id="mixamorig_RightHandRing3-Matrix-animation-transform">
        <input semantic="INPUT" source="#mixamorig_RightHandRing3-Matrix-animation-input"/>
        <input semantic="OUTPUT" source="#mixamorig_RightHandRing3-Matrix-animation-output-transform"/>
        <input semantic="INTERPOLATION" source="#mixamorig_RightHandRing3-Interpolations"/>
      </sampler>
      <channel source="#mixamorig_RightHandRing3-Matrix-animation-transform" target="mixamorig_RightHandRing3/matrix"/>
    </animation>
    <animation id="mixamorig_RightHandPinky1-anim" name="mixamorig_RightHandPinky1">
      <source id="mixamorig_RightHandPinky1-Matrix-animation-input">
        <float_array id="mixamorig_RightHandPinky1-Matrix-animation-input-array" count="31">

0.000000 0.033333 0.066667 0.100000 0.133333 0.166667 0.200000 0.233333 0.266667 0.300000 0.333333 0.366667 0.400000 0.433333 0.466667 0.500000
0.533333 0.566667 0.600000 0.633333 0.666667 0.700000 0.733333 0.766667 0.800000 0.833333 0.866667 0.900000 0.933333 0.966667 1.000000</float_array>
        <technique_common>
          <accessor source="#mixamorig_RightHandPinky1-Matrix-animation-input-array" count="31">
            <param name="TIME" type="float"/>
          </accessor>
        </technique_common>
      </source>
      <source id="mixamorig_RightHandPinky1-Matrix-animation-output-transform">
        <float_array id="mixamorig_RightHandPinky1-Matrix-animation-output-transform-array" count="496">

0.900902 -0.292971 0.320226 -4.366800 0.349047 0.927566 -0.133367 7.803100 -0.257958 0.231924 0.937907 0.191600 0.000000 0.000000 0.000000 1.000000
0.910833 -0.282337 0.301114 -4.366800 0.351663 0.912748 -0.207905 7.803100 -0.216142 0.295257 0.930648 0.191600 0.000000 0.000000 0.000000 1.000000
0.922646 -0.263110 0.281953 -4.366800 0.351815 0.873713 -0.335934 7.803100 -0.157958 0.409144 0.898694 0.191600 0.000000 0.000000 0.000000 1.000000
0.935360 -0.235130 0.264227 -4.366800 0.341968 0.791973 -0.505803 7.803100 -0.090332 0.563465 0.821187 0.191600 0.000000 0.000000 0.000000 1.000000
0.948147 -0.198129 0.248521 -4.366800 0.316384 0.662946 -0.678531 7.803100 -0.030320 0.721975 0.691255 0.191600 0.000000 0.000000 0.000000 1.000000
0.960421 -0.153231 0.232621 -4.366800 0.278508 0.513069 -0.811907 7.803100 0.005059 0.844559 0.535438 0.191600 0.000000 0.000000 0.000000 1.000000
0.971858 -0.105219 0.210763 -4.366800 0.235275 0.388976 -0.890698 7.803100 0.011737 0.915219 0.402785 0.191600 0.000000 0.000000 0.000000 1.000000
0.982654 -0.060637 0.175255 -4.366800 0.185449 0.320874 -0.928789 7.803100 0.000085 0.945179 0.326553 0.191600 0.000000 0.000000 0.000000 1.000000
0.992328 -0.023215 0.121437 -4.366800 0.122783 0.300229 -0.945932 7.803100 -0.014499 0.953585 0.300776 0.191600 0.000000 0.000000 0.000000 1.000000
0.998467 0.006489 0.054971 -4.366800 0.050533 0.298446 -0.953088 7.803100 -0.022590 0.954404 0.297661 0.191600 0.000000 0.000000 0.000000 1.000000
0.999582 0.028078 -0.006858 -4.366800 -0.014891 0.296917 -0.954787 7.803100 -0.024773 0.954490 0.297211 0.191600 0.000000 0.000000 0.000000 1.000000
0.998136 0.039957 -0.046126 -4.366800 -0.055827 0.292600 -0.954604 7.803100 -0.024647 0.955400 0.294285 0.191600 0.000000 0.000000 0.000000 1.000000
0.997482 0.040278 -0.058379 -4.366800 -0.067524 0.287451 -0.955412 7.803100 -0.021701 0.956948 0.289447 0.191600 0.000000 0.000000 0.000000 1.000000
0.998139 0.029173 -0.053553 -4.366800 -0.059619 0.282074 -0.957538 7.803100 -0.012829 0.958949 0.283289 0.191600 0.000000 0.000000 0.000000 1.000000
0.998970 0.011049 -0.044007 -4.366800 -0.045346 0.276412 -0.959969 7.803100 0.001557 0.960976 0.276628 0.191600 0.000000 0.000000 0.000000 1.000000
0.999280 -0.005079 -0.037592 -4.366800 -0.034800 0.271658 -0.961765 7.803100 0.015097 0.962381 0.271285 0.191600 0.000000 0.000000 0.000000 1.000000
0.999161 -0.009792 -0.039759 -4.366800 -0.035639 0.270161 -0.962155 7.803100 0.020162 0.962765 0.269586 0.191600 0.000000 0.000000 0.000000 1.000000
0.998660 -0.001932 -0.051720 -4.366800 -0.049223 0.273307 -0.960667 7.803100 0.015992 0.961925 0.272845 0.191600 0.000000 0.000000 0.000000 1.000000
0.997819 0.007657 -0.065560 -4.366800 -0.065081 0.279753 -0.957864 7.803100 0.011006 0.960042 0.279641 0.191600 0.000000 0.000000 0.000000 1.000000
0.997494 0.006257 -0.070469 -4.366800 -0.069305 0.286443 -0.955587 7.803100 0.014206 0.958077 0.286159 0.191600 0.000000 0.000000 0.000000 1.000000
0.997952 -0.008672 -0.063377 -4.366800 -0.058125 0.290764 -0.955028 7.803100 0.026710 0.956756 0.289664 0.191600 0.000000 0.000000 0.000000 1.000000
0.998314 -0.031118 -0.049006 -4.366800 -0.037778 0.292713 -0.955454 7.803100 0.044077 0.955694 0.291044 0.191600 0.000000 0.000000 0.000000 1.000000
0.997851 -0.057264 -0.031861 -4.366800 -0.013524 0.295780 -0.955160 7.803100 0.064120 0.953538 0.294369 0.191600 0.000000 0.000000 0.000000 1.000000
0.995600 -0.093493 -0.006229 -4.366800 0.022235 0.300313 -0.953581 7.803100 0.091024 0.949248 0.301071 0.191600 0.000000 0.000000 0.000000 1.000000
0.987913 -0.149029 0.042631 -4.366800 0.085090 0.291514 -0.952775 7.803100 0.129564 0.944886 0.300671 0.191600 0.000000 0.000000 0.000000 1.000000
0.970367 -0.212733 0.114600 -4.366800 0.166474 0.244803 -0.955174 7.803100 0.175143 0.945947 0.272963 0.191600 0.000000 0.000000 0.000000 1.000000
0.950540 -0.252106 0.181427 -4.366800 0.225857 0.160048 -0.960923 7.803100 0.213218 0.954373 0.209072 0.191600 0.000000 0.000000 0.000000 1.000000
0.942480 -0.255544 0.215473 -4.366800 0.243840 0.084695 -0.966110 7.803100 0.228634 0.963080 0.142135 0.191600 0.000000 0.000000 0.000000 1.000000
0.945203 -0.249383 0.210713 -4.366800 0.239192 0.089675 -0.966822 7.803100 0.222213 0.964244 0.144412 0.191600 0.000000 0.000000 0.000000 1.000000
0.950457 -0.256896 0.175032 -4.366800 0.230978 0.206802 -0.950727 7.803100 0.208041 0.944054 0.255894 0.191600 0.000000 0.000000 0.000000 1.000000
0.953628 -0.273650 0.125335 -4.366800 0.227661 0.383406 -0.895081 7.803100 0.196885 0.882109 0.427926 0.191600 0.000000 0.000000 0.000000 1.000000</float_array>
        <technique_common>
          <accessor source="#mixamorig_RightHandPinky1-Matrix-animation-output-transform-array" count="31" stride="16">
            <param type="float4x4"/>
          </accessor>
        </technique_common>
      </source>
      <source id="mixamorig_RightHandPinky1-Interpolations">
        <Name_array id="mixamorig_RightHandPinky1-Interpolations-array" count="31">
 LINEAR LINEAR LINEAR LINEAR LINEAR LINEAR LINEAR LINEAR LINEAR LINEAR LINEAR
LINEAR LINEAR LINEAR LINEAR LINEAR LINEAR LINEAR LINEAR LINEAR LINEAR LINEAR LINEAR
LINEAR LINEAR LINEAR LINEAR LINEAR LINEAR LINEAR LINEAR</Name_array>
        <technique_common>
          <accessor source="#mixamorig_RightHandPinky1-Interpolations-array" count="31">
            <param type="name"/>
          </accessor>
        </technique_common>
      </source>
      <sampler id="mixamorig_RightHandPinky1-Matrix-animation-transform">
        <input semantic="INPUT" source="#mixamorig_RightHandPinky1-Matrix-animation-input"/>
        <input semantic="OUTPUT" source="#mixamorig_RightHandPinky1-Matrix-animation-output-transform"/>
        <input semantic="INTERPOLATION" source="#mixamorig_RightHandPinky1-Interpolations"/>
      </sampler>
      <channel source="#mixamorig_RightHandPinky1-Matrix-animation-transform" target="mixamorig_RightHandPinky1/matrix"/>
    </animation>
    <animation id="mixamorig_RightHandPinky2-anim" name="mixamorig_RightHandPinky2">
      <source id="mixamorig_RightHandPinky2-Matrix-animation-input">
        <float_array id="mixamorig_RightHandPinky2-Matrix-animation-input-array" count="31">

0.000000 0.033333 0.066667 0.100000 0.133333 0.166667 0.200000 0.233333 0.266667 0.300000 0.333333 0.366667 0.400000 0.433333 0.466667 0.500000
0.533333 0.566667 0.600000 0.633333 0.666667 0.700000 0.733333 0.766667 0.800000 0.833333 0.866667 0.900000 0.933333 0.966667 1.000000</float_array>
        <technique_common>
          <accessor source="#mixamorig_RightHandPinky2-Matrix-animation-input-array" count="31">
            <param name="TIME" type="float"/>
          </accessor>
        </technique_common>
      </source>
      <source id="mixamorig_RightHandPinky2-Matrix-animation-output-transform">
        <float_array id="mixamorig_RightHandPinky2-Matrix-animation-output-transform-array" count="496">

0.999992 -0.003398 -0.002245 0.000000 0.001541 0.825950 -0.563741 3.218900 0.003770 0.563733 0.825949 0.000000 0.000000 0.000000 0.000000 1.000000
0.999992 -0.003492 -0.002030 -0.000000 0.001658 0.813220 -0.581954 3.218900 0.003683 0.581946 0.813219 0.000000 0.000000 0.000000 0.000000 1.000000
0.999992 -0.003704 -0.001594 -0.000000 0.001900 0.781411 -0.624013 3.218900 0.003556 0.624005 0.781412 0.000000 0.000000 0.000000 0.000000 1.000000
0.999992 -0.003997 -0.000951 0.000000 0.002266 0.729599 -0.683872 3.218900 0.003428 0.683864 0.729602 0.000000 0.000000 0.000000 0.000000 1.000000
0.999991 -0.004310 -0.000168 0.000000 0.002725 0.661555 -0.749891 3.218900 0.003344 0.749884 0.661561 0.000000 0.000000 0.000000 0.000000 1.000000
0.999989 -0.004587 0.000664 -0.000000 0.003224 0.585454 -0.810700 3.218900 0.003330 0.810693 0.585462 0.000000 0.000000 0.000000 0.000000 1.000000
0.999987 -0.004796 0.001447 -0.000000 0.003701 0.512533 -0.858660 3.218900 0.003376 0.858654 0.512544 0.000000 0.000000 0.000000 0.000000 1.000000
0.999986 -0.004929 0.002124 0.000000 0.004129 0.453625 -0.891183 3.218900 0.003430 0.891179 0.453639 0.000000 0.000000 0.000000 0.000000 1.000000
0.999984 -0.005005 0.002699 -0.000000 0.004529 0.414066 -0.910236 3.218900 0.003438 0.910233 0.414082 0.000000 0.000000 0.000000 0.000000 1.000000
0.999982 -0.005042 0.003188 0.000000 0.004909 0.391969 -0.919965 3.218900 0.003389 0.919965 0.391987 0.000000 0.000000 0.000000 0.000000 1.000000
0.999981 -0.005060 0.003566 0.000000 0.005228 0.381714 -0.924266 3.218900 0.003316 0.924267 0.381733 -0.000000 0.000000 0.000000 0.000000 1.000000
0.999980 -0.005073 0.003784 0.000000 0.005422 0.378252 -0.925687 3.218900 0.003265 0.925689 0.378272 -0.000000 0.000000 0.000000 0.000000 1.000000
0.999980 -0.005085 0.003845 0.000000 0.005486 0.379096 -0.925341 3.218900 0.003248 0.925343 0.379117 0.000000 0.000000 0.000000 0.000000 1.000000
0.999980 -0.005093 0.003812 0.000000 0.005475 0.383723 -0.923432 3.218900 0.003240 0.923434 0.383743 0.000000 0.000000 0.000000 0.000000 1.000000
0.999980 -0.005098 0.003761 0.000000 0.005457 0.391587 -0.920125 3.218900 0.003218 0.920127 0.391607 0.000000 0.000000 0.000000 0.000000 1.000000
0.999980 -0.005101 0.003709 0.000000 0.005445 0.401504 -0.915841 3.218900 0.003182 0.915843 0.401524 -0.000000 0.000000 0.000000 0.000000 1.000000
0.999980 -0.005111 0.003612 -0.000000 0.005401 0.413325 -0.910567 3.218900 0.003161 0.910569 0.413345 0.000000 0.000000 0.000000 0.000000 1.000000
0.999981 -0.005137 0.003413 0.000000 0.005287 0.428913 -0.903330 3.218900 0.003176 0.903331 0.428932 0.000000 0.000000 0.000000 0.000000 1.000000
0.999982 -0.005174 0.003116 0.000000 0.005111 0.449996 -0.893016 3.218900 0.003218 0.893016 0.450014 0.000000 0.000000 0.000000 0.000000 1.000000
0.999983 -0.005214 0.002773 0.000000 0.004919 0.475429 -0.879740 3.218900 0.003268 0.879739 0.475446 0.000000 0.000000 0.000000 0.000000 1.000000
0.999983 -0.005255 0.002427 -0.000000 0.004735 0.501529 -0.865128 3.218900 0.003329 0.865125 0.501545 0.000000 0.000000 0.000000 0.000000 1.000000
0.999984 -0.005303 0.002107 0.000000 0.004578 0.525249 -0.850936 3.218900 0.003406 0.850932 0.525265 0.000000 0.000000 0.000000 0.000000 1.000000
0.999984 -0.005362 0.001854 0.000000 0.004478 0.545317 -0.838218 3.218900 0.003484 0.838213 0.545332 -0.000000 0.000000 0.000000 0.000000 1.000000
0.999984 -0.005427 0.001699 0.000000 0.004434 0.557001 -0.830500 3.218900 0.003560 0.830494 0.557016 0.000000 0.000000 0.000000 0.000000 1.000000
0.999984 -0.005508 0.001611 0.000000 0.004362 0.547036 -0.837097 3.218900 0.003730 0.837091 0.547051 0.000000 0.000000 0.000000 0.000000 1.000000
0.999983 -0.005658 0.001533 0.000000 0.004167 0.502119 -0.864789 3.218900 0.004123 0.864780 0.502134 0.000000 0.000000 0.000000 0.000000 1.000000
0.999982 -0.005890 0.001447 -0.000000 0.003835 0.429307 -0.903151 3.218900 0.004698 0.903139 0.429322 0.000000 0.000000 0.000000 0.000000 1.000000
0.999980 -0.006121 0.001337 0.000000 0.003489 0.366738 -0.930318 3.218900 0.005204 0.930304 0.366752 -0.000000 0.000000 0.000000 0.000000 1.000000
0.999980 -0.006228 0.001130 0.000000 0.003331 0.366080 -0.930577 3.218900 0.005382 0.930562 0.366094 -0.000000 0.000000 0.000000 0.000000 1.000000
0.999981 -0.006106 0.000785 0.000000 0.003440 0.448503 -0.893775 3.218900 0.005105 0.893761 0.448515 0.000000 0.000000 0.000000 0.000000 1.000000
0.999984 -0.005729 0.000403 0.000000 0.003628 0.575858 -0.817542 3.218900 0.004452 0.817530 0.575869 0.000000 0.000000 0.000000 0.000000 1.000000</float_array>
        <technique_common>
          <accessor source="#mixamorig_RightHandPinky2-Matrix-animation-output-transform-array" count="31" stride="16">
            <param type="float4x4"/>
          </accessor>
        </technique_common>
      </source>
      <source id="mixamorig_RightHandPinky2-Interpolations">
        <Name_array id="mixamorig_RightHandPinky2-Interpolations-array" count="31">
 LINEAR LINEAR LINEAR LINEAR LINEAR LINEAR LINEAR LINEAR LINEAR LINEAR LINEAR
LINEAR LINEAR LINEAR LINEAR LINEAR LINEAR LINEAR LINEAR LINEAR LINEAR LINEAR LINEAR
LINEAR LINEAR LINEAR LINEAR LINEAR LINEAR LINEAR LINEAR</Name_array>
        <technique_common>
          <accessor source="#mixamorig_RightHandPinky2-Interpolations-array" count="31">
            <param type="name"/>
          </accessor>
        </technique_common>
      </source>
      <sampler id="mixamorig_RightHandPinky2-Matrix-animation-transform">
        <input semantic="INPUT" source="#mixamorig_RightHandPinky2-Matrix-animation-input"/>
        <input semantic="OUTPUT" source="#mixamorig_RightHandPinky2-Matrix-animation-output-transform"/>
        <input semantic="INTERPOLATION" source="#mixamorig_RightHandPinky2-Interpolations"/>
      </sampler>
      <channel source="#mixamorig_RightHandPinky2-Matrix-animation-transform" target="mixamorig_RightHandPinky2/matrix"/>
    </animation>
    <animation id="mixamorig_RightHandPinky3-anim" name="mixamorig_RightHandPinky3">
      <source id="mixamorig_RightHandPinky3-Matrix-animation-input">
        <float_array id="mixamorig_RightHandPinky3-Matrix-animation-input-array" count="31">

0.000000 0.033333 0.066667 0.100000 0.133333 0.166667 0.200000 0.233333 0.266667 0.300000 0.333333 0.366667 0.400000 0.433333 0.466667 0.500000
0.533333 0.566667 0.600000 0.633333 0.666667 0.700000 0.733333 0.766667 0.800000 0.833333 0.866667 0.900000 0.933333 0.966667 1.000000</float_array>
        <technique_common>
          <accessor source="#mixamorig_RightHandPinky3-Matrix-animation-input-array" count="31">
            <param name="TIME" type="float"/>
          </accessor>
        </technique_common>
      </source>
      <source id="mixamorig_RightHandPinky3-Matrix-animation-output-transform">
        <float_array id="mixamorig_RightHandPinky3-Matrix-animation-output-transform-array" count="496">

0.999990 -0.003090 -0.003142 0.000000 0.000815 0.830362 -0.557224 2.622400 0.004331 0.557216 0.830356 0.000000 0.000000 0.000000 0.000000 1.000000
0.999991 -0.003203 -0.002956 0.000000 0.000928 0.819065 -0.573700 2.622400 0.004259 0.573691 0.819060 0.000000 0.000000 0.000000 0.000000 1.000000
0.999991 -0.003468 -0.002594 0.000000 0.001147 0.789691 -0.613504 2.622400 0.004176 0.613495 0.789688 0.000000 0.000000 0.000000 0.000000 1.000000
0.999990 -0.003850 -0.002064 0.000000 0.001470 0.741399 -0.671063 2.622400 0.004114 0.671053 0.741398 0.000000 0.000000 0.000000 0.000000 1.000000
0.999990 -0.004275 -0.001412 0.000000 0.001860 0.677987 -0.735072 2.622400 0.004100 0.735062 0.677988 0.000000 0.000000 0.000000 0.000000 1.000000
0.999989 -0.004673 -0.000719 0.000000 0.002269 0.607685 -0.794175 2.622400 0.004148 0.794165 0.607689 0.000000 0.000000 0.000000 0.000000 1.000000
0.999988 -0.004998 -0.000065 0.000000 0.002652 0.541653 -0.840598 2.622400 0.004236 0.840587 0.541659 -0.000000 0.000000 0.000000 0.000000 1.000000
0.999986 -0.005226 0.000505 -0.000000 0.003001 0.489977 -0.871730 2.622400 0.004308 0.871720 0.489986 0.000000 0.000000 0.000000 0.000000 1.000000
0.999985 -0.005358 0.000999 -0.000000 0.003335 0.456551 -0.889691 2.622400 0.004311 0.889681 0.456562 0.000000 0.000000 0.000000 0.000000 1.000000
0.999984 -0.005420 0.001440 0.000000 0.003670 0.438384 -0.898780 2.622400 0.004240 0.898771 0.438397 0.000000 0.000000 0.000000 0.000000 1.000000
0.999984 -0.005450 0.001797 0.000000 0.003965 0.429935 -0.902851 2.622400 0.004148 0.902844 0.429949 -0.000000 0.000000 0.000000 0.000000 1.000000
0.999983 -0.005492 0.002016 0.000000 0.004168 0.426971 -0.904256 2.622400 0.004106 0.904249 0.426986 0.000000 0.000000 0.000000 0.000000 1.000000
0.999982 -0.005584 0.002090 0.000000 0.004277 0.427608 -0.903954 2.622400 0.004154 0.903947 0.427624 0.000000 0.000000 0.000000 0.000000 1.000000
0.999981 -0.005730 0.002075 0.000000 0.004344 0.431462 -0.902121 2.622400 0.004274 0.902113 0.431479 0.000000 0.000000 0.000000 0.000000 1.000000
0.999981 -0.005894 0.002036 -0.000000 0.004412 0.438043 -0.898943 2.622400 0.004406 0.898935 0.438061 0.000000 0.000000 0.000000 0.000000 1.000000
0.999980 -0.006023 0.001998 0.000000 0.004476 0.446346 -0.894849 2.622400 0.004498 0.894840 0.446364 -0.000000 0.000000 0.000000 0.000000 1.000000
0.999980 -0.006086 0.001933 0.000000 0.004497 0.456326 -0.889801 2.622400 0.004534 0.889792 0.456344 -0.000000 0.000000 0.000000 0.000000 1.000000
0.999980 -0.006086 0.001803 -0.000000 0.004451 0.469797 -0.882763 2.622400 0.004525 0.882753 0.469815 -0.000000 0.000000 0.000000 0.000000 1.000000
0.999981 -0.006027 0.001601 0.000000 0.004342 0.488566 -0.872516 2.622400 0.004476 0.872506 0.488582 0.000000 0.000000 0.000000 0.000000 1.000000
0.999982 -0.005902 0.001361 -0.000000 0.004190 0.511775 -0.859109 2.622400 0.004374 0.859099 0.511790 0.000000 0.000000 0.000000 0.000000 1.000000
0.999983 -0.005721 0.001117 0.000000 0.004009 0.535964 -0.844231 2.622400 0.004232 0.844222 0.535978 0.000000 0.000000 0.000000 0.000000 1.000000
0.999984 -0.005515 0.000889 -0.000000 0.003815 0.558028 -0.829813 2.622400 0.004081 0.829804 0.558041 0.000000 0.000000 0.000000 0.000000 1.000000
0.999986 -0.005315 0.000678 0.000000 0.003618 0.576430 -0.817139 2.622400 0.003952 0.817129 0.576441 -0.000000 0.000000 0.000000 0.000000 1.000000
0.999986 -0.005177 0.000488 0.000000 0.003432 0.586543 -0.809911 2.622400 0.003907 0.809901 0.586553 0.000000 0.000000 0.000000 0.000000 1.000000
0.999986 -0.005217 0.000347 -0.000000 0.003290 0.576172 -0.817322 2.622400 0.004064 0.817312 0.576181 -0.000000 0.000000 0.000000 0.000000 1.000000
0.999985 -0.005526 0.000295 0.000000 0.003197 0.533334 -0.845899 2.622400 0.004518 0.845887 0.533344 0.000000 0.000000 0.000000 0.000000 1.000000
0.999982 -0.006009 0.000333 -0.000000 0.003088 0.464691 -0.885468 2.622400 0.005166 0.885453 0.464701 0.000000 0.000000 0.000000 0.000000 1.000000
0.999979 -0.006422 0.000372 -0.000000 0.002944 0.405417 -0.914127 2.622400 0.005719 0.914109 0.405428 0.000000 0.000000 0.000000 0.000000 1.000000
0.999979 -0.006544 0.000270 0.000000 0.002888 0.403612 -0.914926 2.622400 0.005878 0.914907 0.403622 0.000000 0.000000 0.000000 0.000000 1.000000
0.999980 -0.006276 -0.000026 0.000000 0.002986 0.479320 -0.877635 2.622400 0.005520 0.877618 0.479329 -0.000000 0.000000 0.000000 0.000000 1.000000
0.999984 -0.005688 -0.000382 0.000000 0.003091 0.597203 -0.802084 2.622400 0.004791 0.802070 0.597211 0.000000 0.000000 0.000000 0.000000 1.000000</float_array>
        <technique_common>
          <accessor source="#mixamorig_RightHandPinky3-Matrix-animation-output-transform-array" count="31" stride="16">
            <param type="float4x4"/>
          </accessor>
        </technique_common>
      </source>
      <source id="mixamorig_RightHandPinky3-Interpolations">
        <Name_array id="mixamorig_RightHandPinky3-Interpolations-array" count="31">
 LINEAR LINEAR LINEAR LINEAR LINEAR LINEAR LINEAR LINEAR LINEAR LINEAR LINEAR
LINEAR LINEAR LINEAR LINEAR LINEAR LINEAR LINEAR LINEAR LINEAR LINEAR LINEAR LINEAR
LINEAR LINEAR LINEAR LINEAR LINEAR LINEAR LINEAR LINEAR</Name_array>
        <technique_common>
          <accessor source="#mixamorig_RightHandPinky3-Interpolations-array" count="31">
            <param type="name"/>
          </accessor>
        </technique_common>
      </source>
      <sampler id="mixamorig_RightHandPinky3-Matrix-animation-transform">
        <input semantic="INPUT" source="#mixamorig_RightHandPinky3-Matrix-animation-input"/>
        <input semantic="OUTPUT" source="#mixamorig_RightHandPinky3-Matrix-animation-output-transform"/>
        <input semantic="INTERPOLATION" source="#mixamorig_RightHandPinky3-Interpolations"/>
      </sampler>
      <channel source="#mixamorig_RightHandPinky3-Matrix-animation-transform" target="mixamorig_RightHandPinky3/matrix"/>
    </animation>
    <animation id="mixamorig_LeftUpLeg-anim" name="mixamorig_LeftUpLeg">
      <source id="mixamorig_LeftUpLeg-Matrix-animation-input">
        <float_array id="mixamorig_LeftUpLeg-Matrix-animation-input-array" count="31">

0.000000 0.033333 0.066667 0.100000 0.133333 0.166667 0.200000 0.233333 0.266667 0.300000 0.333333 0.366667 0.400000 0.433333 0.466667 0.500000
0.533333 0.566667 0.600000 0.633333 0.666667 0.700000 0.733333 0.766667 0.800000 0.833333 0.866667 0.900000 0.933333 0.966667 1.000000</float_array>
        <technique_common>
          <accessor source="#mixamorig_LeftUpLeg-Matrix-animation-input-array" count="31">
            <param name="TIME" type="float"/>
          </accessor>
        </technique_common>
      </source>
      <source id="mixamorig_LeftUpLeg-Matrix-animation-output-transform">
        <float_array id="mixamorig_LeftUpLeg-Matrix-animation-output-transform-array" count="496">

-0.896908 0.348640 0.272041 12.499900 -0.185445 -0.855000 0.484341 -6.038900 0.401455 0.383961 0.831510 1.644900 0.000000 0.000000 0.000000 1.000000
-0.899465 0.338655 0.276181 12.499900 -0.179341 -0.862397 0.473401 -6.038900 0.398498 0.376277 0.836430 1.644900 0.000000 0.000000 0.000000 1.000000
-0.906091 0.331712 0.262614 12.499900 -0.182679 -0.866612 0.464340 -6.038900 0.381611 0.372760 0.845827 1.644900 0.000000 0.000000 0.000000 1.000000
-0.915239 0.320085 0.244710 12.499900 -0.184876 -0.873270 0.450800 -6.038900 0.357992 0.367349 0.858427 1.644900 0.000000 0.000000 0.000000 1.000000
-0.927113 0.302180 0.221694 12.499900 -0.188121 -0.886827 0.422076 -6.038900 0.324147 0.349607 0.879035 1.644900 0.000000 0.000000 0.000000 1.000000
-0.941108 0.278563 0.191620 12.499900 -0.190979 -0.905643 0.378600 -6.038900 0.279004 0.319708 0.905508 1.644900 0.000000 0.000000 0.000000 1.000000
-0.955404 0.248668 0.159271 12.499900 -0.184518 -0.923802 0.335474 -6.038900 0.230556 0.291125 0.928488 1.644900 0.000000 0.000000 0.000000 1.000000
-0.969642 0.209084 0.126803 12.499900 -0.164326 -0.941166 0.295301 -6.038900 0.181086 0.265499 0.946952 1.644900 0.000000 0.000000 0.000000 1.000000
-0.980651 0.168253 0.100076 12.499900 -0.137752 -0.956294 0.257928 -6.038900 0.139099 0.239151 0.960967 1.644900 0.000000 0.000000 0.000000 1.000000
-0.988860 0.127734 0.076424 12.499900 -0.108169 -0.969358 0.220553 -6.038900 0.102254 0.209829 0.972376 1.644900 0.000000 0.000000 0.000000 1.000000
-0.994242 0.092256 0.054509 12.499900 -0.080896 -0.979816 0.182801 -6.038900 0.070274 0.177339 0.981638 1.644900 0.000000 0.000000 0.000000 1.000000
-0.997083 0.066100 0.038154 12.499900 -0.060242 -0.988556 0.138302 -6.038900 0.046859 0.135600 0.989655 1.644900 0.000000 0.000000 0.000000 1.000000
-0.997733 0.062513 0.024902 12.499900 -0.060197 -0.994573 0.084862 -6.038900 0.030072 0.083171 0.996081 1.644900 0.000000 0.000000 0.000000 1.000000
-0.996048 0.087405 0.015785 12.499900 -0.086450 -0.994821 0.053462 -6.038900 0.020376 0.051886 0.998445 1.644900 0.000000 0.000000 0.000000 1.000000
-0.989255 0.145774 0.011141 12.499900 -0.145256 -0.988656 0.038204 -6.038900 0.016584 0.036175 0.999208 1.644900 0.000000 0.000000 0.000000 1.000000
-0.973995 0.226146 0.013834 12.499900 -0.225580 -0.973633 0.033950 -6.038900 0.021147 0.029947 0.999328 1.644900 0.000000 0.000000 0.000000 1.000000
-0.953022 0.300781 0.035789 12.499900 -0.299992 -0.953593 0.025796 -6.038900 0.041887 0.013848 0.999026 1.644900 0.000000 0.000000 0.000000 1.000000
-0.926151 0.367331 0.085514 12.499900 -0.366082 -0.930085 0.030421 -6.038900 0.090709 -0.003131 0.995872 1.644900 0.000000 0.000000 0.000000 1.000000
-0.885392 0.435232 0.163262 12.499900 -0.431602 -0.900133 0.058989 -6.038900 0.172631 -0.018236 0.984818 1.644900 0.000000 0.000000 0.000000 1.000000
-0.835516 0.496083 0.236251 12.499900 -0.485416 -0.867874 0.105671 -6.038900 0.257458 -0.026390 0.965929 1.644900 0.000000 0.000000 0.000000 1.000000
-0.792446 0.535021 0.292884 12.499900 -0.513828 -0.844306 0.152078 -6.038900 0.328649 -0.029979 0.943976 1.644900 0.000000 0.000000 0.000000 1.000000
-0.751349 0.561495 0.346696 12.499900 -0.535077 -0.825855 0.177920 -6.038900 0.386222 -0.051829 0.920949 1.644900 0.000000 0.000000 0.000000 1.000000
-0.720562 0.570625 0.393925 12.499900 -0.544055 -0.817486 0.189001 -6.038900 0.429877 -0.078129 0.899501 1.644900 0.000000 0.000000 0.000000 1.000000
-0.709254 0.570249 0.414458 12.499900 -0.535939 -0.818109 0.208487 -6.038900 0.457961 -0.074254 0.885866 1.644900 0.000000 0.000000 0.000000 1.000000
-0.717879 0.569131 0.400922 12.499900 -0.516719 -0.821537 0.240996 -6.038900 0.466531 -0.034158 0.883845 1.644900 0.000000 0.000000 0.000000 1.000000
-0.750590 0.550210 0.365902 12.499900 -0.480709 -0.834622 0.268933 -6.038900 0.453359 0.025966 0.890950 1.644900 0.000000 0.000000 0.000000 1.000000
-0.790696 0.521927 0.319987 12.499900 -0.438691 -0.847610 0.298510 -6.038900 0.427025 0.095655 0.899166 1.644900 0.000000 0.000000 0.000000 1.000000
-0.818374 0.505085 0.274141 12.499900 -0.394414 -0.840581 0.371296 -6.038900 0.417974 0.195734 0.887122 1.644900 0.000000 0.000000 0.000000 1.000000
-0.837282 0.498805 0.223948 12.499900 -0.345446 -0.800064 0.490474 -6.038900 0.423824 0.333303 0.842189 1.644900 0.000000 0.000000 0.000000 1.000000
-0.860571 0.482738 0.162426 12.499900 -0.290174 -0.726769 0.622580 -6.038900 0.418589 0.488643 0.765514 1.644900 0.000000 0.000000 0.000000 1.000000
-0.903149 0.422618 0.075604 12.499900 -0.222148 -0.610708 0.760057 -6.038900 0.367386 0.669649 0.645444 1.644900 0.000000 0.000000 0.000000 1.000000</float_array>
        <technique_common>
          <accessor source="#mixamorig_LeftUpLeg-Matrix-animation-output-transform-array" count="31" stride="16">
            <param type="float4x4"/>
          </accessor>
        </technique_common>
      </source>
      <source id="mixamorig_LeftUpLeg-Interpolations">
        <Name_array id="mixamorig_LeftUpLeg-Interpolations-array" count="31">
 LINEAR LINEAR LINEAR LINEAR LINEAR LINEAR LINEAR LINEAR LINEAR LINEAR LINEAR
LINEAR LINEAR LINEAR LINEAR LINEAR LINEAR LINEAR LINEAR LINEAR LINEAR LINEAR LINEAR
LINEAR LINEAR LINEAR LINEAR LINEAR LINEAR LINEAR LINEAR</Name_array>
        <technique_common>
          <accessor source="#mixamorig_LeftUpLeg-Interpolations-array" count="31">
            <param type="name"/>
          </accessor>
        </technique_common>
      </source>
      <sampler id="mixamorig_LeftUpLeg-Matrix-animation-transform">
        <input semantic="INPUT" source="#mixamorig_LeftUpLeg-Matrix-animation-input"/>
        <input semantic="OUTPUT" source="#mixamorig_LeftUpLeg-Matrix-animation-output-transform"/>
        <input semantic="INTERPOLATION" source="#mixamorig_LeftUpLeg-Interpolations"/>
      </sampler>
      <channel source="#mixamorig_LeftUpLeg-Matrix-animation-transform" target="mixamorig_LeftUpLeg/matrix"/>
    </animation>
    <animation id="mixamorig_LeftLeg-anim" name="mixamorig_LeftLeg">
      <source id="mixamorig_LeftLeg-Matrix-animation-input">
        <float_array id="mixamorig_LeftLeg-Matrix-animation-input-array" count="31">

0.000000 0.033333 0.066667 0.100000 0.133333 0.166667 0.200000 0.233333 0.266667 0.300000 0.333333 0.366667 0.400000 0.433333 0.466667 0.500000
0.533333 0.566667 0.600000 0.633333 0.666667 0.700000 0.733333 0.766667 0.800000 0.833333 0.866667 0.900000 0.933333 0.966667 1.000000</float_array>
        <technique_common>
          <accessor source="#mixamorig_LeftLeg-Matrix-animation-input-array" count="31">
            <param name="TIME" type="float"/>
          </accessor>
        </technique_common>
      </source>
      <source id="mixamorig_LeftLeg-Matrix-animation-output-transform">
        <float_array id="mixamorig_LeftLeg-Matrix-animation-output-transform-array" count="496">

0.975323 0.219497 0.023773 0.000000 -0.158794 0.622602 0.766258 51.639999 0.153390 -0.751124 0.642094 0.000000 0.000000 0.000000 0.000000 1.000000
0.975194 0.218418 0.035924 -0.000000 -0.163357 0.600636 0.782656 51.639999 0.149369 -0.769110 0.621417 0.000000 0.000000 0.000000 0.000000 1.000000
0.972031 0.205799 0.113151 -0.000000 -0.213560 0.574083 0.790456 51.639999 0.097717 -0.792512 0.601977 0.000000 0.000000 0.000000 0.000000 1.000000
0.958222 0.193619 0.210529 -0.000000 -0.283633 0.548221 0.786769 51.639999 0.036917 -0.813612 0.580234 -0.000000 0.000000 0.000000 0.000000 1.000000
0.935701 0.178241 0.304457 0.000000 -0.351944 0.531477 0.770498 51.639999 -0.024478 -0.828107 0.560035 0.000000 0.000000 0.000000 0.000000 1.000000
0.913574 0.157135 0.375089 0.000000 -0.399317 0.521252 0.754217 51.639999 -0.077002 -0.838812 0.538949 -0.000000 0.000000 0.000000 0.000000 1.000000
0.897719 0.136094 0.419022 0.000000 -0.425404 0.515151 0.744077 51.639999 -0.114595 -0.846226 0.520356 0.000000 0.000000 0.000000 0.000000 1.000000
0.896105 0.117148 0.428104 0.000000 -0.424004 0.511093 0.747666 51.639999 -0.131213 -0.851505 0.507664 0.000000 0.000000 0.000000 0.000000 1.000000
0.902347 0.103548 0.418387 0.000000 -0.408676 0.513977 0.754196 51.639999 -0.136946 -0.851531 0.506103 0.000000 0.000000 0.000000 0.000000 1.000000
0.917569 0.091369 0.386936 0.000000 -0.374946 0.522537 0.765748 51.639999 -0.132223 -0.847707 0.513722 0.000000 0.000000 0.000000 0.000000 1.000000
0.935432 0.079097 0.344544 0.000000 -0.331320 0.536013 0.776477 51.639999 -0.123263 -0.840496 0.527611 0.000000 0.000000 0.000000 0.000000 1.000000
0.951694 0.068809 0.299238 -0.000000 -0.285677 0.555649 0.780796 51.639999 -0.112545 -0.828565 0.548465 0.000000 0.000000 0.000000 0.000000 1.000000
0.960400 0.054777 0.273186 0.000000 -0.255012 0.567824 0.782652 51.639999 -0.112250 -0.821325 0.559307 0.000000 0.000000 0.000000 0.000000 1.000000
0.964059 0.036296 0.263198 -0.000000 -0.236615 0.567871 0.788376 51.639999 -0.120848 -0.822317 0.556049 0.000000 0.000000 0.000000 0.000000 1.000000
0.959896 0.011551 0.280118 0.000000 -0.238617 0.558185 0.794664 51.639999 -0.147178 -0.829636 0.538556 0.000000 0.000000 0.000000 0.000000 1.000000
0.949794 -0.014993 0.312516 0.000000 -0.253546 0.548357 0.796881 51.639999 -0.183318 -0.836110 0.517025 0.000000 0.000000 0.000000 0.000000 1.000000
0.953008 -0.033709 0.301063 0.000000 -0.234264 0.548115 0.802926 51.639999 -0.192083 -0.835723 0.514461 -0.000000 0.000000 0.000000 0.000000 1.000000
0.965018 -0.032711 0.260134 0.000000 -0.199282 0.553229 0.808842 51.639999 -0.170371 -0.832387 0.527357 0.000000 0.000000 0.000000 0.000000 1.000000
0.979437 -0.014879 0.201201 0.000000 -0.159053 0.556583 0.815425 51.639999 -0.124117 -0.830659 0.542771 0.000000 0.000000 0.000000 0.000000 1.000000
0.995081 0.002941 0.099024 0.000000 -0.083136 0.568401 0.818541 51.639999 -0.053878 -0.822746 0.565849 -0.000000 0.000000 0.000000 0.000000 1.000000
0.999827 0.018589 0.000297 0.000000 -0.011436 0.602349 0.798151 51.639999 0.014658 -0.798016 0.602458 0.000000 0.000000 0.000000 0.000000 1.000000
0.997541 0.034955 -0.060745 -0.000000 0.022183 0.664704 0.746777 51.639999 0.066481 -0.746288 0.662294 0.000000 0.000000 0.000000 0.000000 1.000000
0.993149 0.054381 -0.103429 0.000000 0.029453 0.740042 0.671916 51.639999 0.113081 -0.670359 0.733370 0.000000 0.000000 0.000000 0.000000 1.000000
0.991005 0.068488 -0.114974 0.000000 0.011570 0.812062 0.583456 51.639999 0.133326 -0.579538 0.803965 0.000000 0.000000 0.000000 0.000000 1.000000
0.994107 0.065122 -0.086662 0.000000 -0.013849 0.869192 0.494281 51.639999 0.107514 -0.490168 0.864971 0.000000 0.000000 0.000000 0.000000 1.000000
0.997894 0.049355 -0.042089 0.000000 -0.029251 0.921559 0.387134 51.639999 0.057895 -0.385088 0.921062 0.000000 0.000000 0.000000 0.000000 1.000000
0.999205 0.038016 0.012015 0.000000 -0.039864 0.957544 0.285519 51.639999 -0.000650 -0.285771 0.958298 -0.000000 0.000000 0.000000 0.000000 1.000000
0.997396 0.034892 0.063110 -0.000000 -0.049274 0.968741 0.243131 51.639999 -0.052654 -0.245608 0.967938 0.000000 0.000000 0.000000 0.000000 1.000000
0.991536 0.039411 0.123704 0.000000 -0.076041 0.948571 0.307296 51.639999 -0.105231 -0.314101 0.943540 -0.000000 0.000000 0.000000 0.000000 1.000000
0.978157 0.050323 0.201686 0.000000 -0.132150 0.899489 0.416479 51.639999 -0.160456 -0.434035 0.886492 0.000000 0.000000 0.000000 0.000000 1.000000
0.957727 0.062930 0.280710 -0.000000 -0.214986 0.804943 0.553036 51.639999 -0.191152 -0.590006 0.784445 0.000000 0.000000 0.000000 0.000000 1.000000</float_array>
        <technique_common>
          <accessor source="#mixamorig_LeftLeg-Matrix-animation-output-transform-array" count="31" stride="16">
            <param type="float4x4"/>
          </accessor>
        </technique_common>
      </source>
      <source id="mixamorig_LeftLeg-Interpolations">
        <Name_array id="mixamorig_LeftLeg-Interpolations-array" count="31">
 LINEAR LINEAR LINEAR LINEAR LINEAR LINEAR LINEAR LINEAR LINEAR LINEAR LINEAR
LINEAR LINEAR LINEAR LINEAR LINEAR LINEAR LINEAR LINEAR LINEAR LINEAR LINEAR LINEAR
LINEAR LINEAR LINEAR LINEAR LINEAR LINEAR LINEAR LINEAR</Name_array>
        <technique_common>
          <accessor source="#mixamorig_LeftLeg-Interpolations-array" count="31">
            <param type="name"/>
          </accessor>
        </technique_common>
      </source>
      <sampler id="mixamorig_LeftLeg-Matrix-animation-transform">
        <input semantic="INPUT" source="#mixamorig_LeftLeg-Matrix-animation-input"/>
        <input semantic="OUTPUT" source="#mixamorig_LeftLeg-Matrix-animation-output-transform"/>
        <input semantic="INTERPOLATION" source="#mixamorig_LeftLeg-Interpolations"/>
      </sampler>
      <channel source="#mixamorig_LeftLeg-Matrix-animation-transform" target="mixamorig_LeftLeg/matrix"/>
    </animation>
    <animation id="mixamorig_LeftFoot-anim" name="mixamorig_LeftFoot">
      <source id="mixamorig_LeftFoot-Matrix-animation-input">
        <float_array id="mixamorig_LeftFoot-Matrix-animation-input-array" count="31">

0.000000 0.033333 0.066667 0.100000 0.133333 0.166667 0.200000 0.233333 0.266667 0.300000 0.333333 0.366667 0.400000 0.433333 0.466667 0.500000
0.533333 0.566667 0.600000 0.633333 0.666667 0.700000 0.733333 0.766667 0.800000 0.833333 0.866667 0.900000 0.933333 0.966667 1.000000</float_array>
        <technique_common>
          <accessor source="#mixamorig_LeftFoot-Matrix-animation-input-array" count="31">
            <param name="TIME" type="float"/>
          </accessor>
        </technique_common>
      </source>
      <source id="mixamorig_LeftFoot-Matrix-animation-output-transform">
        <float_array id="mixamorig_LeftFoot-Matrix-animation-output-transform-array" count="496">

0.986927 -0.083410 -0.137906 0.000000 -0.111583 0.263800 -0.958102 44.299999 0.116295 0.960964 0.251044 0.000000 0.000000 0.000000 0.000000 1.000000
0.984748 -0.078117 -0.155462 0.000000 -0.131496 0.250937 -0.959030 44.299999 0.113927 0.964846 0.236838 -0.000000 0.000000 0.000000 0.000000 1.000000
0.984677 -0.077426 -0.156258 0.000000 -0.132092 0.253859 -0.958179 44.299999 0.113856 0.964137 0.239741 0.000000 0.000000 0.000000 0.000000 1.000000
0.986625 -0.083986 -0.139706 -0.000000 -0.113963 0.257396 -0.959562 44.299999 0.116550 0.962649 0.244382 -0.000000 0.000000 0.000000 0.000000 1.000000
0.989209 -0.099429 -0.107605 -0.000000 -0.080695 0.243255 -0.966600 44.299999 0.122283 0.964853 0.232606 0.000000 0.000000 0.000000 0.000000 1.000000
0.990630 -0.125008 -0.054994 0.000000 -0.028219 0.206626 -0.978013 44.299999 0.133622 0.970401 0.201162 -0.000000 0.000000 0.000000 0.000000 1.000000
0.988059 -0.153838 0.008587 0.000000 0.032167 0.151450 -0.987941 44.299999 0.150682 0.976420 0.154590 -0.000000 0.000000 0.000000 0.000000 1.000000
0.981623 -0.177898 0.069056 -0.000000 0.086483 0.092144 -0.991983 44.299999 0.170109 0.979725 0.105836 0.000000 0.000000 0.000000 0.000000 1.000000
0.971940 -0.197443 0.127861 0.000000 0.137425 0.035466 -0.989877 44.299999 0.190909 0.979673 0.061604 0.000000 0.000000 0.000000 0.000000 1.000000
0.962070 -0.210191 0.173902 0.000000 0.175590 -0.010751 -0.984405 44.299999 0.208782 0.977601 0.026564 0.000000 0.000000 0.000000 0.000000 1.000000
0.955055 -0.216892 0.202057 0.000000 0.198517 -0.038223 -0.979352 44.299999 0.220137 0.975447 0.006552 0.000000 0.000000 0.000000 0.000000 1.000000
0.952049 -0.219218 0.213414 0.000000 0.207213 -0.051177 -0.976956 44.299999 0.225088 0.974333 -0.003298 0.000000 0.000000 0.000000 0.000000 1.000000
0.950453 -0.220506 0.219124 -0.000000 0.213970 -0.047298 -0.975694 44.299999 0.225511 0.974238 0.002227 0.000000 0.000000 0.000000 0.000000 1.000000
0.951592 -0.219992 0.214653 0.000000 0.217532 -0.011352 -0.975987 44.299999 0.217146 0.975436 0.037053 0.000000 0.000000 0.000000 0.000000 1.000000
0.955219 -0.216961 0.201208 0.000000 0.215088 0.042130 -0.975686 44.299999 0.203209 0.975271 0.086909 -0.000000 0.000000 0.000000 0.000000 1.000000
0.966738 -0.203906 0.154400 0.000000 0.180863 0.118158 -0.976385 44.299999 0.180847 0.971834 0.151107 0.000000 0.000000 0.000000 0.000000 1.000000
0.970800 -0.197297 0.136457 -0.000000 0.166505 0.144693 -0.975367 44.299999 0.172693 0.969607 0.173319 0.000000 0.000000 0.000000 0.000000 1.000000
0.978826 -0.181606 0.094443 0.000000 0.131726 0.205687 -0.969712 44.299999 0.156680 0.961620 0.225254 -0.000000 0.000000 0.000000 0.000000 1.000000
0.984665 -0.172990 0.022582 0.000000 0.071494 0.282056 -0.956730 44.299999 0.159135 0.943673 0.290099 0.000000 0.000000 0.000000 0.000000 1.000000
0.989197 -0.141787 -0.037233 0.000000 0.016628 0.360875 -0.932466 44.299999 0.145648 0.921773 0.359334 -0.000000 0.000000 0.000000 0.000000 1.000000
0.990226 -0.116183 -0.077167 0.000000 -0.022281 0.414391 -0.909826 44.299999 0.137683 0.902652 0.407752 0.000000 0.000000 0.000000 0.000000 1.000000
0.989668 -0.094580 -0.107756 0.000000 -0.053098 0.456348 -0.888216 44.299999 0.133182 0.884761 0.446611 -0.000000 0.000000 0.000000 0.000000 1.000000
0.988721 -0.077306 -0.128272 -0.000000 -0.071695 0.507652 -0.858574 44.299999 0.131491 0.858087 0.496384 0.000000 0.000000 0.000000 0.000000 1.000000
0.988306 -0.063012 -0.138853 0.000000 -0.078381 0.571163 -0.817086 44.299999 0.130795 0.818414 0.559545 0.000000 0.000000 0.000000 0.000000 1.000000
0.988206 -0.048109 -0.145380 -0.000000 -0.081445 0.638841 -0.765016 44.299999 0.129678 0.767833 0.627388 0.000000 0.000000 0.000000 0.000000 1.000000
0.988426 -0.035548 -0.147482 0.000000 -0.079681 0.705616 -0.704100 44.299999 0.129095 0.707702 0.694617 0.000000 0.000000 0.000000 0.000000 1.000000
0.987423 -0.016901 -0.157193 0.000000 -0.089176 0.761468 -0.642039 44.299999 0.130549 0.647982 0.750384 0.000000 0.000000 0.000000 0.000000 1.000000
0.986157 -0.001837 -0.165805 0.000000 -0.101177 0.785546 -0.610475 44.299999 0.131369 0.618800 0.774486 0.000000 0.000000 0.000000 0.000000 1.000000
0.984058 0.005724 -0.177758 -0.000000 -0.120175 0.758188 -0.640866 44.299999 0.131106 0.652011 0.746789 0.000000 0.000000 0.000000 0.000000 1.000000
0.984465 -0.002458 -0.175561 0.000000 -0.120789 0.716208 -0.687355 44.299999 0.127427 0.697883 0.704785 -0.000000 0.000000 0.000000 0.000000 1.000000
0.988582 -0.038517 -0.145680 0.000000 -0.084730 0.657375 -0.748785 44.299999 0.124608 0.752579 0.646605 0.000000 0.000000 0.000000 0.000000 1.000000</float_array>
        <technique_common>
          <accessor source="#mixamorig_LeftFoot-Matrix-animation-output-transform-array" count="31" stride="16">
            <param type="float4x4"/>
          </accessor>
        </technique_common>
      </source>
      <source id="mixamorig_LeftFoot-Interpolations">
        <Name_array id="mixamorig_LeftFoot-Interpolations-array" count="31">
 LINEAR LINEAR LINEAR LINEAR LINEAR LINEAR LINEAR LINEAR LINEAR LINEAR LINEAR
LINEAR LINEAR LINEAR LINEAR LINEAR LINEAR LINEAR LINEAR LINEAR LINEAR LINEAR LINEAR
LINEAR LINEAR LINEAR LINEAR LINEAR LINEAR LINEAR LINEAR</Name_array>
        <technique_common>
          <accessor source="#mixamorig_LeftFoot-Interpolations-array" count="31">
            <param type="name"/>
          </accessor>
        </technique_common>
      </source>
      <sampler id="mixamorig_LeftFoot-Matrix-animation-transform">
        <input semantic="INPUT" source="#mixamorig_LeftFoot-Matrix-animation-input"/>
        <input semantic="OUTPUT" source="#mixamorig_LeftFoot-Matrix-animation-output-transform"/>
        <input semantic="INTERPOLATION" source="#mixamorig_LeftFoot-Interpolations"/>
      </sampler>
      <channel source="#mixamorig_LeftFoot-Matrix-animation-transform" target="mixamorig_LeftFoot/matrix"/>
    </animation>
    <animation id="mixamorig_LeftToeBase-anim" name="mixamorig_LeftToeBase">
      <source id="mixamorig_LeftToeBase-Matrix-animation-input">
        <float_array id="mixamorig_LeftToeBase-Matrix-animation-input-array" count="31">

0.000000 0.033333 0.066667 0.100000 0.133333 0.166667 0.200000 0.233333 0.266667 0.300000 0.333333 0.366667 0.400000 0.433333 0.466667 0.500000
0.533333 0.566667 0.600000 0.633333 0.666667 0.700000 0.733333 0.766667 0.800000 0.833333 0.866667 0.900000 0.933333 0.966667 1.000000</float_array>
        <technique_common>
          <accessor source="#mixamorig_LeftToeBase-Matrix-animation-input-array" count="31">
            <param name="TIME" type="float"/>
          </accessor>
        </technique_common>
      </source>
      <source id="mixamorig_LeftToeBase-Matrix-animation-output-transform">
        <float_array id="mixamorig_LeftToeBase-Matrix-animation-output-transform-array" count="496">

0.995639 -0.009948 -0.092758 0.000000 -0.047960 0.798260 -0.600400 20.500000 0.080018 0.602230 0.794302 0.000000 0.000000 0.000000 0.000000 1.000000
0.994581 -0.013091 -0.103133 0.000000 -0.055991 0.768420 -0.637492 20.500000 0.087595 0.639812 0.763523 0.000000 0.000000 0.000000 0.000000 1.000000
0.992409 -0.018105 -0.121643 0.000000 -0.073053 0.708913 -0.701502 20.500000 0.098935 0.705063 0.702209 0.000000 0.000000 0.000000 0.000000 1.000000
0.991238 -0.020302 -0.130521 0.000000 -0.088376 0.632453 -0.769541 20.500000 0.098172 0.774333 0.625116 0.000000 0.000000 0.000000 0.000000 1.000000
0.991743 -0.016134 -0.127221 0.000000 -0.096273 0.561692 -0.821726 20.500000 0.084717 0.827189 0.555501 -0.000000 0.000000 0.000000 0.000000 1.000000
0.992556 -0.008789 -0.121469 0.000000 -0.100135 0.508799 -0.855042 20.500000 0.069318 0.860840 0.504132 0.000000 0.000000 0.000000 0.000000 1.000000
0.994195 0.001376 -0.107580 0.000000 -0.095028 0.480103 -0.872050 20.500000 0.050450 0.877211 0.477447 -0.000000 0.000000 0.000000 0.000000 1.000000
0.995873 0.012291 -0.089917 0.000000 -0.085352 0.463566 -0.881942 20.500000 0.030843 0.885977 0.462702 0.000000 0.000000 0.000000 0.000000 1.000000
0.997272 0.022652 -0.070258 0.000000 -0.072807 0.458953 -0.885472 20.500000 0.012188 0.888172 0.459350 -0.000000 0.000000 0.000000 0.000000 1.000000
0.998003 0.029543 -0.055836 0.000000 -0.063168 0.459804 -0.885771 20.500000 -0.000494 0.887529 0.460751 -0.000000 0.000000 0.000000 0.000000 1.000000
0.998241 0.033260 -0.049088 0.000000 -0.058884 0.458801 -0.886586 20.500000 -0.006967 0.887916 0.459952 0.000000 0.000000 0.000000 0.000000 1.000000
0.998003 0.032516 -0.054159 0.000000 -0.063026 0.454639 -0.888443 20.500000 -0.004266 0.890082 0.455780 0.000000 0.000000 0.000000 0.000000 1.000000
0.996787 0.026954 -0.075427 0.000000 -0.079594 0.438865 -0.895021 20.500000 0.008978 0.898149 0.439600 0.000000 0.000000 0.000000 0.000000 1.000000
0.993108 0.016039 -0.116099 -0.000000 -0.112942 0.395603 -0.911451 20.500000 0.031310 0.918281 0.394688 0.000000 0.000000 0.000000 0.000000 1.000000
0.987137 -0.002033 -0.159861 0.000000 -0.150159 0.331467 -0.931441 20.500000 0.054882 0.943465 0.326898 0.000000 0.000000 0.000000 0.000000 1.000000
0.980837 -0.034755 -0.191707 0.000000 -0.175666 0.267825 -0.947318 20.500000 0.084268 0.962840 0.256588 0.000000 0.000000 0.000000 0.000000 1.000000
0.969935 -0.085424 -0.227879 0.000000 -0.188619 0.327825 -0.925718 20.500000 0.153783 0.940868 0.301857 0.000000 0.000000 0.000000 0.000000 1.000000
0.951459 -0.131321 -0.278352 -0.000000 -0.208956 0.388398 -0.897488 20.500000 0.225970 0.912087 0.342105 -0.000000 0.000000 0.000000 0.000000 1.000000
0.928530 -0.157867 -0.336021 0.000000 -0.226364 0.476649 -0.849450 20.500000 0.294265 0.864802 0.406848 -0.000000 0.000000 0.000000 0.000000 1.000000
0.903144 -0.156859 -0.399657 -0.000000 -0.249283 0.566303 -0.785595 20.500000 0.349554 0.809133 0.472351 0.000000 0.000000 0.000000 0.000000 1.000000
0.897460 -0.121845 -0.423933 0.000000 -0.250317 0.650660 -0.716926 20.500000 0.363190 0.749530 0.553441 0.000000 0.000000 0.000000 0.000000 1.000000
0.916233 -0.084910 -0.391545 0.000000 -0.225576 0.698333 -0.679298 20.500000 0.331108 0.710719 0.620682 -0.000000 0.000000 0.000000 0.000000 1.000000
0.939909 -0.062094 -0.335732 0.000000 -0.191970 0.717058 -0.670056 20.500000 0.282346 0.694242 0.662049 -0.000000 0.000000 0.000000 0.000000 1.000000
0.962317 -0.046253 -0.267967 0.000000 -0.152628 0.723695 -0.673030 20.500000 0.225056 0.688568 0.689365 0.000000 0.000000 0.000000 0.000000 1.000000
0.978031 -0.036415 -0.205253 0.000000 -0.116394 0.721454 -0.682611 20.500000 0.172938 0.691505 0.701366 0.000000 0.000000 0.000000 0.000000 1.000000
0.985529 -0.029433 -0.166934 -0.000000 -0.094486 0.722238 -0.685160 20.500000 0.140732 0.691018 0.709006 -0.000000 0.000000 0.000000 0.000000 1.000000
0.988164 -0.024321 -0.151461 0.000000 -0.087731 0.720345 -0.688045 20.500000 0.125839 0.693189 0.709685 0.000000 0.000000 0.000000 0.000000 1.000000
0.990140 -0.019265 -0.138753 0.000000 -0.080246 0.733873 -0.674530 20.500000 0.114822 0.679014 0.725091 -0.000000 0.000000 0.000000 0.000000 1.000000
0.993735 -0.014175 -0.110861 0.000000 -0.061415 0.759485 -0.647620 20.500000 0.093377 0.650371 0.753856 0.000000 0.000000 0.000000 0.000000 1.000000
0.996619 -0.011906 -0.081291 0.000000 -0.041815 0.778202 -0.626621 20.500000 0.070722 0.627901 0.775073 -0.000000 0.000000 0.000000 0.000000 1.000000
0.997495 -0.009848 -0.070054 0.000000 -0.034449 0.797308 -0.602589 20.500000 0.061789 0.603493 0.794971 0.000000 0.000000 0.000000 0.000000 1.000000</float_array>
        <technique_common>
          <accessor source="#mixamorig_LeftToeBase-Matrix-animation-output-transform-array" count="31" stride="16">
            <param type="float4x4"/>
          </accessor>
        </technique_common>
      </source>
      <source id="mixamorig_LeftToeBase-Interpolations">
        <Name_array id="mixamorig_LeftToeBase-Interpolations-array" count="31">
 LINEAR LINEAR LINEAR LINEAR LINEAR LINEAR LINEAR LINEAR LINEAR LINEAR LINEAR
LINEAR LINEAR LINEAR LINEAR LINEAR LINEAR LINEAR LINEAR LINEAR LINEAR LINEAR LINEAR
LINEAR LINEAR LINEAR LINEAR LINEAR LINEAR LINEAR LINEAR</Name_array>
        <technique_common>
          <accessor source="#mixamorig_LeftToeBase-Interpolations-array" count="31">
            <param type="name"/>
          </accessor>
        </technique_common>
      </source>
      <sampler id="mixamorig_LeftToeBase-Matrix-animation-transform">
        <input semantic="INPUT" source="#mixamorig_LeftToeBase-Matrix-animation-input"/>
        <input semantic="OUTPUT" source="#mixamorig_LeftToeBase-Matrix-animation-output-transform"/>
        <input semantic="INTERPOLATION" source="#mixamorig_LeftToeBase-Interpolations"/>
      </sampler>
      <channel source="#mixamorig_LeftToeBase-Matrix-animation-transform" target="mixamorig_LeftToeBase/matrix"/>
    </animation>
    <animation id="mixamorig_RightUpLeg-anim" name="mixamorig_RightUpLeg">
      <source id="mixamorig_RightUpLeg-Matrix-animation-input">
        <float_array id="mixamorig_RightUpLeg-Matrix-animation-input-array" count="31">

0.000000 0.033333 0.066667 0.100000 0.133333 0.166667 0.200000 0.233333 0.266667 0.300000 0.333333 0.366667 0.400000 0.433333 0.466667 0.500000
0.533333 0.566667 0.600000 0.633333 0.666667 0.700000 0.733333 0.766667 0.800000 0.833333 0.866667 0.900000 0.933333 0.966667 1.000000</float_array>
        <technique_common>
          <accessor source="#mixamorig_RightUpLeg-Matrix-animation-input-array" count="31">
            <param name="TIME" type="float"/>
          </accessor>
        </technique_common>
      </source>
      <source id="mixamorig_RightUpLeg-Matrix-animation-output-transform">
        <float_array id="mixamorig_RightUpLeg-Matrix-animation-output-transform-array" count="496">

-0.858644 -0.504709 -0.089444 -12.499900 0.292603 -0.625912 0.722923 -6.038800 -0.420850 0.594561 0.685115 1.644900 0.000000 0.000000 0.000000 1.000000
-0.863682 -0.501450 -0.050999 -12.499900 0.287168 -0.572699 0.767822 -6.038800 -0.414231 0.648509 0.638630 1.644900 0.000000 0.000000 0.000000 1.000000
-0.872045 -0.489339 -0.009194 -12.499900 0.282798 -0.519127 0.806556 -6.038800 -0.399452 0.700753 0.591086 1.644900 0.000000 0.000000 0.000000 1.000000
-0.883627 -0.466671 0.037708 -12.499900 0.279826 -0.461835 0.841669 -6.038800 -0.375367 0.754273 0.538676 1.644900 0.000000 0.000000 0.000000 1.000000
-0.899136 -0.430251 0.080239 -12.499900 0.276022 -0.415167 0.866861 -6.038800 -0.339655 0.801574 0.492050 1.644900 0.000000 0.000000 0.000000 1.000000
-0.916524 -0.384739 0.109364 -12.499900 0.268834 -0.390084 0.880660 -6.038800 -0.296163 0.836547 0.460952 1.644900 0.000000 0.000000 0.000000 1.000000
-0.935087 -0.328654 0.132661 -12.499900 0.257754 -0.373705 0.891015 -6.038800 -0.243259 0.867370 0.434159 1.644900 0.000000 0.000000 0.000000 1.000000
-0.952339 -0.264137 0.152584 -12.499900 0.243237 -0.355701 0.902393 -6.038800 -0.184081 0.896498 0.402996 1.644900 0.000000 0.000000 0.000000 1.000000
-0.967330 -0.187608 0.170517 -12.499900 0.226486 -0.337281 0.913754 -6.038800 -0.113915 0.922521 0.368752 1.644900 0.000000 0.000000 0.000000 1.000000
-0.976904 -0.106600 0.185190 -12.499900 0.210320 -0.326619 0.921458 -6.038800 -0.037741 0.939125 0.341496 1.644900 0.000000 0.000000 0.000000 1.000000
-0.980240 -0.040939 0.193531 -12.499900 0.196223 -0.325030 0.925123 -6.038800 0.025030 0.944817 0.326640 1.644900 0.000000 0.000000 0.000000 1.000000
-0.977554 0.015718 0.210100 -12.499900 0.192706 -0.336406 0.921789 -6.038800 0.085167 0.941586 0.325826 1.644900 0.000000 0.000000 0.000000 1.000000
-0.972471 0.046784 0.228278 -12.499900 0.194640 -0.375541 0.906137 -6.038800 0.128121 0.925624 0.356097 1.644900 0.000000 0.000000 0.000000 1.000000
-0.969250 0.048113 0.241330 -12.499900 0.198797 -0.424910 0.883137 -6.038800 0.145034 0.903956 0.402279 1.644900 0.000000 0.000000 0.000000 1.000000
-0.969177 0.031943 0.244287 -12.499900 0.198107 -0.488413 0.849827 -6.038800 0.146459 0.872028 0.467030 1.644900 0.000000 0.000000 0.000000 1.000000
-0.971816 0.012076 0.235432 -12.499900 0.187513 -0.565668 0.803031 -6.038800 0.142873 0.824545 0.547461 1.644900 0.000000 0.000000 0.000000 1.000000
-0.975426 0.002036 0.220316 -12.499900 0.166689 -0.647078 0.743979 -6.038800 0.144077 0.762421 0.630838 1.644900 0.000000 0.000000 0.000000 1.000000
-0.978341 0.008811 0.206811 -12.499900 0.137404 -0.719596 0.680662 -6.038800 0.154818 0.694337 0.702800 1.644900 0.000000 0.000000 0.000000 1.000000
-0.980860 0.030926 0.192244 -12.499900 0.097129 -0.777990 0.620723 -6.038800 0.168760 0.627515 0.760096 1.644900 0.000000 0.000000 0.000000 1.000000
-0.987119 0.036523 0.155762 -12.499900 0.056170 -0.832498 0.551173 -6.038800 0.149802 0.552823 0.819723 1.644900 0.000000 0.000000 0.000000 1.000000
-0.995339 0.014490 0.095347 -12.499900 0.032567 -0.880075 0.473716 -6.038800 0.090776 0.474613 0.875501 1.644900 0.000000 0.000000 0.000000 1.000000
-0.999705 -0.007698 0.023036 -12.499900 0.015888 -0.924642 0.380506 -6.038800 0.018371 0.380759 0.924492 1.644900 0.000000 0.000000 0.000000 1.000000
-0.998462 -0.028648 -0.047459 -12.499900 0.013820 -0.957723 0.287360 -6.038800 -0.053685 0.286262 0.956646 1.644900 0.000000 0.000000 0.000000 1.000000
-0.991281 -0.057230 -0.118684 -12.499900 0.031014 -0.976784 0.211971 -6.038800 -0.128059 0.206442 0.970043 1.644900 0.000000 0.000000 0.000000 1.000000
-0.980574 -0.078152 -0.179908 -12.499900 0.051786 -0.987803 0.146847 -6.038800 -0.189190 0.134677 0.972661 1.644900 0.000000 0.000000 0.000000 1.000000
-0.971431 -0.102515 -0.214037 -12.499900 0.086910 -0.992909 0.081110 -6.038800 -0.220834 0.060191 0.973452 1.644900 0.000000 0.000000 0.000000 1.000000
-0.973893 -0.118436 -0.193665 -12.499900 0.114753 -0.992936 0.030163 -6.038800 -0.195870 0.007151 0.980604 1.644900 0.000000 0.000000 0.000000 1.000000
-0.987660 -0.114822 -0.106504 -12.499900 0.105830 -0.990609 0.086566 -6.038800 -0.115443 0.074227 0.990537 1.644900 0.000000 0.000000 0.000000 1.000000
-0.995201 -0.095346 -0.021984 -12.499900 0.090570 -0.982660 0.161789 -6.038800 -0.037029 0.159022 0.986580 1.644900 0.000000 0.000000 0.000000 1.000000
-0.996542 -0.082630 0.008774 -12.499900 0.082617 -0.973980 0.211041 -6.038800 -0.008893 0.211036 0.977438 1.644900 0.000000 0.000000 0.000000 1.000000
-0.997627 -0.066294 0.018575 -12.499900 0.068845 -0.962691 0.261698 -6.038800 0.000533 0.262356 0.964971 1.644900 0.000000 0.000000 0.000000 1.000000</float_array>
        <technique_common>
          <accessor source="#mixamorig_RightUpLeg-Matrix-animation-output-transform-array" count="31" stride="16">
            <param type="float4x4"/>
          </accessor>
        </technique_common>
      </source>
      <source id="mixamorig_RightUpLeg-Interpolations">
        <Name_array id="mixamorig_RightUpLeg-Interpolations-array" count="31">
 LINEAR LINEAR LINEAR LINEAR LINEAR LINEAR LINEAR LINEAR LINEAR LINEAR LINEAR
LINEAR LINEAR LINEAR LINEAR LINEAR LINEAR LINEAR LINEAR LINEAR LINEAR LINEAR LINEAR
LINEAR LINEAR LINEAR LINEAR LINEAR LINEAR LINEAR LINEAR</Name_array>
        <technique_common>
          <accessor source="#mixamorig_RightUpLeg-Interpolations-array" count="31">
            <param type="name"/>
          </accessor>
        </technique_common>
      </source>
      <sampler id="mixamorig_RightUpLeg-Matrix-animation-transform">
        <input semantic="INPUT" source="#mixamorig_RightUpLeg-Matrix-animation-input"/>
        <input semantic="OUTPUT" source="#mixamorig_RightUpLeg-Matrix-animation-output-transform"/>
        <input semantic="INTERPOLATION" source="#mixamorig_RightUpLeg-Interpolations"/>
      </sampler>
      <channel source="#mixamorig_RightUpLeg-Matrix-animation-transform" target="mixamorig_RightUpLeg/matrix"/>
    </animation>
    <animation id="mixamorig_RightLeg-anim" name="mixamorig_RightLeg">
      <source id="mixamorig_RightLeg-Matrix-animation-input">
        <float_array id="mixamorig_RightLeg-Matrix-animation-input-array" count="31">

0.000000 0.033333 0.066667 0.100000 0.133333 0.166667 0.200000 0.233333 0.266667 0.300000 0.333333 0.366667 0.400000 0.433333 0.466667 0.500000
0.533333 0.566667 0.600000 0.633333 0.666667 0.700000 0.733333 0.766667 0.800000 0.833333 0.866667 0.900000 0.933333 0.966667 1.000000</float_array>
        <technique_common>
          <accessor source="#mixamorig_RightLeg-Matrix-animation-input-array" count="31">
            <param name="TIME" type="float"/>
          </accessor>
        </technique_common>
      </source>
      <source id="mixamorig_RightLeg-Matrix-animation-output-transform">
        <float_array id="mixamorig_RightLeg-Matrix-animation-output-transform-array" count="496">

0.987355 0.099007 -0.123808 -0.000000 0.046482 0.565855 0.823193 51.640099 0.151559 -0.818539 0.554098 0.000000 0.000000 0.000000 0.000000 1.000000
0.978233 0.096690 -0.183605 -0.000000 0.099354 0.558555 0.823496 51.640099 0.182177 -0.823813 0.536791 0.000000 0.000000 0.000000 0.000000 1.000000
0.963166 0.095918 -0.251218 0.000000 0.157861 0.554616 0.816995 51.640099 0.217695 -0.826559 0.519046 -0.000000 0.000000 0.000000 0.000000 1.000000
0.940972 0.099079 -0.323657 0.000000 0.218805 0.551506 0.804963 51.640099 0.258254 -0.828266 0.497273 0.000000 0.000000 0.000000 0.000000 1.000000
0.910914 0.101117 -0.400013 0.000000 0.283156 0.551947 0.784332 51.640099 0.300095 -0.827726 0.474144 0.000000 0.000000 0.000000 0.000000 1.000000
0.877582 0.098531 -0.469193 0.000000 0.342878 0.555027 0.757878 51.640099 0.335090 -0.825976 0.453298 0.000000 0.000000 0.000000 0.000000 1.000000
0.846645 0.096364 -0.523360 -0.000000 0.388217 0.560814 0.731283 51.640099 0.363977 -0.822315 0.437400 -0.000000 0.000000 0.000000 0.000000 1.000000
0.814364 0.090806 -0.573206 -0.000000 0.430424 0.568015 0.701495 51.640099 0.389289 -0.817994 0.423486 0.000000 0.000000 0.000000 0.000000 1.000000
0.788237 0.086306 -0.609290 -0.000000 0.460696 0.573654 0.677260 51.640099 0.407973 -0.814538 0.412414 0.000000 0.000000 0.000000 0.000000 1.000000
0.770728 0.084328 -0.631560 0.000000 0.478857 0.577219 0.661449 51.640099 0.420327 -0.812224 0.404497 0.000000 0.000000 0.000000 0.000000 1.000000
0.760642 0.080176 -0.644202 -0.000000 0.493132 0.574011 0.653706 51.640099 0.422190 -0.814913 0.397080 0.000000 0.000000 0.000000 0.000000 1.000000
0.768298 0.087676 -0.634059 -0.000000 0.489585 0.557625 0.670344 51.640099 0.412340 -0.825450 0.385497 0.000000 0.000000 0.000000 0.000000 1.000000
0.793883 0.102717 -0.599332 0.000000 0.467053 0.528136 0.709179 51.640099 0.389374 -0.842924 0.371304 0.000000 0.000000 0.000000 0.000000 1.000000
0.832658 0.120418 -0.540537 0.000000 0.420848 0.496843 0.758969 51.640099 0.359956 -0.859445 0.363023 0.000000 0.000000 0.000000 0.000000 1.000000
0.881885 0.137119 -0.451085 -0.000000 0.345554 0.462902 0.816281 51.640099 0.320735 -0.875740 0.360844 0.000000 0.000000 0.000000 0.000000 1.000000
0.928069 0.152884 -0.339580 -0.000000 0.246108 0.432570 0.867360 51.640099 0.279498 -0.888543 0.363829 -0.000000 0.000000 0.000000 0.000000 1.000000
0.960661 0.171253 -0.218640 0.000000 0.130589 0.416257 0.899820 51.640099 0.245107 -0.892974 0.377518 0.000000 0.000000 0.000000 0.000000 1.000000
0.975379 0.192542 -0.107531 0.000000 0.017452 0.418674 0.907969 51.640099 0.219843 -0.887490 0.405006 0.000000 0.000000 0.000000 0.000000 1.000000
0.977242 0.211911 -0.009549 -0.000000 -0.086633 0.439793 0.893911 51.640099 0.193629 -0.872740 0.448143 0.000000 0.000000 0.000000 0.000000 1.000000
0.974139 0.217284 0.061977 0.000000 -0.163089 0.486318 0.858427 51.640099 0.156382 -0.846335 0.509178 0.000000 0.000000 0.000000 0.000000 1.000000
0.972601 0.208096 0.103645 0.000000 -0.203830 0.548907 0.810650 51.640099 0.111802 -0.809566 0.576285 -0.000000 0.000000 0.000000 0.000000 1.000000
0.973230 0.189637 0.129850 0.000000 -0.221423 0.622209 0.750884 51.640099 0.061602 -0.759535 0.647543 -0.000000 0.000000 0.000000 0.000000 1.000000
0.975743 0.168175 0.140149 0.000000 -0.218247 0.697222 0.682825 51.640099 0.017120 -0.696849 0.717013 0.000000 0.000000 0.000000 0.000000 1.000000
0.980821 0.142107 0.133399 0.000000 -0.194394 0.762962 0.616523 51.640099 -0.014166 -0.630630 0.775954 0.000000 0.000000 0.000000 0.000000 1.000000
0.986848 0.116033 0.112545 0.000000 -0.159199 0.818364 0.552210 51.640099 -0.028029 -0.562865 0.826074 0.000000 0.000000 0.000000 0.000000 1.000000
0.995947 0.086410 0.024941 0.000000 -0.088073 0.880888 0.465058 51.640099 0.018215 -0.465370 0.884929 0.000000 0.000000 0.000000 0.000000 1.000000
0.991870 0.082877 -0.096572 0.000000 -0.037856 0.916665 0.397859 51.640099 0.121498 -0.390968 0.912350 0.000000 0.000000 0.000000 0.000000 1.000000
0.973123 0.115797 -0.199054 0.000000 0.001971 0.860159 0.510022 51.640099 0.230278 -0.496706 0.836812 -0.000000 0.000000 0.000000 0.000000 1.000000
0.968169 0.144738 -0.204205 0.000000 0.025279 0.755135 0.655082 51.640099 0.249017 -0.639392 0.727439 -0.000000 0.000000 0.000000 0.000000 1.000000
0.968372 0.132199 -0.211611 0.000000 0.077158 0.647872 0.757831 51.640099 0.237281 -0.750190 0.617181 0.000000 0.000000 0.000000 0.000000 1.000000
0.975092 0.109301 -0.192997 0.000000 0.113638 0.501070 0.857913 51.640099 0.190476 -0.858477 0.476169 0.000000 0.000000 0.000000 0.000000 1.000000</float_array>
        <technique_common>
          <accessor source="#mixamorig_RightLeg-Matrix-animation-output-transform-array" count="31" stride="16">
            <param type="float4x4"/>
          </accessor>
        </technique_common>
      </source>
      <source id="mixamorig_RightLeg-Interpolations">
        <Name_array id="mixamorig_RightLeg-Interpolations-array" count="31">
 LINEAR LINEAR LINEAR LINEAR LINEAR LINEAR LINEAR LINEAR LINEAR LINEAR LINEAR
LINEAR LINEAR LINEAR LINEAR LINEAR LINEAR LINEAR LINEAR LINEAR LINEAR LINEAR LINEAR
LINEAR LINEAR LINEAR LINEAR LINEAR LINEAR LINEAR LINEAR</Name_array>
        <technique_common>
          <accessor source="#mixamorig_RightLeg-Interpolations-array" count="31">
            <param type="name"/>
          </accessor>
        </technique_common>
      </source>
      <sampler id="mixamorig_RightLeg-Matrix-animation-transform">
        <input semantic="INPUT" source="#mixamorig_RightLeg-Matrix-animation-input"/>
        <input semantic="OUTPUT" source="#mixamorig_RightLeg-Matrix-animation-output-transform"/>
        <input semantic="INTERPOLATION" source="#mixamorig_RightLeg-Interpolations"/>
      </sampler>
      <channel source="#mixamorig_RightLeg-Matrix-animation-transform" target="mixamorig_RightLeg/matrix"/>
    </animation>
    <animation id="mixamorig_RightFoot-anim" name="mixamorig_RightFoot">
      <source id="mixamorig_RightFoot-Matrix-animation-input">
        <float_array id="mixamorig_RightFoot-Matrix-animation-input-array" count="31">

0.000000 0.033333 0.066667 0.100000 0.133333 0.166667 0.200000 0.233333 0.266667 0.300000 0.333333 0.366667 0.400000 0.433333 0.466667 0.500000
0.533333 0.566667 0.600000 0.633333 0.666667 0.700000 0.733333 0.766667 0.800000 0.833333 0.866667 0.900000 0.933333 0.966667 1.000000</float_array>
        <technique_common>
          <accessor source="#mixamorig_RightFoot-Matrix-animation-input-array" count="31">
            <param name="TIME" type="float"/>
          </accessor>
        </technique_common>
      </source>
      <source id="mixamorig_RightFoot-Matrix-animation-output-transform">
        <float_array id="mixamorig_RightFoot-Matrix-animation-output-transform-array" count="496">

0.979074 -0.023067 0.202191 0.000000 0.199481 0.305325 -0.931120 44.299999 -0.040256 0.951969 0.303538 -0.000000 0.000000 0.000000 0.000000 1.000000
0.983830 -0.011206 0.178752 -0.000000 0.173293 0.311707 -0.934242 44.299999 -0.045249 0.950112 0.308609 0.000000 0.000000 0.000000 0.000000 1.000000
0.987377 -0.000699 0.158384 0.000000 0.150352 0.318575 -0.935898 44.299999 -0.049803 0.947898 0.314658 0.000000 0.000000 0.000000 0.000000 1.000000
0.989841 0.008195 0.141941 0.000000 0.131601 0.325047 -0.936497 44.299999 -0.053812 0.945663 0.320666 -0.000000 0.000000 0.000000 0.000000 1.000000
0.991735 0.016037 0.127295 0.000000 0.114673 0.334191 -0.935503 44.299999 -0.057543 0.942369 0.329590 0.000000 0.000000 0.000000 0.000000 1.000000
0.993136 0.022430 0.114794 0.000000 0.100068 0.345201 -0.933179 44.299999 -0.060558 0.938261 0.340587 0.000000 0.000000 0.000000 0.000000 1.000000
0.993684 0.025349 0.109314 0.000000 0.093255 0.355291 -0.930092 44.299999 -0.062415 0.934412 0.350683 0.000000 0.000000 0.000000 0.000000 1.000000
0.994295 0.027373 0.103094 0.000000 0.085724 0.370083 -0.925035 44.299999 -0.063474 0.928595 0.365625 0.000000 0.000000 0.000000 0.000000 1.000000
0.994713 0.028345 0.098705 0.000000 0.080410 0.382874 -0.920294 44.299999 -0.063878 0.923366 0.378570 0.000000 0.000000 0.000000 0.000000 1.000000
0.994970 0.028651 0.095991 -0.000000 0.077219 0.391064 -0.917119 44.299999 -0.063815 0.919918 0.386884 0.000000 0.000000 0.000000 0.000000 1.000000
0.995564 0.031821 0.088545 0.000000 0.068972 0.393283 -0.916827 44.299999 -0.063998 0.918867 0.389343 0.000000 0.000000 0.000000 0.000000 1.000000
0.995899 0.034123 0.083793 0.000000 0.064678 0.379095 -0.923095 44.299999 -0.063264 0.924729 0.375333 0.000000 0.000000 0.000000 0.000000 1.000000
0.996011 0.035895 0.081691 0.000000 0.064098 0.349088 -0.934895 44.299999 -0.062076 0.936402 0.345395 0.000000 0.000000 0.000000 0.000000 1.000000
0.995692 0.034522 0.086056 -0.000000 0.071137 0.310883 -0.947782 44.299999 -0.059472 0.949821 0.307088 0.000000 0.000000 0.000000 0.000000 1.000000
0.994535 0.029813 0.100052 0.000000 0.088586 0.266122 -0.959860 44.299999 -0.055242 0.963478 0.262027 -0.000000 0.000000 0.000000 0.000000 1.000000
0.991990 0.021783 0.124427 -0.000000 0.116633 0.220348 -0.968423 44.299999 -0.048513 0.975178 0.216042 -0.000000 0.000000 0.000000 0.000000 1.000000
0.987931 0.012521 0.154386 0.000000 0.149691 0.178947 -0.972404 44.299999 -0.039803 0.983779 0.174913 -0.000000 0.000000 0.000000 0.000000 1.000000
0.981174 -0.001363 0.193122 0.000000 0.190866 0.159396 -0.968588 44.299999 -0.029462 0.987214 0.156655 -0.000000 0.000000 0.000000 0.000000 1.000000
0.974210 -0.015088 0.225139 0.000000 0.224574 0.161896 -0.960914 44.299999 -0.021951 0.986693 0.161109 -0.000000 0.000000 0.000000 0.000000 1.000000
0.970408 -0.023388 0.240335 0.000000 0.240530 0.181352 -0.953550 44.299999 -0.021284 0.983140 0.181611 0.000000 0.000000 0.000000 0.000000 1.000000
0.969552 -0.028230 0.243253 0.000000 0.243707 0.208540 -0.947163 44.299999 -0.023989 0.977606 0.209070 -0.000000 0.000000 0.000000 0.000000 1.000000
0.971947 -0.024990 0.233871 0.000000 0.233383 0.225905 -0.945780 44.299999 -0.029197 0.973829 0.225400 -0.000000 0.000000 0.000000 0.000000 1.000000
0.975326 -0.018487 0.219995 0.000000 0.217810 0.243228 -0.945198 44.299999 -0.036035 0.969793 0.241253 -0.000000 0.000000 0.000000 0.000000 1.000000
0.967814 -0.035696 0.249124 0.000000 0.248974 0.280256 -0.927075 44.299999 -0.036725 0.959261 0.280123 0.000000 0.000000 0.000000 0.000000 1.000000
0.948008 -0.070569 0.310324 0.000000 0.316511 0.310763 -0.896241 44.299999 -0.033191 0.947864 0.316942 0.000000 0.000000 0.000000 0.000000 1.000000
0.924665 -0.108642 0.364954 0.000000 0.379561 0.339667 -0.860558 44.299999 -0.030470 0.934250 0.355314 0.000000 0.000000 0.000000 0.000000 1.000000
0.902625 -0.139346 0.407248 0.000000 0.429640 0.348893 -0.832876 44.299999 -0.026028 0.926745 0.374788 0.000000 0.000000 0.000000 0.000000 1.000000
0.916723 -0.121423 0.380626 -0.000000 0.398818 0.334751 -0.853748 44.299999 -0.023750 0.934451 0.355300 0.000000 0.000000 0.000000 0.000000 1.000000
0.934572 -0.105421 0.339797 0.000000 0.354561 0.354804 -0.865102 44.299999 -0.029362 0.928978 0.368968 0.000000 0.000000 0.000000 0.000000 1.000000
0.979559 -0.049282 0.195024 0.000000 0.198550 0.392407 -0.898106 44.299999 -0.032269 0.918471 0.394170 0.000000 0.000000 0.000000 0.000000 1.000000
0.997050 0.014820 0.075307 0.000000 0.062786 0.406831 -0.911343 44.299999 -0.044143 0.913383 0.404701 -0.000000 0.000000 0.000000 0.000000 1.000000</float_array>
        <technique_common>
          <accessor source="#mixamorig_RightFoot-Matrix-animation-output-transform-array" count="31" stride="16">
            <param type="float4x4"/>
          </accessor>
        </technique_common>
      </source>
      <source id="mixamorig_RightFoot-Interpolations">
        <Name_array id="mixamorig_RightFoot-Interpolations-array" count="31">
 LINEAR LINEAR LINEAR LINEAR LINEAR LINEAR LINEAR LINEAR LINEAR LINEAR LINEAR
LINEAR LINEAR LINEAR LINEAR LINEAR LINEAR LINEAR LINEAR LINEAR LINEAR LINEAR LINEAR
LINEAR LINEAR LINEAR LINEAR LINEAR LINEAR LINEAR LINEAR</Name_array>
        <technique_common>
          <accessor source="#mixamorig_RightFoot-Interpolations-array" count="31">
            <param type="name"/>
          </accessor>
        </technique_common>
      </source>
      <sampler id="mixamorig_RightFoot-Matrix-animation-transform">
        <input semantic="INPUT" source="#mixamorig_RightFoot-Matrix-animation-input"/>
        <input semantic="OUTPUT" source="#mixamorig_RightFoot-Matrix-animation-output-transform"/>
        <input semantic="INTERPOLATION" source="#mixamorig_RightFoot-Interpolations"/>
      </sampler>
      <channel source="#mixamorig_RightFoot-Matrix-animation-transform" target="mixamorig_RightFoot/matrix"/>
    </animation>
    <animation id="mixamorig_RightToeBase-anim" name="mixamorig_RightToeBase">
      <source id="mixamorig_RightToeBase-Matrix-animation-input">
        <float_array id="mixamorig_RightToeBase-Matrix-animation-input-array" count="31">

0.000000 0.033333 0.066667 0.100000 0.133333 0.166667 0.200000 0.233333 0.266667 0.300000 0.333333 0.366667 0.400000 0.433333 0.466667 0.500000
0.533333 0.566667 0.600000 0.633333 0.666667 0.700000 0.733333 0.766667 0.800000 0.833333 0.866667 0.900000 0.933333 0.966667 1.000000</float_array>
        <technique_common>
          <accessor source="#mixamorig_RightToeBase-Matrix-animation-input-array" count="31">
            <param name="TIME" type="float"/>
          </accessor>
        </technique_common>
      </source>
      <source id="mixamorig_RightToeBase-Matrix-animation-output-transform">
        <float_array id="mixamorig_RightToeBase-Matrix-animation-output-transform-array" count="496">

0.996448 0.003872 0.084120 0.000000 0.045460 0.816143 -0.576060 20.500000 -0.070884 0.577838 0.813068 0.000000 0.000000 0.000000 0.000000 1.000000
0.996832 0.002878 0.079485 0.000000 0.042179 0.828120 -0.558962 20.500000 -0.067432 0.560544 0.825375 -0.000000 0.000000 0.000000 0.000000 1.000000
0.997041 0.001249 0.076859 0.000000 0.041175 0.835644 -0.547726 20.500000 -0.064911 0.549270 0.833120 -0.000000 0.000000 0.000000 0.000000 1.000000
0.996026 -0.000325 0.089058 -0.000000 0.048486 0.840778 -0.539204 20.500000 -0.074702 0.541380 0.837453 0.000000 0.000000 0.000000 0.000000 1.000000
0.995900 -0.000547 0.090463 -0.000000 0.049372 0.841214 -0.538444 20.500000 -0.075804 0.540702 0.837792 0.000000 0.000000 0.000000 0.000000 1.000000
0.995903 -0.000547 0.090426 0.000000 0.049378 0.841027 -0.538735 20.500000 -0.075756 0.540993 0.837608 0.000000 0.000000 0.000000 0.000000 1.000000
0.995907 -0.000530 0.090386 0.000000 0.049371 0.840822 -0.539055 20.500000 -0.075713 0.541311 0.837407 0.000000 0.000000 0.000000 0.000000 1.000000
0.995911 -0.000504 0.090343 0.000000 0.049357 0.840599 -0.539405 20.500000 -0.075671 0.541658 0.837186 0.000000 0.000000 0.000000 0.000000 1.000000
0.995915 -0.000470 0.090296 -0.000000 0.049337 0.840357 -0.539784 20.500000 -0.075627 0.542033 0.836947 0.000000 0.000000 0.000000 0.000000 1.000000
0.995920 -0.000431 0.090243 0.000000 0.049312 0.840098 -0.540189 20.500000 -0.075580 0.542435 0.836691 0.000000 0.000000 0.000000 0.000000 1.000000
0.995925 -0.000387 0.090188 0.000000 0.049284 0.839820 -0.540623 20.500000 -0.075533 0.542864 0.836417 0.000000 0.000000 0.000000 0.000000 1.000000
0.995930 -0.000340 0.090128 0.000000 0.049253 0.839527 -0.541080 20.500000 -0.075481 0.543317 0.836127 -0.000000 0.000000 0.000000 0.000000 1.000000
0.995936 -0.000295 0.090065 0.000000 0.049224 0.839217 -0.541565 20.500000 -0.075424 0.543797 0.835821 -0.000000 0.000000 0.000000 0.000000 1.000000
0.996617 0.000185 0.082190 0.000000 0.045000 0.835564 -0.547548 20.500000 -0.068776 0.549394 0.832728 0.000000 0.000000 0.000000 0.000000 1.000000
0.996511 0.002585 0.083421 0.000000 0.045313 0.822617 -0.566787 20.500000 -0.070088 0.568590 0.819630 0.000000 0.000000 0.000000 0.000000 1.000000
0.996155 0.004471 0.087496 0.000000 0.047608 0.810749 -0.583455 20.500000 -0.073546 0.585377 0.807419 0.000000 0.000000 0.000000 0.000000 1.000000
0.995920 0.004990 0.090100 0.000000 0.049581 0.803990 -0.592573 20.500000 -0.075396 0.594622 0.800462 0.000000 0.000000 0.000000 0.000000 1.000000
0.995934 0.004725 0.089961 0.000000 0.049720 0.803911 -0.592668 20.500000 -0.075121 0.594731 0.800407 0.000000 0.000000 0.000000 0.000000 1.000000
0.995893 0.004930 0.090400 -0.000000 0.049823 0.803869 -0.592715 20.500000 -0.075592 0.594785 0.800323 0.000000 0.000000 0.000000 0.000000 1.000000
0.995913 0.004890 0.090189 0.000000 0.049728 0.803875 -0.592716 20.500000 -0.075399 0.594778 0.800346 0.000000 0.000000 0.000000 0.000000 1.000000
0.996195 0.004067 0.087057 0.000000 0.047648 0.810983 -0.583126 20.500000 -0.072973 0.585055 0.807704 -0.000000 0.000000 0.000000 0.000000 1.000000
0.996173 0.000538 0.087399 0.000000 0.047906 0.833016 -0.551170 20.500000 -0.073101 0.553248 0.829803 0.000000 0.000000 0.000000 0.000000 1.000000
0.996007 0.000260 0.089275 -0.000000 0.048868 0.835291 -0.547632 20.500000 -0.074713 0.549808 0.831943 -0.000000 0.000000 0.000000 0.000000 1.000000
0.996016 0.000402 0.089169 0.000000 0.048755 0.834823 -0.548355 20.500000 -0.074660 0.550518 0.831478 -0.000000 0.000000 0.000000 0.000000 1.000000
0.996028 0.000521 0.089042 -0.000000 0.048652 0.834338 -0.549102 20.500000 -0.074578 0.551253 0.830998 0.000000 0.000000 0.000000 0.000000 1.000000
0.997107 0.001723 0.075988 0.000000 0.041157 0.828253 -0.558841 20.500000 -0.063900 0.560351 0.825786 0.000000 0.000000 0.000000 0.000000 1.000000
0.999888 0.004856 0.014185 0.000000 0.004638 0.799511 -0.600634 20.500000 -0.014257 0.600632 0.799398 -0.000000 0.000000 0.000000 0.000000 1.000000
0.993516 -0.007026 -0.113472 0.000000 -0.071692 0.735911 -0.673273 20.500000 0.088236 0.677042 0.730635 0.000000 0.000000 0.000000 0.000000 1.000000
0.992211 -0.045370 -0.116010 0.000000 -0.066481 0.594708 -0.801188 20.500000 0.105342 0.802660 0.587060 0.000000 0.000000 0.000000 0.000000 1.000000
0.997718 -0.066090 -0.013847 0.000000 0.014583 0.411121 -0.911464 20.500000 0.065931 0.909182 0.411146 -0.000000 0.000000 0.000000 0.000000 1.000000
0.996021 -0.074856 0.048365 0.000000 0.063829 0.220431 -0.973312 20.500000 0.062197 0.972526 0.224332 0.000000 0.000000 0.000000 0.000000 1.000000</float_array>
        <technique_common>
          <accessor source="#mixamorig_RightToeBase-Matrix-animation-output-transform-array" count="31" stride="16">
            <param type="float4x4"/>
          </accessor>
        </technique_common>
      </source>
      <source id="mixamorig_RightToeBase-Interpolations">
        <Name_array id="mixamorig_RightToeBase-Interpolations-array" count="31">
 LINEAR LINEAR LINEAR LINEAR LINEAR LINEAR LINEAR LINEAR LINEAR LINEAR LINEAR
LINEAR LINEAR LINEAR LINEAR LINEAR LINEAR LINEAR LINEAR LINEAR LINEAR LINEAR LINEAR
LINEAR LINEAR LINEAR LINEAR LINEAR LINEAR LINEAR LINEAR</Name_array>
        <technique_common>
          <accessor source="#mixamorig_RightToeBase-Interpolations-array" count="31">
            <param type="name"/>
          </accessor>
        </technique_common>
      </source>
      <sampler id="mixamorig_RightToeBase-Matrix-animation-transform">
        <input semantic="INPUT" source="#mixamorig_RightToeBase-Matrix-animation-input"/>
        <input semantic="OUTPUT" source="#mixamorig_RightToeBase-Matrix-animation-output-transform"/>
        <input semantic="INTERPOLATION" source="#mixamorig_RightToeBase-Interpolations"/>
      </sampler>
      <channel source="#mixamorig_RightToeBase-Matrix-animation-transform" target="mixamorig_RightToeBase/matrix"/>
    </animation>
  </library_animations>
  <library_visual_scenes>
    <visual_scene id="RootNode" name="RootNode">
      <node id="mixamorig_Hips" name="mixamorig_Hips" sid="mixamorig_Hips" type="JOINT">
        <matrix sid="matrix">0.244494 -0.151034 -0.957816 2.618052 0.150449 0.981741 -0.116402 100.490051 0.957908 -0.115642 0.262753 3.080963 0.000000 0.000000 0.000000 1.000000</matrix>
        <node id="mixamorig_Spine" name="mixamorig_Spine" sid="mixamorig_Spine" type="JOINT">
          <matrix sid="matrix">0.998914 0.006260 0.046173 0.001100 -0.001082 0.993784 -0.111317 10.871700 -0.046583 0.111146 0.992712 -0.828500 0.000000 0.000000 0.000000 1.000000</matrix>
          <node id="mixamorig_Spine1" name="mixamorig_Spine1" sid="mixamorig_Spine1" type="JOINT">
            <matrix sid="matrix">0.995763 0.018685 0.090034 -0.000000 -0.006686 0.991258 -0.131768 12.720400 -0.091709 0.130608 0.987183 0.000000 0.000000 0.000000 0.000000 1.000000</matrix>
            <node id="mixamorig_Spine2" name="mixamorig_Spine2" sid="mixamorig_Spine2" type="JOINT">
              <matrix sid="matrix">0.995766 0.025292 0.088378 0.000000 -0.006468 0.978301 -0.207089 14.537600 -0.091698 0.205641 0.974322 -0.000000 0.000000 0.000000 0.000000 1.000000</matrix>
              <node id="mixamorig_Neck" name="mixamorig_Neck" sid="mixamorig_Neck" type="JOINT">
                <matrix sid="matrix">0.912595 -0.259396 0.316045 0.002900 0.102541 0.893480 0.437239 16.307600 -0.395798 -0.366615 0.841984 -1.242700 0.000000 0.000000 0.000000 1.000000</matrix>
                <node id="mixamorig_Head" name="mixamorig_Head" sid="mixamorig_Head" type="JOINT">
                  <matrix sid="matrix">0.908623 0.197224 0.368113 0.000000 -0.160488 0.978676 -0.128207 11.176700 -0.385549 0.057414 0.920899 5.134500 0.000000 0.000000 0.000000 1.000000</matrix>
                  <node id="mixamorig_HeadTop_End" name="mixamorig_HeadTop_End" sid="mixamorig_HeadTop_End" type="JOINT">
                    <matrix sid="matrix">1.000000 -0.000000 -0.000000 -0.000000 0.000000 1.000000 0.000000 19.355301 0.000000 -0.000000 1.000000 1.980900 0.000000 0.000000 0.000000 1.000000</matrix>
                  </node>
                  <node id="mixamorig_LeftEye" name="mixamorig_LeftEye" sid="mixamorig_LeftEye" type="JOINT">
                    <matrix sid="matrix">0.000000 1.000000 -0.000000 3.004400 -0.000000 0.000000 -1.000000 7.218800 -1.000000 0.000000 0.000000 7.998900 0.000000 0.000000 0.000000 1.000000</matrix>
                  </node>
                  <node id="mixamorig_RightEye" name="mixamorig_RightEye" sid="mixamorig_RightEye" type="JOINT">
                    <matrix sid="matrix">0.000000 -1.000000 0.000000 -3.044400 0.000000 0.000000 -1.000000 7.218800 1.000000 0.000000 -0.000000 7.998900 0.000000 0.000000 0.000000 1.000000</matrix>
                  </node>
                </node>
              </node>
              <node id="mixamorig_LeftShoulder" name="mixamorig_LeftShoulder" sid="mixamorig_LeftShoulder" type="JOINT">
                <matrix sid="matrix">0.114798 0.977313 -0.177992 5.906100 -0.091077 -0.168067 -0.981559 14.347000 -0.989205 0.128892 0.069717 -1.216000 0.000000 0.000000 0.000000 1.000000</matrix>
                <node id="mixamorig_LeftArm" name="mixamorig_LeftArm" sid="mixamorig_LeftArm" type="JOINT">
                  <matrix sid="matrix">0.871218 0.086436 -0.483226 0.000000 -0.284543 0.891060 -0.353622 12.440700 0.400017 0.445580 0.800902 0.000000 0.000000 0.000000 0.000000 1.000000</matrix>
                  <node id="mixamorig_LeftForeArm" name="mixamorig_LeftForeArm" sid="mixamorig_LeftForeArm" type="JOINT">
                    <matrix sid="matrix">0.665817 -0.548652 0.505637 0.000000 0.621765 0.782611 0.030457 27.894699 -0.412428 0.294109 0.862208 -0.000000 0.000000 0.000000 0.000000 1.000000</matrix>
                    <node id="mixamorig_LeftHand" name="mixamorig_LeftHand" sid="mixamorig_LeftHand" type="JOINT">
                      <matrix sid="matrix">0.962087 0.076186 0.261886 0.000100 -0.117045 0.982612 0.144129 28.325500 -0.246352 -0.169317 0.954276 0.000000 0.000000 0.000000 0.000000 1.000000</matrix>
                      <node id="mixamorig_LeftHandThumb1" name="mixamorig_LeftHandThumb1" sid="mixamorig_LeftHandThumb1" type="JOINT">
                        <matrix sid="matrix">0.944270 -0.116366 0.307918 -2.444000 0.270180 0.808338 -0.523060 3.245300 -0.188036 0.577103 0.794729 0.952300 0.000000 0.000000 0.000000 1.000000</matrix>
                        <node id="mixamorig_LeftHandThumb2" name="mixamorig_LeftHandThumb2" sid="mixamorig_LeftHandThumb2" type="JOINT">
                          <matrix sid="matrix">0.939788 0.308594 -0.146862 0.000000 -0.315656 0.948492 -0.026905 3.338200 0.130995 0.071643 0.988791 0.000000 0.000000 0.000000 0.000000 1.000000</matrix>
                          <node id="mixamorig_LeftHandThumb3" name="mixamorig_LeftHandThumb3" sid="mixamorig_LeftHandThumb3" type="JOINT">
                            <matrix sid="matrix">0.999103 0.035544 0.023022 0.000000 -0.036247 0.998866 0.030864 3.745800 -0.021899 -0.031671 0.999258 0.000000 0.000000 0.000000 0.000000 1.000000</matrix>
                            <node id="mixamorig_LeftHandThumb4" name="mixamorig_LeftHandThumb4" sid="mixamorig_LeftHandThumb4" type="JOINT">
                              <matrix sid="matrix">1.000000 0.000000 -0.000000 0.000000 0.000000 1.000000 0.000000 2.991800 -0.000000 0.000000 1.000000 -0.000000 0.000000 0.000000 0.000000 1.000000</matrix>
                            </node>
                          </node>
                        </node>
                      </node>
                      <node id="mixamorig_LeftHandIndex1" name="mixamorig_LeftHandIndex1" sid="mixamorig_LeftHandIndex1" type="JOINT">
                        <matrix sid="matrix">0.957948 0.135872 0.252733 -2.441100 -0.159129 0.984489 0.073886 9.644800 -0.238774 -0.110997 0.964711 0.286500 0.000000 0.000000 0.000000 1.000000</matrix>
                        <node id="mixamorig_LeftHandIndex2" name="mixamorig_LeftHandIndex2" sid="mixamorig_LeftHandIndex2" type="JOINT">
                          <matrix sid="matrix">0.999983 0.003090 -0.004935 0.000000 -0.005166 0.861772 -0.507270 3.105700 0.002685 0.507287 0.861773 0.000000 0.000000 0.000000 0.000000 1.000000</matrix>
                          <node id="mixamorig_LeftHandIndex3" name="mixamorig_LeftHandIndex3" sid="mixamorig_LeftHandIndex3" type="JOINT">
                            <matrix sid="matrix">0.999984 0.003315 -0.004559 -0.000000 -0.005205 0.853374 -0.521274 2.847700 0.002162 0.521289 0.853377 0.000000 0.000000 0.000000 0.000000 1.000000</matrix>
                            <node id="mixamorig_LeftHandIndex4" name="mixamorig_LeftHandIndex4" sid="mixamorig_LeftHandIndex4" type="JOINT">
                              <matrix sid="matrix">1.000000 -0.000000 -0.000000 -0.000000 0.000000 1.000000 -0.000000 2.381400 -0.000000 -0.000000 1.000000 0.000000 0.000000 0.000000 0.000000 1.000000</matrix>
                            </node>
                          </node>
                        </node>
                      </node>
                      <node id="mixamorig_LeftHandMiddle1" name="mixamorig_LeftHandMiddle1" sid="mixamorig_LeftHandMiddle1" type="JOINT">
                        <matrix sid="matrix">0.962742 0.224269 0.151101 0.000000 -0.234414 0.970701 0.052826 9.898600 -0.134827 -0.086278 0.987106 0.000000 0.000000 0.000000 0.000000 1.000000</matrix>
                        <node id="mixamorig_LeftHandMiddle2" name="mixamorig_LeftHandMiddle2" sid="mixamorig_LeftHandMiddle2" type="JOINT">
                          <matrix sid="matrix">0.999930 0.011673 -0.001716 0.000000 -0.011222 0.896065 -0.443780 3.757000 -0.003643 0.443769 0.896134 0.000000 0.000000 0.000000 0.000000 1.000000</matrix>
                          <node id="mixamorig_LeftHandMiddle3" name="mixamorig_LeftHandMiddle3" sid="mixamorig_LeftHandMiddle3" type="JOINT">
                            <matrix sid="matrix">0.999973 0.006677 0.002916 0.000000 -0.003609 0.801647 -0.597786 3.615200 -0.006329 0.597760 0.801650 0.000000 0.000000 0.000000 0.000000 1.000000</matrix>
                            <node id="mixamorig_LeftHandMiddle4" name="mixamorig_LeftHandMiddle4" sid="mixamorig_LeftHandMiddle4" type="JOINT">
                              <matrix sid="matrix">1.000000 0.000000 0.000000 -0.000000 0.000000 1.000000 0.000000 3.111700 0.000000 0.000000 1.000000 0.000000 0.000000 0.000000 0.000000 1.000000</matrix>
                            </node>
                          </node>
                        </node>
                      </node>
                      <node id="mixamorig_LeftHandRing1" name="mixamorig_LeftHandRing1" sid="mixamorig_LeftHandRing1" type="JOINT">
                        <matrix sid="matrix">0.923911 0.359061 0.132151 2.664400 -0.371204 0.924907 0.082188 8.985900 -0.092717 -0.124990 0.987816 0.175200 0.000000 0.000000 0.000000 1.000000</matrix>
                        <node id="mixamorig_LeftHandRing2" name="mixamorig_LeftHandRing2" sid="mixamorig_LeftHandRing2" type="JOINT">
                          <matrix sid="matrix">0.999985 0.005401 -0.000831 0.000000 -0.005203 0.894676 -0.446686 3.488800 -0.001669 0.446684 0.894690 -0.000000 0.000000 0.000000 0.000000 1.000000</matrix>
                          <node id="mixamorig_LeftHandRing3" name="mixamorig_LeftHandRing3" sid="mixamorig_LeftHandRing3" type="JOINT">
                            <matrix sid="matrix">0.999886 0.014753 -0.003113 0.000000 -0.014183 0.850278 -0.526143 3.511900 -0.005115 0.526127 0.850391 0.000000 0.000000 0.000000 0.000000 1.000000</matrix>
                            <node id="mixamorig_LeftHandRing4" name="mixamorig_LeftHandRing4" sid="mixamorig_LeftHandRing4" type="JOINT">
                              <matrix sid="matrix">1.000000 0.000000 -0.000000 0.000000 0.000000 1.000000 0.000000 3.128700 -0.000000 0.000000 1.000000 0.000000 0.000000 0.000000 0.000000 1.000000</matrix>
                            </node>
                          </node>
                        </node>
                      </node>
                      <node id="mixamorig_LeftHandPinky1" name="mixamorig_LeftHandPinky1" sid="mixamorig_LeftHandPinky1" type="JOINT">
                        <matrix sid="matrix">0.983673 0.179930 0.003491 4.366700 -0.173126 0.940827 0.291329 7.803100 0.049135 -0.287177 0.956617 0.191700 0.000000 0.000000 0.000000 1.000000</matrix>
                        <node id="mixamorig_LeftHandPinky2" name="mixamorig_LeftHandPinky2" sid="mixamorig_LeftHandPinky2" type="JOINT">
                          <matrix sid="matrix">0.999984 0.005676 -0.000565 0.000000 -0.004652 0.754117 -0.656724 3.218900 -0.003302 0.656716 0.754131 0.000000 0.000000 0.000000 0.000000 1.000000</matrix>
                          <node id="mixamorig_LeftHandPinky3" name="mixamorig_LeftHandPinky3" sid="mixamorig_LeftHandPinky3" type="JOINT">
                            <matrix sid="matrix">0.999984 0.005695 0.000116 -0.000000 -0.004277 0.764118 -0.645062 2.622400 -0.003762 0.645051 0.764130 0.000000 0.000000 0.000000 0.000000 1.000000</matrix>
                            <node id="mixamorig_LeftHandPinky4" name="mixamorig_LeftHandPinky4" sid="mixamorig_LeftHandPinky4" type="JOINT">
                              <matrix sid="matrix">1.000000 -0.000000 0.000000 0.000000 0.000000 1.000000 -0.000000 2.220100 0.000000 0.000000 1.000000 0.000000 0.000000 0.000000 0.000000 1.000000</matrix>
                            </node>
                          </node>
                        </node>
                      </node>
                    </node>
                  </node>
                </node>
              </node>
              <node id="mixamorig_RightShoulder" name="mixamorig_RightShoulder" sid="mixamorig_RightShoulder" type="JOINT">
                <matrix sid="matrix">0.285519 -0.955082 -0.079351 -5.940400 0.037033 0.093731 -0.994909 14.347000 0.957657 0.281126 0.062132 -1.216000 0.000000 0.000000 0.000000 1.000000</matrix>
                <node id="mixamorig_RightArm" name="mixamorig_RightArm" sid="mixamorig_RightArm" type="JOINT">
                  <matrix sid="matrix">0.701059 0.666963 0.252342 0.000000 -0.636858 0.744794 -0.199234 12.440700 -0.320824 -0.021032 0.946905 0.000000 0.000000 0.000000 0.000000 1.000000</matrix>
                  <node id="mixamorig_RightForeArm" name="mixamorig_RightForeArm" sid="mixamorig_RightForeArm" type="JOINT">
                    <matrix sid="matrix">0.121419 0.960078 0.252008 0.000000 -0.986868 0.144010 -0.073159 27.894699 -0.106531 -0.239816 0.964956 0.000000 0.000000 0.000000 0.000000 1.000000</matrix>
                    <node id="mixamorig_RightHand" name="mixamorig_RightHand" sid="mixamorig_RightHand" type="JOINT">
                      <matrix sid="matrix">0.852414 0.069233 0.518264 0.000000 -0.269848 0.907242 0.322637 28.325500 -0.447853 -0.414872 0.792028 0.000000 0.000000 0.000000 0.000000 1.000000</matrix>
                      <node id="mixamorig_RightHandThumb1" name="mixamorig_RightHandThumb1" sid="mixamorig_RightHandThumb1" type="JOINT">
                        <matrix sid="matrix">0.735825 0.642518 -0.213849 2.443900 -0.663350 0.747399 -0.036903 3.245300 0.136120 0.169011 0.976169 0.952200 0.000000 0.000000 0.000000 1.000000</matrix>
                        <node id="mixamorig_RightHandThumb2" name="mixamorig_RightHandThumb2" sid="mixamorig_RightHandThumb2" type="JOINT">
                          <matrix sid="matrix">0.976465 -0.147583 0.157277 0.000000 0.158408 0.985633 -0.058607 3.338200 -0.146368 0.082142 0.985814 0.000000 0.000000 0.000000 0.000000 1.000000</matrix>
                          <node id="mixamorig_RightHandThumb3" name="mixamorig_RightHandThumb3" sid="mixamorig_RightHandThumb3" type="JOINT">
                            <matrix sid="matrix">0.992278 -0.121285 -0.025978 0.000000 0.122488 0.991147 0.051225 3.745800 0.019536 -0.054012 0.998349 0.000000 0.000000 0.000000 0.000000 1.000000</matrix>
                            <node id="mixamorig_RightHandThumb4" name="mixamorig_RightHandThumb4" sid="mixamorig_RightHandThumb4" type="JOINT">
                              <matrix sid="matrix">1.000000 -0.000000 0.000000 -0.000000 0.000000 1.000000 -0.000000 2.991800 0.000000 -0.000000 1.000000 0.000000 0.000000 0.000000 0.000000 1.000000</matrix>
                            </node>
                          </node>
                        </node>
                      </node>
                      <node id="mixamorig_RightHandIndex1" name="mixamorig_RightHandIndex1" sid="mixamorig_RightHandIndex1" type="JOINT">
                        <matrix sid="matrix">0.970005 0.242770 0.012392 2.441000 -0.241579 0.957068 0.160188 9.644800 0.027029 -0.158377 0.987009 0.286400 0.000000 0.000000 0.000000 1.000000</matrix>
                        <node id="mixamorig_RightHandIndex2" name="mixamorig_RightHandIndex2" sid="mixamorig_RightHandIndex2" type="JOINT">
                          <matrix sid="matrix">0.999987 -0.004598 0.002186 -0.000000 0.004906 0.985107 -0.171870 3.105700 -0.001363 0.171879 0.985117 0.000000 0.000000 0.000000 0.000000 1.000000</matrix>
                          <node id="mixamorig_RightHandIndex3" name="mixamorig_RightHandIndex3" sid="mixamorig_RightHandIndex3" type="JOINT">
                            <matrix sid="matrix">0.999989 -0.004243 0.002037 0.000000 0.004622 0.967114 -0.254301 2.847700 -0.000891 0.254307 0.967123 0.000000 0.000000 0.000000 0.000000 1.000000</matrix>
                            <node id="mixamorig_RightHandIndex4" name="mixamorig_RightHandIndex4" sid="mixamorig_RightHandIndex4" type="JOINT">
                              <matrix sid="matrix">1.000000 0.000000 0.000000 0.000000 -0.000000 1.000000 -0.000000 2.381400 0.000000 0.000000 1.000000 -0.000000 0.000000 0.000000 0.000000 1.000000</matrix>
                            </node>
                          </node>
                        </node>
                      </node>
                      <node id="mixamorig_RightHandMiddle1" name="mixamorig_RightHandMiddle1" sid="mixamorig_RightHandMiddle1" type="JOINT">
                        <matrix sid="matrix">0.992597 0.119596 0.021176 -0.000100 -0.121299 0.984996 0.122759 9.898600 -0.006177 -0.124419 0.992211 0.000000 0.000000 0.000000 0.000000 1.000000</matrix>
                        <node id="mixamorig_RightHandMiddle2" name="mixamorig_RightHandMiddle2" sid="mixamorig_RightHandMiddle2" type="JOINT">
                          <matrix sid="matrix">0.999951 -0.009655 -0.001946 0.000000 0.008318 0.933638 -0.358122 3.757000 0.005275 0.358089 0.933673 0.000000 0.000000 0.000000 0.000000 1.000000</matrix>
                          <node id="mixamorig_RightHandMiddle3" name="mixamorig_RightHandMiddle3" sid="mixamorig_RightHandMiddle3" type="JOINT">
                            <matrix sid="matrix">0.999970 -0.001985 -0.007474 -0.000000 -0.002239 0.850779 -0.525519 3.615200 0.007402 0.525520 0.850749 0.000000 0.000000 0.000000 0.000000 1.000000</matrix>
                            <node id="mixamorig_RightHandMiddle4" name="mixamorig_RightHandMiddle4" sid="mixamorig_RightHandMiddle4" type="JOINT">
                              <matrix sid="matrix">1.000000 0.000000 0.000000 0.000000 -0.000000 1.000000 0.000000 3.111700 -0.000000 -0.000000 1.000000 0.000000 0.000000 0.000000 0.000000 1.000000</matrix>
                            </node>
                          </node>
                        </node>
                      </node>
                      <node id="mixamorig_RightHandRing1" name="mixamorig_RightHandRing1" sid="mixamorig_RightHandRing1" type="JOINT">
                        <matrix sid="matrix">0.989459 -0.063152 0.130316 -2.664500 0.077857 0.990764 -0.111021 8.985900 -0.122101 0.119997 0.985237 0.175200 0.000000 0.000000 0.000000 1.000000</matrix>
                        <node id="mixamorig_RightHandRing2" name="mixamorig_RightHandRing2" sid="mixamorig_RightHandRing2" type="JOINT">
                          <matrix sid="matrix">0.999997 -0.002244 -0.001216 -0.000000 0.001598 0.922045 -0.387079 3.488800 0.001990 0.387076 0.922046 0.000000 0.000000 0.000000 0.000000 1.000000</matrix>
                          <node id="mixamorig_RightHandRing3" name="mixamorig_RightHandRing3" sid="mixamorig_RightHandRing3" type="JOINT">
                            <matrix sid="matrix">0.999936 -0.011061 -0.002266 0.000000 0.008583 0.875067 -0.483926 3.511900 0.007336 0.483875 0.875106 0.000000 0.000000 0.000000 0.000000 1.000000</matrix>
                            <node id="mixamorig_RightHandRing4" name="mixamorig_RightHandRing4" sid="mixamorig_RightHandRing4" type="JOINT">
                              <matrix sid="matrix">1.000000 0.000000 -0.000000 0.000000 -0.000000 1.000000 -0.000000 3.128700 -0.000000 0.000000 1.000000 -0.000000 0.000000 0.000000 0.000000 1.000000</matrix>
                            </node>
                          </node>
                        </node>
                      </node>
                      <node id="mixamorig_RightHandPinky1" name="mixamorig_RightHandPinky1" sid="mixamorig_RightHandPinky1" type="JOINT">
                        <matrix sid="matrix">0.900902 -0.292971 0.320226 -4.366800 0.349047 0.927566 -0.133367 7.803100 -0.257958 0.231924 0.937907 0.191600 0.000000 0.000000 0.000000 1.000000</matrix>
                        <node id="mixamorig_RightHandPinky2" name="mixamorig_RightHandPinky2" sid="mixamorig_RightHandPinky2" type="JOINT">
                          <matrix sid="matrix">0.999992 -0.003398 -0.002245 0.000000 0.001541 0.825950 -0.563741 3.218900 0.003770 0.563733 0.825949 0.000000 0.000000 0.000000 0.000000 1.000000</matrix>
                          <node id="mixamorig_RightHandPinky3" name="mixamorig_RightHandPinky3" sid="mixamorig_RightHandPinky3" type="JOINT">
                            <matrix sid="matrix">0.999990 -0.003090 -0.003142 0.000000 0.000815 0.830362 -0.557224 2.622400 0.004331 0.557216 0.830356 0.000000 0.000000 0.000000 0.000000 1.000000</matrix>
                            <node id="mixamorig_RightHandPinky4" name="mixamorig_RightHandPinky4" sid="mixamorig_RightHandPinky4" type="JOINT">
                              <matrix sid="matrix">1.000000 -0.000000 -0.000000 0.000000 0.000000 1.000000 0.000000 2.220100 0.000000 0.000000 1.000000 0.000000 0.000000 0.000000 0.000000 1.000000</matrix>
                            </node>
                          </node>
                        </node>
                      </node>
                    </node>
                  </node>
                </node>
              </node>
            </node>
          </node>
        </node>
        <node id="mixamorig_LeftUpLeg" name="mixamorig_LeftUpLeg" sid="mixamorig_LeftUpLeg" type="JOINT">
          <matrix sid="matrix">-0.896908 0.348640 0.272041 12.499900 -0.185445 -0.855000 0.484341 -6.038900 0.401455 0.383961 0.831510 1.644900 0.000000 0.000000 0.000000 1.000000</matrix>
          <node id="mixamorig_LeftLeg" name="mixamorig_LeftLeg" sid="mixamorig_LeftLeg" type="JOINT">
            <matrix sid="matrix">0.975323 0.219497 0.023773 0.000000 -0.158794 0.622602 0.766258 51.639999 0.153390 -0.751124 0.642094 0.000000 0.000000 0.000000 0.000000 1.000000</matrix>
            <node id="mixamorig_LeftFoot" name="mixamorig_LeftFoot" sid="mixamorig_LeftFoot" type="JOINT">
              <matrix sid="matrix">0.986927 -0.083410 -0.137906 0.000000 -0.111583 0.263800 -0.958102 44.299999 0.116295 0.960964 0.251044 0.000000 0.000000 0.000000 0.000000 1.000000</matrix>
              <node id="mixamorig_LeftToeBase" name="mixamorig_LeftToeBase" sid="mixamorig_LeftToeBase" type="JOINT">
                <matrix sid="matrix">0.995639 -0.009948 -0.092758 0.000000 -0.047960 0.798260 -0.600400 20.500000 0.080018 0.602230 0.794302 0.000000 0.000000 0.000000 0.000000 1.000000</matrix>
                <node id="mixamorig_LeftToe_End" name="mixamorig_LeftToe_End" sid="mixamorig_LeftToe_End" type="JOINT">
                  <matrix sid="matrix">1.000000 -0.000000 0.000000 0.000000 0.000000 1.000000 0.000000 8.174200 0.000000 0.000000 1.000000 0.000000 0.000000 0.000000 0.000000 1.000000</matrix>
                </node>
              </node>
            </node>
          </node>
        </node>
        <node id="mixamorig_RightUpLeg" name="mixamorig_RightUpLeg" sid="mixamorig_RightUpLeg" type="JOINT">
          <matrix sid="matrix">-0.858644 -0.504709 -0.089444 -12.499900 0.292603 -0.625912 0.722923 -6.038800 -0.420850 0.594561 0.685115 1.644900 0.000000 0.000000 0.000000 1.000000</matrix>
          <node id="mixamorig_RightLeg" name="mixamorig_RightLeg" sid="mixamorig_RightLeg" type="JOINT">
            <matrix sid="matrix">0.987355 0.099007 -0.123808 -0.000000 0.046482 0.565855 0.823193 51.640099 0.151559 -0.818539 0.554098 0.000000 0.000000 0.000000 0.000000 1.000000</matrix>
            <node id="mixamorig_RightFoot" name="mixamorig_RightFoot" sid="mixamorig_RightFoot" type="JOINT">
              <matrix sid="matrix">0.979074 -0.023067 0.202191 0.000000 0.199481 0.305325 -0.931120 44.299999 -0.040256 0.951969 0.303538 -0.000000 0.000000 0.000000 0.000000 1.000000</matrix>
              <node id="mixamorig_RightToeBase" name="mixamorig_RightToeBase" sid="mixamorig_RightToeBase" type="JOINT">
                <matrix sid="matrix">0.996448 0.003872 0.084120 0.000000 0.045460 0.816143 -0.576060 20.500000 -0.070884 0.577838 0.813068 0.000000 0.000000 0.000000 0.000000 1.000000</matrix>
                <node id="mixamorig_RightToe_End" name="mixamorig_RightToe_End" sid="mixamorig_RightToe_End" type="JOINT">
                  <matrix sid="matrix">1.000000 -0.000000 0.000000 0.000000 -0.000000 1.000000 0.000000 8.174200 0.000000 -0.000000 1.000000 0.000000 0.000000 0.000000 0.000000 1.000000</matrix>
                </node>
              </node>
            </node>
          </node>
        </node>
      </node>
    </visual_scene>
  </library_visual_scenes>
  <scene>
    <instance_visual_scene url="#RootNode"/>
  </scene>
</COLLADA>
