<?xml version="1.0" encoding="utf-8"?>
<COLLADA xmlns="http://www.collada.org/2005/11/COLLADASchema" version="1.4.1">
  <asset>
    <contributor>
      <author>Mixamo</author>
      <authoring_tool>COLLADA Mixamo exporter</authoring_tool>
      <comments/>
    </contributor>
    <created>2024-09-25T05:09:00Z</created>
    <modified>2024-09-25T05:09:00Z</modified>
    <revision/>
    <title/>
    <unit meter="0.010000"/>
    <up_axis>Y_UP</up_axis>
  </asset>
  <library_animations>
    <animation id="mixamorig_Hips-anim" name="mixamorig_Hips">
      <source id="mixamorig_Hips-Matrix-animation-input">
        <float_array id="mixamorig_Hips-Matrix-animation-input-array" count="32">

0.000000 0.033333 0.066667 0.100000 0.133333 0.166667 0.200000 0.233333 0.266667 0.300000 0.333333 0.366667 0.400000 0.433333 0.466667 0.500000
0.533333 0.566667 0.600000 0.633333 0.666667 0.700000 0.733333 0.766667 0.800000 0.833333 0.866667 0.900000 0.933333 0.966667 1.000000 1.033333</float_array>
        <technique_common>
          <accessor source="#mixamorig_Hips-Matrix-animation-input-array" count="32">
            <param name="TIME" type="float"/>
          </accessor>
        </technique_common>
      </source>
      <source id="mixamorig_Hips-Matrix-animation-output-transform">
        <float_array id="mixamorig_Hips-Matrix-animation-output-transform-array" count="512">

0.998486 0.028239 0.047204 -0.130845 -0.027427 0.999466 -0.017766 112.366791 -0.047681 0.016444 0.998727 -1.872166 0.000000 0.000000 0.000000 1.000000
0.999311 0.028444 0.023851 -0.212912 -0.028024 0.999449 -0.017801 113.007988 -0.024345 0.017120 0.999557 -2.143171 0.000000 0.000000 0.000000 1.000000
0.999468 0.032365 0.004127 -0.262776 -0.032297 0.999357 -0.015605 112.937065 -0.004630 0.015463 0.999870 -2.474290 0.000000 0.000000 0.000000 1.000000
0.999326 0.035335 -0.009973 -0.249481 -0.035454 0.999299 -0.012033 112.310501 0.009541 0.012378 0.999878 -2.538603 0.000000 0.000000 0.000000 1.000000
0.999173 0.035087 -0.020569 -0.229361 -0.035301 0.999325 -0.010134 111.289864 0.020199 0.010851 0.999737 -2.794802 0.000000 0.000000 0.000000 1.000000
0.998934 0.033137 -0.032132 -0.129183 -0.033517 0.999373 -0.011380 110.067291 0.031735 0.012444 0.999419 -3.133824 0.000000 0.000000 0.000000 1.000000
0.998433 0.031890 -0.045989 0.083182 -0.032538 0.999380 -0.013413 108.756409 0.045533 0.014889 0.998852 -3.373995 0.000000 0.000000 0.000000 1.000000
0.997730 0.031491 -0.059518 0.411868 -0.032327 0.999391 -0.013137 107.257530 0.059068 0.015031 0.998141 -3.224007 0.000000 0.000000 0.000000 1.000000
0.997153 0.029305 -0.069470 0.968553 -0.030223 0.999469 -0.012202 105.629440 0.069076 0.014267 0.997509 -2.463683 0.000000 0.000000 0.000000 1.000000
0.997002 0.022781 -0.073949 1.533414 -0.024014 0.999586 -0.015832 104.730667 0.073558 0.017560 0.997136 -1.506061 0.000000 0.000000 0.000000 1.000000
0.997344 0.013097 -0.071645 2.129255 -0.014844 0.999604 -0.023901 104.554092 0.071303 0.024901 0.997144 -0.851354 0.000000 0.000000 0.000000 1.000000
0.997972 0.005317 -0.063427 2.660875 -0.007162 0.999557 -0.028898 104.933708 0.063246 0.029294 0.997568 -0.751355 0.000000 0.000000 0.000000 1.000000
0.998529 0.002846 -0.054142 3.213412 -0.004274 0.999646 -0.026271 106.383133 0.054048 0.026464 0.998188 -0.758599 0.000000 0.000000 0.000000 1.000000
0.998911 0.006455 -0.046203 3.671243 -0.007373 0.999779 -0.019711 108.528519 0.046065 0.020031 0.998738 -0.864477 0.000000 0.000000 0.000000 1.000000
0.999306 0.014773 -0.034188 3.939527 -0.015292 0.999771 -0.014983 110.616295 0.033959 0.015495 0.999303 -1.146694 0.000000 0.000000 0.000000 1.000000
0.999672 0.023201 -0.010885 4.127191 -0.023365 0.999611 -0.015201 112.391586 0.010528 0.015450 0.999825 -1.306755 0.000000 0.000000 0.000000 1.000000
0.999447 0.025257 0.021649 4.214160 -0.024819 0.999486 -0.020298 113.385391 -0.022150 0.019750 0.999560 -1.858729 0.000000 0.000000 0.000000 1.000000
0.998420 0.018209 0.053156 4.220123 -0.016792 0.999495 -0.026994 113.486511 -0.053620 0.026059 0.998221 -2.477677 0.000000 0.000000 0.000000 1.000000
0.997141 0.005706 0.075354 4.202931 -0.003345 0.999501 -0.031419 112.783577 -0.075496 0.031077 0.996662 -2.805650 0.000000 0.000000 0.000000 1.000000
0.996069 -0.006090 0.088374 4.217492 0.008998 0.999430 -0.032544 111.467789 -0.088126 0.033211 0.995556 -3.022887 0.000000 0.000000 0.000000 1.000000
0.995044 -0.014246 0.098407 4.186518 0.017490 0.999329 -0.032181 109.924294 -0.097882 0.033743 0.994626 -3.182779 0.000000 0.000000 0.000000 1.000000
0.993631 -0.019239 0.111026 4.097915 0.022977 0.999208 -0.032485 108.138062 -0.110313 0.034829 0.993286 -3.249387 0.000000 0.000000 0.000000 1.000000
0.991690 -0.021447 0.126847 3.885035 0.026002 0.999071 -0.034360 106.417358 -0.125992 0.037373 0.991327 -3.380017 0.000000 0.000000 0.000000 1.000000
0.989809 -0.018722 0.141162 3.400171 0.024341 0.998974 -0.038184 104.918877 -0.140302 0.041231 0.989250 -3.064355 0.000000 0.000000 0.000000 1.000000
0.989106 -0.008376 0.146967 2.798672 0.015111 0.998883 -0.044772 104.211479 -0.146428 0.046505 0.988128 -2.477340 0.000000 0.000000 0.000000 1.000000
0.989930 0.009204 0.141259 2.147588 -0.001693 0.998583 -0.053198 104.165955 -0.141548 0.052423 0.988542 -2.173710 0.000000 0.000000 0.000000 1.000000
0.991196 0.027943 0.129418 1.554705 -0.020515 0.998084 -0.058379 105.049194 -0.130801 0.055210 0.989870 -2.002110 0.000000 0.000000 0.000000 1.000000
0.991945 0.040790 0.119924 0.827182 -0.034390 0.997896 -0.054957 106.490074 -0.121913 0.050390 0.991261 -1.991127 0.000000 0.000000 0.000000 1.000000
0.992673 0.044124 0.112486 0.389317 -0.039430 0.998270 -0.043627 108.323685 -0.114216 0.038872 0.992695 -2.017324 0.000000 0.000000 0.000000 1.000000
0.994184 0.040339 0.099853 0.126846 -0.037449 0.998828 -0.030653 110.036087 -0.100973 0.026736 0.994530 -1.840658 0.000000 0.000000 0.000000 1.000000
0.996428 0.033575 0.077486 -0.037579 -0.031993 0.999255 -0.021569 111.403320 -0.078152 0.019013 0.996760 -1.693145 0.000000 0.000000 0.000000 1.000000
0.998486 0.028239 0.047204 -0.130846 -0.027427 0.999466 -0.017766 112.366776 -0.047681 0.016444 0.998727 -1.872166 0.000000 0.000000 0.000000 1.000000</float_array>
        <technique_common>
          <accessor source="#mixamorig_Hips-Matrix-animation-output-transform-array" count="32" stride="16">
            <param type="float4x4"/>
          </accessor>
        </technique_common>
      </source>
      <source id="mixamorig_Hips-Interpolations">
        <Name_array id="mixamorig_Hips-Interpolations-array" count="32">
 LINEAR LINEAR LINEAR LINEAR LINEAR LINEAR LINEAR LINEAR LINEAR LINEAR LINEAR
LINEAR LINEAR LINEAR LINEAR LINEAR LINEAR LINEAR LINEAR LINEAR LINEAR LINEAR LINEAR
LINEAR LINEAR LINEAR LINEAR LINEAR LINEAR LINEAR LINEAR LINEAR</Name_array>
        <technique_common>
          <accessor source="#mixamorig_Hips-Interpolations-array" count="32">
            <param type="name"/>
          </accessor>
        </technique_common>
      </source>
      <sampler id="mixamorig_Hips-Matrix-animation-transform">
        <input semantic="INPUT" source="#mixamorig_Hips-Matrix-animation-input"/>
        <input semantic="OUTPUT" source="#mixamorig_Hips-Matrix-animation-output-transform"/>
        <input semantic="INTERPOLATION" source="#mixamorig_Hips-Interpolations"/>
      </sampler>
      <channel source="#mixamorig_Hips-Matrix-animation-transform" target="mixamorig_Hips/matrix"/>
    </animation>
    <animation id="mixamorig_Spine-anim" name="mixamorig_Spine">
      <source id="mixamorig_Spine-Matrix-animation-input">
        <float_array id="mixamorig_Spine-Matrix-animation-input-array" count="32">

0.000000 0.033333 0.066667 0.100000 0.133333 0.166667 0.200000 0.233333 0.266667 0.300000 0.333333 0.366667 0.400000 0.433333 0.466667 0.500000
0.533333 0.566667 0.600000 0.633333 0.666667 0.700000 0.733333 0.766667 0.800000 0.833333 0.866667 0.900000 0.933333 0.966667 1.000000 1.033333</float_array>
        <technique_common>
          <accessor source="#mixamorig_Spine-Matrix-animation-input-array" count="32">
            <param name="TIME" type="float"/>
          </accessor>
        </technique_common>
      </source>
      <source id="mixamorig_Spine-Matrix-animation-output-transform">
        <float_array id="mixamorig_Spine-Matrix-animation-output-transform-array" count="512">

0.999965 -0.006316 0.005420 0.001100 0.005906 0.997341 0.072630 10.871700 -0.005864 -0.072596 0.997344 -0.828500 0.000000 0.000000 0.000000 1.000000
0.999928 -0.003904 0.011360 0.001100 0.003072 0.997378 0.072301 10.871700 -0.011613 -0.072260 0.997318 -0.828500 0.000000 0.000000 0.000000 1.000000
0.999861 -0.002649 0.016455 0.001100 0.001485 0.997519 0.070380 10.871700 -0.016601 -0.070346 0.997385 -0.828500 0.000000 0.000000 0.000000 1.000000
0.999790 -0.001990 0.020381 0.001100 0.000570 0.997587 0.069427 10.871700 -0.020470 -0.069401 0.997379 -0.828500 0.000000 0.000000 0.000000 1.000000
0.999716 -0.000527 0.023830 0.001100 -0.001097 0.997679 0.068086 10.871700 -0.023811 -0.068093 0.997395 -0.828500 0.000000 0.000000 0.000000 1.000000
0.999615 0.001499 0.027710 0.001100 -0.003375 0.997693 0.067801 10.871700 -0.027544 -0.067869 0.997314 -0.828500 0.000000 0.000000 0.000000 1.000000
0.999476 0.003642 0.032152 0.001100 -0.005822 0.997671 0.067967 10.871700 -0.031829 -0.068119 0.997169 -0.828500 0.000000 0.000000 0.000000 1.000000
0.999319 0.005357 0.036516 0.001100 -0.007845 0.997630 0.068356 10.871700 -0.036063 -0.068596 0.996992 -0.828500 0.000000 0.000000 0.000000 1.000000
0.999185 0.006854 0.039789 0.001100 -0.009607 0.997541 0.069430 10.871700 -0.039215 -0.069755 0.996793 -0.828500 0.000000 0.000000 0.000000 1.000000
0.999125 0.008636 0.040934 0.001100 -0.011619 0.997248 0.073224 10.871700 -0.040189 -0.073636 0.996475 -0.828500 0.000000 0.000000 0.000000 1.000000
0.999163 0.011374 0.039291 0.001100 -0.014432 0.996813 0.078453 10.871700 -0.038273 -0.078954 0.996143 -0.828500 0.000000 0.000000 0.000000 1.000000
0.999303 0.012790 0.035059 0.001100 -0.015581 0.996631 0.080525 10.871700 -0.033911 -0.081015 0.996136 -0.828500 0.000000 0.000000 0.000000 1.000000
0.999492 0.011777 0.029620 0.001100 -0.014085 0.996778 0.078968 10.871700 -0.028594 -0.079345 0.996437 -0.828500 0.000000 0.000000 0.000000 1.000000
0.999659 0.010374 0.023959 0.001100 -0.012181 0.996993 0.076530 10.871700 -0.023093 -0.076796 0.996779 -0.828500 0.000000 0.000000 0.000000 1.000000
0.999816 0.007909 0.017478 0.001100 -0.009194 0.997167 0.074654 10.871700 -0.016838 -0.074801 0.997056 -0.828500 0.000000 0.000000 0.000000 1.000000
0.999944 0.005097 0.009294 0.001100 -0.005772 0.997230 0.074149 10.871700 -0.008890 -0.074199 0.997204 -0.828500 0.000000 0.000000 0.000000 1.000000
0.999993 0.003802 0.000385 0.001100 -0.003820 0.997296 0.073394 10.871700 -0.000105 -0.073395 0.997303 -0.828500 0.000000 0.000000 0.000000 1.000000
0.999965 0.004306 -0.007145 0.001100 -0.003775 0.997348 0.072676 10.871700 0.007439 -0.072646 0.997330 -0.828500 0.000000 0.000000 0.000000 1.000000
0.999910 0.005683 -0.012124 0.001100 -0.004795 0.997389 0.072057 10.871700 0.012502 -0.071992 0.997327 -0.828500 0.000000 0.000000 0.000000 1.000000
0.999868 0.005490 -0.015317 0.001100 -0.004398 0.997506 0.070440 10.871700 0.015666 -0.070363 0.997398 -0.828500 0.000000 0.000000 0.000000 1.000000
0.999824 0.004714 -0.018150 0.001100 -0.003454 0.997623 0.068824 10.871700 0.018431 -0.068749 0.997464 -0.828500 0.000000 0.000000 0.000000 1.000000
0.999760 0.002912 -0.021698 0.001100 -0.001432 0.997689 0.067929 10.871700 0.021846 -0.067882 0.997454 -0.828500 0.000000 0.000000 0.000000 1.000000
0.999663 0.000831 -0.025960 0.001100 0.000930 0.997701 0.067761 10.871700 0.025957 -0.067762 0.997364 -0.828500 0.000000 0.000000 0.000000 1.000000
0.999563 -0.000737 -0.029551 0.001100 0.002799 0.997556 0.069810 10.871700 0.029427 -0.069862 0.997123 -0.828500 0.000000 0.000000 0.000000 1.000000
0.999522 -0.003102 -0.030756 0.001100 0.005386 0.997209 0.074462 10.871700 0.030439 -0.074592 0.996749 -0.828500 0.000000 0.000000 0.000000 1.000000
0.999562 -0.006458 -0.028889 0.001100 0.008731 0.996816 0.079258 10.871700 0.028285 -0.079475 0.996435 -0.828500 0.000000 0.000000 0.000000 1.000000
0.999639 -0.010573 -0.024715 0.001100 0.012559 0.996585 0.081616 10.871700 0.023768 -0.081897 0.996357 -0.828500 0.000000 0.000000 0.000000 1.000000
0.999718 -0.012478 -0.020193 0.001100 0.014065 0.996660 0.080438 10.871700 0.019122 -0.080699 0.996555 -0.828500 0.000000 0.000000 0.000000 1.000000
0.999792 -0.012958 -0.015773 0.001100 0.014141 0.996903 0.077356 10.871700 0.014722 -0.077563 0.996879 -0.828500 0.000000 0.000000 0.000000 1.000000
0.999878 -0.011796 -0.010284 0.001100 0.012533 0.997119 0.074806 10.871700 0.009372 -0.074926 0.997145 -0.828500 0.000000 0.000000 0.000000 1.000000
0.999955 -0.009023 -0.002908 0.001100 0.009213 0.997231 0.073799 10.871700 0.002234 -0.073822 0.997269 -0.828500 0.000000 0.000000 0.000000 1.000000
0.999965 -0.006316 0.005420 0.001100 0.005906 0.997341 0.072630 10.871700 -0.005864 -0.072596 0.997344 -0.828500 0.000000 0.000000 0.000000 1.000000</float_array>
        <technique_common>
          <accessor source="#mixamorig_Spine-Matrix-animation-output-transform-array" count="32" stride="16">
            <param type="float4x4"/>
          </accessor>
        </technique_common>
      </source>
      <source id="mixamorig_Spine-Interpolations">
        <Name_array id="mixamorig_Spine-Interpolations-array" count="32">
 LINEAR LINEAR LINEAR LINEAR LINEAR LINEAR LINEAR LINEAR LINEAR LINEAR LINEAR
LINEAR LINEAR LINEAR LINEAR LINEAR LINEAR LINEAR LINEAR LINEAR LINEAR LINEAR LINEAR
LINEAR LINEAR LINEAR LINEAR LINEAR LINEAR LINEAR LINEAR LINEAR</Name_array>
        <technique_common>
          <accessor source="#mixamorig_Spine-Interpolations-array" count="32">
            <param type="name"/>
          </accessor>
        </technique_common>
      </source>
      <sampler id="mixamorig_Spine-Matrix-animation-transform">
        <input semantic="INPUT" source="#mixamorig_Spine-Matrix-animation-input"/>
        <input semantic="OUTPUT" source="#mixamorig_Spine-Matrix-animation-output-transform"/>
        <input semantic="INTERPOLATION" source="#mixamorig_Spine-Interpolations"/>
      </sampler>
      <channel source="#mixamorig_Spine-Matrix-animation-transform" target="mixamorig_Spine/matrix"/>
    </animation>
    <animation id="mixamorig_Spine1-anim" name="mixamorig_Spine1">
      <source id="mixamorig_Spine1-Matrix-animation-input">
        <float_array id="mixamorig_Spine1-Matrix-animation-input-array" count="32">

0.000000 0.033333 0.066667 0.100000 0.133333 0.166667 0.200000 0.233333 0.266667 0.300000 0.333333 0.366667 0.400000 0.433333 0.466667 0.500000
0.533333 0.566667 0.600000 0.633333 0.666667 0.700000 0.733333 0.766667 0.800000 0.833333 0.866667 0.900000 0.933333 0.966667 1.000000 1.033333</float_array>
        <technique_common>
          <accessor source="#mixamorig_Spine1-Matrix-animation-input-array" count="32">
            <param name="TIME" type="float"/>
          </accessor>
        </technique_common>
      </source>
      <source id="mixamorig_Spine1-Matrix-animation-output-transform">
        <float_array id="mixamorig_Spine1-Matrix-animation-output-transform-array" count="512">

0.999889 -0.009565 0.011392 0.000000 0.009642 0.999931 -0.006715 12.720400 -0.011327 0.006824 0.999913 0.000000 0.000000 0.000000 0.000000 1.000000
0.999723 -0.004378 0.023113 0.000000 0.004550 0.999962 -0.007391 12.720400 -0.023079 0.007494 0.999706 0.000000 0.000000 0.000000 0.000000 1.000000
0.999450 -0.001759 0.033120 0.000000 0.002133 0.999934 -0.011258 12.720400 -0.033098 0.011322 0.999388 -0.000000 0.000000 0.000000 0.000000 1.000000
0.999167 -0.000691 0.040812 0.000000 0.001229 0.999913 -0.013170 12.720400 -0.040799 0.013210 0.999080 0.000000 0.000000 0.000000 0.000000 1.000000
0.998865 0.001673 0.047605 0.000000 -0.000919 0.999874 -0.015867 12.720400 -0.047626 0.015805 0.998740 0.000000 0.000000 0.000000 0.000000 1.000000
0.998454 0.005120 0.055351 -0.000000 -0.004214 0.999856 -0.016461 12.720400 -0.055427 0.016202 0.998331 -0.000000 0.000000 0.000000 0.000000 1.000000
0.997879 0.008826 0.064501 0.000000 -0.007799 0.999839 -0.016165 12.720400 -0.064633 0.015628 0.997787 0.000000 0.000000 0.000000 0.000000 1.000000
0.997228 0.011832 0.073461 0.000000 -0.010727 0.999824 -0.015423 12.720400 -0.073630 0.014592 0.997179 0.000000 0.000000 0.000000 0.000000 1.000000
0.996679 0.014484 0.080133 0.000000 -0.013459 0.999821 -0.013315 12.720400 -0.080312 0.012192 0.996695 -0.000000 0.000000 0.000000 0.000000 1.000000
0.996396 0.017929 0.082902 0.000000 -0.017509 0.999830 -0.005795 12.720400 -0.082992 0.004322 0.996541 0.000000 0.000000 0.000000 0.000000 1.000000
0.996446 0.024117 0.080709 0.000000 -0.024561 0.999688 0.004513 12.720400 -0.080575 -0.006479 0.996728 0.000000 0.000000 0.000000 0.000000 1.000000
0.996911 0.028806 0.073061 0.000000 -0.029507 0.999528 0.008540 12.720400 -0.072780 -0.010670 0.997291 -0.000000 0.000000 0.000000 0.000000 1.000000
0.997703 0.027650 0.061835 -0.000000 -0.028042 0.999592 0.005491 12.720400 -0.061658 -0.007212 0.998071 -0.000000 0.000000 0.000000 0.000000 1.000000
0.998475 0.024224 0.049598 0.000000 -0.024291 0.999705 0.000751 12.720400 -0.049565 -0.001955 0.998769 0.000000 0.000000 0.000000 0.000000 1.000000
0.999203 0.017941 0.035664 0.000000 -0.017851 0.999837 -0.002842 12.720400 -0.035709 0.002203 0.999360 -0.000000 0.000000 0.000000 0.000000 1.000000
0.999763 0.010932 0.018814 0.000000 -0.010864 0.999934 -0.003732 12.720400 -0.018853 0.003527 0.999816 0.000000 0.000000 0.000000 0.000000 1.000000
0.999973 0.007344 0.000800 0.000000 -0.007339 0.999960 -0.005198 12.720400 -0.000838 0.005192 0.999986 0.000000 0.000000 0.000000 0.000000 1.000000
0.999868 0.007659 -0.014335 0.000000 -0.007754 0.999948 -0.006611 12.720400 0.014284 0.006722 0.999875 0.000000 0.000000 0.000000 0.000000 1.000000
0.999659 0.009684 -0.024251 0.000000 -0.009876 0.999921 -0.007826 12.720400 0.024173 0.008063 0.999675 0.000000 0.000000 0.000000 0.000000 1.000000
0.999496 0.008784 -0.030498 0.000000 -0.009125 0.999897 -0.011064 12.720400 0.030398 0.011337 0.999474 -0.000000 0.000000 0.000000 0.000000 1.000000
0.999319 0.007395 -0.036160 0.000000 -0.007916 0.999866 -0.014297 12.720400 0.036050 0.014573 0.999244 -0.000000 0.000000 0.000000 0.000000 1.000000
0.999040 0.004664 -0.043556 0.000000 -0.005369 0.999856 -0.016080 12.720400 0.043475 0.016298 0.998922 0.000000 0.000000 0.000000 0.000000 1.000000
0.998636 0.001047 -0.052201 0.000000 -0.001906 0.999863 -0.016424 12.720400 0.052177 0.016501 0.998502 -0.000000 0.000000 0.000000 0.000000 1.000000
0.998240 -0.002037 -0.059261 0.000000 0.001308 0.999923 -0.012346 12.720400 0.059282 0.012246 0.998166 0.000000 0.000000 0.000000 0.000000 1.000000
0.998082 -0.006399 -0.061567 -0.000000 0.006221 0.999976 -0.003082 12.720400 0.061585 0.002693 0.998098 0.000000 0.000000 0.000000 0.000000 1.000000
0.998263 -0.012022 -0.057667 0.000000 0.012416 0.999902 0.006473 12.720400 0.057583 -0.007178 0.998315 0.000000 0.000000 0.000000 0.000000 1.000000
0.998541 -0.020526 -0.049951 0.000000 0.021105 0.999716 0.011092 12.720400 0.049709 -0.012130 0.998690 0.000000 0.000000 0.000000 0.000000 1.000000
0.998840 -0.025076 -0.041098 0.000000 0.025454 0.999638 0.008699 12.720400 0.040865 -0.009735 0.999117 -0.000000 0.000000 0.000000 0.000000 1.000000
0.999166 -0.025723 -0.031707 0.000000 0.025817 0.999663 0.002568 12.720400 0.031630 -0.003385 0.999494 0.000000 0.000000 0.000000 0.000000 1.000000
0.999563 -0.021790 -0.019952 0.000000 0.021745 0.999761 -0.002445 12.720400 0.020000 0.002010 0.999798 0.000000 0.000000 0.000000 0.000000 1.000000
0.999866 -0.015539 -0.005164 -0.000000 0.015516 0.999870 -0.004396 12.720400 0.005231 0.004315 0.999977 0.000000 0.000000 0.000000 0.000000 1.000000
0.999889 -0.009565 0.011392 0.000000 0.009642 0.999931 -0.006714 12.720400 -0.011327 0.006824 0.999913 0.000000 0.000000 0.000000 0.000000 1.000000</float_array>
        <technique_common>
          <accessor source="#mixamorig_Spine1-Matrix-animation-output-transform-array" count="32" stride="16">
            <param type="float4x4"/>
          </accessor>
        </technique_common>
      </source>
      <source id="mixamorig_Spine1-Interpolations">
        <Name_array id="mixamorig_Spine1-Interpolations-array" count="32">
 LINEAR LINEAR LINEAR LINEAR LINEAR LINEAR LINEAR LINEAR LINEAR LINEAR LINEAR
LINEAR LINEAR LINEAR LINEAR LINEAR LINEAR LINEAR LINEAR LINEAR LINEAR LINEAR LINEAR
LINEAR LINEAR LINEAR LINEAR LINEAR LINEAR LINEAR LINEAR LINEAR</Name_array>
        <technique_common>
          <accessor source="#mixamorig_Spine1-Interpolations-array" count="32">
            <param type="name"/>
          </accessor>
        </technique_common>
      </source>
      <sampler id="mixamorig_Spine1-Matrix-animation-transform">
        <input semantic="INPUT" source="#mixamorig_Spine1-Matrix-animation-input"/>
        <input semantic="OUTPUT" source="#mixamorig_Spine1-Matrix-animation-output-transform"/>
        <input semantic="INTERPOLATION" source="#mixamorig_Spine1-Interpolations"/>
      </sampler>
      <channel source="#mixamorig_Spine1-Matrix-animation-transform" target="mixamorig_Spine1/matrix"/>
    </animation>
    <animation id="mixamorig_Spine2-anim" name="mixamorig_Spine2">
      <source id="mixamorig_Spine2-Matrix-animation-input">
        <float_array id="mixamorig_Spine2-Matrix-animation-input-array" count="32">

0.000000 0.033333 0.066667 0.100000 0.133333 0.166667 0.200000 0.233333 0.266667 0.300000 0.333333 0.366667 0.400000 0.433333 0.466667 0.500000
0.533333 0.566667 0.600000 0.633333 0.666667 0.700000 0.733333 0.766667 0.800000 0.833333 0.866667 0.900000 0.933333 0.966667 1.000000 1.033333</float_array>
        <technique_common>
          <accessor source="#mixamorig_Spine2-Matrix-animation-input-array" count="32">
            <param name="TIME" type="float"/>
          </accessor>
        </technique_common>
      </source>
      <source id="mixamorig_Spine2-Matrix-animation-output-transform">
        <float_array id="mixamorig_Spine2-Matrix-animation-output-transform-array" count="512">

0.999888 -0.008845 0.012108 0.000000 0.009817 0.996528 -0.082674 14.537600 -0.011334 0.082784 0.996503 0.000000 0.000000 0.000000 0.000000 1.000000
0.999722 -0.002783 0.023401 0.000000 0.004725 0.996509 -0.083351 14.537600 -0.023087 0.083439 0.996245 -0.000000 0.000000 0.000000 0.000000 1.000000
0.999449 0.000589 0.033180 0.000000 0.002308 0.996188 -0.087205 14.537600 -0.033105 0.087234 0.995638 -0.000000 0.000000 0.000000 0.000000 1.000000
0.999166 0.002239 0.040768 0.000000 0.001404 0.996021 -0.089110 14.537600 -0.040805 0.089093 0.995187 0.000000 0.000000 0.000000 0.000000 1.000000
0.998865 0.005112 0.047362 0.000000 -0.000744 0.995778 -0.091796 14.537600 -0.047632 0.091656 0.994651 -0.000000 0.000000 0.000000 0.000000 1.000000
0.998454 0.009138 0.054824 0.000000 -0.004040 0.995715 -0.092387 14.537600 -0.055433 0.092023 0.994213 0.000000 0.000000 0.000000 0.000000 1.000000
0.997880 0.013529 0.063666 0.000000 -0.007624 0.995721 -0.092091 14.537600 -0.064639 0.091410 0.993713 -0.000000 0.000000 0.000000 0.000000 1.000000
0.997229 0.017207 0.072371 -0.000000 -0.010552 0.995763 -0.091350 14.537600 -0.073636 0.090333 0.993186 0.000000 0.000000 0.000000 0.000000 1.000000
0.996681 0.020358 0.078823 0.000000 -0.013285 0.995921 -0.089248 14.537600 -0.080318 0.087904 0.992886 0.000000 0.000000 0.000000 0.000000 1.000000
0.996399 0.024004 0.081322 0.000000 -0.017334 0.996502 -0.081750 14.537600 -0.083000 0.080046 0.993330 0.000000 0.000000 0.000000 0.000000 1.000000
0.996449 0.030007 0.078665 0.000000 -0.024386 0.997145 -0.071462 14.537600 -0.080584 0.069290 0.994336 0.000000 0.000000 0.000000 0.000000 1.000000
0.996916 0.034101 0.070682 0.000000 -0.029333 0.997292 -0.067434 14.537600 -0.072791 0.065153 0.995217 0.000000 0.000000 0.000000 0.000000 1.000000
0.997708 0.032095 0.059577 0.000000 -0.027868 0.997124 -0.070479 14.537600 -0.061668 0.068657 0.995733 0.000000 0.000000 0.000000 0.000000 1.000000
0.998479 0.027749 0.047636 -0.000000 -0.024116 0.996876 -0.075214 14.537600 -0.049574 0.073951 0.996029 -0.000000 0.000000 0.000000 0.000000 1.000000
0.999206 0.020426 0.034219 -0.000000 -0.017676 0.996733 -0.078806 14.537600 -0.035717 0.078139 0.996302 0.000000 0.000000 0.000000 0.000000 1.000000
0.999765 0.012157 0.017950 0.000000 -0.010689 0.996762 -0.079701 14.537600 -0.018861 0.079490 0.996657 0.000000 0.000000 0.000000 0.000000 1.000000
0.999974 0.007210 0.000262 0.000000 -0.007165 0.996675 -0.081165 14.537600 -0.000846 0.081161 0.996701 -0.000000 0.000000 0.000000 0.000000 1.000000
0.999869 0.006374 -0.014854 0.000000 -0.007580 0.996556 -0.082573 14.537600 0.014276 0.082675 0.996474 0.000000 0.000000 0.000000 0.000000 1.000000
0.999661 0.007640 -0.024894 -0.000000 -0.009702 0.996437 -0.083782 14.537600 0.024166 0.083995 0.996173 0.000000 0.000000 0.000000 0.000000 1.000000
0.999498 0.006268 -0.031055 0.000000 -0.008951 0.996167 -0.087009 14.537600 0.030391 0.087243 0.995723 -0.000000 0.000000 0.000000 0.000000 1.000000
0.999320 0.004453 -0.036596 -0.000000 -0.007742 0.995891 -0.090230 14.537600 0.036044 0.090452 0.995248 -0.000000 0.000000 0.000000 0.000000 1.000000
0.999041 0.001168 -0.043762 0.000000 -0.005195 0.995745 -0.092007 14.537600 0.043469 0.092146 0.994796 -0.000000 0.000000 0.000000 0.000000 1.000000
0.998637 -0.003096 -0.052108 0.000000 -0.001732 0.995725 -0.092351 14.537600 0.052171 0.092315 0.994362 0.000000 0.000000 0.000000 0.000000 1.000000
0.998241 -0.006708 -0.058913 -0.000000 0.001483 0.996094 -0.088289 14.537600 0.059275 0.088046 0.994351 -0.000000 0.000000 0.000000 0.000000 1.000000
0.998082 -0.011232 -0.060881 0.000000 0.006396 0.996850 -0.079056 14.537600 0.061577 0.078515 0.995009 0.000000 0.000000 0.000000 0.000000 1.000000
0.998262 -0.016542 -0.056565 0.000000 0.012590 0.997501 -0.069522 14.537600 0.057573 0.068689 0.995975 0.000000 0.000000 0.000000 0.000000 1.000000
0.998538 -0.024435 -0.048225 0.000000 0.021279 0.997665 -0.064902 14.537600 0.049698 0.063781 0.996726 0.000000 0.000000 0.000000 0.000000 1.000000
0.998836 -0.028300 -0.039052 0.000000 0.025628 0.997405 -0.067283 14.537600 0.040855 0.066204 0.996969 0.000000 0.000000 0.000000 0.000000 1.000000
0.999162 -0.028231 -0.029639 0.000000 0.025991 0.996964 -0.073398 14.537600 0.031621 0.072566 0.996862 -0.000000 0.000000 0.000000 0.000000 1.000000
0.999560 -0.023416 -0.018217 0.000000 0.021920 0.996681 -0.078404 14.537600 0.019992 0.077970 0.996755 -0.000000 0.000000 0.000000 0.000000 1.000000
0.999863 -0.016059 -0.003946 0.000000 0.015690 0.996643 -0.080358 14.537600 0.005223 0.080285 0.996758 -0.000000 0.000000 0.000000 0.000000 1.000000
0.999888 -0.008845 0.012108 0.000000 0.009817 0.996528 -0.082674 14.537600 -0.011335 0.082784 0.996503 0.000000 0.000000 0.000000 0.000000 1.000000</float_array>
        <technique_common>
          <accessor source="#mixamorig_Spine2-Matrix-animation-output-transform-array" count="32" stride="16">
            <param type="float4x4"/>
          </accessor>
        </technique_common>
      </source>
      <source id="mixamorig_Spine2-Interpolations">
        <Name_array id="mixamorig_Spine2-Interpolations-array" count="32">
 LINEAR LINEAR LINEAR LINEAR LINEAR LINEAR LINEAR LINEAR LINEAR LINEAR LINEAR
LINEAR LINEAR LINEAR LINEAR LINEAR LINEAR LINEAR LINEAR LINEAR LINEAR LINEAR LINEAR
LINEAR LINEAR LINEAR LINEAR LINEAR LINEAR LINEAR LINEAR LINEAR</Name_array>
        <technique_common>
          <accessor source="#mixamorig_Spine2-Interpolations-array" count="32">
            <param type="name"/>
          </accessor>
        </technique_common>
      </source>
      <sampler id="mixamorig_Spine2-Matrix-animation-transform">
        <input semantic="INPUT" source="#mixamorig_Spine2-Matrix-animation-input"/>
        <input semantic="OUTPUT" source="#mixamorig_Spine2-Matrix-animation-output-transform"/>
        <input semantic="INTERPOLATION" source="#mixamorig_Spine2-Interpolations"/>
      </sampler>
      <channel source="#mixamorig_Spine2-Matrix-animation-transform" target="mixamorig_Spine2/matrix"/>
    </animation>
    <animation id="mixamorig_Neck-anim" name="mixamorig_Neck">
      <source id="mixamorig_Neck-Matrix-animation-input">
        <float_array id="mixamorig_Neck-Matrix-animation-input-array" count="32">

0.000000 0.033333 0.066667 0.100000 0.133333 0.166667 0.200000 0.233333 0.266667 0.300000 0.333333 0.366667 0.400000 0.433333 0.466667 0.500000
0.533333 0.566667 0.600000 0.633333 0.666667 0.700000 0.733333 0.766667 0.800000 0.833333 0.866667 0.900000 0.933333 0.966667 1.000000 1.033333</float_array>
        <technique_common>
          <accessor source="#mixamorig_Neck-Matrix-animation-input-array" count="32">
            <param name="TIME" type="float"/>
          </accessor>
        </technique_common>
      </source>
      <source id="mixamorig_Neck-Matrix-animation-output-transform">
        <float_array id="mixamorig_Neck-Matrix-animation-output-transform-array" count="512">

0.999746 0.021083 -0.007958 0.002900 -0.021083 0.999778 0.000075 16.307600 0.007958 0.000093 0.999968 -1.242700 0.000000 0.000000 0.000000 1.000000
0.999909 0.008095 -0.010777 0.002900 -0.008196 0.999922 -0.009394 16.307600 0.010700 0.009482 0.999898 -1.242700 0.000000 0.000000 0.000000 1.000000
0.999848 -0.009064 -0.014863 0.002900 0.008909 0.999906 -0.010458 16.307600 0.014956 0.010324 0.999835 -1.242700 0.000000 0.000000 0.000000 1.000000
0.999628 -0.021022 -0.017352 0.002900 0.020548 0.999423 -0.027058 16.307600 0.017911 0.026692 0.999483 -1.242700 0.000000 0.000000 0.000000 1.000000
0.999162 -0.035487 -0.020381 0.002900 0.034733 0.998740 -0.036233 16.307600 0.021641 0.035495 0.999136 -1.242700 0.000000 0.000000 0.000000 1.000000
0.998259 -0.053528 -0.024755 0.002900 0.052377 0.997611 -0.045040 16.307600 0.027107 0.043665 0.998678 -1.242700 0.000000 0.000000 0.000000 1.000000
0.996879 -0.072846 -0.030426 0.002900 0.071410 0.996392 -0.045870 16.307600 0.033657 0.043555 0.998484 -1.242700 0.000000 0.000000 0.000000 1.000000
0.995707 -0.085504 -0.035455 0.002900 0.084353 0.995897 -0.032777 16.307600 0.038112 0.029645 0.998834 -1.242700 0.000000 0.000000 0.000000 1.000000
0.995584 -0.086101 -0.037401 0.002900 0.085813 0.996268 -0.009246 16.307600 0.038058 0.005996 0.999258 -1.242700 0.000000 0.000000 0.000000 1.000000
0.996181 -0.079903 -0.035187 0.002900 0.079600 0.996777 -0.009944 16.307600 0.035868 0.007105 0.999331 -1.242700 0.000000 0.000000 0.000000 1.000000
0.996334 -0.079391 -0.031871 0.002900 0.078656 0.996620 -0.023687 16.307600 0.033644 0.021093 0.999211 -1.242700 0.000000 0.000000 0.000000 1.000000
0.997093 -0.071280 -0.026913 0.002900 0.070757 0.997295 -0.019919 16.307600 0.028260 0.017957 0.999439 -1.242700 0.000000 0.000000 0.000000 1.000000
0.998647 -0.048600 -0.018487 0.002900 0.048308 0.998706 -0.015924 16.307600 0.019237 0.015010 0.999702 -1.242700 0.000000 0.000000 0.000000 1.000000
0.999337 -0.034502 -0.011603 0.002900 0.034222 0.999138 -0.023502 16.307600 0.012404 0.023089 0.999656 -1.242700 0.000000 0.000000 0.000000 1.000000
0.999735 -0.022408 -0.005258 0.002900 0.022219 0.999187 -0.033641 16.307600 0.006008 0.033515 0.999420 -1.242700 0.000000 0.000000 0.000000 1.000000
0.999933 -0.011586 0.000595 0.002900 0.011602 0.998588 -0.051836 16.307600 0.000006 0.051840 0.998655 -1.242700 0.000000 0.000000 0.000000 1.000000
0.999961 -0.007402 0.004883 0.002900 0.007667 0.998368 -0.056599 16.307600 -0.004456 0.056635 0.998385 -1.242700 0.000000 0.000000 0.000000 1.000000
0.999949 -0.006031 0.008138 0.002900 0.006476 0.998420 -0.055822 16.307600 -0.007788 0.055872 0.998408 -1.242700 0.000000 0.000000 0.000000 1.000000
0.999937 -0.003519 0.010673 0.002900 0.004131 0.998313 -0.057913 16.307600 -0.010451 0.057953 0.998265 -1.242700 0.000000 0.000000 0.000000 1.000000
0.999837 0.011058 0.014284 0.002900 -0.010273 0.998496 -0.053859 16.307600 -0.014858 0.053703 0.998446 -1.242700 0.000000 0.000000 0.000000 1.000000
0.999647 0.021206 0.016033 0.002900 -0.020341 0.998423 -0.052315 16.307600 -0.017117 0.051970 0.998502 -1.242700 0.000000 0.000000 0.000000 1.000000
0.999268 0.033675 0.018132 0.002900 -0.032847 0.998484 -0.044158 16.307600 -0.019592 0.043530 0.998860 -1.242700 0.000000 0.000000 0.000000 1.000000
0.998653 0.047332 0.021257 0.002900 -0.046837 0.998633 -0.023220 16.307600 -0.022327 0.022193 0.999504 -1.242700 0.000000 0.000000 0.000000 1.000000
0.998376 0.052244 0.022726 0.002900 -0.052175 0.998631 -0.003609 16.307600 -0.022883 0.002417 0.999735 -1.242700 0.000000 0.000000 0.000000 1.000000
0.998296 0.053920 0.022328 0.002900 -0.053877 0.998544 -0.002538 16.307600 -0.022433 0.001331 0.999747 -1.242700 0.000000 0.000000 0.000000 1.000000
0.998775 0.045768 0.018820 0.002900 -0.045788 0.998951 0.000644 16.307600 -0.018770 -0.001505 0.999823 -1.242700 0.000000 0.000000 0.000000 1.000000
0.998939 0.043302 0.015680 0.002900 -0.043465 0.999003 0.010229 16.307600 -0.015221 -0.010899 0.999825 -1.242700 0.000000 0.000000 0.000000 1.000000
0.999538 0.028922 0.009387 0.002900 -0.029169 0.999199 0.027379 16.307600 -0.008588 -0.027640 0.999581 -1.242700 0.000000 0.000000 0.000000 1.000000
0.999810 0.019127 0.003694 0.002900 -0.019249 0.999153 0.036359 16.307600 -0.002995 -0.036424 0.999332 -1.242700 0.000000 0.000000 0.000000 1.000000
0.999933 0.011452 -0.001796 0.002900 -0.011394 0.999499 0.029515 16.307600 0.002133 -0.029492 0.999563 -1.242700 0.000000 0.000000 0.000000 1.000000
0.999932 0.009976 -0.006056 0.002900 -0.009906 0.999886 0.011424 16.307600 0.006169 -0.011363 0.999916 -1.242700 0.000000 0.000000 0.000000 1.000000
0.999746 0.021083 -0.007959 0.002900 -0.021083 0.999778 0.000075 16.307600 0.007958 0.000092 0.999968 -1.242700 0.000000 0.000000 0.000000 1.000000</float_array>
        <technique_common>
          <accessor source="#mixamorig_Neck-Matrix-animation-output-transform-array" count="32" stride="16">
            <param type="float4x4"/>
          </accessor>
        </technique_common>
      </source>
      <source id="mixamorig_Neck-Interpolations">
        <Name_array id="mixamorig_Neck-Interpolations-array" count="32">
 LINEAR LINEAR LINEAR LINEAR LINEAR LINEAR LINEAR LINEAR LINEAR LINEAR LINEAR
LINEAR LINEAR LINEAR LINEAR LINEAR LINEAR LINEAR LINEAR LINEAR LINEAR LINEAR LINEAR
LINEAR LINEAR LINEAR LINEAR LINEAR LINEAR LINEAR LINEAR LINEAR</Name_array>
        <technique_common>
          <accessor source="#mixamorig_Neck-Interpolations-array" count="32">
            <param type="name"/>
          </accessor>
        </technique_common>
      </source>
      <sampler id="mixamorig_Neck-Matrix-animation-transform">
        <input semantic="INPUT" source="#mixamorig_Neck-Matrix-animation-input"/>
        <input semantic="OUTPUT" source="#mixamorig_Neck-Matrix-animation-output-transform"/>
        <input semantic="INTERPOLATION" source="#mixamorig_Neck-Interpolations"/>
      </sampler>
      <channel source="#mixamorig_Neck-Matrix-animation-transform" target="mixamorig_Neck/matrix"/>
    </animation>
    <animation id="mixamorig_Head-anim" name="mixamorig_Head">
      <source id="mixamorig_Head-Matrix-animation-input">
        <float_array id="mixamorig_Head-Matrix-animation-input-array" count="32">

0.000000 0.033333 0.066667 0.100000 0.133333 0.166667 0.200000 0.233333 0.266667 0.300000 0.333333 0.366667 0.400000 0.433333 0.466667 0.500000
0.533333 0.566667 0.600000 0.633333 0.666667 0.700000 0.733333 0.766667 0.800000 0.833333 0.866667 0.900000 0.933333 0.966667 1.000000 1.033333</float_array>
        <technique_common>
          <accessor source="#mixamorig_Head-Matrix-animation-input-array" count="32">
            <param name="TIME" type="float"/>
          </accessor>
        </technique_common>
      </source>
      <source id="mixamorig_Head-Matrix-animation-output-transform">
        <float_array id="mixamorig_Head-Matrix-animation-output-transform-array" count="512">

0.998050 -0.033250 -0.052817 0.000000 0.030730 0.998383 -0.047823 11.176700 0.054322 0.046107 0.997458 5.134500 0.000000 0.000000 0.000000 1.000000
0.998313 -0.027046 -0.051370 0.000000 0.024995 0.998880 -0.040165 11.176700 0.052399 0.038814 0.997872 5.134500 0.000000 0.000000 0.000000 1.000000
0.998764 -0.015367 -0.047267 0.000000 0.013615 0.999216 -0.037166 11.176700 0.047802 0.036477 0.998191 5.134500 0.000000 0.000000 0.000000 1.000000
0.999017 -0.007256 -0.043735 0.000000 0.006089 0.999624 -0.026748 11.176700 0.043913 0.026455 0.998685 5.134500 0.000000 0.000000 0.000000 1.000000
0.999175 0.000758 -0.040598 0.000000 -0.001576 0.999796 -0.020114 11.176700 0.040575 0.020162 0.998973 5.134500 0.000000 0.000000 0.000000 1.000000
0.999234 0.008478 -0.038206 0.000000 -0.008978 0.999876 -0.012931 11.176700 0.038092 0.013265 0.999186 5.134500 0.000000 0.000000 0.000000 1.000000
0.999212 0.013339 -0.037377 0.000000 -0.013677 0.999868 -0.008804 11.176700 0.037255 0.009308 0.999262 5.134500 0.000000 0.000000 0.000000 1.000000
0.999150 0.010153 -0.039958 0.000000 -0.010711 0.999848 -0.013780 11.176700 0.039812 0.014196 0.999106 5.134500 0.000000 0.000000 0.000000 1.000000
0.998933 -0.003274 -0.046072 0.000000 0.002056 0.999648 -0.026442 11.176700 0.046142 0.026319 0.998588 5.134500 0.000000 0.000000 0.000000 1.000000
0.998476 -0.021051 -0.051009 0.000000 0.019928 0.999550 -0.022423 11.176700 0.051459 0.021372 0.998446 5.134500 0.000000 0.000000 0.000000 1.000000
0.998235 -0.032220 -0.049890 0.000000 0.031583 0.999410 -0.013522 11.176700 0.050296 0.011923 0.998663 5.134500 0.000000 0.000000 0.000000 1.000000
0.998225 -0.040334 -0.043820 -0.000000 0.039453 0.999005 -0.020803 11.176700 0.044615 0.019037 0.998823 5.134500 0.000000 0.000000 0.000000 1.000000
0.998204 -0.048961 -0.034508 0.000000 0.047931 0.998398 -0.030083 11.176700 0.035926 0.028375 0.998952 5.134500 0.000000 0.000000 0.000000 1.000000
0.998543 -0.049893 -0.020539 -0.000000 0.049164 0.998191 -0.034594 11.176700 0.022228 0.033534 0.999190 5.134500 0.000000 0.000000 0.000000 1.000000
0.998705 -0.050341 -0.007298 -0.000000 0.050026 0.998012 -0.038322 11.176700 0.009212 0.037907 0.999239 5.134500 0.000000 0.000000 0.000000 1.000000
0.998553 -0.053702 0.002758 0.000000 0.053763 0.998061 -0.031377 11.176700 -0.001067 0.031480 0.999504 5.134500 0.000000 0.000000 0.000000 1.000000
0.998294 -0.057564 0.009730 -0.000000 0.057790 0.998021 -0.024769 11.176700 -0.008285 0.025289 0.999646 5.134500 0.000000 0.000000 0.000000 1.000000
0.997974 -0.062093 0.013902 -0.000000 0.062313 0.997929 -0.015970 11.176700 -0.012882 0.016804 0.999776 5.134500 0.000000 0.000000 0.000000 1.000000
0.997666 -0.066417 0.015871 0.000000 0.066487 0.997780 -0.003920 11.176700 -0.015576 0.004966 0.999866 5.134500 0.000000 0.000000 0.000000 1.000000
0.997179 -0.073652 0.014440 -0.000000 0.073612 0.997282 0.003239 11.176700 -0.014640 -0.002167 0.999890 5.134500 0.000000 0.000000 0.000000 1.000000
0.997132 -0.074326 0.014256 0.000000 0.074194 0.997197 0.009617 11.176700 -0.014931 -0.008532 0.999852 5.134500 0.000000 0.000000 0.000000 1.000000
0.997315 -0.071916 0.013805 0.000000 0.071821 0.997391 0.007226 11.176700 -0.014288 -0.006215 0.999879 5.134500 0.000000 0.000000 0.000000 1.000000
0.997661 -0.067196 0.012520 0.000000 0.067266 0.997721 -0.005228 11.176700 -0.012140 0.006058 0.999908 5.134500 0.000000 0.000000 0.000000 1.000000
0.998297 -0.057129 0.011787 0.000000 0.057345 0.998177 -0.018831 11.176700 -0.010689 0.019475 0.999753 5.134500 0.000000 0.000000 0.000000 1.000000
0.998812 -0.047867 0.009104 0.000000 0.048039 0.998652 -0.019676 11.176700 -0.008150 0.020090 0.999765 5.134500 0.000000 0.000000 0.000000 1.000000
0.999262 -0.038054 0.005220 0.000000 0.038161 0.999023 -0.022303 11.176700 -0.004366 0.022486 0.999738 5.134500 0.000000 0.000000 0.000000 1.000000
0.999308 -0.037080 -0.002826 -0.000000 0.036988 0.998930 -0.027761 11.176700 0.003853 0.027637 0.999611 5.134500 0.000000 0.000000 0.000000 1.000000
0.999355 -0.034233 -0.010818 0.000000 0.033781 0.998646 -0.039549 11.176700 0.012157 0.039158 0.999159 5.134500 0.000000 0.000000 0.000000 1.000000
0.999168 -0.035088 -0.020776 0.000000 0.034041 0.998230 -0.048762 11.176700 0.022450 0.048014 0.998594 5.134500 0.000000 0.000000 0.000000 1.000000
0.998901 -0.035036 -0.031144 0.000000 0.033407 0.998121 -0.051360 11.176700 0.032885 0.050264 0.998194 5.134500 0.000000 0.000000 0.000000 1.000000
0.998551 -0.034099 -0.041642 0.000000 0.032041 0.998278 -0.049128 11.176700 0.043246 0.047722 0.997924 5.134500 0.000000 0.000000 0.000000 1.000000
0.998050 -0.033250 -0.052817 0.000000 0.030730 0.998383 -0.047824 11.176700 0.054322 0.046108 0.997458 5.134500 0.000000 0.000000 0.000000 1.000000</float_array>
        <technique_common>
          <accessor source="#mixamorig_Head-Matrix-animation-output-transform-array" count="32" stride="16">
            <param type="float4x4"/>
          </accessor>
        </technique_common>
      </source>
      <source id="mixamorig_Head-Interpolations">
        <Name_array id="mixamorig_Head-Interpolations-array" count="32">
 LINEAR LINEAR LINEAR LINEAR LINEAR LINEAR LINEAR LINEAR LINEAR LINEAR LINEAR
LINEAR LINEAR LINEAR LINEAR LINEAR LINEAR LINEAR LINEAR LINEAR LINEAR LINEAR LINEAR
LINEAR LINEAR LINEAR LINEAR LINEAR LINEAR LINEAR LINEAR LINEAR</Name_array>
        <technique_common>
          <accessor source="#mixamorig_Head-Interpolations-array" count="32">
            <param type="name"/>
          </accessor>
        </technique_common>
      </source>
      <sampler id="mixamorig_Head-Matrix-animation-transform">
        <input semantic="INPUT" source="#mixamorig_Head-Matrix-animation-input"/>
        <input semantic="OUTPUT" source="#mixamorig_Head-Matrix-animation-output-transform"/>
        <input semantic="INTERPOLATION" source="#mixamorig_Head-Interpolations"/>
      </sampler>
      <channel source="#mixamorig_Head-Matrix-animation-transform" target="mixamorig_Head/matrix"/>
    </animation>
    <animation id="mixamorig_LeftShoulder-anim" name="mixamorig_LeftShoulder">
      <source id="mixamorig_LeftShoulder-Matrix-animation-input">
        <float_array id="mixamorig_LeftShoulder-Matrix-animation-input-array" count="32">

0.000000 0.033333 0.066667 0.100000 0.133333 0.166667 0.200000 0.233333 0.266667 0.300000 0.333333 0.366667 0.400000 0.433333 0.466667 0.500000
0.533333 0.566667 0.600000 0.633333 0.666667 0.700000 0.733333 0.766667 0.800000 0.833333 0.866667 0.900000 0.933333 0.966667 1.000000 1.033333</float_array>
        <technique_common>
          <accessor source="#mixamorig_LeftShoulder-Matrix-animation-input-array" count="32">
            <param name="TIME" type="float"/>
          </accessor>
        </technique_common>
      </source>
      <source id="mixamorig_LeftShoulder-Matrix-animation-output-transform">
        <float_array id="mixamorig_LeftShoulder-Matrix-animation-output-transform-array" count="512">

0.259140 0.866279 -0.427091 5.906100 0.007954 -0.444096 -0.895944 14.347000 -0.965807 0.228778 -0.121974 -1.216000 0.000000 0.000000 0.000000 1.000000
0.238540 0.877377 -0.416304 5.906100 0.013325 -0.431596 -0.901969 14.347000 -0.971041 0.209608 -0.114644 -1.216000 0.000000 0.000000 0.000000 1.000000
0.229408 0.878401 -0.419266 5.906100 0.014890 -0.433871 -0.900852 14.347000 -0.973216 0.200420 -0.112613 -1.216000 0.000000 0.000000 0.000000 1.000000
0.213841 0.884266 -0.415146 5.906100 0.018383 -0.428544 -0.903334 14.347000 -0.976695 0.185539 -0.107896 -1.216000 0.000000 0.000000 0.000000 1.000000
0.207639 0.890277 -0.405330 5.906100 0.020429 -0.418217 -0.908117 14.347000 -0.977992 0.180280 -0.105026 -1.216000 0.000000 0.000000 0.000000 1.000000
0.211846 0.891810 -0.399745 5.906100 0.020124 -0.412923 -0.910544 14.347000 -0.977096 0.184851 -0.105423 -1.216000 0.000000 0.000000 0.000000 1.000000
0.207761 0.895167 -0.394350 5.906100 0.021384 -0.407207 -0.913086 14.347000 -0.977946 0.181271 -0.103744 -1.216000 0.000000 0.000000 0.000000 1.000000
0.201752 0.895489 -0.396730 5.906100 0.022357 -0.409164 -0.912187 14.347000 -0.979181 0.175166 -0.102570 -1.216000 0.000000 0.000000 0.000000 1.000000
0.207017 0.888773 -0.408934 5.906100 0.020376 -0.421815 -0.906453 14.347000 -0.978125 0.179318 -0.105433 -1.216000 0.000000 0.000000 0.000000 1.000000
0.224026 0.879636 -0.419588 5.906100 0.016022 -0.433796 -0.900868 14.347000 -0.974452 0.195095 -0.111275 -1.216000 0.000000 0.000000 0.000000 1.000000
0.219646 0.883058 -0.414686 5.906100 0.017408 -0.428547 -0.903352 14.347000 -0.975424 0.191199 -0.109501 -1.216000 0.000000 0.000000 0.000000 1.000000
0.231174 0.877599 -0.419974 5.906100 0.014537 -0.434734 -0.900441 14.347000 -0.972804 0.202053 -0.113256 -1.216000 0.000000 0.000000 0.000000 1.000000
0.270859 0.849181 -0.453352 5.906100 0.001783 -0.471398 -0.881919 14.347000 -0.962617 0.238067 -0.129196 -1.216000 0.000000 0.000000 0.000000 1.000000
0.282502 0.845160 -0.453760 5.906100 -0.001082 -0.472747 -0.881198 14.347000 -0.959266 0.249431 -0.132637 -1.216000 0.000000 0.000000 0.000000 1.000000
0.275680 0.851017 -0.446957 5.906100 0.001447 -0.465342 -0.885130 14.347000 -0.961249 0.243365 -0.129517 -1.216000 0.000000 0.000000 0.000000 1.000000
0.272740 0.854006 -0.443043 5.906100 0.002641 -0.461164 -0.887311 14.347000 -0.962084 0.240835 -0.128033 -1.216000 0.000000 0.000000 0.000000 1.000000
0.278771 0.859587 -0.428250 5.906100 0.003299 -0.446782 -0.894637 14.347000 -0.960352 0.247986 -0.127385 -1.216000 0.000000 0.000000 0.000000 1.000000
0.286876 0.862735 -0.416402 5.906100 0.003190 -0.435530 -0.900168 14.347000 -0.957963 0.256908 -0.127695 -1.216000 0.000000 0.000000 0.000000 1.000000
0.282226 0.870128 -0.404012 5.906100 0.005972 -0.422717 -0.906242 14.347000 -0.959329 0.253353 -0.124499 -1.216000 0.000000 0.000000 0.000000 1.000000
0.291238 0.867835 -0.402545 5.906100 0.004302 -0.421970 -0.906600 14.347000 -0.956641 0.262304 -0.126627 -1.216000 0.000000 0.000000 0.000000 1.000000
0.289447 0.868505 -0.402392 5.906100 0.004722 -0.421678 -0.906734 14.347000 -0.957182 0.260551 -0.126155 -1.216000 0.000000 0.000000 0.000000 1.000000
0.287987 0.869635 -0.400998 5.906100 0.005257 -0.420167 -0.907431 14.347000 -0.957620 0.259220 -0.125575 -1.216000 0.000000 0.000000 0.000000 1.000000
0.299721 0.862352 -0.408064 5.906100 0.001679 -0.428204 -0.903680 14.347000 -0.954025 0.270167 -0.129790 -1.216000 0.000000 0.000000 0.000000 1.000000
0.303351 0.861090 -0.408047 5.906100 0.000897 -0.428484 -0.903549 14.347000 -0.952878 0.273727 -0.130753 -1.216000 0.000000 0.000000 0.000000 1.000000
0.313112 0.850325 -0.422976 5.906100 -0.003771 -0.444254 -0.895893 14.347000 -0.949709 0.282109 -0.135895 -1.216000 0.000000 0.000000 0.000000 1.000000
0.312130 0.849706 -0.424942 5.906100 -0.003887 -0.446143 -0.894953 14.347000 -0.950032 0.280994 -0.135951 -1.216000 0.000000 0.000000 0.000000 1.000000
0.300316 0.856302 -0.420187 5.906100 -0.000373 -0.440416 -0.897794 14.347000 -0.953840 0.269778 -0.131944 -1.216000 0.000000 0.000000 0.000000 1.000000
0.292543 0.859078 -0.420005 5.906100 0.001428 -0.439611 -0.898187 14.347000 -0.956251 0.262158 -0.129832 -1.216000 0.000000 0.000000 0.000000 1.000000
0.292286 0.860548 -0.417165 5.906100 0.001950 -0.436749 -0.899581 14.347000 -0.956329 0.262122 -0.129334 -1.216000 0.000000 0.000000 0.000000 1.000000
0.289670 0.857598 -0.424989 5.906100 0.001297 -0.444378 -0.895839 14.347000 -0.957126 0.258946 -0.129836 -1.216000 0.000000 0.000000 0.000000 1.000000
0.272973 0.861949 -0.427235 5.906100 0.004779 -0.445311 -0.895363 14.347000 -0.962010 0.242369 -0.125677 -1.216000 0.000000 0.000000 0.000000 1.000000
0.259140 0.866279 -0.427091 5.906100 0.007954 -0.444096 -0.895944 14.347000 -0.965807 0.228778 -0.121974 -1.216000 0.000000 0.000000 0.000000 1.000000</float_array>
        <technique_common>
          <accessor source="#mixamorig_LeftShoulder-Matrix-animation-output-transform-array" count="32" stride="16">
            <param type="float4x4"/>
          </accessor>
        </technique_common>
      </source>
      <source id="mixamorig_LeftShoulder-Interpolations">
        <Name_array id="mixamorig_LeftShoulder-Interpolations-array" count="32">
 LINEAR LINEAR LINEAR LINEAR LINEAR LINEAR LINEAR LINEAR LINEAR LINEAR LINEAR
LINEAR LINEAR LINEAR LINEAR LINEAR LINEAR LINEAR LINEAR LINEAR LINEAR LINEAR LINEAR
LINEAR LINEAR LINEAR LINEAR LINEAR LINEAR LINEAR LINEAR LINEAR</Name_array>
        <technique_common>
          <accessor source="#mixamorig_LeftShoulder-Interpolations-array" count="32">
            <param type="name"/>
          </accessor>
        </technique_common>
      </source>
      <sampler id="mixamorig_LeftShoulder-Matrix-animation-transform">
        <input semantic="INPUT" source="#mixamorig_LeftShoulder-Matrix-animation-input"/>
        <input semantic="OUTPUT" source="#mixamorig_LeftShoulder-Matrix-animation-output-transform"/>
        <input semantic="INTERPOLATION" source="#mixamorig_LeftShoulder-Interpolations"/>
      </sampler>
      <channel source="#mixamorig_LeftShoulder-Matrix-animation-transform" target="mixamorig_LeftShoulder/matrix"/>
    </animation>
    <animation id="mixamorig_LeftArm-anim" name="mixamorig_LeftArm">
      <source id="mixamorig_LeftArm-Matrix-animation-input">
        <float_array id="mixamorig_LeftArm-Matrix-animation-input-array" count="32">

0.000000 0.033333 0.066667 0.100000 0.133333 0.166667 0.200000 0.233333 0.266667 0.300000 0.333333 0.366667 0.400000 0.433333 0.466667 0.500000
0.533333 0.566667 0.600000 0.633333 0.666667 0.700000 0.733333 0.766667 0.800000 0.833333 0.866667 0.900000 0.933333 0.966667 1.000000 1.033333</float_array>
        <technique_common>
          <accessor source="#mixamorig_LeftArm-Matrix-animation-input-array" count="32">
            <param name="TIME" type="float"/>
          </accessor>
        </technique_common>
      </source>
      <source id="mixamorig_LeftArm-Matrix-animation-output-transform">
        <float_array id="mixamorig_LeftArm-Matrix-animation-output-transform-array" count="512">

0.987527 -0.008178 -0.157235 0.000000 -0.098012 0.749630 -0.654559 12.440700 0.123221 0.661806 0.739479 0.000000 0.000000 0.000000 0.000000 1.000000
0.981701 0.063009 -0.179703 0.000000 -0.170427 0.711716 -0.681480 12.440700 0.084958 0.699635 0.709431 0.000000 0.000000 0.000000 0.000000 1.000000
0.972989 0.145997 -0.178824 -0.000000 -0.229637 0.691519 -0.684886 12.440700 0.023668 0.707450 0.706367 0.000000 0.000000 0.000000 0.000000 1.000000
0.962672 0.206048 -0.175521 0.000000 -0.269187 0.660970 -0.700469 12.440700 -0.028316 0.721570 0.691762 0.000000 0.000000 0.000000 0.000000 1.000000
0.949758 0.253394 -0.183715 -0.000000 -0.305430 0.622170 -0.720845 12.440700 -0.068356 0.740740 0.668305 0.000000 0.000000 0.000000 0.000000 1.000000
0.932520 0.300255 -0.200630 0.000000 -0.346115 0.584669 -0.733734 12.440700 -0.103005 0.753663 0.649139 0.000000 0.000000 0.000000 0.000000 1.000000
0.917418 0.330756 -0.221235 0.000000 -0.378617 0.554480 -0.741081 12.440700 -0.122447 0.763645 0.633919 0.000000 0.000000 0.000000 0.000000 1.000000
0.896323 0.374069 -0.238070 0.000000 -0.418408 0.535828 -0.733364 12.440700 -0.146764 0.756941 0.636789 0.000000 0.000000 0.000000 0.000000 1.000000
0.869233 0.427668 -0.248060 0.000000 -0.462317 0.525305 -0.714365 12.440700 -0.175204 0.735632 0.654331 0.000000 0.000000 0.000000 0.000000 1.000000
0.850928 0.459065 -0.255304 0.000000 -0.488908 0.514450 -0.704493 12.440700 -0.192067 0.724294 0.662200 0.000000 0.000000 0.000000 0.000000 1.000000
0.852335 0.454072 -0.259506 0.000000 -0.489060 0.516165 -0.703132 12.440700 -0.185324 0.726218 0.662014 0.000000 0.000000 0.000000 0.000000 1.000000
0.854351 0.445915 -0.266917 -0.000000 -0.492079 0.528898 -0.691466 12.440700 -0.167163 0.722099 0.671290 0.000000 0.000000 0.000000 0.000000 1.000000
0.860553 0.432486 -0.269081 0.000000 -0.490216 0.559740 -0.668116 12.440700 -0.138336 0.706857 0.693697 0.000000 0.000000 0.000000 0.000000 1.000000
0.898132 0.357772 -0.255651 0.000000 -0.430010 0.593062 -0.680712 12.440700 -0.091923 0.721302 0.686494 0.000000 0.000000 0.000000 0.000000 1.000000
0.937229 0.269865 -0.220850 0.000000 -0.344843 0.623140 -0.701983 12.440700 -0.051820 0.734077 0.677086 0.000000 0.000000 0.000000 0.000000 1.000000
0.961692 0.204832 -0.182190 -0.000000 -0.272760 0.648524 -0.710647 12.440700 -0.027409 0.733117 0.679550 -0.000000 0.000000 0.000000 0.000000 1.000000
0.975239 0.162914 -0.149561 0.000000 -0.220627 0.669963 -0.708854 12.440700 -0.015282 0.724299 0.689317 0.000000 0.000000 0.000000 0.000000 1.000000
0.982080 0.140944 -0.125113 0.000000 -0.188175 0.696572 -0.692371 12.440700 -0.010435 0.703507 0.710611 0.000000 0.000000 0.000000 0.000000 1.000000
0.989604 0.101186 -0.102199 0.000000 -0.143718 0.722169 -0.676622 12.440700 0.005341 0.684275 0.729204 -0.000000 0.000000 0.000000 0.000000 1.000000
0.993269 0.065037 -0.095851 0.000000 -0.112086 0.748420 -0.653686 12.440700 0.029223 0.660029 0.750672 -0.000000 0.000000 0.000000 0.000000 1.000000
0.996052 0.009787 -0.088234 0.000000 -0.063666 0.771419 -0.633135 12.440700 0.061869 0.636253 0.768996 -0.000000 0.000000 0.000000 0.000000 1.000000
0.994955 -0.042265 -0.090989 0.000000 -0.023176 0.785577 -0.618330 12.440700 0.097613 0.617319 0.780634 -0.000000 0.000000 0.000000 0.000000 1.000000
0.991604 -0.069227 -0.109220 0.000000 -0.009708 0.802391 -0.596719 12.440700 0.128946 0.592769 0.794982 0.000000 0.000000 0.000000 0.000000 1.000000
0.988889 -0.082078 -0.123945 0.000000 -0.006152 0.810448 -0.585779 12.440700 0.148530 0.580033 0.800938 -0.000000 0.000000 0.000000 0.000000 1.000000
0.989460 -0.056777 -0.133211 -0.000000 -0.028517 0.825510 -0.563667 12.440700 0.141970 0.561525 0.815190 0.000000 0.000000 0.000000 0.000000 1.000000
0.989790 -0.044905 -0.135273 0.000000 -0.039061 0.827279 -0.560432 12.440700 0.137074 0.559994 0.817078 0.000000 0.000000 0.000000 0.000000 1.000000
0.990278 -0.069103 -0.120726 0.000000 -0.013237 0.817132 -0.576299 12.440700 0.138473 0.572294 0.808273 0.000000 0.000000 0.000000 0.000000 1.000000
0.989734 -0.097825 -0.104192 0.000000 0.018962 0.812470 -0.582694 12.440700 0.141655 0.574737 0.805985 0.000000 0.000000 0.000000 0.000000 1.000000
0.988757 -0.123345 -0.084525 -0.000000 0.048288 0.798390 -0.600201 12.440700 0.141516 0.589372 0.795370 0.000000 0.000000 0.000000 0.000000 1.000000
0.988068 -0.120500 -0.095919 0.000000 0.036812 0.789509 -0.612634 12.440700 0.149551 0.601793 0.784525 0.000000 0.000000 0.000000 0.000000 1.000000
0.987094 -0.091605 -0.131358 0.000000 -0.012623 0.773187 -0.634053 12.440700 0.159647 0.627528 0.762051 -0.000000 0.000000 0.000000 0.000000 1.000000
0.987527 -0.008176 -0.157236 0.000000 -0.098013 0.749630 -0.654559 12.440700 0.123220 0.661806 0.739479 0.000000 0.000000 0.000000 0.000000 1.000000</float_array>
        <technique_common>
          <accessor source="#mixamorig_LeftArm-Matrix-animation-output-transform-array" count="32" stride="16">
            <param type="float4x4"/>
          </accessor>
        </technique_common>
      </source>
      <source id="mixamorig_LeftArm-Interpolations">
        <Name_array id="mixamorig_LeftArm-Interpolations-array" count="32">
 LINEAR LINEAR LINEAR LINEAR LINEAR LINEAR LINEAR LINEAR LINEAR LINEAR LINEAR
LINEAR LINEAR LINEAR LINEAR LINEAR LINEAR LINEAR LINEAR LINEAR LINEAR LINEAR LINEAR
LINEAR LINEAR LINEAR LINEAR LINEAR LINEAR LINEAR LINEAR LINEAR</Name_array>
        <technique_common>
          <accessor source="#mixamorig_LeftArm-Interpolations-array" count="32">
            <param type="name"/>
          </accessor>
        </technique_common>
      </source>
      <sampler id="mixamorig_LeftArm-Matrix-animation-transform">
        <input semantic="INPUT" source="#mixamorig_LeftArm-Matrix-animation-input"/>
        <input semantic="OUTPUT" source="#mixamorig_LeftArm-Matrix-animation-output-transform"/>
        <input semantic="INTERPOLATION" source="#mixamorig_LeftArm-Interpolations"/>
      </sampler>
      <channel source="#mixamorig_LeftArm-Matrix-animation-transform" target="mixamorig_LeftArm/matrix"/>
    </animation>
    <animation id="mixamorig_LeftForeArm-anim" name="mixamorig_LeftForeArm">
      <source id="mixamorig_LeftForeArm-Matrix-animation-input">
        <float_array id="mixamorig_LeftForeArm-Matrix-animation-input-array" count="32">

0.000000 0.033333 0.066667 0.100000 0.133333 0.166667 0.200000 0.233333 0.266667 0.300000 0.333333 0.366667 0.400000 0.433333 0.466667 0.500000
0.533333 0.566667 0.600000 0.633333 0.666667 0.700000 0.733333 0.766667 0.800000 0.833333 0.866667 0.900000 0.933333 0.966667 1.000000 1.033333</float_array>
        <technique_common>
          <accessor source="#mixamorig_LeftForeArm-Matrix-animation-input-array" count="32">
            <param name="TIME" type="float"/>
          </accessor>
        </technique_common>
      </source>
      <source id="mixamorig_LeftForeArm-Matrix-animation-output-transform">
        <float_array id="mixamorig_LeftForeArm-Matrix-animation-output-transform-array" count="512">

0.806390 -0.473152 0.354771 0.000000 0.529019 0.845278 -0.075123 27.894699 -0.264335 0.248259 0.931930 0.000000 0.000000 0.000000 0.000000 1.000000
0.823778 -0.458674 0.333179 0.000000 0.506181 0.859746 -0.067944 27.894699 -0.255285 0.224620 0.940412 0.000000 0.000000 0.000000 0.000000 1.000000
0.815223 -0.467120 0.342361 0.000000 0.514795 0.855291 -0.058854 27.894699 -0.265327 0.224225 0.937723 -0.000000 0.000000 0.000000 0.000000 1.000000
0.820846 -0.446936 0.355613 0.000000 0.496276 0.866308 -0.056752 27.894699 -0.282706 0.223067 0.932909 0.000000 0.000000 0.000000 0.000000 1.000000
0.832867 -0.418061 0.362709 0.000000 0.465127 0.883871 -0.049287 27.894699 -0.299983 0.209755 0.930598 0.000000 0.000000 0.000000 0.000000 1.000000
0.842481 -0.396339 0.364884 0.000000 0.438358 0.898052 -0.036657 27.894699 -0.313157 0.190833 0.930331 -0.000000 0.000000 0.000000 0.000000 1.000000
0.849349 -0.380805 0.365504 0.000000 0.417309 0.908468 -0.023233 27.894699 -0.323202 0.172261 0.930520 0.000000 0.000000 0.000000 0.000000 1.000000
0.829174 -0.417363 0.371859 0.000000 0.452795 0.891569 -0.008975 27.894699 -0.327792 0.175817 0.928246 -0.000000 0.000000 0.000000 0.000000 1.000000
0.785336 -0.490576 0.377602 0.000000 0.528069 0.849187 0.004978 27.894699 -0.323096 0.195491 0.925955 0.000000 0.000000 0.000000 0.000000 1.000000
0.763600 -0.531237 0.367018 0.000000 0.566019 0.824248 0.015417 27.894699 -0.310704 0.195967 0.930086 0.000000 0.000000 0.000000 0.000000 1.000000
0.758277 -0.543961 0.359335 0.000000 0.579462 0.814927 0.010843 27.894699 -0.298730 0.199999 0.933146 0.000000 0.000000 0.000000 0.000000 1.000000
0.746384 -0.566268 0.349645 0.000000 0.602157 0.798342 0.007537 27.894699 -0.283404 0.204916 0.936852 0.000000 0.000000 0.000000 0.000000 1.000000
0.750706 -0.571532 0.331348 0.000000 0.601546 0.798701 0.014785 27.894699 -0.273098 0.188222 0.943393 0.000000 0.000000 0.000000 0.000000 1.000000
0.806587 -0.501413 0.313052 -0.000000 0.526471 0.850177 0.005254 27.894699 -0.268784 0.160575 0.949721 0.000000 0.000000 0.000000 0.000000 1.000000
0.843458 -0.442015 0.305290 0.000000 0.463795 0.885942 0.001337 27.894699 -0.271060 0.140464 0.952259 0.000000 0.000000 0.000000 0.000000 1.000000
0.846101 -0.435696 0.307054 -0.000000 0.457508 0.889205 0.001059 27.894699 -0.273495 0.139583 0.951692 0.000000 0.000000 0.000000 0.000000 1.000000
0.815705 -0.486824 0.312453 -0.000000 0.513536 0.858060 -0.003744 27.894699 -0.266281 0.163510 0.949926 -0.000000 0.000000 0.000000 0.000000 1.000000
0.747887 -0.583107 0.317255 0.000000 0.615006 0.788522 -0.000510 27.894699 -0.249865 0.195495 0.948340 0.000000 0.000000 0.000000 0.000000 1.000000
0.675257 -0.667705 0.313364 0.000000 0.702358 0.711817 0.003227 27.894699 -0.225213 0.217915 0.949627 0.000000 0.000000 0.000000 0.000000 1.000000
0.603751 -0.739760 0.297054 0.000000 0.772923 0.634436 0.009014 27.894699 -0.195130 0.224157 0.954818 0.000000 0.000000 0.000000 0.000000 1.000000
0.557018 -0.782972 0.276924 0.000000 0.812089 0.583320 0.015800 27.894699 -0.173906 0.216086 0.960762 0.000000 0.000000 0.000000 0.000000 1.000000
0.529031 -0.808488 0.257824 0.000000 0.833464 0.552163 0.021287 27.894699 -0.159571 0.203626 0.965957 0.000000 0.000000 0.000000 0.000000 1.000000
0.513507 -0.822172 0.245649 0.000000 0.844661 0.534758 0.024110 27.894699 -0.151186 0.195110 0.969059 0.000000 0.000000 0.000000 0.000000 1.000000
0.509336 -0.825915 0.241748 -0.000000 0.847861 0.529704 0.023349 27.894699 -0.147339 0.193076 0.970058 -0.000000 0.000000 0.000000 0.000000 1.000000
0.502684 -0.829066 0.244864 0.000000 0.851640 0.523561 0.024345 27.894699 -0.148385 0.196298 0.969252 0.000000 0.000000 0.000000 0.000000 1.000000
0.525848 -0.809292 0.261782 0.000000 0.836419 0.547918 0.013738 27.894699 -0.154553 0.211735 0.965029 0.000000 0.000000 0.000000 0.000000 1.000000
0.591931 -0.755041 0.282013 0.000000 0.788062 0.615566 -0.006032 27.894699 -0.169043 0.225814 0.959392 0.000000 0.000000 0.000000 0.000000 1.000000
0.662948 -0.682100 0.308608 0.000000 0.723481 0.689702 -0.029762 27.894699 -0.192548 0.243003 0.950723 0.000000 0.000000 0.000000 0.000000 1.000000
0.739684 -0.587574 0.328061 0.000000 0.634395 0.771478 -0.048622 27.894699 -0.224523 0.244085 0.943404 -0.000000 0.000000 0.000000 0.000000 1.000000
0.792129 -0.504735 0.343183 -0.000000 0.559217 0.825462 -0.076732 27.894699 -0.244556 0.252695 0.936129 0.000000 0.000000 0.000000 0.000000 1.000000
0.821350 -0.449754 0.350863 -0.000000 0.510850 0.853641 -0.101632 27.894699 -0.253802 0.262714 0.930895 0.000000 0.000000 0.000000 0.000000 1.000000
0.806390 -0.473152 0.354771 0.000000 0.529020 0.845278 -0.075123 27.894699 -0.264335 0.248259 0.931930 0.000000 0.000000 0.000000 0.000000 1.000000</float_array>
        <technique_common>
          <accessor source="#mixamorig_LeftForeArm-Matrix-animation-output-transform-array" count="32" stride="16">
            <param type="float4x4"/>
          </accessor>
        </technique_common>
      </source>
      <source id="mixamorig_LeftForeArm-Interpolations">
        <Name_array id="mixamorig_LeftForeArm-Interpolations-array" count="32">
 LINEAR LINEAR LINEAR LINEAR LINEAR LINEAR LINEAR LINEAR LINEAR LINEAR LINEAR
LINEAR LINEAR LINEAR LINEAR LINEAR LINEAR LINEAR LINEAR LINEAR LINEAR LINEAR LINEAR
LINEAR LINEAR LINEAR LINEAR LINEAR LINEAR LINEAR LINEAR LINEAR</Name_array>
        <technique_common>
          <accessor source="#mixamorig_LeftForeArm-Interpolations-array" count="32">
            <param type="name"/>
          </accessor>
        </technique_common>
      </source>
      <sampler id="mixamorig_LeftForeArm-Matrix-animation-transform">
        <input semantic="INPUT" source="#mixamorig_LeftForeArm-Matrix-animation-input"/>
        <input semantic="OUTPUT" source="#mixamorig_LeftForeArm-Matrix-animation-output-transform"/>
        <input semantic="INTERPOLATION" source="#mixamorig_LeftForeArm-Interpolations"/>
      </sampler>
      <channel source="#mixamorig_LeftForeArm-Matrix-animation-transform" target="mixamorig_LeftForeArm/matrix"/>
    </animation>
    <animation id="mixamorig_LeftHand-anim" name="mixamorig_LeftHand">
      <source id="mixamorig_LeftHand-Matrix-animation-input">
        <float_array id="mixamorig_LeftHand-Matrix-animation-input-array" count="32">

0.000000 0.033333 0.066667 0.100000 0.133333 0.166667 0.200000 0.233333 0.266667 0.300000 0.333333 0.366667 0.400000 0.433333 0.466667 0.500000
0.533333 0.566667 0.600000 0.633333 0.666667 0.700000 0.733333 0.766667 0.800000 0.833333 0.866667 0.900000 0.933333 0.966667 1.000000 1.033333</float_array>
        <technique_common>
          <accessor source="#mixamorig_LeftHand-Matrix-animation-input-array" count="32">
            <param name="TIME" type="float"/>
          </accessor>
        </technique_common>
      </source>
      <source id="mixamorig_LeftHand-Matrix-animation-output-transform">
        <float_array id="mixamorig_LeftHand-Matrix-animation-output-transform-array" count="512">

0.931568 -0.223818 0.286506 0.000100 0.156725 0.958283 0.239019 28.325500 -0.328051 -0.177760 0.927784 0.000000 0.000000 0.000000 0.000000 1.000000
0.916481 -0.239965 0.320122 0.000100 0.171546 0.958566 0.227427 28.325500 -0.361433 -0.153517 0.919673 0.000000 0.000000 0.000000 0.000000 1.000000
0.924808 -0.232639 0.301015 0.000100 0.167819 0.959562 0.226005 28.325500 -0.341420 -0.158496 0.926451 0.000000 0.000000 0.000000 0.000000 1.000000
0.925465 -0.241152 0.292164 0.000100 0.177387 0.957303 0.228263 28.325500 -0.334735 -0.159424 0.928728 0.000000 0.000000 0.000000 0.000000 1.000000
0.916122 -0.262194 0.303274 0.000100 0.198379 0.953857 0.225393 28.325500 -0.348376 -0.146325 0.925863 0.000000 0.000000 0.000000 0.000000 1.000000
0.900249 -0.284768 0.329332 0.000100 0.220704 0.950529 0.218599 28.325500 -0.375289 -0.124108 0.918561 0.000000 0.000000 0.000000 0.000000 1.000000
0.888513 -0.265441 0.374282 0.000100 0.207512 0.959960 0.188189 28.325500 -0.409249 -0.089540 0.908019 0.000000 0.000000 0.000000 0.000000 1.000000
0.896042 -0.160262 0.414034 0.000100 0.120818 0.985401 0.119951 28.325500 -0.427213 -0.057458 0.902323 0.000000 0.000000 0.000000 0.000000 1.000000
0.908275 -0.026409 0.417539 0.000100 0.007486 0.998872 0.046895 28.325500 -0.418307 -0.039468 0.907448 0.000000 0.000000 0.000000 0.000000 1.000000
0.913111 0.065286 0.402449 0.000100 -0.071577 0.997435 0.000595 28.325500 -0.401378 -0.029349 0.915442 0.000000 0.000000 0.000000 0.000000 1.000000
0.903848 0.144143 0.402841 0.000100 -0.139704 0.989362 -0.040557 28.325500 -0.404402 -0.019621 0.914371 0.000000 0.000000 0.000000 0.000000 1.000000
0.890842 0.208243 0.403777 0.000100 -0.193326 0.978039 -0.077881 28.325500 -0.411128 -0.008681 0.911536 -0.000000 0.000000 0.000000 0.000000 1.000000
0.892739 0.221622 0.392302 0.000100 -0.202105 0.975131 -0.090960 28.325500 -0.402705 0.001918 0.915328 0.000000 0.000000 0.000000 0.000000 1.000000
0.900626 0.163282 0.402755 0.000100 -0.150143 0.986576 -0.064228 28.325500 -0.407836 -0.002626 0.913052 0.000000 0.000000 0.000000 0.000000 1.000000
0.913204 0.095338 0.396194 0.000100 -0.089541 0.995431 -0.033149 28.325500 -0.397544 -0.005204 0.917568 0.000000 0.000000 0.000000 0.000000 1.000000
0.928056 0.044739 0.369743 0.000100 -0.041949 0.998998 -0.015588 28.325500 -0.370070 -0.001043 0.929003 0.000000 0.000000 0.000000 0.000000 1.000000
0.943313 0.018720 0.331375 0.000100 -0.015933 0.999811 -0.011127 28.325500 -0.331521 0.005216 0.943434 -0.000000 0.000000 0.000000 0.000000 1.000000
0.958243 0.019789 0.285270 0.000100 -0.015299 0.999722 -0.017957 28.325500 -0.285546 0.012843 0.958279 0.000000 0.000000 0.000000 0.000000 1.000000
0.969034 0.024906 0.245668 0.000100 -0.021068 0.999612 -0.018242 28.325500 -0.246027 0.012502 0.969182 0.000000 0.000000 0.000000 0.000000 1.000000
0.977030 0.026772 0.211414 0.000100 -0.026676 0.999639 -0.003307 28.325500 -0.211426 -0.002409 0.977391 0.000000 0.000000 0.000000 0.000000 1.000000
0.982503 0.014178 0.185708 0.000100 -0.019921 0.999378 0.029093 28.325500 -0.185180 -0.032284 0.982174 -0.000000 0.000000 0.000000 0.000000 1.000000
0.984392 -0.019962 0.174851 0.000100 0.005371 0.996491 0.083529 28.325500 -0.175905 -0.081286 0.981045 0.000000 0.000000 0.000000 0.000000 1.000000
0.982499 -0.072758 0.171472 0.000100 0.045948 0.986777 0.155433 28.325500 -0.180514 -0.144834 0.972850 0.000000 0.000000 0.000000 0.000000 1.000000
0.976828 -0.127059 0.172230 0.000100 0.087352 0.971321 0.221145 28.325500 -0.195389 -0.200976 0.959912 0.000000 0.000000 0.000000 0.000000 1.000000
0.972285 -0.165644 0.164995 0.000100 0.117269 0.956042 0.268760 28.325500 -0.202260 -0.241963 0.948970 0.000000 0.000000 0.000000 0.000000 1.000000
0.968101 -0.193501 0.159179 0.000100 0.139390 0.943830 0.299592 28.325500 -0.208210 -0.267848 0.940695 0.000000 0.000000 0.000000 0.000000 1.000000
0.965319 -0.211840 0.152588 0.000100 0.155781 0.936392 0.314487 28.325500 -0.209503 -0.279810 0.936918 0.000000 0.000000 0.000000 0.000000 1.000000
0.966792 -0.209791 0.145951 0.000100 0.155932 0.936695 0.313508 28.325500 -0.202483 -0.280338 0.938302 0.000000 0.000000 0.000000 0.000000 1.000000
0.967068 -0.211731 0.141245 0.000100 0.160940 0.938619 0.305110 28.325500 -0.197177 -0.272330 0.941784 -0.000000 0.000000 0.000000 0.000000 1.000000
0.960373 -0.214309 0.178199 0.000100 0.157758 0.945050 0.286345 28.325500 -0.229774 -0.246886 0.941409 0.000000 0.000000 0.000000 0.000000 1.000000
0.942690 -0.222601 0.248563 0.000100 0.154967 0.951806 0.264671 28.325500 -0.295500 -0.210983 0.931754 0.000000 0.000000 0.000000 0.000000 1.000000
0.931568 -0.223817 0.286507 0.000100 0.156725 0.958283 0.239019 28.325500 -0.328051 -0.177760 0.927784 -0.000000 0.000000 0.000000 0.000000 1.000000</float_array>
        <technique_common>
          <accessor source="#mixamorig_LeftHand-Matrix-animation-output-transform-array" count="32" stride="16">
            <param type="float4x4"/>
          </accessor>
        </technique_common>
      </source>
      <source id="mixamorig_LeftHand-Interpolations">
        <Name_array id="mixamorig_LeftHand-Interpolations-array" count="32">
 LINEAR LINEAR LINEAR LINEAR LINEAR LINEAR LINEAR LINEAR LINEAR LINEAR LINEAR
LINEAR LINEAR LINEAR LINEAR LINEAR LINEAR LINEAR LINEAR LINEAR LINEAR LINEAR LINEAR
LINEAR LINEAR LINEAR LINEAR LINEAR LINEAR LINEAR LINEAR LINEAR</Name_array>
        <technique_common>
          <accessor source="#mixamorig_LeftHand-Interpolations-array" count="32">
            <param type="name"/>
          </accessor>
        </technique_common>
      </source>
      <sampler id="mixamorig_LeftHand-Matrix-animation-transform">
        <input semantic="INPUT" source="#mixamorig_LeftHand-Matrix-animation-input"/>
        <input semantic="OUTPUT" source="#mixamorig_LeftHand-Matrix-animation-output-transform"/>
        <input semantic="INTERPOLATION" source="#mixamorig_LeftHand-Interpolations"/>
      </sampler>
      <channel source="#mixamorig_LeftHand-Matrix-animation-transform" target="mixamorig_LeftHand/matrix"/>
    </animation>
    <animation id="mixamorig_LeftHandThumb1-anim" name="mixamorig_LeftHandThumb1">
      <source id="mixamorig_LeftHandThumb1-Matrix-animation-input">
        <float_array id="mixamorig_LeftHandThumb1-Matrix-animation-input-array" count="32">

0.000000 0.033333 0.066667 0.100000 0.133333 0.166667 0.200000 0.233333 0.266667 0.300000 0.333333 0.366667 0.400000 0.433333 0.466667 0.500000
0.533333 0.566667 0.600000 0.633333 0.666667 0.700000 0.733333 0.766667 0.800000 0.833333 0.866667 0.900000 0.933333 0.966667 1.000000 1.033333</float_array>
        <technique_common>
          <accessor source="#mixamorig_LeftHandThumb1-Matrix-animation-input-array" count="32">
            <param name="TIME" type="float"/>
          </accessor>
        </technique_common>
      </source>
      <source id="mixamorig_LeftHandThumb1-Matrix-animation-output-transform">
        <float_array id="mixamorig_LeftHandThumb1-Matrix-animation-output-transform-array" count="512">

0.925550 -0.365703 0.098071 -2.444000 0.360116 0.770271 -0.526306 3.245300 0.116931 0.522440 0.844621 0.952300 0.000000 0.000000 0.000000 1.000000
0.925550 -0.365703 0.098071 -2.444000 0.360116 0.770272 -0.526306 3.245300 0.116930 0.522440 0.844621 0.952300 0.000000 0.000000 0.000000 1.000000
0.925550 -0.365703 0.098071 -2.444000 0.360116 0.770272 -0.526306 3.245300 0.116930 0.522440 0.844621 0.952300 0.000000 0.000000 0.000000 1.000000
0.925550 -0.365703 0.098071 -2.444000 0.360116 0.770272 -0.526306 3.245300 0.116930 0.522440 0.844621 0.952300 0.000000 0.000000 0.000000 1.000000
0.925550 -0.365703 0.098071 -2.444000 0.360116 0.770272 -0.526306 3.245300 0.116930 0.522439 0.844621 0.952300 0.000000 0.000000 0.000000 1.000000
0.925550 -0.365703 0.098071 -2.444000 0.360116 0.770272 -0.526306 3.245300 0.116930 0.522440 0.844621 0.952300 0.000000 0.000000 0.000000 1.000000
0.925550 -0.365703 0.098071 -2.444000 0.360116 0.770272 -0.526306 3.245300 0.116930 0.522440 0.844621 0.952300 0.000000 0.000000 0.000000 1.000000
0.925550 -0.365703 0.098071 -2.444000 0.360116 0.770272 -0.526306 3.245300 0.116930 0.522439 0.844621 0.952300 0.000000 0.000000 0.000000 1.000000
0.925550 -0.365703 0.098071 -2.444000 0.360116 0.770272 -0.526306 3.245300 0.116930 0.522440 0.844621 0.952300 0.000000 0.000000 0.000000 1.000000
0.925550 -0.365703 0.098071 -2.444000 0.360116 0.770271 -0.526306 3.245300 0.116930 0.522440 0.844621 0.952300 0.000000 0.000000 0.000000 1.000000
0.925551 -0.365702 0.098071 -2.444000 0.360116 0.770272 -0.526306 3.245300 0.116930 0.522440 0.844621 0.952300 0.000000 0.000000 0.000000 1.000000
0.925550 -0.365703 0.098071 -2.444000 0.360116 0.770272 -0.526306 3.245300 0.116930 0.522440 0.844621 0.952300 0.000000 0.000000 0.000000 1.000000
0.925550 -0.365703 0.098071 -2.444000 0.360116 0.770272 -0.526306 3.245300 0.116930 0.522439 0.844621 0.952300 0.000000 0.000000 0.000000 1.000000
0.925550 -0.365703 0.098071 -2.444000 0.360116 0.770272 -0.526306 3.245300 0.116930 0.522440 0.844621 0.952300 0.000000 0.000000 0.000000 1.000000
0.925550 -0.365703 0.098071 -2.444000 0.360116 0.770272 -0.526306 3.245300 0.116930 0.522440 0.844621 0.952300 0.000000 0.000000 0.000000 1.000000
0.925550 -0.365703 0.098071 -2.444000 0.360116 0.770272 -0.526306 3.245300 0.116930 0.522440 0.844621 0.952300 0.000000 0.000000 0.000000 1.000000
0.925550 -0.365703 0.098071 -2.444000 0.360116 0.770272 -0.526306 3.245300 0.116930 0.522440 0.844621 0.952300 0.000000 0.000000 0.000000 1.000000
0.925550 -0.365703 0.098071 -2.444000 0.360117 0.770272 -0.526306 3.245300 0.116930 0.522440 0.844621 0.952300 0.000000 0.000000 0.000000 1.000000
0.925550 -0.365703 0.098071 -2.444000 0.360116 0.770272 -0.526306 3.245300 0.116930 0.522440 0.844621 0.952300 0.000000 0.000000 0.000000 1.000000
0.925550 -0.365703 0.098071 -2.444000 0.360116 0.770272 -0.526306 3.245300 0.116930 0.522440 0.844621 0.952300 0.000000 0.000000 0.000000 1.000000
0.925550 -0.365703 0.098071 -2.444000 0.360116 0.770271 -0.526306 3.245300 0.116930 0.522440 0.844621 0.952300 0.000000 0.000000 0.000000 1.000000
0.925550 -0.365703 0.098071 -2.444000 0.360116 0.770272 -0.526306 3.245300 0.116930 0.522440 0.844621 0.952300 0.000000 0.000000 0.000000 1.000000
0.925550 -0.365703 0.098071 -2.444000 0.360116 0.770271 -0.526306 3.245300 0.116930 0.522440 0.844621 0.952300 0.000000 0.000000 0.000000 1.000000
0.925551 -0.365703 0.098071 -2.444000 0.360116 0.770272 -0.526306 3.245300 0.116930 0.522440 0.844621 0.952300 0.000000 0.000000 0.000000 1.000000
0.925550 -0.365703 0.098071 -2.444000 0.360116 0.770271 -0.526306 3.245300 0.116930 0.522440 0.844621 0.952300 0.000000 0.000000 0.000000 1.000000
0.925550 -0.365703 0.098071 -2.444000 0.360116 0.770272 -0.526306 3.245300 0.116930 0.522439 0.844621 0.952300 0.000000 0.000000 0.000000 1.000000
0.925550 -0.365703 0.098071 -2.444000 0.360116 0.770272 -0.526306 3.245300 0.116930 0.522440 0.844621 0.952300 0.000000 0.000000 0.000000 1.000000
0.925551 -0.365703 0.098071 -2.444000 0.360116 0.770272 -0.526306 3.245300 0.116930 0.522440 0.844621 0.952300 0.000000 0.000000 0.000000 1.000000
0.925550 -0.365703 0.098071 -2.444000 0.360116 0.770271 -0.526306 3.245300 0.116930 0.522440 0.844621 0.952300 0.000000 0.000000 0.000000 1.000000
0.925550 -0.365703 0.098071 -2.444000 0.360116 0.770272 -0.526306 3.245300 0.116930 0.522440 0.844621 0.952300 0.000000 0.000000 0.000000 1.000000
0.925550 -0.365703 0.098071 -2.444000 0.360116 0.770272 -0.526306 3.245300 0.116930 0.522440 0.844621 0.952300 0.000000 0.000000 0.000000 1.000000
0.925550 -0.365703 0.098071 -2.444000 0.360116 0.770272 -0.526306 3.245300 0.116930 0.522440 0.844621 0.952300 0.000000 0.000000 0.000000 1.000000</float_array>
        <technique_common>
          <accessor source="#mixamorig_LeftHandThumb1-Matrix-animation-output-transform-array" count="32" stride="16">
            <param type="float4x4"/>
          </accessor>
        </technique_common>
      </source>
      <source id="mixamorig_LeftHandThumb1-Interpolations">
        <Name_array id="mixamorig_LeftHandThumb1-Interpolations-array" count="32">
 LINEAR LINEAR LINEAR LINEAR LINEAR LINEAR LINEAR LINEAR LINEAR LINEAR LINEAR
LINEAR LINEAR LINEAR LINEAR LINEAR LINEAR LINEAR LINEAR LINEAR LINEAR LINEAR LINEAR
LINEAR LINEAR LINEAR LINEAR LINEAR LINEAR LINEAR LINEAR LINEAR</Name_array>
        <technique_common>
          <accessor source="#mixamorig_LeftHandThumb1-Interpolations-array" count="32">
            <param type="name"/>
          </accessor>
        </technique_common>
      </source>
      <sampler id="mixamorig_LeftHandThumb1-Matrix-animation-transform">
        <input semantic="INPUT" source="#mixamorig_LeftHandThumb1-Matrix-animation-input"/>
        <input semantic="OUTPUT" source="#mixamorig_LeftHandThumb1-Matrix-animation-output-transform"/>
        <input semantic="INTERPOLATION" source="#mixamorig_LeftHandThumb1-Interpolations"/>
      </sampler>
      <channel source="#mixamorig_LeftHandThumb1-Matrix-animation-transform" target="mixamorig_LeftHandThumb1/matrix"/>
    </animation>
    <animation id="mixamorig_LeftHandThumb2-anim" name="mixamorig_LeftHandThumb2">
      <source id="mixamorig_LeftHandThumb2-Matrix-animation-input">
        <float_array id="mixamorig_LeftHandThumb2-Matrix-animation-input-array" count="32">

0.000000 0.033333 0.066667 0.100000 0.133333 0.166667 0.200000 0.233333 0.266667 0.300000 0.333333 0.366667 0.400000 0.433333 0.466667 0.500000
0.533333 0.566667 0.600000 0.633333 0.666667 0.700000 0.733333 0.766667 0.800000 0.833333 0.866667 0.900000 0.933333 0.966667 1.000000 1.033333</float_array>
        <technique_common>
          <accessor source="#mixamorig_LeftHandThumb2-Matrix-animation-input-array" count="32">
            <param name="TIME" type="float"/>
          </accessor>
        </technique_common>
      </source>
      <source id="mixamorig_LeftHandThumb2-Matrix-animation-output-transform">
        <float_array id="mixamorig_LeftHandThumb2-Matrix-animation-output-transform-array" count="512">

0.991570 0.129575 -0.000351 0.000000 -0.129564 0.991519 0.010145 3.338200 0.001663 -0.010014 0.999948 0.000000 0.000000 0.000000 0.000000 1.000000
0.991570 0.129575 -0.000351 -0.000000 -0.129565 0.991519 0.010145 3.338200 0.001663 -0.010014 0.999948 0.000000 0.000000 0.000000 0.000000 1.000000
0.991570 0.129574 -0.000351 -0.000000 -0.129564 0.991519 0.010145 3.338200 0.001663 -0.010014 0.999948 0.000000 0.000000 0.000000 0.000000 1.000000
0.991570 0.129575 -0.000352 0.000000 -0.129564 0.991519 0.010145 3.338200 0.001663 -0.010014 0.999948 -0.000000 0.000000 0.000000 0.000000 1.000000
0.991570 0.129575 -0.000351 -0.000000 -0.129564 0.991519 0.010145 3.338200 0.001663 -0.010013 0.999948 0.000000 0.000000 0.000000 0.000000 1.000000
0.991570 0.129575 -0.000351 0.000000 -0.129565 0.991519 0.010145 3.338200 0.001663 -0.010014 0.999948 -0.000000 0.000000 0.000000 0.000000 1.000000
0.991570 0.129575 -0.000351 0.000000 -0.129564 0.991519 0.010145 3.338200 0.001663 -0.010014 0.999948 0.000000 0.000000 0.000000 0.000000 1.000000
0.991570 0.129575 -0.000351 0.000000 -0.129564 0.991519 0.010145 3.338200 0.001663 -0.010014 0.999948 -0.000000 0.000000 0.000000 0.000000 1.000000
0.991570 0.129574 -0.000351 -0.000000 -0.129564 0.991519 0.010145 3.338200 0.001663 -0.010014 0.999948 -0.000000 0.000000 0.000000 0.000000 1.000000
0.991570 0.129575 -0.000351 -0.000000 -0.129565 0.991519 0.010145 3.338200 0.001663 -0.010014 0.999948 0.000000 0.000000 0.000000 0.000000 1.000000
0.991570 0.129575 -0.000351 0.000000 -0.129565 0.991519 0.010145 3.338200 0.001663 -0.010014 0.999948 -0.000000 0.000000 0.000000 0.000000 1.000000
0.991570 0.129575 -0.000351 0.000000 -0.129565 0.991519 0.010145 3.338200 0.001663 -0.010014 0.999948 0.000000 0.000000 0.000000 0.000000 1.000000
0.991570 0.129575 -0.000351 0.000000 -0.129565 0.991519 0.010145 3.338200 0.001663 -0.010014 0.999948 -0.000000 0.000000 0.000000 0.000000 1.000000
0.991570 0.129575 -0.000351 0.000000 -0.129564 0.991519 0.010145 3.338200 0.001663 -0.010014 0.999948 0.000000 0.000000 0.000000 0.000000 1.000000
0.991570 0.129575 -0.000351 0.000000 -0.129564 0.991519 0.010145 3.338200 0.001663 -0.010014 0.999948 0.000000 0.000000 0.000000 0.000000 1.000000
0.991570 0.129575 -0.000351 0.000000 -0.129564 0.991519 0.010145 3.338200 0.001663 -0.010014 0.999948 0.000000 0.000000 0.000000 0.000000 1.000000
0.991570 0.129575 -0.000352 -0.000000 -0.129565 0.991519 0.010145 3.338200 0.001663 -0.010014 0.999948 0.000000 0.000000 0.000000 0.000000 1.000000
0.991570 0.129575 -0.000351 0.000000 -0.129564 0.991519 0.010145 3.338200 0.001663 -0.010014 0.999948 0.000000 0.000000 0.000000 0.000000 1.000000
0.991570 0.129575 -0.000351 0.000000 -0.129564 0.991519 0.010145 3.338200 0.001663 -0.010014 0.999948 0.000000 0.000000 0.000000 0.000000 1.000000
0.991570 0.129575 -0.000351 -0.000000 -0.129565 0.991519 0.010145 3.338200 0.001663 -0.010014 0.999948 0.000000 0.000000 0.000000 0.000000 1.000000
0.991570 0.129575 -0.000351 0.000000 -0.129565 0.991519 0.010145 3.338200 0.001663 -0.010013 0.999948 0.000000 0.000000 0.000000 0.000000 1.000000
0.991570 0.129575 -0.000351 0.000000 -0.129565 0.991519 0.010145 3.338200 0.001663 -0.010014 0.999948 -0.000000 0.000000 0.000000 0.000000 1.000000
0.991570 0.129574 -0.000351 0.000000 -0.129564 0.991519 0.010145 3.338200 0.001663 -0.010014 0.999948 0.000000 0.000000 0.000000 0.000000 1.000000
0.991570 0.129575 -0.000352 -0.000000 -0.129564 0.991519 0.010145 3.338200 0.001663 -0.010014 0.999948 0.000000 0.000000 0.000000 0.000000 1.000000
0.991570 0.129575 -0.000351 -0.000000 -0.129564 0.991519 0.010145 3.338200 0.001663 -0.010014 0.999948 0.000000 0.000000 0.000000 0.000000 1.000000
0.991570 0.129575 -0.000351 0.000000 -0.129565 0.991519 0.010145 3.338200 0.001663 -0.010014 0.999948 0.000000 0.000000 0.000000 0.000000 1.000000
0.991570 0.129575 -0.000351 -0.000000 -0.129564 0.991519 0.010145 3.338200 0.001663 -0.010014 0.999948 0.000000 0.000000 0.000000 0.000000 1.000000
0.991570 0.129574 -0.000351 -0.000000 -0.129564 0.991519 0.010145 3.338200 0.001663 -0.010014 0.999948 0.000000 0.000000 0.000000 0.000000 1.000000
0.991570 0.129574 -0.000351 0.000000 -0.129564 0.991519 0.010145 3.338200 0.001663 -0.010014 0.999948 0.000000 0.000000 0.000000 0.000000 1.000000
0.991570 0.129574 -0.000351 0.000000 -0.129564 0.991519 0.010145 3.338200 0.001663 -0.010014 0.999948 0.000000 0.000000 0.000000 0.000000 1.000000
0.991570 0.129575 -0.000351 0.000000 -0.129565 0.991519 0.010145 3.338200 0.001663 -0.010014 0.999948 0.000000 0.000000 0.000000 0.000000 1.000000
0.991570 0.129575 -0.000351 0.000000 -0.129564 0.991519 0.010145 3.338200 0.001663 -0.010014 0.999948 0.000000 0.000000 0.000000 0.000000 1.000000</float_array>
        <technique_common>
          <accessor source="#mixamorig_LeftHandThumb2-Matrix-animation-output-transform-array" count="32" stride="16">
            <param type="float4x4"/>
          </accessor>
        </technique_common>
      </source>
      <source id="mixamorig_LeftHandThumb2-Interpolations">
        <Name_array id="mixamorig_LeftHandThumb2-Interpolations-array" count="32">
 LINEAR LINEAR LINEAR LINEAR LINEAR LINEAR LINEAR LINEAR LINEAR LINEAR LINEAR
LINEAR LINEAR LINEAR LINEAR LINEAR LINEAR LINEAR LINEAR LINEAR LINEAR LINEAR LINEAR
LINEAR LINEAR LINEAR LINEAR LINEAR LINEAR LINEAR LINEAR LINEAR</Name_array>
        <technique_common>
          <accessor source="#mixamorig_LeftHandThumb2-Interpolations-array" count="32">
            <param type="name"/>
          </accessor>
        </technique_common>
      </source>
      <sampler id="mixamorig_LeftHandThumb2-Matrix-animation-transform">
        <input semantic="INPUT" source="#mixamorig_LeftHandThumb2-Matrix-animation-input"/>
        <input semantic="OUTPUT" source="#mixamorig_LeftHandThumb2-Matrix-animation-output-transform"/>
        <input semantic="INTERPOLATION" source="#mixamorig_LeftHandThumb2-Interpolations"/>
      </sampler>
      <channel source="#mixamorig_LeftHandThumb2-Matrix-animation-transform" target="mixamorig_LeftHandThumb2/matrix"/>
    </animation>
    <animation id="mixamorig_LeftHandThumb3-anim" name="mixamorig_LeftHandThumb3">
      <source id="mixamorig_LeftHandThumb3-Matrix-animation-input">
        <float_array id="mixamorig_LeftHandThumb3-Matrix-animation-input-array" count="32">

0.000000 0.033333 0.066667 0.100000 0.133333 0.166667 0.200000 0.233333 0.266667 0.300000 0.333333 0.366667 0.400000 0.433333 0.466667 0.500000
0.533333 0.566667 0.600000 0.633333 0.666667 0.700000 0.733333 0.766667 0.800000 0.833333 0.866667 0.900000 0.933333 0.966667 1.000000 1.033333</float_array>
        <technique_common>
          <accessor source="#mixamorig_LeftHandThumb3-Matrix-animation-input-array" count="32">
            <param name="TIME" type="float"/>
          </accessor>
        </technique_common>
      </source>
      <source id="mixamorig_LeftHandThumb3-Matrix-animation-output-transform">
        <float_array id="mixamorig_LeftHandThumb3-Matrix-animation-output-transform-array" count="512">

1.000000 0.000000 -0.000000 0.000000 -0.000000 1.000000 0.000000 3.745800 0.000000 -0.000000 1.000000 0.000000 0.000000 0.000000 0.000000 1.000000
1.000000 -0.000000 0.000000 -0.000000 0.000000 1.000000 -0.000000 3.745800 -0.000000 0.000000 1.000000 0.000000 0.000000 0.000000 0.000000 1.000000
1.000000 0.000000 -0.000000 -0.000000 -0.000000 1.000000 0.000000 3.745800 0.000000 -0.000000 1.000000 0.000000 0.000000 0.000000 0.000000 1.000000
1.000000 -0.000000 0.000000 0.000000 0.000000 1.000000 0.000000 3.745800 -0.000000 -0.000000 1.000000 0.000000 0.000000 0.000000 0.000000 1.000000
1.000000 0.000000 0.000000 -0.000000 -0.000000 1.000000 0.000000 3.745800 -0.000000 -0.000000 1.000000 0.000000 0.000000 0.000000 0.000000 1.000000
1.000000 -0.000000 0.000000 0.000000 0.000000 1.000000 0.000000 3.745800 -0.000000 -0.000000 1.000000 -0.000000 0.000000 0.000000 0.000000 1.000000
1.000000 -0.000000 -0.000000 0.000000 0.000000 1.000000 0.000000 3.745800 0.000000 -0.000000 1.000000 0.000000 0.000000 0.000000 0.000000 1.000000
1.000000 0.000000 0.000000 -0.000000 -0.000000 1.000000 -0.000000 3.745800 -0.000000 0.000000 1.000000 0.000000 0.000000 0.000000 0.000000 1.000000
1.000000 0.000000 0.000000 0.000000 -0.000000 1.000000 -0.000000 3.745800 -0.000000 0.000000 1.000000 0.000000 0.000000 0.000000 0.000000 1.000000
1.000000 0.000000 -0.000000 0.000000 -0.000000 1.000000 -0.000000 3.745800 0.000000 0.000000 1.000000 0.000000 0.000000 0.000000 0.000000 1.000000
1.000000 -0.000000 -0.000000 0.000000 0.000000 1.000000 0.000000 3.745800 0.000000 -0.000000 1.000000 -0.000000 0.000000 0.000000 0.000000 1.000000
1.000000 0.000000 0.000000 -0.000000 -0.000000 1.000000 0.000000 3.745800 -0.000000 -0.000000 1.000000 -0.000000 0.000000 0.000000 0.000000 1.000000
1.000000 -0.000000 -0.000000 -0.000000 0.000000 1.000000 0.000000 3.745800 0.000000 -0.000000 1.000000 0.000000 0.000000 0.000000 0.000000 1.000000
1.000000 0.000000 0.000000 -0.000000 -0.000000 1.000000 -0.000000 3.745800 -0.000000 0.000000 1.000000 0.000000 0.000000 0.000000 0.000000 1.000000
1.000000 0.000000 0.000000 0.000000 -0.000000 1.000000 0.000000 3.745800 -0.000000 -0.000000 1.000000 0.000000 0.000000 0.000000 0.000000 1.000000
1.000000 0.000000 -0.000000 0.000000 -0.000000 1.000000 -0.000000 3.745800 0.000000 0.000000 1.000000 0.000000 0.000000 0.000000 0.000000 1.000000
1.000000 -0.000000 -0.000000 0.000000 0.000000 1.000000 0.000000 3.745800 0.000000 -0.000000 1.000000 -0.000000 0.000000 0.000000 0.000000 1.000000
1.000000 0.000000 0.000000 0.000000 -0.000000 1.000000 0.000000 3.745800 -0.000000 -0.000000 1.000000 -0.000000 0.000000 0.000000 0.000000 1.000000
1.000000 0.000000 -0.000000 0.000000 -0.000000 1.000000 0.000000 3.745800 0.000000 -0.000000 1.000000 -0.000000 0.000000 0.000000 0.000000 1.000000
1.000000 0.000000 -0.000000 0.000000 -0.000000 1.000000 0.000000 3.745800 0.000000 -0.000000 1.000000 0.000000 0.000000 0.000000 0.000000 1.000000
1.000000 -0.000000 0.000000 0.000000 0.000000 1.000000 -0.000000 3.745800 -0.000000 0.000000 1.000000 0.000000 0.000000 0.000000 0.000000 1.000000
1.000000 -0.000000 -0.000000 -0.000000 0.000000 1.000000 -0.000000 3.745800 0.000000 0.000000 1.000000 0.000000 0.000000 0.000000 0.000000 1.000000
1.000000 0.000000 0.000000 -0.000000 -0.000000 1.000000 -0.000000 3.745800 -0.000000 0.000000 1.000000 0.000000 0.000000 0.000000 0.000000 1.000000
1.000000 -0.000000 -0.000000 0.000000 0.000000 1.000000 -0.000000 3.745800 0.000000 0.000000 1.000000 0.000000 0.000000 0.000000 0.000000 1.000000
1.000000 -0.000000 -0.000000 0.000000 0.000000 1.000000 -0.000000 3.745800 0.000000 0.000000 1.000000 0.000000 0.000000 0.000000 0.000000 1.000000
1.000000 -0.000000 -0.000000 0.000000 0.000000 1.000000 -0.000000 3.745800 0.000000 0.000000 1.000000 0.000000 0.000000 0.000000 0.000000 1.000000
1.000000 -0.000000 0.000000 0.000000 0.000000 1.000000 -0.000000 3.745800 -0.000000 0.000000 1.000000 0.000000 0.000000 0.000000 0.000000 1.000000
1.000000 0.000000 -0.000000 0.000000 -0.000000 1.000000 -0.000000 3.745800 0.000000 0.000000 1.000000 0.000000 0.000000 0.000000 0.000000 1.000000
1.000000 0.000000 0.000000 -0.000000 -0.000000 1.000000 -0.000000 3.745800 -0.000000 0.000000 1.000000 -0.000000 0.000000 0.000000 0.000000 1.000000
1.000000 -0.000000 0.000000 0.000000 0.000000 1.000000 -0.000000 3.745800 -0.000000 0.000000 1.000000 0.000000 0.000000 0.000000 0.000000 1.000000
1.000000 -0.000000 0.000000 -0.000000 0.000000 1.000000 0.000000 3.745800 -0.000000 -0.000000 1.000000 0.000000 0.000000 0.000000 0.000000 1.000000
1.000000 0.000000 -0.000000 0.000000 -0.000000 1.000000 0.000000 3.745800 0.000000 -0.000000 1.000000 0.000000 0.000000 0.000000 0.000000 1.000000</float_array>
        <technique_common>
          <accessor source="#mixamorig_LeftHandThumb3-Matrix-animation-output-transform-array" count="32" stride="16">
            <param type="float4x4"/>
          </accessor>
        </technique_common>
      </source>
      <source id="mixamorig_LeftHandThumb3-Interpolations">
        <Name_array id="mixamorig_LeftHandThumb3-Interpolations-array" count="32">
 LINEAR LINEAR LINEAR LINEAR LINEAR LINEAR LINEAR LINEAR LINEAR LINEAR LINEAR
LINEAR LINEAR LINEAR LINEAR LINEAR LINEAR LINEAR LINEAR LINEAR LINEAR LINEAR LINEAR
LINEAR LINEAR LINEAR LINEAR LINEAR LINEAR LINEAR LINEAR LINEAR</Name_array>
        <technique_common>
          <accessor source="#mixamorig_LeftHandThumb3-Interpolations-array" count="32">
            <param type="name"/>
          </accessor>
        </technique_common>
      </source>
      <sampler id="mixamorig_LeftHandThumb3-Matrix-animation-transform">
        <input semantic="INPUT" source="#mixamorig_LeftHandThumb3-Matrix-animation-input"/>
        <input semantic="OUTPUT" source="#mixamorig_LeftHandThumb3-Matrix-animation-output-transform"/>
        <input semantic="INTERPOLATION" source="#mixamorig_LeftHandThumb3-Interpolations"/>
      </sampler>
      <channel source="#mixamorig_LeftHandThumb3-Matrix-animation-transform" target="mixamorig_LeftHandThumb3/matrix"/>
    </animation>
    <animation id="mixamorig_LeftHandIndex1-anim" name="mixamorig_LeftHandIndex1">
      <source id="mixamorig_LeftHandIndex1-Matrix-animation-input">
        <float_array id="mixamorig_LeftHandIndex1-Matrix-animation-input-array" count="32">

0.000000 0.033333 0.066667 0.100000 0.133333 0.166667 0.200000 0.233333 0.266667 0.300000 0.333333 0.366667 0.400000 0.433333 0.466667 0.500000
0.533333 0.566667 0.600000 0.633333 0.666667 0.700000 0.733333 0.766667 0.800000 0.833333 0.866667 0.900000 0.933333 0.966667 1.000000 1.033333</float_array>
        <technique_common>
          <accessor source="#mixamorig_LeftHandIndex1-Matrix-animation-input-array" count="32">
            <param name="TIME" type="float"/>
          </accessor>
        </technique_common>
      </source>
      <source id="mixamorig_LeftHandIndex1-Matrix-animation-output-transform">
        <float_array id="mixamorig_LeftHandIndex1-Matrix-animation-output-transform-array" count="512">

0.997443 -0.066416 0.026385 -2.441100 0.066523 0.727964 -0.682380 9.644800 0.026114 0.682391 0.730521 0.286500 0.000000 0.000000 0.000000 1.000000
0.997288 -0.068447 0.027043 -2.441100 0.069159 0.745933 -0.662421 9.644800 0.025168 0.662495 0.748643 0.286500 0.000000 0.000000 0.000000 1.000000
0.997149 -0.070282 0.027454 -2.441100 0.071582 0.766069 -0.638760 9.644800 0.023862 0.638905 0.768916 0.286500 0.000000 0.000000 0.000000 1.000000
0.997016 -0.072002 0.027835 -2.441100 0.073912 0.786368 -0.613320 9.644800 0.022272 0.613548 0.789344 0.286500 0.000000 0.000000 0.000000 1.000000
0.996876 -0.073710 0.028381 -2.441100 0.076275 0.805078 -0.588245 9.644800 0.020510 0.588572 0.808185 0.286500 0.000000 0.000000 0.000000 1.000000
0.996714 -0.075527 0.029260 -2.441100 0.078802 0.820713 -0.565881 9.644800 0.018725 0.566327 0.823968 0.286500 0.000000 0.000000 0.000000 1.000000
0.996515 -0.077588 0.030617 -2.441100 0.081639 0.832013 -0.548716 9.644800 0.017100 0.549303 0.835448 0.286500 0.000000 0.000000 0.000000 1.000000
0.996259 -0.080034 0.032586 -2.441100 0.084945 0.837827 -0.539286 9.644800 0.015860 0.540037 0.841492 0.286500 0.000000 0.000000 0.000000 1.000000
0.995900 -0.083183 0.035539 -2.441100 0.089135 0.835521 -0.542181 9.644800 0.015407 0.543126 0.839510 0.286500 0.000000 0.000000 0.000000 1.000000
0.995318 -0.087773 0.040481 -2.441100 0.095217 0.818278 -0.566882 9.644800 0.016632 0.568082 0.822804 0.286500 0.000000 0.000000 0.000000 1.000000
0.994689 -0.092241 0.045661 -2.441100 0.101208 0.795924 -0.596877 9.644800 0.018714 0.598328 0.801032 0.286500 0.000000 0.000000 0.000000 1.000000
0.994301 -0.094843 0.048683 -2.441100 0.104723 0.783454 -0.612563 9.644800 0.019956 0.614170 0.788921 0.286500 0.000000 0.000000 0.000000 1.000000
0.994066 -0.096428 0.050347 -2.441100 0.106849 0.778698 -0.618234 9.644800 0.020410 0.619945 0.784380 0.286500 0.000000 0.000000 0.000000 1.000000
0.993889 -0.097649 0.051471 -2.441100 0.108465 0.777389 -0.619597 9.644800 0.020490 0.621394 0.783230 0.286500 0.000000 0.000000 0.000000 1.000000
0.993770 -0.098523 0.052104 -2.441100 0.109598 0.778944 -0.617442 9.644800 0.020246 0.619306 0.784889 0.286500 0.000000 0.000000 0.000000 1.000000
0.993706 -0.099063 0.052302 -2.441100 0.110269 0.782727 -0.612519 9.644800 0.019740 0.614431 0.788724 0.286500 0.000000 0.000000 0.000000 1.000000
0.993694 -0.099280 0.052121 -2.441100 0.110501 0.788087 -0.605564 9.644800 0.019044 0.607505 0.794088 0.286500 0.000000 0.000000 0.000000 1.000000
0.993729 -0.099188 0.051616 -2.441100 0.110316 0.794379 -0.597321 9.644800 0.018245 0.599269 0.800340 0.286500 0.000000 0.000000 0.000000 1.000000
0.993808 -0.098801 0.050840 -2.441100 0.109739 0.800979 -0.588548 9.644800 0.017427 0.590483 0.806862 0.286500 0.000000 0.000000 0.000000 1.000000
0.993924 -0.098134 0.049844 -2.441100 0.108796 0.807296 -0.580031 9.644800 0.016682 0.581930 0.813068 0.286500 0.000000 0.000000 0.000000 1.000000
0.994073 -0.097208 0.048675 -2.441100 0.107515 0.812771 -0.572577 9.644800 0.016097 0.574417 0.818405 0.286500 0.000000 0.000000 0.000000 1.000000
0.994249 -0.096042 0.047377 -2.441100 0.105926 0.816871 -0.567011 9.644800 0.015756 0.568769 0.822346 0.286500 0.000000 0.000000 0.000000 1.000000
0.994447 -0.094658 0.045992 -2.441100 0.104057 0.819076 -0.564169 9.644800 0.015733 0.565822 0.824377 0.286500 0.000000 0.000000 0.000000 1.000000
0.994661 -0.093078 0.044563 -2.441100 0.101934 0.818857 -0.564874 9.644800 0.016086 0.566401 0.823973 0.286500 0.000000 0.000000 0.000000 1.000000
0.994893 -0.091270 0.043103 -2.441100 0.099515 0.815555 -0.570059 9.644800 0.016876 0.571437 0.820472 0.286500 0.000000 0.000000 0.000000 1.000000
0.995237 -0.088437 0.041015 -2.441100 0.095732 0.807225 -0.582429 9.644800 0.018400 0.583581 0.811846 0.286500 0.000000 0.000000 0.000000 1.000000
0.995705 -0.084363 0.038133 -2.441100 0.090293 0.793893 -0.601316 9.644800 0.020456 0.602176 0.798101 0.286500 0.000000 0.000000 0.000000 1.000000
0.996213 -0.079631 0.034896 -2.441100 0.083978 0.777447 -0.623317 9.644800 0.022506 0.623887 0.781190 0.286500 0.000000 0.000000 0.000000 1.000000
0.996691 -0.074837 0.031721 -2.441100 0.077603 0.760035 -0.645232 9.644800 0.024178 0.645559 0.763328 0.286500 0.000000 0.000000 0.000000 1.000000
0.997083 -0.070604 0.029001 -2.441100 0.072009 0.744136 -0.664136 9.644800 0.025310 0.664287 0.747049 0.286500 0.000000 0.000000 0.000000 1.000000
0.997346 -0.067578 0.027103 -2.441100 0.068039 0.732495 -0.677364 9.644800 0.025922 0.677410 0.735148 0.286500 0.000000 0.000000 0.000000 1.000000
0.997443 -0.066417 0.026385 -2.441100 0.066524 0.727964 -0.682380 9.644800 0.026114 0.682391 0.730521 0.286500 0.000000 0.000000 0.000000 1.000000</float_array>
        <technique_common>
          <accessor source="#mixamorig_LeftHandIndex1-Matrix-animation-output-transform-array" count="32" stride="16">
            <param type="float4x4"/>
          </accessor>
        </technique_common>
      </source>
      <source id="mixamorig_LeftHandIndex1-Interpolations">
        <Name_array id="mixamorig_LeftHandIndex1-Interpolations-array" count="32">
 LINEAR LINEAR LINEAR LINEAR LINEAR LINEAR LINEAR LINEAR LINEAR LINEAR LINEAR
LINEAR LINEAR LINEAR LINEAR LINEAR LINEAR LINEAR LINEAR LINEAR LINEAR LINEAR LINEAR
LINEAR LINEAR LINEAR LINEAR LINEAR LINEAR LINEAR LINEAR LINEAR</Name_array>
        <technique_common>
          <accessor source="#mixamorig_LeftHandIndex1-Interpolations-array" count="32">
            <param type="name"/>
          </accessor>
        </technique_common>
      </source>
      <sampler id="mixamorig_LeftHandIndex1-Matrix-animation-transform">
        <input semantic="INPUT" source="#mixamorig_LeftHandIndex1-Matrix-animation-input"/>
        <input semantic="OUTPUT" source="#mixamorig_LeftHandIndex1-Matrix-animation-output-transform"/>
        <input semantic="INTERPOLATION" source="#mixamorig_LeftHandIndex1-Interpolations"/>
      </sampler>
      <channel source="#mixamorig_LeftHandIndex1-Matrix-animation-transform" target="mixamorig_LeftHandIndex1/matrix"/>
    </animation>
    <animation id="mixamorig_LeftHandIndex2-anim" name="mixamorig_LeftHandIndex2">
      <source id="mixamorig_LeftHandIndex2-Matrix-animation-input">
        <float_array id="mixamorig_LeftHandIndex2-Matrix-animation-input-array" count="32">

0.000000 0.033333 0.066667 0.100000 0.133333 0.166667 0.200000 0.233333 0.266667 0.300000 0.333333 0.366667 0.400000 0.433333 0.466667 0.500000
0.533333 0.566667 0.600000 0.633333 0.666667 0.700000 0.733333 0.766667 0.800000 0.833333 0.866667 0.900000 0.933333 0.966667 1.000000 1.033333</float_array>
        <technique_common>
          <accessor source="#mixamorig_LeftHandIndex2-Matrix-animation-input-array" count="32">
            <param name="TIME" type="float"/>
          </accessor>
        </technique_common>
      </source>
      <source id="mixamorig_LeftHandIndex2-Matrix-animation-output-transform">
        <float_array id="mixamorig_LeftHandIndex2-Matrix-animation-output-transform-array" count="512">

0.992552 -0.107341 0.057615 0.000000 0.071808 0.133448 -0.988451 3.105700 0.098412 0.985226 0.140162 0.000000 0.000000 0.000000 0.000000 1.000000
0.993229 -0.103854 0.052056 0.000000 0.070784 0.185705 -0.980053 3.105700 0.092116 0.977102 0.191799 -0.000000 0.000000 0.000000 0.000000 1.000000
0.993946 -0.099693 0.046178 0.000000 0.069275 0.242444 -0.967689 3.105700 0.085276 0.965030 0.247882 0.000000 0.000000 0.000000 0.000000 1.000000
0.994653 -0.095050 0.040380 0.000000 0.067305 0.300076 -0.951538 3.105700 0.078327 0.949168 0.304869 0.000000 0.000000 0.000000 0.000000 1.000000
0.995308 -0.090200 0.035009 -0.000000 0.064988 0.355165 -0.932542 3.105700 0.071682 0.930442 0.359361 0.000000 0.000000 0.000000 0.000000 1.000000
0.995877 -0.085490 0.030345 -0.000000 0.062528 0.404543 -0.912379 3.105700 0.065723 0.910514 0.408220 -0.000000 0.000000 0.000000 0.000000 1.000000
0.996333 -0.081319 0.026605 0.000000 0.060204 0.445360 -0.893325 3.105700 0.060796 0.891651 0.448623 0.000000 0.000000 0.000000 0.000000 1.000000
0.996656 -0.078119 0.023954 -0.000000 0.058338 0.475054 -0.878021 3.105700 0.057211 0.876482 0.478023 0.000000 0.000000 0.000000 0.000000 1.000000
0.996808 -0.076540 0.022710 -0.000000 0.057392 0.489217 -0.870272 3.105700 0.055500 0.868797 0.492049 0.000000 0.000000 0.000000 0.000000 1.000000
0.996690 -0.077768 0.023673 0.000000 0.058128 0.478231 -0.876308 3.105700 0.056827 0.874784 0.481169 0.000000 0.000000 0.000000 0.000000 1.000000
0.996448 -0.080204 0.025660 0.000000 0.059561 0.455864 -0.888054 3.105700 0.059528 0.886428 0.459022 -0.000000 0.000000 0.000000 0.000000 1.000000
0.996284 -0.081786 0.027006 0.000000 0.060470 0.440920 -0.895507 3.105700 0.061332 0.893812 0.444227 0.000000 0.000000 0.000000 0.000000 1.000000
0.996188 -0.082682 0.027789 0.000000 0.060977 0.432305 -0.899664 3.105700 0.062372 0.897929 0.435698 0.000000 0.000000 0.000000 0.000000 1.000000
0.996115 -0.083357 0.028390 0.000000 0.061355 0.425734 -0.902766 3.105700 0.063165 0.901001 0.429194 0.000000 0.000000 0.000000 0.000000 1.000000
0.996059 -0.083867 0.028849 -0.000000 0.061639 0.420732 -0.905088 3.105700 0.063769 0.903300 0.424244 0.000000 0.000000 0.000000 0.000000 1.000000
0.996015 -0.084263 0.029209 0.000000 0.061858 0.416815 -0.906884 3.105700 0.064242 0.905077 0.420366 -0.000000 0.000000 0.000000 0.000000 1.000000
0.995978 -0.084597 0.029516 -0.000000 0.062042 0.413492 -0.908392 3.105700 0.064643 0.906569 0.417077 -0.000000 0.000000 0.000000 0.000000 1.000000
0.995942 -0.084921 0.029814 -0.000000 0.062219 0.410267 -0.909841 3.105700 0.065032 0.908003 0.413885 0.000000 0.000000 0.000000 0.000000 1.000000
0.995901 -0.085282 0.030150 0.000000 0.062416 0.406640 -0.911454 3.105700 0.065470 0.909599 0.410296 -0.000000 0.000000 0.000000 0.000000 1.000000
0.995849 -0.085730 0.030571 0.000000 0.062658 0.402112 -0.913444 3.105700 0.066016 0.911568 0.405814 0.000000 0.000000 0.000000 0.000000 1.000000
0.995782 -0.086313 0.031126 0.000000 0.062972 0.396169 -0.916015 3.105700 0.066733 0.914111 0.399934 0.000000 0.000000 0.000000 0.000000 1.000000
0.995692 -0.087078 0.031863 0.000000 0.063379 0.388303 -0.919350 3.105700 0.067683 0.917409 0.392149 0.000000 0.000000 0.000000 0.000000 1.000000
0.995573 -0.088067 0.032836 0.000000 0.063898 0.377980 -0.923606 3.105700 0.068928 0.921615 0.381934 0.000000 0.000000 0.000000 0.000000 1.000000
0.995419 -0.089321 0.034100 0.000000 0.064543 0.364664 -0.928900 3.105700 0.070535 0.926845 0.368758 0.000000 0.000000 0.000000 0.000000 1.000000
0.995218 -0.090899 0.035745 0.000000 0.065336 0.347509 -0.935398 3.105700 0.072605 0.933260 0.351786 0.000000 0.000000 0.000000 0.000000 1.000000
0.994908 -0.093231 0.038290 -0.000000 0.066464 0.321301 -0.944642 3.105700 0.075767 0.942377 0.325861 -0.000000 0.000000 0.000000 0.000000 1.000000
0.994476 -0.096268 0.041833 0.000000 0.067847 0.285465 -0.955985 3.105700 0.080089 0.953542 0.290419 0.000000 0.000000 0.000000 0.000000 1.000000
0.993974 -0.099520 0.045948 0.000000 0.069207 0.244695 -0.967127 3.105700 0.085005 0.964479 0.250108 -0.000000 0.000000 0.000000 0.000000 1.000000
0.993462 -0.102561 0.050150 0.000000 0.070345 0.203929 -0.976455 3.105700 0.089919 0.973599 0.209810 0.000000 0.000000 0.000000 0.000000 1.000000
0.993005 -0.105051 0.053892 0.000000 0.071163 0.168310 -0.983162 3.105700 0.094212 0.980120 0.174608 0.000000 0.000000 0.000000 0.000000 1.000000
0.992678 -0.106723 0.056581 0.000000 0.071646 0.143072 -0.987116 3.105700 0.097253 0.983941 0.149671 -0.000000 0.000000 0.000000 0.000000 1.000000
0.992551 -0.107341 0.057615 -0.000000 0.071809 0.133448 -0.988451 3.105700 0.098413 0.985226 0.140162 0.000000 0.000000 0.000000 0.000000 1.000000</float_array>
        <technique_common>
          <accessor source="#mixamorig_LeftHandIndex2-Matrix-animation-output-transform-array" count="32" stride="16">
            <param type="float4x4"/>
          </accessor>
        </technique_common>
      </source>
      <source id="mixamorig_LeftHandIndex2-Interpolations">
        <Name_array id="mixamorig_LeftHandIndex2-Interpolations-array" count="32">
 LINEAR LINEAR LINEAR LINEAR LINEAR LINEAR LINEAR LINEAR LINEAR LINEAR LINEAR
LINEAR LINEAR LINEAR LINEAR LINEAR LINEAR LINEAR LINEAR LINEAR LINEAR LINEAR LINEAR
LINEAR LINEAR LINEAR LINEAR LINEAR LINEAR LINEAR LINEAR LINEAR</Name_array>
        <technique_common>
          <accessor source="#mixamorig_LeftHandIndex2-Interpolations-array" count="32">
            <param type="name"/>
          </accessor>
        </technique_common>
      </source>
      <sampler id="mixamorig_LeftHandIndex2-Matrix-animation-transform">
        <input semantic="INPUT" source="#mixamorig_LeftHandIndex2-Matrix-animation-input"/>
        <input semantic="OUTPUT" source="#mixamorig_LeftHandIndex2-Matrix-animation-output-transform"/>
        <input semantic="INTERPOLATION" source="#mixamorig_LeftHandIndex2-Interpolations"/>
      </sampler>
      <channel source="#mixamorig_LeftHandIndex2-Matrix-animation-transform" target="mixamorig_LeftHandIndex2/matrix"/>
    </animation>
    <animation id="mixamorig_LeftHandIndex3-anim" name="mixamorig_LeftHandIndex3">
      <source id="mixamorig_LeftHandIndex3-Matrix-animation-input">
        <float_array id="mixamorig_LeftHandIndex3-Matrix-animation-input-array" count="32">

0.000000 0.033333 0.066667 0.100000 0.133333 0.166667 0.200000 0.233333 0.266667 0.300000 0.333333 0.366667 0.400000 0.433333 0.466667 0.500000
0.533333 0.566667 0.600000 0.633333 0.666667 0.700000 0.733333 0.766667 0.800000 0.833333 0.866667 0.900000 0.933333 0.966667 1.000000 1.033333</float_array>
        <technique_common>
          <accessor source="#mixamorig_LeftHandIndex3-Matrix-animation-input-array" count="32">
            <param name="TIME" type="float"/>
          </accessor>
        </technique_common>
      </source>
      <source id="mixamorig_LeftHandIndex3-Matrix-animation-output-transform">
        <float_array id="mixamorig_LeftHandIndex3-Matrix-animation-output-transform-array" count="512">

1.000000 -0.000000 0.000000 -0.000000 0.000000 1.000000 0.000000 2.847700 -0.000000 -0.000000 1.000000 0.000000 0.000000 0.000000 0.000000 1.000000
1.000000 -0.000000 0.000000 0.000000 0.000000 1.000000 0.000000 2.847700 -0.000000 -0.000000 1.000000 0.000000 0.000000 0.000000 0.000000 1.000000
1.000000 0.000000 -0.000000 0.000000 -0.000000 1.000000 0.000000 2.847700 0.000000 -0.000000 1.000000 0.000000 0.000000 0.000000 0.000000 1.000000
1.000000 -0.000000 -0.000000 0.000000 0.000000 1.000000 0.000000 2.847700 -0.000000 -0.000000 1.000000 0.000000 0.000000 0.000000 0.000000 1.000000
1.000000 -0.000000 0.000000 0.000000 0.000000 1.000000 0.000000 2.847700 -0.000000 -0.000000 1.000000 0.000000 0.000000 0.000000 0.000000 1.000000
1.000000 -0.000000 0.000000 0.000000 0.000000 1.000000 0.000000 2.847700 0.000000 -0.000000 1.000000 0.000000 0.000000 0.000000 0.000000 1.000000
1.000000 -0.000000 0.000000 -0.000000 0.000000 1.000000 0.000000 2.847700 0.000000 -0.000000 1.000000 0.000000 0.000000 0.000000 0.000000 1.000000
1.000000 -0.000000 0.000000 0.000000 0.000000 1.000000 0.000000 2.847700 -0.000000 -0.000000 1.000000 0.000000 0.000000 0.000000 0.000000 1.000000
1.000000 -0.000000 0.000000 -0.000000 0.000000 1.000000 0.000000 2.847700 -0.000000 -0.000000 1.000000 -0.000000 0.000000 0.000000 0.000000 1.000000
1.000000 -0.000000 0.000000 0.000000 0.000000 1.000000 0.000000 2.847700 -0.000000 -0.000000 1.000000 0.000000 0.000000 0.000000 0.000000 1.000000
1.000000 -0.000000 0.000000 0.000000 0.000000 1.000000 0.000000 2.847700 -0.000000 -0.000000 1.000000 0.000000 0.000000 0.000000 0.000000 1.000000
1.000000 -0.000000 0.000000 -0.000000 0.000000 1.000000 0.000000 2.847700 -0.000000 -0.000000 1.000000 0.000000 0.000000 0.000000 0.000000 1.000000
1.000000 0.000000 0.000000 0.000000 -0.000000 1.000000 0.000000 2.847700 -0.000000 -0.000000 1.000000 0.000000 0.000000 0.000000 0.000000 1.000000
1.000000 0.000000 0.000000 0.000000 -0.000000 1.000000 -0.000000 2.847700 -0.000000 0.000000 1.000000 0.000000 0.000000 0.000000 0.000000 1.000000
1.000000 0.000000 -0.000000 -0.000000 -0.000000 1.000000 -0.000000 2.847700 0.000000 0.000000 1.000000 0.000000 0.000000 0.000000 0.000000 1.000000
1.000000 -0.000000 -0.000000 -0.000000 0.000000 1.000000 0.000000 2.847700 0.000000 -0.000000 1.000000 0.000000 0.000000 0.000000 0.000000 1.000000
1.000000 -0.000000 0.000000 -0.000000 0.000000 1.000000 0.000000 2.847700 0.000000 -0.000000 1.000000 -0.000000 0.000000 0.000000 0.000000 1.000000
1.000000 -0.000000 0.000000 0.000000 0.000000 1.000000 0.000000 2.847700 -0.000000 -0.000000 1.000000 0.000000 0.000000 0.000000 0.000000 1.000000
1.000000 -0.000000 0.000000 0.000000 0.000000 1.000000 0.000000 2.847700 0.000000 -0.000000 1.000000 -0.000000 0.000000 0.000000 0.000000 1.000000
1.000000 0.000000 -0.000000 0.000000 -0.000000 1.000000 -0.000000 2.847700 0.000000 0.000000 1.000000 -0.000000 0.000000 0.000000 0.000000 1.000000
1.000000 -0.000000 0.000000 -0.000000 0.000000 1.000000 0.000000 2.847700 -0.000000 -0.000000 1.000000 0.000000 0.000000 0.000000 0.000000 1.000000
1.000000 -0.000000 0.000000 0.000000 0.000000 1.000000 0.000000 2.847700 0.000000 -0.000000 1.000000 -0.000000 0.000000 0.000000 0.000000 1.000000
1.000000 -0.000000 0.000000 0.000000 0.000000 1.000000 0.000000 2.847700 0.000000 -0.000000 1.000000 -0.000000 0.000000 0.000000 0.000000 1.000000
1.000000 0.000000 0.000000 0.000000 -0.000000 1.000000 0.000000 2.847700 -0.000000 -0.000000 1.000000 0.000000 0.000000 0.000000 0.000000 1.000000
1.000000 -0.000000 0.000000 0.000000 0.000000 1.000000 0.000000 2.847700 0.000000 -0.000000 1.000000 -0.000000 0.000000 0.000000 0.000000 1.000000
1.000000 -0.000000 -0.000000 0.000000 0.000000 1.000000 0.000000 2.847700 0.000000 -0.000000 1.000000 0.000000 0.000000 0.000000 0.000000 1.000000
1.000000 0.000000 0.000000 -0.000000 -0.000000 1.000000 0.000000 2.847700 -0.000000 -0.000000 1.000000 0.000000 0.000000 0.000000 0.000000 1.000000
1.000000 -0.000000 0.000000 0.000000 0.000000 1.000000 0.000000 2.847700 0.000000 -0.000000 1.000000 0.000000 0.000000 0.000000 0.000000 1.000000
1.000000 -0.000000 0.000000 -0.000000 0.000000 1.000000 0.000000 2.847700 0.000000 -0.000000 1.000000 0.000000 0.000000 0.000000 0.000000 1.000000
1.000000 -0.000000 -0.000000 0.000000 0.000000 1.000000 -0.000000 2.847700 0.000000 0.000000 1.000000 0.000000 0.000000 0.000000 0.000000 1.000000
1.000000 0.000000 -0.000000 0.000000 -0.000000 1.000000 0.000000 2.847700 0.000000 -0.000000 1.000000 -0.000000 0.000000 0.000000 0.000000 1.000000
1.000000 -0.000000 -0.000000 -0.000000 0.000000 1.000000 0.000000 2.847700 0.000000 -0.000000 1.000000 0.000000 0.000000 0.000000 0.000000 1.000000</float_array>
        <technique_common>
          <accessor source="#mixamorig_LeftHandIndex3-Matrix-animation-output-transform-array" count="32" stride="16">
            <param type="float4x4"/>
          </accessor>
        </technique_common>
      </source>
      <source id="mixamorig_LeftHandIndex3-Interpolations">
        <Name_array id="mixamorig_LeftHandIndex3-Interpolations-array" count="32">
 LINEAR LINEAR LINEAR LINEAR LINEAR LINEAR LINEAR LINEAR LINEAR LINEAR LINEAR
LINEAR LINEAR LINEAR LINEAR LINEAR LINEAR LINEAR LINEAR LINEAR LINEAR LINEAR LINEAR
LINEAR LINEAR LINEAR LINEAR LINEAR LINEAR LINEAR LINEAR LINEAR</Name_array>
        <technique_common>
          <accessor source="#mixamorig_LeftHandIndex3-Interpolations-array" count="32">
            <param type="name"/>
          </accessor>
        </technique_common>
      </source>
      <sampler id="mixamorig_LeftHandIndex3-Matrix-animation-transform">
        <input semantic="INPUT" source="#mixamorig_LeftHandIndex3-Matrix-animation-input"/>
        <input semantic="OUTPUT" source="#mixamorig_LeftHandIndex3-Matrix-animation-output-transform"/>
        <input semantic="INTERPOLATION" source="#mixamorig_LeftHandIndex3-Interpolations"/>
      </sampler>
      <channel source="#mixamorig_LeftHandIndex3-Matrix-animation-transform" target="mixamorig_LeftHandIndex3/matrix"/>
    </animation>
    <animation id="mixamorig_LeftHandMiddle1-anim" name="mixamorig_LeftHandMiddle1">
      <source id="mixamorig_LeftHandMiddle1-Matrix-animation-input">
        <float_array id="mixamorig_LeftHandMiddle1-Matrix-animation-input-array" count="32">

0.000000 0.033333 0.066667 0.100000 0.133333 0.166667 0.200000 0.233333 0.266667 0.300000 0.333333 0.366667 0.400000 0.433333 0.466667 0.500000
0.533333 0.566667 0.600000 0.633333 0.666667 0.700000 0.733333 0.766667 0.800000 0.833333 0.866667 0.900000 0.933333 0.966667 1.000000 1.033333</float_array>
        <technique_common>
          <accessor source="#mixamorig_LeftHandMiddle1-Matrix-animation-input-array" count="32">
            <param name="TIME" type="float"/>
          </accessor>
        </technique_common>
      </source>
      <source id="mixamorig_LeftHandMiddle1-Matrix-animation-output-transform">
        <float_array id="mixamorig_LeftHandMiddle1-Matrix-animation-output-transform-array" count="512">

0.985794 -0.166070 0.025105 -0.000000 0.097240 0.442445 -0.891508 9.898600 0.136945 0.881285 0.452308 0.000000 0.000000 0.000000 0.000000 1.000000
0.985741 -0.166582 0.023758 0.000000 0.099906 0.465795 -0.879235 9.898600 0.135398 0.869071 0.475796 -0.000000 0.000000 0.000000 0.000000 1.000000
0.985752 -0.166786 0.021803 0.000000 0.102441 0.492474 -0.864277 9.898600 0.133412 0.854197 0.502543 0.000000 0.000000 0.000000 0.000000 1.000000
0.985800 -0.166765 0.019698 0.000000 0.104896 0.519938 -0.847739 9.898600 0.131132 0.837767 0.530048 0.000000 0.000000 0.000000 0.000000 1.000000
0.985854 -0.166653 0.017875 -0.000000 0.107332 0.545803 -0.831011 9.898600 0.128734 0.821174 0.555969 0.000000 0.000000 0.000000 0.000000 1.000000
0.985876 -0.166637 0.016734 -0.000000 0.109829 0.567858 -0.815766 9.898600 0.126434 0.806082 0.578140 -0.000000 0.000000 0.000000 0.000000 1.000000
0.985826 -0.166943 0.016653 0.000000 0.112485 0.584054 -0.803883 9.898600 0.124476 0.794362 0.594554 -0.000000 0.000000 0.000000 0.000000 1.000000
0.985655 -0.167812 0.017992 0.000000 0.115416 0.592415 -0.797323 9.898600 0.123142 0.787962 0.603285 0.000000 0.000000 0.000000 0.000000 1.000000
0.985264 -0.169675 0.021573 0.000000 0.118912 0.588853 -0.799445 9.898600 0.122942 0.790229 0.600352 -0.000000 0.000000 0.000000 0.000000 1.000000
0.984421 -0.173350 0.029425 0.000000 0.123662 0.563618 -0.816727 9.898600 0.124995 0.807641 0.576274 0.000000 0.000000 0.000000 0.000000 1.000000
0.983459 -0.177071 0.038124 -0.000000 0.128197 0.531778 -0.837125 9.898600 0.127957 0.828165 0.545682 0.000000 0.000000 0.000000 0.000000 1.000000
0.982885 -0.179119 0.043054 -0.000000 0.130860 0.514355 -0.847534 9.898600 0.129664 0.838663 0.528992 0.000000 0.000000 0.000000 0.000000 1.000000
0.982575 -0.180211 0.045494 0.000000 0.132536 0.507736 -0.851257 9.898600 0.130308 0.842454 0.522773 0.000000 0.000000 0.000000 0.000000 1.000000
0.982375 -0.180940 0.046912 0.000000 0.133869 0.505876 -0.852155 9.898600 0.130457 0.843416 0.521182 -0.000000 0.000000 0.000000 0.000000 1.000000
0.982274 -0.181351 0.047435 -0.000000 0.134865 0.507956 -0.850760 9.898600 0.130191 0.842076 0.523410 0.000000 0.000000 0.000000 0.000000 1.000000
0.982262 -0.181477 0.047198 0.000000 0.135527 0.513121 -0.847549 9.898600 0.129592 0.838912 0.528614 0.000000 0.000000 0.000000 0.000000 1.000000
0.982327 -0.181347 0.046339 -0.000000 0.135856 0.520508 -0.842979 9.898600 0.128752 0.834377 0.535947 -0.000000 0.000000 0.000000 0.000000 1.000000
0.982456 -0.180988 0.044995 -0.000000 0.135856 0.529255 -0.837515 9.898600 0.127766 0.828935 0.544558 0.000000 0.000000 0.000000 0.000000 1.000000
0.982633 -0.180435 0.043300 -0.000000 0.135530 0.538513 -0.831646 9.898600 0.126740 0.823072 0.553616 -0.000000 0.000000 0.000000 0.000000 1.000000
0.982846 -0.179725 0.041386 0.000000 0.134885 0.547456 -0.825892 9.898600 0.125776 0.817307 0.562307 0.000000 0.000000 0.000000 0.000000 1.000000
0.983077 -0.178912 0.039378 0.000000 0.133935 0.555277 -0.820810 9.898600 0.124987 0.812193 0.569843 0.000000 0.000000 0.000000 0.000000 1.000000
0.983312 -0.178038 0.037407 0.000000 0.132689 0.561192 -0.816981 9.898600 0.124461 0.808311 0.575450 -0.000000 0.000000 0.000000 0.000000 1.000000
0.983538 -0.177162 0.035589 0.000000 0.131158 0.564421 -0.815001 9.898600 0.124300 0.806252 0.578366 0.000000 0.000000 0.000000 0.000000 1.000000
0.983741 -0.176335 0.034050 0.000000 0.129355 0.564185 -0.815453 9.898600 0.124582 0.806599 0.577821 0.000000 0.000000 0.000000 0.000000 1.000000
0.983915 -0.175581 0.032889 0.000000 0.127228 0.559549 -0.818974 9.898600 0.125393 0.809985 0.572888 0.000000 0.000000 0.000000 0.000000 1.000000
0.984135 -0.174570 0.031694 0.000000 0.123829 0.547873 -0.827346 9.898600 0.127066 0.818144 0.560798 -0.000000 0.000000 0.000000 0.000000 1.000000
0.984436 -0.173124 0.030238 -0.000000 0.118910 0.529451 -0.839966 9.898600 0.129408 0.830488 0.541796 -0.000000 0.000000 0.000000 0.000000 1.000000
0.984786 -0.171384 0.028721 0.000000 0.113178 0.507148 -0.854395 9.898600 0.131864 0.844647 0.518829 -0.000000 0.000000 0.000000 0.000000 1.000000
0.985145 -0.169538 0.027315 0.000000 0.107373 0.484000 -0.868456 9.898600 0.134015 0.858488 0.495014 -0.000000 0.000000 0.000000 0.000000 1.000000
0.985468 -0.167831 0.026165 0.000000 0.102265 0.463235 -0.880316 9.898600 0.135624 0.870199 0.473666 0.000000 0.000000 0.000000 0.000000 1.000000
0.985703 -0.166566 0.025391 0.000000 0.098629 0.448238 -0.888457 9.898600 0.136605 0.878259 0.458258 0.000000 0.000000 0.000000 0.000000 1.000000
0.985794 -0.166071 0.025105 0.000000 0.097240 0.442445 -0.891508 9.898600 0.136946 0.881285 0.452309 -0.000000 0.000000 0.000000 0.000000 1.000000</float_array>
        <technique_common>
          <accessor source="#mixamorig_LeftHandMiddle1-Matrix-animation-output-transform-array" count="32" stride="16">
            <param type="float4x4"/>
          </accessor>
        </technique_common>
      </source>
      <source id="mixamorig_LeftHandMiddle1-Interpolations">
        <Name_array id="mixamorig_LeftHandMiddle1-Interpolations-array" count="32">
 LINEAR LINEAR LINEAR LINEAR LINEAR LINEAR LINEAR LINEAR LINEAR LINEAR LINEAR
LINEAR LINEAR LINEAR LINEAR LINEAR LINEAR LINEAR LINEAR LINEAR LINEAR LINEAR LINEAR
LINEAR LINEAR LINEAR LINEAR LINEAR LINEAR LINEAR LINEAR LINEAR</Name_array>
        <technique_common>
          <accessor source="#mixamorig_LeftHandMiddle1-Interpolations-array" count="32">
            <param type="name"/>
          </accessor>
        </technique_common>
      </source>
      <sampler id="mixamorig_LeftHandMiddle1-Matrix-animation-transform">
        <input semantic="INPUT" source="#mixamorig_LeftHandMiddle1-Matrix-animation-input"/>
        <input semantic="OUTPUT" source="#mixamorig_LeftHandMiddle1-Matrix-animation-output-transform"/>
        <input semantic="INTERPOLATION" source="#mixamorig_LeftHandMiddle1-Interpolations"/>
      </sampler>
      <channel source="#mixamorig_LeftHandMiddle1-Matrix-animation-transform" target="mixamorig_LeftHandMiddle1/matrix"/>
    </animation>
    <animation id="mixamorig_LeftHandMiddle2-anim" name="mixamorig_LeftHandMiddle2">
      <source id="mixamorig_LeftHandMiddle2-Matrix-animation-input">
        <float_array id="mixamorig_LeftHandMiddle2-Matrix-animation-input-array" count="32">

0.000000 0.033333 0.066667 0.100000 0.133333 0.166667 0.200000 0.233333 0.266667 0.300000 0.333333 0.366667 0.400000 0.433333 0.466667 0.500000
0.533333 0.566667 0.600000 0.633333 0.666667 0.700000 0.733333 0.766667 0.800000 0.833333 0.866667 0.900000 0.933333 0.966667 1.000000 1.033333</float_array>
        <technique_common>
          <accessor source="#mixamorig_LeftHandMiddle2-Matrix-animation-input-array" count="32">
            <param name="TIME" type="float"/>
          </accessor>
        </technique_common>
      </source>
      <source id="mixamorig_LeftHandMiddle2-Matrix-animation-output-transform">
        <float_array id="mixamorig_LeftHandMiddle2-Matrix-animation-output-transform-array" count="512">

0.987075 -0.108862 0.117610 0.000000 0.091563 -0.219207 -0.971372 3.757000 0.131526 0.969586 -0.206406 -0.000000 0.000000 0.000000 0.000000 1.000000
0.987699 -0.109261 0.111862 -0.000000 0.092669 -0.167211 -0.981556 3.757000 0.125950 0.979848 -0.155029 0.000000 0.000000 0.000000 0.000000 1.000000
0.988375 -0.109353 0.105625 0.000000 0.093623 -0.109619 -0.989555 3.757000 0.119789 0.987940 -0.098107 0.000000 0.000000 0.000000 0.000000 1.000000
0.989081 -0.109059 0.099118 -0.000000 0.094144 -0.049861 -0.994309 3.757000 0.113380 0.992784 -0.039050 0.000000 0.000000 0.000000 0.000000 1.000000
0.989766 -0.108395 0.092805 0.000000 0.094275 0.008508 -0.995510 3.757000 0.107119 0.994071 0.018640 -0.000000 0.000000 0.000000 0.000000 1.000000
0.990389 -0.107464 0.087068 0.000000 0.094073 0.061925 -0.993638 3.757000 0.101388 0.992279 0.071439 0.000000 0.000000 0.000000 0.000000 1.000000
0.990910 -0.106437 0.082266 0.000000 0.093662 0.106917 -0.989846 3.757000 0.096561 0.988554 0.115914 -0.000000 0.000000 0.000000 0.000000 1.000000
0.991293 -0.105536 0.078737 0.000000 0.093216 0.140155 -0.985732 3.757000 0.092995 0.984489 0.148772 0.000000 0.000000 0.000000 0.000000 1.000000
0.991476 -0.105061 0.077053 0.000000 0.092969 0.156165 -0.983346 3.757000 0.091279 0.982128 0.164601 0.000000 0.000000 0.000000 0.000000 1.000000
0.991335 -0.105431 0.078357 -0.000000 0.093161 0.143737 -0.985221 3.757000 0.092610 0.983984 0.152313 -0.000000 0.000000 0.000000 0.000000 1.000000
0.991045 -0.106134 0.081021 0.000000 0.093519 0.118624 -0.988525 3.757000 0.095305 0.987251 0.127487 -0.000000 0.000000 0.000000 0.000000 1.000000
0.990853 -0.106561 0.082791 0.000000 0.093718 0.101983 -0.990362 3.757000 0.097090 0.989062 0.111037 0.000000 0.000000 0.000000 0.000000 1.000000
0.990743 -0.106791 0.083807 -0.000000 0.093817 0.092441 -0.991289 3.757000 0.098114 0.989975 0.101604 0.000000 0.000000 0.000000 0.000000 1.000000
0.990659 -0.106961 0.084582 0.000000 0.093888 0.085185 -0.991932 3.757000 0.098893 0.990607 0.094432 0.000000 0.000000 0.000000 0.000000 1.000000
0.990595 -0.107084 0.085168 -0.000000 0.093935 0.079677 -0.992385 3.757000 0.099483 0.991052 0.088986 0.000000 0.000000 0.000000 0.000000 1.000000
0.990546 -0.107180 0.085627 -0.000000 0.093970 0.075370 -0.992718 3.757000 0.099945 0.991379 0.084729 -0.000000 0.000000 0.000000 0.000000 1.000000
0.990503 -0.107258 0.086018 -0.000000 0.094000 0.071722 -0.992985 3.757000 0.100336 0.991641 0.081123 0.000000 0.000000 0.000000 0.000000 1.000000
0.990462 -0.107334 0.086398 0.000000 0.094029 0.068186 -0.993232 3.757000 0.100716 0.991882 0.077628 -0.000000 0.000000 0.000000 0.000000 1.000000
0.990416 -0.107419 0.086822 -0.000000 0.094057 0.064217 -0.993494 3.757000 0.101145 0.992138 0.073705 0.000000 0.000000 0.000000 0.000000 1.000000
0.990358 -0.107517 0.087354 0.000000 0.094091 0.059268 -0.993798 3.757000 0.101673 0.992435 0.068813 -0.000000 0.000000 0.000000 0.000000 1.000000
0.990282 -0.107646 0.088052 0.000000 0.094135 0.052790 -0.994159 3.757000 0.102369 0.992787 0.062410 -0.000000 0.000000 0.000000 0.000000 1.000000
0.990183 -0.107808 0.088968 -0.000000 0.094179 0.044236 -0.994572 3.757000 0.103287 0.993187 0.053955 0.000000 0.000000 0.000000 0.000000 1.000000
0.990053 -0.108006 0.090164 -0.000000 0.094220 0.033055 -0.995002 3.757000 0.104486 0.993601 0.042903 0.000000 0.000000 0.000000 0.000000 1.000000
0.989886 -0.108242 0.091708 0.000000 0.094261 0.018700 -0.995372 3.757000 0.106026 0.993949 0.028714 0.000000 0.000000 0.000000 0.000000 1.000000
0.989671 -0.108511 0.093688 0.000000 0.094279 0.000320 -0.995546 3.757000 0.107997 0.994095 0.010547 0.000000 0.000000 0.000000 0.000000 1.000000
0.989344 -0.108849 0.096696 -0.000000 0.094237 -0.027521 -0.995169 3.757000 0.110984 0.993677 -0.016970 0.000000 0.000000 0.000000 0.000000 1.000000
0.988901 -0.109171 0.100776 -0.000000 0.094048 -0.065135 -0.993435 3.757000 0.115019 0.991887 -0.054145 0.000000 0.000000 0.000000 0.000000 1.000000
0.988403 -0.109349 0.105370 0.000000 0.093648 -0.107310 -0.989805 3.757000 0.119541 0.988194 -0.095825 0.000000 0.000000 0.000000 0.000000 1.000000
0.987917 -0.109329 0.109851 0.000000 0.092996 -0.148844 -0.984478 3.757000 0.123982 0.982798 -0.136878 -0.000000 0.000000 0.000000 0.000000 1.000000
0.987492 -0.109162 0.113767 -0.000000 0.092317 -0.184631 -0.978463 3.757000 0.127816 0.976727 -0.172244 -0.000000 0.000000 0.000000 0.000000 1.000000
0.987191 -0.108958 0.116543 0.000000 0.091775 -0.209706 -0.973448 3.757000 0.130505 0.971675 -0.197020 0.000000 0.000000 0.000000 0.000000 1.000000
0.987076 -0.108862 0.117602 0.000000 0.091555 -0.219208 -0.971373 3.757000 0.131525 0.969586 -0.206408 0.000000 0.000000 0.000000 0.000000 1.000000</float_array>
        <technique_common>
          <accessor source="#mixamorig_LeftHandMiddle2-Matrix-animation-output-transform-array" count="32" stride="16">
            <param type="float4x4"/>
          </accessor>
        </technique_common>
      </source>
      <source id="mixamorig_LeftHandMiddle2-Interpolations">
        <Name_array id="mixamorig_LeftHandMiddle2-Interpolations-array" count="32">
 LINEAR LINEAR LINEAR LINEAR LINEAR LINEAR LINEAR LINEAR LINEAR LINEAR LINEAR
LINEAR LINEAR LINEAR LINEAR LINEAR LINEAR LINEAR LINEAR LINEAR LINEAR LINEAR LINEAR
LINEAR LINEAR LINEAR LINEAR LINEAR LINEAR LINEAR LINEAR LINEAR</Name_array>
        <technique_common>
          <accessor source="#mixamorig_LeftHandMiddle2-Interpolations-array" count="32">
            <param type="name"/>
          </accessor>
        </technique_common>
      </source>
      <sampler id="mixamorig_LeftHandMiddle2-Matrix-animation-transform">
        <input semantic="INPUT" source="#mixamorig_LeftHandMiddle2-Matrix-animation-input"/>
        <input semantic="OUTPUT" source="#mixamorig_LeftHandMiddle2-Matrix-animation-output-transform"/>
        <input semantic="INTERPOLATION" source="#mixamorig_LeftHandMiddle2-Interpolations"/>
      </sampler>
      <channel source="#mixamorig_LeftHandMiddle2-Matrix-animation-transform" target="mixamorig_LeftHandMiddle2/matrix"/>
    </animation>
    <animation id="mixamorig_LeftHandMiddle3-anim" name="mixamorig_LeftHandMiddle3">
      <source id="mixamorig_LeftHandMiddle3-Matrix-animation-input">
        <float_array id="mixamorig_LeftHandMiddle3-Matrix-animation-input-array" count="32">

0.000000 0.033333 0.066667 0.100000 0.133333 0.166667 0.200000 0.233333 0.266667 0.300000 0.333333 0.366667 0.400000 0.433333 0.466667 0.500000
0.533333 0.566667 0.600000 0.633333 0.666667 0.700000 0.733333 0.766667 0.800000 0.833333 0.866667 0.900000 0.933333 0.966667 1.000000 1.033333</float_array>
        <technique_common>
          <accessor source="#mixamorig_LeftHandMiddle3-Matrix-animation-input-array" count="32">
            <param name="TIME" type="float"/>
          </accessor>
        </technique_common>
      </source>
      <source id="mixamorig_LeftHandMiddle3-Matrix-animation-output-transform">
        <float_array id="mixamorig_LeftHandMiddle3-Matrix-animation-output-transform-array" count="512">

1.000000 -0.000000 -0.000000 0.000000 0.000000 1.000000 -0.000000 3.615200 0.000000 0.000000 1.000000 0.000000 0.000000 0.000000 0.000000 1.000000
1.000000 -0.000000 0.000000 -0.000000 0.000000 1.000000 -0.000000 3.615200 -0.000000 0.000000 1.000000 0.000000 0.000000 0.000000 0.000000 1.000000
1.000000 -0.000000 0.000000 -0.000000 0.000000 1.000000 0.000000 3.615200 -0.000000 -0.000000 1.000000 0.000000 0.000000 0.000000 0.000000 1.000000
1.000000 -0.000000 0.000000 -0.000000 0.000000 1.000000 0.000000 3.615200 -0.000000 -0.000000 1.000000 0.000000 0.000000 0.000000 0.000000 1.000000
1.000000 -0.000000 0.000000 0.000000 0.000000 1.000000 0.000000 3.615200 0.000000 -0.000000 1.000000 0.000000 0.000000 0.000000 0.000000 1.000000
1.000000 -0.000000 -0.000000 0.000000 0.000000 1.000000 0.000000 3.615200 0.000000 -0.000000 1.000000 -0.000000 0.000000 0.000000 0.000000 1.000000
1.000000 -0.000000 0.000000 0.000000 0.000000 1.000000 0.000000 3.615200 -0.000000 -0.000000 1.000000 0.000000 0.000000 0.000000 0.000000 1.000000
1.000000 -0.000000 -0.000000 -0.000000 0.000000 1.000000 -0.000000 3.615200 0.000000 0.000000 1.000000 -0.000000 0.000000 0.000000 0.000000 1.000000
1.000000 -0.000000 0.000000 -0.000000 0.000000 1.000000 -0.000000 3.615200 -0.000000 0.000000 1.000000 0.000000 0.000000 0.000000 0.000000 1.000000
1.000000 0.000000 -0.000000 0.000000 -0.000000 1.000000 0.000000 3.615200 0.000000 -0.000000 1.000000 -0.000000 0.000000 0.000000 0.000000 1.000000
1.000000 -0.000000 0.000000 0.000000 0.000000 1.000000 0.000000 3.615200 -0.000000 -0.000000 1.000000 0.000000 0.000000 0.000000 0.000000 1.000000
1.000000 0.000000 0.000000 0.000000 -0.000000 1.000000 0.000000 3.615200 -0.000000 -0.000000 1.000000 -0.000000 0.000000 0.000000 0.000000 1.000000
1.000000 -0.000000 0.000000 0.000000 0.000000 1.000000 0.000000 3.615200 0.000000 -0.000000 1.000000 0.000000 0.000000 0.000000 0.000000 1.000000
1.000000 -0.000000 0.000000 0.000000 0.000000 1.000000 0.000000 3.615200 0.000000 -0.000000 1.000000 0.000000 0.000000 0.000000 0.000000 1.000000
1.000000 -0.000000 0.000000 0.000000 0.000000 1.000000 0.000000 3.615200 0.000000 -0.000000 1.000000 0.000000 0.000000 0.000000 0.000000 1.000000
1.000000 -0.000000 -0.000000 0.000000 0.000000 1.000000 0.000000 3.615200 0.000000 -0.000000 1.000000 0.000000 0.000000 0.000000 0.000000 1.000000
1.000000 0.000000 -0.000000 -0.000000 -0.000000 1.000000 -0.000000 3.615200 0.000000 0.000000 1.000000 0.000000 0.000000 0.000000 0.000000 1.000000
1.000000 -0.000000 0.000000 0.000000 0.000000 1.000000 -0.000000 3.615200 -0.000000 0.000000 1.000000 0.000000 0.000000 0.000000 0.000000 1.000000
1.000000 0.000000 -0.000000 0.000000 -0.000000 1.000000 0.000000 3.615200 0.000000 -0.000000 1.000000 0.000000 0.000000 0.000000 0.000000 1.000000
1.000000 -0.000000 0.000000 0.000000 0.000000 1.000000 0.000000 3.615200 -0.000000 -0.000000 1.000000 -0.000000 0.000000 0.000000 0.000000 1.000000
1.000000 -0.000000 -0.000000 0.000000 0.000000 1.000000 0.000000 3.615200 0.000000 -0.000000 1.000000 0.000000 0.000000 0.000000 0.000000 1.000000
1.000000 -0.000000 -0.000000 0.000000 0.000000 1.000000 -0.000000 3.615200 0.000000 0.000000 1.000000 0.000000 0.000000 0.000000 0.000000 1.000000
1.000000 -0.000000 -0.000000 0.000000 0.000000 1.000000 0.000000 3.615200 0.000000 -0.000000 1.000000 0.000000 0.000000 0.000000 0.000000 1.000000
1.000000 -0.000000 -0.000000 0.000000 0.000000 1.000000 0.000000 3.615200 0.000000 -0.000000 1.000000 0.000000 0.000000 0.000000 0.000000 1.000000
1.000000 -0.000000 -0.000000 0.000000 0.000000 1.000000 0.000000 3.615200 -0.000000 -0.000000 1.000000 0.000000 0.000000 0.000000 0.000000 1.000000
1.000000 -0.000000 0.000000 0.000000 0.000000 1.000000 0.000000 3.615200 -0.000000 -0.000000 1.000000 -0.000000 0.000000 0.000000 0.000000 1.000000
1.000000 0.000000 0.000000 0.000000 -0.000000 1.000000 0.000000 3.615200 -0.000000 -0.000000 1.000000 0.000000 0.000000 0.000000 0.000000 1.000000
1.000000 -0.000000 0.000000 0.000000 0.000000 1.000000 0.000000 3.615200 0.000000 -0.000000 1.000000 -0.000000 0.000000 0.000000 0.000000 1.000000
1.000000 -0.000000 0.000000 -0.000000 0.000000 1.000000 0.000000 3.615200 0.000000 -0.000000 1.000000 0.000000 0.000000 0.000000 0.000000 1.000000
1.000000 -0.000000 -0.000000 0.000000 0.000000 1.000000 0.000000 3.615200 0.000000 -0.000000 1.000000 0.000000 0.000000 0.000000 0.000000 1.000000
1.000000 0.000000 0.000000 0.000000 -0.000000 1.000000 -0.000000 3.615200 -0.000000 0.000000 1.000000 0.000000 0.000000 0.000000 0.000000 1.000000
1.000000 -0.000000 0.000000 0.000000 0.000000 1.000000 0.000000 3.615200 -0.000000 -0.000000 1.000000 0.000000 0.000000 0.000000 0.000000 1.000000</float_array>
        <technique_common>
          <accessor source="#mixamorig_LeftHandMiddle3-Matrix-animation-output-transform-array" count="32" stride="16">
            <param type="float4x4"/>
          </accessor>
        </technique_common>
      </source>
      <source id="mixamorig_LeftHandMiddle3-Interpolations">
        <Name_array id="mixamorig_LeftHandMiddle3-Interpolations-array" count="32">
 LINEAR LINEAR LINEAR LINEAR LINEAR LINEAR LINEAR LINEAR LINEAR LINEAR LINEAR
LINEAR LINEAR LINEAR LINEAR LINEAR LINEAR LINEAR LINEAR LINEAR LINEAR LINEAR LINEAR
LINEAR LINEAR LINEAR LINEAR LINEAR LINEAR LINEAR LINEAR LINEAR</Name_array>
        <technique_common>
          <accessor source="#mixamorig_LeftHandMiddle3-Interpolations-array" count="32">
            <param type="name"/>
          </accessor>
        </technique_common>
      </source>
      <sampler id="mixamorig_LeftHandMiddle3-Matrix-animation-transform">
        <input semantic="INPUT" source="#mixamorig_LeftHandMiddle3-Matrix-animation-input"/>
        <input semantic="OUTPUT" source="#mixamorig_LeftHandMiddle3-Matrix-animation-output-transform"/>
        <input semantic="INTERPOLATION" source="#mixamorig_LeftHandMiddle3-Interpolations"/>
      </sampler>
      <channel source="#mixamorig_LeftHandMiddle3-Matrix-animation-transform" target="mixamorig_LeftHandMiddle3/matrix"/>
    </animation>
    <animation id="mixamorig_LeftHandRing1-anim" name="mixamorig_LeftHandRing1">
      <source id="mixamorig_LeftHandRing1-Matrix-animation-input">
        <float_array id="mixamorig_LeftHandRing1-Matrix-animation-input-array" count="32">

0.000000 0.033333 0.066667 0.100000 0.133333 0.166667 0.200000 0.233333 0.266667 0.300000 0.333333 0.366667 0.400000 0.433333 0.466667 0.500000
0.533333 0.566667 0.600000 0.633333 0.666667 0.700000 0.733333 0.766667 0.800000 0.833333 0.866667 0.900000 0.933333 0.966667 1.000000 1.033333</float_array>
        <technique_common>
          <accessor source="#mixamorig_LeftHandRing1-Matrix-animation-input-array" count="32">
            <param name="TIME" type="float"/>
          </accessor>
        </technique_common>
      </source>
      <source id="mixamorig_LeftHandRing1-Matrix-animation-output-transform">
        <float_array id="mixamorig_LeftHandRing1-Matrix-animation-output-transform-array" count="512">

0.978254 -0.154398 -0.138496 2.664400 -0.059164 0.432272 -0.899800 8.985900 0.198795 0.888427 0.413737 0.175200 0.000000 0.000000 0.000000 1.000000
0.978846 -0.150108 -0.139029 2.664400 -0.056304 0.455650 -0.888376 8.985900 0.196701 0.877411 0.437559 0.175200 0.000000 0.000000 0.000000 1.000000
0.979487 -0.144977 -0.139952 2.664400 -0.053528 0.482376 -0.874327 8.985900 0.194267 0.863884 0.464721 0.175200 0.000000 0.000000 0.000000 1.000000
0.980162 -0.139437 -0.140850 2.664400 -0.050861 0.509905 -0.858726 8.985900 0.191559 0.848855 0.492698 0.175200 0.000000 0.000000 0.000000 1.000000
0.980844 -0.134008 -0.141377 2.664400 -0.048289 0.535848 -0.842933 8.985900 0.188716 0.833612 0.519112 0.175200 0.000000 0.000000 0.000000 1.000000
0.981498 -0.129251 -0.141263 2.664400 -0.045774 0.557990 -0.828584 8.985900 0.185918 0.819720 0.541750 0.175200 0.000000 0.000000 0.000000 1.000000
0.982091 -0.125758 -0.140294 2.664400 -0.043250 0.574267 -0.817525 8.985900 0.183376 0.808951 0.558544 0.175200 0.000000 0.000000 0.000000 1.000000
0.982582 -0.124130 -0.138288 2.664400 -0.040623 0.582695 -0.811675 8.985900 0.181333 0.803155 0.567503 0.175200 0.000000 0.000000 0.000000 1.000000
0.982911 -0.125477 -0.134694 2.664400 -0.037659 0.579162 -0.814342 8.985900 0.180191 0.805498 0.564539 0.175200 0.000000 0.000000 0.000000 1.000000
0.982943 -0.132131 -0.127926 2.664400 -0.033812 0.553895 -0.831900 8.985900 0.180777 0.822035 0.539980 0.175200 0.000000 0.000000 0.000000 1.000000
0.982795 -0.139997 -0.120477 2.664400 -0.030134 0.522012 -0.852406 8.985900 0.182225 0.841371 0.508812 0.175200 0.000000 0.000000 0.000000 1.000000
0.982715 -0.144189 -0.116104 2.664400 -0.027917 0.504575 -0.862916 8.985900 0.183007 0.851242 0.491828 0.175200 0.000000 0.000000 0.000000 1.000000
0.982737 -0.145864 -0.113804 2.664400 -0.026467 0.497962 -0.866795 8.985900 0.183104 0.854844 0.485505 0.175200 0.000000 0.000000 0.000000 1.000000
0.982813 -0.146473 -0.112358 2.664400 -0.025281 0.496117 -0.867888 8.985900 0.182865 0.855812 0.483887 0.175200 0.000000 0.000000 0.000000 1.000000
0.982936 -0.146170 -0.111673 2.664400 -0.024380 0.498216 -0.866710 8.985900 0.182324 0.854643 0.486151 0.175200 0.000000 0.000000 0.000000 1.000000
0.983085 -0.145190 -0.111644 2.664400 -0.023741 0.503408 -0.863723 8.985900 0.181606 0.851763 0.491445 0.175200 0.000000 0.000000 0.000000 1.000000
0.983245 -0.143702 -0.112160 2.664400 -0.023371 0.510827 -0.859366 8.985900 0.180787 0.847588 0.498909 0.175200 0.000000 0.000000 0.000000 1.000000
0.983409 -0.141822 -0.113112 2.664400 -0.023303 0.519604 -0.854090 8.985900 0.179902 0.842555 0.507678 0.175200 0.000000 0.000000 0.000000 1.000000
0.983555 -0.139758 -0.114398 2.664400 -0.023521 0.528892 -0.848363 8.985900 0.179069 0.837103 0.516907 0.175200 0.000000 0.000000 0.000000 1.000000
0.983670 -0.137685 -0.115917 2.664400 -0.024020 0.537860 -0.842692 8.985900 0.178374 0.831715 0.525770 0.175200 0.000000 0.000000 0.000000 1.000000
0.983733 -0.135798 -0.117591 2.664400 -0.024794 0.545700 -0.837613 8.985900 0.177916 0.826904 0.533457 0.175200 0.000000 0.000000 0.000000 1.000000
0.983731 -0.134285 -0.119339 2.664400 -0.025838 0.551623 -0.833693 8.985900 0.177783 0.823213 0.539179 0.175200 0.000000 0.000000 0.000000 1.000000
0.983645 -0.133341 -0.121086 2.664400 -0.027145 0.554846 -0.831510 8.985900 0.178059 0.821198 0.542153 0.175200 0.000000 0.000000 0.000000 1.000000
0.983463 -0.133156 -0.122756 2.664400 -0.028716 0.554586 -0.831631 8.985900 0.178816 0.821404 0.541591 0.175200 0.000000 0.000000 0.000000 1.000000
0.983164 -0.133936 -0.124299 2.664400 -0.030611 0.549905 -0.834666 8.985900 0.180145 0.824418 0.536547 0.175200 0.000000 0.000000 0.000000 1.000000
0.982608 -0.136121 -0.126307 2.664400 -0.033706 0.538145 -0.842178 8.985900 0.182610 0.831788 0.524198 0.175200 0.000000 0.000000 0.000000 1.000000
0.981786 -0.139536 -0.128945 2.664400 -0.038253 0.519610 -0.853547 8.985900 0.186101 0.842933 0.504808 0.175200 0.000000 0.000000 0.000000 1.000000
0.980833 -0.143541 -0.131767 2.664400 -0.043651 0.497194 -0.866541 8.985900 0.189898 0.855684 0.481398 0.175200 0.000000 0.000000 0.000000 1.000000
0.979881 -0.147548 -0.134397 2.664400 -0.049219 0.473948 -0.879176 8.985900 0.193418 0.868103 0.457151 0.175200 0.000000 0.000000 0.000000 1.000000
0.979057 -0.151012 -0.136538 2.664400 -0.054202 0.453114 -0.889803 8.985900 0.196238 0.878569 0.435439 0.175200 0.000000 0.000000 0.000000 1.000000
0.978479 -0.153439 -0.137969 2.664400 -0.057795 0.438075 -0.897079 8.985900 0.198088 0.885746 0.419779 0.175200 0.000000 0.000000 0.000000 1.000000
0.978254 -0.154397 -0.138496 2.664400 -0.059164 0.432271 -0.899801 8.985900 0.198794 0.888427 0.413736 0.175200 0.000000 0.000000 0.000000 1.000000</float_array>
        <technique_common>
          <accessor source="#mixamorig_LeftHandRing1-Matrix-animation-output-transform-array" count="32" stride="16">
            <param type="float4x4"/>
          </accessor>
        </technique_common>
      </source>
      <source id="mixamorig_LeftHandRing1-Interpolations">
        <Name_array id="mixamorig_LeftHandRing1-Interpolations-array" count="32">
 LINEAR LINEAR LINEAR LINEAR LINEAR LINEAR LINEAR LINEAR LINEAR LINEAR LINEAR
LINEAR LINEAR LINEAR LINEAR LINEAR LINEAR LINEAR LINEAR LINEAR LINEAR LINEAR LINEAR
LINEAR LINEAR LINEAR LINEAR LINEAR LINEAR LINEAR LINEAR LINEAR</Name_array>
        <technique_common>
          <accessor source="#mixamorig_LeftHandRing1-Interpolations-array" count="32">
            <param type="name"/>
          </accessor>
        </technique_common>
      </source>
      <sampler id="mixamorig_LeftHandRing1-Matrix-animation-transform">
        <input semantic="INPUT" source="#mixamorig_LeftHandRing1-Matrix-animation-input"/>
        <input semantic="OUTPUT" source="#mixamorig_LeftHandRing1-Matrix-animation-output-transform"/>
        <input semantic="INTERPOLATION" source="#mixamorig_LeftHandRing1-Interpolations"/>
      </sampler>
      <channel source="#mixamorig_LeftHandRing1-Matrix-animation-transform" target="mixamorig_LeftHandRing1/matrix"/>
    </animation>
    <animation id="mixamorig_LeftHandRing2-anim" name="mixamorig_LeftHandRing2">
      <source id="mixamorig_LeftHandRing2-Matrix-animation-input">
        <float_array id="mixamorig_LeftHandRing2-Matrix-animation-input-array" count="32">

0.000000 0.033333 0.066667 0.100000 0.133333 0.166667 0.200000 0.233333 0.266667 0.300000 0.333333 0.366667 0.400000 0.433333 0.466667 0.500000
0.533333 0.566667 0.600000 0.633333 0.666667 0.700000 0.733333 0.766667 0.800000 0.833333 0.866667 0.900000 0.933333 0.966667 1.000000 1.033333</float_array>
        <technique_common>
          <accessor source="#mixamorig_LeftHandRing2-Matrix-animation-input-array" count="32">
            <param name="TIME" type="float"/>
          </accessor>
        </technique_common>
      </source>
      <source id="mixamorig_LeftHandRing2-Matrix-animation-output-transform">
        <float_array id="mixamorig_LeftHandRing2-Matrix-animation-output-transform-array" count="512">

0.994229 -0.055251 0.091956 0.000000 0.074197 -0.264942 -0.961405 3.488800 0.077482 0.962680 -0.259314 0.000000 0.000000 0.000000 0.000000 1.000000
0.994412 -0.056789 0.088988 -0.000000 0.074976 -0.213488 -0.974064 3.488800 0.074314 0.975294 -0.208038 -0.000000 0.000000 0.000000 0.000000 1.000000
0.994626 -0.058285 0.085568 0.000000 0.075562 -0.156341 -0.984809 3.488800 0.070778 0.985982 -0.151096 -0.000000 0.000000 0.000000 0.000000 1.000000
0.994844 -0.059624 0.082034 -0.000000 0.076025 -0.096875 -0.992389 3.488800 0.067117 0.993509 -0.091843 0.000000 0.000000 0.000000 0.000000 1.000000
0.995061 -0.060721 0.078524 -0.000000 0.076267 -0.038629 -0.996339 3.488800 0.063532 0.997407 -0.033807 -0.000000 0.000000 0.000000 0.000000 1.000000
0.995263 -0.061545 0.075259 0.000000 0.076305 0.014817 -0.996974 3.488800 0.060243 0.997994 0.019443 0.000000 0.000000 0.000000 0.000000 1.000000
0.995435 -0.062103 0.072471 0.000000 0.076199 0.059938 -0.995289 3.488800 0.057466 0.996268 0.064397 0.000000 0.000000 0.000000 0.000000 1.000000
0.995564 -0.062435 0.070387 -0.000000 0.076040 0.093333 -0.992727 3.488800 0.055412 0.993675 0.097667 0.000000 0.000000 0.000000 0.000000 1.000000
0.995627 -0.062567 0.069368 -0.000000 0.075929 0.109438 -0.991089 3.488800 0.054418 0.992023 0.113710 0.000000 0.000000 0.000000 0.000000 1.000000
0.995578 -0.062467 0.070162 0.000000 0.076019 0.096935 -0.992383 3.488800 0.055190 0.993328 0.101255 -0.000000 0.000000 0.000000 0.000000 1.000000
0.995480 -0.062228 0.071739 0.000000 0.076151 0.071694 -0.994515 3.488800 0.056743 0.995484 0.076109 -0.000000 0.000000 0.000000 0.000000 1.000000
0.995416 -0.062047 0.072776 -0.000000 0.076215 0.054986 -0.995574 3.488800 0.057771 0.996557 0.059463 0.000000 0.000000 0.000000 0.000000 1.000000
0.995380 -0.061937 0.073371 0.000000 0.076246 0.045410 -0.996054 3.488800 0.058360 0.997047 0.049923 -0.000000 0.000000 0.000000 0.000000 1.000000
0.995352 -0.061849 0.073824 0.000000 0.076268 0.038132 -0.996358 3.488800 0.058809 0.997357 0.042672 0.000000 0.000000 0.000000 0.000000 1.000000
0.995330 -0.061781 0.074167 0.000000 0.076282 0.032608 -0.996553 3.488800 0.059149 0.997557 0.037169 0.000000 0.000000 0.000000 0.000000 1.000000
0.995314 -0.061725 0.074433 0.000000 0.076290 0.028291 -0.996684 3.488800 0.059415 0.997692 0.032867 -0.000000 0.000000 0.000000 0.000000 1.000000
0.995300 -0.061676 0.074656 0.000000 0.076294 0.024634 -0.996781 3.488800 0.059639 0.997792 0.029224 0.000000 0.000000 0.000000 0.000000 1.000000
0.995287 -0.061629 0.074872 -0.000000 0.076297 0.021091 -0.996862 3.488800 0.059856 0.997876 0.025693 0.000000 0.000000 0.000000 0.000000 1.000000
0.995272 -0.061573 0.075112 0.000000 0.076296 0.017113 -0.996938 3.488800 0.060099 0.997956 0.021730 0.000000 0.000000 0.000000 0.000000 1.000000
0.995254 -0.061504 0.075414 0.000000 0.076298 0.012155 -0.997011 3.488800 0.060403 0.998033 0.016790 0.000000 0.000000 0.000000 0.000000 1.000000
0.995229 -0.061414 0.075813 0.000000 0.076303 0.005667 -0.997069 3.488800 0.060804 0.998096 0.010326 -0.000000 0.000000 0.000000 0.000000 1.000000
0.995196 -0.061290 0.076343 0.000000 0.076309 -0.002896 -0.997080 3.488800 0.061333 0.998116 0.001795 0.000000 0.000000 0.000000 0.000000 1.000000
0.995154 -0.061121 0.077030 0.000000 0.076306 -0.014084 -0.996985 3.488800 0.062021 0.998031 -0.009352 0.000000 0.000000 0.000000 0.000000 1.000000
0.995100 -0.060892 0.077904 0.000000 0.076288 -0.028442 -0.996680 3.488800 0.062905 0.997739 -0.023657 0.000000 0.000000 0.000000 0.000000 1.000000
0.995031 -0.060580 0.079020 0.000000 0.076246 -0.046809 -0.995990 3.488800 0.064036 0.997065 -0.041958 0.000000 0.000000 0.000000 0.000000 1.000000
0.994927 -0.060068 0.080697 0.000000 0.076142 -0.074601 -0.994302 3.488800 0.065746 0.995403 -0.069649 -0.000000 0.000000 0.000000 0.000000 1.000000
0.994788 -0.059303 0.082943 0.000000 0.075928 -0.112090 -0.990793 3.488800 0.068054 0.991927 -0.107003 0.000000 0.000000 0.000000 0.000000 1.000000
0.994634 -0.058341 0.085435 0.000000 0.075586 -0.154045 -0.985168 3.488800 0.070637 0.986340 -0.148809 -0.000000 0.000000 0.000000 0.000000 1.000000
0.994479 -0.057291 0.087919 0.000000 0.075200 -0.195279 -0.977860 3.488800 0.073191 0.979073 -0.189893 0.000000 0.000000 0.000000 0.000000 1.000000
0.994349 -0.056294 0.090002 0.000000 0.074748 -0.230741 -0.970140 3.488800 0.075380 0.971385 -0.225229 0.000000 0.000000 0.000000 0.000000 1.000000
0.994261 -0.055546 0.091430 -0.000000 0.074364 -0.255549 -0.963932 3.488800 0.076907 0.965199 -0.249952 0.000000 0.000000 0.000000 0.000000 1.000000
0.994228 -0.055251 0.091963 0.000000 0.074204 -0.264943 -0.961405 3.488800 0.077484 0.962680 -0.259314 0.000000 0.000000 0.000000 0.000000 1.000000</float_array>
        <technique_common>
          <accessor source="#mixamorig_LeftHandRing2-Matrix-animation-output-transform-array" count="32" stride="16">
            <param type="float4x4"/>
          </accessor>
        </technique_common>
      </source>
      <source id="mixamorig_LeftHandRing2-Interpolations">
        <Name_array id="mixamorig_LeftHandRing2-Interpolations-array" count="32">
 LINEAR LINEAR LINEAR LINEAR LINEAR LINEAR LINEAR LINEAR LINEAR LINEAR LINEAR
LINEAR LINEAR LINEAR LINEAR LINEAR LINEAR LINEAR LINEAR LINEAR LINEAR LINEAR LINEAR
LINEAR LINEAR LINEAR LINEAR LINEAR LINEAR LINEAR LINEAR LINEAR</Name_array>
        <technique_common>
          <accessor source="#mixamorig_LeftHandRing2-Interpolations-array" count="32">
            <param type="name"/>
          </accessor>
        </technique_common>
      </source>
      <sampler id="mixamorig_LeftHandRing2-Matrix-animation-transform">
        <input semantic="INPUT" source="#mixamorig_LeftHandRing2-Matrix-animation-input"/>
        <input semantic="OUTPUT" source="#mixamorig_LeftHandRing2-Matrix-animation-output-transform"/>
        <input semantic="INTERPOLATION" source="#mixamorig_LeftHandRing2-Interpolations"/>
      </sampler>
      <channel source="#mixamorig_LeftHandRing2-Matrix-animation-transform" target="mixamorig_LeftHandRing2/matrix"/>
    </animation>
    <animation id="mixamorig_LeftHandRing3-anim" name="mixamorig_LeftHandRing3">
      <source id="mixamorig_LeftHandRing3-Matrix-animation-input">
        <float_array id="mixamorig_LeftHandRing3-Matrix-animation-input-array" count="32">

0.000000 0.033333 0.066667 0.100000 0.133333 0.166667 0.200000 0.233333 0.266667 0.300000 0.333333 0.366667 0.400000 0.433333 0.466667 0.500000
0.533333 0.566667 0.600000 0.633333 0.666667 0.700000 0.733333 0.766667 0.800000 0.833333 0.866667 0.900000 0.933333 0.966667 1.000000 1.033333</float_array>
        <technique_common>
          <accessor source="#mixamorig_LeftHandRing3-Matrix-animation-input-array" count="32">
            <param name="TIME" type="float"/>
          </accessor>
        </technique_common>
      </source>
      <source id="mixamorig_LeftHandRing3-Matrix-animation-output-transform">
        <float_array id="mixamorig_LeftHandRing3-Matrix-animation-output-transform-array" count="512">

1.000000 0.000000 -0.000000 0.000000 -0.000000 1.000000 0.000000 3.511900 0.000000 -0.000000 1.000000 0.000000 0.000000 0.000000 0.000000 1.000000
1.000000 -0.000000 0.000000 0.000000 0.000000 1.000000 -0.000000 3.511900 -0.000000 0.000000 1.000000 0.000000 0.000000 0.000000 0.000000 1.000000
1.000000 0.000000 -0.000000 0.000000 -0.000000 1.000000 0.000000 3.511900 -0.000000 -0.000000 1.000000 -0.000000 0.000000 0.000000 0.000000 1.000000
1.000000 -0.000000 0.000000 0.000000 0.000000 1.000000 -0.000000 3.511900 -0.000000 0.000000 1.000000 -0.000000 0.000000 0.000000 0.000000 1.000000
1.000000 -0.000000 -0.000000 0.000000 0.000000 1.000000 0.000000 3.511900 0.000000 -0.000000 1.000000 0.000000 0.000000 0.000000 0.000000 1.000000
1.000000 0.000000 0.000000 0.000000 -0.000000 1.000000 0.000000 3.511900 -0.000000 -0.000000 1.000000 0.000000 0.000000 0.000000 0.000000 1.000000
1.000000 0.000000 0.000000 0.000000 -0.000000 1.000000 0.000000 3.511900 -0.000000 -0.000000 1.000000 0.000000 0.000000 0.000000 0.000000 1.000000
1.000000 0.000000 0.000000 0.000000 -0.000000 1.000000 0.000000 3.511900 0.000000 -0.000000 1.000000 0.000000 0.000000 0.000000 0.000000 1.000000
1.000000 0.000000 -0.000000 0.000000 -0.000000 1.000000 0.000000 3.511900 0.000000 -0.000000 1.000000 -0.000000 0.000000 0.000000 0.000000 1.000000
1.000000 0.000000 -0.000000 0.000000 -0.000000 1.000000 0.000000 3.511900 -0.000000 -0.000000 1.000000 -0.000000 0.000000 0.000000 0.000000 1.000000
1.000000 0.000000 -0.000000 0.000000 -0.000000 1.000000 0.000000 3.511900 0.000000 -0.000000 1.000000 0.000000 0.000000 0.000000 0.000000 1.000000
1.000000 0.000000 -0.000000 0.000000 -0.000000 1.000000 0.000000 3.511900 0.000000 -0.000000 1.000000 0.000000 0.000000 0.000000 0.000000 1.000000
1.000000 0.000000 -0.000000 0.000000 -0.000000 1.000000 -0.000000 3.511900 0.000000 0.000000 1.000000 0.000000 0.000000 0.000000 0.000000 1.000000
1.000000 -0.000000 0.000000 0.000000 0.000000 1.000000 -0.000000 3.511900 -0.000000 0.000000 1.000000 0.000000 0.000000 0.000000 0.000000 1.000000
1.000000 0.000000 0.000000 0.000000 -0.000000 1.000000 0.000000 3.511900 0.000000 -0.000000 1.000000 0.000000 0.000000 0.000000 0.000000 1.000000
1.000000 0.000000 -0.000000 -0.000000 -0.000000 1.000000 -0.000000 3.511900 0.000000 0.000000 1.000000 0.000000 0.000000 0.000000 0.000000 1.000000
1.000000 0.000000 0.000000 0.000000 -0.000000 1.000000 0.000000 3.511900 -0.000000 -0.000000 1.000000 0.000000 0.000000 0.000000 0.000000 1.000000
1.000000 0.000000 -0.000000 0.000000 -0.000000 1.000000 -0.000000 3.511900 0.000000 0.000000 1.000000 0.000000 0.000000 0.000000 0.000000 1.000000
1.000000 0.000000 0.000000 0.000000 -0.000000 1.000000 0.000000 3.511900 0.000000 -0.000000 1.000000 0.000000 0.000000 0.000000 0.000000 1.000000
1.000000 0.000000 -0.000000 -0.000000 -0.000000 1.000000 0.000000 3.511900 -0.000000 -0.000000 1.000000 0.000000 0.000000 0.000000 0.000000 1.000000
1.000000 0.000000 -0.000000 0.000000 -0.000000 1.000000 -0.000000 3.511900 0.000000 0.000000 1.000000 -0.000000 0.000000 0.000000 0.000000 1.000000
1.000000 -0.000000 -0.000000 -0.000000 0.000000 1.000000 -0.000000 3.511900 0.000000 0.000000 1.000000 -0.000000 0.000000 0.000000 0.000000 1.000000
1.000000 -0.000000 -0.000000 0.000000 0.000000 1.000000 -0.000000 3.511900 0.000000 0.000000 1.000000 0.000000 0.000000 0.000000 0.000000 1.000000
1.000000 -0.000000 -0.000000 0.000000 0.000000 1.000000 0.000000 3.511900 0.000000 -0.000000 1.000000 0.000000 0.000000 0.000000 0.000000 1.000000
1.000000 0.000000 0.000000 0.000000 -0.000000 1.000000 -0.000000 3.511900 -0.000000 0.000000 1.000000 0.000000 0.000000 0.000000 0.000000 1.000000
1.000000 0.000000 -0.000000 0.000000 -0.000000 1.000000 -0.000000 3.511900 0.000000 0.000000 1.000000 -0.000000 0.000000 0.000000 0.000000 1.000000
1.000000 0.000000 -0.000000 0.000000 -0.000000 1.000000 0.000000 3.511900 -0.000000 -0.000000 1.000000 0.000000 0.000000 0.000000 0.000000 1.000000
1.000000 0.000000 0.000000 0.000000 -0.000000 1.000000 0.000000 3.511900 0.000000 -0.000000 1.000000 0.000000 0.000000 0.000000 0.000000 1.000000
1.000000 0.000000 0.000000 0.000000 -0.000000 1.000000 -0.000000 3.511900 -0.000000 0.000000 1.000000 0.000000 0.000000 0.000000 0.000000 1.000000
1.000000 0.000000 0.000000 0.000000 -0.000000 1.000000 0.000000 3.511900 -0.000000 -0.000000 1.000000 0.000000 0.000000 0.000000 0.000000 1.000000
1.000000 0.000000 0.000000 0.000000 -0.000000 1.000000 0.000000 3.511900 0.000000 -0.000000 1.000000 -0.000000 0.000000 0.000000 0.000000 1.000000
1.000000 0.000000 -0.000000 0.000000 -0.000000 1.000000 0.000000 3.511900 0.000000 -0.000000 1.000000 0.000000 0.000000 0.000000 0.000000 1.000000</float_array>
        <technique_common>
          <accessor source="#mixamorig_LeftHandRing3-Matrix-animation-output-transform-array" count="32" stride="16">
            <param type="float4x4"/>
          </accessor>
        </technique_common>
      </source>
      <source id="mixamorig_LeftHandRing3-Interpolations">
        <Name_array id="mixamorig_LeftHandRing3-Interpolations-array" count="32">
 LINEAR LINEAR LINEAR LINEAR LINEAR LINEAR LINEAR LINEAR LINEAR LINEAR LINEAR
LINEAR LINEAR LINEAR LINEAR LINEAR LINEAR LINEAR LINEAR LINEAR LINEAR LINEAR LINEAR
LINEAR LINEAR LINEAR LINEAR LINEAR LINEAR LINEAR LINEAR LINEAR</Name_array>
        <technique_common>
          <accessor source="#mixamorig_LeftHandRing3-Interpolations-array" count="32">
            <param type="name"/>
          </accessor>
        </technique_common>
      </source>
      <sampler id="mixamorig_LeftHandRing3-Matrix-animation-transform">
        <input semantic="INPUT" source="#mixamorig_LeftHandRing3-Matrix-animation-input"/>
        <input semantic="OUTPUT" source="#mixamorig_LeftHandRing3-Matrix-animation-output-transform"/>
        <input semantic="INTERPOLATION" source="#mixamorig_LeftHandRing3-Interpolations"/>
      </sampler>
      <channel source="#mixamorig_LeftHandRing3-Matrix-animation-transform" target="mixamorig_LeftHandRing3/matrix"/>
    </animation>
    <animation id="mixamorig_LeftHandPinky1-anim" name="mixamorig_LeftHandPinky1">
      <source id="mixamorig_LeftHandPinky1-Matrix-animation-input">
        <float_array id="mixamorig_LeftHandPinky1-Matrix-animation-input-array" count="32">

0.000000 0.033333 0.066667 0.100000 0.133333 0.166667 0.200000 0.233333 0.266667 0.300000 0.333333 0.366667 0.400000 0.433333 0.466667 0.500000
0.533333 0.566667 0.600000 0.633333 0.666667 0.700000 0.733333 0.766667 0.800000 0.833333 0.866667 0.900000 0.933333 0.966667 1.000000 1.033333</float_array>
        <technique_common>
          <accessor source="#mixamorig_LeftHandPinky1-Matrix-animation-input-array" count="32">
            <param name="TIME" type="float"/>
          </accessor>
        </technique_common>
      </source>
      <source id="mixamorig_LeftHandPinky1-Matrix-animation-output-transform">
        <float_array id="mixamorig_LeftHandPinky1-Matrix-animation-output-transform-array" count="512">

0.956994 -0.212915 -0.197055 4.366700 -0.134656 0.275642 -0.951782 7.803100 0.256965 0.937384 0.235118 0.191700 0.000000 0.000000 0.000000 1.000000
0.957989 -0.206426 -0.199111 4.366700 -0.131664 0.300231 -0.944736 7.803100 0.254798 0.931262 0.260439 0.191700 0.000000 0.000000 0.000000 1.000000
0.959085 -0.198672 -0.201706 4.366700 -0.128742 0.328486 -0.935694 7.803100 0.252154 0.923378 0.289468 0.191700 0.000000 0.000000 0.000000 1.000000
0.960234 -0.190322 -0.204275 4.366700 -0.125929 0.357763 -0.925282 7.803100 0.249184 0.914212 0.319569 0.191700 0.000000 0.000000 0.000000 1.000000
0.961380 -0.182100 -0.206367 4.366700 -0.123264 0.385524 -0.914427 7.803100 0.246076 0.904550 0.348189 0.191700 0.000000 0.000000 0.000000 1.000000
0.962482 -0.174733 -0.207598 4.366700 -0.120749 0.409334 -0.904359 7.803100 0.242998 0.895497 0.372877 0.191700 0.000000 0.000000 0.000000 1.000000
0.963495 -0.168993 -0.207652 4.366700 -0.118349 0.426874 -0.896533 7.803100 0.240149 0.888380 0.391291 0.191700 0.000000 0.000000 0.000000 1.000000
0.964373 -0.165663 -0.206252 4.366700 -0.116001 0.435889 -0.892493 7.803100 0.237757 0.884622 0.401143 0.191700 0.000000 0.000000 0.000000 1.000000
0.965053 -0.166154 -0.202644 4.366700 -0.113544 0.431814 -0.894788 7.803100 0.236177 0.886527 0.397857 0.191700 0.000000 0.000000 0.000000 1.000000
0.965413 -0.173368 -0.194736 4.366700 -0.110606 0.404033 -0.908033 7.803100 0.236104 0.898165 0.370883 0.191700 0.000000 0.000000 0.000000 1.000000
0.965543 -0.182274 -0.185750 4.366700 -0.107849 0.369324 -0.923021 7.803100 0.236844 0.911250 0.336940 0.191700 0.000000 0.000000 0.000000 1.000000
0.965648 -0.186903 -0.180529 4.366700 -0.106138 0.350444 -0.930550 7.803100 0.237188 0.917745 0.318568 0.191700 0.000000 0.000000 0.000000 1.000000
0.965819 -0.188507 -0.177929 4.366700 -0.104951 0.343262 -0.933358 7.803100 0.237021 0.920129 0.311744 0.191700 0.000000 0.000000 0.000000 1.000000
0.966036 -0.188804 -0.176430 4.366700 -0.103934 0.341207 -0.934225 7.803100 0.236585 0.920832 0.309995 0.191700 0.000000 0.000000 0.000000 1.000000
0.966282 -0.188041 -0.175895 4.366700 -0.103105 0.343393 -0.933515 7.803100 0.235940 0.920175 0.312426 0.191700 0.000000 0.000000 0.000000 1.000000
0.966534 -0.186480 -0.176172 4.366700 -0.102474 0.348914 -0.931535 7.803100 0.235181 0.918414 0.318128 0.191700 0.000000 0.000000 0.000000 1.000000
0.966780 -0.184309 -0.177107 4.366700 -0.102076 0.356848 -0.928569 7.803100 0.234344 0.915800 0.326180 0.191700 0.000000 0.000000 0.000000 1.000000
0.967003 -0.181757 -0.178522 4.366700 -0.101907 0.366273 -0.924910 7.803100 0.233496 0.912584 0.335664 0.191700 0.000000 0.000000 0.000000 1.000000
0.967177 -0.179065 -0.180289 4.366700 -0.101991 0.376288 -0.920872 7.803100 0.232736 0.909034 0.345674 0.191700 0.000000 0.000000 0.000000 1.000000
0.967284 -0.176472 -0.182262 4.366700 -0.102329 0.385998 -0.916807 7.803100 0.232143 0.905463 0.355312 0.191700 0.000000 0.000000 0.000000 1.000000
0.967303 -0.174230 -0.184304 4.366700 -0.102915 0.394526 -0.913103 7.803100 0.231803 0.902216 0.363695 0.191700 0.000000 0.000000 0.000000 1.000000
0.967206 -0.172637 -0.186304 4.366700 -0.103742 0.401015 -0.910178 7.803100 0.231841 0.899657 0.369954 0.191700 0.000000 0.000000 0.000000 1.000000
0.966976 -0.171924 -0.188145 4.366700 -0.104823 0.404603 -0.908465 7.803100 0.232311 0.898186 0.373220 0.191700 0.000000 0.000000 0.000000 1.000000
0.966596 -0.172349 -0.189706 4.366700 -0.106170 0.404429 -0.908386 7.803100 0.233282 0.898183 0.372621 0.191700 0.000000 0.000000 0.000000 1.000000
0.966030 -0.174208 -0.190887 4.366700 -0.107848 0.399485 -0.910374 7.803100 0.234851 0.900035 0.367127 0.191700 0.000000 0.000000 0.000000 1.000000
0.965016 -0.178455 -0.192086 4.366700 -0.110655 0.386972 -0.915428 7.803100 0.237694 0.904658 0.353688 0.191700 0.000000 0.000000 0.000000 1.000000
0.963522 -0.184918 -0.193469 4.366700 -0.114839 0.367297 -0.922987 7.803100 0.241738 0.911536 0.332663 0.191700 0.000000 0.000000 0.000000 1.000000
0.961779 -0.192469 -0.194772 4.366700 -0.119865 0.343607 -0.931433 7.803100 0.246197 0.919179 0.307404 0.191700 0.000000 0.000000 0.000000 1.000000
0.960024 -0.200025 -0.195818 4.366700 -0.125113 0.319165 -0.939404 7.803100 0.250403 0.926350 0.281380 0.191700 0.000000 0.000000 0.000000 1.000000
0.958489 -0.206576 -0.196532 4.366700 -0.129861 0.297361 -0.945893 7.803100 0.253840 0.932150 0.258191 0.191700 0.000000 0.000000 0.000000 1.000000
0.957405 -0.211179 -0.196927 4.366700 -0.133314 0.281681 -0.950202 7.803100 0.256133 0.935980 0.241529 0.191700 0.000000 0.000000 0.000000 1.000000
0.956997 -0.212924 -0.197029 4.366700 -0.134629 0.275638 -0.951787 7.803100 0.256967 0.937383 0.235119 0.191700 0.000000 0.000000 0.000000 1.000000</float_array>
        <technique_common>
          <accessor source="#mixamorig_LeftHandPinky1-Matrix-animation-output-transform-array" count="32" stride="16">
            <param type="float4x4"/>
          </accessor>
        </technique_common>
      </source>
      <source id="mixamorig_LeftHandPinky1-Interpolations">
        <Name_array id="mixamorig_LeftHandPinky1-Interpolations-array" count="32">
 LINEAR LINEAR LINEAR LINEAR LINEAR LINEAR LINEAR LINEAR LINEAR LINEAR LINEAR
LINEAR LINEAR LINEAR LINEAR LINEAR LINEAR LINEAR LINEAR LINEAR LINEAR LINEAR LINEAR
LINEAR LINEAR LINEAR LINEAR LINEAR LINEAR LINEAR LINEAR LINEAR</Name_array>
        <technique_common>
          <accessor source="#mixamorig_LeftHandPinky1-Interpolations-array" count="32">
            <param type="name"/>
          </accessor>
        </technique_common>
      </source>
      <sampler id="mixamorig_LeftHandPinky1-Matrix-animation-transform">
        <input semantic="INPUT" source="#mixamorig_LeftHandPinky1-Matrix-animation-input"/>
        <input semantic="OUTPUT" source="#mixamorig_LeftHandPinky1-Matrix-animation-output-transform"/>
        <input semantic="INTERPOLATION" source="#mixamorig_LeftHandPinky1-Interpolations"/>
      </sampler>
      <channel source="#mixamorig_LeftHandPinky1-Matrix-animation-transform" target="mixamorig_LeftHandPinky1/matrix"/>
    </animation>
    <animation id="mixamorig_LeftHandPinky2-anim" name="mixamorig_LeftHandPinky2">
      <source id="mixamorig_LeftHandPinky2-Matrix-animation-input">
        <float_array id="mixamorig_LeftHandPinky2-Matrix-animation-input-array" count="32">

0.000000 0.033333 0.066667 0.100000 0.133333 0.166667 0.200000 0.233333 0.266667 0.300000 0.333333 0.366667 0.400000 0.433333 0.466667 0.500000
0.533333 0.566667 0.600000 0.633333 0.666667 0.700000 0.733333 0.766667 0.800000 0.833333 0.866667 0.900000 0.933333 0.966667 1.000000 1.033333</float_array>
        <technique_common>
          <accessor source="#mixamorig_LeftHandPinky2-Matrix-animation-input-array" count="32">
            <param name="TIME" type="float"/>
          </accessor>
        </technique_common>
      </source>
      <source id="mixamorig_LeftHandPinky2-Matrix-animation-output-transform">
        <float_array id="mixamorig_LeftHandPinky2-Matrix-animation-output-transform-array" count="512">

0.993662 -0.019224 0.110751 -0.000000 0.108095 -0.106874 -0.988379 3.218900 0.030837 0.994087 -0.104118 -0.000000 0.000000 0.000000 0.000000 1.000000
0.993687 -0.023937 0.109607 0.000000 0.108186 -0.054249 -0.992649 3.218900 0.029707 0.998240 -0.051317 0.000000 0.000000 0.000000 0.000000 1.000000
0.993720 -0.029032 0.108067 0.000000 0.108217 0.003672 -0.994120 3.218900 0.028465 0.999572 0.006791 -0.000000 0.000000 0.000000 0.000000 1.000000
0.993760 -0.034181 0.106170 0.000000 0.108174 0.063365 -0.992111 3.218900 0.027184 0.997405 0.066667 0.000000 0.000000 0.000000 0.000000 1.000000
0.993806 -0.039078 0.104031 0.000000 0.108058 0.121281 -0.986719 3.218900 0.025942 0.991849 0.124753 -0.000000 0.000000 0.000000 0.000000 1.000000
0.993853 -0.043444 0.101825 0.000000 0.107889 0.173945 -0.978827 3.218900 0.024813 0.983797 0.177563 0.000000 0.000000 0.000000 0.000000 1.000000
0.993897 -0.047037 0.099782 0.000000 0.107700 0.218053 -0.969976 3.218900 0.023867 0.974803 0.221788 0.000000 0.000000 0.000000 0.000000 1.000000
0.993932 -0.049640 0.098162 -0.000000 0.107532 0.250488 -0.962129 3.218900 0.023171 0.966846 0.254305 0.000000 0.000000 0.000000 0.000000 1.000000
0.993949 -0.050878 0.097349 0.000000 0.107443 0.266065 -0.957948 3.218900 0.022837 0.962611 0.269922 0.000000 0.000000 0.000000 0.000000 1.000000
0.993935 -0.049918 0.097983 0.000000 0.107512 0.253975 -0.961217 3.218900 0.023097 0.965922 0.257802 0.000000 0.000000 0.000000 0.000000 1.000000
0.993909 -0.047959 0.099223 0.000000 0.107644 0.229491 -0.967340 3.218900 0.023622 0.972128 0.233256 0.000000 0.000000 0.000000 0.000000 1.000000
0.993892 -0.046647 0.100014 -0.000000 0.107723 0.213227 -0.971046 3.218900 0.023970 0.975888 0.216950 -0.000000 0.000000 0.000000 0.000000 1.000000
0.993882 -0.045889 0.100458 0.000000 0.107766 0.203886 -0.973045 3.218900 0.024170 0.977918 0.207584 0.000000 0.000000 0.000000 0.000000 1.000000
0.993875 -0.045311 0.100790 0.000000 0.107797 0.196777 -0.974504 3.218900 0.024323 0.979401 0.200456 0.000000 0.000000 0.000000 0.000000 1.000000
0.993870 -0.044871 0.101039 0.000000 0.107820 0.191375 -0.975577 3.218900 0.024439 0.980491 0.195040 0.000000 0.000000 0.000000 0.000000 1.000000
0.993866 -0.044526 0.101232 0.000000 0.107837 0.187150 -0.976394 3.218900 0.024529 0.981322 0.190803 0.000000 0.000000 0.000000 0.000000 1.000000
0.993862 -0.044233 0.101395 0.000000 0.107852 0.183569 -0.977072 3.218900 0.024606 0.982011 0.187213 -0.000000 0.000000 0.000000 0.000000 1.000000
0.993859 -0.043949 0.101551 -0.000000 0.107866 0.180098 -0.977717 3.218900 0.024681 0.982666 0.183732 0.000000 0.000000 0.000000 0.000000 1.000000
0.993855 -0.043629 0.101725 0.000000 0.107881 0.176198 -0.978425 3.218900 0.024764 0.983387 0.179822 0.000000 0.000000 0.000000 0.000000 1.000000
0.993851 -0.043230 0.101941 0.000000 0.107900 0.171333 -0.979287 3.218900 0.024868 0.984264 0.174944 -0.000000 0.000000 0.000000 0.000000 1.000000
0.993845 -0.042706 0.102220 0.000000 0.107923 0.164962 -0.980378 3.218900 0.025005 0.985375 0.168556 0.000000 0.000000 0.000000 0.000000 1.000000
0.993837 -0.042011 0.102582 0.000000 0.107952 0.156542 -0.981754 3.218900 0.025186 0.986777 0.160112 0.000000 0.000000 0.000000 0.000000 1.000000
0.993827 -0.041098 0.103047 0.000000 0.107988 0.145523 -0.983444 3.218900 0.025422 0.988501 0.149062 -0.000000 0.000000 0.000000 0.000000 1.000000
0.993815 -0.039920 0.103629 0.000000 0.108031 0.131354 -0.985432 3.218900 0.025726 0.990531 0.134854 0.000000 0.000000 0.000000 0.000000 1.000000
0.993799 -0.038399 0.104349 0.000000 0.108079 0.113180 -0.987679 3.218900 0.026116 0.992832 0.116628 0.000000 0.000000 0.000000 0.000000 1.000000
0.993777 -0.036071 0.105385 -0.000000 0.108138 0.085577 -0.990446 3.218900 0.026708 0.995678 0.088945 0.000000 0.000000 0.000000 0.000000 1.000000
0.993749 -0.032878 0.106684 0.000000 0.108192 0.048146 -0.992963 3.218900 0.027511 0.998299 0.051402 -0.000000 0.000000 0.000000 0.000000 1.000000
0.993721 -0.029233 0.107999 0.000000 0.108217 0.005986 -0.994109 3.218900 0.028415 0.999555 0.009112 0.000000 0.000000 0.000000 0.000000 1.000000
0.993697 -0.025576 0.109147 0.000000 0.108204 -0.035735 -0.993486 3.218900 0.029310 0.999034 -0.032742 0.000000 0.000000 0.000000 0.000000 1.000000
0.993678 -0.022370 0.110017 0.000000 0.108162 -0.071842 -0.991534 3.218900 0.030085 0.997165 -0.068969 0.000000 0.000000 0.000000 0.000000 1.000000
0.993666 -0.020093 0.110560 0.000000 0.108116 -0.097233 -0.989372 3.218900 0.030630 0.995059 -0.094444 -0.000000 0.000000 0.000000 0.000000 1.000000
0.993662 -0.019224 0.110752 0.000000 0.108095 -0.106874 -0.988379 3.218900 0.030837 0.994087 -0.104118 0.000000 0.000000 0.000000 0.000000 1.000000</float_array>
        <technique_common>
          <accessor source="#mixamorig_LeftHandPinky2-Matrix-animation-output-transform-array" count="32" stride="16">
            <param type="float4x4"/>
          </accessor>
        </technique_common>
      </source>
      <source id="mixamorig_LeftHandPinky2-Interpolations">
        <Name_array id="mixamorig_LeftHandPinky2-Interpolations-array" count="32">
 LINEAR LINEAR LINEAR LINEAR LINEAR LINEAR LINEAR LINEAR LINEAR LINEAR LINEAR
LINEAR LINEAR LINEAR LINEAR LINEAR LINEAR LINEAR LINEAR LINEAR LINEAR LINEAR LINEAR
LINEAR LINEAR LINEAR LINEAR LINEAR LINEAR LINEAR LINEAR LINEAR</Name_array>
        <technique_common>
          <accessor source="#mixamorig_LeftHandPinky2-Interpolations-array" count="32">
            <param type="name"/>
          </accessor>
        </technique_common>
      </source>
      <sampler id="mixamorig_LeftHandPinky2-Matrix-animation-transform">
        <input semantic="INPUT" source="#mixamorig_LeftHandPinky2-Matrix-animation-input"/>
        <input semantic="OUTPUT" source="#mixamorig_LeftHandPinky2-Matrix-animation-output-transform"/>
        <input semantic="INTERPOLATION" source="#mixamorig_LeftHandPinky2-Interpolations"/>
      </sampler>
      <channel source="#mixamorig_LeftHandPinky2-Matrix-animation-transform" target="mixamorig_LeftHandPinky2/matrix"/>
    </animation>
    <animation id="mixamorig_LeftHandPinky3-anim" name="mixamorig_LeftHandPinky3">
      <source id="mixamorig_LeftHandPinky3-Matrix-animation-input">
        <float_array id="mixamorig_LeftHandPinky3-Matrix-animation-input-array" count="32">

0.000000 0.033333 0.066667 0.100000 0.133333 0.166667 0.200000 0.233333 0.266667 0.300000 0.333333 0.366667 0.400000 0.433333 0.466667 0.500000
0.533333 0.566667 0.600000 0.633333 0.666667 0.700000 0.733333 0.766667 0.800000 0.833333 0.866667 0.900000 0.933333 0.966667 1.000000 1.033333</float_array>
        <technique_common>
          <accessor source="#mixamorig_LeftHandPinky3-Matrix-animation-input-array" count="32">
            <param name="TIME" type="float"/>
          </accessor>
        </technique_common>
      </source>
      <source id="mixamorig_LeftHandPinky3-Matrix-animation-output-transform">
        <float_array id="mixamorig_LeftHandPinky3-Matrix-animation-output-transform-array" count="512">

1.000000 -0.000000 0.000000 0.000000 0.000000 1.000000 0.000000 2.622400 0.000000 -0.000000 1.000000 0.000000 0.000000 0.000000 0.000000 1.000000
1.000000 0.000000 0.000000 0.000000 -0.000000 1.000000 -0.000000 2.622400 -0.000000 0.000000 1.000000 0.000000 0.000000 0.000000 0.000000 1.000000
1.000000 -0.000000 0.000000 0.000000 0.000000 1.000000 0.000000 2.622400 0.000000 -0.000000 1.000000 0.000000 0.000000 0.000000 0.000000 1.000000
1.000000 -0.000000 -0.000000 0.000000 0.000000 1.000000 0.000000 2.622400 0.000000 -0.000000 1.000000 0.000000 0.000000 0.000000 0.000000 1.000000
1.000000 0.000000 0.000000 0.000000 -0.000000 1.000000 0.000000 2.622400 -0.000000 -0.000000 1.000000 -0.000000 0.000000 0.000000 0.000000 1.000000
1.000000 -0.000000 -0.000000 0.000000 0.000000 1.000000 0.000000 2.622400 -0.000000 -0.000000 1.000000 -0.000000 0.000000 0.000000 0.000000 1.000000
1.000000 -0.000000 0.000000 0.000000 0.000000 1.000000 0.000000 2.622400 0.000000 -0.000000 1.000000 0.000000 0.000000 0.000000 0.000000 1.000000
1.000000 -0.000000 0.000000 -0.000000 0.000000 1.000000 0.000000 2.622400 0.000000 -0.000000 1.000000 -0.000000 0.000000 0.000000 0.000000 1.000000
1.000000 -0.000000 0.000000 0.000000 0.000000 1.000000 0.000000 2.622400 0.000000 -0.000000 1.000000 0.000000 0.000000 0.000000 0.000000 1.000000
1.000000 -0.000000 -0.000000 -0.000000 0.000000 1.000000 0.000000 2.622400 0.000000 -0.000000 1.000000 0.000000 0.000000 0.000000 0.000000 1.000000
1.000000 0.000000 -0.000000 0.000000 -0.000000 1.000000 -0.000000 2.622400 0.000000 0.000000 1.000000 -0.000000 0.000000 0.000000 0.000000 1.000000
1.000000 0.000000 0.000000 0.000000 -0.000000 1.000000 0.000000 2.622400 -0.000000 -0.000000 1.000000 0.000000 0.000000 0.000000 0.000000 1.000000
1.000000 0.000000 -0.000000 -0.000000 -0.000000 1.000000 -0.000000 2.622400 0.000000 0.000000 1.000000 0.000000 0.000000 0.000000 0.000000 1.000000
1.000000 -0.000000 -0.000000 0.000000 0.000000 1.000000 0.000000 2.622400 0.000000 -0.000000 1.000000 0.000000 0.000000 0.000000 0.000000 1.000000
1.000000 -0.000000 0.000000 0.000000 0.000000 1.000000 0.000000 2.622400 0.000000 -0.000000 1.000000 0.000000 0.000000 0.000000 0.000000 1.000000
1.000000 -0.000000 0.000000 0.000000 0.000000 1.000000 0.000000 2.622400 -0.000000 -0.000000 1.000000 -0.000000 0.000000 0.000000 0.000000 1.000000
1.000000 -0.000000 0.000000 0.000000 0.000000 1.000000 0.000000 2.622400 -0.000000 -0.000000 1.000000 0.000000 0.000000 0.000000 0.000000 1.000000
1.000000 -0.000000 0.000000 -0.000000 0.000000 1.000000 0.000000 2.622400 -0.000000 -0.000000 1.000000 -0.000000 0.000000 0.000000 0.000000 1.000000
1.000000 -0.000000 -0.000000 0.000000 0.000000 1.000000 0.000000 2.622400 0.000000 -0.000000 1.000000 0.000000 0.000000 0.000000 0.000000 1.000000
1.000000 -0.000000 0.000000 -0.000000 0.000000 1.000000 -0.000000 2.622400 -0.000000 0.000000 1.000000 0.000000 0.000000 0.000000 0.000000 1.000000
1.000000 -0.000000 0.000000 -0.000000 0.000000 1.000000 0.000000 2.622400 0.000000 -0.000000 1.000000 0.000000 0.000000 0.000000 0.000000 1.000000
1.000000 -0.000000 -0.000000 -0.000000 0.000000 1.000000 -0.000000 2.622400 0.000000 0.000000 1.000000 0.000000 0.000000 0.000000 0.000000 1.000000
1.000000 -0.000000 -0.000000 0.000000 0.000000 1.000000 -0.000000 2.622400 0.000000 0.000000 1.000000 -0.000000 0.000000 0.000000 0.000000 1.000000
1.000000 0.000000 0.000000 0.000000 -0.000000 1.000000 0.000000 2.622400 -0.000000 -0.000000 1.000000 0.000000 0.000000 0.000000 0.000000 1.000000
1.000000 0.000000 -0.000000 -0.000000 -0.000000 1.000000 -0.000000 2.622400 0.000000 0.000000 1.000000 0.000000 0.000000 0.000000 0.000000 1.000000
1.000000 -0.000000 0.000000 0.000000 0.000000 1.000000 0.000000 2.622400 -0.000000 -0.000000 1.000000 0.000000 0.000000 0.000000 0.000000 1.000000
1.000000 0.000000 0.000000 0.000000 -0.000000 1.000000 -0.000000 2.622400 -0.000000 0.000000 1.000000 0.000000 0.000000 0.000000 0.000000 1.000000
1.000000 0.000000 0.000000 0.000000 -0.000000 1.000000 0.000000 2.622400 -0.000000 -0.000000 1.000000 0.000000 0.000000 0.000000 0.000000 1.000000
1.000000 -0.000000 -0.000000 0.000000 0.000000 1.000000 -0.000000 2.622400 0.000000 0.000000 1.000000 0.000000 0.000000 0.000000 0.000000 1.000000
1.000000 -0.000000 0.000000 0.000000 0.000000 1.000000 0.000000 2.622400 0.000000 -0.000000 1.000000 0.000000 0.000000 0.000000 0.000000 1.000000
1.000000 -0.000000 -0.000000 0.000000 0.000000 1.000000 0.000000 2.622400 -0.000000 -0.000000 1.000000 -0.000000 0.000000 0.000000 0.000000 1.000000
1.000000 -0.000000 0.000000 0.000000 0.000000 1.000000 0.000000 2.622400 0.000000 -0.000000 1.000000 -0.000000 0.000000 0.000000 0.000000 1.000000</float_array>
        <technique_common>
          <accessor source="#mixamorig_LeftHandPinky3-Matrix-animation-output-transform-array" count="32" stride="16">
            <param type="float4x4"/>
          </accessor>
        </technique_common>
      </source>
      <source id="mixamorig_LeftHandPinky3-Interpolations">
        <Name_array id="mixamorig_LeftHandPinky3-Interpolations-array" count="32">
 LINEAR LINEAR LINEAR LINEAR LINEAR LINEAR LINEAR LINEAR LINEAR LINEAR LINEAR
LINEAR LINEAR LINEAR LINEAR LINEAR LINEAR LINEAR LINEAR LINEAR LINEAR LINEAR LINEAR
LINEAR LINEAR LINEAR LINEAR LINEAR LINEAR LINEAR LINEAR LINEAR</Name_array>
        <technique_common>
          <accessor source="#mixamorig_LeftHandPinky3-Interpolations-array" count="32">
            <param type="name"/>
          </accessor>
        </technique_common>
      </source>
      <sampler id="mixamorig_LeftHandPinky3-Matrix-animation-transform">
        <input semantic="INPUT" source="#mixamorig_LeftHandPinky3-Matrix-animation-input"/>
        <input semantic="OUTPUT" source="#mixamorig_LeftHandPinky3-Matrix-animation-output-transform"/>
        <input semantic="INTERPOLATION" source="#mixamorig_LeftHandPinky3-Interpolations"/>
      </sampler>
      <channel source="#mixamorig_LeftHandPinky3-Matrix-animation-transform" target="mixamorig_LeftHandPinky3/matrix"/>
    </animation>
    <animation id="mixamorig_RightShoulder-anim" name="mixamorig_RightShoulder">
      <source id="mixamorig_RightShoulder-Matrix-animation-input">
        <float_array id="mixamorig_RightShoulder-Matrix-animation-input-array" count="32">

0.000000 0.033333 0.066667 0.100000 0.133333 0.166667 0.200000 0.233333 0.266667 0.300000 0.333333 0.366667 0.400000 0.433333 0.466667 0.500000
0.533333 0.566667 0.600000 0.633333 0.666667 0.700000 0.733333 0.766667 0.800000 0.833333 0.866667 0.900000 0.933333 0.966667 1.000000 1.033333</float_array>
        <technique_common>
          <accessor source="#mixamorig_RightShoulder-Matrix-animation-input-array" count="32">
            <param name="TIME" type="float"/>
          </accessor>
        </technique_common>
      </source>
      <source id="mixamorig_RightShoulder-Matrix-animation-output-transform">
        <float_array id="mixamorig_RightShoulder-Matrix-animation-output-transform-array" count="512">

0.133228 -0.880941 0.454085 -5.940400 -0.023193 -0.460815 -0.887193 14.347000 0.990814 0.107668 -0.081826 -1.216000 0.000000 0.000000 0.000000 1.000000
0.146367 -0.885255 0.441476 -5.940400 -0.021671 -0.449045 -0.893247 14.347000 0.988993 0.121174 -0.084910 -1.216000 0.000000 0.000000 0.000000 1.000000
0.153720 -0.893197 0.422574 -5.940400 -0.022034 -0.430649 -0.902250 14.347000 0.987869 0.129383 -0.085880 -1.216000 0.000000 0.000000 0.000000 1.000000
0.161563 -0.899381 0.406217 -5.940400 -0.022188 -0.414831 -0.909628 14.347000 0.986613 0.137949 -0.086977 -1.216000 0.000000 0.000000 0.000000 1.000000
0.169913 -0.901542 0.397934 -5.940400 -0.021545 -0.407107 -0.913126 14.347000 0.985224 0.146578 -0.088596 -1.216000 0.000000 0.000000 0.000000 1.000000
0.176344 -0.905859 0.385127 -5.940400 -0.021784 -0.394754 -0.918528 14.347000 0.984088 0.153587 -0.089345 -1.216000 0.000000 0.000000 0.000000 1.000000
0.180930 -0.910155 0.372669 -5.940400 -0.022361 -0.382632 -0.923630 14.347000 0.983242 0.158779 -0.089582 -1.216000 0.000000 0.000000 0.000000 1.000000
0.188176 -0.916272 0.353602 -5.940400 -0.023311 -0.364100 -0.931068 14.347000 0.981859 0.166962 -0.089874 -1.216000 0.000000 0.000000 0.000000 1.000000
0.184071 -0.921567 0.341806 -5.940400 -0.025198 -0.352058 -0.935639 14.347000 0.982590 0.163612 -0.088025 -1.216000 0.000000 0.000000 0.000000 1.000000
0.172192 -0.923477 0.342842 -5.940400 -0.026781 -0.352300 -0.935504 14.347000 0.984699 0.151904 -0.085395 -1.216000 0.000000 0.000000 0.000000 1.000000
0.165459 -0.915975 0.365532 -5.940400 -0.025521 -0.374493 -0.926878 14.347000 0.985886 0.144032 -0.085340 -1.216000 0.000000 0.000000 0.000000 1.000000
0.160728 -0.909166 0.384167 -5.940400 -0.024459 -0.392777 -0.919308 14.347000 0.986696 0.138363 -0.085367 -1.216000 0.000000 0.000000 0.000000 1.000000
0.151527 -0.915746 0.372088 -5.940400 -0.027030 -0.380132 -0.924537 14.347000 0.988083 0.130035 -0.082353 -1.216000 0.000000 0.000000 0.000000 1.000000
0.144638 -0.910364 0.387707 -5.940400 -0.026734 -0.395279 -0.918172 14.347000 0.989123 0.122438 -0.081510 -1.216000 0.000000 0.000000 0.000000 1.000000
0.144487 -0.900097 0.411033 -5.940400 -0.024722 -0.418546 -0.907859 14.347000 0.989198 0.121013 -0.082727 -1.216000 0.000000 0.000000 0.000000 1.000000
0.132102 -0.893025 0.430182 -5.940400 -0.025324 -0.436884 -0.899161 14.347000 0.990913 0.107887 -0.080328 -1.216000 0.000000 0.000000 0.000000 1.000000
0.111369 -0.884020 0.453988 -5.940400 -0.027431 -0.459390 -0.887811 14.347000 0.993401 0.086421 -0.075411 -1.216000 0.000000 0.000000 0.000000 1.000000
0.095655 -0.877871 0.469247 -5.940400 -0.029529 -0.473703 -0.880189 14.347000 0.994976 0.070338 -0.071234 -1.216000 0.000000 0.000000 0.000000 1.000000
0.097495 -0.864855 0.492464 -5.940400 -0.027685 -0.496987 -0.867316 14.347000 0.994851 0.070925 -0.072397 -1.216000 0.000000 0.000000 0.000000 1.000000
0.089754 -0.867742 0.488843 -5.940400 -0.029545 -0.492928 -0.869568 14.347000 0.995526 0.063604 -0.069880 -1.216000 0.000000 0.000000 0.000000 1.000000
0.086288 -0.863993 0.496055 -5.940400 -0.029858 -0.499931 -0.865550 14.347000 0.995823 0.059875 -0.068936 -1.216000 0.000000 0.000000 0.000000 1.000000
0.084618 -0.866325 0.492260 -5.940400 -0.030411 -0.496047 -0.867763 14.347000 0.995949 0.058458 -0.068321 -1.216000 0.000000 0.000000 0.000000 1.000000
0.070167 -0.868278 0.491091 -5.940400 -0.033496 -0.494078 -0.868772 14.347000 0.996973 0.044510 -0.063752 -1.216000 0.000000 0.000000 0.000000 1.000000
0.062894 -0.867866 0.492802 -5.940400 -0.034918 -0.495391 -0.867968 14.347000 0.997409 0.037383 -0.061461 -1.216000 0.000000 0.000000 0.000000 1.000000
0.053883 -0.869799 0.490456 -5.940400 -0.036852 -0.492567 -0.869494 14.347000 0.997867 0.028777 -0.058595 -1.216000 0.000000 0.000000 0.000000 1.000000
0.046486 -0.867997 0.494389 -5.940400 -0.038221 -0.496107 -0.867420 14.347000 0.998187 0.021427 -0.056238 -1.216000 0.000000 0.000000 0.000000 1.000000
0.060572 -0.866134 0.496129 -5.940400 -0.035196 -0.498585 -0.866126 14.347000 0.997543 0.035001 -0.060684 -1.216000 0.000000 0.000000 0.000000 1.000000
0.084353 -0.861856 0.500088 -5.940400 -0.029972 -0.503845 -0.863274 14.347000 0.995985 0.057832 -0.068332 -1.216000 0.000000 0.000000 0.000000 1.000000
0.099922 -0.859421 0.501409 -5.940400 -0.026556 -0.506055 -0.862092 14.347000 0.994641 0.072826 -0.073389 -1.216000 0.000000 0.000000 0.000000 1.000000
0.107559 -0.862767 0.494028 -5.940400 -0.025408 -0.499134 -0.866152 14.347000 0.993874 0.080610 -0.075607 -1.216000 0.000000 0.000000 0.000000 1.000000
0.121229 -0.869308 0.479173 -5.940400 -0.023626 -0.485124 -0.874126 14.347000 0.992343 0.094649 -0.079349 -1.216000 0.000000 0.000000 0.000000 1.000000
0.133228 -0.880941 0.454085 -5.940400 -0.023193 -0.460815 -0.887193 14.347000 0.990814 0.107667 -0.081825 -1.216000 0.000000 0.000000 0.000000 1.000000</float_array>
        <technique_common>
          <accessor source="#mixamorig_RightShoulder-Matrix-animation-output-transform-array" count="32" stride="16">
            <param type="float4x4"/>
          </accessor>
        </technique_common>
      </source>
      <source id="mixamorig_RightShoulder-Interpolations">
        <Name_array id="mixamorig_RightShoulder-Interpolations-array" count="32">
 LINEAR LINEAR LINEAR LINEAR LINEAR LINEAR LINEAR LINEAR LINEAR LINEAR LINEAR
LINEAR LINEAR LINEAR LINEAR LINEAR LINEAR LINEAR LINEAR LINEAR LINEAR LINEAR LINEAR
LINEAR LINEAR LINEAR LINEAR LINEAR LINEAR LINEAR LINEAR LINEAR</Name_array>
        <technique_common>
          <accessor source="#mixamorig_RightShoulder-Interpolations-array" count="32">
            <param type="name"/>
          </accessor>
        </technique_common>
      </source>
      <sampler id="mixamorig_RightShoulder-Matrix-animation-transform">
        <input semantic="INPUT" source="#mixamorig_RightShoulder-Matrix-animation-input"/>
        <input semantic="OUTPUT" source="#mixamorig_RightShoulder-Matrix-animation-output-transform"/>
        <input semantic="INTERPOLATION" source="#mixamorig_RightShoulder-Interpolations"/>
      </sampler>
      <channel source="#mixamorig_RightShoulder-Matrix-animation-transform" target="mixamorig_RightShoulder/matrix"/>
    </animation>
    <animation id="mixamorig_RightArm-anim" name="mixamorig_RightArm">
      <source id="mixamorig_RightArm-Matrix-animation-input">
        <float_array id="mixamorig_RightArm-Matrix-animation-input-array" count="32">

0.000000 0.033333 0.066667 0.100000 0.133333 0.166667 0.200000 0.233333 0.266667 0.300000 0.333333 0.366667 0.400000 0.433333 0.466667 0.500000
0.533333 0.566667 0.600000 0.633333 0.666667 0.700000 0.733333 0.766667 0.800000 0.833333 0.866667 0.900000 0.933333 0.966667 1.000000 1.033333</float_array>
        <technique_common>
          <accessor source="#mixamorig_RightArm-Matrix-animation-input-array" count="32">
            <param name="TIME" type="float"/>
          </accessor>
        </technique_common>
      </source>
      <source id="mixamorig_RightArm-Matrix-animation-output-transform">
        <float_array id="mixamorig_RightArm-Matrix-animation-output-transform-array" count="512">

0.942760 -0.199935 0.266888 0.000000 0.330432 0.667889 -0.666888 12.440700 -0.044917 0.716904 0.695724 0.000000 0.000000 0.000000 0.000000 1.000000
0.927129 -0.185210 0.325776 -0.000000 0.361795 0.668925 -0.649340 12.440700 -0.097656 0.719886 0.687188 0.000000 0.000000 0.000000 0.000000 1.000000
0.937483 -0.108718 0.330615 -0.000000 0.310310 0.691245 -0.652601 12.440700 -0.157587 0.714395 0.681767 0.000000 0.000000 0.000000 0.000000 1.000000
0.947975 -0.018529 0.317806 0.000000 0.234537 0.715684 -0.657866 12.440700 -0.215259 0.698178 0.682796 0.000000 0.000000 0.000000 0.000000 1.000000
0.956335 0.078957 0.281407 -0.000000 0.134572 0.735738 -0.663762 12.440700 -0.259450 0.672648 0.692986 -0.000000 0.000000 0.000000 0.000000 1.000000
0.956174 0.173840 0.235607 0.000000 0.032740 0.736148 -0.676028 12.440700 -0.290962 0.654114 0.698194 -0.000000 0.000000 0.000000 0.000000 1.000000
0.949583 0.248275 0.191447 0.000000 -0.050985 0.724805 -0.687065 12.440700 -0.309342 0.642665 0.700920 0.000000 0.000000 0.000000 0.000000 1.000000
0.948170 0.274959 0.159282 0.000000 -0.087968 0.708800 -0.699903 12.440700 -0.305343 0.649615 0.696251 -0.000000 0.000000 0.000000 0.000000 1.000000
0.956780 0.257936 0.134319 -0.000000 -0.088244 0.697599 -0.711033 12.440700 -0.277102 0.668449 0.690210 0.000000 0.000000 0.000000 0.000000 1.000000
0.971688 0.208564 0.111010 0.000000 -0.064268 0.685455 -0.725273 12.440700 -0.227358 0.697605 0.679453 -0.000000 0.000000 0.000000 0.000000 1.000000
0.988122 0.123800 0.091046 -0.000000 -0.017855 0.680934 -0.732127 12.440700 -0.152634 0.721805 0.675056 0.000000 0.000000 0.000000 0.000000 1.000000
0.996704 0.036870 0.072258 -0.000000 0.029482 0.665198 -0.746085 12.440700 -0.075574 0.745756 0.661919 0.000000 0.000000 0.000000 0.000000 1.000000
0.998517 -0.014865 0.052375 -0.000000 0.050387 0.616680 -0.785600 12.440700 -0.020621 0.787074 0.616514 0.000000 0.000000 0.000000 0.000000 1.000000
0.997453 -0.059959 0.038637 0.000000 0.066686 0.591652 -0.803430 12.440700 0.025313 0.803960 0.594144 0.000000 0.000000 0.000000 0.000000 1.000000
0.993736 -0.103544 0.042043 0.000000 0.094788 0.581674 -0.807880 12.440700 0.059195 0.806805 0.587845 0.000000 0.000000 0.000000 0.000000 1.000000
0.991005 -0.121177 0.056783 0.000000 0.116993 0.578519 -0.807235 12.440700 0.064968 0.806617 0.587493 -0.000000 0.000000 0.000000 0.000000 1.000000
0.988632 -0.125898 0.082201 -0.000000 0.141140 0.588587 -0.796018 12.440700 0.051834 0.798571 0.599665 -0.000000 0.000000 0.000000 0.000000 1.000000
0.984852 -0.138498 0.104335 0.000000 0.167198 0.599010 -0.783091 12.440700 0.045959 0.788674 0.613092 0.000000 0.000000 0.000000 0.000000 1.000000
0.971026 -0.205283 0.122338 0.000000 0.224782 0.610819 -0.759193 12.440700 0.081123 0.764696 0.639265 0.000000 0.000000 0.000000 0.000000 1.000000
0.964764 -0.234537 0.119259 0.000000 0.242237 0.614781 -0.750577 12.440700 0.102720 0.753018 0.649932 0.000000 0.000000 0.000000 0.000000 1.000000
0.953589 -0.280775 0.108780 0.000000 0.265537 0.613796 -0.743468 12.440700 0.141979 0.737848 0.659865 -0.000000 0.000000 0.000000 0.000000 1.000000
0.938743 -0.330594 0.097307 0.000000 0.288017 0.597594 -0.748283 12.440700 0.189228 0.730472 0.656204 0.000000 0.000000 0.000000 0.000000 1.000000
0.917976 -0.386312 0.089901 0.000000 0.318381 0.582514 -0.747871 12.440700 0.236543 0.715151 0.657729 -0.000000 0.000000 0.000000 0.000000 1.000000
0.894593 -0.437009 0.093417 0.000000 0.354038 0.565515 -0.744883 12.440700 0.272692 0.699440 0.660623 0.000000 0.000000 0.000000 0.000000 1.000000
0.882757 -0.457663 0.106229 0.000000 0.374665 0.549298 -0.746925 12.440700 0.283488 0.699154 0.656367 0.000000 0.000000 0.000000 0.000000 1.000000
0.870037 -0.480681 0.109455 0.000000 0.393338 0.543007 -0.741909 12.440700 0.297187 0.688541 0.661507 0.000000 0.000000 0.000000 0.000000 1.000000
0.866891 -0.481896 0.127581 0.000000 0.412048 0.548643 -0.727466 12.440700 0.280566 0.683203 0.674178 -0.000000 0.000000 0.000000 0.000000 1.000000
0.872228 -0.459433 0.167748 -0.000000 0.431341 0.560882 -0.706652 12.440700 0.230572 0.688718 0.687389 0.000000 0.000000 0.000000 0.000000 1.000000
0.891198 -0.412205 0.189351 0.000000 0.418496 0.586098 -0.693794 12.440700 0.175007 0.697550 0.694835 0.000000 0.000000 0.000000 0.000000 1.000000
0.921210 -0.347671 0.174637 0.000000 0.364408 0.613764 -0.700357 12.440700 0.136308 0.708815 0.692099 0.000000 0.000000 0.000000 0.000000 1.000000
0.941676 -0.283642 0.181088 0.000000 0.326433 0.639154 -0.696365 12.440700 0.081775 0.714863 0.694466 0.000000 0.000000 0.000000 0.000000 1.000000
0.942761 -0.199935 0.266887 0.000000 0.330432 0.667889 -0.666888 12.440700 -0.044917 0.716904 0.695724 0.000000 0.000000 0.000000 0.000000 1.000000</float_array>
        <technique_common>
          <accessor source="#mixamorig_RightArm-Matrix-animation-output-transform-array" count="32" stride="16">
            <param type="float4x4"/>
          </accessor>
        </technique_common>
      </source>
      <source id="mixamorig_RightArm-Interpolations">
        <Name_array id="mixamorig_RightArm-Interpolations-array" count="32">
 LINEAR LINEAR LINEAR LINEAR LINEAR LINEAR LINEAR LINEAR LINEAR LINEAR LINEAR
LINEAR LINEAR LINEAR LINEAR LINEAR LINEAR LINEAR LINEAR LINEAR LINEAR LINEAR LINEAR
LINEAR LINEAR LINEAR LINEAR LINEAR LINEAR LINEAR LINEAR LINEAR</Name_array>
        <technique_common>
          <accessor source="#mixamorig_RightArm-Interpolations-array" count="32">
            <param type="name"/>
          </accessor>
        </technique_common>
      </source>
      <sampler id="mixamorig_RightArm-Matrix-animation-transform">
        <input semantic="INPUT" source="#mixamorig_RightArm-Matrix-animation-input"/>
        <input semantic="OUTPUT" source="#mixamorig_RightArm-Matrix-animation-output-transform"/>
        <input semantic="INTERPOLATION" source="#mixamorig_RightArm-Interpolations"/>
      </sampler>
      <channel source="#mixamorig_RightArm-Matrix-animation-transform" target="mixamorig_RightArm/matrix"/>
    </animation>
    <animation id="mixamorig_RightForeArm-anim" name="mixamorig_RightForeArm">
      <source id="mixamorig_RightForeArm-Matrix-animation-input">
        <float_array id="mixamorig_RightForeArm-Matrix-animation-input-array" count="32">

0.000000 0.033333 0.066667 0.100000 0.133333 0.166667 0.200000 0.233333 0.266667 0.300000 0.333333 0.366667 0.400000 0.433333 0.466667 0.500000
0.533333 0.566667 0.600000 0.633333 0.666667 0.700000 0.733333 0.766667 0.800000 0.833333 0.866667 0.900000 0.933333 0.966667 1.000000 1.033333</float_array>
        <technique_common>
          <accessor source="#mixamorig_RightForeArm-Matrix-animation-input-array" count="32">
            <param name="TIME" type="float"/>
          </accessor>
        </technique_common>
      </source>
      <source id="mixamorig_RightForeArm-Matrix-animation-output-transform">
        <float_array id="mixamorig_RightForeArm-Matrix-animation-output-transform-array" count="512">

0.888800 0.365968 -0.275866 0.000000 -0.419798 0.891611 -0.169705 27.894699 0.183858 0.266641 0.946096 0.000000 0.000000 0.000000 0.000000 1.000000
0.815117 0.515053 -0.265150 0.000000 -0.567312 0.802349 -0.185452 27.894699 0.117225 0.301588 0.946204 0.000000 0.000000 0.000000 0.000000 1.000000
0.771191 0.580012 -0.262396 0.000000 -0.631164 0.750398 -0.196300 27.894699 0.083045 0.316999 0.944783 0.000000 0.000000 0.000000 0.000000 1.000000
0.749490 0.613487 -0.248794 0.000000 -0.658856 0.727909 -0.189887 27.894699 0.064606 0.306238 0.949760 0.000000 0.000000 0.000000 0.000000 1.000000
0.741049 0.633454 -0.222671 -0.000000 -0.668304 0.727907 -0.153369 27.894699 0.064932 0.262466 0.962754 0.000000 0.000000 0.000000 0.000000 1.000000
0.755472 0.628544 -0.184916 0.000000 -0.651208 0.751397 -0.106446 27.894699 0.072039 0.200836 0.976973 -0.000000 0.000000 0.000000 0.000000 1.000000
0.776850 0.611459 -0.150408 0.000000 -0.624560 0.778638 -0.060397 27.894699 0.080183 0.140858 0.986777 0.000000 0.000000 0.000000 0.000000 1.000000
0.775048 0.618765 -0.128183 0.000000 -0.625946 0.779567 -0.021610 27.894699 0.086556 0.096984 0.991515 0.000000 0.000000 0.000000 0.000000 1.000000
0.733929 0.667447 -0.125947 0.000000 -0.671983 0.740518 0.008486 27.894699 0.098930 0.078406 0.992001 0.000000 0.000000 0.000000 0.000000 1.000000
0.679101 0.721581 -0.134695 0.000000 -0.724365 0.688469 0.036149 27.894699 0.118818 0.073020 0.990227 -0.000000 0.000000 0.000000 0.000000 1.000000
0.613543 0.776999 -0.140847 0.000000 -0.776457 0.626091 0.071582 27.894699 0.143802 0.065443 0.987440 0.000000 0.000000 0.000000 0.000000 1.000000
0.563279 0.814967 -0.136183 0.000000 -0.808913 0.577509 0.110194 27.894699 0.168451 0.048090 0.984536 0.000000 0.000000 0.000000 0.000000 1.000000
0.588244 0.797600 -0.133431 -0.000000 -0.785558 0.602766 0.139899 27.894699 0.192012 0.022523 0.981134 -0.000000 0.000000 0.000000 0.000000 1.000000
0.642371 0.752180 -0.146918 0.000000 -0.734336 0.658950 0.162901 27.894699 0.219343 0.003245 0.975642 0.000000 0.000000 0.000000 0.000000 1.000000
0.708407 0.684318 -0.172828 -0.000000 -0.663281 0.729169 0.168438 27.894699 0.241286 -0.004689 0.970443 0.000000 0.000000 0.000000 0.000000 1.000000
0.792394 0.574030 -0.206400 0.000000 -0.555262 0.818834 0.145586 27.894699 0.252578 -0.000755 0.967576 -0.000000 0.000000 0.000000 0.000000 1.000000
0.861871 0.452761 -0.228442 0.000000 -0.439843 0.891599 0.107656 27.894699 0.252421 0.007693 0.967587 0.000000 0.000000 0.000000 0.000000 1.000000
0.907866 0.343653 -0.240172 -0.000000 -0.338538 0.938801 0.063599 27.894699 0.247330 0.023568 0.968645 0.000000 0.000000 0.000000 0.000000 1.000000
0.912962 0.321730 -0.250979 -0.000000 -0.322794 0.945702 0.038098 27.894699 0.249609 0.046233 0.967243 -0.000000 0.000000 0.000000 0.000000 1.000000
0.926247 0.258175 -0.274612 0.000000 -0.271475 0.962384 -0.010887 27.894699 0.261472 0.084635 0.961493 -0.000000 0.000000 0.000000 0.000000 1.000000
0.920745 0.242212 -0.305880 -0.000000 -0.261573 0.964902 -0.023313 27.894699 0.289498 0.101476 0.951785 0.000000 0.000000 0.000000 0.000000 1.000000
0.907519 0.249858 -0.337611 0.000000 -0.272175 0.962048 -0.019633 27.894699 0.319892 0.109706 0.941081 0.000000 0.000000 0.000000 0.000000 1.000000
0.878372 0.302449 -0.370117 0.000000 -0.326791 0.945091 -0.003248 27.894699 0.348812 0.123804 0.928980 0.000000 0.000000 0.000000 0.000000 1.000000
0.856253 0.344213 -0.385160 -0.000000 -0.368480 0.929564 0.011571 27.894699 0.362013 0.132016 0.922777 -0.000000 0.000000 0.000000 0.000000 1.000000
0.857827 0.339787 -0.385588 0.000000 -0.360439 0.932570 0.019920 27.894699 0.366356 0.121893 0.922456 0.000000 0.000000 0.000000 0.000000 1.000000
0.843478 0.373320 -0.386235 0.000000 -0.391256 0.919637 0.034443 27.894699 0.368054 0.122065 0.921757 0.000000 0.000000 0.000000 0.000000 1.000000
0.837971 0.391048 -0.380639 0.000000 -0.413802 0.910051 0.023958 27.894699 0.355770 0.137433 0.924413 0.000000 0.000000 0.000000 0.000000 1.000000
0.841339 0.401104 -0.362305 0.000000 -0.430385 0.902645 -0.000125 27.894699 0.326983 0.156036 0.932060 0.000000 0.000000 0.000000 0.000000 1.000000
0.846071 0.406235 -0.345163 0.000000 -0.439291 0.898127 -0.019762 27.894699 0.301972 0.168347 0.938335 0.000000 0.000000 0.000000 0.000000 1.000000
0.850140 0.406781 -0.334350 -0.000000 -0.441263 0.896848 -0.030849 27.894699 0.287312 0.173762 0.941944 0.000000 0.000000 0.000000 0.000000 1.000000
0.858322 0.403701 -0.316716 0.000000 -0.445191 0.892814 -0.068475 27.894699 0.255125 0.199772 0.946046 -0.000000 0.000000 0.000000 0.000000 1.000000
0.888800 0.365968 -0.275866 0.000000 -0.419799 0.891611 -0.169704 27.894699 0.183859 0.266641 0.946096 -0.000000 0.000000 0.000000 0.000000 1.000000</float_array>
        <technique_common>
          <accessor source="#mixamorig_RightForeArm-Matrix-animation-output-transform-array" count="32" stride="16">
            <param type="float4x4"/>
          </accessor>
        </technique_common>
      </source>
      <source id="mixamorig_RightForeArm-Interpolations">
        <Name_array id="mixamorig_RightForeArm-Interpolations-array" count="32">
 LINEAR LINEAR LINEAR LINEAR LINEAR LINEAR LINEAR LINEAR LINEAR LINEAR LINEAR
LINEAR LINEAR LINEAR LINEAR LINEAR LINEAR LINEAR LINEAR LINEAR LINEAR LINEAR LINEAR
LINEAR LINEAR LINEAR LINEAR LINEAR LINEAR LINEAR LINEAR LINEAR</Name_array>
        <technique_common>
          <accessor source="#mixamorig_RightForeArm-Interpolations-array" count="32">
            <param type="name"/>
          </accessor>
        </technique_common>
      </source>
      <sampler id="mixamorig_RightForeArm-Matrix-animation-transform">
        <input semantic="INPUT" source="#mixamorig_RightForeArm-Matrix-animation-input"/>
        <input semantic="OUTPUT" source="#mixamorig_RightForeArm-Matrix-animation-output-transform"/>
        <input semantic="INTERPOLATION" source="#mixamorig_RightForeArm-Interpolations"/>
      </sampler>
      <channel source="#mixamorig_RightForeArm-Matrix-animation-transform" target="mixamorig_RightForeArm/matrix"/>
    </animation>
    <animation id="mixamorig_RightHand-anim" name="mixamorig_RightHand">
      <source id="mixamorig_RightHand-Matrix-animation-input">
        <float_array id="mixamorig_RightHand-Matrix-animation-input-array" count="32">

0.000000 0.033333 0.066667 0.100000 0.133333 0.166667 0.200000 0.233333 0.266667 0.300000 0.333333 0.366667 0.400000 0.433333 0.466667 0.500000
0.533333 0.566667 0.600000 0.633333 0.666667 0.700000 0.733333 0.766667 0.800000 0.833333 0.866667 0.900000 0.933333 0.966667 1.000000 1.033333</float_array>
        <technique_common>
          <accessor source="#mixamorig_RightHand-Matrix-animation-input-array" count="32">
            <param name="TIME" type="float"/>
          </accessor>
        </technique_common>
      </source>
      <source id="mixamorig_RightHand-Matrix-animation-output-transform">
        <float_array id="mixamorig_RightHand-Matrix-animation-output-transform-array" count="512">

0.923167 0.103066 -0.370325 -0.000000 -0.059914 0.990191 0.126226 28.325500 0.379702 -0.094340 0.920286 0.000000 0.000000 0.000000 0.000000 1.000000
0.904987 -0.005974 -0.425397 -0.000000 0.042930 0.996080 0.077342 28.325500 0.423268 -0.088256 0.901696 -0.000000 0.000000 0.000000 0.000000 1.000000
0.903616 -0.079508 -0.420901 -0.000000 0.117507 0.990937 0.065083 28.325500 0.411911 -0.108269 0.904769 0.000000 0.000000 0.000000 0.000000 1.000000
0.904577 -0.121030 -0.408770 -0.000000 0.163877 0.983898 0.071332 28.325500 0.393555 -0.131513 0.909846 0.000000 0.000000 0.000000 0.000000 1.000000
0.916714 -0.125496 -0.379323 0.000000 0.175559 0.979350 0.100263 28.325500 0.358908 -0.158506 0.919816 0.000000 0.000000 0.000000 0.000000 1.000000
0.931492 -0.082992 -0.354167 -0.000000 0.145876 0.977134 0.154694 28.325500 0.333231 -0.195761 0.922299 0.000000 0.000000 0.000000 0.000000 1.000000
0.943977 -0.008978 -0.329889 0.000000 0.088515 0.969889 0.226891 28.325500 0.317919 -0.243380 0.916348 -0.000000 0.000000 0.000000 0.000000 1.000000
0.950014 0.066241 -0.305101 0.000000 0.030668 0.952708 0.302335 28.325500 0.310699 -0.296579 0.903054 -0.000000 0.000000 0.000000 0.000000 1.000000
0.950988 0.117512 -0.286030 0.000000 -0.004530 0.930175 0.367089 28.325500 0.309196 -0.347801 0.885117 -0.000000 0.000000 0.000000 0.000000 1.000000
0.949651 0.151239 -0.274389 0.000000 -0.029993 0.915639 0.400881 28.325500 0.311870 -0.372467 0.874074 -0.000000 0.000000 0.000000 0.000000 1.000000
0.951621 0.157452 -0.263869 0.000000 -0.039568 0.914381 0.402916 28.325500 0.304716 -0.372982 0.876374 -0.000000 0.000000 0.000000 0.000000 1.000000
0.951800 0.167540 -0.256920 0.000000 -0.055046 0.917341 0.394279 28.325500 0.301741 -0.361132 0.882347 0.000000 0.000000 0.000000 0.000000 1.000000
0.947485 0.208336 -0.242628 0.000000 -0.102043 0.915980 0.388031 28.325500 0.303083 -0.342895 0.889136 0.000000 0.000000 0.000000 0.000000 1.000000
0.946117 0.240943 -0.216353 0.000000 -0.147584 0.915531 0.374195 28.325500 0.288238 -0.322102 0.901759 -0.000000 0.000000 0.000000 0.000000 1.000000
0.945697 0.264699 -0.188657 0.000000 -0.185842 0.916480 0.354299 28.325500 0.266683 -0.299999 0.915904 -0.000000 0.000000 0.000000 0.000000 1.000000
0.940898 0.293745 -0.168596 0.000000 -0.225907 0.915182 0.333779 28.325500 0.252342 -0.275965 0.927452 0.000000 0.000000 0.000000 0.000000 1.000000
0.936540 0.312107 -0.159630 -0.000000 -0.253637 0.917612 0.306033 28.325500 0.241994 -0.246124 0.938543 0.000000 0.000000 0.000000 0.000000 1.000000
0.938607 0.314431 -0.141948 0.000000 -0.266921 0.922565 0.278615 28.325500 0.218562 -0.223621 0.949855 -0.000000 0.000000 0.000000 0.000000 1.000000
0.952645 0.280950 -0.116340 -0.000000 -0.247339 0.938477 0.241007 28.325500 0.176893 -0.200819 0.963525 0.000000 0.000000 0.000000 0.000000 1.000000
0.957453 0.273878 -0.090963 -0.000000 -0.248397 0.942557 0.223352 28.325500 0.146908 -0.191254 0.970484 -0.000000 0.000000 0.000000 0.000000 1.000000
0.967413 0.239465 -0.082271 0.000000 -0.221848 0.958238 0.180452 28.325500 0.122047 -0.156320 0.980137 0.000000 0.000000 0.000000 0.000000 1.000000
0.978064 0.185871 -0.094040 0.000000 -0.173541 0.976773 0.125687 28.325500 0.115217 -0.106610 0.987603 0.000000 0.000000 0.000000 0.000000 1.000000
0.987879 0.100689 -0.118143 0.000000 -0.093068 0.993311 0.068351 28.325500 0.124235 -0.056528 0.990641 0.000000 0.000000 0.000000 0.000000 1.000000
0.989985 0.022913 -0.139302 0.000000 -0.020057 0.999560 0.021868 28.325500 0.139741 -0.018855 0.990008 -0.000000 0.000000 0.000000 0.000000 1.000000
0.986681 -0.030354 -0.159811 0.000000 0.029113 0.999525 -0.010101 28.325500 0.160042 0.005314 0.987096 -0.000000 0.000000 0.000000 0.000000 1.000000
0.982313 -0.094239 -0.161802 0.000000 0.088522 0.995180 -0.042204 28.325500 0.164999 0.027135 0.985920 -0.000000 0.000000 0.000000 0.000000 1.000000
0.975890 -0.119132 -0.182883 0.000000 0.111325 0.992401 -0.052416 28.325500 0.187738 0.030793 0.981736 0.000000 0.000000 0.000000 0.000000 1.000000
0.965320 -0.093178 -0.243876 0.000000 0.086629 0.995536 -0.037465 28.325500 0.246278 0.015038 0.969082 0.000000 0.000000 0.000000 0.000000 1.000000
0.956980 -0.032601 -0.288316 0.000000 0.034489 0.999404 0.001469 28.325500 0.288097 -0.011349 0.957534 0.000000 0.000000 0.000000 0.000000 1.000000
0.959181 0.035879 -0.280507 0.000000 -0.021139 0.998241 0.055396 28.325500 0.282001 -0.047206 0.958252 0.000000 0.000000 0.000000 0.000000 1.000000
0.955146 0.084426 -0.283845 0.000000 -0.057054 0.993005 0.103369 28.325500 0.290587 -0.082538 0.953282 0.000000 0.000000 0.000000 0.000000 1.000000
0.923166 0.103066 -0.370326 -0.000000 -0.059914 0.990191 0.126226 28.325500 0.379703 -0.094340 0.920286 0.000000 0.000000 0.000000 0.000000 1.000000</float_array>
        <technique_common>
          <accessor source="#mixamorig_RightHand-Matrix-animation-output-transform-array" count="32" stride="16">
            <param type="float4x4"/>
          </accessor>
        </technique_common>
      </source>
      <source id="mixamorig_RightHand-Interpolations">
        <Name_array id="mixamorig_RightHand-Interpolations-array" count="32">
 LINEAR LINEAR LINEAR LINEAR LINEAR LINEAR LINEAR LINEAR LINEAR LINEAR LINEAR
LINEAR LINEAR LINEAR LINEAR LINEAR LINEAR LINEAR LINEAR LINEAR LINEAR LINEAR LINEAR
LINEAR LINEAR LINEAR LINEAR LINEAR LINEAR LINEAR LINEAR LINEAR</Name_array>
        <technique_common>
          <accessor source="#mixamorig_RightHand-Interpolations-array" count="32">
            <param type="name"/>
          </accessor>
        </technique_common>
      </source>
      <sampler id="mixamorig_RightHand-Matrix-animation-transform">
        <input semantic="INPUT" source="#mixamorig_RightHand-Matrix-animation-input"/>
        <input semantic="OUTPUT" source="#mixamorig_RightHand-Matrix-animation-output-transform"/>
        <input semantic="INTERPOLATION" source="#mixamorig_RightHand-Interpolations"/>
      </sampler>
      <channel source="#mixamorig_RightHand-Matrix-animation-transform" target="mixamorig_RightHand/matrix"/>
    </animation>
    <animation id="mixamorig_RightHandThumb1-anim" name="mixamorig_RightHandThumb1">
      <source id="mixamorig_RightHandThumb1-Matrix-animation-input">
        <float_array id="mixamorig_RightHandThumb1-Matrix-animation-input-array" count="32">

0.000000 0.033333 0.066667 0.100000 0.133333 0.166667 0.200000 0.233333 0.266667 0.300000 0.333333 0.366667 0.400000 0.433333 0.466667 0.500000
0.533333 0.566667 0.600000 0.633333 0.666667 0.700000 0.733333 0.766667 0.800000 0.833333 0.866667 0.900000 0.933333 0.966667 1.000000 1.033333</float_array>
        <technique_common>
          <accessor source="#mixamorig_RightHandThumb1-Matrix-animation-input-array" count="32">
            <param name="TIME" type="float"/>
          </accessor>
        </technique_common>
      </source>
      <source id="mixamorig_RightHandThumb1-Matrix-animation-output-transform">
        <float_array id="mixamorig_RightHandThumb1-Matrix-animation-output-transform-array" count="512">

0.913799 0.403913 -0.042724 2.443900 -0.392460 0.850969 -0.349036 3.245300 -0.104624 0.335717 0.936135 0.952200 0.000000 0.000000 0.000000 1.000000
0.909297 0.413435 -0.047445 2.443900 -0.401413 0.841311 -0.362027 3.245300 -0.109758 0.348235 0.930959 0.952200 0.000000 0.000000 0.000000 1.000000
0.903128 0.426026 -0.053503 2.443900 -0.413459 0.829268 -0.375987 3.245300 -0.115811 0.361686 0.925079 0.952200 0.000000 0.000000 0.000000 1.000000
0.896029 0.439851 -0.060515 2.443900 -0.426831 0.815823 -0.390190 3.245300 -0.122256 0.375452 0.918743 0.952200 0.000000 0.000000 0.000000 1.000000
0.888839 0.453155 -0.067941 2.443900 -0.439811 0.802094 -0.403995 3.245300 -0.128577 0.388968 0.912234 0.952200 0.000000 0.000000 0.000000 1.000000
0.882501 0.464279 -0.075079 2.443900 -0.450734 0.789342 -0.416868 3.245300 -0.134280 0.401727 0.905861 0.952200 0.000000 0.000000 0.000000 1.000000
0.878044 0.471662 -0.081085 2.443900 -0.457985 0.778940 -0.428372 3.245300 -0.138886 0.413265 0.899957 0.952200 0.000000 0.000000 0.000000 1.000000
0.876519 0.473798 -0.085025 2.443900 -0.459969 0.772309 -0.438141 3.245300 -0.141925 0.423148 0.894876 0.952200 0.000000 0.000000 0.000000 1.000000
0.878912 0.469178 -0.085940 2.443900 -0.455070 0.770824 -0.445804 3.245300 -0.142917 0.430931 0.890996 0.952200 0.000000 0.000000 0.000000 1.000000
0.888180 0.452199 -0.081560 2.443900 -0.437590 0.778257 -0.450367 3.245300 -0.140181 0.435697 0.889110 0.952200 0.000000 0.000000 0.000000 1.000000
0.909260 0.410727 -0.067455 2.443900 -0.395376 0.801635 -0.448397 3.245300 -0.130095 0.434379 0.891286 0.952200 0.000000 0.000000 0.000000 1.000000
0.919318 0.389305 -0.057409 2.443900 -0.372906 0.815257 -0.443055 3.245300 -0.125681 0.428717 0.894654 0.952200 0.000000 0.000000 0.000000 1.000000
0.915704 0.398055 -0.055130 2.443900 -0.380347 0.814221 -0.438612 3.245300 -0.129704 0.422607 0.896984 0.952200 0.000000 0.000000 0.000000 1.000000
0.906104 0.419470 -0.054961 2.443900 -0.400156 0.807631 -0.433137 3.245300 -0.137300 0.414460 0.899651 0.952200 0.000000 0.000000 0.000000 1.000000
0.896178 0.440661 -0.051792 2.443900 -0.419292 0.802922 -0.423687 3.245300 -0.145117 0.401415 0.904327 0.952200 0.000000 0.000000 0.000000 1.000000
0.892281 0.449681 -0.040272 2.443900 -0.425763 0.808423 -0.406420 3.245300 -0.150203 0.379787 0.912798 0.952200 0.000000 0.000000 0.000000 1.000000
0.895627 0.444506 -0.016318 2.443900 -0.417771 0.828032 -0.373940 3.245300 -0.152707 0.341728 0.927309 0.952200 0.000000 0.000000 0.000000 1.000000
0.901290 0.433081 0.010834 2.443900 -0.404779 0.850774 -0.335168 3.245300 -0.154372 0.297698 0.942096 0.952200 0.000000 0.000000 0.000000 1.000000
0.904507 0.425458 0.029208 2.443900 -0.396748 0.864632 -0.308224 3.245300 -0.156390 0.267202 0.950865 0.952200 0.000000 0.000000 0.000000 1.000000
0.902240 0.430014 0.032415 2.443900 -0.400457 0.863364 -0.306980 3.245300 -0.159992 0.263988 0.951164 0.952200 0.000000 0.000000 0.000000 1.000000
0.895741 0.443876 0.024933 2.443900 -0.412645 0.850969 -0.324924 3.245300 -0.165444 0.280760 0.945411 0.952200 0.000000 0.000000 0.000000 1.000000
0.886800 0.462048 0.009882 2.443900 -0.429163 0.831241 -0.353351 3.245300 -0.171479 0.309111 0.935439 0.952200 0.000000 0.000000 0.000000 1.000000
0.877218 0.479996 -0.009634 2.443900 -0.446370 0.808048 -0.384465 3.245300 -0.176757 0.341560 0.923089 0.952200 0.000000 0.000000 0.000000 1.000000
0.869027 0.493890 -0.029415 2.443900 -0.460851 0.786394 -0.411340 3.245300 -0.180025 0.371021 0.911007 0.952200 0.000000 0.000000 0.000000 1.000000
0.864463 0.500736 -0.044345 2.443900 -0.469327 0.772330 -0.428064 3.245300 -0.180098 0.390858 0.902660 0.952200 0.000000 0.000000 0.000000 1.000000
0.865655 0.498066 -0.050714 2.443900 -0.468908 0.771122 -0.430692 3.245300 -0.175406 0.396611 0.901073 0.952200 0.000000 0.000000 0.000000 1.000000
0.872446 0.485968 -0.051697 2.443900 -0.460069 0.781028 -0.422292 3.245300 -0.164844 0.392211 0.904984 0.952200 0.000000 0.000000 0.000000 1.000000
0.882567 0.467535 -0.049861 2.443900 -0.445476 0.797543 -0.406788 3.245300 -0.150421 0.381229 0.912161 0.952200 0.000000 0.000000 0.000000 1.000000
0.893709 0.446167 -0.047112 2.443900 -0.427995 0.816362 -0.387779 3.245300 -0.134554 0.366725 0.920548 0.952200 0.000000 0.000000 0.000000 1.000000
0.903789 0.425634 -0.044727 2.443900 -0.410865 0.833646 -0.369086 3.245300 -0.119809 0.351953 0.928318 0.952200 0.000000 0.000000 0.000000 1.000000
0.911017 0.410095 -0.043241 2.443900 -0.397728 0.846137 -0.354774 3.245300 -0.108904 0.340403 0.933952 0.952200 0.000000 0.000000 0.000000 1.000000
0.913799 0.403913 -0.042724 2.443900 -0.392460 0.850969 -0.349036 3.245300 -0.104624 0.335717 0.936135 0.952200 0.000000 0.000000 0.000000 1.000000</float_array>
        <technique_common>
          <accessor source="#mixamorig_RightHandThumb1-Matrix-animation-output-transform-array" count="32" stride="16">
            <param type="float4x4"/>
          </accessor>
        </technique_common>
      </source>
      <source id="mixamorig_RightHandThumb1-Interpolations">
        <Name_array id="mixamorig_RightHandThumb1-Interpolations-array" count="32">
 LINEAR LINEAR LINEAR LINEAR LINEAR LINEAR LINEAR LINEAR LINEAR LINEAR LINEAR
LINEAR LINEAR LINEAR LINEAR LINEAR LINEAR LINEAR LINEAR LINEAR LINEAR LINEAR LINEAR
LINEAR LINEAR LINEAR LINEAR LINEAR LINEAR LINEAR LINEAR LINEAR</Name_array>
        <technique_common>
          <accessor source="#mixamorig_RightHandThumb1-Interpolations-array" count="32">
            <param type="name"/>
          </accessor>
        </technique_common>
      </source>
      <sampler id="mixamorig_RightHandThumb1-Matrix-animation-transform">
        <input semantic="INPUT" source="#mixamorig_RightHandThumb1-Matrix-animation-input"/>
        <input semantic="OUTPUT" source="#mixamorig_RightHandThumb1-Matrix-animation-output-transform"/>
        <input semantic="INTERPOLATION" source="#mixamorig_RightHandThumb1-Interpolations"/>
      </sampler>
      <channel source="#mixamorig_RightHandThumb1-Matrix-animation-transform" target="mixamorig_RightHandThumb1/matrix"/>
    </animation>
    <animation id="mixamorig_RightHandThumb2-anim" name="mixamorig_RightHandThumb2">
      <source id="mixamorig_RightHandThumb2-Matrix-animation-input">
        <float_array id="mixamorig_RightHandThumb2-Matrix-animation-input-array" count="32">

0.000000 0.033333 0.066667 0.100000 0.133333 0.166667 0.200000 0.233333 0.266667 0.300000 0.333333 0.366667 0.400000 0.433333 0.466667 0.500000
0.533333 0.566667 0.600000 0.633333 0.666667 0.700000 0.733333 0.766667 0.800000 0.833333 0.866667 0.900000 0.933333 0.966667 1.000000 1.033333</float_array>
        <technique_common>
          <accessor source="#mixamorig_RightHandThumb2-Matrix-animation-input-array" count="32">
            <param name="TIME" type="float"/>
          </accessor>
        </technique_common>
      </source>
      <source id="mixamorig_RightHandThumb2-Matrix-animation-output-transform">
        <float_array id="mixamorig_RightHandThumb2-Matrix-animation-output-transform-array" count="512">

0.896651 -0.284637 -0.339114 -0.000000 0.200879 0.944121 -0.261309 3.338200 0.394543 0.166183 0.903725 0.000000 0.000000 0.000000 0.000000 1.000000
0.903249 -0.277941 -0.326941 -0.000000 0.199824 0.946676 -0.252734 3.338200 0.379752 0.162951 0.910623 0.000000 0.000000 0.000000 0.000000 1.000000
0.906957 -0.266018 -0.326593 0.000000 0.191416 0.950951 -0.243006 3.338200 0.375218 0.157881 0.913392 0.000000 0.000000 0.000000 0.000000 1.000000
0.910465 -0.259425 -0.322105 -0.000000 0.187842 0.953231 -0.236782 3.338200 0.368468 0.155077 0.916615 0.000000 0.000000 0.000000 0.000000 1.000000
0.916527 -0.260668 -0.303367 0.000000 0.193702 0.952859 -0.233536 3.338200 0.349941 0.155279 0.923813 0.000000 0.000000 0.000000 0.000000 1.000000
0.922488 -0.262714 -0.282837 0.000000 0.200490 0.952186 -0.230532 3.338200 0.329878 0.155957 0.931052 0.000000 0.000000 0.000000 0.000000 1.000000
0.924371 -0.247853 -0.290013 0.000000 0.187426 0.957178 -0.220640 3.338200 0.332280 0.149598 0.931241 0.000000 0.000000 0.000000 0.000000 1.000000
0.918154 -0.206757 -0.338002 0.000000 0.145365 0.969346 -0.198082 3.338200 0.368596 0.132736 0.920064 -0.000000 0.000000 0.000000 0.000000 1.000000
0.909359 -0.184770 -0.372727 0.000000 0.121628 0.974890 -0.186535 3.338200 0.397834 0.124293 0.908999 0.000000 0.000000 0.000000 0.000000 1.000000
0.910748 -0.200607 -0.360965 -0.000000 0.135750 0.970941 -0.197092 3.338200 0.390014 0.130500 0.911515 0.000000 0.000000 0.000000 0.000000 1.000000
0.911888 -0.206388 -0.354774 -0.000000 0.141282 0.969392 -0.200796 3.338200 0.385357 0.132981 0.913135 0.000000 0.000000 0.000000 0.000000 1.000000
0.903934 -0.209235 -0.372993 0.000000 0.138793 0.968465 -0.206913 3.338200 0.404524 0.135266 0.904468 0.000000 0.000000 0.000000 0.000000 1.000000
0.896983 -0.222040 -0.382255 -0.000000 0.145062 0.964665 -0.219949 3.338200 0.417586 0.141840 0.897498 0.000000 0.000000 0.000000 0.000000 1.000000
0.893585 -0.236772 -0.381373 0.000000 0.155259 0.960166 -0.232328 3.338200 0.421190 0.148394 0.894750 0.000000 0.000000 0.000000 0.000000 1.000000
0.892370 -0.252010 -0.374389 0.000000 0.167682 0.955328 -0.243375 3.338200 0.418997 0.154402 0.894763 0.000000 0.000000 0.000000 0.000000 1.000000
0.895299 -0.269985 -0.354326 0.000000 0.185926 0.949289 -0.253537 3.338200 0.404809 0.161113 0.900095 0.000000 0.000000 0.000000 0.000000 1.000000
0.901247 -0.295709 -0.316719 0.000000 0.215169 0.939867 -0.265240 3.338200 0.376107 0.170899 0.910679 0.000000 0.000000 0.000000 0.000000 1.000000
0.901721 -0.313122 -0.298082 -0.000000 0.233455 0.933005 -0.273862 3.338200 0.363865 0.177359 0.914410 0.000000 0.000000 0.000000 0.000000 1.000000
0.895807 -0.317410 -0.311096 -0.000000 0.232618 0.931284 -0.280356 3.338200 0.378706 0.178778 0.908086 -0.000000 0.000000 0.000000 0.000000 1.000000
0.891364 -0.319878 -0.321166 0.000000 0.231085 0.930215 -0.285130 3.338200 0.389961 0.179938 0.903080 0.000000 0.000000 0.000000 0.000000 1.000000
0.888200 -0.320686 -0.329031 -0.000000 0.228947 0.929801 -0.288189 3.338200 0.398352 0.180639 0.899269 -0.000000 0.000000 0.000000 0.000000 1.000000
0.885614 -0.327477 -0.329312 0.000000 0.233310 0.926823 -0.294222 3.338200 0.401565 0.183735 0.897211 -0.000000 0.000000 0.000000 0.000000 1.000000
0.884397 -0.336648 -0.323281 0.000000 0.241423 0.922742 -0.300437 3.338200 0.399446 0.187658 0.897345 0.000000 0.000000 0.000000 0.000000 1.000000
0.882630 -0.341796 -0.322707 0.000000 0.244987 0.920380 -0.304765 3.338200 0.401181 0.189935 0.896091 0.000000 0.000000 0.000000 0.000000 1.000000
0.875432 -0.328866 -0.354212 0.000000 0.225212 0.925965 -0.303097 3.338200 0.427666 0.185568 0.884684 -0.000000 0.000000 0.000000 0.000000 1.000000
0.875651 -0.323020 -0.359016 0.000000 0.219459 0.928350 -0.300006 3.338200 0.430201 0.183911 0.883801 -0.000000 0.000000 0.000000 0.000000 1.000000
0.886264 -0.334902 -0.319965 0.000000 0.241141 0.923415 -0.298590 3.338200 0.395459 0.187473 0.899148 0.000000 0.000000 0.000000 0.000000 1.000000
0.889794 -0.343820 -0.300089 0.000000 0.254377 0.919605 -0.299363 3.338200 0.378890 0.190036 0.905720 0.000000 0.000000 0.000000 0.000000 1.000000
0.888252 -0.342746 -0.305832 -0.000000 0.251841 0.920165 -0.299787 3.338200 0.384167 0.189266 0.903656 -0.000000 0.000000 0.000000 0.000000 1.000000
0.888394 -0.323340 -0.325895 0.000000 0.231583 0.928583 -0.290005 3.338200 0.396391 0.182167 0.899828 0.000000 0.000000 0.000000 0.000000 1.000000
0.890742 -0.303800 -0.338061 -0.000000 0.214275 0.936636 -0.277128 3.338200 0.400831 0.174411 0.899397 -0.000000 0.000000 0.000000 0.000000 1.000000
0.896652 -0.284637 -0.339114 0.000000 0.200878 0.944121 -0.261309 3.338200 0.394543 0.166183 0.903725 0.000000 0.000000 0.000000 0.000000 1.000000</float_array>
        <technique_common>
          <accessor source="#mixamorig_RightHandThumb2-Matrix-animation-output-transform-array" count="32" stride="16">
            <param type="float4x4"/>
          </accessor>
        </technique_common>
      </source>
      <source id="mixamorig_RightHandThumb2-Interpolations">
        <Name_array id="mixamorig_RightHandThumb2-Interpolations-array" count="32">
 LINEAR LINEAR LINEAR LINEAR LINEAR LINEAR LINEAR LINEAR LINEAR LINEAR LINEAR
LINEAR LINEAR LINEAR LINEAR LINEAR LINEAR LINEAR LINEAR LINEAR LINEAR LINEAR LINEAR
LINEAR LINEAR LINEAR LINEAR LINEAR LINEAR LINEAR LINEAR LINEAR</Name_array>
        <technique_common>
          <accessor source="#mixamorig_RightHandThumb2-Interpolations-array" count="32">
            <param type="name"/>
          </accessor>
        </technique_common>
      </source>
      <sampler id="mixamorig_RightHandThumb2-Matrix-animation-transform">
        <input semantic="INPUT" source="#mixamorig_RightHandThumb2-Matrix-animation-input"/>
        <input semantic="OUTPUT" source="#mixamorig_RightHandThumb2-Matrix-animation-output-transform"/>
        <input semantic="INTERPOLATION" source="#mixamorig_RightHandThumb2-Interpolations"/>
      </sampler>
      <channel source="#mixamorig_RightHandThumb2-Matrix-animation-transform" target="mixamorig_RightHandThumb2/matrix"/>
    </animation>
    <animation id="mixamorig_RightHandThumb3-anim" name="mixamorig_RightHandThumb3">
      <source id="mixamorig_RightHandThumb3-Matrix-animation-input">
        <float_array id="mixamorig_RightHandThumb3-Matrix-animation-input-array" count="32">

0.000000 0.033333 0.066667 0.100000 0.133333 0.166667 0.200000 0.233333 0.266667 0.300000 0.333333 0.366667 0.400000 0.433333 0.466667 0.500000
0.533333 0.566667 0.600000 0.633333 0.666667 0.700000 0.733333 0.766667 0.800000 0.833333 0.866667 0.900000 0.933333 0.966667 1.000000 1.033333</float_array>
        <technique_common>
          <accessor source="#mixamorig_RightHandThumb3-Matrix-animation-input-array" count="32">
            <param name="TIME" type="float"/>
          </accessor>
        </technique_common>
      </source>
      <source id="mixamorig_RightHandThumb3-Matrix-animation-output-transform">
        <float_array id="mixamorig_RightHandThumb3-Matrix-animation-output-transform-array" count="512">

1.000000 0.000000 0.000000 -0.000000 -0.000000 1.000000 0.000000 3.745800 -0.000000 -0.000000 1.000000 -0.000000 0.000000 0.000000 0.000000 1.000000
1.000000 -0.000000 -0.000000 0.000000 0.000000 1.000000 0.000000 3.745800 0.000000 -0.000000 1.000000 0.000000 0.000000 0.000000 0.000000 1.000000
1.000000 0.000000 -0.000000 -0.000000 -0.000000 1.000000 0.000000 3.745800 0.000000 -0.000000 1.000000 -0.000000 0.000000 0.000000 0.000000 1.000000
1.000000 -0.000000 -0.000000 0.000000 0.000000 1.000000 0.000000 3.745800 0.000000 -0.000000 1.000000 0.000000 0.000000 0.000000 0.000000 1.000000
1.000000 0.000000 0.000000 -0.000000 -0.000000 1.000000 -0.000000 3.745800 -0.000000 0.000000 1.000000 0.000000 0.000000 0.000000 0.000000 1.000000
1.000000 -0.000000 -0.000000 0.000000 0.000000 1.000000 0.000000 3.745800 0.000000 -0.000000 1.000000 -0.000000 0.000000 0.000000 0.000000 1.000000
1.000000 -0.000000 -0.000000 -0.000000 0.000000 1.000000 -0.000000 3.745800 0.000000 0.000000 1.000000 0.000000 0.000000 0.000000 0.000000 1.000000
1.000000 -0.000000 0.000000 0.000000 0.000000 1.000000 -0.000000 3.745800 -0.000000 0.000000 1.000000 0.000000 0.000000 0.000000 0.000000 1.000000
1.000000 0.000000 -0.000000 0.000000 -0.000000 1.000000 -0.000000 3.745800 0.000000 0.000000 1.000000 -0.000000 0.000000 0.000000 0.000000 1.000000
1.000000 -0.000000 -0.000000 -0.000000 0.000000 1.000000 -0.000000 3.745800 0.000000 0.000000 1.000000 0.000000 0.000000 0.000000 0.000000 1.000000
1.000000 -0.000000 0.000000 0.000000 0.000000 1.000000 0.000000 3.745800 -0.000000 -0.000000 1.000000 0.000000 0.000000 0.000000 0.000000 1.000000
1.000000 -0.000000 -0.000000 0.000000 0.000000 1.000000 0.000000 3.745800 0.000000 -0.000000 1.000000 -0.000000 0.000000 0.000000 0.000000 1.000000
1.000000 -0.000000 0.000000 0.000000 0.000000 1.000000 0.000000 3.745800 -0.000000 -0.000000 1.000000 -0.000000 0.000000 0.000000 0.000000 1.000000
1.000000 -0.000000 0.000000 0.000000 0.000000 1.000000 -0.000000 3.745800 -0.000000 0.000000 1.000000 -0.000000 0.000000 0.000000 0.000000 1.000000
1.000000 0.000000 -0.000000 0.000000 -0.000000 1.000000 0.000000 3.745800 0.000000 -0.000000 1.000000 0.000000 0.000000 0.000000 0.000000 1.000000
1.000000 -0.000000 -0.000000 0.000000 0.000000 1.000000 0.000000 3.745800 0.000000 -0.000000 1.000000 0.000000 0.000000 0.000000 0.000000 1.000000
1.000000 0.000000 -0.000000 0.000000 -0.000000 1.000000 0.000000 3.745800 0.000000 -0.000000 1.000000 -0.000000 0.000000 0.000000 0.000000 1.000000
1.000000 -0.000000 -0.000000 -0.000000 0.000000 1.000000 0.000000 3.745800 0.000000 -0.000000 1.000000 -0.000000 0.000000 0.000000 0.000000 1.000000
1.000000 -0.000000 -0.000000 0.000000 0.000000 1.000000 0.000000 3.745800 0.000000 -0.000000 1.000000 0.000000 0.000000 0.000000 0.000000 1.000000
1.000000 -0.000000 -0.000000 0.000000 0.000000 1.000000 0.000000 3.745800 0.000000 -0.000000 1.000000 -0.000000 0.000000 0.000000 0.000000 1.000000
1.000000 -0.000000 0.000000 0.000000 0.000000 1.000000 -0.000000 3.745800 -0.000000 0.000000 1.000000 0.000000 0.000000 0.000000 0.000000 1.000000
1.000000 -0.000000 -0.000000 0.000000 0.000000 1.000000 -0.000000 3.745800 0.000000 0.000000 1.000000 0.000000 0.000000 0.000000 0.000000 1.000000
1.000000 -0.000000 0.000000 0.000000 0.000000 1.000000 -0.000000 3.745800 -0.000000 0.000000 1.000000 0.000000 0.000000 0.000000 0.000000 1.000000
1.000000 0.000000 0.000000 0.000000 -0.000000 1.000000 0.000000 3.745800 -0.000000 -0.000000 1.000000 0.000000 0.000000 0.000000 0.000000 1.000000
1.000000 0.000000 -0.000000 0.000000 -0.000000 1.000000 0.000000 3.745800 0.000000 -0.000000 1.000000 0.000000 0.000000 0.000000 0.000000 1.000000
1.000000 -0.000000 -0.000000 0.000000 0.000000 1.000000 -0.000000 3.745800 0.000000 0.000000 1.000000 0.000000 0.000000 0.000000 0.000000 1.000000
1.000000 0.000000 -0.000000 0.000000 -0.000000 1.000000 -0.000000 3.745800 0.000000 0.000000 1.000000 0.000000 0.000000 0.000000 0.000000 1.000000
1.000000 -0.000000 -0.000000 0.000000 0.000000 1.000000 -0.000000 3.745800 0.000000 0.000000 1.000000 0.000000 0.000000 0.000000 0.000000 1.000000
1.000000 0.000000 0.000000 -0.000000 -0.000000 1.000000 0.000000 3.745800 -0.000000 -0.000000 1.000000 0.000000 0.000000 0.000000 0.000000 1.000000
1.000000 0.000000 -0.000000 0.000000 -0.000000 1.000000 0.000000 3.745800 0.000000 -0.000000 1.000000 0.000000 0.000000 0.000000 0.000000 1.000000
1.000000 -0.000000 -0.000000 0.000000 0.000000 1.000000 -0.000000 3.745800 0.000000 0.000000 1.000000 0.000000 0.000000 0.000000 0.000000 1.000000
1.000000 -0.000000 -0.000000 0.000000 0.000000 1.000000 -0.000000 3.745800 0.000000 0.000000 1.000000 -0.000000 0.000000 0.000000 0.000000 1.000000</float_array>
        <technique_common>
          <accessor source="#mixamorig_RightHandThumb3-Matrix-animation-output-transform-array" count="32" stride="16">
            <param type="float4x4"/>
          </accessor>
        </technique_common>
      </source>
      <source id="mixamorig_RightHandThumb3-Interpolations">
        <Name_array id="mixamorig_RightHandThumb3-Interpolations-array" count="32">
 LINEAR LINEAR LINEAR LINEAR LINEAR LINEAR LINEAR LINEAR LINEAR LINEAR LINEAR
LINEAR LINEAR LINEAR LINEAR LINEAR LINEAR LINEAR LINEAR LINEAR LINEAR LINEAR LINEAR
LINEAR LINEAR LINEAR LINEAR LINEAR LINEAR LINEAR LINEAR LINEAR</Name_array>
        <technique_common>
          <accessor source="#mixamorig_RightHandThumb3-Interpolations-array" count="32">
            <param type="name"/>
          </accessor>
        </technique_common>
      </source>
      <sampler id="mixamorig_RightHandThumb3-Matrix-animation-transform">
        <input semantic="INPUT" source="#mixamorig_RightHandThumb3-Matrix-animation-input"/>
        <input semantic="OUTPUT" source="#mixamorig_RightHandThumb3-Matrix-animation-output-transform"/>
        <input semantic="INTERPOLATION" source="#mixamorig_RightHandThumb3-Interpolations"/>
      </sampler>
      <channel source="#mixamorig_RightHandThumb3-Matrix-animation-transform" target="mixamorig_RightHandThumb3/matrix"/>
    </animation>
    <animation id="mixamorig_RightHandIndex1-anim" name="mixamorig_RightHandIndex1">
      <source id="mixamorig_RightHandIndex1-Matrix-animation-input">
        <float_array id="mixamorig_RightHandIndex1-Matrix-animation-input-array" count="32">

0.000000 0.033333 0.066667 0.100000 0.133333 0.166667 0.200000 0.233333 0.266667 0.300000 0.333333 0.366667 0.400000 0.433333 0.466667 0.500000
0.533333 0.566667 0.600000 0.633333 0.666667 0.700000 0.733333 0.766667 0.800000 0.833333 0.866667 0.900000 0.933333 0.966667 1.000000 1.033333</float_array>
        <technique_common>
          <accessor source="#mixamorig_RightHandIndex1-Matrix-animation-input-array" count="32">
            <param name="TIME" type="float"/>
          </accessor>
        </technique_common>
      </source>
      <source id="mixamorig_RightHandIndex1-Matrix-animation-output-transform">
        <float_array id="mixamorig_RightHandIndex1-Matrix-animation-output-transform-array" count="512">

0.998909 0.009429 0.045729 2.441000 0.021921 0.770053 -0.637603 9.644800 -0.041226 0.637910 0.769007 0.286400 0.000000 0.000000 0.000000 1.000000
0.998862 0.012393 0.046047 2.441000 0.021204 0.749479 -0.661688 9.644800 -0.042711 0.661912 0.748364 0.286400 0.000000 0.000000 0.000000 1.000000
0.998832 0.015070 0.045915 2.441000 0.020148 0.733749 -0.679122 9.644800 -0.043925 0.679253 0.732588 0.286400 0.000000 0.000000 0.000000 1.000000
0.998802 0.016532 0.046050 2.441000 0.020277 0.716685 -0.697102 9.644800 -0.044528 0.697201 0.715492 0.286400 0.000000 0.000000 0.000000 1.000000
0.998762 0.017313 0.046634 2.441000 0.021527 0.694724 -0.718954 9.644800 -0.044845 0.719068 0.693492 0.286400 0.000000 0.000000 0.000000 1.000000
0.998718 0.018601 0.047086 2.441000 0.022358 0.672407 -0.739844 9.644800 -0.045423 0.739948 0.671129 0.286400 0.000000 0.000000 0.000000 1.000000
0.998685 0.021492 0.046551 2.441000 0.020896 0.658483 -0.752305 9.644800 -0.046821 0.752288 0.657168 0.286400 0.000000 0.000000 0.000000 1.000000
0.998674 0.025186 0.044910 2.441000 0.017251 0.658137 -0.752700 9.644800 -0.048514 0.752477 0.656830 0.286400 0.000000 0.000000 0.000000 1.000000
0.998689 0.025600 0.044324 2.441000 0.016545 0.658014 -0.752824 9.644800 -0.048438 0.752570 0.656728 0.286400 0.000000 0.000000 0.000000 1.000000
0.998685 0.024682 0.044926 2.441000 0.018223 0.648231 -0.761225 9.644800 -0.047911 0.761043 0.646929 0.286400 0.000000 0.000000 0.000000 1.000000
0.998679 0.025034 0.044883 2.441000 0.018292 0.642989 -0.765657 9.644800 -0.048027 0.765466 0.641682 0.286400 0.000000 0.000000 0.000000 1.000000
0.998675 0.026787 0.043938 2.441000 0.016572 0.640951 -0.767403 9.644800 -0.048718 0.767115 0.639658 0.286400 0.000000 0.000000 0.000000 1.000000
0.998610 0.030899 0.042707 2.441000 0.013975 0.626003 -0.779695 9.644800 -0.050826 0.779208 0.624701 0.286400 0.000000 0.000000 0.000000 1.000000
0.998521 0.035390 0.041274 2.441000 0.011193 0.609065 -0.793041 9.644800 -0.053204 0.792330 0.607768 0.286400 0.000000 0.000000 0.000000 1.000000
0.998450 0.038307 0.040384 2.441000 0.009490 0.597742 -0.801632 9.644800 -0.054847 0.800773 0.596452 0.286400 0.000000 0.000000 0.000000 1.000000
0.998413 0.039282 0.040343 2.441000 0.009348 0.590890 -0.806698 9.644800 -0.055527 0.805795 0.589585 0.286400 0.000000 0.000000 0.000000 1.000000
0.998434 0.037962 0.041103 2.441000 0.010338 0.596804 -0.802320 9.644800 -0.054988 0.801488 0.595477 0.286400 0.000000 0.000000 0.000000 1.000000
0.998553 0.033291 0.042244 2.441000 0.011861 0.629796 -0.776670 9.644800 -0.052461 0.776047 0.628489 0.286400 0.000000 0.000000 0.000000 1.000000
0.998772 0.021816 0.044470 2.441000 0.016904 0.693761 -0.720007 9.644800 -0.046559 0.719875 0.692540 0.286400 0.000000 0.000000 0.000000 1.000000
0.998929 0.002055 0.046230 2.441000 0.026414 0.794951 -0.606099 9.644800 -0.037996 0.606670 0.794045 0.286400 0.000000 0.000000 0.000000 1.000000
0.998920 -0.007497 0.045847 2.441000 0.031293 0.837994 -0.544781 9.644800 -0.034335 0.545628 0.837324 0.286400 0.000000 0.000000 0.000000 1.000000
0.998919 -0.009284 0.045539 2.441000 0.032195 0.844895 -0.533963 9.644800 -0.033518 0.534852 0.844281 0.286400 0.000000 0.000000 0.000000 1.000000
0.998924 -0.007420 0.045780 2.441000 0.031357 0.835352 -0.548820 9.644800 -0.034170 0.549665 0.834686 0.286400 0.000000 0.000000 0.000000 1.000000
0.998959 -0.004678 0.045374 2.441000 0.029077 0.831724 -0.554427 9.644800 -0.035146 0.555169 0.830994 0.286400 0.000000 0.000000 0.000000 1.000000
0.998998 -0.002722 0.044670 2.441000 0.026891 0.834375 -0.550540 9.644800 -0.035773 0.551190 0.833613 0.286400 0.000000 0.000000 0.000000 1.000000
0.998990 -0.000529 0.044928 2.441000 0.025844 0.824735 -0.564928 9.644800 -0.036755 0.565519 0.823916 0.286400 0.000000 0.000000 0.000000 1.000000
0.998933 0.000452 0.046171 2.441000 0.027095 0.803947 -0.594083 9.644800 -0.037388 0.594701 0.803077 0.286400 0.000000 0.000000 0.000000 1.000000
0.998903 0.000882 0.046827 2.441000 0.028008 0.790103 -0.612334 9.644800 -0.037538 0.612974 0.789211 0.286400 0.000000 0.000000 0.000000 1.000000
0.998919 0.003143 0.046385 2.441000 0.026243 0.785447 -0.618372 9.644800 -0.038376 0.618921 0.784515 0.286400 0.000000 0.000000 0.000000 1.000000
0.998936 0.006738 0.045625 2.441000 0.023143 0.782475 -0.622252 9.644800 -0.039893 0.622646 0.781486 0.286400 0.000000 0.000000 0.000000 1.000000
0.998932 0.009561 0.045215 2.441000 0.021000 0.777621 -0.628383 9.644800 -0.041168 0.628661 0.776589 0.286400 0.000000 0.000000 0.000000 1.000000
0.998909 0.009429 0.045729 2.441000 0.021921 0.770053 -0.637603 9.644800 -0.041226 0.637910 0.769007 0.286400 0.000000 0.000000 0.000000 1.000000</float_array>
        <technique_common>
          <accessor source="#mixamorig_RightHandIndex1-Matrix-animation-output-transform-array" count="32" stride="16">
            <param type="float4x4"/>
          </accessor>
        </technique_common>
      </source>
      <source id="mixamorig_RightHandIndex1-Interpolations">
        <Name_array id="mixamorig_RightHandIndex1-Interpolations-array" count="32">
 LINEAR LINEAR LINEAR LINEAR LINEAR LINEAR LINEAR LINEAR LINEAR LINEAR LINEAR
LINEAR LINEAR LINEAR LINEAR LINEAR LINEAR LINEAR LINEAR LINEAR LINEAR LINEAR LINEAR
LINEAR LINEAR LINEAR LINEAR LINEAR LINEAR LINEAR LINEAR LINEAR</Name_array>
        <technique_common>
          <accessor source="#mixamorig_RightHandIndex1-Interpolations-array" count="32">
            <param type="name"/>
          </accessor>
        </technique_common>
      </source>
      <sampler id="mixamorig_RightHandIndex1-Matrix-animation-transform">
        <input semantic="INPUT" source="#mixamorig_RightHandIndex1-Matrix-animation-input"/>
        <input semantic="OUTPUT" source="#mixamorig_RightHandIndex1-Matrix-animation-output-transform"/>
        <input semantic="INTERPOLATION" source="#mixamorig_RightHandIndex1-Interpolations"/>
      </sampler>
      <channel source="#mixamorig_RightHandIndex1-Matrix-animation-transform" target="mixamorig_RightHandIndex1/matrix"/>
    </animation>
    <animation id="mixamorig_RightHandIndex2-anim" name="mixamorig_RightHandIndex2">
      <source id="mixamorig_RightHandIndex2-Matrix-animation-input">
        <float_array id="mixamorig_RightHandIndex2-Matrix-animation-input-array" count="32">

0.000000 0.033333 0.066667 0.100000 0.133333 0.166667 0.200000 0.233333 0.266667 0.300000 0.333333 0.366667 0.400000 0.433333 0.466667 0.500000
0.533333 0.566667 0.600000 0.633333 0.666667 0.700000 0.733333 0.766667 0.800000 0.833333 0.866667 0.900000 0.933333 0.966667 1.000000 1.033333</float_array>
        <technique_common>
          <accessor source="#mixamorig_RightHandIndex2-Matrix-animation-input-array" count="32">
            <param name="TIME" type="float"/>
          </accessor>
        </technique_common>
      </source>
      <source id="mixamorig_RightHandIndex2-Matrix-animation-output-transform">
        <float_array id="mixamorig_RightHandIndex2-Matrix-animation-output-transform-array" count="512">

0.996309 0.085376 0.008941 0.000000 -0.025108 0.389419 -0.920719 3.105700 -0.082089 0.917096 0.390125 -0.000000 0.000000 0.000000 0.000000 1.000000
0.996158 0.087273 0.007263 0.000000 -0.025743 0.371087 -0.928241 3.105700 -0.083705 0.924488 0.371908 0.000000 0.000000 0.000000 0.000000 1.000000
0.995986 0.089344 0.005524 0.000000 -0.026450 0.352699 -0.935363 3.105700 -0.085517 0.931462 0.353646 -0.000000 0.000000 0.000000 0.000000 1.000000
0.995791 0.091580 0.003733 -0.000000 -0.027217 0.334343 -0.942059 3.105700 -0.087522 0.937992 0.335428 -0.000000 0.000000 0.000000 0.000000 1.000000
0.995590 0.093797 0.001682 0.000000 -0.027780 0.311893 -0.949711 3.105700 -0.089604 0.945476 0.313124 0.000000 0.000000 0.000000 0.000000 1.000000
0.995345 0.096377 -0.000416 0.000000 -0.028311 0.288254 -0.957135 3.105700 -0.092126 0.952691 0.289641 0.000000 0.000000 0.000000 0.000000 1.000000
0.995113 0.098709 -0.002427 0.000000 -0.028777 0.266422 -0.963427 3.105700 -0.094453 0.958789 0.267960 0.000000 0.000000 0.000000 0.000000 1.000000
0.994985 0.099946 -0.003929 0.000000 -0.029278 0.253455 -0.966904 3.105700 -0.095642 0.962170 0.255110 0.000000 0.000000 0.000000 0.000000 1.000000
0.994927 0.100478 -0.004998 0.000000 -0.029771 0.246611 -0.968657 3.105700 -0.096096 0.963892 0.248352 0.000000 0.000000 0.000000 0.000000 1.000000
0.994802 0.101644 -0.006193 0.000000 -0.029978 0.234203 -0.971726 3.105700 -0.097319 0.966860 0.236032 0.000000 0.000000 0.000000 0.000000 1.000000
0.994706 0.102519 -0.006997 -0.000000 -0.030043 0.225030 -0.973889 3.105700 -0.098267 0.968944 0.226918 0.000000 0.000000 0.000000 0.000000 1.000000
0.994653 0.103029 -0.007136 -0.000000 -0.029899 0.221138 -0.974784 3.105700 -0.098853 0.969785 0.223036 -0.000000 0.000000 0.000000 0.000000 1.000000
0.994595 0.103517 -0.008043 0.000000 -0.030294 0.215225 -0.976095 3.105700 -0.099311 0.971063 0.217198 -0.000000 0.000000 0.000000 0.000000 1.000000
0.994602 0.103448 -0.008098 -0.000000 -0.030490 0.216763 -0.975748 3.105700 -0.099184 0.970728 0.218747 0.000000 0.000000 0.000000 0.000000 1.000000
0.994637 0.103140 -0.007743 -0.000000 -0.030510 0.221051 -0.974785 3.105700 -0.098827 0.969793 0.223012 0.000000 0.000000 0.000000 0.000000 1.000000
0.994720 0.102390 -0.006916 -0.000000 -0.030396 0.229580 -0.972815 3.105700 -0.098019 0.967889 0.231480 0.000000 0.000000 0.000000 0.000000 1.000000
0.994840 0.101286 -0.005790 0.000000 -0.030124 0.240418 -0.970202 3.105700 -0.096876 0.965371 0.242229 0.000000 0.000000 0.000000 0.000000 1.000000
0.995039 0.099407 -0.004028 0.000000 -0.029693 0.258093 -0.965664 3.105700 -0.094954 0.960992 0.259764 0.000000 0.000000 0.000000 0.000000 1.000000
0.995392 0.095886 -0.000935 0.000000 -0.029004 0.291771 -0.956048 3.105700 -0.091399 0.951670 0.293208 0.000000 0.000000 0.000000 0.000000 1.000000
0.995825 0.091228 0.003232 -0.000000 -0.027658 0.335280 -0.941713 3.105700 -0.086994 0.937691 0.336403 0.000000 0.000000 0.000000 0.000000 1.000000
0.996282 0.085802 0.007731 -0.000000 -0.025838 0.383203 -0.923303 3.105700 -0.082184 0.919670 0.383995 -0.000000 0.000000 0.000000 0.000000 1.000000
0.996708 0.080188 0.011950 0.000000 -0.023818 0.430503 -0.902275 3.105700 -0.077496 0.899020 0.430996 0.000000 0.000000 0.000000 0.000000 1.000000
0.997011 0.075793 0.014976 0.000000 -0.022088 0.465394 -0.884828 3.105700 -0.074034 0.881852 0.465678 0.000000 0.000000 0.000000 0.000000 1.000000
0.997153 0.073579 0.016473 0.000000 -0.021142 0.482548 -0.875614 3.105700 -0.072376 0.872773 0.482730 0.000000 0.000000 0.000000 0.000000 1.000000
0.997152 0.073577 0.016547 0.000000 -0.021100 0.482840 -0.875455 3.105700 -0.072403 0.872612 0.483017 0.000000 0.000000 0.000000 0.000000 1.000000
0.997085 0.074613 0.015973 0.000000 -0.021445 0.474922 -0.879766 3.105700 -0.073228 0.876859 0.475138 -0.000000 0.000000 0.000000 0.000000 1.000000
0.996959 0.076484 0.014950 0.000000 -0.022048 0.460816 -0.887222 3.105700 -0.074748 0.884194 0.461101 -0.000000 0.000000 0.000000 0.000000 1.000000
0.996761 0.079287 0.013425 0.000000 -0.022865 0.439492 -0.897956 3.105700 -0.077097 0.894741 0.439881 0.000000 0.000000 0.000000 0.000000 1.000000
0.996606 0.081450 0.011890 -0.000000 -0.023695 0.422206 -0.906190 3.105700 -0.078829 0.902833 0.422703 -0.000000 0.000000 0.000000 0.000000 1.000000
0.996461 0.083404 0.010448 0.000000 -0.024425 0.406237 -0.913441 3.105700 -0.080429 0.909953 0.406837 0.000000 0.000000 0.000000 0.000000 1.000000
0.996353 0.084814 0.009376 0.000000 -0.024939 0.394519 -0.918549 3.105700 -0.081605 0.914965 0.395195 -0.000000 0.000000 0.000000 0.000000 1.000000
0.996309 0.085370 0.008941 0.000000 -0.025106 0.389418 -0.920719 3.105700 -0.082083 0.917096 0.390124 0.000000 0.000000 0.000000 0.000000 1.000000</float_array>
        <technique_common>
          <accessor source="#mixamorig_RightHandIndex2-Matrix-animation-output-transform-array" count="32" stride="16">
            <param type="float4x4"/>
          </accessor>
        </technique_common>
      </source>
      <source id="mixamorig_RightHandIndex2-Interpolations">
        <Name_array id="mixamorig_RightHandIndex2-Interpolations-array" count="32">
 LINEAR LINEAR LINEAR LINEAR LINEAR LINEAR LINEAR LINEAR LINEAR LINEAR LINEAR
LINEAR LINEAR LINEAR LINEAR LINEAR LINEAR LINEAR LINEAR LINEAR LINEAR LINEAR LINEAR
LINEAR LINEAR LINEAR LINEAR LINEAR LINEAR LINEAR LINEAR LINEAR</Name_array>
        <technique_common>
          <accessor source="#mixamorig_RightHandIndex2-Interpolations-array" count="32">
            <param type="name"/>
          </accessor>
        </technique_common>
      </source>
      <sampler id="mixamorig_RightHandIndex2-Matrix-animation-transform">
        <input semantic="INPUT" source="#mixamorig_RightHandIndex2-Matrix-animation-input"/>
        <input semantic="OUTPUT" source="#mixamorig_RightHandIndex2-Matrix-animation-output-transform"/>
        <input semantic="INTERPOLATION" source="#mixamorig_RightHandIndex2-Interpolations"/>
      </sampler>
      <channel source="#mixamorig_RightHandIndex2-Matrix-animation-transform" target="mixamorig_RightHandIndex2/matrix"/>
    </animation>
    <animation id="mixamorig_RightHandIndex3-anim" name="mixamorig_RightHandIndex3">
      <source id="mixamorig_RightHandIndex3-Matrix-animation-input">
        <float_array id="mixamorig_RightHandIndex3-Matrix-animation-input-array" count="32">

0.000000 0.033333 0.066667 0.100000 0.133333 0.166667 0.200000 0.233333 0.266667 0.300000 0.333333 0.366667 0.400000 0.433333 0.466667 0.500000
0.533333 0.566667 0.600000 0.633333 0.666667 0.700000 0.733333 0.766667 0.800000 0.833333 0.866667 0.900000 0.933333 0.966667 1.000000 1.033333</float_array>
        <technique_common>
          <accessor source="#mixamorig_RightHandIndex3-Matrix-animation-input-array" count="32">
            <param name="TIME" type="float"/>
          </accessor>
        </technique_common>
      </source>
      <source id="mixamorig_RightHandIndex3-Matrix-animation-output-transform">
        <float_array id="mixamorig_RightHandIndex3-Matrix-animation-output-transform-array" count="512">

1.000000 0.000000 -0.000000 -0.000000 -0.000000 1.000000 -0.000000 2.847700 -0.000000 0.000000 1.000000 0.000000 0.000000 0.000000 0.000000 1.000000
1.000000 0.000000 0.000000 0.000000 -0.000000 1.000000 -0.000000 2.847700 -0.000000 0.000000 1.000000 0.000000 0.000000 0.000000 0.000000 1.000000
1.000000 0.000000 0.000000 -0.000000 -0.000000 1.000000 -0.000000 2.847700 -0.000000 0.000000 1.000000 -0.000000 0.000000 0.000000 0.000000 1.000000
1.000000 0.000000 0.000000 0.000000 -0.000000 1.000000 -0.000000 2.847700 -0.000000 0.000000 1.000000 0.000000 0.000000 0.000000 0.000000 1.000000
1.000000 0.000000 0.000000 -0.000000 -0.000000 1.000000 0.000000 2.847700 -0.000000 -0.000000 1.000000 0.000000 0.000000 0.000000 0.000000 1.000000
1.000000 -0.000000 -0.000000 0.000000 0.000000 1.000000 -0.000000 2.847700 0.000000 0.000000 1.000000 0.000000 0.000000 0.000000 0.000000 1.000000
1.000000 0.000000 0.000000 0.000000 -0.000000 1.000000 0.000000 2.847700 -0.000000 -0.000000 1.000000 0.000000 0.000000 0.000000 0.000000 1.000000
1.000000 0.000000 -0.000000 0.000000 -0.000000 1.000000 -0.000000 2.847700 0.000000 0.000000 1.000000 -0.000000 0.000000 0.000000 0.000000 1.000000
1.000000 -0.000000 -0.000000 0.000000 0.000000 1.000000 -0.000000 2.847700 0.000000 0.000000 1.000000 0.000000 0.000000 0.000000 0.000000 1.000000
1.000000 0.000000 0.000000 0.000000 -0.000000 1.000000 -0.000000 2.847700 0.000000 0.000000 1.000000 0.000000 0.000000 0.000000 0.000000 1.000000
1.000000 0.000000 0.000000 0.000000 -0.000000 1.000000 -0.000000 2.847700 -0.000000 0.000000 1.000000 0.000000 0.000000 0.000000 0.000000 1.000000
1.000000 0.000000 0.000000 -0.000000 -0.000000 1.000000 -0.000000 2.847700 0.000000 0.000000 1.000000 -0.000000 0.000000 0.000000 0.000000 1.000000
1.000000 0.000000 0.000000 0.000000 -0.000000 1.000000 -0.000000 2.847700 0.000000 0.000000 1.000000 0.000000 0.000000 0.000000 0.000000 1.000000
1.000000 -0.000000 0.000000 0.000000 0.000000 1.000000 -0.000000 2.847700 -0.000000 0.000000 1.000000 0.000000 0.000000 0.000000 0.000000 1.000000
1.000000 0.000000 0.000000 0.000000 -0.000000 1.000000 -0.000000 2.847700 0.000000 0.000000 1.000000 0.000000 0.000000 0.000000 0.000000 1.000000
1.000000 -0.000000 0.000000 0.000000 0.000000 1.000000 -0.000000 2.847700 -0.000000 0.000000 1.000000 0.000000 0.000000 0.000000 0.000000 1.000000
1.000000 0.000000 0.000000 0.000000 -0.000000 1.000000 -0.000000 2.847700 0.000000 0.000000 1.000000 -0.000000 0.000000 0.000000 0.000000 1.000000
1.000000 0.000000 0.000000 0.000000 -0.000000 1.000000 -0.000000 2.847700 -0.000000 0.000000 1.000000 -0.000000 0.000000 0.000000 0.000000 1.000000
1.000000 0.000000 0.000000 0.000000 -0.000000 1.000000 -0.000000 2.847700 0.000000 0.000000 1.000000 0.000000 0.000000 0.000000 0.000000 1.000000
1.000000 0.000000 0.000000 0.000000 -0.000000 1.000000 -0.000000 2.847700 0.000000 0.000000 1.000000 -0.000000 0.000000 0.000000 0.000000 1.000000
1.000000 -0.000000 -0.000000 -0.000000 0.000000 1.000000 -0.000000 2.847700 0.000000 0.000000 1.000000 0.000000 0.000000 0.000000 0.000000 1.000000
1.000000 0.000000 0.000000 0.000000 -0.000000 1.000000 -0.000000 2.847700 0.000000 0.000000 1.000000 0.000000 0.000000 0.000000 0.000000 1.000000
1.000000 0.000000 -0.000000 0.000000 -0.000000 1.000000 -0.000000 2.847700 0.000000 0.000000 1.000000 0.000000 0.000000 0.000000 0.000000 1.000000
1.000000 0.000000 0.000000 0.000000 -0.000000 1.000000 -0.000000 2.847700 -0.000000 0.000000 1.000000 -0.000000 0.000000 0.000000 0.000000 1.000000
1.000000 0.000000 -0.000000 0.000000 -0.000000 1.000000 -0.000000 2.847700 -0.000000 0.000000 1.000000 0.000000 0.000000 0.000000 0.000000 1.000000
1.000000 0.000000 0.000000 0.000000 -0.000000 1.000000 0.000000 2.847700 -0.000000 -0.000000 1.000000 -0.000000 0.000000 0.000000 0.000000 1.000000
1.000000 0.000000 0.000000 0.000000 -0.000000 1.000000 -0.000000 2.847700 0.000000 0.000000 1.000000 0.000000 0.000000 0.000000 0.000000 1.000000
1.000000 0.000000 -0.000000 0.000000 -0.000000 1.000000 -0.000000 2.847700 0.000000 0.000000 1.000000 0.000000 0.000000 0.000000 0.000000 1.000000
1.000000 0.000000 -0.000000 0.000000 -0.000000 1.000000 -0.000000 2.847700 -0.000000 0.000000 1.000000 0.000000 0.000000 0.000000 0.000000 1.000000
1.000000 0.000000 0.000000 0.000000 -0.000000 1.000000 -0.000000 2.847700 -0.000000 0.000000 1.000000 0.000000 0.000000 0.000000 0.000000 1.000000
1.000000 0.000000 -0.000000 0.000000 -0.000000 1.000000 -0.000000 2.847700 0.000000 0.000000 1.000000 0.000000 0.000000 0.000000 0.000000 1.000000
1.000000 0.000000 -0.000000 -0.000000 -0.000000 1.000000 -0.000000 2.847700 0.000000 0.000000 1.000000 -0.000000 0.000000 0.000000 0.000000 1.000000</float_array>
        <technique_common>
          <accessor source="#mixamorig_RightHandIndex3-Matrix-animation-output-transform-array" count="32" stride="16">
            <param type="float4x4"/>
          </accessor>
        </technique_common>
      </source>
      <source id="mixamorig_RightHandIndex3-Interpolations">
        <Name_array id="mixamorig_RightHandIndex3-Interpolations-array" count="32">
 LINEAR LINEAR LINEAR LINEAR LINEAR LINEAR LINEAR LINEAR LINEAR LINEAR LINEAR
LINEAR LINEAR LINEAR LINEAR LINEAR LINEAR LINEAR LINEAR LINEAR LINEAR LINEAR LINEAR
LINEAR LINEAR LINEAR LINEAR LINEAR LINEAR LINEAR LINEAR LINEAR</Name_array>
        <technique_common>
          <accessor source="#mixamorig_RightHandIndex3-Interpolations-array" count="32">
            <param type="name"/>
          </accessor>
        </technique_common>
      </source>
      <sampler id="mixamorig_RightHandIndex3-Matrix-animation-transform">
        <input semantic="INPUT" source="#mixamorig_RightHandIndex3-Matrix-animation-input"/>
        <input semantic="OUTPUT" source="#mixamorig_RightHandIndex3-Matrix-animation-output-transform"/>
        <input semantic="INTERPOLATION" source="#mixamorig_RightHandIndex3-Interpolations"/>
      </sampler>
      <channel source="#mixamorig_RightHandIndex3-Matrix-animation-transform" target="mixamorig_RightHandIndex3/matrix"/>
    </animation>
    <animation id="mixamorig_RightHandMiddle1-anim" name="mixamorig_RightHandMiddle1">
      <source id="mixamorig_RightHandMiddle1-Matrix-animation-input">
        <float_array id="mixamorig_RightHandMiddle1-Matrix-animation-input-array" count="32">

0.000000 0.033333 0.066667 0.100000 0.133333 0.166667 0.200000 0.233333 0.266667 0.300000 0.333333 0.366667 0.400000 0.433333 0.466667 0.500000
0.533333 0.566667 0.600000 0.633333 0.666667 0.700000 0.733333 0.766667 0.800000 0.833333 0.866667 0.900000 0.933333 0.966667 1.000000 1.033333</float_array>
        <technique_common>
          <accessor source="#mixamorig_RightHandMiddle1-Matrix-animation-input-array" count="32">
            <param name="TIME" type="float"/>
          </accessor>
        </technique_common>
      </source>
      <source id="mixamorig_RightHandMiddle1-Matrix-animation-output-transform">
        <float_array id="mixamorig_RightHandMiddle1-Matrix-animation-output-transform-array" count="512">

0.996345 0.055939 0.064555 -0.000100 0.012260 0.654264 -0.756167 9.898600 -0.084536 0.754195 0.651187 0.000000 0.000000 0.000000 0.000000 1.000000
0.996159 0.060638 0.063165 -0.000100 0.010342 0.634859 -0.772558 9.898600 -0.086948 0.770244 0.631794 0.000000 0.000000 0.000000 0.000000 1.000000
0.996033 0.063924 0.061910 -0.000100 0.009241 0.617646 -0.786402 9.898600 -0.088509 0.783854 0.614605 0.000000 0.000000 0.000000 0.000000 1.000000
0.995935 0.066573 0.060673 -0.000100 0.008525 0.600909 -0.799272 9.898600 -0.089669 0.796540 0.597899 -0.000000 0.000000 0.000000 0.000000 1.000000
0.995805 0.069616 0.059382 -0.000100 0.007942 0.580763 -0.814034 9.898600 -0.091156 0.811091 0.577774 0.000000 0.000000 0.000000 0.000000 1.000000
0.995662 0.072686 0.058092 -0.000100 0.007626 0.558480 -0.829483 9.898600 -0.092734 0.826328 0.555503 0.000000 0.000000 0.000000 0.000000 1.000000
0.995508 0.075994 0.056472 -0.000100 0.006325 0.541750 -0.840516 9.898600 -0.094468 0.837097 0.538836 0.000000 0.000000 0.000000 0.000000 1.000000
0.995396 0.078676 0.054742 -0.000100 0.004240 0.534434 -0.845200 9.898600 -0.095752 0.841541 0.531640 -0.000000 0.000000 0.000000 0.000000 1.000000
0.995349 0.080114 0.053497 -0.000100 0.002984 0.529427 -0.848350 9.898600 -0.096288 0.844564 0.526725 0.000000 0.000000 0.000000 0.000000 1.000000
0.995367 0.080111 0.053159 -0.000100 0.003660 0.520935 -0.853589 9.898600 -0.096074 0.849829 0.518228 0.000000 0.000000 0.000000 0.000000 1.000000
0.995367 0.080362 0.052794 -0.000100 0.003834 0.515456 -0.856907 9.898600 -0.096076 0.853139 0.512760 0.000000 0.000000 0.000000 0.000000 1.000000
0.995393 0.080366 0.052291 -0.000100 0.003441 0.515084 -0.857133 9.898600 -0.095819 0.853364 0.512434 0.000000 0.000000 0.000000 0.000000 1.000000
0.995322 0.081749 0.051481 -0.000100 0.002919 0.507185 -0.861832 9.898600 -0.096564 0.857951 0.504574 0.000000 0.000000 0.000000 0.000000 1.000000
0.995222 0.083499 0.050600 -0.000100 0.002422 0.496991 -0.867753 9.898600 -0.097604 0.863729 0.494414 0.000000 0.000000 0.000000 0.000000 1.000000
0.995144 0.084749 0.050057 -0.000100 0.001991 0.491123 -0.871088 9.898600 -0.098408 0.866958 0.488570 0.000000 0.000000 0.000000 0.000000 1.000000
0.995097 0.085365 0.049951 -0.000100 0.001958 0.487941 -0.872874 9.898600 -0.098886 0.868692 0.485381 0.000000 0.000000 0.000000 0.000000 1.000000
0.995128 0.084591 0.050642 -0.000100 0.002562 0.491298 -0.870988 9.898600 -0.098558 0.866874 0.488688 0.000000 0.000000 0.000000 0.000000 1.000000
0.995284 0.081734 0.052251 -0.000100 0.003548 0.507593 -0.861590 9.898600 -0.096944 0.857712 0.504908 0.000000 0.000000 0.000000 0.000000 1.000000
0.995550 0.076805 0.054608 -0.000100 0.004576 0.539378 -0.842051 9.898600 -0.094128 0.838554 0.536626 -0.000000 0.000000 0.000000 0.000000 1.000000
0.995932 0.068243 0.058850 -0.000100 0.007230 0.590451 -0.807041 9.898600 -0.089823 0.804183 0.587556 0.000000 0.000000 0.000000 0.000000 1.000000
0.996320 0.057783 0.063308 -0.000100 0.010728 0.648719 -0.760952 9.898600 -0.085039 0.758831 0.645712 0.000000 0.000000 0.000000 0.000000 1.000000
0.996518 0.051374 0.065667 -0.000100 0.013004 0.682197 -0.731053 9.898600 -0.082355 0.729361 0.679154 -0.000000 0.000000 0.000000 0.000000 1.000000
0.996642 0.046813 0.067181 -0.000100 0.014683 0.704988 -0.709067 9.898600 -0.080556 0.707672 0.701933 0.000000 0.000000 0.000000 0.000000 1.000000
0.996729 0.043534 0.068090 -0.000100 0.015855 0.720813 -0.692948 9.898600 -0.079247 0.691761 0.717765 0.000000 0.000000 0.000000 0.000000 1.000000
0.996806 0.041394 0.068289 -0.000100 0.016419 0.730655 -0.682549 9.898600 -0.078149 0.681491 0.727642 0.000000 0.000000 0.000000 0.000000 1.000000
0.996763 0.042446 0.068273 -0.000100 0.016165 0.726087 -0.687413 9.898600 -0.078750 0.686291 0.723051 0.000000 0.000000 0.000000 0.000000 1.000000
0.996627 0.045997 0.067958 -0.000100 0.015364 0.708908 -0.705133 9.898600 -0.080610 0.703799 0.705811 -0.000000 0.000000 0.000000 0.000000 1.000000
0.996584 0.047698 0.067417 -0.000100 0.015403 0.694663 -0.719171 9.898600 -0.081135 0.717753 0.691555 0.000000 0.000000 0.000000 0.000000 1.000000
0.996558 0.049342 0.066608 -0.000100 0.014940 0.683463 -0.729833 9.898600 -0.081536 0.728316 0.680373 0.000000 0.000000 0.000000 0.000000 1.000000
0.996483 0.052135 0.065602 -0.000100 0.013555 0.672287 -0.740166 9.898600 -0.082692 0.738452 0.669216 0.000000 0.000000 0.000000 0.000000 1.000000
0.996367 0.055439 0.064646 -0.000100 0.011830 0.661636 -0.749732 9.898600 -0.084336 0.747773 0.658577 0.000000 0.000000 0.000000 0.000000 1.000000
0.996342 0.055942 0.064595 -0.000100 0.012289 0.654264 -0.756166 9.898600 -0.084564 0.754194 0.651184 0.000000 0.000000 0.000000 0.000000 1.000000</float_array>
        <technique_common>
          <accessor source="#mixamorig_RightHandMiddle1-Matrix-animation-output-transform-array" count="32" stride="16">
            <param type="float4x4"/>
          </accessor>
        </technique_common>
      </source>
      <source id="mixamorig_RightHandMiddle1-Interpolations">
        <Name_array id="mixamorig_RightHandMiddle1-Interpolations-array" count="32">
 LINEAR LINEAR LINEAR LINEAR LINEAR LINEAR LINEAR LINEAR LINEAR LINEAR LINEAR
LINEAR LINEAR LINEAR LINEAR LINEAR LINEAR LINEAR LINEAR LINEAR LINEAR LINEAR LINEAR
LINEAR LINEAR LINEAR LINEAR LINEAR LINEAR LINEAR LINEAR LINEAR</Name_array>
        <technique_common>
          <accessor source="#mixamorig_RightHandMiddle1-Interpolations-array" count="32">
            <param type="name"/>
          </accessor>
        </technique_common>
      </source>
      <sampler id="mixamorig_RightHandMiddle1-Matrix-animation-transform">
        <input semantic="INPUT" source="#mixamorig_RightHandMiddle1-Matrix-animation-input"/>
        <input semantic="OUTPUT" source="#mixamorig_RightHandMiddle1-Matrix-animation-output-transform"/>
        <input semantic="INTERPOLATION" source="#mixamorig_RightHandMiddle1-Interpolations"/>
      </sampler>
      <channel source="#mixamorig_RightHandMiddle1-Matrix-animation-transform" target="mixamorig_RightHandMiddle1/matrix"/>
    </animation>
    <animation id="mixamorig_RightHandMiddle2-anim" name="mixamorig_RightHandMiddle2">
      <source id="mixamorig_RightHandMiddle2-Matrix-animation-input">
        <float_array id="mixamorig_RightHandMiddle2-Matrix-animation-input-array" count="32">

0.000000 0.033333 0.066667 0.100000 0.133333 0.166667 0.200000 0.233333 0.266667 0.300000 0.333333 0.366667 0.400000 0.433333 0.466667 0.500000
0.533333 0.566667 0.600000 0.633333 0.666667 0.700000 0.733333 0.766667 0.800000 0.833333 0.866667 0.900000 0.933333 0.966667 1.000000 1.033333</float_array>
        <technique_common>
          <accessor source="#mixamorig_RightHandMiddle2-Matrix-animation-input-array" count="32">
            <param name="TIME" type="float"/>
          </accessor>
        </technique_common>
      </source>
      <source id="mixamorig_RightHandMiddle2-Matrix-animation-output-transform">
        <float_array id="mixamorig_RightHandMiddle2-Matrix-animation-output-transform-array" count="512">

0.993640 0.112588 0.001885 0.000000 -0.030776 0.287637 -0.957245 3.757000 -0.108317 0.951099 0.289272 0.000000 0.000000 0.000000 0.000000 1.000000
0.993457 0.114207 -0.000171 -0.000000 -0.031230 0.270214 -0.962294 3.757000 -0.109854 0.956003 0.272012 0.000000 0.000000 0.000000 0.000000 1.000000
0.993258 0.115897 -0.002384 0.000000 -0.031701 0.251790 -0.967262 3.757000 -0.111503 0.960817 0.253767 0.000000 0.000000 0.000000 0.000000 1.000000
0.993052 0.117585 -0.004655 0.000000 -0.032179 0.233286 -0.971875 3.757000 -0.113192 0.965273 0.235449 -0.000000 0.000000 0.000000 0.000000 1.000000
0.992831 0.119310 -0.007158 0.000000 -0.032571 0.212443 -0.976630 3.757000 -0.115001 0.969862 0.214806 0.000000 0.000000 0.000000 0.000000 1.000000
0.992563 0.121329 -0.009900 0.000000 -0.032921 0.189246 -0.981378 3.757000 -0.117196 0.974405 0.191833 0.000000 0.000000 0.000000 0.000000 1.000000
0.992336 0.122955 -0.012334 0.000000 -0.033220 0.169299 -0.985005 3.757000 -0.119023 0.977865 0.172086 0.000000 0.000000 0.000000 0.000000 1.000000
0.992253 0.123458 -0.013852 0.000000 -0.033536 0.158824 -0.986737 3.757000 -0.119621 0.979558 0.161734 -0.000000 0.000000 0.000000 0.000000 1.000000
0.992182 0.123903 -0.014957 0.000000 -0.033773 0.151190 -0.987928 3.757000 -0.120145 0.980709 0.154193 0.000000 0.000000 0.000000 0.000000 1.000000
0.992035 0.124879 -0.016487 0.000000 -0.033916 0.138764 -0.989745 3.757000 -0.121311 0.982420 0.141894 0.000000 0.000000 0.000000 0.000000 1.000000
0.991918 0.125649 -0.017648 0.000000 -0.033987 0.129111 -0.991048 3.757000 -0.122245 0.983638 0.132337 0.000000 0.000000 0.000000 0.000000 1.000000
0.991846 0.126118 -0.018317 0.000000 -0.034023 0.123534 -0.991757 3.757000 -0.122815 0.984294 0.126817 0.000000 0.000000 0.000000 0.000000 1.000000
0.991783 0.126510 -0.019002 0.000000 -0.034062 0.117965 -0.992433 3.757000 -0.123311 0.984926 0.121305 0.000000 0.000000 0.000000 0.000000 1.000000
0.991746 0.126730 -0.019488 0.000000 -0.034093 0.114119 -0.992882 3.757000 -0.123604 0.985351 0.117498 0.000000 0.000000 0.000000 0.000000 1.000000
0.991764 0.126630 -0.019210 -0.000000 -0.034081 0.116338 -0.992625 3.757000 -0.123461 0.985104 0.119695 0.000000 0.000000 0.000000 0.000000 1.000000
0.991835 0.126198 -0.018351 0.000000 -0.034036 0.123278 -0.991788 3.757000 -0.122899 0.984315 0.126567 0.000000 0.000000 0.000000 0.000000 1.000000
0.991963 0.125384 -0.016951 0.000000 -0.033905 0.134354 -0.990353 3.757000 -0.121897 0.982969 0.137526 0.000000 0.000000 0.000000 0.000000 1.000000
0.992196 0.123837 -0.014551 -0.000000 -0.033822 0.154968 -0.987340 3.757000 -0.120015 0.980127 0.157947 -0.000000 0.000000 0.000000 0.000000 1.000000
0.992644 0.120633 -0.010268 -0.000000 -0.033868 0.195260 -0.980167 3.757000 -0.116236 0.973304 0.197909 -0.000000 0.000000 0.000000 0.000000 1.000000
0.993193 0.116392 -0.004612 -0.000000 -0.033294 0.245720 -0.968769 3.757000 -0.111624 0.962328 0.247922 0.000000 0.000000 0.000000 0.000000 1.000000
0.993747 0.111648 0.001420 0.000000 -0.032160 0.298380 -0.953905 3.757000 -0.106926 0.947895 0.300105 0.000000 0.000000 0.000000 0.000000 1.000000
0.994234 0.107013 0.006792 0.000000 -0.030749 0.345225 -0.938016 3.757000 -0.102724 0.932399 0.346525 0.000000 0.000000 0.000000 0.000000 1.000000
0.994598 0.103234 0.010869 0.000000 -0.029484 0.381341 -0.923964 3.757000 -0.099529 0.918652 0.382325 0.000000 0.000000 0.000000 0.000000 1.000000
0.994766 0.101377 0.012803 0.000000 -0.028786 0.398242 -0.916829 3.757000 -0.098044 0.911661 0.399076 0.000000 0.000000 0.000000 0.000000 1.000000
0.994762 0.101402 0.012864 0.000000 -0.028695 0.397833 -0.917009 3.757000 -0.098104 0.911837 0.398659 0.000000 0.000000 0.000000 0.000000 1.000000
0.994683 0.102264 0.012164 0.000000 -0.028808 0.389691 -0.920495 3.757000 -0.098873 0.915250 0.390565 0.000000 0.000000 0.000000 0.000000 1.000000
0.994471 0.104499 0.010356 0.000000 -0.029086 0.368872 -0.929025 3.757000 -0.100902 0.923587 0.369872 0.000000 0.000000 0.000000 0.000000 1.000000
0.994203 0.107226 0.007962 -0.000000 -0.029435 0.342651 -0.939001 3.757000 -0.103414 0.933324 0.343821 0.000000 0.000000 0.000000 0.000000 1.000000
0.993984 0.109376 0.005711 -0.000000 -0.029959 0.321678 -0.946375 3.757000 -0.105348 0.940510 0.323020 0.000000 0.000000 0.000000 0.000000 1.000000
0.993813 0.111003 0.003807 -0.000000 -0.030461 0.305360 -0.951750 3.757000 -0.106809 0.945745 0.306852 0.000000 0.000000 0.000000 0.000000 1.000000
0.993687 0.112165 0.002399 0.000000 -0.030738 0.292753 -0.955694 3.757000 -0.107898 0.949587 0.294353 -0.000000 0.000000 0.000000 0.000000 1.000000
0.993641 0.112583 0.001840 -0.000000 -0.030817 0.287637 -0.957243 3.757000 -0.108298 0.951099 0.289278 0.000000 0.000000 0.000000 0.000000 1.000000</float_array>
        <technique_common>
          <accessor source="#mixamorig_RightHandMiddle2-Matrix-animation-output-transform-array" count="32" stride="16">
            <param type="float4x4"/>
          </accessor>
        </technique_common>
      </source>
      <source id="mixamorig_RightHandMiddle2-Interpolations">
        <Name_array id="mixamorig_RightHandMiddle2-Interpolations-array" count="32">
 LINEAR LINEAR LINEAR LINEAR LINEAR LINEAR LINEAR LINEAR LINEAR LINEAR LINEAR
LINEAR LINEAR LINEAR LINEAR LINEAR LINEAR LINEAR LINEAR LINEAR LINEAR LINEAR LINEAR
LINEAR LINEAR LINEAR LINEAR LINEAR LINEAR LINEAR LINEAR LINEAR</Name_array>
        <technique_common>
          <accessor source="#mixamorig_RightHandMiddle2-Interpolations-array" count="32">
            <param type="name"/>
          </accessor>
        </technique_common>
      </source>
      <sampler id="mixamorig_RightHandMiddle2-Matrix-animation-transform">
        <input semantic="INPUT" source="#mixamorig_RightHandMiddle2-Matrix-animation-input"/>
        <input semantic="OUTPUT" source="#mixamorig_RightHandMiddle2-Matrix-animation-output-transform"/>
        <input semantic="INTERPOLATION" source="#mixamorig_RightHandMiddle2-Interpolations"/>
      </sampler>
      <channel source="#mixamorig_RightHandMiddle2-Matrix-animation-transform" target="mixamorig_RightHandMiddle2/matrix"/>
    </animation>
    <animation id="mixamorig_RightHandMiddle3-anim" name="mixamorig_RightHandMiddle3">
      <source id="mixamorig_RightHandMiddle3-Matrix-animation-input">
        <float_array id="mixamorig_RightHandMiddle3-Matrix-animation-input-array" count="32">

0.000000 0.033333 0.066667 0.100000 0.133333 0.166667 0.200000 0.233333 0.266667 0.300000 0.333333 0.366667 0.400000 0.433333 0.466667 0.500000
0.533333 0.566667 0.600000 0.633333 0.666667 0.700000 0.733333 0.766667 0.800000 0.833333 0.866667 0.900000 0.933333 0.966667 1.000000 1.033333</float_array>
        <technique_common>
          <accessor source="#mixamorig_RightHandMiddle3-Matrix-animation-input-array" count="32">
            <param name="TIME" type="float"/>
          </accessor>
        </technique_common>
      </source>
      <source id="mixamorig_RightHandMiddle3-Matrix-animation-output-transform">
        <float_array id="mixamorig_RightHandMiddle3-Matrix-animation-output-transform-array" count="512">

1.000000 0.000000 -0.000000 0.000000 -0.000000 1.000000 0.000000 3.615200 0.000000 -0.000000 1.000000 0.000000 0.000000 0.000000 0.000000 1.000000
1.000000 -0.000000 -0.000000 0.000000 0.000000 1.000000 -0.000000 3.615200 0.000000 0.000000 1.000000 0.000000 0.000000 0.000000 0.000000 1.000000
1.000000 0.000000 -0.000000 0.000000 -0.000000 1.000000 -0.000000 3.615200 -0.000000 0.000000 1.000000 -0.000000 0.000000 0.000000 0.000000 1.000000
1.000000 0.000000 0.000000 0.000000 -0.000000 1.000000 -0.000000 3.615200 0.000000 0.000000 1.000000 0.000000 0.000000 0.000000 0.000000 1.000000
1.000000 0.000000 0.000000 0.000000 -0.000000 1.000000 -0.000000 3.615200 -0.000000 0.000000 1.000000 0.000000 0.000000 0.000000 0.000000 1.000000
1.000000 0.000000 -0.000000 -0.000000 -0.000000 1.000000 -0.000000 3.615200 0.000000 0.000000 1.000000 -0.000000 0.000000 0.000000 0.000000 1.000000
1.000000 0.000000 0.000000 0.000000 -0.000000 1.000000 -0.000000 3.615200 -0.000000 0.000000 1.000000 0.000000 0.000000 0.000000 0.000000 1.000000
1.000000 0.000000 0.000000 -0.000000 -0.000000 1.000000 -0.000000 3.615200 0.000000 0.000000 1.000000 -0.000000 0.000000 0.000000 0.000000 1.000000
1.000000 0.000000 -0.000000 0.000000 -0.000000 1.000000 -0.000000 3.615200 0.000000 0.000000 1.000000 0.000000 0.000000 0.000000 0.000000 1.000000
1.000000 0.000000 0.000000 0.000000 -0.000000 1.000000 -0.000000 3.615200 0.000000 0.000000 1.000000 0.000000 0.000000 0.000000 0.000000 1.000000
1.000000 0.000000 0.000000 -0.000000 -0.000000 1.000000 -0.000000 3.615200 0.000000 0.000000 1.000000 -0.000000 0.000000 0.000000 0.000000 1.000000
1.000000 0.000000 0.000000 0.000000 -0.000000 1.000000 -0.000000 3.615200 -0.000000 0.000000 1.000000 -0.000000 0.000000 0.000000 0.000000 1.000000
1.000000 0.000000 0.000000 0.000000 -0.000000 1.000000 -0.000000 3.615200 0.000000 0.000000 1.000000 -0.000000 0.000000 0.000000 0.000000 1.000000
1.000000 0.000000 0.000000 0.000000 -0.000000 1.000000 -0.000000 3.615200 -0.000000 0.000000 1.000000 0.000000 0.000000 0.000000 0.000000 1.000000
1.000000 -0.000000 0.000000 0.000000 0.000000 1.000000 -0.000000 3.615200 -0.000000 0.000000 1.000000 0.000000 0.000000 0.000000 0.000000 1.000000
1.000000 0.000000 0.000000 -0.000000 -0.000000 1.000000 -0.000000 3.615200 -0.000000 0.000000 1.000000 0.000000 0.000000 0.000000 0.000000 1.000000
1.000000 0.000000 -0.000000 0.000000 -0.000000 1.000000 0.000000 3.615200 0.000000 -0.000000 1.000000 0.000000 0.000000 0.000000 0.000000 1.000000
1.000000 0.000000 0.000000 -0.000000 -0.000000 1.000000 -0.000000 3.615200 0.000000 0.000000 1.000000 -0.000000 0.000000 0.000000 0.000000 1.000000
1.000000 0.000000 0.000000 0.000000 -0.000000 1.000000 -0.000000 3.615200 -0.000000 0.000000 1.000000 0.000000 0.000000 0.000000 0.000000 1.000000
1.000000 -0.000000 0.000000 0.000000 0.000000 1.000000 -0.000000 3.615200 -0.000000 0.000000 1.000000 0.000000 0.000000 0.000000 0.000000 1.000000
1.000000 0.000000 0.000000 0.000000 -0.000000 1.000000 -0.000000 3.615200 -0.000000 0.000000 1.000000 -0.000000 0.000000 0.000000 0.000000 1.000000
1.000000 0.000000 -0.000000 0.000000 -0.000000 1.000000 -0.000000 3.615200 0.000000 0.000000 1.000000 -0.000000 0.000000 0.000000 0.000000 1.000000
1.000000 0.000000 0.000000 0.000000 -0.000000 1.000000 -0.000000 3.615200 0.000000 0.000000 1.000000 -0.000000 0.000000 0.000000 0.000000 1.000000
1.000000 0.000000 0.000000 0.000000 -0.000000 1.000000 -0.000000 3.615200 -0.000000 0.000000 1.000000 0.000000 0.000000 0.000000 0.000000 1.000000
1.000000 0.000000 0.000000 0.000000 -0.000000 1.000000 -0.000000 3.615200 -0.000000 0.000000 1.000000 0.000000 0.000000 0.000000 0.000000 1.000000
1.000000 0.000000 0.000000 0.000000 -0.000000 1.000000 0.000000 3.615200 -0.000000 -0.000000 1.000000 0.000000 0.000000 0.000000 0.000000 1.000000
1.000000 0.000000 0.000000 -0.000000 -0.000000 1.000000 -0.000000 3.615200 0.000000 0.000000 1.000000 0.000000 0.000000 0.000000 0.000000 1.000000
1.000000 0.000000 0.000000 -0.000000 -0.000000 1.000000 -0.000000 3.615200 -0.000000 0.000000 1.000000 0.000000 0.000000 0.000000 0.000000 1.000000
1.000000 0.000000 -0.000000 0.000000 -0.000000 1.000000 -0.000000 3.615200 0.000000 0.000000 1.000000 -0.000000 0.000000 0.000000 0.000000 1.000000
1.000000 0.000000 0.000000 -0.000000 -0.000000 1.000000 -0.000000 3.615200 -0.000000 0.000000 1.000000 0.000000 0.000000 0.000000 0.000000 1.000000
1.000000 0.000000 0.000000 0.000000 -0.000000 1.000000 -0.000000 3.615200 0.000000 0.000000 1.000000 0.000000 0.000000 0.000000 0.000000 1.000000
1.000000 -0.000000 0.000000 0.000000 0.000000 1.000000 0.000000 3.615200 -0.000000 -0.000000 1.000000 0.000000 0.000000 0.000000 0.000000 1.000000</float_array>
        <technique_common>
          <accessor source="#mixamorig_RightHandMiddle3-Matrix-animation-output-transform-array" count="32" stride="16">
            <param type="float4x4"/>
          </accessor>
        </technique_common>
      </source>
      <source id="mixamorig_RightHandMiddle3-Interpolations">
        <Name_array id="mixamorig_RightHandMiddle3-Interpolations-array" count="32">
 LINEAR LINEAR LINEAR LINEAR LINEAR LINEAR LINEAR LINEAR LINEAR LINEAR LINEAR
LINEAR LINEAR LINEAR LINEAR LINEAR LINEAR LINEAR LINEAR LINEAR LINEAR LINEAR LINEAR
LINEAR LINEAR LINEAR LINEAR LINEAR LINEAR LINEAR LINEAR LINEAR</Name_array>
        <technique_common>
          <accessor source="#mixamorig_RightHandMiddle3-Interpolations-array" count="32">
            <param type="name"/>
          </accessor>
        </technique_common>
      </source>
      <sampler id="mixamorig_RightHandMiddle3-Matrix-animation-transform">
        <input semantic="INPUT" source="#mixamorig_RightHandMiddle3-Matrix-animation-input"/>
        <input semantic="OUTPUT" source="#mixamorig_RightHandMiddle3-Matrix-animation-output-transform"/>
        <input semantic="INTERPOLATION" source="#mixamorig_RightHandMiddle3-Interpolations"/>
      </sampler>
      <channel source="#mixamorig_RightHandMiddle3-Matrix-animation-transform" target="mixamorig_RightHandMiddle3/matrix"/>
    </animation>
    <animation id="mixamorig_RightHandRing1-anim" name="mixamorig_RightHandRing1">
      <source id="mixamorig_RightHandRing1-Matrix-animation-input">
        <float_array id="mixamorig_RightHandRing1-Matrix-animation-input-array" count="32">

0.000000 0.033333 0.066667 0.100000 0.133333 0.166667 0.200000 0.233333 0.266667 0.300000 0.333333 0.366667 0.400000 0.433333 0.466667 0.500000
0.533333 0.566667 0.600000 0.633333 0.666667 0.700000 0.733333 0.766667 0.800000 0.833333 0.866667 0.900000 0.933333 0.966667 1.000000 1.033333</float_array>
        <technique_common>
          <accessor source="#mixamorig_RightHandRing1-Matrix-animation-input-array" count="32">
            <param name="TIME" type="float"/>
          </accessor>
        </technique_common>
      </source>
      <source id="mixamorig_RightHandRing1-Matrix-animation-output-transform">
        <float_array id="mixamorig_RightHandRing1-Matrix-animation-output-transform-array" count="512">

0.996967 0.077683 -0.004632 -2.664500 -0.055279 0.665025 -0.744772 8.985900 -0.054775 0.742769 0.667303 0.175200 0.000000 0.000000 0.000000 1.000000
0.996698 0.080931 -0.006555 -2.664500 -0.057635 0.648300 -0.759201 8.985900 -0.057193 0.757072 0.650823 0.175200 0.000000 0.000000 0.000000 1.000000
0.996477 0.083431 -0.008559 -2.664500 -0.059611 0.632773 -0.772040 8.985900 -0.058996 0.769830 0.635517 0.175200 0.000000 0.000000 0.000000 1.000000
0.996264 0.085715 -0.010565 -2.664500 -0.061359 0.616413 -0.785028 8.985900 -0.060776 0.782744 0.619370 0.175200 0.000000 0.000000 0.000000 1.000000
0.995991 0.088532 -0.012813 -2.664500 -0.063439 0.598062 -0.798935 8.985900 -0.063068 0.796545 0.601281 0.175200 0.000000 0.000000 0.000000 1.000000
0.995748 0.090945 -0.014681 -2.664500 -0.064846 0.578766 -0.812911 8.985900 -0.065434 0.810406 0.582203 0.175200 0.000000 0.000000 0.000000 1.000000
0.995498 0.093292 -0.016739 -2.664500 -0.066582 0.562629 -0.824024 8.985900 -0.067457 0.821429 0.566308 0.175200 0.000000 0.000000 0.000000 1.000000
0.995336 0.094657 -0.018606 -2.664500 -0.068111 0.552970 -0.830413 8.985900 -0.068316 0.827807 0.556838 0.175200 0.000000 0.000000 0.000000 1.000000
0.995473 0.093116 -0.019044 -2.664500 -0.067219 0.548113 -0.833699 8.985900 -0.067193 0.831205 0.551890 0.175200 0.000000 0.000000 0.000000 1.000000
0.995565 0.092094 -0.019232 -2.664500 -0.066257 0.541203 -0.838277 8.985900 -0.066792 0.835833 0.544905 0.175200 0.000000 0.000000 0.000000 1.000000
0.995604 0.091634 -0.019410 -2.664500 -0.065716 0.535683 -0.841858 8.985900 -0.066745 0.839433 0.539350 0.175200 0.000000 0.000000 0.000000 1.000000
0.995770 0.089896 -0.018986 -2.664500 -0.064330 0.534617 -0.842642 8.985900 -0.065600 0.840300 0.538139 0.175200 0.000000 0.000000 0.000000 1.000000
0.995730 0.090278 -0.019255 -2.664500 -0.064381 0.529723 -0.845724 8.985900 -0.066151 0.843353 0.533273 0.175200 0.000000 0.000000 0.000000 1.000000
0.995564 0.091942 -0.019973 -2.664500 -0.065426 0.523960 -0.849226 8.985900 -0.067615 0.846766 0.527651 0.175200 0.000000 0.000000 0.000000 1.000000
0.995431 0.093286 -0.020355 -2.664500 -0.066309 0.522014 -0.850356 8.985900 -0.068700 0.847821 0.525814 0.175200 0.000000 0.000000 0.000000 1.000000
0.995268 0.094952 -0.020612 -2.664500 -0.067467 0.522692 -0.849848 8.985900 -0.069921 0.847217 0.526625 0.175200 0.000000 0.000000 0.000000 1.000000
0.995261 0.095191 -0.019835 -2.664500 -0.067458 0.529031 -0.845917 8.985900 -0.070030 0.843246 0.532946 0.175200 0.000000 0.000000 0.000000 1.000000
0.995455 0.093533 -0.017896 -2.664500 -0.066169 0.544211 -0.836335 8.985900 -0.068485 0.833718 0.547927 0.175200 0.000000 0.000000 0.000000 1.000000
0.997934 0.064252 0.000453 -2.664500 -0.036862 0.578275 -0.815009 8.985900 -0.052628 0.813308 0.579448 0.175200 0.000000 0.000000 0.000000 1.000000
0.999374 0.025156 0.024874 -2.664500 0.003912 0.620210 -0.784426 8.985900 -0.035160 0.784033 0.619723 0.175200 0.000000 0.000000 0.000000 1.000000
0.999306 0.029164 0.023182 -2.664500 -0.001949 0.662319 -0.749219 8.985900 -0.037204 0.748654 0.661916 0.175200 0.000000 0.000000 0.000000 1.000000
0.998708 0.049483 0.011531 -2.664500 -0.026511 0.701115 -0.712555 8.985900 -0.043344 0.711329 0.701521 0.175200 0.000000 0.000000 0.000000 1.000000
0.997824 0.065897 0.002164 -2.664500 -0.046534 0.727125 -0.684926 8.985900 -0.046708 0.683335 0.728609 0.175200 0.000000 0.000000 0.000000 1.000000
0.997828 0.065851 0.001861 -2.664500 -0.047513 0.738947 -0.672086 8.985900 -0.045633 0.670538 0.740471 0.175200 0.000000 0.000000 0.000000 1.000000
0.997986 0.063393 0.002352 -2.664500 -0.045638 0.743236 -0.667470 8.985900 -0.044061 0.666019 0.744633 0.175200 0.000000 0.000000 0.000000 1.000000
0.997889 0.064914 0.001840 -2.664500 -0.046678 0.736683 -0.674625 8.985900 -0.045149 0.673116 0.738158 0.175200 0.000000 0.000000 0.000000 1.000000
0.997687 0.067973 0.000864 -2.664500 -0.048631 0.722557 -0.689598 8.985900 -0.047498 0.687961 0.724191 0.175200 0.000000 0.000000 0.000000 1.000000
0.997619 0.068963 0.000026 -2.664500 -0.048922 0.707972 -0.704544 8.985900 -0.048606 0.702865 0.709660 0.175200 0.000000 0.000000 0.000000 1.000000
0.997502 0.070623 -0.001289 -2.664500 -0.050101 0.694548 -0.717700 8.985900 -0.049791 0.715972 0.696352 0.175200 0.000000 0.000000 0.000000 1.000000
0.997301 0.073369 -0.002660 -2.664500 -0.051961 0.679774 -0.731579 8.985900 -0.051867 0.729743 0.681752 0.175200 0.000000 0.000000 0.000000 1.000000
0.997160 0.075220 -0.003800 -2.664500 -0.053434 0.670996 -0.739533 8.985900 -0.053078 0.737636 0.673109 0.175200 0.000000 0.000000 0.000000 1.000000
0.996967 0.077683 -0.004632 -2.664500 -0.055279 0.665025 -0.744772 8.985900 -0.054775 0.742770 0.667303 0.175200 0.000000 0.000000 0.000000 1.000000</float_array>
        <technique_common>
          <accessor source="#mixamorig_RightHandRing1-Matrix-animation-output-transform-array" count="32" stride="16">
            <param type="float4x4"/>
          </accessor>
        </technique_common>
      </source>
      <source id="mixamorig_RightHandRing1-Interpolations">
        <Name_array id="mixamorig_RightHandRing1-Interpolations-array" count="32">
 LINEAR LINEAR LINEAR LINEAR LINEAR LINEAR LINEAR LINEAR LINEAR LINEAR LINEAR
LINEAR LINEAR LINEAR LINEAR LINEAR LINEAR LINEAR LINEAR LINEAR LINEAR LINEAR LINEAR
LINEAR LINEAR LINEAR LINEAR LINEAR LINEAR LINEAR LINEAR LINEAR</Name_array>
        <technique_common>
          <accessor source="#mixamorig_RightHandRing1-Interpolations-array" count="32">
            <param type="name"/>
          </accessor>
        </technique_common>
      </source>
      <sampler id="mixamorig_RightHandRing1-Matrix-animation-transform">
        <input semantic="INPUT" source="#mixamorig_RightHandRing1-Matrix-animation-input"/>
        <input semantic="OUTPUT" source="#mixamorig_RightHandRing1-Matrix-animation-output-transform"/>
        <input semantic="INTERPOLATION" source="#mixamorig_RightHandRing1-Interpolations"/>
      </sampler>
      <channel source="#mixamorig_RightHandRing1-Matrix-animation-transform" target="mixamorig_RightHandRing1/matrix"/>
    </animation>
    <animation id="mixamorig_RightHandRing2-anim" name="mixamorig_RightHandRing2">
      <source id="mixamorig_RightHandRing2-Matrix-animation-input">
        <float_array id="mixamorig_RightHandRing2-Matrix-animation-input-array" count="32">

0.000000 0.033333 0.066667 0.100000 0.133333 0.166667 0.200000 0.233333 0.266667 0.300000 0.333333 0.366667 0.400000 0.433333 0.466667 0.500000
0.533333 0.566667 0.600000 0.633333 0.666667 0.700000 0.733333 0.766667 0.800000 0.833333 0.866667 0.900000 0.933333 0.966667 1.000000 1.033333</float_array>
        <technique_common>
          <accessor source="#mixamorig_RightHandRing2-Matrix-animation-input-array" count="32">
            <param name="TIME" type="float"/>
          </accessor>
        </technique_common>
      </source>
      <source id="mixamorig_RightHandRing2-Matrix-animation-output-transform">
        <float_array id="mixamorig_RightHandRing2-Matrix-animation-output-transform-array" count="512">

0.992417 0.068103 -0.102328 -0.000000 -0.112142 0.160758 -0.980602 3.488800 -0.050332 0.984641 0.167176 0.000000 0.000000 0.000000 0.000000 1.000000
0.992271 0.067823 -0.103912 0.000000 -0.112579 0.139870 -0.983749 3.488800 -0.052187 0.987844 0.146425 0.000000 0.000000 0.000000 0.000000 1.000000
0.992130 0.067495 -0.105463 0.000000 -0.112968 0.119250 -0.986417 3.488800 -0.054001 0.990567 0.125936 -0.000000 0.000000 0.000000 0.000000 1.000000
0.992021 0.067071 -0.106755 0.000000 -0.113123 0.099683 -0.988568 3.488800 -0.055662 0.992756 0.106475 -0.000000 0.000000 0.000000 0.000000 1.000000
0.991897 0.066605 -0.108184 0.000000 -0.113287 0.078301 -0.990472 3.488800 -0.057500 0.994702 0.085212 0.000000 0.000000 0.000000 0.000000 1.000000
0.991746 0.066087 -0.109877 0.000000 -0.113495 0.053744 -0.992084 3.488800 -0.059659 0.996365 0.060801 0.000000 0.000000 0.000000 0.000000 1.000000
0.991621 0.065587 -0.111293 -0.000000 -0.113612 0.032735 -0.992986 3.488800 -0.061483 0.997310 0.039912 -0.000000 0.000000 0.000000 0.000000 1.000000
0.991575 0.065192 -0.111935 -0.000000 -0.113513 0.021000 -0.993315 3.488800 -0.062406 0.997652 0.028223 0.000000 0.000000 0.000000 0.000000 1.000000
0.991546 0.064852 -0.112388 -0.000000 -0.113376 0.011755 -0.993483 3.488800 -0.063108 0.997826 0.019008 0.000000 0.000000 0.000000 0.000000 1.000000
0.991459 0.064463 -0.113373 0.000000 -0.113386 -0.003461 -0.993545 3.488800 -0.064439 0.997914 0.003878 -0.000000 0.000000 0.000000 0.000000 1.000000
0.991397 0.064185 -0.114070 0.000000 -0.113381 -0.014289 -0.993449 3.488800 -0.065394 0.997836 -0.006889 -0.000000 0.000000 0.000000 0.000000 1.000000
0.991387 0.064091 -0.114210 0.000000 -0.113365 -0.016673 -0.993413 3.488800 -0.065573 0.997805 -0.009264 -0.000000 0.000000 0.000000 0.000000 1.000000
0.991353 0.064009 -0.114549 -0.000000 -0.113349 -0.022086 -0.993310 3.488800 -0.066110 0.997705 -0.014639 0.000000 0.000000 0.000000 0.000000 1.000000
0.991326 0.063942 -0.114824 0.000000 -0.113344 -0.026314 -0.993207 3.488800 -0.066529 0.997607 -0.018838 0.000000 0.000000 0.000000 0.000000 1.000000
0.991340 0.063954 -0.114694 0.000000 -0.113364 -0.024069 -0.993262 3.488800 -0.066284 0.997663 -0.016610 -0.000000 0.000000 0.000000 0.000000 1.000000
0.991399 0.064081 -0.114112 -0.000000 -0.113392 -0.014771 -0.993440 3.488800 -0.065346 0.997835 -0.007378 -0.000000 0.000000 0.000000 0.000000 1.000000
0.991482 0.064446 -0.113182 0.000000 -0.113372 -0.000713 -0.993552 3.488800 -0.064111 0.997921 0.006599 0.000000 0.000000 0.000000 0.000000 1.000000
0.991639 0.065340 -0.111276 0.000000 -0.113192 0.026388 -0.993223 3.488800 -0.061961 0.997514 0.033564 0.000000 0.000000 0.000000 0.000000 1.000000
0.991905 0.066767 -0.108011 0.000000 -0.112742 0.071697 -0.991034 3.488800 -0.058424 0.995189 0.078644 0.000000 0.000000 0.000000 0.000000 1.000000
0.992225 0.068033 -0.104218 0.000000 -0.112133 0.125342 -0.985756 3.488800 -0.054001 0.989778 0.131996 -0.000000 0.000000 0.000000 0.000000 1.000000
0.992573 0.068978 -0.100201 0.000000 -0.111270 0.181893 -0.977003 3.488800 -0.049166 0.980896 0.188217 0.000000 0.000000 0.000000 0.000000 1.000000
0.992908 0.069612 -0.096372 0.000000 -0.110206 0.234922 -0.965747 3.488800 -0.044587 0.969518 0.240927 0.000000 0.000000 0.000000 0.000000 1.000000
0.993147 0.069963 -0.093616 0.000000 -0.109330 0.273091 -0.955755 3.488800 -0.041302 0.959441 0.278869 0.000000 0.000000 0.000000 0.000000 1.000000
0.993241 0.070096 -0.092509 0.000000 -0.108977 0.288904 -0.951135 3.488800 -0.039944 0.954788 0.294590 0.000000 0.000000 0.000000 0.000000 1.000000
0.993229 0.070050 -0.092674 0.000000 -0.109047 0.287144 -0.951660 3.488800 -0.040053 0.955323 0.292838 0.000000 0.000000 0.000000 0.000000 1.000000
0.993160 0.069861 -0.093555 0.000000 -0.109380 0.276319 -0.954821 3.488800 -0.040854 0.958523 0.282071 -0.000000 0.000000 0.000000 0.000000 1.000000
0.992991 0.069333 -0.095716 0.000000 -0.110182 0.250061 -0.961940 3.488800 -0.042759 0.965744 0.255948 -0.000000 0.000000 0.000000 0.000000 1.000000
0.992812 0.068749 -0.097973 0.000000 -0.110941 0.221415 -0.968849 3.488800 -0.044914 0.972753 0.227450 -0.000000 0.000000 0.000000 0.000000 1.000000
0.992682 0.068452 -0.099477 0.000000 -0.111361 0.200399 -0.973365 3.488800 -0.046694 0.977320 0.206555 0.000000 0.000000 0.000000 0.000000 1.000000
0.992561 0.068221 -0.100837 0.000000 -0.111760 0.182034 -0.976920 3.488800 -0.048290 0.980923 0.188305 0.000000 0.000000 0.000000 0.000000 1.000000
0.992472 0.068144 -0.101762 -0.000000 -0.112038 0.169600 -0.979124 3.488800 -0.049463 0.983154 0.175959 0.000000 0.000000 0.000000 0.000000 1.000000
0.992406 0.068191 -0.102370 0.000000 -0.112197 0.160755 -0.980597 3.488800 -0.050411 0.984636 0.167185 0.000000 0.000000 0.000000 0.000000 1.000000</float_array>
        <technique_common>
          <accessor source="#mixamorig_RightHandRing2-Matrix-animation-output-transform-array" count="32" stride="16">
            <param type="float4x4"/>
          </accessor>
        </technique_common>
      </source>
      <source id="mixamorig_RightHandRing2-Interpolations">
        <Name_array id="mixamorig_RightHandRing2-Interpolations-array" count="32">
 LINEAR LINEAR LINEAR LINEAR LINEAR LINEAR LINEAR LINEAR LINEAR LINEAR LINEAR
LINEAR LINEAR LINEAR LINEAR LINEAR LINEAR LINEAR LINEAR LINEAR LINEAR LINEAR LINEAR
LINEAR LINEAR LINEAR LINEAR LINEAR LINEAR LINEAR LINEAR LINEAR</Name_array>
        <technique_common>
          <accessor source="#mixamorig_RightHandRing2-Interpolations-array" count="32">
            <param type="name"/>
          </accessor>
        </technique_common>
      </source>
      <sampler id="mixamorig_RightHandRing2-Matrix-animation-transform">
        <input semantic="INPUT" source="#mixamorig_RightHandRing2-Matrix-animation-input"/>
        <input semantic="OUTPUT" source="#mixamorig_RightHandRing2-Matrix-animation-output-transform"/>
        <input semantic="INTERPOLATION" source="#mixamorig_RightHandRing2-Interpolations"/>
      </sampler>
      <channel source="#mixamorig_RightHandRing2-Matrix-animation-transform" target="mixamorig_RightHandRing2/matrix"/>
    </animation>
    <animation id="mixamorig_RightHandRing3-anim" name="mixamorig_RightHandRing3">
      <source id="mixamorig_RightHandRing3-Matrix-animation-input">
        <float_array id="mixamorig_RightHandRing3-Matrix-animation-input-array" count="32">

0.000000 0.033333 0.066667 0.100000 0.133333 0.166667 0.200000 0.233333 0.266667 0.300000 0.333333 0.366667 0.400000 0.433333 0.466667 0.500000
0.533333 0.566667 0.600000 0.633333 0.666667 0.700000 0.733333 0.766667 0.800000 0.833333 0.866667 0.900000 0.933333 0.966667 1.000000 1.033333</float_array>
        <technique_common>
          <accessor source="#mixamorig_RightHandRing3-Matrix-animation-input-array" count="32">
            <param name="TIME" type="float"/>
          </accessor>
        </technique_common>
      </source>
      <source id="mixamorig_RightHandRing3-Matrix-animation-output-transform">
        <float_array id="mixamorig_RightHandRing3-Matrix-animation-output-transform-array" count="512">

1.000000 -0.000000 0.000000 0.000000 0.000000 1.000000 -0.000000 3.511900 0.000000 0.000000 1.000000 -0.000000 0.000000 0.000000 0.000000 1.000000
1.000000 -0.000000 0.000000 -0.000000 0.000000 1.000000 -0.000000 3.511900 -0.000000 0.000000 1.000000 -0.000000 0.000000 0.000000 0.000000 1.000000
1.000000 -0.000000 0.000000 0.000000 0.000000 1.000000 -0.000000 3.511900 -0.000000 0.000000 1.000000 0.000000 0.000000 0.000000 0.000000 1.000000
1.000000 -0.000000 0.000000 0.000000 0.000000 1.000000 -0.000000 3.511900 -0.000000 0.000000 1.000000 -0.000000 0.000000 0.000000 0.000000 1.000000
1.000000 -0.000000 0.000000 0.000000 0.000000 1.000000 -0.000000 3.511900 -0.000000 0.000000 1.000000 0.000000 0.000000 0.000000 0.000000 1.000000
1.000000 -0.000000 0.000000 -0.000000 0.000000 1.000000 -0.000000 3.511900 0.000000 0.000000 1.000000 -0.000000 0.000000 0.000000 0.000000 1.000000
1.000000 -0.000000 0.000000 0.000000 0.000000 1.000000 -0.000000 3.511900 0.000000 0.000000 1.000000 0.000000 0.000000 0.000000 0.000000 1.000000
1.000000 -0.000000 0.000000 -0.000000 0.000000 1.000000 -0.000000 3.511900 -0.000000 0.000000 1.000000 0.000000 0.000000 0.000000 0.000000 1.000000
1.000000 0.000000 0.000000 0.000000 -0.000000 1.000000 0.000000 3.511900 -0.000000 -0.000000 1.000000 0.000000 0.000000 0.000000 0.000000 1.000000
1.000000 0.000000 -0.000000 0.000000 -0.000000 1.000000 -0.000000 3.511900 0.000000 0.000000 1.000000 0.000000 0.000000 0.000000 0.000000 1.000000
1.000000 0.000000 -0.000000 0.000000 -0.000000 1.000000 0.000000 3.511900 0.000000 -0.000000 1.000000 -0.000000 0.000000 0.000000 0.000000 1.000000
1.000000 0.000000 0.000000 -0.000000 -0.000000 1.000000 -0.000000 3.511900 -0.000000 0.000000 1.000000 -0.000000 0.000000 0.000000 0.000000 1.000000
1.000000 0.000000 0.000000 0.000000 -0.000000 1.000000 0.000000 3.511900 -0.000000 -0.000000 1.000000 -0.000000 0.000000 0.000000 0.000000 1.000000
1.000000 -0.000000 0.000000 -0.000000 0.000000 1.000000 -0.000000 3.511900 -0.000000 0.000000 1.000000 0.000000 0.000000 0.000000 0.000000 1.000000
1.000000 -0.000000 -0.000000 0.000000 0.000000 1.000000 -0.000000 3.511900 0.000000 0.000000 1.000000 0.000000 0.000000 0.000000 0.000000 1.000000
1.000000 -0.000000 -0.000000 -0.000000 0.000000 1.000000 -0.000000 3.511900 0.000000 0.000000 1.000000 0.000000 0.000000 0.000000 0.000000 1.000000
1.000000 -0.000000 0.000000 0.000000 0.000000 1.000000 -0.000000 3.511900 -0.000000 0.000000 1.000000 -0.000000 0.000000 0.000000 0.000000 1.000000
1.000000 -0.000000 0.000000 0.000000 0.000000 1.000000 -0.000000 3.511900 0.000000 0.000000 1.000000 0.000000 0.000000 0.000000 0.000000 1.000000
1.000000 -0.000000 -0.000000 0.000000 0.000000 1.000000 -0.000000 3.511900 -0.000000 0.000000 1.000000 -0.000000 0.000000 0.000000 0.000000 1.000000
1.000000 -0.000000 0.000000 0.000000 0.000000 1.000000 -0.000000 3.511900 0.000000 0.000000 1.000000 0.000000 0.000000 0.000000 0.000000 1.000000
1.000000 -0.000000 -0.000000 0.000000 0.000000 1.000000 -0.000000 3.511900 0.000000 0.000000 1.000000 0.000000 0.000000 0.000000 0.000000 1.000000
1.000000 -0.000000 0.000000 0.000000 0.000000 1.000000 -0.000000 3.511900 -0.000000 0.000000 1.000000 0.000000 0.000000 0.000000 0.000000 1.000000
1.000000 -0.000000 0.000000 0.000000 0.000000 1.000000 -0.000000 3.511900 -0.000000 0.000000 1.000000 0.000000 0.000000 0.000000 0.000000 1.000000
1.000000 -0.000000 0.000000 0.000000 0.000000 1.000000 -0.000000 3.511900 0.000000 0.000000 1.000000 -0.000000 0.000000 0.000000 0.000000 1.000000
1.000000 -0.000000 0.000000 0.000000 0.000000 1.000000 -0.000000 3.511900 -0.000000 0.000000 1.000000 0.000000 0.000000 0.000000 0.000000 1.000000
1.000000 -0.000000 0.000000 -0.000000 0.000000 1.000000 -0.000000 3.511900 -0.000000 0.000000 1.000000 0.000000 0.000000 0.000000 0.000000 1.000000
1.000000 -0.000000 -0.000000 0.000000 0.000000 1.000000 -0.000000 3.511900 0.000000 0.000000 1.000000 0.000000 0.000000 0.000000 0.000000 1.000000
1.000000 0.000000 -0.000000 0.000000 -0.000000 1.000000 0.000000 3.511900 0.000000 -0.000000 1.000000 0.000000 0.000000 0.000000 0.000000 1.000000
1.000000 -0.000000 0.000000 0.000000 0.000000 1.000000 -0.000000 3.511900 0.000000 0.000000 1.000000 -0.000000 0.000000 0.000000 0.000000 1.000000
1.000000 -0.000000 0.000000 -0.000000 0.000000 1.000000 -0.000000 3.511900 -0.000000 0.000000 1.000000 0.000000 0.000000 0.000000 0.000000 1.000000
1.000000 0.000000 -0.000000 -0.000000 -0.000000 1.000000 0.000000 3.511900 0.000000 -0.000000 1.000000 -0.000000 0.000000 0.000000 0.000000 1.000000
1.000000 -0.000000 -0.000000 -0.000000 0.000000 1.000000 -0.000000 3.511900 0.000000 0.000000 1.000000 0.000000 0.000000 0.000000 0.000000 1.000000</float_array>
        <technique_common>
          <accessor source="#mixamorig_RightHandRing3-Matrix-animation-output-transform-array" count="32" stride="16">
            <param type="float4x4"/>
          </accessor>
        </technique_common>
      </source>
      <source id="mixamorig_RightHandRing3-Interpolations">
        <Name_array id="mixamorig_RightHandRing3-Interpolations-array" count="32">
 LINEAR LINEAR LINEAR LINEAR LINEAR LINEAR LINEAR LINEAR LINEAR LINEAR LINEAR
LINEAR LINEAR LINEAR LINEAR LINEAR LINEAR LINEAR LINEAR LINEAR LINEAR LINEAR LINEAR
LINEAR LINEAR LINEAR LINEAR LINEAR LINEAR LINEAR LINEAR LINEAR</Name_array>
        <technique_common>
          <accessor source="#mixamorig_RightHandRing3-Interpolations-array" count="32">
            <param type="name"/>
          </accessor>
        </technique_common>
      </source>
      <sampler id="mixamorig_RightHandRing3-Matrix-animation-transform">
        <input semantic="INPUT" source="#mixamorig_RightHandRing3-Matrix-animation-input"/>
        <input semantic="OUTPUT" source="#mixamorig_RightHandRing3-Matrix-animation-output-transform"/>
        <input semantic="INTERPOLATION" source="#mixamorig_RightHandRing3-Interpolations"/>
      </sampler>
      <channel source="#mixamorig_RightHandRing3-Matrix-animation-transform" target="mixamorig_RightHandRing3/matrix"/>
    </animation>
    <animation id="mixamorig_RightHandPinky1-anim" name="mixamorig_RightHandPinky1">
      <source id="mixamorig_RightHandPinky1-Matrix-animation-input">
        <float_array id="mixamorig_RightHandPinky1-Matrix-animation-input-array" count="32">

0.000000 0.033333 0.066667 0.100000 0.133333 0.166667 0.200000 0.233333 0.266667 0.300000 0.333333 0.366667 0.400000 0.433333 0.466667 0.500000
0.533333 0.566667 0.600000 0.633333 0.666667 0.700000 0.733333 0.766667 0.800000 0.833333 0.866667 0.900000 0.933333 0.966667 1.000000 1.033333</float_array>
        <technique_common>
          <accessor source="#mixamorig_RightHandPinky1-Matrix-animation-input-array" count="32">
            <param name="TIME" type="float"/>
          </accessor>
        </technique_common>
      </source>
      <source id="mixamorig_RightHandPinky1-Matrix-animation-output-transform">
        <float_array id="mixamorig_RightHandPinky1-Matrix-animation-output-transform-array" count="512">

0.992123 0.118954 -0.039265 -4.366800 -0.112388 0.706829 -0.698399 7.803100 -0.055324 0.697311 0.714631 0.191600 0.000000 0.000000 0.000000 1.000000
0.991566 0.122607 -0.041998 -4.366800 -0.115745 0.691980 -0.712578 7.803100 -0.058306 0.711429 0.700335 0.191600 0.000000 0.000000 0.000000 1.000000
0.991242 0.124320 -0.044542 -4.366800 -0.117641 0.678038 -0.725551 7.803100 -0.059999 0.724437 0.686725 0.191600 0.000000 0.000000 0.000000 1.000000
0.990811 0.126596 -0.047611 -4.366800 -0.120436 0.665597 -0.736530 7.803100 -0.061552 0.735496 0.674728 0.191600 0.000000 0.000000 0.000000 1.000000
0.990225 0.129782 -0.051097 -4.366800 -0.124111 0.652710 -0.747373 7.803100 -0.063644 0.746409 0.662437 0.191600 0.000000 0.000000 0.000000 1.000000
0.989536 0.133503 -0.054735 -4.366800 -0.128087 0.638118 -0.759210 7.803100 -0.066429 0.758276 0.648540 0.191600 0.000000 0.000000 0.000000 1.000000
0.988878 0.136934 -0.058045 -4.366800 -0.131348 0.620983 -0.772741 7.803100 -0.069769 0.771770 0.632062 0.191600 0.000000 0.000000 0.000000 1.000000
0.988506 0.138530 -0.060540 -4.366800 -0.132865 0.605000 -0.785061 7.803100 -0.072127 0.784082 0.616452 0.191600 0.000000 0.000000 0.000000 1.000000
0.988685 0.136697 -0.061765 -4.366800 -0.132196 0.599431 -0.789434 7.803100 -0.070889 0.788667 0.610720 0.191600 0.000000 0.000000 0.000000 1.000000
0.988725 0.135860 -0.062971 -4.366800 -0.132251 0.595014 -0.792759 7.803100 -0.070236 0.792149 0.606273 0.191600 0.000000 0.000000 0.000000 1.000000
0.988866 0.134671 -0.063309 -4.366800 -0.131290 0.589279 -0.797191 7.803100 -0.070052 0.796627 0.600399 0.191600 0.000000 0.000000 0.000000 1.000000
0.989530 0.130345 -0.061969 -4.366800 -0.127211 0.584884 -0.801079 7.803100 -0.068172 0.800575 0.595342 0.191600 0.000000 0.000000 0.000000 1.000000
0.989824 0.128437 -0.061249 -4.366800 -0.124850 0.577414 -0.806849 7.803100 -0.068264 0.806286 0.587574 0.191600 0.000000 0.000000 0.000000 1.000000
0.990131 0.126523 -0.060264 -4.366800 -0.122481 0.572278 -0.810861 7.803100 -0.068105 0.810240 0.582128 0.191600 0.000000 0.000000 0.000000 1.000000
0.990405 0.124863 -0.059221 -4.366800 -0.120688 0.572722 -0.810817 7.803100 -0.067324 0.810184 0.582297 0.191600 0.000000 0.000000 0.000000 1.000000
0.990360 0.125428 -0.058771 -4.366800 -0.120980 0.576651 -0.807984 7.803100 -0.067454 0.807305 0.586266 0.191600 0.000000 0.000000 0.000000 1.000000
0.990038 0.128044 -0.058558 -4.366800 -0.122897 0.582919 -0.803183 7.803100 -0.068708 0.802378 0.592848 0.191600 0.000000 0.000000 0.000000 1.000000
0.990198 0.127728 -0.056508 -4.366800 -0.122231 0.596722 -0.793084 7.803100 -0.067580 0.792218 0.606485 0.191600 0.000000 0.000000 0.000000 1.000000
0.991104 0.122557 -0.051884 -4.366800 -0.117876 0.627390 -0.769731 7.803100 -0.061785 0.769000 0.636256 0.191600 0.000000 0.000000 0.000000 1.000000
0.991936 0.118069 -0.046078 -4.366800 -0.113603 0.667085 -0.736269 7.803100 -0.056193 0.735566 0.675118 0.191600 0.000000 0.000000 0.000000 1.000000
0.992590 0.114700 -0.040110 -4.366800 -0.110004 0.708015 -0.697577 7.803100 -0.051613 0.696820 0.715386 0.191600 0.000000 0.000000 0.000000 1.000000
0.993246 0.110783 -0.034499 -4.366800 -0.105863 0.743515 -0.660287 7.803100 -0.047498 0.659479 0.750221 0.191600 0.000000 0.000000 0.000000 1.000000
0.993800 0.106956 -0.030380 -4.366800 -0.101937 0.767347 -0.633077 7.803100 -0.044400 0.632249 0.773492 0.191600 0.000000 0.000000 0.000000 1.000000
0.994270 0.103153 -0.028063 -4.366800 -0.098029 0.775043 -0.624259 7.803100 -0.042644 0.623432 0.780714 0.191600 0.000000 0.000000 0.000000 1.000000
0.994827 0.097895 -0.027118 -4.366800 -0.093536 0.778664 -0.620430 7.803100 -0.039621 0.619757 0.783793 0.191600 0.000000 0.000000 0.000000 1.000000
0.994358 0.102243 -0.028245 -4.366800 -0.097157 0.771041 -0.629330 7.803100 -0.042567 0.628524 0.776625 0.191600 0.000000 0.000000 0.000000 1.000000
0.993849 0.106523 -0.030267 -4.366800 -0.101159 0.762088 -0.639522 7.803100 -0.045058 0.638651 0.768176 0.191600 0.000000 0.000000 0.000000 1.000000
0.993930 0.105338 -0.031731 -4.366800 -0.100484 0.751840 -0.651644 7.803100 -0.044786 0.650877 0.757861 0.191600 0.000000 0.000000 0.000000 1.000000
0.994004 0.104219 -0.033082 -4.366800 -0.099629 0.738577 -0.666767 7.803100 -0.045057 0.666065 0.744532 0.191600 0.000000 0.000000 0.000000 1.000000
0.993474 0.108471 -0.035272 -4.366800 -0.103170 0.722686 -0.683434 7.803100 -0.048642 0.682612 0.729160 0.191600 0.000000 0.000000 0.000000 1.000000
0.992930 0.112683 -0.037306 -4.366800 -0.106872 0.711953 -0.694046 7.803100 -0.051647 0.693127 0.718963 0.191600 0.000000 0.000000 0.000000 1.000000
0.992123 0.118954 -0.039265 -4.366800 -0.112388 0.706829 -0.698399 7.803100 -0.055324 0.697311 0.714630 0.191600 0.000000 0.000000 0.000000 1.000000</float_array>
        <technique_common>
          <accessor source="#mixamorig_RightHandPinky1-Matrix-animation-output-transform-array" count="32" stride="16">
            <param type="float4x4"/>
          </accessor>
        </technique_common>
      </source>
      <source id="mixamorig_RightHandPinky1-Interpolations">
        <Name_array id="mixamorig_RightHandPinky1-Interpolations-array" count="32">
 LINEAR LINEAR LINEAR LINEAR LINEAR LINEAR LINEAR LINEAR LINEAR LINEAR LINEAR
LINEAR LINEAR LINEAR LINEAR LINEAR LINEAR LINEAR LINEAR LINEAR LINEAR LINEAR LINEAR
LINEAR LINEAR LINEAR LINEAR LINEAR LINEAR LINEAR LINEAR LINEAR</Name_array>
        <technique_common>
          <accessor source="#mixamorig_RightHandPinky1-Interpolations-array" count="32">
            <param type="name"/>
          </accessor>
        </technique_common>
      </source>
      <sampler id="mixamorig_RightHandPinky1-Matrix-animation-transform">
        <input semantic="INPUT" source="#mixamorig_RightHandPinky1-Matrix-animation-input"/>
        <input semantic="OUTPUT" source="#mixamorig_RightHandPinky1-Matrix-animation-output-transform"/>
        <input semantic="INTERPOLATION" source="#mixamorig_RightHandPinky1-Interpolations"/>
      </sampler>
      <channel source="#mixamorig_RightHandPinky1-Matrix-animation-transform" target="mixamorig_RightHandPinky1/matrix"/>
    </animation>
    <animation id="mixamorig_RightHandPinky2-anim" name="mixamorig_RightHandPinky2">
      <source id="mixamorig_RightHandPinky2-Matrix-animation-input">
        <float_array id="mixamorig_RightHandPinky2-Matrix-animation-input-array" count="32">

0.000000 0.033333 0.066667 0.100000 0.133333 0.166667 0.200000 0.233333 0.266667 0.300000 0.333333 0.366667 0.400000 0.433333 0.466667 0.500000
0.533333 0.566667 0.600000 0.633333 0.666667 0.700000 0.733333 0.766667 0.800000 0.833333 0.866667 0.900000 0.933333 0.966667 1.000000 1.033333</float_array>
        <technique_common>
          <accessor source="#mixamorig_RightHandPinky2-Matrix-animation-input-array" count="32">
            <param name="TIME" type="float"/>
          </accessor>
        </technique_common>
      </source>
      <source id="mixamorig_RightHandPinky2-Matrix-animation-output-transform">
        <float_array id="mixamorig_RightHandPinky2-Matrix-animation-output-transform-array" count="512">

0.982067 0.063709 -0.177443 0.000000 -0.180409 0.044247 -0.982596 3.218900 -0.054749 0.996987 0.054947 0.000000 0.000000 0.000000 0.000000 1.000000
0.981914 0.061218 -0.179157 0.000000 -0.180747 0.021465 -0.983295 3.218900 -0.056350 0.997894 0.032141 -0.000000 0.000000 0.000000 0.000000 1.000000
0.981756 0.058458 -0.180938 0.000000 -0.181071 -0.003063 -0.983465 3.218900 -0.058045 0.998285 0.007578 0.000000 0.000000 0.000000 0.000000 1.000000
0.981653 0.056128 -0.182229 0.000000 -0.181123 -0.024247 -0.983162 3.218900 -0.059601 0.998129 -0.013636 -0.000000 0.000000 0.000000 0.000000 1.000000
0.981508 0.053249 -0.183864 -0.000000 -0.181328 -0.049125 -0.982195 3.218900 -0.061333 0.997372 -0.038561 -0.000000 0.000000 0.000000 0.000000 1.000000
0.981354 0.050180 -0.185546 0.000000 -0.181554 -0.074975 -0.980519 3.218900 -0.063114 0.995922 -0.064467 0.000000 0.000000 0.000000 0.000000 1.000000
0.981290 0.048193 -0.186406 0.000000 -0.181411 -0.092885 -0.979011 3.218900 -0.064496 0.994510 -0.082404 0.000000 0.000000 0.000000 0.000000 1.000000
0.981244 0.046504 -0.187078 0.000000 -0.181230 -0.108213 -0.977469 3.218900 -0.065701 0.993039 -0.097755 0.000000 0.000000 0.000000 0.000000 1.000000
0.981220 0.045236 -0.187511 0.000000 -0.181036 -0.119576 -0.976180 3.218900 -0.066580 0.991794 -0.109141 0.000000 0.000000 0.000000 0.000000 1.000000
0.981182 0.044047 -0.187995 0.000000 -0.180897 -0.130753 -0.974772 3.218900 -0.067517 0.990436 -0.120325 0.000000 0.000000 0.000000 0.000000 1.000000
0.981168 0.043374 -0.188224 -0.000000 -0.180739 -0.137594 -0.973859 3.218900 -0.068139 0.989539 -0.127163 0.000000 0.000000 0.000000 0.000000 1.000000
0.981205 0.043494 -0.188001 0.000000 -0.180440 -0.138499 -0.973786 3.218900 -0.068391 0.989407 -0.128048 0.000000 0.000000 0.000000 0.000000 1.000000
0.981247 0.043782 -0.187716 -0.000000 -0.180163 -0.137890 -0.973924 3.218900 -0.068524 0.989479 -0.127416 0.000000 0.000000 0.000000 0.000000 1.000000
0.981267 0.043954 -0.187574 -0.000000 -0.180039 -0.137316 -0.974028 3.218900 -0.068569 0.989552 -0.126830 0.000000 0.000000 0.000000 0.000000 1.000000
0.981325 0.044828 -0.187061 -0.000000 -0.179887 -0.130571 -0.974983 3.218900 -0.068131 0.990425 -0.120069 -0.000000 0.000000 0.000000 0.000000 1.000000
0.981346 0.045603 -0.186763 -0.000000 -0.179933 -0.124257 -0.975799 3.218900 -0.067706 0.991202 -0.113734 0.000000 0.000000 0.000000 0.000000 1.000000
0.981398 0.047084 -0.186121 -0.000000 -0.179976 -0.111843 -0.977292 3.218900 -0.066831 0.992610 -0.101289 -0.000000 0.000000 0.000000 0.000000 1.000000
0.981540 0.049984 -0.184610 -0.000000 -0.179788 -0.088082 -0.979754 3.218900 -0.065233 0.994858 -0.077470 -0.000000 0.000000 0.000000 0.000000 1.000000
0.981796 0.054705 -0.181891 0.000000 -0.179324 -0.048705 -0.982584 3.218900 -0.062611 0.997314 -0.038009 0.000000 0.000000 0.000000 0.000000 1.000000
0.982046 0.059925 -0.178869 0.000000 -0.179143 -0.000802 -0.983823 3.218900 -0.059099 0.998203 0.009947 0.000000 0.000000 0.000000 0.000000 1.000000
0.982375 0.065887 -0.174923 0.000000 -0.178669 0.056001 -0.982314 3.218900 -0.054926 0.996254 0.066786 0.000000 0.000000 0.000000 0.000000 1.000000
0.982720 0.071460 -0.170748 0.000000 -0.177952 0.110878 -0.977773 3.218900 -0.050939 0.991262 0.121678 0.000000 0.000000 0.000000 0.000000 1.000000
0.982929 0.075110 -0.167953 -0.000000 -0.177584 0.148669 -0.972811 3.218900 -0.048099 0.986030 0.159469 0.000000 0.000000 0.000000 0.000000 1.000000
0.982956 0.076271 -0.167271 0.000000 -0.177784 0.162788 -0.970512 3.218900 -0.046793 0.983709 0.173573 0.000000 0.000000 0.000000 0.000000 1.000000
0.982947 0.076219 -0.167351 0.000000 -0.177860 0.162896 -0.970480 3.218900 -0.046708 0.983695 0.173675 0.000000 0.000000 0.000000 0.000000 1.000000
0.982825 0.074946 -0.168639 -0.000000 -0.178347 0.150940 -0.972322 3.218900 -0.047417 0.985698 0.161714 0.000000 0.000000 0.000000 0.000000 1.000000
0.982624 0.072662 -0.170796 0.000000 -0.179093 0.129479 -0.975275 3.218900 -0.048751 0.988916 0.140242 0.000000 0.000000 0.000000 0.000000 1.000000
0.982464 0.070455 -0.172626 -0.000000 -0.179542 0.107806 -0.977825 3.218900 -0.050282 0.991672 0.118565 0.000000 0.000000 0.000000 0.000000 1.000000
0.982282 0.067914 -0.174672 0.000000 -0.180040 0.083161 -0.980138 3.218900 -0.052040 0.994219 0.093915 0.000000 0.000000 0.000000 0.000000 1.000000
0.982191 0.066189 -0.175842 0.000000 -0.180135 0.065670 -0.981447 3.218900 -0.053413 0.995644 0.076424 0.000000 0.000000 0.000000 0.000000 1.000000
0.982132 0.064948 -0.176628 -0.000000 -0.180172 0.053462 -0.982181 3.218900 -0.054348 0.996455 0.064209 0.000000 0.000000 0.000000 0.000000 1.000000
0.982067 0.063709 -0.177442 0.000000 -0.180408 0.044246 -0.982596 3.218900 -0.054749 0.996987 0.054947 0.000000 0.000000 0.000000 0.000000 1.000000</float_array>
        <technique_common>
          <accessor source="#mixamorig_RightHandPinky2-Matrix-animation-output-transform-array" count="32" stride="16">
            <param type="float4x4"/>
          </accessor>
        </technique_common>
      </source>
      <source id="mixamorig_RightHandPinky2-Interpolations">
        <Name_array id="mixamorig_RightHandPinky2-Interpolations-array" count="32">
 LINEAR LINEAR LINEAR LINEAR LINEAR LINEAR LINEAR LINEAR LINEAR LINEAR LINEAR
LINEAR LINEAR LINEAR LINEAR LINEAR LINEAR LINEAR LINEAR LINEAR LINEAR LINEAR LINEAR
LINEAR LINEAR LINEAR LINEAR LINEAR LINEAR LINEAR LINEAR LINEAR</Name_array>
        <technique_common>
          <accessor source="#mixamorig_RightHandPinky2-Interpolations-array" count="32">
            <param type="name"/>
          </accessor>
        </technique_common>
      </source>
      <sampler id="mixamorig_RightHandPinky2-Matrix-animation-transform">
        <input semantic="INPUT" source="#mixamorig_RightHandPinky2-Matrix-animation-input"/>
        <input semantic="OUTPUT" source="#mixamorig_RightHandPinky2-Matrix-animation-output-transform"/>
        <input semantic="INTERPOLATION" source="#mixamorig_RightHandPinky2-Interpolations"/>
      </sampler>
      <channel source="#mixamorig_RightHandPinky2-Matrix-animation-transform" target="mixamorig_RightHandPinky2/matrix"/>
    </animation>
    <animation id="mixamorig_RightHandPinky3-anim" name="mixamorig_RightHandPinky3">
      <source id="mixamorig_RightHandPinky3-Matrix-animation-input">
        <float_array id="mixamorig_RightHandPinky3-Matrix-animation-input-array" count="32">

0.000000 0.033333 0.066667 0.100000 0.133333 0.166667 0.200000 0.233333 0.266667 0.300000 0.333333 0.366667 0.400000 0.433333 0.466667 0.500000
0.533333 0.566667 0.600000 0.633333 0.666667 0.700000 0.733333 0.766667 0.800000 0.833333 0.866667 0.900000 0.933333 0.966667 1.000000 1.033333</float_array>
        <technique_common>
          <accessor source="#mixamorig_RightHandPinky3-Matrix-animation-input-array" count="32">
            <param name="TIME" type="float"/>
          </accessor>
        </technique_common>
      </source>
      <source id="mixamorig_RightHandPinky3-Matrix-animation-output-transform">
        <float_array id="mixamorig_RightHandPinky3-Matrix-animation-output-transform-array" count="512">

1.000000 0.000000 -0.000000 0.000000 -0.000000 1.000000 0.000000 2.622400 0.000000 -0.000000 1.000000 0.000000 0.000000 0.000000 0.000000 1.000000
1.000000 0.000000 0.000000 0.000000 -0.000000 1.000000 0.000000 2.622400 0.000000 -0.000000 1.000000 0.000000 0.000000 0.000000 0.000000 1.000000
1.000000 0.000000 0.000000 0.000000 -0.000000 1.000000 0.000000 2.622400 0.000000 -0.000000 1.000000 0.000000 0.000000 0.000000 0.000000 1.000000
1.000000 0.000000 0.000000 0.000000 -0.000000 1.000000 0.000000 2.622400 -0.000000 -0.000000 1.000000 -0.000000 0.000000 0.000000 0.000000 1.000000
1.000000 0.000000 0.000000 0.000000 -0.000000 1.000000 -0.000000 2.622400 -0.000000 0.000000 1.000000 0.000000 0.000000 0.000000 0.000000 1.000000
1.000000 0.000000 -0.000000 -0.000000 -0.000000 1.000000 0.000000 2.622400 0.000000 -0.000000 1.000000 0.000000 0.000000 0.000000 0.000000 1.000000
1.000000 0.000000 0.000000 0.000000 -0.000000 1.000000 0.000000 2.622400 0.000000 -0.000000 1.000000 0.000000 0.000000 0.000000 0.000000 1.000000
1.000000 0.000000 0.000000 0.000000 -0.000000 1.000000 -0.000000 2.622400 -0.000000 0.000000 1.000000 0.000000 0.000000 0.000000 0.000000 1.000000
1.000000 0.000000 0.000000 0.000000 -0.000000 1.000000 0.000000 2.622400 -0.000000 -0.000000 1.000000 0.000000 0.000000 0.000000 0.000000 1.000000
1.000000 0.000000 0.000000 0.000000 -0.000000 1.000000 -0.000000 2.622400 -0.000000 0.000000 1.000000 0.000000 0.000000 0.000000 0.000000 1.000000
1.000000 0.000000 -0.000000 0.000000 -0.000000 1.000000 0.000000 2.622400 0.000000 -0.000000 1.000000 -0.000000 0.000000 0.000000 0.000000 1.000000
1.000000 0.000000 0.000000 -0.000000 -0.000000 1.000000 0.000000 2.622400 -0.000000 -0.000000 1.000000 -0.000000 0.000000 0.000000 0.000000 1.000000
1.000000 0.000000 -0.000000 0.000000 -0.000000 1.000000 0.000000 2.622400 0.000000 -0.000000 1.000000 0.000000 0.000000 0.000000 0.000000 1.000000
1.000000 -0.000000 0.000000 0.000000 0.000000 1.000000 -0.000000 2.622400 -0.000000 0.000000 1.000000 0.000000 0.000000 0.000000 0.000000 1.000000
1.000000 0.000000 -0.000000 0.000000 -0.000000 1.000000 0.000000 2.622400 0.000000 -0.000000 1.000000 0.000000 0.000000 0.000000 0.000000 1.000000
1.000000 0.000000 -0.000000 0.000000 -0.000000 1.000000 -0.000000 2.622400 0.000000 0.000000 1.000000 0.000000 0.000000 0.000000 0.000000 1.000000
1.000000 0.000000 0.000000 -0.000000 -0.000000 1.000000 0.000000 2.622400 0.000000 -0.000000 1.000000 0.000000 0.000000 0.000000 0.000000 1.000000
1.000000 -0.000000 0.000000 0.000000 0.000000 1.000000 0.000000 2.622400 -0.000000 -0.000000 1.000000 -0.000000 0.000000 0.000000 0.000000 1.000000
1.000000 0.000000 0.000000 0.000000 -0.000000 1.000000 0.000000 2.622400 0.000000 -0.000000 1.000000 0.000000 0.000000 0.000000 0.000000 1.000000
1.000000 0.000000 -0.000000 -0.000000 -0.000000 1.000000 0.000000 2.622400 0.000000 -0.000000 1.000000 0.000000 0.000000 0.000000 0.000000 1.000000
1.000000 0.000000 0.000000 0.000000 -0.000000 1.000000 0.000000 2.622400 0.000000 -0.000000 1.000000 0.000000 0.000000 0.000000 0.000000 1.000000
1.000000 0.000000 0.000000 -0.000000 -0.000000 1.000000 0.000000 2.622400 0.000000 -0.000000 1.000000 -0.000000 0.000000 0.000000 0.000000 1.000000
1.000000 0.000000 0.000000 0.000000 -0.000000 1.000000 0.000000 2.622400 0.000000 -0.000000 1.000000 0.000000 0.000000 0.000000 0.000000 1.000000
1.000000 0.000000 0.000000 0.000000 -0.000000 1.000000 0.000000 2.622400 0.000000 -0.000000 1.000000 0.000000 0.000000 0.000000 0.000000 1.000000
1.000000 0.000000 0.000000 0.000000 -0.000000 1.000000 0.000000 2.622400 0.000000 -0.000000 1.000000 0.000000 0.000000 0.000000 0.000000 1.000000
1.000000 0.000000 0.000000 0.000000 -0.000000 1.000000 0.000000 2.622400 -0.000000 -0.000000 1.000000 0.000000 0.000000 0.000000 0.000000 1.000000
1.000000 0.000000 0.000000 0.000000 -0.000000 1.000000 0.000000 2.622400 -0.000000 -0.000000 1.000000 0.000000 0.000000 0.000000 0.000000 1.000000
1.000000 0.000000 0.000000 0.000000 -0.000000 1.000000 0.000000 2.622400 -0.000000 -0.000000 1.000000 0.000000 0.000000 0.000000 0.000000 1.000000
1.000000 -0.000000 0.000000 0.000000 0.000000 1.000000 0.000000 2.622400 -0.000000 -0.000000 1.000000 0.000000 0.000000 0.000000 0.000000 1.000000
1.000000 0.000000 0.000000 0.000000 -0.000000 1.000000 0.000000 2.622400 -0.000000 -0.000000 1.000000 0.000000 0.000000 0.000000 0.000000 1.000000
1.000000 -0.000000 0.000000 -0.000000 0.000000 1.000000 0.000000 2.622400 -0.000000 -0.000000 1.000000 0.000000 0.000000 0.000000 0.000000 1.000000
1.000000 0.000000 -0.000000 0.000000 -0.000000 1.000000 0.000000 2.622400 0.000000 -0.000000 1.000000 0.000000 0.000000 0.000000 0.000000 1.000000</float_array>
        <technique_common>
          <accessor source="#mixamorig_RightHandPinky3-Matrix-animation-output-transform-array" count="32" stride="16">
            <param type="float4x4"/>
          </accessor>
        </technique_common>
      </source>
      <source id="mixamorig_RightHandPinky3-Interpolations">
        <Name_array id="mixamorig_RightHandPinky3-Interpolations-array" count="32">
 LINEAR LINEAR LINEAR LINEAR LINEAR LINEAR LINEAR LINEAR LINEAR LINEAR LINEAR
LINEAR LINEAR LINEAR LINEAR LINEAR LINEAR LINEAR LINEAR LINEAR LINEAR LINEAR LINEAR
LINEAR LINEAR LINEAR LINEAR LINEAR LINEAR LINEAR LINEAR LINEAR</Name_array>
        <technique_common>
          <accessor source="#mixamorig_RightHandPinky3-Interpolations-array" count="32">
            <param type="name"/>
          </accessor>
        </technique_common>
      </source>
      <sampler id="mixamorig_RightHandPinky3-Matrix-animation-transform">
        <input semantic="INPUT" source="#mixamorig_RightHandPinky3-Matrix-animation-input"/>
        <input semantic="OUTPUT" source="#mixamorig_RightHandPinky3-Matrix-animation-output-transform"/>
        <input semantic="INTERPOLATION" source="#mixamorig_RightHandPinky3-Interpolations"/>
      </sampler>
      <channel source="#mixamorig_RightHandPinky3-Matrix-animation-transform" target="mixamorig_RightHandPinky3/matrix"/>
    </animation>
    <animation id="mixamorig_LeftUpLeg-anim" name="mixamorig_LeftUpLeg">
      <source id="mixamorig_LeftUpLeg-Matrix-animation-input">
        <float_array id="mixamorig_LeftUpLeg-Matrix-animation-input-array" count="32">

0.000000 0.033333 0.066667 0.100000 0.133333 0.166667 0.200000 0.233333 0.266667 0.300000 0.333333 0.366667 0.400000 0.433333 0.466667 0.500000
0.533333 0.566667 0.600000 0.633333 0.666667 0.700000 0.733333 0.766667 0.800000 0.833333 0.866667 0.900000 0.933333 0.966667 1.000000 1.033333</float_array>
        <technique_common>
          <accessor source="#mixamorig_LeftUpLeg-Matrix-animation-input-array" count="32">
            <param name="TIME" type="float"/>
          </accessor>
        </technique_common>
      </source>
      <source id="mixamorig_LeftUpLeg-Matrix-animation-output-transform">
        <float_array id="mixamorig_LeftUpLeg-Matrix-animation-output-transform-array" count="512">

-0.987848 0.112778 0.106941 12.499900 -0.061125 -0.914548 0.399832 -6.038900 0.142895 0.388437 0.910328 1.644900 0.000000 0.000000 0.000000 1.000000
-0.989099 0.105049 0.103189 12.499900 -0.045509 -0.884532 0.464255 -6.038900 0.140044 0.454498 0.879670 1.644900 0.000000 0.000000 0.000000 1.000000
-0.991198 0.097196 0.089888 12.499900 -0.038791 -0.862391 0.504755 -6.038900 0.126578 0.496825 0.858570 1.644900 0.000000 0.000000 0.000000 1.000000
-0.992786 0.090274 0.078912 12.499900 -0.034442 -0.845109 0.533483 -6.038900 0.114849 0.526916 0.842122 1.644900 0.000000 0.000000 0.000000 1.000000
-0.993734 0.082382 0.075539 12.499900 -0.026155 -0.828461 0.559436 -6.038900 0.108669 0.553955 0.825424 1.644900 0.000000 0.000000 0.000000 1.000000
-0.995236 0.072303 0.065397 12.499900 -0.019816 -0.806824 0.590460 -6.038900 0.095456 0.586351 0.804413 1.644900 0.000000 0.000000 0.000000 1.000000
-0.996213 0.067855 0.054370 12.499900 -0.017960 -0.772391 0.634894 -6.038900 0.085075 0.631513 0.770684 1.644900 0.000000 0.000000 0.000000 1.000000
-0.995532 0.070493 0.062827 12.499900 -0.011775 -0.752830 0.658109 -6.038900 0.093690 0.654429 0.750297 1.644900 0.000000 0.000000 0.000000 1.000000
-0.994078 0.068179 0.084623 12.499900 0.002261 -0.765563 0.643357 -6.038900 0.108648 0.639738 0.760875 1.644900 0.000000 0.000000 0.000000 1.000000
-0.993443 0.065509 0.093696 12.499900 0.009438 -0.769764 0.638259 -6.038900 0.113936 0.634958 0.764099 1.644900 0.000000 0.000000 0.000000 1.000000
-0.994333 0.052337 0.092531 12.499900 0.016403 -0.784457 0.619966 -6.038900 0.105034 0.617970 0.779154 1.644900 0.000000 0.000000 0.000000 1.000000
-0.995115 0.038071 0.091089 12.499900 0.025014 -0.795319 0.605675 -6.038900 0.095503 0.604994 0.790481 1.644900 0.000000 0.000000 0.000000 1.000000
-0.995467 0.021139 0.092727 12.499900 0.033249 -0.836109 0.547554 -6.038900 0.089105 0.548155 0.831616 1.644900 0.000000 0.000000 0.000000 1.000000
-0.995088 0.010662 0.098416 12.499900 0.035405 -0.890090 0.454407 -6.038900 0.092444 0.455660 0.885341 1.644900 0.000000 0.000000 0.000000 1.000000
-0.992505 0.011841 0.121626 12.499900 0.031311 -0.937426 0.346775 -6.038900 0.118122 0.347984 0.930029 1.644900 0.000000 0.000000 0.000000 1.000000
-0.989184 0.010957 0.146269 12.499900 0.023646 -0.972250 0.232748 -6.038900 0.144760 0.233689 0.961475 1.644900 0.000000 0.000000 0.000000 1.000000
-0.987416 0.007690 0.157956 12.499900 0.014541 -0.990171 0.139103 -6.038900 0.157473 0.139650 0.977599 1.644900 0.000000 0.000000 0.000000 1.000000
-0.985073 0.003194 0.172105 12.499900 0.005790 -0.998647 0.051675 -6.038900 0.172037 0.051900 0.983722 1.644900 0.000000 0.000000 0.000000 1.000000
-0.982051 -0.003629 0.188578 12.499900 -0.003255 -0.999340 -0.036180 -6.038900 0.188585 -0.036144 0.981391 1.644900 0.000000 0.000000 0.000000 1.000000
-0.978122 -0.002006 0.208023 12.499900 -0.019888 -0.994472 -0.103103 -6.038900 0.207080 -0.104985 0.972675 1.644900 0.000000 0.000000 0.000000 1.000000
-0.975146 0.011392 0.221272 12.499900 -0.041711 -0.990260 -0.132839 -6.038900 0.217604 -0.138767 0.966122 1.644900 0.000000 0.000000 0.000000 1.000000
-0.976675 0.026637 0.213062 12.499900 -0.059469 -0.987015 -0.149211 -6.038900 0.206321 -0.158401 0.965578 1.644900 0.000000 0.000000 0.000000 1.000000
-0.978917 0.035062 0.201229 12.499900 -0.070499 -0.982615 -0.171749 -6.038900 0.191709 -0.182314 0.964370 1.644900 0.000000 0.000000 0.000000 1.000000
-0.975460 0.045646 0.215392 12.499900 -0.094541 -0.970333 -0.222520 -6.038900 0.198845 -0.237423 0.950837 1.644900 0.000000 0.000000 0.000000 1.000000
-0.975165 0.060133 0.213159 12.499900 -0.116987 -0.957069 -0.265204 -6.038900 0.188060 -0.283554 0.940335 1.644900 0.000000 0.000000 0.000000 1.000000
-0.975048 0.092987 0.201580 12.499900 -0.126731 -0.978696 -0.161535 -6.038900 0.182264 -0.183051 0.966060 1.644900 0.000000 0.000000 0.000000 1.000000
-0.976978 0.121047 0.175676 12.499900 -0.137093 -0.987139 -0.082234 -6.038900 0.163462 -0.104425 0.981007 1.644900 0.000000 0.000000 0.000000 1.000000
-0.977056 0.141564 0.159128 12.499900 -0.140667 -0.989912 0.016946 -6.038900 0.159922 -0.005827 0.987112 1.644900 0.000000 0.000000 0.000000 1.000000
-0.980349 0.142388 0.136534 12.499900 -0.127051 -0.985187 0.115170 -6.038900 0.150910 0.095560 0.983918 1.644900 0.000000 0.000000 0.000000 1.000000
-0.985151 0.128934 0.113372 12.499900 -0.103307 -0.972575 0.208387 -6.038900 0.137131 0.193580 0.971453 1.644900 0.000000 0.000000 0.000000 1.000000
-0.987586 0.116950 0.104864 12.499900 -0.080605 -0.950302 0.300713 -6.038900 0.134821 0.288527 0.947932 1.644900 0.000000 0.000000 0.000000 1.000000
-0.987848 0.112778 0.106941 12.499900 -0.061125 -0.914548 0.399833 -6.038900 0.142895 0.388437 0.910328 1.644900 0.000000 0.000000 0.000000 1.000000</float_array>
        <technique_common>
          <accessor source="#mixamorig_LeftUpLeg-Matrix-animation-output-transform-array" count="32" stride="16">
            <param type="float4x4"/>
          </accessor>
        </technique_common>
      </source>
      <source id="mixamorig_LeftUpLeg-Interpolations">
        <Name_array id="mixamorig_LeftUpLeg-Interpolations-array" count="32">
 LINEAR LINEAR LINEAR LINEAR LINEAR LINEAR LINEAR LINEAR LINEAR LINEAR LINEAR
LINEAR LINEAR LINEAR LINEAR LINEAR LINEAR LINEAR LINEAR LINEAR LINEAR LINEAR LINEAR
LINEAR LINEAR LINEAR LINEAR LINEAR LINEAR LINEAR LINEAR LINEAR</Name_array>
        <technique_common>
          <accessor source="#mixamorig_LeftUpLeg-Interpolations-array" count="32">
            <param type="name"/>
          </accessor>
        </technique_common>
      </source>
      <sampler id="mixamorig_LeftUpLeg-Matrix-animation-transform">
        <input semantic="INPUT" source="#mixamorig_LeftUpLeg-Matrix-animation-input"/>
        <input semantic="OUTPUT" source="#mixamorig_LeftUpLeg-Matrix-animation-output-transform"/>
        <input semantic="INTERPOLATION" source="#mixamorig_LeftUpLeg-Interpolations"/>
      </sampler>
      <channel source="#mixamorig_LeftUpLeg-Matrix-animation-transform" target="mixamorig_LeftUpLeg/matrix"/>
    </animation>
    <animation id="mixamorig_LeftLeg-anim" name="mixamorig_LeftLeg">
      <source id="mixamorig_LeftLeg-Matrix-animation-input">
        <float_array id="mixamorig_LeftLeg-Matrix-animation-input-array" count="32">

0.000000 0.033333 0.066667 0.100000 0.133333 0.166667 0.200000 0.233333 0.266667 0.300000 0.333333 0.366667 0.400000 0.433333 0.466667 0.500000
0.533333 0.566667 0.600000 0.633333 0.666667 0.700000 0.733333 0.766667 0.800000 0.833333 0.866667 0.900000 0.933333 0.966667 1.000000 1.033333</float_array>
        <technique_common>
          <accessor source="#mixamorig_LeftLeg-Matrix-animation-input-array" count="32">
            <param name="TIME" type="float"/>
          </accessor>
        </technique_common>
      </source>
      <source id="mixamorig_LeftLeg-Matrix-animation-output-transform">
        <float_array id="mixamorig_LeftLeg-Matrix-animation-output-transform-array" count="512">

0.999772 -0.014481 0.015676 0.000000 -0.009015 0.379192 0.925274 51.639999 -0.019343 -0.925205 0.378975 0.000000 0.000000 0.000000 0.000000 1.000000
0.999789 0.001748 -0.020491 0.000000 0.016978 0.492098 0.870374 51.639999 0.011605 -0.870538 0.491964 0.000000 0.000000 0.000000 0.000000 1.000000
0.997932 0.010788 -0.063364 0.000000 0.042213 0.633418 0.772658 51.639999 0.048471 -0.773735 0.631653 -0.000000 0.000000 0.000000 0.000000 1.000000
0.996167 0.012825 -0.086524 -0.000000 0.045871 0.765656 0.641613 51.639999 0.074476 -0.643122 0.762133 -0.000000 0.000000 0.000000 0.000000 1.000000
0.996882 0.005503 -0.078718 -0.000000 0.034098 0.869584 0.492607 51.639999 0.071163 -0.493755 0.866684 0.000000 0.000000 0.000000 0.000000 1.000000
0.997902 -0.010540 -0.063885 0.000000 0.033592 0.927761 0.371660 51.639999 0.055353 -0.373026 0.926168 0.000000 0.000000 0.000000 0.000000 1.000000
0.998565 -0.025875 -0.046881 0.000000 0.040757 0.935112 0.352001 51.639999 0.034731 -0.353407 0.934825 0.000000 0.000000 0.000000 0.000000 1.000000
0.999538 -0.028297 -0.011065 -0.000000 0.030366 0.918097 0.395190 51.639999 -0.001024 -0.395344 0.918533 0.000000 0.000000 0.000000 0.000000 1.000000
0.999306 -0.022080 0.029994 0.000000 0.006997 0.902273 0.431109 51.639999 -0.036581 -0.430600 0.901801 -0.000000 0.000000 0.000000 0.000000 1.000000
0.996277 -0.019027 0.084087 0.000000 -0.026178 0.862528 0.505331 51.639999 -0.082142 -0.505651 0.858819 0.000000 0.000000 0.000000 0.000000 1.000000
0.997470 -0.011599 0.070133 0.000000 -0.029180 0.832841 0.552743 51.639999 -0.064821 -0.553391 0.830395 -0.000000 0.000000 0.000000 0.000000 1.000000
0.998060 -0.006422 0.061927 -0.000000 -0.034765 0.767663 0.639910 51.639999 -0.051649 -0.640822 0.765950 0.000000 0.000000 0.000000 0.000000 1.000000
0.997884 -0.009384 0.064336 0.000000 -0.035051 0.755774 0.653894 51.639999 -0.054760 -0.654766 0.753846 0.000000 0.000000 0.000000 0.000000 1.000000
0.997117 -0.014782 0.074427 0.000000 -0.034057 0.789321 0.613035 51.639999 -0.067809 -0.613803 0.786542 0.000000 0.000000 0.000000 0.000000 1.000000
0.993572 -0.020369 0.111351 0.000000 -0.043423 0.839845 0.541087 51.639999 -0.104539 -0.542445 0.833562 0.000000 0.000000 0.000000 0.000000 1.000000
0.987008 -0.025758 0.158596 0.000000 -0.048652 0.892817 0.447785 51.639999 -0.153131 -0.449683 0.879963 0.000000 0.000000 0.000000 0.000000 1.000000
0.978627 -0.028646 0.203640 0.000000 -0.050035 0.927324 0.370899 51.639999 -0.199465 -0.373161 0.906071 0.000000 0.000000 0.000000 0.000000 1.000000
0.968035 -0.023111 0.249750 0.000000 -0.055020 0.951926 0.301347 51.639999 -0.244708 -0.305455 0.920226 -0.000000 0.000000 0.000000 0.000000 1.000000
0.955197 -0.018305 0.295403 0.000000 -0.057339 0.967731 0.245374 51.639999 -0.290362 -0.251319 0.923325 0.000000 0.000000 0.000000 0.000000 1.000000
0.942471 -0.009422 0.334154 0.000000 -0.075194 0.968010 0.239378 51.639999 -0.325720 -0.250733 0.911613 0.000000 0.000000 0.000000 0.000000 1.000000
0.932048 -0.003283 0.362319 0.000000 -0.115553 0.945051 0.305819 51.639999 -0.343414 -0.326906 0.880454 0.000000 0.000000 0.000000 0.000000 1.000000
0.929866 -0.005535 0.367857 -0.000000 -0.151299 0.905666 0.396078 51.639999 -0.335348 -0.423956 0.841310 0.000000 0.000000 0.000000 0.000000 1.000000
0.932414 -0.027007 0.360382 -0.000000 -0.155697 0.869893 0.468023 51.639999 -0.326134 -0.492501 0.806895 0.000000 0.000000 0.000000 0.000000 1.000000
0.927927 -0.057446 0.368309 0.000000 -0.135052 0.869117 0.475812 51.639999 -0.347437 -0.491260 0.798719 -0.000000 0.000000 0.000000 0.000000 1.000000
0.934635 -0.071219 0.348403 0.000000 -0.106803 0.878289 0.466048 51.639999 -0.339190 -0.472796 0.813274 0.000000 0.000000 0.000000 0.000000 1.000000
0.958208 -0.096120 0.269441 0.000000 -0.120995 0.717297 0.686182 51.639999 -0.259224 -0.690106 0.675690 0.000000 0.000000 0.000000 0.000000 1.000000
0.984633 -0.086811 0.151530 -0.000000 -0.072640 0.585477 0.807428 51.639999 -0.158810 -0.806028 0.570174 0.000000 0.000000 0.000000 0.000000 1.000000
0.995038 -0.073876 0.066646 0.000000 -0.026277 0.450929 0.892173 51.639999 -0.095963 -0.889497 0.446750 -0.000000 0.000000 0.000000 0.000000 1.000000
0.996179 -0.063521 0.059933 0.000000 -0.034023 0.349770 0.936218 51.639999 -0.080432 -0.934680 0.346272 0.000000 0.000000 0.000000 0.000000 1.000000
0.996607 -0.051005 0.064594 -0.000000 -0.045577 0.311481 0.949159 51.639999 -0.068532 -0.948882 0.308100 0.000000 0.000000 0.000000 0.000000 1.000000
0.998667 -0.034004 0.038824 0.000000 -0.025547 0.327922 0.944359 51.639999 -0.044843 -0.944093 0.326616 -0.000000 0.000000 0.000000 0.000000 1.000000
0.999772 -0.014481 0.015676 -0.000000 -0.009015 0.379190 0.925275 51.639999 -0.019343 -0.925205 0.378973 0.000000 0.000000 0.000000 0.000000 1.000000</float_array>
        <technique_common>
          <accessor source="#mixamorig_LeftLeg-Matrix-animation-output-transform-array" count="32" stride="16">
            <param type="float4x4"/>
          </accessor>
        </technique_common>
      </source>
      <source id="mixamorig_LeftLeg-Interpolations">
        <Name_array id="mixamorig_LeftLeg-Interpolations-array" count="32">
 LINEAR LINEAR LINEAR LINEAR LINEAR LINEAR LINEAR LINEAR LINEAR LINEAR LINEAR
LINEAR LINEAR LINEAR LINEAR LINEAR LINEAR LINEAR LINEAR LINEAR LINEAR LINEAR LINEAR
LINEAR LINEAR LINEAR LINEAR LINEAR LINEAR LINEAR LINEAR LINEAR</Name_array>
        <technique_common>
          <accessor source="#mixamorig_LeftLeg-Interpolations-array" count="32">
            <param type="name"/>
          </accessor>
        </technique_common>
      </source>
      <sampler id="mixamorig_LeftLeg-Matrix-animation-transform">
        <input semantic="INPUT" source="#mixamorig_LeftLeg-Matrix-animation-input"/>
        <input semantic="OUTPUT" source="#mixamorig_LeftLeg-Matrix-animation-output-transform"/>
        <input semantic="INTERPOLATION" source="#mixamorig_LeftLeg-Interpolations"/>
      </sampler>
      <channel source="#mixamorig_LeftLeg-Matrix-animation-transform" target="mixamorig_LeftLeg/matrix"/>
    </animation>
    <animation id="mixamorig_LeftFoot-anim" name="mixamorig_LeftFoot">
      <source id="mixamorig_LeftFoot-Matrix-animation-input">
        <float_array id="mixamorig_LeftFoot-Matrix-animation-input-array" count="32">

0.000000 0.033333 0.066667 0.100000 0.133333 0.166667 0.200000 0.233333 0.266667 0.300000 0.333333 0.366667 0.400000 0.433333 0.466667 0.500000
0.533333 0.566667 0.600000 0.633333 0.666667 0.700000 0.733333 0.766667 0.800000 0.833333 0.866667 0.900000 0.933333 0.966667 1.000000 1.033333</float_array>
        <technique_common>
          <accessor source="#mixamorig_LeftFoot-Matrix-animation-input-array" count="32">
            <param name="TIME" type="float"/>
          </accessor>
        </technique_common>
      </source>
      <source id="mixamorig_LeftFoot-Matrix-animation-output-transform">
        <float_array id="mixamorig_LeftFoot-Matrix-animation-output-transform-array" count="512">

0.979600 -0.196195 -0.043481 0.000000 0.056898 0.478310 -0.876346 44.299999 0.192733 0.855995 0.479716 -0.000000 0.000000 0.000000 0.000000 1.000000
0.978927 -0.200843 -0.036932 0.000000 0.058274 0.448073 -0.892096 44.299999 0.195719 0.871144 0.450335 0.000000 0.000000 0.000000 0.000000 1.000000
0.977971 -0.207137 -0.025820 0.000000 0.066464 0.426256 -0.902157 44.299999 0.197876 0.880568 0.430634 -0.000000 0.000000 0.000000 0.000000 1.000000
0.975812 -0.218517 -0.006488 -0.000000 0.089539 0.426566 -0.900014 44.299999 0.199436 0.877663 0.435814 -0.000000 0.000000 0.000000 0.000000 1.000000
0.973767 -0.227462 0.006231 -0.000000 0.115285 0.469561 -0.875341 44.299999 0.196181 0.853096 0.483466 0.000000 0.000000 0.000000 0.000000 1.000000
0.975523 -0.219778 -0.007192 0.000000 0.107754 0.506286 -0.855607 44.299999 0.191684 0.833890 0.517576 0.000000 0.000000 0.000000 0.000000 1.000000
0.978625 -0.203268 -0.031241 0.000000 0.074171 0.490538 -0.868257 44.299999 0.191814 0.847381 0.495130 0.000000 0.000000 0.000000 0.000000 1.000000
0.979210 -0.198978 -0.039438 0.000000 0.051534 0.432064 -0.900369 44.299999 0.196193 0.879618 0.433336 0.000000 0.000000 0.000000 0.000000 1.000000
0.976056 -0.217375 -0.007893 0.000000 0.085275 0.415778 -0.905459 44.299999 0.200106 0.883106 0.424360 -0.000000 0.000000 0.000000 0.000000 1.000000
0.977969 -0.207466 -0.023119 0.000000 0.085637 0.499728 -0.861939 44.299999 0.190376 0.840969 0.506485 0.000000 0.000000 0.000000 0.000000 1.000000
0.976853 -0.213483 -0.013521 0.000000 0.121788 0.607012 -0.785305 44.299999 0.175857 0.765481 0.618961 0.000000 0.000000 0.000000 0.000000 1.000000
0.975065 -0.221911 -0.001974 0.000000 0.115404 0.514638 -0.849605 44.299999 0.189553 0.828193 0.527415 0.000000 0.000000 0.000000 0.000000 1.000000
0.973950 -0.226706 0.005100 0.000000 0.107010 0.439663 -0.891765 44.299999 0.199926 0.869080 0.452469 0.000000 0.000000 0.000000 0.000000 1.000000
0.973236 -0.229590 0.010005 0.000000 0.102839 0.396175 -0.912398 44.299999 0.205514 0.889007 0.409182 0.000000 0.000000 0.000000 0.000000 1.000000
0.972103 -0.233877 0.017830 0.000000 0.106381 0.371865 -0.922171 44.299999 0.209045 0.898342 0.386371 -0.000000 0.000000 0.000000 0.000000 1.000000
0.969074 -0.243941 0.037257 0.000000 0.125168 0.355787 -0.926147 44.299999 0.212669 0.902169 0.375318 -0.000000 0.000000 0.000000 0.000000 1.000000
0.968555 -0.245722 0.039021 0.000000 0.127723 0.356464 -0.925538 44.299999 0.213515 0.901418 0.376640 0.000000 0.000000 0.000000 0.000000 1.000000
0.968374 -0.246558 0.038229 -0.000000 0.124631 0.345270 -0.930191 44.299999 0.216147 0.905537 0.365079 0.000000 0.000000 0.000000 0.000000 1.000000
0.966711 -0.251687 0.046087 0.000000 0.125706 0.310278 -0.942298 44.299999 0.222864 0.916723 0.331588 0.000000 0.000000 0.000000 0.000000 1.000000
0.964546 -0.257801 0.056475 0.000000 0.125854 0.261225 -0.957038 44.299999 0.231973 0.930215 0.284408 0.000000 0.000000 0.000000 0.000000 1.000000
0.961014 -0.266230 0.074657 0.000000 0.134813 0.215422 -0.967171 44.299999 0.241407 0.939529 0.242914 0.000000 0.000000 0.000000 0.000000 1.000000
0.957789 -0.273179 0.089519 -0.000000 0.145755 0.193068 -0.970299 44.299999 0.247782 0.942390 0.224735 0.000000 0.000000 0.000000 0.000000 1.000000
0.957985 -0.273745 0.085605 0.000000 0.147568 0.214488 -0.965515 44.299999 0.245943 0.937581 0.245872 0.000000 0.000000 0.000000 0.000000 1.000000
0.960951 -0.267766 0.069818 0.000000 0.144558 0.270620 -0.951771 44.299999 0.235958 0.924698 0.298761 0.000000 0.000000 0.000000 0.000000 1.000000
0.962518 -0.263805 0.062977 0.000000 0.162951 0.376869 -0.911821 44.299999 0.216809 0.887906 0.405731 0.000000 0.000000 0.000000 0.000000 1.000000
0.958818 -0.272191 0.081120 0.000000 0.212264 0.496955 -0.841416 44.299999 0.188712 0.823983 0.534265 0.000000 0.000000 0.000000 0.000000 1.000000
0.967853 -0.246499 0.049992 0.000000 0.191626 0.593934 -0.781359 44.299999 0.162912 0.765820 0.622077 -0.000000 0.000000 0.000000 0.000000 1.000000
0.952116 -0.291185 0.093199 -0.000000 0.274594 0.680390 -0.679462 44.299999 0.134438 0.672518 0.727768 0.000000 0.000000 0.000000 0.000000 1.000000
0.932650 -0.332923 0.139016 0.000000 0.334184 0.651983 -0.680617 44.299999 0.135957 0.681235 0.719330 0.000000 0.000000 0.000000 0.000000 1.000000
0.937650 -0.319794 0.136180 0.000000 0.304984 0.569027 -0.763671 44.299999 0.166727 0.757589 0.631080 0.000000 0.000000 0.000000 0.000000 1.000000
0.964675 -0.257901 0.053752 0.000000 0.183642 0.512023 -0.839111 44.299999 0.188886 0.819341 0.541298 0.000000 0.000000 0.000000 0.000000 1.000000
0.979600 -0.196195 -0.043481 0.000000 0.056898 0.478309 -0.876346 44.299999 0.192733 0.855995 0.479715 0.000000 0.000000 0.000000 0.000000 1.000000</float_array>
        <technique_common>
          <accessor source="#mixamorig_LeftFoot-Matrix-animation-output-transform-array" count="32" stride="16">
            <param type="float4x4"/>
          </accessor>
        </technique_common>
      </source>
      <source id="mixamorig_LeftFoot-Interpolations">
        <Name_array id="mixamorig_LeftFoot-Interpolations-array" count="32">
 LINEAR LINEAR LINEAR LINEAR LINEAR LINEAR LINEAR LINEAR LINEAR LINEAR LINEAR
LINEAR LINEAR LINEAR LINEAR LINEAR LINEAR LINEAR LINEAR LINEAR LINEAR LINEAR LINEAR
LINEAR LINEAR LINEAR LINEAR LINEAR LINEAR LINEAR LINEAR LINEAR</Name_array>
        <technique_common>
          <accessor source="#mixamorig_LeftFoot-Interpolations-array" count="32">
            <param type="name"/>
          </accessor>
        </technique_common>
      </source>
      <sampler id="mixamorig_LeftFoot-Matrix-animation-transform">
        <input semantic="INPUT" source="#mixamorig_LeftFoot-Matrix-animation-input"/>
        <input semantic="OUTPUT" source="#mixamorig_LeftFoot-Matrix-animation-output-transform"/>
        <input semantic="INTERPOLATION" source="#mixamorig_LeftFoot-Interpolations"/>
      </sampler>
      <channel source="#mixamorig_LeftFoot-Matrix-animation-transform" target="mixamorig_LeftFoot/matrix"/>
    </animation>
    <animation id="mixamorig_LeftToeBase-anim" name="mixamorig_LeftToeBase">
      <source id="mixamorig_LeftToeBase-Matrix-animation-input">
        <float_array id="mixamorig_LeftToeBase-Matrix-animation-input-array" count="32">

0.000000 0.033333 0.066667 0.100000 0.133333 0.166667 0.200000 0.233333 0.266667 0.300000 0.333333 0.366667 0.400000 0.433333 0.466667 0.500000
0.533333 0.566667 0.600000 0.633333 0.666667 0.700000 0.733333 0.766667 0.800000 0.833333 0.866667 0.900000 0.933333 0.966667 1.000000 1.033333</float_array>
        <technique_common>
          <accessor source="#mixamorig_LeftToeBase-Matrix-animation-input-array" count="32">
            <param name="TIME" type="float"/>
          </accessor>
        </technique_common>
      </source>
      <source id="mixamorig_LeftToeBase-Matrix-animation-output-transform">
        <float_array id="mixamorig_LeftToeBase-Matrix-animation-output-transform-array" count="512">

0.994447 0.038348 -0.098008 -0.000000 -0.092038 0.768526 -0.633164 20.500000 0.051041 0.638668 0.767788 -0.000000 0.000000 0.000000 0.000000 1.000000
0.992353 0.010699 -0.122970 0.000000 -0.087850 0.761044 -0.642724 20.500000 0.086709 0.648612 0.756164 0.000000 0.000000 0.000000 0.000000 1.000000
0.981809 -0.061256 -0.179719 0.000000 -0.071292 0.758341 -0.647948 20.500000 0.175980 0.648974 0.740179 0.000000 0.000000 0.000000 0.000000 1.000000
0.989042 -0.018523 -0.146467 -0.000000 -0.081368 0.759424 -0.645487 20.500000 0.123187 0.650332 0.749596 0.000000 0.000000 0.000000 0.000000 1.000000
0.990346 -0.006731 -0.138457 -0.000000 -0.085516 0.756437 -0.648452 20.500000 0.109099 0.654032 0.748558 0.000000 0.000000 0.000000 0.000000 1.000000
0.983401 -0.050751 -0.174203 0.000000 -0.077311 0.751375 -0.655331 20.500000 0.164150 0.657921 0.734979 0.000000 0.000000 0.000000 0.000000 1.000000
0.975201 -0.085389 -0.204184 -0.000000 -0.075498 0.738885 -0.669588 20.500000 0.208044 0.668399 0.714115 0.000000 0.000000 0.000000 0.000000 1.000000
0.978088 -0.066352 -0.197338 -0.000000 -0.093848 0.705579 -0.702389 20.500000 0.185842 0.705518 0.683891 0.000000 0.000000 0.000000 0.000000 1.000000
0.974442 -0.071765 -0.212868 -0.000000 -0.115929 0.651009 -0.750165 20.500000 0.192414 0.755670 0.626051 0.000000 0.000000 0.000000 0.000000 1.000000
0.976626 -0.101244 -0.189609 0.000000 -0.071355 0.679390 -0.730299 20.500000 0.202757 0.726759 0.656286 0.000000 0.000000 0.000000 0.000000 1.000000
0.978861 -0.071733 -0.191533 -0.000000 -0.066298 0.774623 -0.628939 20.500000 0.193482 0.628342 0.753492 -0.000000 0.000000 0.000000 0.000000 1.000000
0.979187 -0.055099 -0.195337 -0.000000 -0.075737 0.793727 -0.603541 20.500000 0.188299 0.605774 0.773034 0.000000 0.000000 0.000000 0.000000 1.000000
0.978421 -0.056543 -0.198736 0.000000 -0.077893 0.789931 -0.608228 20.500000 0.191379 0.610583 0.768481 0.000000 0.000000 0.000000 0.000000 1.000000
0.978272 -0.058864 -0.198793 -0.000000 -0.077793 0.784569 -0.615142 20.500000 0.192176 0.617241 0.762943 0.000000 0.000000 0.000000 0.000000 1.000000
0.978317 -0.059684 -0.198326 0.000000 -0.077098 0.783812 -0.616194 20.500000 0.192227 0.618124 0.762215 0.000000 0.000000 0.000000 0.000000 1.000000
0.977973 -0.061602 -0.199435 -0.000000 -0.078751 0.775954 -0.625854 20.500000 0.193306 0.627774 0.754011 0.000000 0.000000 0.000000 0.000000 1.000000
0.977337 -0.064187 -0.201722 0.000000 -0.082056 0.763547 -0.640518 20.500000 0.195137 0.642555 0.740976 0.000000 0.000000 0.000000 0.000000 1.000000
0.978194 -0.061739 -0.198305 0.000000 -0.083414 0.757628 -0.647335 20.500000 0.190207 0.649761 0.735957 0.000000 0.000000 0.000000 0.000000 1.000000
0.976931 -0.065675 -0.203207 0.000000 -0.083724 0.757579 -0.647352 20.500000 0.196460 0.649431 0.734604 0.000000 0.000000 0.000000 0.000000 1.000000
0.976331 -0.068412 -0.205176 0.000000 -0.086597 0.745644 -0.660693 20.500000 0.198188 0.662823 0.722071 0.000000 0.000000 0.000000 0.000000 1.000000
0.974096 -0.078240 -0.212170 0.000000 -0.098106 0.699135 -0.708227 20.500000 0.203747 0.710696 0.673348 -0.000000 0.000000 0.000000 0.000000 1.000000
0.969486 -0.097657 -0.224857 0.000000 -0.118894 0.614832 -0.779645 20.500000 0.214387 0.782589 0.584460 0.000000 0.000000 0.000000 0.000000 1.000000
0.963656 -0.121533 -0.237903 0.000000 -0.145880 0.506644 -0.849724 20.500000 0.223801 0.853547 0.470501 0.000000 0.000000 0.000000 0.000000 1.000000
0.960745 -0.129241 -0.245492 -0.000000 -0.163164 0.452442 -0.876740 20.500000 0.224382 0.882379 0.413594 0.000000 0.000000 0.000000 0.000000 1.000000
0.968209 -0.145185 -0.203696 0.000000 -0.142966 0.347033 -0.926892 20.500000 0.205260 0.926547 0.315244 0.000000 0.000000 0.000000 0.000000 1.000000
0.966444 -0.106465 -0.233777 -0.000000 -0.152199 0.495807 -0.854992 20.500000 0.206935 0.861882 0.462966 -0.000000 0.000000 0.000000 0.000000 1.000000
0.983408 -0.021985 -0.180070 0.000000 -0.119360 0.669079 -0.733544 20.500000 0.136608 0.742866 0.655353 0.000000 0.000000 0.000000 0.000000 1.000000
0.980670 0.001518 -0.195661 0.000000 -0.136852 0.720020 -0.680325 20.500000 0.139848 0.693952 0.706310 0.000000 0.000000 0.000000 0.000000 1.000000
0.969963 -0.019192 -0.242493 0.000000 -0.141912 0.765010 -0.628188 20.500000 0.197565 0.643732 0.739308 0.000000 0.000000 0.000000 0.000000 1.000000
0.968345 -0.031103 -0.247669 0.000000 -0.128816 0.787610 -0.602559 20.500000 0.213808 0.615388 0.758672 0.000000 0.000000 0.000000 0.000000 1.000000
0.983994 -0.001430 -0.178198 0.000000 -0.113048 0.767991 -0.630405 20.500000 0.137756 0.640459 0.755536 0.000000 0.000000 0.000000 0.000000 1.000000
0.994447 0.038348 -0.098008 -0.000000 -0.092038 0.768527 -0.633163 20.500000 0.051041 0.638668 0.767788 0.000000 0.000000 0.000000 0.000000 1.000000</float_array>
        <technique_common>
          <accessor source="#mixamorig_LeftToeBase-Matrix-animation-output-transform-array" count="32" stride="16">
            <param type="float4x4"/>
          </accessor>
        </technique_common>
      </source>
      <source id="mixamorig_LeftToeBase-Interpolations">
        <Name_array id="mixamorig_LeftToeBase-Interpolations-array" count="32">
 LINEAR LINEAR LINEAR LINEAR LINEAR LINEAR LINEAR LINEAR LINEAR LINEAR LINEAR
LINEAR LINEAR LINEAR LINEAR LINEAR LINEAR LINEAR LINEAR LINEAR LINEAR LINEAR LINEAR
LINEAR LINEAR LINEAR LINEAR LINEAR LINEAR LINEAR LINEAR LINEAR</Name_array>
        <technique_common>
          <accessor source="#mixamorig_LeftToeBase-Interpolations-array" count="32">
            <param type="name"/>
          </accessor>
        </technique_common>
      </source>
      <sampler id="mixamorig_LeftToeBase-Matrix-animation-transform">
        <input semantic="INPUT" source="#mixamorig_LeftToeBase-Matrix-animation-input"/>
        <input semantic="OUTPUT" source="#mixamorig_LeftToeBase-Matrix-animation-output-transform"/>
        <input semantic="INTERPOLATION" source="#mixamorig_LeftToeBase-Interpolations"/>
      </sampler>
      <channel source="#mixamorig_LeftToeBase-Matrix-animation-transform" target="mixamorig_LeftToeBase/matrix"/>
    </animation>
    <animation id="mixamorig_RightUpLeg-anim" name="mixamorig_RightUpLeg">
      <source id="mixamorig_RightUpLeg-Matrix-animation-input">
        <float_array id="mixamorig_RightUpLeg-Matrix-animation-input-array" count="32">

0.000000 0.033333 0.066667 0.100000 0.133333 0.166667 0.200000 0.233333 0.266667 0.300000 0.333333 0.366667 0.400000 0.433333 0.466667 0.500000
0.533333 0.566667 0.600000 0.633333 0.666667 0.700000 0.733333 0.766667 0.800000 0.833333 0.866667 0.900000 0.933333 0.966667 1.000000 1.033333</float_array>
        <technique_common>
          <accessor source="#mixamorig_RightUpLeg-Matrix-animation-input-array" count="32">
            <param name="TIME" type="float"/>
          </accessor>
        </technique_common>
      </source>
      <source id="mixamorig_RightUpLeg-Matrix-animation-output-transform">
        <float_array id="mixamorig_RightUpLeg-Matrix-animation-output-transform-array" count="512">

-0.986903 0.052833 -0.152418 -12.499900 -0.080409 -0.980214 0.180873 -6.038800 -0.139846 0.190760 0.971624 1.644900 0.000000 0.000000 0.000000 1.000000
-0.984915 0.058506 -0.162845 -12.499900 -0.075685 -0.991966 0.101364 -6.038800 -0.155607 0.112160 0.981431 1.644900 0.000000 0.000000 0.000000 1.000000
-0.983033 0.060295 -0.173238 -12.499900 -0.066420 -0.997348 0.029772 -6.038800 -0.170983 0.040773 0.984430 1.644900 0.000000 0.000000 0.000000 1.000000
-0.980795 0.054343 -0.187318 -12.499900 -0.047065 -0.997962 -0.043092 -6.038800 -0.189278 -0.033449 0.981354 1.644900 0.000000 0.000000 0.000000 1.000000
-0.979663 0.043480 -0.195881 -12.499900 -0.022806 -0.994041 -0.106591 -6.038800 -0.199348 -0.099956 0.974818 1.644900 0.000000 0.000000 0.000000 1.000000
-0.978239 0.027796 -0.205609 -12.499900 0.003621 -0.988547 -0.150867 -6.038800 -0.207447 -0.148328 0.966936 1.644900 0.000000 0.000000 0.000000 1.000000
-0.976679 0.013559 -0.214276 -12.499900 0.028615 -0.980880 -0.192500 -6.038800 -0.212789 -0.194142 0.957617 1.644900 0.000000 0.000000 0.000000 1.000000
-0.974779 0.000357 -0.223171 -12.499900 0.052810 -0.971229 -0.232219 -6.038800 -0.216833 -0.238148 0.946715 1.644900 0.000000 0.000000 0.000000 1.000000
-0.973044 -0.014257 -0.230180 -12.499900 0.077601 -0.960128 -0.268574 -6.038800 -0.217173 -0.279197 0.935353 1.644900 0.000000 0.000000 0.000000 1.000000
-0.972130 -0.030710 -0.232421 -12.499900 0.097557 -0.954463 -0.281929 -6.038800 -0.213180 -0.296746 0.930858 1.644900 0.000000 0.000000 0.000000 1.000000
-0.972383 -0.046480 -0.228714 -12.499900 0.107678 -0.958782 -0.262950 -6.038800 -0.207065 -0.280315 0.937309 1.644900 0.000000 0.000000 0.000000 1.000000
-0.977580 -0.057269 -0.202628 -12.499900 0.103337 -0.968934 -0.224698 -6.038800 -0.183464 -0.240599 0.953128 1.644900 0.000000 0.000000 0.000000 1.000000
-0.980017 -0.066786 -0.187368 -12.499900 0.091237 -0.987945 -0.125063 -6.038800 -0.176757 -0.139659 0.974296 1.644900 0.000000 0.000000 0.000000 1.000000
-0.983936 -0.064605 -0.166420 -12.499900 0.067542 -0.997644 -0.012043 -6.038800 -0.165249 -0.023090 0.985981 1.644900 0.000000 0.000000 0.000000 1.000000
-0.987908 -0.051200 -0.146346 -12.499900 0.033669 -0.992220 0.119854 -6.038800 -0.151344 0.113477 0.981946 1.644900 0.000000 0.000000 0.000000 1.000000
-0.990691 -0.035834 -0.131330 -12.499900 0.003906 -0.971819 0.235694 -6.038800 -0.136075 0.232987 0.962913 1.644900 0.000000 0.000000 0.000000 1.000000
-0.992102 -0.030785 -0.121597 -12.499900 -0.012226 -0.941067 0.337999 -6.038800 -0.124836 0.336816 0.933258 1.644900 0.000000 0.000000 0.000000 1.000000
-0.993302 -0.038672 -0.108882 -12.499900 -0.010775 -0.907219 0.420521 -6.038800 -0.115043 0.418877 0.900726 1.644900 0.000000 0.000000 0.000000 1.000000
-0.994376 -0.051263 -0.092670 -12.499900 0.001155 -0.880236 0.474535 -6.038800 -0.105898 0.471760 0.875345 1.644900 0.000000 0.000000 0.000000 1.000000
-0.995099 -0.062635 -0.076515 -12.499900 0.014013 -0.855314 0.517920 -6.038800 -0.097885 0.514309 0.852000 1.644900 0.000000 0.000000 0.000000 1.000000
-0.995122 -0.071681 -0.067785 -12.499900 0.022638 -0.834666 0.550291 -6.038800 -0.096023 0.546072 0.832217 1.644900 0.000000 0.000000 0.000000 1.000000
-0.994116 -0.081719 -0.071101 -12.499900 0.025021 -0.811882 0.583286 -6.038800 -0.105391 0.578075 0.809149 1.644900 0.000000 0.000000 0.000000 1.000000
-0.993684 -0.087681 -0.070027 -12.499900 0.024994 -0.781322 0.623627 -6.038800 -0.109394 0.617938 0.778579 1.644900 0.000000 0.000000 0.000000 1.000000
-0.994251 -0.083338 -0.067222 -12.499900 0.018259 -0.750609 0.660494 -6.038800 -0.105502 0.655470 0.747816 1.644900 0.000000 0.000000 0.000000 1.000000
-0.995009 -0.069063 -0.072023 -12.499900 0.002645 -0.739783 0.672840 -6.038800 -0.099750 0.669292 0.736273 1.644900 0.000000 0.000000 0.000000 1.000000
-0.995542 -0.049369 -0.080372 -12.499900 -0.016242 -0.749634 0.661653 -6.038800 -0.092914 0.660009 0.745490 1.644900 0.000000 0.000000 0.000000 1.000000
-0.995643 -0.022246 -0.090558 -12.499900 -0.038878 -0.783677 0.619951 -6.038800 -0.084759 0.620770 0.779398 1.644900 0.000000 0.000000 0.000000 1.000000
-0.994283 0.008866 -0.106412 -12.499900 -0.068791 -0.815376 0.574830 -6.038800 -0.081669 0.578864 0.811324 1.644900 0.000000 0.000000 0.000000 1.000000
-0.991228 0.028769 -0.128994 -12.499900 -0.088969 -0.867001 0.490300 -6.038800 -0.097733 0.497475 0.861955 1.644900 0.000000 0.000000 0.000000 1.000000
-0.989282 0.040548 -0.140274 -12.499900 -0.092622 -0.916923 0.388166 -6.038800 -0.112881 0.396998 0.910851 1.644900 0.000000 0.000000 0.000000 1.000000
-0.987747 0.047547 -0.148647 -12.499900 -0.088727 -0.954643 0.284226 -6.038800 -0.128391 0.293932 0.947164 1.644900 0.000000 0.000000 0.000000 1.000000
-0.986903 0.052834 -0.152418 -12.499900 -0.080409 -0.980214 0.180872 -6.038800 -0.139846 0.190759 0.971624 1.644900 0.000000 0.000000 0.000000 1.000000</float_array>
        <technique_common>
          <accessor source="#mixamorig_RightUpLeg-Matrix-animation-output-transform-array" count="32" stride="16">
            <param type="float4x4"/>
          </accessor>
        </technique_common>
      </source>
      <source id="mixamorig_RightUpLeg-Interpolations">
        <Name_array id="mixamorig_RightUpLeg-Interpolations-array" count="32">
 LINEAR LINEAR LINEAR LINEAR LINEAR LINEAR LINEAR LINEAR LINEAR LINEAR LINEAR
LINEAR LINEAR LINEAR LINEAR LINEAR LINEAR LINEAR LINEAR LINEAR LINEAR LINEAR LINEAR
LINEAR LINEAR LINEAR LINEAR LINEAR LINEAR LINEAR LINEAR LINEAR</Name_array>
        <technique_common>
          <accessor source="#mixamorig_RightUpLeg-Interpolations-array" count="32">
            <param type="name"/>
          </accessor>
        </technique_common>
      </source>
      <sampler id="mixamorig_RightUpLeg-Matrix-animation-transform">
        <input semantic="INPUT" source="#mixamorig_RightUpLeg-Matrix-animation-input"/>
        <input semantic="OUTPUT" source="#mixamorig_RightUpLeg-Matrix-animation-output-transform"/>
        <input semantic="INTERPOLATION" source="#mixamorig_RightUpLeg-Interpolations"/>
      </sampler>
      <channel source="#mixamorig_RightUpLeg-Matrix-animation-transform" target="mixamorig_RightUpLeg/matrix"/>
    </animation>
    <animation id="mixamorig_RightLeg-anim" name="mixamorig_RightLeg">
      <source id="mixamorig_RightLeg-Matrix-animation-input">
        <float_array id="mixamorig_RightLeg-Matrix-animation-input-array" count="32">

0.000000 0.033333 0.066667 0.100000 0.133333 0.166667 0.200000 0.233333 0.266667 0.300000 0.333333 0.366667 0.400000 0.433333 0.466667 0.500000
0.533333 0.566667 0.600000 0.633333 0.666667 0.700000 0.733333 0.766667 0.800000 0.833333 0.866667 0.900000 0.933333 0.966667 1.000000 1.033333</float_array>
        <technique_common>
          <accessor source="#mixamorig_RightLeg-Matrix-animation-input-array" count="32">
            <param name="TIME" type="float"/>
          </accessor>
        </technique_common>
      </source>
      <source id="mixamorig_RightLeg-Matrix-animation-output-transform">
        <float_array id="mixamorig_RightLeg-Matrix-animation-output-transform-array" count="512">

0.990618 0.008849 -0.136372 0.000000 0.044777 0.921796 0.385081 51.640099 0.129115 -0.387575 0.912751 -0.000000 0.000000 0.000000 0.000000 1.000000
0.988237 0.007363 -0.152755 0.000000 0.047903 0.933673 0.354907 51.640099 0.145236 -0.358050 0.922338 0.000000 0.000000 0.000000 0.000000 1.000000
0.985159 0.001171 -0.171643 0.000000 0.058897 0.936960 0.344436 51.640099 0.161226 -0.349434 0.922986 0.000000 0.000000 0.000000 0.000000 1.000000
0.980555 -0.009909 -0.195996 -0.000000 0.077344 0.937402 0.339552 51.640099 0.180362 -0.348108 0.919940 0.000000 0.000000 0.000000 0.000000 1.000000
0.976503 -0.020125 -0.214562 -0.000000 0.094856 0.934135 0.344085 51.640099 0.193505 -0.356352 0.914094 0.000000 0.000000 0.000000 0.000000 1.000000
0.972500 -0.025454 -0.231508 0.000000 0.113029 0.920688 0.373575 51.640099 0.203638 -0.389469 0.898246 0.000000 0.000000 0.000000 0.000000 1.000000
0.969772 -0.023340 -0.242896 0.000000 0.122960 0.906541 0.403813 51.640099 0.210770 -0.421473 0.882007 0.000000 0.000000 0.000000 0.000000 1.000000
0.967635 -0.011469 -0.252092 0.000000 0.125440 0.888668 0.441061 51.640099 0.218967 -0.458408 0.861345 -0.000000 0.000000 0.000000 0.000000 1.000000
0.965983 0.005439 -0.258547 0.000000 0.123450 0.868810 0.479510 51.640099 0.227236 -0.495116 0.838584 0.000000 0.000000 0.000000 0.000000 1.000000
0.970780 0.026853 -0.238464 0.000000 0.105523 0.844720 0.524702 51.640099 0.215525 -0.534534 0.817204 -0.000000 0.000000 0.000000 0.000000 1.000000
0.983587 0.042251 -0.175419 0.000000 0.070253 0.805806 0.587998 51.640099 0.166197 -0.590671 0.789612 0.000000 0.000000 0.000000 0.000000 1.000000
0.996580 0.043249 -0.070411 0.000000 0.014248 0.749394 0.661971 51.640099 0.081395 -0.660710 0.746215 0.000000 0.000000 0.000000 0.000000 1.000000
0.999171 0.040716 -0.000122 0.000000 -0.026319 0.648140 0.761066 51.640099 0.031066 -0.760432 0.648674 -0.000000 0.000000 0.000000 0.000000 1.000000
0.999118 0.032032 0.027139 0.000000 -0.040469 0.562802 0.825600 51.640099 0.011172 -0.825971 0.563603 0.000000 0.000000 0.000000 0.000000 1.000000
0.999152 0.018942 0.036557 0.000000 -0.041125 0.501920 0.863936 51.640099 -0.001984 -0.864707 0.502273 0.000000 0.000000 0.000000 0.000000 1.000000
0.998774 0.002100 0.049454 0.000000 -0.043663 0.508023 0.860236 51.640099 -0.023317 -0.861341 0.507492 0.000000 0.000000 0.000000 0.000000 1.000000
0.997857 -0.010485 0.064587 0.000000 -0.047097 0.570144 0.820193 51.640099 -0.045424 -0.821478 0.568429 0.000000 0.000000 0.000000 0.000000 1.000000
0.996918 -0.014073 0.077175 0.000000 -0.047547 0.674095 0.737113 51.640099 -0.062397 -0.738511 0.671348 0.000000 0.000000 0.000000 0.000000 1.000000
0.996822 -0.005777 0.079456 0.000000 -0.044266 0.789063 0.612715 51.640099 -0.066235 -0.614285 0.786300 0.000000 0.000000 0.000000 0.000000 1.000000
0.996975 0.009630 0.077125 0.000000 -0.044617 0.883425 0.466444 51.640099 -0.063642 -0.468474 0.881182 0.000000 0.000000 0.000000 0.000000 1.000000
0.997028 0.023223 0.073454 0.000000 -0.044959 0.949672 0.310003 51.640099 -0.062558 -0.312384 0.947894 -0.000000 0.000000 0.000000 0.000000 1.000000
0.998204 0.028177 0.052874 0.000000 -0.039114 0.974972 0.218858 51.640099 -0.045384 -0.220533 0.974323 -0.000000 0.000000 0.000000 0.000000 1.000000
0.999088 0.029386 0.030967 0.000000 -0.036289 0.966655 0.253498 51.640099 -0.022485 -0.254391 0.966840 0.000000 0.000000 0.000000 0.000000 1.000000
0.999370 0.029937 0.019081 0.000000 -0.034948 0.924129 0.380479 51.640099 -0.006243 -0.380906 0.924593 0.000000 0.000000 0.000000 0.000000 1.000000
0.999406 0.031178 0.014712 0.000000 -0.034414 0.877105 0.479065 51.640099 0.002033 -0.479286 0.877656 0.000000 0.000000 0.000000 0.000000 1.000000
0.999840 0.016833 0.006000 -0.000000 -0.017480 0.851451 0.524143 51.640099 0.003714 -0.524164 0.851609 -0.000000 0.000000 0.000000 0.000000 1.000000
0.999996 0.002670 -0.000208 0.000000 -0.002162 0.850535 0.525914 51.640099 0.001581 -0.525912 0.850538 0.000000 0.000000 0.000000 0.000000 1.000000
0.999967 0.004204 -0.006927 0.000000 0.000408 0.827667 0.561220 51.640099 0.008093 -0.561204 0.827638 0.000000 0.000000 0.000000 0.000000 1.000000
0.999500 0.008957 -0.030310 0.000000 0.009019 0.838295 0.545142 51.640099 0.030292 -0.545143 0.837795 0.000000 0.000000 0.000000 0.000000 1.000000
0.998252 0.009495 -0.058338 0.000000 0.021319 0.862728 0.505218 51.640099 0.055127 -0.505578 0.861018 0.000000 0.000000 0.000000 0.000000 1.000000
0.995391 0.009689 -0.095412 0.000000 0.034835 0.890403 0.453839 51.640099 0.089352 -0.455070 0.885961 0.000000 0.000000 0.000000 0.000000 1.000000
0.990618 0.008849 -0.136373 0.000000 0.044777 0.921796 0.385080 51.640099 0.129115 -0.387573 0.912752 -0.000000 0.000000 0.000000 0.000000 1.000000</float_array>
        <technique_common>
          <accessor source="#mixamorig_RightLeg-Matrix-animation-output-transform-array" count="32" stride="16">
            <param type="float4x4"/>
          </accessor>
        </technique_common>
      </source>
      <source id="mixamorig_RightLeg-Interpolations">
        <Name_array id="mixamorig_RightLeg-Interpolations-array" count="32">
 LINEAR LINEAR LINEAR LINEAR LINEAR LINEAR LINEAR LINEAR LINEAR LINEAR LINEAR
LINEAR LINEAR LINEAR LINEAR LINEAR LINEAR LINEAR LINEAR LINEAR LINEAR LINEAR LINEAR
LINEAR LINEAR LINEAR LINEAR LINEAR LINEAR LINEAR LINEAR LINEAR</Name_array>
        <technique_common>
          <accessor source="#mixamorig_RightLeg-Interpolations-array" count="32">
            <param type="name"/>
          </accessor>
        </technique_common>
      </source>
      <sampler id="mixamorig_RightLeg-Matrix-animation-transform">
        <input semantic="INPUT" source="#mixamorig_RightLeg-Matrix-animation-input"/>
        <input semantic="OUTPUT" source="#mixamorig_RightLeg-Matrix-animation-output-transform"/>
        <input semantic="INTERPOLATION" source="#mixamorig_RightLeg-Interpolations"/>
      </sampler>
      <channel source="#mixamorig_RightLeg-Matrix-animation-transform" target="mixamorig_RightLeg/matrix"/>
    </animation>
    <animation id="mixamorig_RightFoot-anim" name="mixamorig_RightFoot">
      <source id="mixamorig_RightFoot-Matrix-animation-input">
        <float_array id="mixamorig_RightFoot-Matrix-animation-input-array" count="32">

0.000000 0.033333 0.066667 0.100000 0.133333 0.166667 0.200000 0.233333 0.266667 0.300000 0.333333 0.366667 0.400000 0.433333 0.466667 0.500000
0.533333 0.566667 0.600000 0.633333 0.666667 0.700000 0.733333 0.766667 0.800000 0.833333 0.866667 0.900000 0.933333 0.966667 1.000000 1.033333</float_array>
        <technique_common>
          <accessor source="#mixamorig_RightFoot-Matrix-animation-input-array" count="32">
            <param name="TIME" type="float"/>
          </accessor>
        </technique_common>
      </source>
      <source id="mixamorig_RightFoot-Matrix-animation-output-transform">
        <float_array id="mixamorig_RightFoot-Matrix-animation-output-transform-array" count="512">

0.969079 0.241456 -0.050844 -0.000000 -0.141186 0.373598 -0.916783 44.299999 -0.202368 0.895613 0.396137 -0.000000 0.000000 0.000000 0.000000 1.000000
0.968228 0.242994 -0.059069 0.000000 -0.147719 0.365163 -0.919149 44.299999 -0.201778 0.898671 0.389456 0.000000 0.000000 0.000000 0.000000 1.000000
0.967365 0.244205 -0.067588 0.000000 -0.151477 0.343522 -0.926848 44.299999 -0.203123 0.906839 0.369302 0.000000 0.000000 0.000000 0.000000 1.000000
0.966219 0.245579 -0.078179 0.000000 -0.155247 0.312472 -0.937155 44.299999 -0.205717 0.917634 0.340042 -0.000000 0.000000 0.000000 0.000000 1.000000
0.965683 0.245166 -0.085734 0.000000 -0.155838 0.282870 -0.946414 44.299999 -0.207777 0.927296 0.311368 0.000000 0.000000 0.000000 0.000000 1.000000
0.965787 0.243466 -0.089330 0.000000 -0.155769 0.269193 -0.950406 44.299999 -0.207344 0.931804 0.297908 0.000000 0.000000 0.000000 0.000000 1.000000
0.965838 0.242173 -0.092242 0.000000 -0.160165 0.278018 -0.947129 44.299999 -0.203724 0.929547 0.307308 -0.000000 0.000000 0.000000 0.000000 1.000000
0.966306 0.241425 -0.089252 0.000000 -0.166273 0.320799 -0.932438 44.299999 -0.196483 0.915861 0.350132 0.000000 0.000000 0.000000 0.000000 1.000000
0.966308 0.243575 -0.083185 0.000000 -0.183470 0.425164 -0.886326 44.299999 -0.180519 0.871726 0.455528 0.000000 0.000000 0.000000 0.000000 1.000000
0.974280 0.221914 -0.039153 0.000000 -0.167980 0.599409 -0.782619 44.299999 -0.150206 0.769067 0.621269 0.000000 0.000000 0.000000 0.000000 1.000000
0.979545 0.200782 -0.013352 0.000000 -0.165467 0.765944 -0.621250 44.299999 -0.114509 0.610751 0.783499 0.000000 0.000000 0.000000 0.000000 1.000000
0.979314 0.201565 -0.017748 0.000000 -0.185339 0.858353 -0.478414 44.299999 -0.081198 0.471807 0.877955 -0.000000 0.000000 0.000000 0.000000 1.000000
0.969884 0.236674 -0.057529 0.000000 -0.235320 0.849601 -0.472020 44.299999 -0.062838 0.471343 0.879709 -0.000000 0.000000 0.000000 0.000000 1.000000
0.956313 0.273651 -0.102862 0.000000 -0.284038 0.786451 -0.548468 44.299999 -0.069193 0.553724 0.829821 0.000000 0.000000 0.000000 0.000000 1.000000
0.945942 0.293377 -0.138290 0.000000 -0.308057 0.679308 -0.666064 44.299999 -0.101466 0.672659 0.732963 -0.000000 0.000000 0.000000 0.000000 1.000000
0.944664 0.290789 -0.151830 -0.000000 -0.297954 0.566962 -0.767970 44.299999 -0.137235 0.770712 0.622230 0.000000 0.000000 0.000000 0.000000 1.000000
0.949086 0.280625 -0.143126 -0.000000 -0.267918 0.480082 -0.835309 44.299999 -0.165696 0.831127 0.530823 0.000000 0.000000 0.000000 0.000000 1.000000
0.954288 0.270107 -0.127968 0.000000 -0.239570 0.435240 -0.867855 44.299999 -0.178717 0.858841 0.480054 -0.000000 0.000000 0.000000 0.000000 1.000000
0.957100 0.264952 -0.117304 0.000000 -0.221112 0.406188 -0.886634 44.299999 -0.187268 0.874535 0.447347 0.000000 0.000000 0.000000 0.000000 1.000000
0.961558 0.255691 -0.100145 0.000000 -0.194602 0.377190 -0.905460 44.299999 -0.193744 0.890140 0.412448 0.000000 0.000000 0.000000 0.000000 1.000000
0.971080 0.232383 -0.054779 0.000000 -0.136980 0.354360 -0.925022 44.299999 -0.195548 0.905774 0.375944 0.000000 0.000000 0.000000 0.000000 1.000000
0.978418 0.206146 0.014186 -0.000000 -0.055710 0.329277 -0.942588 44.299999 -0.198982 0.921456 0.333655 0.000000 0.000000 0.000000 0.000000 1.000000
0.979785 0.191625 0.057460 0.000000 -0.004416 0.307872 -0.951418 44.299999 -0.200006 0.931931 0.302495 -0.000000 0.000000 0.000000 0.000000 1.000000
0.980489 0.191014 0.046429 -0.000000 -0.017885 0.321889 -0.946608 44.299999 -0.195761 0.927308 0.319025 0.000000 0.000000 0.000000 0.000000 1.000000
0.981756 0.186337 0.037871 0.000000 -0.048821 0.439513 -0.896908 44.299999 -0.183772 0.878696 0.440592 0.000000 0.000000 0.000000 0.000000 1.000000
0.981072 0.192232 0.023325 0.000000 -0.091318 0.565503 -0.819675 44.299999 -0.170759 0.802031 0.572353 0.000000 0.000000 0.000000 0.000000 1.000000
0.979002 0.203640 0.009217 0.000000 -0.120271 0.613528 -0.780461 44.299999 -0.164588 0.762964 0.625137 0.000000 0.000000 0.000000 0.000000 1.000000
0.975396 0.220062 -0.013198 0.000000 -0.135518 0.551292 -0.823233 44.299999 -0.173887 0.804767 0.567551 0.000000 0.000000 0.000000 0.000000 1.000000
0.973402 0.227632 -0.025913 0.000000 -0.137293 0.489038 -0.861390 44.299999 -0.183407 0.842037 0.507283 -0.000000 0.000000 0.000000 0.000000 1.000000
0.972370 0.231261 -0.031846 0.000000 -0.133507 0.438993 -0.888516 44.299999 -0.191499 0.868219 0.457738 0.000000 0.000000 0.000000 0.000000 1.000000
0.970582 0.237076 -0.042015 -0.000000 -0.136784 0.399329 -0.906546 44.299999 -0.198143 0.885625 0.420010 0.000000 0.000000 0.000000 0.000000 1.000000
0.969079 0.241456 -0.050843 0.000000 -0.141186 0.373599 -0.916783 44.299999 -0.202368 0.895613 0.396137 0.000000 0.000000 0.000000 0.000000 1.000000</float_array>
        <technique_common>
          <accessor source="#mixamorig_RightFoot-Matrix-animation-output-transform-array" count="32" stride="16">
            <param type="float4x4"/>
          </accessor>
        </technique_common>
      </source>
      <source id="mixamorig_RightFoot-Interpolations">
        <Name_array id="mixamorig_RightFoot-Interpolations-array" count="32">
 LINEAR LINEAR LINEAR LINEAR LINEAR LINEAR LINEAR LINEAR LINEAR LINEAR LINEAR
LINEAR LINEAR LINEAR LINEAR LINEAR LINEAR LINEAR LINEAR LINEAR LINEAR LINEAR LINEAR
LINEAR LINEAR LINEAR LINEAR LINEAR LINEAR LINEAR LINEAR LINEAR</Name_array>
        <technique_common>
          <accessor source="#mixamorig_RightFoot-Interpolations-array" count="32">
            <param type="name"/>
          </accessor>
        </technique_common>
      </source>
      <sampler id="mixamorig_RightFoot-Matrix-animation-transform">
        <input semantic="INPUT" source="#mixamorig_RightFoot-Matrix-animation-input"/>
        <input semantic="OUTPUT" source="#mixamorig_RightFoot-Matrix-animation-output-transform"/>
        <input semantic="INTERPOLATION" source="#mixamorig_RightFoot-Interpolations"/>
      </sampler>
      <channel source="#mixamorig_RightFoot-Matrix-animation-transform" target="mixamorig_RightFoot/matrix"/>
    </animation>
    <animation id="mixamorig_RightToeBase-anim" name="mixamorig_RightToeBase">
      <source id="mixamorig_RightToeBase-Matrix-animation-input">
        <float_array id="mixamorig_RightToeBase-Matrix-animation-input-array" count="32">

0.000000 0.033333 0.066667 0.100000 0.133333 0.166667 0.200000 0.233333 0.266667 0.300000 0.333333 0.366667 0.400000 0.433333 0.466667 0.500000
0.533333 0.566667 0.600000 0.633333 0.666667 0.700000 0.733333 0.766667 0.800000 0.833333 0.866667 0.900000 0.933333 0.966667 1.000000 1.033333</float_array>
        <technique_common>
          <accessor source="#mixamorig_RightToeBase-Matrix-animation-input-array" count="32">
            <param name="TIME" type="float"/>
          </accessor>
        </technique_common>
      </source>
      <source id="mixamorig_RightToeBase-Matrix-animation-output-transform">
        <float_array id="mixamorig_RightToeBase-Matrix-animation-output-transform-array" count="512">

0.991923 0.007641 0.126610 0.000000 0.076906 0.757548 -0.648234 20.500000 -0.100866 0.652735 0.750841 0.000000 0.000000 0.000000 0.000000 1.000000
0.992124 0.008472 0.124971 0.000000 0.075732 0.754125 -0.652350 20.500000 -0.099770 0.656676 0.747544 -0.000000 0.000000 0.000000 0.000000 1.000000
0.992016 0.010581 0.125664 0.000000 0.074820 0.752762 -0.654027 20.500000 -0.101515 0.658207 0.745961 -0.000000 0.000000 0.000000 0.000000 1.000000
0.991581 0.015271 0.128584 0.000000 0.074318 0.746063 -0.661715 20.500000 -0.106037 0.665700 0.738647 0.000000 0.000000 0.000000 0.000000 1.000000
0.990715 0.026430 0.133359 0.000000 0.073646 0.720201 -0.689845 20.500000 -0.114278 0.693262 0.711568 0.000000 0.000000 0.000000 0.000000 1.000000
0.989594 0.040521 0.138062 -0.000000 0.076340 0.665475 -0.742506 20.500000 -0.121964 0.745320 0.655457 0.000000 0.000000 0.000000 0.000000 1.000000
0.986802 0.057176 0.151501 0.000000 0.088241 0.594606 -0.799160 20.500000 -0.135776 0.801982 0.581713 0.000000 0.000000 0.000000 0.000000 1.000000
0.981796 0.086791 0.168951 -0.000000 0.106747 0.483608 -0.868751 20.500000 -0.157106 0.870971 0.465539 0.000000 0.000000 0.000000 0.000000 1.000000
0.973233 0.129748 0.189695 0.000000 0.144498 0.296387 -0.944074 20.500000 -0.178714 0.946214 0.269705 0.000000 0.000000 0.000000 0.000000 1.000000
0.968685 0.157762 0.191729 0.000000 0.173096 0.124517 -0.977002 20.500000 -0.178008 0.979595 0.093309 0.000000 0.000000 0.000000 0.000000 1.000000
0.964004 0.135189 0.228954 0.000000 0.207617 0.155221 -0.965817 20.500000 -0.166107 0.978586 0.121566 -0.000000 0.000000 0.000000 0.000000 1.000000
0.948568 0.082715 0.305576 0.000000 0.268521 0.301032 -0.915028 20.500000 -0.167675 0.950020 0.263339 0.000000 0.000000 0.000000 0.000000 1.000000
0.978215 0.046673 0.202277 -0.000000 0.138979 0.576573 -0.805139 20.500000 -0.154206 0.815711 0.557527 0.000000 0.000000 0.000000 0.000000 1.000000
0.987228 0.050944 0.150949 0.000000 0.075857 0.682883 -0.726578 20.500000 -0.140096 0.728749 0.670297 -0.000000 0.000000 0.000000 0.000000 1.000000
0.971226 0.063072 0.229655 0.000000 0.116393 0.715582 -0.688763 20.500000 -0.207779 0.695675 0.687651 0.000000 0.000000 0.000000 0.000000 1.000000
0.957088 0.073694 0.280269 0.000000 0.141135 0.726151 -0.672893 20.500000 -0.253106 0.683574 0.684590 0.000000 0.000000 0.000000 0.000000 1.000000
0.973079 0.060141 0.222487 0.000000 0.109125 0.730056 -0.674619 20.500000 -0.203000 0.680736 0.703839 0.000000 0.000000 0.000000 0.000000 1.000000
0.985786 0.046125 0.161552 0.000000 0.076759 0.731703 -0.677288 20.500000 -0.149448 0.680061 0.717762 -0.000000 0.000000 0.000000 0.000000 1.000000
0.984267 0.049152 0.169715 0.000000 0.086950 0.701429 -0.707416 20.500000 -0.153814 0.711043 0.686119 0.000000 0.000000 0.000000 0.000000 1.000000
0.986102 0.036546 0.162070 -0.000000 0.092164 0.691316 -0.716651 20.500000 -0.138233 0.721628 0.678340 0.000000 0.000000 0.000000 0.000000 1.000000
0.988045 0.043665 0.147851 0.000000 0.080027 0.674440 -0.733980 20.500000 -0.131766 0.737038 0.662882 0.000000 0.000000 0.000000 0.000000 1.000000
0.984611 0.040137 0.170091 -0.000000 0.103499 0.650310 -0.752585 20.500000 -0.140819 0.758608 0.636148 0.000000 0.000000 0.000000 0.000000 1.000000
0.989022 0.018590 0.146595 -0.000000 0.097057 0.666338 -0.739306 20.500000 -0.111426 0.745418 0.657219 0.000000 0.000000 0.000000 0.000000 1.000000
0.989596 0.021508 0.142254 0.000000 0.100738 0.602334 -0.791862 20.500000 -0.102716 0.797955 0.593901 0.000000 0.000000 0.000000 0.000000 1.000000
0.985751 0.042840 0.162665 0.000000 0.112575 0.550527 -0.827192 20.500000 -0.124989 0.833717 0.537860 0.000000 0.000000 0.000000 0.000000 1.000000
0.988636 0.019616 0.149041 0.000000 0.094352 0.690871 -0.716795 20.500000 -0.117029 0.722712 0.681170 0.000000 0.000000 0.000000 0.000000 1.000000
0.992595 0.002140 0.121455 -0.000000 0.074184 0.781060 -0.620034 20.500000 -0.096190 0.624453 0.775117 0.000000 0.000000 0.000000 0.000000 1.000000
0.991854 0.008317 0.127108 0.000000 0.078350 0.746939 -0.660260 20.500000 -0.100434 0.664840 0.740203 -0.000000 0.000000 0.000000 0.000000 1.000000
0.991842 0.008492 0.127190 0.000000 0.077579 0.751507 -0.655148 20.500000 -0.101147 0.659670 0.744718 0.000000 0.000000 0.000000 0.000000 1.000000
0.991932 0.007794 0.126534 0.000000 0.076518 0.758984 -0.646597 20.500000 -0.101077 0.651063 0.752264 0.000000 0.000000 0.000000 0.000000 1.000000
0.991930 0.007742 0.126548 -0.000000 0.076588 0.758851 -0.646746 20.500000 -0.101038 0.651219 0.752134 0.000000 0.000000 0.000000 0.000000 1.000000
0.991923 0.007641 0.126610 0.000000 0.076906 0.757548 -0.648234 20.500000 -0.100866 0.652735 0.750841 -0.000000 0.000000 0.000000 0.000000 1.000000</float_array>
        <technique_common>
          <accessor source="#mixamorig_RightToeBase-Matrix-animation-output-transform-array" count="32" stride="16">
            <param type="float4x4"/>
          </accessor>
        </technique_common>
      </source>
      <source id="mixamorig_RightToeBase-Interpolations">
        <Name_array id="mixamorig_RightToeBase-Interpolations-array" count="32">
 LINEAR LINEAR LINEAR LINEAR LINEAR LINEAR LINEAR LINEAR LINEAR LINEAR LINEAR
LINEAR LINEAR LINEAR LINEAR LINEAR LINEAR LINEAR LINEAR LINEAR LINEAR LINEAR LINEAR
LINEAR LINEAR LINEAR LINEAR LINEAR LINEAR LINEAR LINEAR LINEAR</Name_array>
        <technique_common>
          <accessor source="#mixamorig_RightToeBase-Interpolations-array" count="32">
            <param type="name"/>
          </accessor>
        </technique_common>
      </source>
      <sampler id="mixamorig_RightToeBase-Matrix-animation-transform">
        <input semantic="INPUT" source="#mixamorig_RightToeBase-Matrix-animation-input"/>
        <input semantic="OUTPUT" source="#mixamorig_RightToeBase-Matrix-animation-output-transform"/>
        <input semantic="INTERPOLATION" source="#mixamorig_RightToeBase-Interpolations"/>
      </sampler>
      <channel source="#mixamorig_RightToeBase-Matrix-animation-transform" target="mixamorig_RightToeBase/matrix"/>
    </animation>
  </library_animations>
  <library_visual_scenes>
    <visual_scene id="RootNode" name="RootNode">
      <node id="mixamorig_Hips" name="mixamorig_Hips" sid="mixamorig_Hips" type="JOINT">
        <matrix sid="matrix">0.998486 0.028239 0.047204 -0.130845 -0.027427 0.999466 -0.017766 112.366791 -0.047681 0.016444 0.998727 -1.872166 0.000000 0.000000 0.000000 1.000000</matrix>
        <node id="mixamorig_Spine" name="mixamorig_Spine" sid="mixamorig_Spine" type="JOINT">
          <matrix sid="matrix">0.999965 -0.006316 0.005420 0.001100 0.005906 0.997341 0.072630 10.871700 -0.005864 -0.072596 0.997344 -0.828500 0.000000 0.000000 0.000000 1.000000</matrix>
          <node id="mixamorig_Spine1" name="mixamorig_Spine1" sid="mixamorig_Spine1" type="JOINT">
            <matrix sid="matrix">0.999889 -0.009565 0.011392 0.000000 0.009642 0.999931 -0.006715 12.720400 -0.011327 0.006824 0.999913 0.000000 0.000000 0.000000 0.000000 1.000000</matrix>
            <node id="mixamorig_Spine2" name="mixamorig_Spine2" sid="mixamorig_Spine2" type="JOINT">
              <matrix sid="matrix">0.999888 -0.008845 0.012108 0.000000 0.009817 0.996528 -0.082674 14.537600 -0.011334 0.082784 0.996503 0.000000 0.000000 0.000000 0.000000 1.000000</matrix>
              <node id="mixamorig_Neck" name="mixamorig_Neck" sid="mixamorig_Neck" type="JOINT">
                <matrix sid="matrix">0.999746 0.021083 -0.007958 0.002900 -0.021083 0.999778 0.000075 16.307600 0.007958 0.000093 0.999968 -1.242700 0.000000 0.000000 0.000000 1.000000</matrix>
                <node id="mixamorig_Head" name="mixamorig_Head" sid="mixamorig_Head" type="JOINT">
                  <matrix sid="matrix">0.998050 -0.033250 -0.052817 0.000000 0.030730 0.998383 -0.047823 11.176700 0.054322 0.046107 0.997458 5.134500 0.000000 0.000000 0.000000 1.000000</matrix>
                  <node id="mixamorig_HeadTop_End" name="mixamorig_HeadTop_End" sid="mixamorig_HeadTop_End" type="JOINT">
                    <matrix sid="matrix">1.000000 0.000000 -0.000000 -0.000000 -0.000000 1.000000 0.000000 19.355301 0.000000 -0.000000 1.000000 1.980900 0.000000 0.000000 0.000000 1.000000</matrix>
                  </node>
                  <node id="mixamorig_LeftEye" name="mixamorig_LeftEye" sid="mixamorig_LeftEye" type="JOINT">
                    <matrix sid="matrix">0.000000 1.000000 0.000000 3.004400 -0.000000 0.000000 -1.000000 7.218800 -1.000000 0.000000 0.000000 7.998900 0.000000 0.000000 0.000000 1.000000</matrix>
                  </node>
                  <node id="mixamorig_RightEye" name="mixamorig_RightEye" sid="mixamorig_RightEye" type="JOINT">
                    <matrix sid="matrix">0.000000 -1.000000 -0.000000 -3.044400 0.000000 0.000000 -1.000000 7.218800 1.000000 0.000000 -0.000000 7.998900 0.000000 0.000000 0.000000 1.000000</matrix>
                  </node>
                </node>
              </node>
              <node id="mixamorig_LeftShoulder" name="mixamorig_LeftShoulder" sid="mixamorig_LeftShoulder" type="JOINT">
                <matrix sid="matrix">0.259140 0.866279 -0.427091 5.906100 0.007954 -0.444096 -0.895944 14.347000 -0.965807 0.228778 -0.121974 -1.216000 0.000000 0.000000 0.000000 1.000000</matrix>
                <node id="mixamorig_LeftArm" name="mixamorig_LeftArm" sid="mixamorig_LeftArm" type="JOINT">
                  <matrix sid="matrix">0.987527 -0.008178 -0.157235 0.000000 -0.098012 0.749630 -0.654559 12.440700 0.123221 0.661806 0.739479 0.000000 0.000000 0.000000 0.000000 1.000000</matrix>
                  <node id="mixamorig_LeftForeArm" name="mixamorig_LeftForeArm" sid="mixamorig_LeftForeArm" type="JOINT">
                    <matrix sid="matrix">0.806390 -0.473152 0.354771 0.000000 0.529019 0.845278 -0.075123 27.894699 -0.264335 0.248259 0.931930 0.000000 0.000000 0.000000 0.000000 1.000000</matrix>
                    <node id="mixamorig_LeftHand" name="mixamorig_LeftHand" sid="mixamorig_LeftHand" type="JOINT">
                      <matrix sid="matrix">0.931568 -0.223818 0.286506 0.000100 0.156725 0.958283 0.239019 28.325500 -0.328051 -0.177760 0.927784 0.000000 0.000000 0.000000 0.000000 1.000000</matrix>
                      <node id="mixamorig_LeftHandThumb1" name="mixamorig_LeftHandThumb1" sid="mixamorig_LeftHandThumb1" type="JOINT">
                        <matrix sid="matrix">0.925550 -0.365703 0.098071 -2.444000 0.360116 0.770271 -0.526306 3.245300 0.116931 0.522440 0.844621 0.952300 0.000000 0.000000 0.000000 1.000000</matrix>
                        <node id="mixamorig_LeftHandThumb2" name="mixamorig_LeftHandThumb2" sid="mixamorig_LeftHandThumb2" type="JOINT">
                          <matrix sid="matrix">0.991570 0.129575 -0.000351 0.000000 -0.129564 0.991519 0.010145 3.338200 0.001663 -0.010014 0.999948 0.000000 0.000000 0.000000 0.000000 1.000000</matrix>
                          <node id="mixamorig_LeftHandThumb3" name="mixamorig_LeftHandThumb3" sid="mixamorig_LeftHandThumb3" type="JOINT">
                            <matrix sid="matrix">1.000000 0.000000 -0.000000 0.000000 -0.000000 1.000000 0.000000 3.745800 0.000000 -0.000000 1.000000 0.000000 0.000000 0.000000 0.000000 1.000000</matrix>
                            <node id="mixamorig_LeftHandThumb4" name="mixamorig_LeftHandThumb4" sid="mixamorig_LeftHandThumb4" type="JOINT">
                              <matrix sid="matrix">1.000000 -0.000000 0.000000 -0.000000 0.000000 1.000000 -0.000000 2.991800 -0.000000 0.000000 1.000000 0.000000 0.000000 0.000000 0.000000 1.000000</matrix>
                            </node>
                          </node>
                        </node>
                      </node>
                      <node id="mixamorig_LeftHandIndex1" name="mixamorig_LeftHandIndex1" sid="mixamorig_LeftHandIndex1" type="JOINT">
                        <matrix sid="matrix">0.997443 -0.066416 0.026385 -2.441100 0.066523 0.727964 -0.682380 9.644800 0.026114 0.682391 0.730521 0.286500 0.000000 0.000000 0.000000 1.000000</matrix>
                        <node id="mixamorig_LeftHandIndex2" name="mixamorig_LeftHandIndex2" sid="mixamorig_LeftHandIndex2" type="JOINT">
                          <matrix sid="matrix">0.992552 -0.107341 0.057615 0.000000 0.071808 0.133448 -0.988451 3.105700 0.098412 0.985226 0.140162 0.000000 0.000000 0.000000 0.000000 1.000000</matrix>
                          <node id="mixamorig_LeftHandIndex3" name="mixamorig_LeftHandIndex3" sid="mixamorig_LeftHandIndex3" type="JOINT">
                            <matrix sid="matrix">1.000000 -0.000000 0.000000 -0.000000 0.000000 1.000000 0.000000 2.847700 -0.000000 -0.000000 1.000000 0.000000 0.000000 0.000000 0.000000 1.000000</matrix>
                            <node id="mixamorig_LeftHandIndex4" name="mixamorig_LeftHandIndex4" sid="mixamorig_LeftHandIndex4" type="JOINT">
                              <matrix sid="matrix">1.000000 -0.000000 0.000000 0.000000 0.000000 1.000000 0.000000 2.381400 0.000000 -0.000000 1.000000 0.000000 0.000000 0.000000 0.000000 1.000000</matrix>
                            </node>
                          </node>
                        </node>
                      </node>
                      <node id="mixamorig_LeftHandMiddle1" name="mixamorig_LeftHandMiddle1" sid="mixamorig_LeftHandMiddle1" type="JOINT">
                        <matrix sid="matrix">0.985794 -0.166070 0.025105 -0.000000 0.097240 0.442445 -0.891508 9.898600 0.136945 0.881285 0.452308 0.000000 0.000000 0.000000 0.000000 1.000000</matrix>
                        <node id="mixamorig_LeftHandMiddle2" name="mixamorig_LeftHandMiddle2" sid="mixamorig_LeftHandMiddle2" type="JOINT">
                          <matrix sid="matrix">0.987075 -0.108862 0.117610 0.000000 0.091563 -0.219207 -0.971372 3.757000 0.131526 0.969586 -0.206406 -0.000000 0.000000 0.000000 0.000000 1.000000</matrix>
                          <node id="mixamorig_LeftHandMiddle3" name="mixamorig_LeftHandMiddle3" sid="mixamorig_LeftHandMiddle3" type="JOINT">
                            <matrix sid="matrix">1.000000 -0.000000 -0.000000 0.000000 0.000000 1.000000 -0.000000 3.615200 0.000000 0.000000 1.000000 0.000000 0.000000 0.000000 0.000000 1.000000</matrix>
                            <node id="mixamorig_LeftHandMiddle4" name="mixamorig_LeftHandMiddle4" sid="mixamorig_LeftHandMiddle4" type="JOINT">
                              <matrix sid="matrix">1.000000 -0.000000 -0.000000 -0.000000 0.000000 1.000000 0.000000 3.111700 0.000000 0.000000 1.000000 0.000000 0.000000 0.000000 0.000000 1.000000</matrix>
                            </node>
                          </node>
                        </node>
                      </node>
                      <node id="mixamorig_LeftHandRing1" name="mixamorig_LeftHandRing1" sid="mixamorig_LeftHandRing1" type="JOINT">
                        <matrix sid="matrix">0.978254 -0.154398 -0.138496 2.664400 -0.059164 0.432272 -0.899800 8.985900 0.198795 0.888427 0.413737 0.175200 0.000000 0.000000 0.000000 1.000000</matrix>
                        <node id="mixamorig_LeftHandRing2" name="mixamorig_LeftHandRing2" sid="mixamorig_LeftHandRing2" type="JOINT">
                          <matrix sid="matrix">0.994229 -0.055251 0.091956 0.000000 0.074197 -0.264942 -0.961405 3.488800 0.077482 0.962680 -0.259314 0.000000 0.000000 0.000000 0.000000 1.000000</matrix>
                          <node id="mixamorig_LeftHandRing3" name="mixamorig_LeftHandRing3" sid="mixamorig_LeftHandRing3" type="JOINT">
                            <matrix sid="matrix">1.000000 0.000000 -0.000000 0.000000 -0.000000 1.000000 0.000000 3.511900 0.000000 -0.000000 1.000000 0.000000 0.000000 0.000000 0.000000 1.000000</matrix>
                            <node id="mixamorig_LeftHandRing4" name="mixamorig_LeftHandRing4" sid="mixamorig_LeftHandRing4" type="JOINT">
                              <matrix sid="matrix">1.000000 0.000000 -0.000000 0.000000 0.000000 1.000000 -0.000000 3.128700 -0.000000 -0.000000 1.000000 0.000000 0.000000 0.000000 0.000000 1.000000</matrix>
                            </node>
                          </node>
                        </node>
                      </node>
                      <node id="mixamorig_LeftHandPinky1" name="mixamorig_LeftHandPinky1" sid="mixamorig_LeftHandPinky1" type="JOINT">
                        <matrix sid="matrix">0.956994 -0.212915 -0.197055 4.366700 -0.134656 0.275642 -0.951782 7.803100 0.256965 0.937384 0.235118 0.191700 0.000000 0.000000 0.000000 1.000000</matrix>
                        <node id="mixamorig_LeftHandPinky2" name="mixamorig_LeftHandPinky2" sid="mixamorig_LeftHandPinky2" type="JOINT">
                          <matrix sid="matrix">0.993662 -0.019224 0.110751 -0.000000 0.108095 -0.106874 -0.988379 3.218900 0.030837 0.994087 -0.104118 -0.000000 0.000000 0.000000 0.000000 1.000000</matrix>
                          <node id="mixamorig_LeftHandPinky3" name="mixamorig_LeftHandPinky3" sid="mixamorig_LeftHandPinky3" type="JOINT">
                            <matrix sid="matrix">1.000000 -0.000000 0.000000 0.000000 0.000000 1.000000 0.000000 2.622400 0.000000 -0.000000 1.000000 0.000000 0.000000 0.000000 0.000000 1.000000</matrix>
                            <node id="mixamorig_LeftHandPinky4" name="mixamorig_LeftHandPinky4" sid="mixamorig_LeftHandPinky4" type="JOINT">
                              <matrix sid="matrix">1.000000 0.000000 0.000000 -0.000000 0.000000 1.000000 0.000000 2.220100 0.000000 -0.000000 1.000000 0.000000 0.000000 0.000000 0.000000 1.000000</matrix>
                            </node>
                          </node>
                        </node>
                      </node>
                    </node>
                  </node>
                </node>
              </node>
              <node id="mixamorig_RightShoulder" name="mixamorig_RightShoulder" sid="mixamorig_RightShoulder" type="JOINT">
                <matrix sid="matrix">0.133228 -0.880941 0.454085 -5.940400 -0.023193 -0.460815 -0.887193 14.347000 0.990814 0.107668 -0.081826 -1.216000 0.000000 0.000000 0.000000 1.000000</matrix>
                <node id="mixamorig_RightArm" name="mixamorig_RightArm" sid="mixamorig_RightArm" type="JOINT">
                  <matrix sid="matrix">0.942760 -0.199935 0.266888 0.000000 0.330432 0.667889 -0.666888 12.440700 -0.044917 0.716904 0.695724 0.000000 0.000000 0.000000 0.000000 1.000000</matrix>
                  <node id="mixamorig_RightForeArm" name="mixamorig_RightForeArm" sid="mixamorig_RightForeArm" type="JOINT">
                    <matrix sid="matrix">0.888800 0.365968 -0.275866 0.000000 -0.419798 0.891611 -0.169705 27.894699 0.183858 0.266641 0.946096 0.000000 0.000000 0.000000 0.000000 1.000000</matrix>
                    <node id="mixamorig_RightHand" name="mixamorig_RightHand" sid="mixamorig_RightHand" type="JOINT">
                      <matrix sid="matrix">0.923167 0.103066 -0.370325 -0.000000 -0.059914 0.990191 0.126226 28.325500 0.379702 -0.094340 0.920286 0.000000 0.000000 0.000000 0.000000 1.000000</matrix>
                      <node id="mixamorig_RightHandThumb1" name="mixamorig_RightHandThumb1" sid="mixamorig_RightHandThumb1" type="JOINT">
                        <matrix sid="matrix">0.913799 0.403913 -0.042724 2.443900 -0.392460 0.850969 -0.349036 3.245300 -0.104624 0.335717 0.936135 0.952200 0.000000 0.000000 0.000000 1.000000</matrix>
                        <node id="mixamorig_RightHandThumb2" name="mixamorig_RightHandThumb2" sid="mixamorig_RightHandThumb2" type="JOINT">
                          <matrix sid="matrix">0.896651 -0.284637 -0.339114 -0.000000 0.200879 0.944121 -0.261309 3.338200 0.394543 0.166183 0.903725 0.000000 0.000000 0.000000 0.000000 1.000000</matrix>
                          <node id="mixamorig_RightHandThumb3" name="mixamorig_RightHandThumb3" sid="mixamorig_RightHandThumb3" type="JOINT">
                            <matrix sid="matrix">1.000000 0.000000 0.000000 -0.000000 -0.000000 1.000000 0.000000 3.745800 -0.000000 -0.000000 1.000000 -0.000000 0.000000 0.000000 0.000000 1.000000</matrix>
                            <node id="mixamorig_RightHandThumb4" name="mixamorig_RightHandThumb4" sid="mixamorig_RightHandThumb4" type="JOINT">
                              <matrix sid="matrix">1.000000 0.000000 0.000000 -0.000000 -0.000000 1.000000 -0.000000 2.991800 0.000000 0.000000 1.000000 -0.000000 0.000000 0.000000 0.000000 1.000000</matrix>
                            </node>
                          </node>
                        </node>
                      </node>
                      <node id="mixamorig_RightHandIndex1" name="mixamorig_RightHandIndex1" sid="mixamorig_RightHandIndex1" type="JOINT">
                        <matrix sid="matrix">0.998909 0.009429 0.045729 2.441000 0.021921 0.770053 -0.637603 9.644800 -0.041226 0.637910 0.769007 0.286400 0.000000 0.000000 0.000000 1.000000</matrix>
                        <node id="mixamorig_RightHandIndex2" name="mixamorig_RightHandIndex2" sid="mixamorig_RightHandIndex2" type="JOINT">
                          <matrix sid="matrix">0.996309 0.085376 0.008941 0.000000 -0.025108 0.389419 -0.920719 3.105700 -0.082089 0.917096 0.390125 -0.000000 0.000000 0.000000 0.000000 1.000000</matrix>
                          <node id="mixamorig_RightHandIndex3" name="mixamorig_RightHandIndex3" sid="mixamorig_RightHandIndex3" type="JOINT">
                            <matrix sid="matrix">1.000000 0.000000 -0.000000 -0.000000 -0.000000 1.000000 -0.000000 2.847700 -0.000000 0.000000 1.000000 0.000000 0.000000 0.000000 0.000000 1.000000</matrix>
                            <node id="mixamorig_RightHandIndex4" name="mixamorig_RightHandIndex4" sid="mixamorig_RightHandIndex4" type="JOINT">
                              <matrix sid="matrix">1.000000 0.000000 0.000000 0.000000 0.000000 1.000000 0.000000 2.381400 0.000000 0.000000 1.000000 0.000000 0.000000 0.000000 0.000000 1.000000</matrix>
                            </node>
                          </node>
                        </node>
                      </node>
                      <node id="mixamorig_RightHandMiddle1" name="mixamorig_RightHandMiddle1" sid="mixamorig_RightHandMiddle1" type="JOINT">
                        <matrix sid="matrix">0.996345 0.055939 0.064555 -0.000100 0.012260 0.654264 -0.756167 9.898600 -0.084536 0.754195 0.651187 0.000000 0.000000 0.000000 0.000000 1.000000</matrix>
                        <node id="mixamorig_RightHandMiddle2" name="mixamorig_RightHandMiddle2" sid="mixamorig_RightHandMiddle2" type="JOINT">
                          <matrix sid="matrix">0.993640 0.112588 0.001885 0.000000 -0.030776 0.287637 -0.957245 3.757000 -0.108317 0.951099 0.289272 0.000000 0.000000 0.000000 0.000000 1.000000</matrix>
                          <node id="mixamorig_RightHandMiddle3" name="mixamorig_RightHandMiddle3" sid="mixamorig_RightHandMiddle3" type="JOINT">
                            <matrix sid="matrix">1.000000 0.000000 -0.000000 0.000000 -0.000000 1.000000 0.000000 3.615200 0.000000 -0.000000 1.000000 0.000000 0.000000 0.000000 0.000000 1.000000</matrix>
                            <node id="mixamorig_RightHandMiddle4" name="mixamorig_RightHandMiddle4" sid="mixamorig_RightHandMiddle4" type="JOINT">
                              <matrix sid="matrix">1.000000 0.000000 0.000000 0.000000 0.000000 1.000000 -0.000000 3.111700 0.000000 -0.000000 1.000000 0.000000 0.000000 0.000000 0.000000 1.000000</matrix>
                            </node>
                          </node>
                        </node>
                      </node>
                      <node id="mixamorig_RightHandRing1" name="mixamorig_RightHandRing1" sid="mixamorig_RightHandRing1" type="JOINT">
                        <matrix sid="matrix">0.996967 0.077683 -0.004632 -2.664500 -0.055279 0.665025 -0.744772 8.985900 -0.054775 0.742769 0.667303 0.175200 0.000000 0.000000 0.000000 1.000000</matrix>
                        <node id="mixamorig_RightHandRing2" name="mixamorig_RightHandRing2" sid="mixamorig_RightHandRing2" type="JOINT">
                          <matrix sid="matrix">0.992417 0.068103 -0.102328 -0.000000 -0.112142 0.160758 -0.980602 3.488800 -0.050332 0.984641 0.167176 0.000000 0.000000 0.000000 0.000000 1.000000</matrix>
                          <node id="mixamorig_RightHandRing3" name="mixamorig_RightHandRing3" sid="mixamorig_RightHandRing3" type="JOINT">
                            <matrix sid="matrix">1.000000 -0.000000 0.000000 0.000000 0.000000 1.000000 -0.000000 3.511900 0.000000 0.000000 1.000000 -0.000000 0.000000 0.000000 0.000000 1.000000</matrix>
                            <node id="mixamorig_RightHandRing4" name="mixamorig_RightHandRing4" sid="mixamorig_RightHandRing4" type="JOINT">
                              <matrix sid="matrix">1.000000 0.000000 -0.000000 0.000000 -0.000000 1.000000 0.000000 3.128700 0.000000 -0.000000 1.000000 -0.000000 0.000000 0.000000 0.000000 1.000000</matrix>
                            </node>
                          </node>
                        </node>
                      </node>
                      <node id="mixamorig_RightHandPinky1" name="mixamorig_RightHandPinky1" sid="mixamorig_RightHandPinky1" type="JOINT">
                        <matrix sid="matrix">0.992123 0.118954 -0.039265 -4.366800 -0.112388 0.706829 -0.698399 7.803100 -0.055324 0.697311 0.714631 0.191600 0.000000 0.000000 0.000000 1.000000</matrix>
                        <node id="mixamorig_RightHandPinky2" name="mixamorig_RightHandPinky2" sid="mixamorig_RightHandPinky2" type="JOINT">
                          <matrix sid="matrix">0.982067 0.063709 -0.177443 0.000000 -0.180409 0.044247 -0.982596 3.218900 -0.054749 0.996987 0.054947 0.000000 0.000000 0.000000 0.000000 1.000000</matrix>
                          <node id="mixamorig_RightHandPinky3" name="mixamorig_RightHandPinky3" sid="mixamorig_RightHandPinky3" type="JOINT">
                            <matrix sid="matrix">1.000000 0.000000 -0.000000 0.000000 -0.000000 1.000000 0.000000 2.622400 0.000000 -0.000000 1.000000 0.000000 0.000000 0.000000 0.000000 1.000000</matrix>
                            <node id="mixamorig_RightHandPinky4" name="mixamorig_RightHandPinky4" sid="mixamorig_RightHandPinky4" type="JOINT">
                              <matrix sid="matrix">1.000000 0.000000 0.000000 -0.000000 -0.000000 1.000000 0.000000 2.220100 0.000000 0.000000 1.000000 0.000000 0.000000 0.000000 0.000000 1.000000</matrix>
                            </node>
                          </node>
                        </node>
                      </node>
                    </node>
                  </node>
                </node>
              </node>
            </node>
          </node>
        </node>
        <node id="mixamorig_LeftUpLeg" name="mixamorig_LeftUpLeg" sid="mixamorig_LeftUpLeg" type="JOINT">
          <matrix sid="matrix">-0.987848 0.112778 0.106941 12.499900 -0.061125 -0.914548 0.399832 -6.038900 0.142895 0.388437 0.910328 1.644900 0.000000 0.000000 0.000000 1.000000</matrix>
          <node id="mixamorig_LeftLeg" name="mixamorig_LeftLeg" sid="mixamorig_LeftLeg" type="JOINT">
            <matrix sid="matrix">0.999772 -0.014481 0.015676 0.000000 -0.009015 0.379192 0.925274 51.639999 -0.019343 -0.925205 0.378975 0.000000 0.000000 0.000000 0.000000 1.000000</matrix>
            <node id="mixamorig_LeftFoot" name="mixamorig_LeftFoot" sid="mixamorig_LeftFoot" type="JOINT">
              <matrix sid="matrix">0.979600 -0.196195 -0.043481 0.000000 0.056898 0.478310 -0.876346 44.299999 0.192733 0.855995 0.479716 -0.000000 0.000000 0.000000 0.000000 1.000000</matrix>
              <node id="mixamorig_LeftToeBase" name="mixamorig_LeftToeBase" sid="mixamorig_LeftToeBase" type="JOINT">
                <matrix sid="matrix">0.994447 0.038348 -0.098008 -0.000000 -0.092038 0.768526 -0.633164 20.500000 0.051041 0.638668 0.767788 -0.000000 0.000000 0.000000 0.000000 1.000000</matrix>
                <node id="mixamorig_LeftToe_End" name="mixamorig_LeftToe_End" sid="mixamorig_LeftToe_End" type="JOINT">
                  <matrix sid="matrix">1.000000 -0.000000 -0.000000 -0.000000 0.000000 1.000000 0.000000 8.174200 -0.000000 -0.000000 1.000000 -0.000000 0.000000 0.000000 0.000000 1.000000</matrix>
                </node>
              </node>
            </node>
          </node>
        </node>
        <node id="mixamorig_RightUpLeg" name="mixamorig_RightUpLeg" sid="mixamorig_RightUpLeg" type="JOINT">
          <matrix sid="matrix">-0.986903 0.052833 -0.152418 -12.499900 -0.080409 -0.980214 0.180873 -6.038800 -0.139846 0.190760 0.971624 1.644900 0.000000 0.000000 0.000000 1.000000</matrix>
          <node id="mixamorig_RightLeg" name="mixamorig_RightLeg" sid="mixamorig_RightLeg" type="JOINT">
            <matrix sid="matrix">0.990618 0.008849 -0.136372 0.000000 0.044777 0.921796 0.385081 51.640099 0.129115 -0.387575 0.912751 -0.000000 0.000000 0.000000 0.000000 1.000000</matrix>
            <node id="mixamorig_RightFoot" name="mixamorig_RightFoot" sid="mixamorig_RightFoot" type="JOINT">
              <matrix sid="matrix">0.969079 0.241456 -0.050844 -0.000000 -0.141186 0.373598 -0.916783 44.299999 -0.202368 0.895613 0.396137 -0.000000 0.000000 0.000000 0.000000 1.000000</matrix>
              <node id="mixamorig_RightToeBase" name="mixamorig_RightToeBase" sid="mixamorig_RightToeBase" type="JOINT">
                <matrix sid="matrix">0.991923 0.007641 0.126610 0.000000 0.076906 0.757548 -0.648234 20.500000 -0.100866 0.652735 0.750841 0.000000 0.000000 0.000000 0.000000 1.000000</matrix>
                <node id="mixamorig_RightToe_End" name="mixamorig_RightToe_End" sid="mixamorig_RightToe_End" type="JOINT">
                  <matrix sid="matrix">1.000000 0.000000 -0.000000 0.000000 -0.000000 1.000000 0.000000 8.174200 0.000000 0.000000 1.000000 -0.000000 0.000000 0.000000 0.000000 1.000000</matrix>
                </node>
              </node>
            </node>
          </node>
        </node>
      </node>
    </visual_scene>
  </library_visual_scenes>
  <scene>
    <instance_visual_scene url="#RootNode"/>
  </scene>
</COLLADA>
